-3.95310321262	-61.0	59.3867427889	-0.00348253897391	0.00222682696767	0.00074144062819
-4.17448873563	-61.0	59.2488255424	-0.00359278614633	0.00217281351797	0.000641579274088
-3.74227038595	-61.0	59.2177081648	-0.00333293084987	0.00220566149801	0.000645326217636
-3.76422728592	-61.0	58.9319989311	-0.00330616254359	0.00213345978409	0.00046620235662
-4.21739607980	-61.0	58.9606655276	-0.00357583700679	0.00210068956949	0.000459976523416
-3.96779142134	-61.0	58.8255435461	-0.00341120758094	0.00209000008181	0.000390828354284
3.21073742775	-61.0	53.5441003448	0.000875069061294	0.00103303813376	-0.00233484921046
2.92351936595	-61.0	53.5348857403	0.000727316131815	0.0010310068028	-0.00233441591263
3.14801663765	-61.0	53.9683487991	0.000863739696797	0.00112150749192	-0.00212917197496
2.81673623570	-61.0	53.7627548355	0.00068218697561	0.00107851228677	-0.00222333380952
2.94309175885	-61.0	53.9353846124	0.000755614077207	0.00111481710337	-0.0021417781245
3.23796829909	-61.0	53.7782661250	0.000900666229427	0.00108160637319	-0.0022227561567
-2.92079185469	-61.0	50.5118956162	-0.00215020752512	0.00034856525599	-0.00379889667965
-3.15112900955	-61.0	50.3795137677	-0.00225230841897	0.00031902914634	-0.00386726250872
-3.11352824751	-61.0	50.1172002375	-0.00222224625759	0.000271495373454	-0.00398350181058
-2.70652665758	-61.0	50.1798995920	-0.00203480990604	0.000291473174002	-0.00394032662734
-2.75287809900	-61.0	50.3895497086	-0.00206561712548	0.000329356436851	-0.00384785723872
-2.91529833200	-61.0	50.0711159196	-0.00212765182368	0.000267160328804	-0.00399659993127
4.57598730426	-61.0	60.2877817379	0.0022511978168	0.00249877665192	0.00134776032064
5.13106319531	-61.0	60.2735275306	0.00256947265007	0.00245386222377	0.00129679928068
4.74059859650	-61.0	60.0844017539	0.00232033897191	0.00244144024327	0.00120442465413
5.02180573491	-61.0	60.5312090716	0.00254127150401	0.00251645641401	0.0014730078401
4.60790068337	-61.0	60.5581920837	0.00230482290499	0.00255543505773	0.001523974468
4.94901928278	-61.0	60.1392915667	0.00244751572609	0.00243822764605	0.00122484355234
4.80984533039	-61.0	60.6506153283	0.00243452051654	0.00255859363824	0.00156943651382
-6.59720930727	-61.0	57.1463896744	-0.00460481690243	0.00153259723447	-0.000773716485128
-6.52703584986	-61.0	56.8857509069	-0.00452988967299	0.00148327299394	-0.000907380133867
-6.65434630572	-61.0	56.7059134225	-0.00456903036684	0.00143929978367	-0.00101529899985
-6.81917100027	-61.0	57.2582257684	-0.004736403469	0.0015421648277	-0.000735285400879
-7.06256589801	-61.0	56.8929801118	-0.00480524264276	0.00145407230593	-0.000956323288847
-6.86846158898	-61.0	56.7504683165	-0.00468498282135	0.00143631070387	-0.00101236416958
-7.04169196530	-61.0	57.1552336500	-0.00483478419483	0.00150809274055	-0.000813979306258
-3.04998619249	-61.0	62.2695917040	-0.00330657046288	0.00302868732251	0.00286601018161
-2.91390680094	-61.0	62.0185986673	-0.00318718934432	0.00299907126464	0.00267860805616
-2.70624347130	-61.0	62.5102628053	-0.00309368921444	0.00313885812648	0.00309485732578
-2.49236981028	-61.0	62.3604971584	-0.00292822881602	0.00314839743078	0.00299106934108
-2.62298451327	-61.0	61.9354096986	-0.00297841452993	0.00303168734536	0.00263431621715
-2.45160157310	-61.0	62.1358973142	-0.00287811481394	0.00310786650516	0.00280925119296
-2.8935693439	-61.0	62.4315582047	-0.00321662821807	0.00308918277733	0.00301188486628
3.04173007007	-61.0	48.5535937737	0.000627473229542	8.02260547061e-05	-0.00459835119545
3.29690427334	-61.0	48.4727581242	0.000740171934012	6.86480052536e-05	-0.00463778665289
3.42045028813	-61.0	48.9031630011	0.00080624158727	0.000146189486259	-0.00445210793987
2.99453987533	-61.0	48.7754123750	0.000610823044553	0.000119078060379	-0.00450075417757
3.46268707319	-61.0	48.7360229418	0.000820977555122	0.000116898969281	-0.00452601723373
3.19667688138	-61.0	48.8987263644	0.000704932957888	0.000143142038723	-0.00445000035688
7.89252602717	-61.0	55.3185900738	0.00339223118499	0.0013505127281	-0.00169281312265
8.16813563291	-61.0	54.9274007610	0.00348219787702	0.00127346464433	-0.00190960732289
7.68405185654	-61.0	55.2138944916	0.00327657605521	0.0013329643989	-0.00172774598468
8.09140052302	-61.0	55.2375675307	0.00348100927658	0.00133284030017	-0.00175001914613
7.65124754961	-61.0	54.9676264211	0.00323215173557	0.00128622481134	-0.00184712617192
7.87634393073	-61.0	54.8395888929	0.00332865631208	0.00125961343292	-0.00192821514793
0.443727025131	-61.0	59.3590652449	-0.000536233303137	0.0025182608515	0.00079336122144
0.049671661995	-61.0	59.6934859646	-0.00082175974967	0.00262892968021	0.00100563163869
0.190990695719	-61.0	59.9004606111	-0.000717330141924	0.00270057329908	0.00114410195965
0.643009137011	-61.0	59.4954855537	-0.00039049712359	0.00256042997353	0.00088233302813
0.207224895382	-61.0	59.4691926134	-0.000705684826244	0.00255492050201	0.000861381355207
0.450643575066	-61.0	59.9262906807	-0.000522538030054	0.00270792841911	0.00116381223779
0.668278150737	-61.0	59.7412692323	-0.00036554702092	0.00264116073959	0.00104260048829
1.91897680289	-61.0	64.3477307158	0.000790756661445	0.00356974103488	0.00472071254626
1.52944558408	-61.0	64.2069231474	0.000468252139399	0.00360627030022	0.00465633347631
2.05506773205	-61.0	64.1384133673	0.000897089135833	0.00353406509385	0.00453036278486
1.69338267437	-61.0	64.3284240938	0.000605729292147	0.00359562714584	0.00473614223301
1.83509044170	-61.0	63.9263446017	0.000717864371836	0.00354443164542	0.00438469741493
1.57341088785	-61.0	63.9838123154	0.000503599119838	0.00358403800055	0.00446440419182
-3.67790392166	-61.0	54.4082928296	-0.00276557612233	0.00110050558578	-0.00199945364147
-3.72497700652	-61.0	54.7936284873	-0.00282252044417	0.00118065543938	-0.00180975208059
-3.46316668163	-61.0	54.9102074061	-0.00269433995709	0.00121592904907	-0.00174018170219
-3.21082182787	-61.0	54.7642565255	-0.00254888506606	0.00119379721582	-0.00180344667751
-3.31757774618	-61.0	54.5339178845	-0.00258738338016	0.00114027992822	-0.00192230078392
-3.46694870874	-61.0	54.3927560850	-0.00265455269255	0.00110484508332	-0.0019982017111
-3.73972104030	-61.0	54.5877179076	-0.00281265797094	0.00113619794138	-0.00191318604629
-5.73631327159	-61.0	61.1014807868	-0.00478748511523	0.00242479564622	0.00169355643447
-5.51096489452	-61.0	60.9278522550	-0.00462951837108	0.0024123089388	0.00160876265727
-5.64984483301	-61.0	60.6294643830	-0.00465888250619	0.00233605434187	0.00139422074426
-6.11445018168	-61.0	60.7631426628	-0.00494376802817	0.00231871102005	0.00141839263961
-5.99107700122	-61.0	61.0163699661	-0.00491794431582	0.00238199718297	0.00160079554189
-5.99014441991	-61.0	60.5514008391	-0.00483746593818	0.00228703534231	0.00129929010291
6.44538168598	-61.0	52.5684044120	0.00241171591915	0.000836789025925	-0.0029158743564
5.97722537417	-61.0	52.7892648098	0.00220347894356	0.000879149476532	-0.00278755323961
6.53254020276	-61.0	53.0692128189	0.00249546882696	0.000931322341785	-0.00268635200337
6.63540923887	-61.0	52.8279039942	0.002524551237	0.000885448011104	-0.0028057442978
6.13571127134	-61.0	52.5480251081	0.00226126331836	0.000833128753584	-0.00290844379924
6.30431334907	-61.0	53.0544604604	0.00238355435431	0.000929111498408	-0.00268031936139
6.11197570459	-61.0	52.9977706524	0.00228545907885	0.000918754609302	-0.00269661052153
-0.89509026604	-61.0	45.6076708227	-0.00108994776383	-0.000469512917334	-0.00588625203818
-1.25031492607	-61.0	45.9370608060	-0.00124962162226	-0.000420860858867	-0.00575290294364
-1.01475189028	-61.0	45.3478724274	-0.00113552517723	-0.000513034523465	-0.00600034277886
-1.26801760091	-61.0	45.3253931733	-0.00124293833505	-0.000520082947332	-0.0060159759596
-1.42895357712	-61.0	45.7915602085	-0.00132292939816	-0.000447076454293	-0.00581991719082
-1.39867966705	-61.0	45.5415783730	-0.00130385858938	-0.000487116514705	-0.00592650333419
-1.00387053894	-61.0	45.8367169918	-0.00114142301027	-0.00043379428098	-0.00579028809443
7.21176841630	-61.0	60.4427540293	0.00374619057402	0.00236417888664	0.00117904774379
6.99974269840	-61.0	60.1970347017	0.00359442597255	0.00232717883773	0.00105750188231
7.58760405582	-61.0	60.1392465456	0.00390193262137	0.00228929729201	0.000949220033363
7.45200952603	-61.0	60.3849599234	0.00386702339165	0.00234195962548	0.0011128744809
7.21496976000	-61.0	60.0109046111	0.00368258915842	0.00228107091971	0.000920093967579
7.45514029616	-61.0	59.9844740887	0.00380735518411	0.00226540397853	0.000874859688338
-0.140543092177	-61.0	52.1214178933	-0.00085084507009	0.000713933026418	-0.00299565377645
0.382137711644	-61.0	52.0710780285	-0.000589925039094	0.000711400120053	-0.00301367463544
-0.121318752242	-61.0	51.8042923088	-0.000837635714561	0.000650798087008	-0.00314178271219
0.352595230517	-61.0	51.7981387329	-0.00060355727328	0.000656469142996	-0.0031397594139
0.16723224991	-61.0	52.2428165851	-0.000698124407791	0.000743027252611	-0.00293600745499
0.141996798144	-61.0	51.6554686705	-0.000706492806785	0.000625227112323	-0.00320719811134
4.34046820149	-61.0	57.0282008682	0.00173262320459	0.00177288416307	-0.000589183764532
4.05017041567	-61.0	57.2489247785	0.00159272551537	0.00183149834629	-0.000458928756416
4.03282022130	-61.0	56.6532085514	0.00152659660671	0.0016968754353	-0.00078285660129
4.30528164628	-61.0	56.7216362247	0.00168318743818	0.00170544360299	-0.000754255626816
3.86356627846	-61.0	56.8436035847	0.00144980521873	0.00174418149982	-0.00067567412043
3.86259968353	-61.0	57.0767239392	0.0014707375085	0.00179758574814	-0.000548636016902
6.10146783961	-61.0	63.5371361730	0.00356697989628	0.00299286097288	0.00333525519818
5.93143516414	-61.0	63.7724630629	0.00349514791742	0.00304421666078	0.00352677656338
6.00910435774	-61.0	63.1336899290	0.00345840491354	0.00293190754019	0.00308320741169
5.75564939330	-61.0	63.2078841338	0.00331705901772	0.00296430033632	0.00317990942858
5.67528252236	-61.0	63.6803343367	0.00332744931802	0.00304932077415	0.00351637671702
5.59442834167	-61.0	63.4289368628	0.00324745173566	0.00301460619085	0.00336076179519
6.17716358041	-61.0	63.2939000404	0.00357949431054	0.00294664618559	0.00315866153687
-5.51980030886	-61.0	48.5915274951	-0.00323681184091	-4.85718883283e-05	-0.00477873208001
-5.32809290152	-61.0	48.4447553967	-0.00314212753437	-6.97375289747e-05	-0.00483175832778
-5.76930257671	-61.0	48.2108950022	-0.00332450820133	-0.000117936899187	-0.00496066780761
-5.70467292615	-61.0	48.4688105012	-0.00331181008369	-7.31343752705e-05	-0.00484378729016
-5.49007073941	-61.0	48.2107385863	-0.00320032774471	-0.00011255278514	-0.00494374567643
-0.407625858402	-61.0	54.3715126504	-0.00102285121102	0.00118482275866	-0.00192872597836
-0.102562725451	-61.0	54.3800594013	-0.000857931794599	0.00119186704978	-0.00192086899187
0.0594612115019	-61.0	54.1866218771	-0.000768581754528	0.00115145195741	-0.00201370427385
-0.526533552362	-61.0	54.0110221975	-0.00107954593841	0.0011032090988	-0.0021061389707
-0.293201593047	-61.0	53.8695826626	-0.000952956674155	0.00107652484439	-0.00217145658098
-0.0539458457074	-61.0	53.9578961189	-0.000827013340313	0.00109959999099	-0.00212595541961
7.75283361504	-61.0	49.6811178456	0.00279939803295	0.000320145190926	-0.00430261949077
7.42595912860	-61.0	49.9825241322	0.00267326994799	0.000370413996279	-0.00414722738788
7.81891807937	-61.0	50.1969589677	0.00286715780385	0.00041090612649	-0.00407931022346
7.91246467074	-61.0	49.9452387088	0.0028906383086	0.000367507105693	-0.00419747503474
7.47055134791	-61.0	49.7581857279	0.00267768767662	0.000331367802573	-0.00424928963184
7.54619714103	-61.0	50.1855735862	0.00274243415333	0.000407012674259	-0.00406536180526
-1.56233113089	-61.0	56.8020022301	-0.0017691727262	0.00173125648871	-0.000702293007635
-1.40890702061	-61.0	57.3022241614	-0.0017066616565	0.00186614901759	-0.000427330523962
-1.89875839148	-61.0	57.1847214609	-0.00199620029889	0.00181472848635	-0.000499728485011
-1.6934997585	-61.0	57.3950748400	-0.0018869577907	0.00187851872761	-0.000380024925107
-1.82797970089	-61.0	56.9159200271	-0.00193465745542	0.00174948258791	-0.000645355845336
-1.37988972789	-61.0	56.9507989063	-0.00166857161094	0.00177587207872	-0.000619013910182
-2.51256671080	-61.0	65.5991888195	-0.00310223922133	0.00356703787111	0.00561565952376
-2.36408006876	-61.0	65.1520790729	-0.00296727754176	0.00354083161801	0.00529957935214
-2.11161193996	-61.0	65.5308656986	-0.00276789581403	0.00360214500688	0.00563465524465
-2.31393469481	-61.0	65.6571588987	-0.00294015253894	0.00359303527512	0.00569591391832
-2.13323992738	-61.0	65.2577823273	-0.00278018321842	0.00357690057717	0.00542114768177
-2.52111800947	-61.0	65.3513922928	-0.00310064852238	0.0035415426828	0.00542494887486
-9.68789517054	-61.0	55.6451689105	-0.00590556580573	0.00108163035475	-0.00190405512694
-9.89270805944	-61.0	56.0564504834	-0.00606928160414	0.00114775518887	-0.00173165509477
-9.44897003995	-61.0	55.9897240344	-0.00584459071979	0.00115652440581	-0.00170365406666
-9.62750207662	-61.0	56.1712858293	-0.00596001837403	0.00118169770576	-0.00163831980899
-9.45615792941	-61.0	55.7404599765	-0.00580900721252	0.00110992335249	-0.00182703614701
-9.87229038542	-61.0	55.8155488041	-0.00602073362097	0.00110441190191	-0.00184621417429
0.0034128352135	-61.0	49.5099831350	-0.000753602711484	0.00021519389702	-0.00417463295162
0.402835035115	-61.0	49.6121040026	-0.000569217780139	0.000239604443777	-0.00412519508973
0.0739203061563	-61.0	49.2482738163	-0.000718434923328	0.000168481419678	-0.00428951252252
0.31263014712	-61.0	49.2088133691	-0.000608335365541	0.000164701181347	-0.00430436851457
0.186207690772	-61.0	49.7931909673	-0.000671231711749	0.000269958254648	-0.00404688343406
0.403034818875	-61.0	49.4098842133	-0.000567981041968	0.000202552764677	-0.0042147282511
-9.52772369985	-61.0	58.9768212673	-0.0064253709279	0.00171401887201	-0.000178749949555
-9.16840652202	-61.0	58.6499976646	-0.00617767358199	0.00167350668926	-0.000293161428999
-9.29490108616	-61.0	59.0613518360	-0.00632315548137	0.00174417044036	-9.2255679192e-05
-9.62502297066	-61.0	58.7098736016	-0.0064214700833	0.00165776652284	-0.000338474172167
-9.12671764747	-61.0	58.9006845619	-0.00620523374528	0.00172386679333	-0.000150729814777
-9.39346520242	-61.0	58.5473323992	-0.00627202214673	0.00164060399402	-0.000385455787182
-4.97875618062	-61.0	64.6894591141	-0.00486037041992	0.0031664732378	0.00438117980957
-5.22040578668	-61.0	64.5273313563	-0.00500084972009	0.00311395991594	0.00420456007123
-4.85107886962	-61.0	64.1874665057	-0.00471023330465	0.0031001905445	0.00404292205349
-4.70784115365	-61.0	64.4007269444	-0.00464074034244	0.00315133738331	0.00423308974132
-5.09568149180	-61.0	64.2393238980	-0.00487864343449	0.00308045768179	0.00402496987954
-4.79722747426	-61.0	64.5891290480	-0.00472430698574	0.00317081063986	0.00435130344704
10.4356536079	-61.0	56.4240099454	0.00479323556647	0.00152765982784	-0.00141178444028
10.1753471312	-61.0	56.8680593987	0.00473028095439	0.00161099049728	-0.001156588085
10.1712203314	-61.0	56.3402352136	0.00465091131628	0.00151498313062	-0.00142014725134
10.0080924922	-61.0	56.5292181818	0.00459774816409	0.00155112589709	-0.00130578794051
10.3440828700	-61.0	56.8114082699	0.00480541726574	0.00159876281396	-0.00120681105182
10.4770899809	-61.0	56.6445701515	0.0048462501727	0.00156715384219	-0.00130749528762
10.0608147452	-61.0	56.7278431265	0.00465278699994	0.00158678099979	-0.00121265603229
8.91571211495	-61.0	52.2157755786	0.00354828918353	0.000773865845986	-0.00325659313239
9.16771275909	-61.0	51.8044618509	0.00362510769628	0.00070173892891	-0.0034663095139
8.89361597863	-61.0	51.7204432628	0.00348997721449	0.000685747014359	-0.00348036666401
8.76361577664	-61.0	51.9886601461	0.00345518509857	0.000732936663553	-0.00334727019072
9.19640711149	-61.0	52.1662972814	0.00367432110943	0.000765851989854	-0.00330418511294
9.24105586033	-61.0	51.9889134527	0.00367733207531	0.000734602799639	-0.00338910380378
1.25944579780	-61.0	56.8560618633	-6.39112404315e-05	0.0017928465968	-0.000646178552415
1.04933730847	-61.0	56.9024997289	-0.00018942533643	0.00180541456211	-0.000622058752924
1.03323084029	-61.0	57.1388511637	-0.00019340228755	0.00186688441318	-0.000494240957778
1.19441027292	-61.0	57.1918859923	-9.30935275392e-05	0.00188004330266	-0.000464545068098
1.33997105572	-61.0	57.0526396247	-8.88505746843e-06	0.001842841506	-0.000539751141332
0.664250578368	-61.0	47.2510916349	-0.000437289010733	-0.000175058201421	-0.00515577569604
1.19250111316	-61.0	47.3772867210	-0.000205404343433	-0.000146622100146	-0.00509838620201
0.935969246979	-61.0	46.8703908363	-0.000316039018799	-0.000236217223573	-0.00531839113683
1.20825861110	-61.0	47.0478684646	-0.00019780472212	-0.000202679613722	-0.00524068018422
0.878116612344	-61.0	47.3822002026	-0.000343893101672	-0.000149814601173	-0.00509762391448
0.682691285712	-61.0	47.0190264367	-0.000427603255957	-0.000214324943954	-0.00525591196492
7.73198730735	-61.0	57.7111290747	0.00361949461512	0.0018151961267	-0.00043893684051
7.50757771432	-61.0	57.7735422589	0.0035122781992	0.00183344446123	-0.000383336329833
7.47539548181	-61.0	57.2891617986	0.00342990178615	0.0017393543385	-0.000641408900265
7.75891021421	-61.0	57.3273399870	0.00358052644879	0.00173995399382	-0.000647394277621
7.39305545271	-61.0	57.5793455734	0.00342647498474	0.00179846293759	-0.00047792980331
7.82575329386	-61.0	57.5182801868	0.00364095531404	0.00177537696436	-0.00055189296836
-7.90050030193	-61.0	61.5325918540	-0.00608110008761	0.00231436081231	0.0015961927129
-7.92730823665	-61.0	61.7696383924	-0.00614398391917	0.00235720723867	0.00173716747668
-8.06270188962	-61.0	61.3592722846	-0.0061354781501	0.00226859422401	0.0014576415997
-8.26790489713	-61.0	61.4136960181	-0.00625933567062	0.00226315134205	0.00144934956916
-8.13732110495	-61.0	61.8387712924	-0.00627513881773	0.00235361210071	0.00173582276329
-8.31394792249	-61.0	61.6604118291	-0.00633595744148	0.00230630976148	0.00158941978589
-3.53991721044	-61.0	46.7975503712	-0.00226967479102	-0.000314125820296	-0.00545859709382
-3.15199844805	-61.0	47.0653617150	-0.00211062724702	-0.000263308727881	-0.00532664079219
-3.09059267979	-61.0	46.7876421965	-0.00207317015156	-0.000308521848638	-0.00544445076957
-3.34961678081	-61.0	46.7348447582	-0.0021841423586	-0.000321408762829	-0.00547770736739
-3.54695552788	-61.0	46.9839117254	-0.00228043319657	-0.00028336676769	-0.00537822442129
-3.38418971307	-61.0	47.1549909192	-0.00221608625725	-0.000252159807133	-0.00529720867053
5.00267889754	-61.0	47.4845496618	0.00146558787674	-8.57542545418e-05	-0.00511136790738
5.22773489278	-61.0	47.5829800111	0.00156710972078	-6.66245032335e-05	-0.00507743563503
5.40725980532	-61.0	47.1465315723	0.00162953417748	-0.000139683310408	-0.00527243269607
5.00898841990	-61.0	47.2527839894	0.00146074744407	-0.000125430931803	-0.00521134957671
5.42590733155	-61.0	47.4001000727	0.00164669111837	-9.6085081168e-05	-0.00516418367624
5.16491361298	-61.0	47.1399382848	0.00152459763922	-0.000143186131027	-0.00526565453038
4.63852124759	-61.0	50.5685529603	0.00142719387077	0.000458280846942	-0.00374742341228
4.94019681426	-61.0	50.8018000835	0.00157996942289	0.000503082817886	-0.00365342618898
4.41542304341	-61.0	50.8718443370	0.00133703136817	0.000513174629305	-0.00360400974751
4.60687553553	-61.0	51.0787538976	0.00143747974653	0.000552837736905	-0.00351683190092
4.87429945533	-61.0	51.0710331045	0.00156330026221	0.000552707875613	-0.00352966040373
4.84413239035	-61.0	50.6223273312	0.00152581138536	0.000469431193778	-0.00373047357425
4.46613946382	-61.0	50.6835888297	0.00135200947989	0.000478484871564	-0.00369023927487
-4.88314613718	-61.0	51.4053019476	-0.00313152885064	0.000467670324724	-0.00348387565464
-5.45809519356	-61.0	51.4756242003	-0.00340880453587	0.000464892043965	-0.00348542048596
-5.45918323455	-61.0	51.2352908262	-0.00339071871713	0.00042056950042	-0.00359520432539
-4.98010049527	-61.0	51.1354256108	-0.00315797165968	0.00041499992949	-0.0036124472972
-5.20789952109	-61.0	51.0634317224	-0.00325986626558	0.00039574567927	-0.00365830212831
-5.30066012040	-61.0	51.5953961717	-0.00334366923198	0.000491544196848	-0.00342096155509
-5.08900013858	-61.0	51.5440676652	-0.00323937670328	0.000487906683702	-0.0034320182167
-8.34038120840	-61.0	50.3674027017	-0.00464594969526	0.000191089769942	-0.00420166505501
-8.51340915522	-61.0	50.5762365246	-0.0047440379858	0.000222330447286	-0.00412414781749
-8.97109089665	-61.0	50.1887180774	-0.00491493567824	0.000145545243868	-0.0043382034637
-8.83867883499	-61.0	50.0087416780	-0.00483837118372	0.000118524374557	-0.00440548313782
-8.77722047924	-61.0	50.5660156198	-0.0048629976809	0.000213904801058	-0.00415279762819
-8.37777852218	-61.0	50.0844362250	-0.00463714776561	0.000142154545756	-0.00433053448796
-8.90702758791	-61.0	50.3955871155	-0.00490558473393	0.000181859111763	-0.00424056546763
-8.62575719084	-61.0	49.9202504655	-0.00473428377882	0.000108658874524	-0.00442521413788
0.781612068816	-61.0	66.0834139536	-0.000178769128979	0.00375505583361	0.00619986653328
0.662390728056	-61.0	66.5078085908	-0.000281038839603	0.00378615176305	0.00651838490739
1.02668096997	-61.0	66.0551396740	4.10559223383e-05	0.00374530768022	0.0061570382677
1.19801027496	-61.0	66.2558011066	0.000197257424588	0.00375234545209	0.00628572562709
0.684752650815	-61.0	66.2882306806	-0.000263951835223	0.00377024803311	0.00635719439015
1.12175170138	-61.0	66.4762823126	0.000133971247124	0.00377204734832	0.00645469827577
0.8928111338	-61.0	66.5823328656	-7.01579119777e-05	0.00378709915094	0.00655408902094
3.51205989909	-61.0	65.6522010486	0.00206952216104	0.00352823035792	0.00540626933798
3.09488149364	-61.0	65.6782391034	0.001755642239	0.00356857152656	0.00552295939997
3.13054130799	-61.0	66.2116841946	0.00182032620069	0.00362619175576	0.00590220466256
2.95809047275	-61.0	65.9113969282	0.00166362593882	0.00360599416308	0.00572441192344
3.57825834545	-61.0	65.9579700523	0.00214401469566	0.00355982431211	0.00561068439856
3.39173916418	-61.0	66.1248190405	0.00201655877754	0.00359536404721	0.00577672570944
3.28783377778	-61.0	65.6339056153	0.00189994089305	0.003546213964	0.00544613134116
9.31804828749	-61.0	60.0267683137	0.00479800766334	0.00220745801926	0.00063738564495
9.94222671640	-61.0	60.1516246617	0.00514549575746	0.0022136666812	0.000606669811532
9.90387627244	-61.0	59.9071960032	0.00508295465261	0.00217030080967	0.00047880288912
9.47119078876	-61.0	59.8133866336	0.00484191300347	0.0021641748026	0.000495230429806
9.70249641381	-61.0	59.7998796526	0.00495989248157	0.00215572700836	0.000451927247923
9.45608077563	-61.0	60.2094552976	0.00490131461993	0.00223693228327	0.000717705814168
9.68183622793	-61.0	60.2175371094	0.00502091832459	0.00223224982619	0.000685799925122
3.42066977212	-61.0	61.8971371191	0.00173820822965	0.00297314347699	0.00256483955309
3.07961150239	-61.0	62.3433346158	0.00155677727889	0.00311281089671	0.00293954717927
3.35732994379	-61.0	62.3515528024	0.00174083944876	0.0030739705544	0.0029182981234
3.16621729231	-61.0	61.9367684784	0.00157714798115	0.00301650236361	0.00261566322297
3.54071635027	-61.0	62.1172993205	0.00183719641063	0.00300246756524	0.00272053084336
3.01346604417	-61.0	62.1039469954	0.00149179145228	0.00307403551415	0.00275750295259
-0.796261145305	-61.0	63.0424001913	-0.00160575681366	0.00355233857408	0.003699014429
-0.246283470101	-61.0	63.2792698428	-0.00111460266635	0.00362531514838	0.00393026648089
-0.719373200614	-61.0	63.3764614575	-0.00154358358122	0.0036028388422	0.00400364166126
-0.406881008646	-61.0	63.4634983555	-0.0012626593234	0.00363651360385	0.00409321207553
-0.32448563014	-61.0	63.0585995520	-0.00118327513337	0.00359351257794	0.00372819509357
-0.563618430484	-61.0	62.9837615753	-0.00139763811603	0.00356625788845	0.00365423061885
2.13076830008	-61.0	51.4407138582	0.000264362606686	0.000605782668572	-0.00330264330842
2.21082677249	-61.0	51.2155871726	0.000298265105812	0.000562893401366	-0.00340573047288
2.53563356840	-61.0	51.4584555085	0.00046116480371	0.00061254168395	-0.00329842884094
2.30772801289	-61.0	51.5621392884	0.00035315004061	0.000630913011264	-0.00324870785698
2.43453410367	-61.0	51.2317747559	0.000406459235819	0.000567933137063	-0.00340048363432
5.21330442145	-61.0	55.1964484154	0.00202422891743	0.00136191933416	-0.00158307270613
5.26104933561	-61.0	54.6563423372	0.00200073909946	0.00125074153766	-0.00185518711805
4.98531933789	-61.0	55.0992271739	0.00189738848712	0.00134479813278	-0.0016224674182
5.04141157296	-61.0	54.6808384915	0.00189041602425	0.00125795253552	-0.00183376483619
5.34645218175	-61.0	55.0470521830	0.00207928195596	0.00132947601378	-0.0016642077826
4.94872714869	-61.0	54.8863741023	0.001860082848	0.00130118965171	-0.00172772328369
5.33075526390	-61.0	54.8431187099	0.00205280305818	0.00128801271785	-0.00176548119634
-9.93852564947	-61.0	52.1705867484	-0.00556337414309	0.000454811844975	-0.00355115090497
-9.44987953793	-61.0	52.4135758940	-0.00536550860852	0.000511943828315	-0.00338906794786
-9.61114056240	-61.0	52.1828935923	-0.00541380979121	0.000466992059955	-0.00351052475162
-9.90382241057	-61.0	52.7213484922	-0.0056118904613	0.000550485565327	-0.00329838437028
-10.0009755522	-61.0	52.4485870904	-0.00562451314181	0.000500400492456	-0.0034326328896
-9.51562943244	-61.0	52.6553339708	-0.00542396213859	0.00055187207181	-0.00328610814177
-9.64418328157	-61.0	52.8242376902	-0.00550362793729	0.000577025464736	-0.00322301406413
9.59925209094	-61.0	54.3509978815	0.00410801218823	0.00115762045607	-0.002324140165
9.47319086020	-61.0	54.7549445964	0.00409710407257	0.00123163615353	-0.00211741612293
9.19167050244	-61.0	54.4867753444	0.00392814353108	0.00118419132195	-0.00221805647016
9.39936060890	-61.0	54.3141331388	0.00400744890794	0.00115172762889	-0.00232137273997
9.64491105980	-61.0	54.5431933082	0.00415364187211	0.00119226041716	-0.0022370510269
9.23070650275	-61.0	54.7072866343	0.00397383235395	0.00122435449157	-0.00211573345587
9.23242940867	-61.0	62.8954119815	0.00526136998087	0.00272369058803	0.00230656936765
9.05329787880	-61.0	63.0521384720	0.00519033521414	0.00275702611543	0.00243691750802
8.80379065691	-61.0	62.9753688538	0.00503661017865	0.00275271572173	0.00244259741157
8.74927048973	-61.0	62.7170359772	0.00495996512473	0.00270982692018	0.00229851040058
8.95136870149	-61.0	62.5575820046	0.00504356669262	0.00267442548648	0.00216322112828
9.16147757564	-61.0	62.6420937714	0.00517516909167	0.00268185115419	0.00217135460116
-7.20323754544	-61.0	55.5899579513	-0.00468845991418	0.00118771207053	-0.00164580589626
-7.03903307361	-61.0	55.2253625155	-0.00455866567791	0.00112397770863	-0.00181390054058
-6.92069397099	-61.0	55.7367895785	-0.00456765759736	0.00123047095258	-0.00154452468269
-6.74496334674	-61.0	55.5465326099	-0.00445437710732	0.00120124476962	-0.00162543891929
-6.84501155370	-61.0	55.3017036543	-0.00447235815227	0.00114799046423	-0.00175807171036
-7.15602900424	-61.0	55.3867409095	-0.00463774846867	0.00115012645256	-0.00174380082171
-4.54680891900	-61.0	53.6727959414	-0.00314682396129	0.000917461409699	-0.00240117614157
-4.35471372152	-61.0	53.8696818844	-0.00306710856967	0.000964197039139	-0.00229566032067
-4.69101974171	-61.0	54.1582201078	-0.00326315546408	0.00101057568099	-0.00217280769721
-4.42514594049	-61.0	54.0911725719	-0.00312221539207	0.0010068960255	-0.00219128653407
-4.77195643195	-61.0	53.8777971931	-0.00327805336565	0.000950655899942	-0.00231422157958
3.50986028436	-61.0	59.8400353635	0.00155889580492	0.00248054252006	0.00110599899199
3.25087499132	-61.0	59.8185998210	0.00139649829362	0.00249609793536	0.00109876052011
3.08008423798	-61.0	60.0518794772	0.00131582224276	0.00257052271627	0.00125720864162
3.15397768459	-61.0	60.2830376123	0.00138894945849	0.00262317899615	0.00141195266042
3.58295029084	-61.0	60.1144147955	0.00163629057352	0.00254185381345	0.00128476659302
3.38528265076	-61.0	60.3151269371	0.0015379464021	0.00260917865671	0.00142688420601
-2.74359163727	-61.0	59.4645370920	-0.0027504239697	0.00236584688537	0.000838417559862
-2.43324709281	-61.0	59.5772108677	-0.0025640076492	0.00242780940607	0.000917858444154
-2.78622769047	-61.0	59.1726758093	-0.00274109677412	0.00228299340233	0.000650902977213
-2.33854632235	-61.0	59.1571798650	-0.00245379959233	0.00231849472038	0.000649814319331
-2.55820674469	-61.0	59.0393384447	-0.00258101988584	0.00226703681983	0.000572105054744
-2.31938803322	-61.0	59.3717715430	-0.00246562273242	0.00238064886071	0.000786560354754
-2.94318865252	-61.0	53.3145706274	-0.00230979942717	0.000896291574463	-0.00250177341513
-2.93660939429	-61.0	53.0568292959	-0.00229090056382	0.000843694317155	-0.00262436224148
-3.18095915457	-61.0	52.9114239056	-0.00240495288745	0.000807310687378	-0.00270250998437
-3.53997799328	-61.0	53.2615935957	-0.00260841427371	0.000867586757522	-0.00255057425238
-3.32179095806	-61.0	53.4140295474	-0.00250857928768	0.000905423425138	-0.0024685934186
-3.45475305536	-61.0	52.9759593781	-0.00254619098268	0.000812397105619	-0.0026829559356
-3.13536318992	-61.0	53.4073164978	-0.00241340766661	0.000909712049179	-0.0024645186495
-3.87056039062	-61.0	57.7984599080	-0.00321837281808	0.00185172248166	-0.000212804836337
-4.08993897569	-61.0	57.4113896357	-0.00329433265142	0.00174661318306	-0.000443017343059
-3.56895983005	-61.0	57.5133054137	-0.00301095051691	0.00180371827446	-0.000362337013939
-3.70730727744	-61.0	57.2984827376	-0.00306487153284	0.00174414913636	-0.000488704070449
-4.08594121766	-61.0	57.6565630610	-0.00332285929471	0.00180380092934	-0.000304211920593
-3.62976728659	-61.0	57.7540416500	-0.0030745731201	0.00185745221097	-0.000227855911362
-3.91312297178	-61.0	57.2891273462	-0.00318006286398	0.00172932434361	-0.0005030289758
-2.00255941470	-61.0	47.8128491295	-0.00162854115479	-0.00011773663573	-0.00496200565249
-1.94808943171	-61.0	47.5232074137	-0.00159568514209	-0.000166505007655	-0.00508639775217
-2.17493568615	-61.0	47.4513511448	-0.0016938833287	-0.000182374948054	-0.00512451352552
-2.35391139676	-61.0	47.5637382737	-0.00177672063001	-0.000166138765053	-0.00508142309263
-2.19952314768	-61.0	47.8970297544	-0.00171896012034	-0.000106470135506	-0.00493135675788
-2.34598092487	-61.0	47.7484059037	-0.00177932053339	-0.000134441943374	-0.00500081060454
-6.38088493273	-61.0	62.8900029962	-0.00546909729019	0.00270545878448	0.00278717186302
-6.96308098188	-61.0	62.9637023289	-0.00582743855193	0.00266348244622	0.00271001411602
-6.59647961375	-61.0	62.7255152009	-0.00556737091392	0.00265392800793	0.00263062212616
-6.45721441382	-61.0	63.1301007014	-0.00555715011433	0.00274197245017	0.00293406029232
-6.86969650643	-61.0	62.7847330925	-0.00573882833123	0.00263907038607	0.0026118629612
-6.68788871612	-61.0	63.1764697077	-0.00570369651541	0.0027281625662	0.0029140310362
-6.86317454685	-61.0	63.1174519562	-0.00579726789147	0.00270092254505	0.00283479993232
-8.22677920513	-61.0	53.6211853807	-0.0049334554933	0.00077019771561	-0.00270597822964
-8.07271070097	-61.0	53.8744141759	-0.00489060068503	0.000822806847282	-0.00257090176456
-8.46208374622	-61.0	53.5831809878	-0.00504039414227	0.000754414359108	-0.00274736643769
-8.46282887201	-61.0	54.1155362824	-0.00510637601838	0.000852063531056	-0.00249564996921
-8.23585629798	-61.0	54.1017297195	-0.0049964110367	0.000858540763147	-0.00247887475416
-8.58851753527	-61.0	53.7690065813	-0.0051228646189	0.000783557014074	-0.00267286621965
-8.54381816956	-61.0	53.9283151406	-0.00512140011415	0.000814434373751	-0.00259297876619
-1.14549495482	-61.0	61.1730547292	-0.00180699501652	0.00305971270427	0.00207207305357
-0.950061800251	-61.0	60.9883798767	-0.00163996010087	0.00302158878185	0.00192835205235
-1.41008213190	-61.0	61.1271132214	-0.0020091116894	0.00301262666471	0.00203315028921
-1.30474373056	-61.0	60.7407448704	-0.00189578800928	0.00290407496504	0.00173794012517
-1.03948103574	-61.0	60.8167833032	-0.00169836368877	0.0029566725716	0.00179623439908
-1.43055902836	-61.0	60.9322379499	-0.00200759596191	0.0029497470241	0.00188205344602
-7.69041120288	-61.0	59.9750974890	-0.00566230015829	0.00202904944308	0.000693259411491
-7.42903386789	-61.0	59.9094825450	-0.005510202609	0.00203579082154	0.000695417984389
-7.44349192179	-61.0	59.6037659292	-0.00546139944345	0.00197396427393	0.000512629339937
-7.82733342365	-61.0	59.6178535346	-0.00566759612411	0.00194878492039	0.000462485739263
-7.64744443444	-61.0	59.5202991786	-0.00555421411991	0.00194248754997	0.00043341825949
-7.81290660742	-61.0	59.7965468946	-0.00569370575249	0.00198494340293	0.000568800373003
1.55237723552	-61.0	62.4074073421	0.000447882601293	0.00336648384109	0.00310271792114
1.27322178958	-61.0	62.2509532530	0.00021495227702	0.00337025104091	0.0029784895014
1.12712051592	-61.0	62.8105534635	0.000110727676656	0.00349989789538	0.00347754009999
1.44110833001	-61.0	62.7099711694	0.000369606539607	0.00344148511067	0.00337179121561
1.00402531347	-61.0	62.6070492191	9.4821143648e-07	0.00347693171352	0.0033015308436
1.02821426133	-61.0	62.3917041082	1.58312504936e-05	0.00343023217283	0.00310939108022
6.11871479758	-61.0	58.5853307039	0.00288941175677	0.00204442697577	0.000191892220755
6.34547819457	-61.0	59.0700677519	0.003078044625	0.00213408935815	0.000455094064819
6.44670300837	-61.0	58.8156234680	0.00309732253663	0.0020779245533	0.000297864549793
6.10276123296	-61.0	59.1654280500	0.00295959156938	0.00216491264291	0.000532462669071
5.94136205338	-61.0	58.7878669800	0.00282043986954	0.00209418754093	0.000323240703437
6.32517931243	-61.0	58.6402030513	0.00300800264813	0.00204717437737	0.000206913216971
5.99186929149	-61.0	58.9943781264	0.00287580490112	0.00213482137769	0.000440515461378
1.93047724873	-61.0	55.2066281020	0.000266632327111	0.00139420363121	-0.00150376663078
1.88922213133	-61.0	55.5084684823	0.000254825339653	0.0014635801781	-0.00135067431256
2.38352151293	-61.0	55.3461024398	0.000522543559782	0.00142447091639	-0.00143619370647
2.23139257620	-61.0	55.1619850965	0.000430600543041	0.00138345430605	-0.00152803782839
2.07478648586	-61.0	55.6404978468	0.000364098057617	0.00149349984713	-0.00128405587748
2.29167441187	-61.0	55.5752882549	0.000482420960907	0.0014772862196	-0.00131877430249
-5.43503545356	-61.0	56.2041646996	-0.00387012492865	0.00140223687049	-0.001180594787
-5.64134506248	-61.0	56.3856913212	-0.00400120764971	0.00142935605254	-0.00109963165596
-5.41177752555	-61.0	56.7868573626	-0.00393358245492	0.00152733025607	-0.000868019589689
-5.05021632668	-61.0	56.3317126672	-0.00368363317102	0.00144996505696	-0.00108717521653
-5.56178105490	-61.0	56.6163287342	-0.00398998800665	0.00148243678268	-0.00097079644911
-5.03850115509	-61.0	56.5867644060	-0.00370925851166	0.00150561355986	-0.00095022120513
-5.21951400086	-61.0	56.2048468933	-0.00375727401115	0.0014138094848	-0.00116542808246
-5.20770277701	-61.0	56.7451572027	-0.00381973362528	0.00153018895071	-0.000876178848557
-6.57528908791	-61.0	50.8784214768	-0.00388235715218	0.000325845612679	-0.00383142358623
-6.92326372291	-61.0	51.0679674686	-0.00405954290181	0.000350182177499	-0.00377152021974
-7.13190292448	-61.0	50.9568915777	-0.00414618756622	0.000324791559251	-0.00383765692823
-7.17326153985	-61.0	50.7066327900	-0.0041433670558	0.000279612810118	-0.00395344756544
-6.91430301366	-61.0	50.5423232504	-0.00401049060747	0.00025749267661	-0.0040074470453
-6.61531678769	-61.0	50.6282175938	-0.00388014921919	0.000280350417597	-0.00394696183503
-6.74398956670	-61.0	50.9959571606	-0.00397034501657	0.000342252431437	-0.00379065424204
3.25886554691	-61.0	64.3410263185	0.00180657382589	0.00339739420451	0.00448366208002
3.53005493632	-61.0	63.9666816608	0.00197519687936	0.00331447878852	0.00414472213015
3.06349335978	-61.0	64.2194531887	0.00166077970061	0.00340707902797	0.00442695058882
3.43172666775	-61.0	64.2038592745	0.00192125258036	0.0033587180078	0.00434489408508
3.05111266233	-61.0	63.9843828991	0.00164123321883	0.00337950349785	0.00424527702853
3.29113715928	-61.0	63.8584965831	0.00180387927685	0.00333049753681	0.0041045951657
-5.52574605182	-61.0	62.2793116693	-0.00485864421353	0.00268119829707	0.00253046792932
-5.79731531121	-61.0	62.6941070761	-0.00508751207963	0.00272965990007	0.00277035846375
-5.57322450769	-61.0	62.8546156864	-0.00497804069892	0.0027840945404	0.00292635569349
-5.24355721417	-61.0	62.6260188523	-0.0047428580001	0.0027796276845	0.00282520940527
-5.77175086043	-61.0	62.4116525973	-0.00502614397556	0.00267930980772	0.00257883756422
-5.35213711119	-61.0	62.7927958540	-0.00483406987041	0.00279792863876	0.00292454729788
-5.34823365868	-61.0	62.4572367247	-0.00478038797155	0.00273548066616	0.00268655084074
2.48115633426	-61.0	58.3778359172	0.000772011233494	0.0021652833093	0.000209940670175
2.03832384418	-61.0	58.7119386212	0.000518397253472	0.00227476446889	0.000408946885727
2.32864951266	-61.0	58.8197864485	0.000713161251042	0.00229126773775	0.000474962638691
2.55515288333	-61.0	58.5980804358	0.000836864288431	0.00222048140131	0.000340677623171
2.01306854345	-61.0	58.4837808505	0.000485509284772	0.00221235002391	0.000272421166301
2.25479616172	-61.0	58.3375978521	0.000627569912467	0.00216349074617	0.000186548568308
-6.85670322971	-61.0	49.3799660175	-0.00389179214835	5.75903686695e-05	-0.0045202258043
-7.07441381275	-61.0	49.5415077184	-0.00400245329365	8.02793147159e-05	-0.00446490198374
-7.36918987025	-61.0	49.2232815740	-0.00411022128537	1.97007102543e-05	-0.00462773023173
-7.34968624776	-61.0	49.4557177313	-0.0041198018007	5.94542507315e-05	-0.00452374806628
-7.13025415136	-61.0	49.0453737955	-0.00398938544095	-5.14145949637e-06	-0.00468784663826
-6.96078314343	-61.0	49.1628393137	-0.00392223196104	1.83629072126e-05	-0.00462358724326
6.29336281465	-61.0	65.3995737620	0.00394153688103	0.00327020767145	0.0045149535872
5.99511024297	-61.0	65.0232974040	0.00369819416665	0.00323507678695	0.00434296485037
5.79387578605	-61.0	65.1950046228	0.00359207810834	0.00327521050349	0.00450508110225
5.75909386406	-61.0	65.5050134858	0.0036113478709	0.00332306767814	0.00471768854186
6.08687817148	-61.0	65.6112684022	0.00384004157968	0.00331484223716	0.00470294104889
6.22524744729	-61.0	65.1547421183	0.0038627628237	0.00323878158815	0.00437327148393
-5.70980840277	-61.0	59.1008986247	-0.00443875323981	0.0020055801142	0.000427619583206
-5.92578291456	-61.0	59.2057613084	-0.00457433983684	0.00201041181572	0.000468716956675
-5.51123808785	-61.0	59.4740918921	-0.0043895021081	0.00210285070352	0.00067523639882
-5.45477509574	-61.0	59.2467005308	-0.00432133534923	0.00205834466033	0.000540894863661
-5.90215236231	-61.0	59.3896216071	-0.00459182355553	0.00205139978789	0.00058269809233
-5.75220922196	-61.0	59.5147473542	-0.00452990783378	0.00209072511643	0.000675447576214
6.02656636146	-61.0	57.2947062466	0.00267483759671	0.00178001250606	-0.000525746727362
5.47082121492	-61.0	57.1739409529	0.0023641102016	0.00177123304456	-0.00055868428899
5.67151455336	-61.0	56.9489790838	0.00244546146132	0.00171803450212	-0.000691844441462
5.83702758921	-61.0	57.4934847654	0.0025981515646	0.00182728189975	-0.000404609221732
5.92541325575	-61.0	57.0418725520	0.00259093614295	0.00173044623807	-0.000656653253827
5.57591202098	-61.0	57.4159698196	0.00244886195287	0.00181933981366	-0.000431728316471
5.04545099504	-61.0	49.3037905896	0.00155567296315	0.000232305712416	-0.00432244269177
5.10328206976	-61.0	48.7226459872	0.00155656924471	0.000130106156575	-0.00457881810144
4.86490777909	-61.0	48.8864685332	0.00145651376806	0.000156806301675	-0.00449859770015
4.80338521860	-61.0	49.1846318021	0.00144102331251	0.00020908008446	-0.00436596386135
5.28277101033	-61.0	49.2001751867	0.00165821227711	0.000215876993025	-0.00437714811414
5.27239260112	-61.0	48.8392026400	0.00163722760044	0.000152094042278	-0.00453459564596
5.39324062425	-61.0	49.0122045631	0.00169923529029	0.000183593816473	-0.00446396414191
6.44085833550	-61.0	62.0471234890	0.00355828017928	0.0027091007214	0.0022927490063
6.83069216056	-61.0	61.8769566485	0.00375334196724	0.00265349308029	0.00212254375219
6.31061953289	-61.0	61.8557342514	0.00345701584592	0.00268269982189	0.00218828115612
6.77912599575	-61.0	61.5405439932	0.00367435719818	0.00259459624067	0.00191700470168
6.50894820535	-61.0	61.4688029206	0.00351292057894	0.0025976523757	0.00191037566401
6.36646091478	-61.0	61.6524612071	0.00345948920585	0.00264120544307	0.00204849918373
6.65306662321	-61.0	62.0152152695	0.00367384380661	0.00268958206289	0.00223885895684
-5.74706586731	-61.0	46.8267443579	-0.00323296897113	-0.000346007960616	-0.00556113617495
-5.86475379821	-61.0	46.3058472006	-0.00325492117554	-0.00043170072604	-0.00579361245036
-6.02025214750	-61.0	46.5096591363	-0.00333357858472	-0.000401603698265	-0.00571541069075
-5.97909911716	-61.0	46.7512655222	-0.00332955666818	-0.000362087361282	-0.00560831744224
-5.66399796230	-61.0	46.3878439415	-0.00317267561331	-0.000415378395701	-0.0057458113879
-5.55059947510	-61.0	46.5577395821	-0.00313278799877	-0.000386232917663	-0.00566555792466
-5.62731723486	-61.0	46.6993907958	-0.00317381508648	-0.00036462614662	-0.00560892932117
-1.62216779142	-61.0	52.8620434419	-0.00161540473346	0.000836997118313	-0.00267675495706
-1.53233843960	-61.0	52.3640759082	-0.00155221228488	0.000737461494282	-0.00290811015293
-1.84656864151	-61.0	52.7151364289	-0.00172330904752	0.000801794696599	-0.00275165378116
-1.36086648163	-61.0	52.7702426591	-0.00147947797086	0.000823795387987	-0.0027139086742
-1.28739541738	-61.0	52.5360595951	-0.00143485586159	0.000777410634328	-0.00282217515633
-1.80548060255	-61.0	52.4640260561	-0.00169264187571	0.000751725165173	-0.00286830961704
0.0554317174839	-61.0	64.5070340307	-0.000843318935949	0.00371006294154	0.00500567536801
0.322333684743	-61.0	64.5566639308	-0.000598774815444	0.0037095642183	0.00504170591012
-0.136419115364	-61.0	64.6975169600	-0.0010195330251	0.00371260358952	0.0051627070643
0.468635491622	-61.0	64.8126461720	-0.000466044060886	0.00371318100952	0.0052451514639
0.29459467529	-61.0	65.0106429859	-0.000624849402811	0.00372225698084	0.00541031034663
0.0169121740407	-61.0	64.9558450712	-0.000878871767782	0.00372149352916	0.00537180481479
6.61539103357	-61.0	48.3261401683	0.00220852089114	7.48317615944e-05	-0.0048225261271
6.70519673614	-61.0	48.5153542094	0.00225839251652	0.000108395186544	-0.00474550994113
6.30683185053	-61.0	48.6523144017	0.00208934652619	0.000128539410071	-0.00466399593279
6.56565895264	-61.0	48.6869461458	0.00220606848598	0.000136877715704	-0.00466297240928
6.39589606729	-61.0	48.3734951998	0.00211425474845	8.09679768281e-05	-0.00478988792747
3.98419144157	-61.0	46.4997000072	0.00100003532134	-0.00026378329494	-0.00550379790366
3.94590633871	-61.0	46.7762034473	0.000988868181594	-0.000217418739339	-0.00538434367627
3.40611446866	-61.0	46.5197796238	0.000752202991862	-0.000266420829576	-0.00548323104158
3.48565682318	-61.0	46.7449497686	0.000789787911344	-0.000227560653002	-0.00538806710392
3.80660107804	-61.0	46.3651790915	0.000921632628888	-0.000288244977128	-0.00555734848604
3.57088932151	-61.0	46.3243043519	0.000820136803668	-0.000297541613691	-0.00557001307607
3.69877221565	-61.0	46.7906477883	0.000882533378899	-0.000217553009861	-0.00537264999002
-10.0075347282	-61.0	54.4139517351	-0.00587768293917	0.000844160502311	-0.00253155245446
-9.77804366934	-61.0	54.3535566136	-0.00576105015352	0.00084269954823	-0.00253165699542
-10.0037897241	-61.0	54.1958284167	-0.00584607664496	0.000805390824098	-0.00263283262029
-9.86338141376	-61.0	54.0730125997	-0.0057634729892	0.000789092911873	-0.00267299404368
-9.68863866972	-61.0	54.1900586273	-0.00569677865133	0.00081694079563	-0.00259751267731
-5.08678682873	-61.0	66.2856376182	-0.00516004161909	0.00340571976267	0.00550306169316
-4.94184543341	-61.0	65.8370157118	-0.00498809618875	0.00334941036999	0.00522236013785
-4.87267649723	-61.0	66.4165542808	-0.00501972809434	0.00344487931579	0.00565663306043
-4.65278229087	-61.0	65.9047951392	-0.00478545110673	0.00338732311502	0.00534884305671
-4.62476468104	-61.0	66.1962233390	-0.00480235368013	0.00343364151195	0.00556680094451
-5.05362766017	-61.0	66.0607960316	-0.00510173896328	0.00337365129963	0.00535206776112
-4.05821378079	-61.0	61.3359786450	-0.00383378122933	0.00267139682546	0.00205846433528
-4.56036916917	-61.0	61.3819183695	-0.00414492189884	0.00261599733494	0.00203759758733
-4.08257728846	-61.0	61.5429962284	-0.0038783447817	0.00271321320906	0.00220632599667
-4.48307063369	-61.0	61.5869913243	-0.00412893295288	0.00266909971833	0.00219288864173
-4.24886221983	-61.0	61.1888040986	-0.00392846483737	0.00261379685253	0.00193420029245
-4.26430963147	-61.0	61.6309707786	-0.00400234712288	0.00270720850676	0.0022503528744
-4.48394854369	-61.0	61.2143542954	-0.00407385826111	0.00258962344378	0.00192783633247
-10.6773725726	-61.0	58.3167603230	-0.0068719657138	0.00152463058475	-0.000732525717467
-10.7086920777	-61.0	58.0800602669	-0.00683931494132	0.00147902476601	-0.00085813133046
-11.2229866041	-61.0	58.1783113921	-0.00711568212137	0.00146905507427	-0.000906215107534
-10.8789234245	-61.0	58.4853995436	-0.00700793229043	0.00154479895718	-0.000685187173076
-11.2132742912	-61.0	58.4392840131	-0.00716575561091	0.00151789828669	-0.000773977430072
-10.9705069837	-61.0	58.0254966178	-0.00695848371834	0.00145463016815	-0.000934083887842
-10.6401166246	-61.0	60.1987005585	-0.00726068019867	0.00187718460802	0.000258316838881
-10.2501832768	-61.0	59.829784146	-0.00697584915906	0.00183126260526	0.000142386707012
-10.5126573631	-61.0	59.7877605521	-0.00710236281157	0.00180798303336	6.56701740809e-05
-10.4181870436	-61.0	60.2164822363	-0.00714896200225	0.0018935368862	0.000315865938319
-10.6741607778	-61.0	59.9712145218	-0.00722688017413	0.00183284119703	0.000129298729007
-10.2924299845	-61.0	60.0473214397	-0.00704565923661	0.0018694291357	0.000251013349043
-1.59655794152	-61.0	51.1376001297	-0.00154327333439	0.000494350038934	-0.00347436545417
-1.08470360067	-61.0	51.1889841710	-0.00129739241675	0.000513869104907	-0.00343921547756
-1.07176761955	-61.0	50.8965128414	-0.0012839701958	0.000457770976936	-0.00357171753421
-1.53160019812	-61.0	50.8645336235	-0.00150357733946	0.000443237018771	-0.00359667674638
-1.36302568310	-61.0	51.3064581979	-0.00143542920705	0.000531497586053	-0.00339179160073
-1.26899501677	-61.0	50.8069076264	-0.00137621664908	0.00043710754835	-0.00361653929576
1.68551434707	-61.0	52.5245257426	6.61564554321e-05	0.000817344582174	-0.0028002562467
1.26142760173	-61.0	52.7747029615	-0.000144413468661	0.000864751811605	-0.00268242368475
1.72884391496	-61.0	52.7834735319	9.3078451755e-05	0.000870544929057	-0.00267920596525
1.46377810528	-61.0	52.4268142511	-4.69024016638e-05	0.00079558591824	-0.0028452265542
1.27655567782	-61.0	52.5424542609	-0.000139579278766	0.000817314954475	-0.0027911500074
1.44691614687	-61.0	52.9267954142	-4.77641915495e-05	0.000897814054042	-0.00261101848446
4.44159915164	-61.0	58.9667647113	0.00200604670681	0.00220953021199	0.000521497393493
4.19671048284	-61.0	58.9063073744	0.00185731239617	0.00220945384353	0.000494938751217
4.29084598286	-61.0	58.4305948321	0.0018558439333	0.00209406577051	0.00020707611111
4.10685559197	-61.0	58.6582624209	0.00177609280217	0.00215629092418	0.00034876470454
4.61422248157	-61.0	58.7658346141	0.00208022072911	0.00215440662578	0.000392498943256
4.54113247509	-61.0	58.4914551820	0.00200564460829	0.00209592585452	0.000232878650422
4.08049122513	-61.0	51.9827565715	0.00123106956016	0.000722541240975	-0.00308822817169
4.00618162314	-61.0	52.4462636819	0.0012185202213	0.000812681508251	-0.002871473087
3.58136578771	-61.0	52.2747012749	0.00100125628524	0.000777840381488	-0.00294071109965
4.16911431434	-61.0	52.2188232218	0.00128636311274	0.000768575351685	-0.00298167252913
3.74264315087	-61.0	52.4954281131	0.00109116360545	0.000821815337986	-0.00284180347808
3.83140864290	-61.0	51.9325132176	0.00110766175203	0.000711929053068	-0.00310478149913
3.68541673000	-61.0	52.0673093711	0.00104277441278	0.000737585010938	-0.00303908856586
9.93021738749	-61.0	58.5288201666	0.00486553087831	0.00191832077689	-0.00026683951728
10.1742607463	-61.0	58.4850516344	0.00498235877603	0.00190578342881	-0.00032492421451
10.2240344254	-61.0	58.0838504048	0.0049426057376	0.00183184666093	-0.000541453366168
9.76885987470	-61.0	58.0694889051	0.00471050618216	0.00183709233534	-0.000486285804072
9.9767317352	-61.0	57.9397402429	0.00479507539421	0.00180962390732	-0.000582089996897
10.2536777480	-61.0	58.2897159885	0.00499077234417	0.00186884170398	-0.000438579649199
9.74260781164	-61.0	58.3190998387	0.00473660044372	0.00188349594828	-0.000351448223228
7.57064730756	-61.0	64.5436931699	0.00459544174373	0.00306751043536	0.00367470434867
7.32354614285	-61.0	64.0158643444	0.00436356617138	0.00299474596977	0.00339495833032
7.15885901501	-61.0	64.3141367741	0.00431257300079	0.00305191124789	0.00362031906843
7.63186385521	-61.0	64.0690617071	0.00455372221768	0.00298784649931	0.00336235924624
7.71865303929	-61.0	64.3346336594	0.00464882003143	0.00302702956833	0.0035102001857
7.3007000178	-61.0	64.5235648919	0.00443060556427	0.00307770166546	0.00372228212655
-0.945240126922	-61.0	65.7434287149	-0.00175334408414	0.00371311907656	0.00594390975311
-0.599799614222	-61.0	65.6928343433	-0.00144087593071	0.0037282188423	0.00592879019678
-0.924584748007	-61.0	65.9702803881	-0.0017350204289	0.00372734246776	0.00611556693912
-0.800910667198	-61.0	65.6550610326	-0.00162326020654	0.00371677032672	0.00588807510212
-0.55624912523	-61.0	65.9091025191	-0.00140089157503	0.0037405162584	0.00609314441681
-0.734971134266	-61.0	66.0370832503	-0.00156344217248	0.00374045153148	0.00617862399668
8.99050383146	-61.0	49.8074201236	0.00336518650874	0.000352840375854	-0.00434299558401
9.46296682543	-61.0	49.5093266146	0.00355193624273	0.00030671901186	-0.00451533589512
9.16912161470	-61.0	50.0088832832	0.00346229271963	0.000389120948967	-0.00426950724795
9.43856862661	-61.0	49.9838155768	0.00358138419688	0.000387369014788	-0.00430445140228
9.25623602948	-61.0	49.4097406681	0.00345151289366	0.000287523347652	-0.00454062409699
9.57198210685	-61.0	49.7144894562	0.00361804058775	0.000342780345818	-0.00443515786901
9.02121357564	-61.0	49.5340327100	0.00335670774803	0.000306270841975	-0.0044658202678
-4.40980413740	-61.0	49.0682921497	-0.00276464526542	5.64252659387e-05	-0.00450763711706
-3.95100550421	-61.0	49.3860055022	-0.00257274601609	0.000121937686345	-0.00434492202476
-4.1425002687	-61.0	48.9146264574	-0.0026352701243	3.49516994902e-05	-0.00456228572875
-4.46446224604	-61.0	49.3641696361	-0.00280606327578	0.000107303945697	-0.00437954580411
-3.93121674188	-61.0	49.0665640955	-0.00254725152627	6.58349745208e-05	-0.00448532402515
-4.22942756495	-61.0	49.4408180328	-0.00270302244462	0.000125844977447	-0.00433385651559
5.08242327136	-61.0	62.2516065283	0.00279789790511	0.00285412650555	0.00263183005154
4.64902311342	-61.0	62.0092635097	0.00251034484245	0.00285081379116	0.00251876190305
5.21063044357	-61.0	61.9687390377	0.0028384195175	0.00278944452293	0.00241876463406
5.09545392529	-61.0	61.7674374281	0.00274537643418	0.00276119587943	0.00229533296078
4.83847656855	-61.0	61.7440245843	0.00259110610932	0.00278041604906	0.00231005530804
4.76184134480	-61.0	62.2136407813	0.00260205264203	0.00287823448889	0.00264907814562
11.1131664432	-61.0	53.3173476675	0.00470061600208	0.000974021211732	-0.00297606480308
10.9465380123	-61.0	53.8057313166	0.00468287430704	0.00105888431426	-0.00273031694815
11.1702398712	-61.0	53.5575402270	0.00475739408284	0.00101600738708	-0.00287209800445
10.6960548284	-61.0	53.6887900636	0.00454961461946	0.00103800336365	-0.00275552901439
10.8714667244	-61.0	53.3001246161	0.00458477344364	0.00097024027491	-0.00295573100448
10.7031047963	-61.0	53.4329172157	0.0045215729624	0.000993059831671	-0.00287508708425
-7.20907594114	-61.0	47.5269602081	-0.00391511293128	-0.000257743144175	-0.00535696418956
-6.73989969762	-61.0	47.5254350529	-0.00370928924531	-0.000249608390732	-0.00532362656668
-6.78600427856	-61.0	47.2651342226	-0.00371254514903	-0.00029273837572	-0.00543987518176
-7.03700753812	-61.0	47.0879329730	-0.00381055730395	-0.000325639121002	-0.00553471781313
-7.28674082870	-61.0	47.2357227020	-0.00392928160727	-0.000306134432321	-0.00548915425315
-6.99146842142	-61.0	47.6089530385	-0.00382523750886	-0.000240513065364	-0.00530532561243
-7.43243696310	-61.0	64.7097968767	-0.00646325293928	0.0029356922023	0.00374872656539
-7.07956454335	-61.0	64.3313337412	-0.00616339500993	0.00289911520667	0.003593593603
-6.88500901515	-61.0	64.7194278201	-0.00611784914508	0.00298429699615	0.0039070812054
-7.35631569451	-61.0	64.4272171185	-0.00635560089722	0.00289216591045	0.003582960926
-6.83950415596	-61.0	64.4350782576	-0.00603321101516	0.00293869315647	0.00372717296705
-7.20721407473	-61.0	64.8459243835	-0.00634937919676	0.0029785388615	0.00390239269473
-0.785576413275	-61.0	47.5487010536	-0.0010812387336	-0.000144284567796	-0.00504670478404
-0.633298993361	-61.0	47.7753763775	-0.0010178150842	-0.000102961188531	-0.00494529493153
-0.524472211625	-61.0	47.1680830359	-0.000959038152359	-0.000205503383768	-0.00520679727197
-0.298007247208	-61.0	47.2967821920	-0.000861418433487	-0.000180374277988	-0.00514727924019
-0.370033087267	-61.0	47.7212292255	-0.000899784965441	-0.000108492655272	-0.0049642836675
-0.280284527878	-61.0	47.5084318215	-0.000856755301356	-0.000143880926771	-0.00505525991321
-0.744630062694	-61.0	47.2948130842	-0.00105827301741	-0.000187115874724	-0.00515602016822
-2.11249089133	-61.0	54.6028499389	-0.00195180170704	0.00119519629516	-0.00184844934847
-1.86498995572	-61.0	54.7376083828	-0.00182554929052	0.00123241730034	-0.00177517707925
-1.83252981127	-61.0	54.2421263545	-0.00178343080916	0.00112405559048	-0.00201897486113
-1.70973709800	-61.0	54.5285913684	-0.00173135357909	0.00119030696806	-0.00187509495299
-1.71052939051	-61.0	54.3613817641	-0.00172396027483	0.00115341378842	-0.001957496861
-2.08416711162	-61.0	54.3663128994	-0.00192369811703	0.00114411546383	-0.00196451693773
-1.08893767212	-61.0	55.5498220727	-0.00143298250623	0.00144015473779	-0.00135012471583
-0.599711164618	-61.0	55.6660966287	-0.0011585096363	0.00147927075159	-0.00128342129756
-1.12530713391	-61.0	55.8280792620	-0.00146479927935	0.00150538026355	-0.00120797182899
-0.914960825351	-61.0	55.9919149231	-0.0013500242494	0.00155047711451	-0.00112001155503
-0.79443055841	-61.0	55.4550628679	-0.0012631296413	0.00142495776527	-0.001393752289
-0.683936241037	-61.0	55.8833977895	-0.00121293577831	0.00152968557086	-0.00117290113121
8.76498961358	-61.0	58.8945864108	0.00432684319094	0.00201315921731	8.86268971954e-05
8.28862593356	-61.0	58.7458060554	0.00405751541257	0.00199863617308	6.61186204525e-05
8.58805580517	-61.0	58.4137233021	0.00416183238849	0.00192735320888	-0.000151926811668
8.46881914042	-61.0	58.9592774629	0.00418358715251	0.0020337686874	0.000162163531058
8.36222899854	-61.0	58.4881787582	0.00405674939975	0.00194752612151	-8.4389350377e-05
8.76537239914	-61.0	58.5969358925	0.00428092759103	0.00195728079416	-7.41430922062e-05
-3.25899128564	-61.0	44.9843272578	-0.00207937625237	-0.000602080544923	-0.00622783740982
-3.50564528433	-61.0	44.9911835608	-0.0021842722781	-0.000604501285125	-0.00623527821153
-3.40143686322	-61.0	45.4903451329	-0.0021586236544	-0.000524065166246	-0.00601634662598
-3.12900924012	-61.0	45.2030793586	-0.00203194678761	-0.000565727765206	-0.00612862827256
-3.18545533754	-61.0	45.4508430297	-0.00206487532705	-0.000527194933966	-0.00602443236858
-3.55440117662	-61.0	45.2837448356	-0.00221607252024	-0.000559098087251	-0.00611169543117
2.3272957422	-61.0	61.6263739311	0.000978463096544	0.0030678503681	0.00242211809382
2.58738104700	-61.0	61.3334196127	0.00113149092067	0.00295747071505	0.00218538357876
2.50958519819	-61.0	61.1220061454	0.00105754111428	0.00291331508197	0.00202797888778
2.06682236190	-61.0	61.5173598778	0.000782544258982	0.00307774194516	0.00234429026023
2.04573867378	-61.0	61.2537629929	0.000744826858863	0.00300962710753	0.00213824189268
2.50281186815	-61.0	61.5116739755	0.00109073135536	0.00301384436898	0.00232551596127
2.31194750073	-61.0	61.1002137474	0.000919250072911	0.00293294945732	0.00201609381475
0.695011772799	-61.0	45.6141052369	-0.000410490698414	-0.000447740399977	-0.00585977965966
0.737038457867	-61.0	45.8646364991	-0.000394852278987	-0.000406252191169	-0.00575207732618
0.32798301928	-61.0	45.4955632760	-0.000565718102735	-0.000471604813356	-0.00591416005045
0.201841115023	-61.0	45.7115133770	-0.000622335064691	-0.00043809908675	-0.0058231134899
0.338173899345	-61.0	45.9521676699	-0.000566864968278	-0.000396944291424	-0.00571827962995
0.545232403899	-61.0	45.9753489530	-0.000478187808767	-0.000390481523937	-0.00570622086525
0.519793984935	-61.0	45.5167141599	-0.000484206917463	-0.000465760269435	-0.00590306939557
7.07693955546	-61.0	51.1172641846	0.00259622582234	0.00057055905927	-0.0036180303432
7.26222736059	-61.0	51.3583954701	0.0027009434998	0.000614856020547	-0.00352097442374
7.15861956255	-61.0	51.6013701084	0.00267189671285	0.0006586156087	-0.00340396328829
6.81013953470	-61.0	51.0862439828	0.00247007817961	0.000563828740269	-0.00361565477215
6.67347913488	-61.0	51.3286772093	0.00242416351102	0.000607387628406	-0.00349803781137
6.86572297356	-61.0	51.5831793509	0.00253329379484	0.000654488801956	-0.00339390709996
6.66180656342	-61.0	56.2232930911	0.00287833041511	0.00154630909674	-0.0011383749079
6.91612430134	-61.0	56.2749871919	0.0030146993231	0.00155160657596	-0.001129788463
6.73431011827	-61.0	55.7798547440	0.00286440807395	0.00145663856529	-0.00137172685936
6.56922886723	-61.0	55.9731950096	0.00280208303593	0.00149802397937	-0.00126139190979
6.96690339731	-61.0	55.8470661188	0.00299020670354	0.00146606692579	-0.00135381426662
7.04540380181	-61.0	56.0898154813	0.00305853784084	0.00151255750097	-0.00123511545826
-2.56495844221	-61.0	64.1151934371	-0.00309232342988	0.00340836937539	0.00443934462965
-2.39362770923	-61.0	63.6542241195	-0.00294214836322	0.00338144274428	0.00408547790721
-2.83072177327	-61.0	63.9479182299	-0.00328428158537	0.00334567204118	0.00425948435441
-2.35235067171	-61.0	63.9131907012	-0.00292107649148	0.00341971870512	0.00430680625141
-2.58925115944	-61.0	63.5655449948	-0.00308501347899	0.00333555834368	0.00398382684216
-2.74871959477	-61.0	63.6930636624	-0.00320993480273	0.00332547584549	0.00406507588923
-0.448851924336	-61.0	58.6946511094	-0.00115409737919	0.00229566311464	0.000378841068596
-0.660384459418	-61.0	58.6920125652	-0.0012979345629	0.00228786794469	0.000376123352908
-0.846027266288	-61.0	58.5157300844	-0.00141468236689	0.00222766608931	0.000270163494861
-0.749140839068	-61.0	58.2677438814	-0.00133879168425	0.0021583493799	0.000125355058117
-0.366647624597	-61.0	58.5060423282	-0.00109266699292	0.00224062614143	0.000267345545581
-0.510702495649	-61.0	58.2963137885	-0.00118242262397	0.00217433762737	0.000143620418385
-2.75967018839	-61.0	56.0612992779	-0.00240694195963	0.00150276150089	-0.0011240291642
-2.21802580173	-61.0	55.7462094811	-0.0020798498299	0.00145087763667	-0.00127288524527
-2.46725365408	-61.0	55.5825328284	-0.00220733345486	0.0014038248919	-0.00136398430914
-2.24601567773	-61.0	56.0493256493	-0.0021165641956	0.00152099714614	-0.00111601827666
-2.73938074886	-61.0	55.6815676431	-0.00236524804495	0.00141598714981	-0.00132108374964
-2.52869214675	-61.0	56.1695855448	-0.00228565325961	0.0015379631659	-0.00106036709622
-2.77653665527	-61.0	55.8705356919	-0.00240081222728	0.00145786034409	-0.00122425623704
10.2983362679	-61.0	55.3793178069	0.00457843439654	0.00134004943538	-0.00190704432316
10.7698479773	-61.0	55.2955562556	0.00479544699192	0.00132270914037	-0.00200466206297
10.5569680664	-61.0	55.4547785890	0.00471433950588	0.00135217781644	-0.00190163392108
10.3077815330	-61.0	55.0995089486	0.00454526953399	0.00128963089082	-0.00204331264831
10.7321135642	-61.0	55.0595009272	0.00474481098354	0.00128076027613	-0.00211321655661
10.5335481325	-61.0	54.9842624497	0.00463887304068	0.00126802269369	-0.00212527113035
-11.6115034715	-61.0	55.4649239976	-0.00679565919563	0.000956441333983	-0.0022661620751
-11.5226209428	-61.0	55.1164372529	-0.00669766264036	0.000900203129277	-0.00241194036789
-11.1985681817	-61.0	55.3494123221	-0.00658031040803	0.000957340525929	-0.00225705560297
-11.3501022548	-61.0	55.5066280054	-0.00667777564377	0.000977488933131	-0.00220699771307
-11.2871802602	-61.0	55.1806108746	-0.00659588724375	0.000923179846723	-0.00234798016027
-11.6440051635	-61.0	55.2980345908	-0.00678411917761	0.000925571541302	-0.00234731473029
-8.00817810498	-61.0	56.4658755500	-0.00521485647187	0.00131832109764	-0.00128367263824
-8.30898641548	-61.0	56.0898048635	-0.00530566833913	0.00123053847346	-0.0015106635401
-8.03210400733	-61.0	56.2075406894	-0.00518723065034	0.00126703782007	-0.0014188408386
-8.49590884371	-61.0	56.2758705852	-0.00542596867308	0.00125682807993	-0.00143878359813
-8.47205878050	-61.0	56.4878999090	-0.00544757721946	0.00129860022571	-0.00132795015816
-8.22825077995	-61.0	56.5800402691	-0.00534175615758	0.001328944345	-0.00125091767404
8.45190325806	-61.0	61.4561673585	0.00457882415503	0.00249747047201	0.00160018843599
7.89380646906	-61.0	61.5804210038	0.00429558428004	0.00254374113865	0.00176780158654
8.10598459932	-61.0	61.7366087101	0.00443724682555	0.00256250263192	0.00182684883475
8.31880669206	-61.0	61.6312715637	0.00453591998667	0.00253447215073	0.00172717345413
8.31221613978	-61.0	61.2972834706	0.00447666319087	0.00247426424176	0.00152909848839
8.06145426045	-61.0	61.3491995120	0.00434930948541	0.00249421526678	0.00160092941951
1.60960708981	-61.0	49.2090811012	-1.29735990413e-05	0.000181507275556	-0.00429906323552
2.08219559392	-61.0	49.0490315972	0.000201464688871	0.000158098540851	-0.00437132641673
1.98630216695	-61.0	49.3735734564	0.000161573290825	0.000215742766159	-0.00422790180892
1.92206830982	-61.0	48.8653860728	0.00012656240142	0.000123277495732	-0.00445108208805
1.76311710527	-61.0	49.3913847061	5.91182943026e-05	0.000216435379116	-0.00421907380223
1.67820964188	-61.0	48.9547960106	1.6440244508e-05	0.000136438073241	-0.00441102171317
2.07382903578	-61.0	49.2184313686	0.000199772272026	0.000188580641407	-0.0042967768386
-1.37946001117	-61.0	50.0267984147	-0.00140763400123	0.000288371724309	-0.00396967353299
-1.54001252118	-61.0	49.9036115077	-0.00147934025154	0.000262728543021	-0.00402859319001
-1.19331316620	-61.0	49.4954299545	-0.00130744895432	0.000193806510651	-0.00420183222741
-1.08962015272	-61.0	49.9805460062	-0.00127066695131	0.000284795736661	-0.00398377748206
-1.47263722391	-61.0	49.5267388533	-0.00143751362339	0.000194764012122	-0.00419454369694
-1.00906194082	-61.0	49.6782209830	-0.00122621143237	0.000230331090279	-0.00411671213806
-1.56128629651	-61.0	49.7150398354	-0.00148387416266	0.000227653887123	-0.00411312561482
1.04446090531	-61.0	61.2985971286	-1.39869880513e-05	0.00313748396002	0.00218200846575
0.754532833586	-61.0	60.9117409243	-0.000261575274635	0.0030342224054	0.00187686772551
0.813729130361	-61.0	61.4398110421	-0.000195083455765	0.00319917546585	0.00229707942344
1.06166866834	-61.0	60.9967418605	-1.51294962052e-05	0.00304116681218	0.00194404297508
0.573304400422	-61.0	61.3066301877	-0.000397069670726	0.00317194336094	0.00218827952631
0.581712553149	-61.0	61.0694328518	-0.000395892129745	0.0030947572086	0.00199858704582
-7.92224448674	-61.0	57.8162553033	-0.0053918804042	0.00158731173724	-0.000560531858355
-7.90733710534	-61.0	58.0992601986	-0.00543318549171	0.00164398108609	-0.000404615857406
-8.35118187241	-61.0	57.8527143426	-0.00561588956043	0.00156884186435	-0.000598173879553
-8.34503912939	-61.0	58.0897810553	-0.00565479509532	0.00161529984325	-0.000469685852295
-8.15185071350	-61.0	58.1918326082	-0.00557454070076	0.001647004392	-0.000387251086067
-8.14074332360	-61.0	57.7183583931	-0.00548600591719	0.0015550799435	-0.00064183404902
-7.26998474002	-61.0	53.7741621658	-0.00449423957616	0.000835132901557	-0.00254413066432
-7.06280242354	-61.0	54.1319507479	-0.00443549919873	0.000911256065592	-0.00235399627127
-7.51420991264	-61.0	53.9577581908	-0.00463311187923	0.000860222091433	-0.00247811153531
-7.44561646741	-61.0	54.2240760648	-0.00463188998401	0.000913295312785	-0.00234361202456
-7.23840199038	-61.0	54.2954969954	-0.00454013003036	0.000935371790547	-0.00229020649567
-7.04233710260	-61.0	53.8697775529	-0.00439534243196	0.00086206139531	-0.00247862841934
-2.03404631034	-61.0	67.0546394935	-0.00274860160425	0.00375706981868	0.00677593052387
-2.30668110235	-61.0	66.7040523775	-0.00297250295989	0.00369979650714	0.00647481437773
-2.39798329085	-61.0	67.2608136970	-0.00308205187321	0.00375849404372	0.00686258496717
-2.60124944293	-61.0	67.1173893044	-0.00325126294047	0.00372735480778	0.00672030216083
-2.15634775138	-61.0	66.8662806015	-0.00284851482138	0.00372825097293	0.00661916006356
-2.49638236511	-61.0	66.8628433062	-0.00314482417889	0.00370408967137	0.00655570393428
-2.18715015686	-61.0	67.2651657347	-0.00289511820301	0.00377213279717	0.00690293405205
-8.22316825882	-61.0	63.6360837097	-0.0067102368921	0.00267908512615	0.00283948029391
-7.79857753705	-61.0	64.0620140198	-0.00654961355031	0.00279013486579	0.00322453374974
-8.09980768350	-61.0	64.1533216874	-0.00675265165046	0.0027822710108	0.00320185674354
-8.30543542489	-61.0	63.8928918514	-0.00681718857959	0.00271917809732	0.00298030348495
-7.97241252772	-61.0	63.6148808803	-0.00655682617798	0.00269526988268	0.0028909672983
-7.76166360069	-61.0	63.8155572880	-0.00647414196283	0.00274884444661	0.00307467090897
8.18978776529	-61.0	48.3572692137	0.00290191615932	9.62876220001e-05	-0.00491275824606
8.58694770596	-61.0	48.6589908726	0.00309736793861	0.000152232300024	-0.00481242965907
8.62681554186	-61.0	48.3744665059	0.00309464707971	0.00010433402349	-0.00493920128793
8.35951408745	-61.0	48.7895620677	0.00300636328757	0.000171993378899	-0.0047377650626
8.14351122951	-61.0	48.6671833909	0.00290251919068	0.000148736129631	-0.00477466033772
8.43203917106	-61.0	48.2095822841	0.00299799954519	7.39859824535e-05	-0.00499529344961
3.50117643980	-61.0	54.9115266237	0.00110332784243	0.00132078840397	-0.00167146860622
3.38476316864	-61.0	55.1854688146	0.0010587311117	0.00138130586129	-0.00153139105532
3.80871882205	-61.0	54.9062292489	0.00126601138618	0.00131706835236	-0.00168117962312
3.50215827698	-61.0	55.3812137871	0.00113502400927	0.00142302864697	-0.00143451080658
3.85340128324	-61.0	55.2069636687	0.00131102802698	0.0013811980607	-0.00153101375327
3.71217636849	-61.0	55.3383699354	0.00124501739629	0.00141127721872	-0.00146094651427
-5.31740227015	-61.0	49.9797610189	-0.00323469587602	0.000197344837943	-0.00415258202702
-5.03661640492	-61.0	49.6044239764	-0.00308162113652	0.000137289491249	-0.0043035633862
-5.58977341128	-61.0	49.8624245586	-0.0033515417017	0.000170224710018	-0.00422128802165
-5.54001183069	-61.0	49.5590799494	-0.00330821587704	0.000118078714877	-0.00435310835019
-5.21867281731	-61.0	49.4227304984	-0.00315310712904	0.000101336809166	-0.0043945396319
-5.13903979397	-61.0	49.8365648487	-0.00314335944131	0.000176050103619	-0.00420608883724
-5.41345605880	-61.0	49.4472706855	-0.00324325682595	0.000101344005088	-0.00439508026466
8.27610332986	-61.0	53.1258764452	0.00333787268028	0.000938015640713	-0.00278150197119
8.11209138178	-61.0	53.3501973510	0.0032824005466	0.000979591393843	-0.00266294553876
8.70255385612	-61.0	53.2762978394	0.00355652277358	0.000964846578427	-0.00274698971771
8.50099983194	-61.0	53.1943145493	0.00345198903233	0.000950200366788	-0.0027680892963
8.19915480569	-61.0	53.5894376526	0.00334893539548	0.00102350697853	-0.00255697080866
8.68512574827	-61.0	53.4803177621	0.00357004301623	0.00100207387004	-0.00264963833615
8.49376404094	-61.0	53.6191014374	0.0034934442956	0.00102800969034	-0.00256755948067
4.87354310279	-61.0	64.4804584553	0.00291219819337	0.00324380793609	0.00424067210406
4.42874797749	-61.0	64.8653267548	0.00265417783521	0.00334068317898	0.00461674900725
4.88732041328	-61.0	64.7668855584	0.00295052374713	0.00328473118134	0.00443783868104
4.70229037167	-61.0	64.9312413432	0.00284446822479	0.003324868856	0.00459743151441
4.48675661775	-61.0	64.5648632428	0.0026659166906	0.00329263368621	0.00438851676881
4.67084689618	-61.0	64.4484790825	0.00277666188776	0.00325796729885	0.00426387554035
-4.25928316970	-61.0	63.4826517456	-0.00423651514575	0.00305943307467	0.00363792083226
-4.11621320287	-61.0	63.7045250298	-0.00416582543403	0.00311571056955	0.00383442221209
-3.83574008439	-61.0	63.7113129534	-0.00397761259228	0.00315654394217	0.00389298633672
-3.71239929539	-61.0	63.4357570923	-0.00386810768396	0.00313083501533	0.00370039232075
-3.94532905045	-61.0	63.1865201581	-0.00399787211791	0.00305392988957	0.00346686784178
-4.13260125146	-61.0	63.2923044137	-0.00413223681971	0.00304490234703	0.00351589266211
-3.04284595123	-61.0	60.9043796593	-0.00313386251219	0.00271229678765	0.00181915587746
-3.03706459241	-61.0	60.6437294009	-0.00309499329887	0.00264646532014	0.00163126224652
-2.79156561759	-61.0	60.5031648359	-0.00291637028567	0.00264231092297	0.00154064153321
-2.52562861503	-61.0	60.6054829818	-0.00275290105492	0.00270569883287	0.00162178114988
-2.84760963988	-61.0	61.0363596100	-0.00302323163487	0.00277452566661	0.00192578777205
-2.47233014819	-61.0	60.8140763011	-0.0027429475449	0.00277074729092	0.00177526485641
-2.64031956824	-61.0	60.9612679122	-0.00287517393008	0.00278596254066	0.00187864014879
-5.98906080415	-61.0	53.3671813301	-0.00383063429035	0.000805422896519	-0.00263745407574
-6.22567400966	-61.0	53.0182901058	-0.00391076598316	0.000730272091459	-0.00281996140257
-5.80370021693	-61.0	53.1306606501	-0.0037174501922	0.000766435230616	-0.00273717404343
-5.96609620080	-61.0	52.8904292527	-0.00377325946465	0.000714861031156	-0.00286189373583
-6.21277078981	-61.0	53.2687350544	-0.00392941338941	0.000778462097514	-0.0027003728319
-3.67094862936	-61.0	55.9985340233	-0.00290498347022	0.00144708261359	-0.00119014387019
-3.87871299053	-61.0	55.8121512202	-0.00299911270849	0.00139577302616	-0.00129669520538
-4.12323876075	-61.0	55.9376246951	-0.00314369611442	0.00141182460357	-0.00124273367692
-4.10338519846	-61.0	56.2052459897	-0.00316161382943	0.00147203006782	-0.00110086554196
-3.87746314805	-61.0	56.3394397998	-0.00305291661061	0.00151363934856	-0.00101896736305
-3.70677586800	-61.0	56.1848123905	-0.00294326152653	0.00148731062654	-0.00109353370499
0.715412183375	-61.0	55.2379040148	-0.000409443309763	0.00139728141949	-0.00148855347652
0.93171772684	-61.0	55.4081426840	-0.000286001799395	0.0014385675313	-0.00140166375786
0.908464312152	-61.0	55.6754147112	-0.000295436271699	0.00150153995492	-0.00126572302543
0.51046835735	-61.0	55.7861985914	-0.000522552116308	0.00152514886577	-0.00121105543803
0.482457020089	-61.0	55.2883217481	-0.000539970060345	0.00140682095662	-0.00146449159365
0.394563412421	-61.0	55.5440626697	-0.000589380855672	0.00146608788054	-0.00133555487264
0.717128948252	-61.0	55.7753961806	-0.000403805519454	0.00152424781118	-0.00121539167594
-8.55745064460	-61.0	48.3751306255	-0.00457174982876	-0.000144866484334	-0.00509697245434
-8.63374921970	-61.0	48.6275243875	-0.00462611764669	-0.000105285740574	-0.00499354675412
-8.31050115575	-61.0	48.3318972627	-0.00445917248726	-0.000147204991663	-0.00509452773258
-8.45603236797	-61.0	48.8181714458	-0.00456297630444	-7.05669881427e-05	-0.00489465286955
-8.22309501427	-61.0	48.7600980805	-0.0044546732679	-7.54110296839e-05	-0.00490009458736
-8.16911102252	-61.0	48.5268155352	-0.00441202707589	-0.000112646899652	-0.00499752163887
-2.76580938722	-61.0	51.8297432143	-0.00213917484507	0.000603367516305	-0.0031925458461
-3.29544358054	-61.0	51.8213096281	-0.00239668856375	0.000588649185374	-0.00321646290831
-2.73312179518	-61.0	51.5842671906	-0.00211118115112	0.000556402490474	-0.00330442097038
-3.26152898069	-61.0	51.5758826105	-0.00236651813611	0.000542119902093	-0.0033281231299
-3.04530075516	-61.0	51.9297158355	-0.00228086602874	0.000616044388153	-0.00315658003092
-2.97747155545	-61.0	51.4388618004	-0.00222215754911	0.000522633374203	-0.00337998010218
4.90714874757	-61.0	65.8555618538	0.00308742350899	0.00343779707327	0.00518322037533
4.72268850483	-61.0	66.0900952455	0.0029902511742	0.0034845052287	0.00539578078315
5.22528182487	-61.0	65.8936778348	0.00330972741358	0.00341843208298	0.00511992257088
4.80275163083	-61.0	66.3387918561	0.00308226048946	0.00351211498491	0.00554271321744
5.19069968985	-61.0	66.2234547769	0.00333504984155	0.00346649321727	0.00535119278356
5.00966541815	-61.0	66.3431120614	0.00322844693437	0.00349665572867	0.0054847728461
6.42997524063	-61.0	49.9495708330	0.0022187512368	0.000357624550816	-0.00410154927522
6.53011147096	-61.0	50.5400355709	0.00230247643776	0.000463860866148	-0.00384457502514
6.26305814966	-61.0	50.5197841148	0.00217811204493	0.00045873306226	-0.00383911770768
6.67206671473	-61.0	50.314351846	0.00235265679657	0.000424232246587	-0.00395324314013
6.21589411492	-61.0	50.0784513815	0.00212897406891	0.000379175326088	-0.00403306353837
6.12330888401	-61.0	50.2878407173	0.00209929607809	0.0004161359102	-0.0039352835156
6.63607753222	-61.0	50.0529195054	0.00231914175674	0.000377401564037	-0.00406727194786
1.59879738189	-61.0	50.3612115869	-7.46221257941e-06	0.000394002039684	-0.00378760206513
1.53204131237	-61.0	50.5799587584	-3.67637549061e-05	0.00043454542174	-0.00368936941959
1.26424621969	-61.0	50.6503761161	-0.000163550605066	0.000444857229013	-0.00365756149404
1.10926242494	-61.0	50.4741314078	-0.000238261389313	0.0004095818731	-0.00373695790768
1.21205745748	-61.0	50.2921581181	-0.000190567821846	0.00037652940955	-0.00381831033155
1.43020074101	-61.0	50.2269100851	-8.8214117568e-05	0.000366875727195	-0.00384741812013
4.36918490331	-61.0	53.7997070896	0.00148060033098	0.0010828548111	-0.00224066665396
4.63380465212	-61.0	53.7942411544	0.0016142022796	0.00108056666795	-0.00225209072232
4.66294619932	-61.0	53.3502779811	0.0015981271863	0.000991403707303	-0.00246602017432
4.80544860052	-61.0	53.5329241186	0.00168200803455	0.00102737499401	-0.00238388055004
4.45493189623	-61.0	53.3606405506	0.00149478134699	0.000993993598968	-0.00245405733585
4.34837008810	-61.0	53.5606259639	0.0014542270219	0.00103448959999	-0.00235504005104
10.3081196793	-61.0	52.2660655058	0.00420202454552	0.000787746568676	-0.00336732226424
10.5858724856	-61.0	51.7926000935	0.00427926843986	0.000707397353835	-0.00361100048758
10.5486689278	-61.0	52.2451140230	0.00431142328307	0.000785334908869	-0.00340239470825
10.3291571959	-61.0	51.6524910714	0.00414612703025	0.000681498961058	-0.00364707945846
10.1215907166	-61.0	51.8545610741	0.00407154811546	0.00071519787889	-0.00353466439992
10.6668523733	-61.0	52.0143079002	0.00434073712677	0.000746132049244	-0.00351969478652
10.1213864657	-61.0	52.0931072258	0.00409667519853	0.000756700232159	-0.00342659489252
-5.86407719551	-61.0	57.8189975091	-0.00432116165757	0.00171948352363	-0.000334210053552
-5.87128447339	-61.0	58.0694235200	-0.00436320016161	0.00177233968861	-0.000192756022443
-5.64761292824	-61.0	58.1770926790	-0.00425919471309	0.00181122287177	-0.000111167362775
-5.63256584972	-61.0	57.7573592903	-0.00418797787279	0.00172185420524	-0.000349189329427
-5.49089150194	-61.0	57.9544602076	-0.00414080405608	0.00177411804907	-0.000225696247071
9.31982771987	-61.0	55.8392420805	0.00416242750362	0.00143194873817	-0.00157068879344
8.89569823687	-61.0	55.5077079454	0.00391056668013	0.00137492688373	-0.0016910986742
9.32013791590	-61.0	55.5610289024	0.00412574689835	0.00138060585596	-0.00170841440558
8.81618959287	-61.0	55.7265518973	0.00389950117096	0.00141661823727	-0.00157446123194
9.10688127160	-61.0	55.4901272004	0.00401199050248	0.00136954640038	-0.00172114209272
9.11750003354	-61.0	55.9309154035	0.00407497351989	0.00145117996726	-0.0015034340322
8.93292829571	-61.0	55.9336814604	0.00398418400437	0.00145390280522	-0.00148281268775
7.19415826376	-61.0	47.4630416057	0.00241503142752	-6.74904731568e-05	-0.0052300542593
6.80761179964	-61.0	47.2775807035	0.00223892391659	-0.000103310776467	-0.00528617203236
6.87876275461	-61.0	47.0377059711	0.00225797924213	-0.000143502053106	-0.00539336306974
7.34324296310	-61.0	47.3291223774	0.00247217202559	-8.86783382157e-05	-0.00529724406078
7.12867781149	-61.0	46.9942122879	0.00236284616403	-0.000148170307511	-0.00542729441077
7.00560640191	-61.0	47.4565458820	0.00233325478621	-7.0629081165e-05	-0.00522109540179
7.29425240856	-61.0	47.1299919261	0.00244063464925	-0.000123158315546	-0.00537959020585
-1.29620396583	-61.0	64.0432017328	-0.00205941847526	0.00359369814396	0.00454782275483
-1.11546197247	-61.0	64.5227146775	-0.00190465792548	0.00364343891852	0.00496775330976
-1.45134805308	-61.0	64.2110739608	-0.00219435361214	0.00358531437814	0.004673990421
-1.37681438017	-61.0	64.5062633459	-0.0021326369606	0.00361367943697	0.00492771575227
-1.03460473065	-61.0	64.3330791111	-0.00183264550287	0.00364226847887	0.00481698755175
-1.10869845942	-61.0	64.1572058332	-0.00189713947475	0.00362432608381	0.00466208765283
-3.95506459908	-61.0	65.1252311983	-0.0041886609979	0.00334753468633	0.00494866631925
-4.04135072406	-61.0	64.8759857553	-0.00422823149711	0.0033022807911	0.00474138278514
-3.90270654769	-61.0	64.6614342420	-0.00410967413336	0.00328872050159	0.00461008260027
-3.6524959579	-61.0	64.7101800026	-0.0039336970076	0.00332723720931	0.00470167025924
-3.60438142906	-61.0	64.9665800762	-0.00391793204471	0.00336755043827	0.00490803690627
-3.75719703792	-61.0	65.1277502445	-0.00404348690063	0.0033707828261	0.00499604409561
3.36346326813	-61.0	45.1297545944	0.000719724630471	-0.00049722706899	-0.00607618270442
3.89691743019	-61.0	45.2997339254	0.000945119012613	-0.000464541313704	-0.00601401878521
3.75551741586	-61.0	44.9279475389	0.000882093096152	-0.000526543124579	-0.00616914592683
3.50546582005	-61.0	44.9211181004	0.000777642126195	-0.000529836863279	-0.00616733683273
3.45809971483	-61.0	45.3813970984	0.000761509931181	-0.000455184199382	-0.00597060844302
3.87911589304	-61.0	45.0864959198	0.000935284246225	-0.000499639427289	-0.00610433379188
3.73089736494	-61.0	45.4486131291	0.00087703455938	-0.000441562850028	-0.0059471167624
-11.3720199003	-61.0	56.9959395638	-0.00695204455405	0.00124378746841	-0.00151068065315
-11.2946308580	-61.0	56.6041501482	-0.00684090238065	0.00117697042879	-0.0016840234166
-11.1085987093	-61.0	57.0746565697	-0.00683847442269	0.00127252191305	-0.00142636557575
-10.8746723816	-61.0	56.9123110362	-0.00669375713915	0.00125538383145	-0.00146506656893
-10.9278570944	-61.0	56.6435739676	-0.00667023239657	0.00120365503244	-0.00160389847588
-11.4120130942	-61.0	56.7827720218	-0.00693107303232	0.0012028812198	-0.00161937845405
-9.79303640137	-61.0	57.2399707698	-0.00622486462817	0.00137224048376	-0.00112825573888
-9.29288976665	-61.0	57.4485553081	-0.00601554010063	0.00143811746966	-0.000945792649873
-9.77528808036	-61.0	57.4781056448	-0.00625973613933	0.00141767272726	-0.00100447959267
-9.56645457972	-61.0	57.1239224667	-0.00609259353951	0.0013624210842	-0.00115273613483
-9.51748046044	-61.0	57.5815921657	-0.00615114532411	0.00145101163071	-0.000911218754482
-9.31533884501	-61.0	57.2452916291	-0.00599037064239	0.00139851029962	-0.00105371046811
9.27495510442	-61.0	61.7419439437	0.00507389055565	0.00251897680573	0.0016220936086
8.99340295662	-61.0	61.4310148318	0.0048669623211	0.00247283605859	0.00149206537753
9.15419344118	-61.0	61.1934641165	0.00491181807593	0.00242462405004	0.00132639019284
9.47753927164	-61.0	61.6541362609	0.00516745680943	0.00249686650932	0.00153377919924
9.06131525228	-61.0	61.6529195012	0.00494251726195	0.00251027359627	0.00160934997257
9.38633607391	-61.0	61.2822608579	0.00505170179531	0.00243316637352	0.00133672985248
9.52657456566	-61.0	61.4517826189	0.00515721831471	0.00245922757313	0.00140859256499
0.945887537889	-61.0	54.0623603516	-0.000294105673674	0.00113463227171	-0.00206848350354
1.37019697899	-61.0	54.3833100792	-6.19639176875e-05	0.00120823609177	-0.00191142503172
1.40731878987	-61.0	54.1574891475	-4.65353114123e-05	0.00115889008157	-0.0020217676647
0.981968295898	-61.0	54.3468973315	-0.000271703203907	0.00119747617282	-0.00192969839554
1.21271579504	-61.0	54.5230618538	-0.000144445963087	0.00123827776406	-0.00184282183181
1.20664035129	-61.0	53.9975813022	-0.000156140609761	0.00112270959653	-0.00209943461232
-11.1365473916	-61.0	53.8559700867	-0.00633121002465	0.000700780190527	-0.0029314593412
-11.2653208847	-61.0	53.3376366819	-0.00632125604898	0.000608253758401	-0.00318171735853
-11.3733089533	-61.0	53.5592083362	-0.0064011500217	0.000641337712295	-0.00309595698491
-10.9987543362	-61.0	53.4042673119	-0.00620616460219	0.000629298912827	-0.00311815855093
-10.9446663899	-61.0	53.6638224497	-0.00621548201889	0.000675517774653	-0.00299397064373
-11.3675260413	-61.0	53.7634424380	-0.00642635766417	0.00067586498335	-0.00300330086611
-0.834724111216	-61.0	67.3262207039	-0.0016617908841	0.00384260411374	0.00710848951712
-0.225421257074	-61.0	67.2103957735	-0.00109318690374	0.00384531146847	0.00704878615215
-0.648291374202	-61.0	67.5766551127	-0.00148981518578	0.00387450982817	0.00729808397591
-0.243873220174	-61.0	67.4598851178	-0.00110940693412	0.00387002923526	0.00722678331658
-0.384222308872	-61.0	67.6170670028	-0.00124123436399	0.00388456182554	0.00733635341749
-0.691393961694	-61.0	67.1132254772	-0.00152688054368	0.00382572412491	0.0069641796872
-0.464260775946	-61.0	67.0927009933	-0.00131591514219	0.00382972392254	0.00695930002257
-9.16305462133	-61.0	59.6213627696	-0.00636802054942	0.00185902498197	0.000238567576162
-9.14527415459	-61.0	60.1595736617	-0.00646968511865	0.00196254183538	0.000543150410522
-9.30343189514	-61.0	59.7925883088	-0.00647624162957	0.00188259372953	0.000307708949549
-8.95041267935	-61.0	59.7207761297	-0.00627742242068	0.00189175945707	0.000332436262397
-8.90170356316	-61.0	59.9406260958	-0.00629653269425	0.00193700578529	0.000465072807856
-9.25414811147	-61.0	59.9975243386	-0.00649306178093	0.00192465516739	0.000431257009041
-8.97192845651	-61.0	60.1375409949	-0.0063738184981	0.00196988065727	0.000563611567486
2.47723981462	-61.0	59.7409527032	0.000894498138223	0.00253744446672	0.00105743925087
2.56543435430	-61.0	59.9956679019	0.000978183816187	0.00260088942014	0.00122644659132
2.40770037426	-61.0	60.1915819964	0.000893773685675	0.00266962614842	0.00136072153691
2.08648623329	-61.0	59.9589623328	0.000654793751892	0.00263064540923	0.00120250869077
2.20100889368	-61.0	60.1705141768	0.000752391060814	0.00268260366283	0.00134674878791
2.19877807120	-61.0	59.7642192850	0.000712556939106	0.00256521813571	0.00107296102215
-6.27809695363	-61.0	65.5054760170	-0.00587027519941	0.00317265302874	0.00461465818807
-5.79167050515	-61.0	65.3191117460	-0.0055065699853	0.00318608386442	0.00462136277929
-6.03235497934	-61.0	65.1765712969	-0.00564508978277	0.0031398483552	0.00445533171296
-6.21556299342	-61.0	65.3141745839	-0.00579267181456	0.00314609799534	0.00450011063367
-6.11043284508	-61.0	65.6201537957	-0.00577722070739	0.00320675037801	0.00474215950817
-5.93052777730	-61.0	65.5123349314	-0.00563452392817	0.00320507679135	0.00471824128181
8.82771994967	-61.0	57.3331138073	0.00412452034652	0.00171799783129	-0.00075568939792
8.94432109364	-61.0	56.7988473745	0.00410736864433	0.00161557062529	-0.00104541250039
8.74908646472	-61.0	56.8436977641	0.00401578377932	0.00162726617418	-0.00100118434057
9.03222064746	-61.0	57.0002691899	0.00417980039492	0.00165183015633	-0.00095154158771
8.66492298842	-61.0	57.1169459259	0.0040116426535	0.00168035191018	-0.00085052207578
9.01508108111	-61.0	57.2646266132	0.00420908723027	0.00170161155984	-0.000812705082353
-5.54370424352	-61.0	54.4405269719	-0.00372101389803	0.00103382882662	-0.00208623241633
-5.71874511680	-61.0	54.9685786258	-0.00386733934283	0.00113290536683	-0.00183557753917
-5.50547590098	-61.0	54.7381749668	-0.00373384729028	0.00109551555943	-0.00193606154062
-5.78323613887	-61.0	54.3718056611	-0.00383339147083	0.00101023411844	-0.00213654851541
-5.89763454655	-61.0	54.7935294823	-0.00393741717562	0.0010897127213	-0.00193598342594
-5.95805662850	-61.0	54.5686131809	-0.00394221162423	0.00104214553721	-0.002052038908
2.57923584590	-61.0	50.1213137643	0.000449178245617	0.000359355763067	-0.00390142970718
3.01886922287	-61.0	50.1265846887	0.00065456063021	0.000364418432582	-0.00390507793054
2.62930289804	-61.0	49.9572533856	0.000468921090942	0.000329479982611	-0.00397501513362
2.88231512726	-61.0	49.8960429564	0.000585055793636	0.000320636463584	-0.00400551874191
2.79090089211	-61.0	50.2380346024	0.000550940865651	0.000383029691875	-0.00385203957558
6.58157340763	-61.0	55.1956778545	0.00272308220156	0.00134323176462	-0.00165716931224
6.32749936814	-61.0	54.7136642113	0.00254590250552	0.00125105609186	-0.00188147649169
6.74551811915	-61.0	55.0013615369	0.00278498698026	0.00130293448456	-0.00176485278644
6.74247817631	-61.0	54.7442559171	0.00275665754452	0.00125268672127	-0.00189205806237
6.52435563408	-61.0	54.5568932805	0.00262889056467	0.00121825933456	-0.0019705502782
6.36401926987	-61.0	55.1131057340	0.00260458770208	0.00132971664425	-0.00168499036226
6.31904879919	-61.0	54.8985254669	0.00256006093696	0.00128770223819	-0.00178934261203
5.21069253036	-61.0	46.1737844429	0.00151540734805	-0.000306913687382	-0.0056810635142
4.92344870414	-61.0	45.7263866359	0.00138331076596	-0.000384727929486	-0.00586129864678
4.94713622797	-61.0	46.0226062512	0.00140002847183	-0.000334824435413	-0.00573591049761
5.38632326520	-61.0	45.9546592372	0.00158369203564	-0.00034226803109	-0.00578139908612
5.13228481941	-61.0	45.6580947186	0.00146947312169	-0.000394323520595	-0.00589781301096
5.31797569730	-61.0	45.7227001149	0.00154891179409	-0.000381879188353	-0.00587742030621
-9.83458180058	-61.0	62.1882782048	-0.00729364156723	0.00229666009545	0.00155459530652
-9.54666277328	-61.0	62.2135660033	-0.00714032584801	0.00232060300186	0.00163965928368
-9.95883066206	-61.0	61.9256152210	-0.00729931518435	0.00223996606655	0.00137296679895
-9.65519115993	-61.0	61.7188952303	-0.00708489166573	0.00222154380754	0.00132613792084
-9.83080708729	-61.0	61.7646477174	-0.00719134695828	0.0022184564732	0.00131125177722
-9.51629967802	-61.0	61.9345280387	-0.0070586190559	0.00227094488218	0.00148380699102
-4.70455980235	-61.0	45.7773902428	-0.0027287225239	-0.000497867702506	-0.00595460599288
-4.31658191391	-61.0	45.6838844470	-0.00255816150457	-0.000506870565005	-0.00597500894219
-4.75833327281	-61.0	46.0375142773	-0.00276405364275	-0.000457185757114	-0.00584535161033
-4.19357132994	-61.0	45.8653056838	-0.00251329154707	-0.000476050830912	-0.00589084625244
-4.51475899997	-61.0	46.2233942207	-0.00266773742624	-0.000423498509917	-0.00575247360393
-4.27810449506	-61.0	46.1047884076	-0.00256021041423	-0.00043890113011	-0.00579176424071
-4.52550869184	-61.0	45.6937995894	-0.00264812726527	-0.000508444791194	-0.00598128186539
2.75613847295	-61.0	56.7884542551	0.00081611040514	0.00175678404048	-0.00068633275805
2.69203416473	-61.0	57.1874660356	0.000807032629382	0.00185506115668	-0.000468448270112
2.48871021443	-61.0	57.1472644240	0.000684448925313	0.00184976134915	-0.000489068392199
2.54683593866	-61.0	56.7877892321	0.00069482717663	0.00176055193879	-0.000684852013364
2.44728824257	-61.0	56.9675029146	0.000648252957035	0.0018062434392	-0.000586936599575
2.77578845468	-61.0	57.0143285426	0.000843477551825	0.00181086466182	-0.000564032292459
-0.0184808331938	-61.0	56.8361766674	-0.000838713021949	0.00178132241126	-0.000665017520078
-0.343812148428	-61.0	56.8055574258	-0.00103576714173	0.00176767958328	-0.000684514117893
-0.448153370878	-61.0	57.1004438711	-0.00110671727452	0.00184261868708	-0.000526562158484
-0.0156681182504	-61.0	57.2874755840	-0.000842033885419	0.00190071458928	-0.000420627067797
-0.298050338203	-61.0	57.2289563395	-0.00101694010664	0.00188006297685	-0.000455147091998
0.0220183156815	-61.0	57.0907252468	-0.000816587882582	0.00184868450742	-0.000527475960553
0.672163726198	-61.0	58.1074619976	-0.000400491378969	0.0021337068174	4.38539027527e-05
0.960803806453	-61.0	58.3696441409	-0.000204502270208	0.00220724660903	0.000198067224119
0.529616929662	-61.0	58.4539800372	-0.000489275378641	0.00223547732458	0.000243610920734
0.811918550062	-61.0	58.5679038947	-0.000297674938338	0.00226760399528	0.000313341559377
0.851566186753	-61.0	58.2126403005	-0.000280874053715	0.00216293381527	0.00010589712474
0.505226700502	-61.0	58.2262718044	-0.000508313300088	0.00216833408922	0.000110869084892
1.84579644787	-61.0	48.0819594146	8.5762985691e-05	-1.63722233992e-05	-0.00479284767061
1.77271901912	-61.0	47.7874109215	5.15774299856e-05	-6.86131606926e-05	-0.0049205715768
2.04506898271	-61.0	47.6434481415	0.000171246923856	-9.02788669919e-05	-0.00498397927731
2.03596134695	-61.0	48.2763860071	0.000172290427145	2.00278100237e-05	-0.00470903282985
2.31493174205	-61.0	47.7888395542	0.000291804230073	-6.19144630036e-05	-0.00492266053334
2.26299158330	-61.0	48.2250365214	0.000273344834568	1.36490962177e-05	-0.00473281182349
2.33434872362	-61.0	48.0238828702	0.000302914035274	-2.07642224268e-05	-0.0048208180815
-7.20305929456	-61.0	58.7308149768	-0.00517803616822	0.00181625690311	4.00883945986e-05
-6.92071396460	-61.0	58.3567746497	-0.00496593909338	0.00175979116466	-0.00013808622316
-6.94901960505	-61.0	58.8857442670	-0.00507087819278	0.00186565041076	0.000161255258718
-6.72487091086	-61.0	58.5175074304	-0.00488964887336	0.00180626311339	-2.39250748564e-05
-6.73884042770	-61.0	58.7544000499	-0.0049369209446	0.00185396778397	0.00011080638069
-7.09341663683	-61.0	58.4887742471	-0.00507882935926	0.00177486846223	-8.39214844746e-05
11.1411584648	-61.0	57.4577623113	0.00530135724694	0.00170690461528	-0.000992755871266
11.4045010202	-61.0	56.9816573631	0.00535589503124	0.00161968602333	-0.00126824295148
11.6765101169	-61.0	57.3883665676	0.00555624719709	0.0016900220653	-0.00110770820174
11.0991717192	-61.0	57.2030522030	0.00523980939761	0.00166169775184	-0.00111411861144
11.4260823880	-61.0	57.5209280476	0.00545344781131	0.00171555089764	-0.00100360601209
11.2360656242	-61.0	57.0443998495	0.00528253754601	0.00163214770146	-0.00121276965365
11.5341443834	-61.0	57.1607504597	0.00544862495735	0.00165061606094	-0.00119885418098
-10.5110892476	-61.0	51.0719837031	-0.005702260416	0.00025451136753	-0.00410408200696
-10.3958182363	-61.0	51.5759354702	-0.005705579184	0.000341145118	-0.00386750511825
-10.9295736577	-61.0	51.1952873585	-0.00590588431805	0.000264100322966	-0.00409670127556
-10.6481396645	-61.0	51.5750232711	-0.00582068040967	0.000334035838023	-0.00389616424218
-10.8565317203	-61.0	51.4061246686	-0.00589647004381	0.000300548184896	-0.0039949119091
-10.3933572725	-61.0	51.2815636423	-0.00567170418799	0.000292236771202	-0.0039981608279
-10.7908438282	-61.0	51.0062203243	-0.00582194933668	0.000236669555306	-0.00416447408497
4.52734104942	-61.0	63.1443778631	0.00255972682498	0.00306894863024	0.00335279176943
4.54750179898	-61.0	63.4242855492	0.00259993597865	0.00311301136389	0.00355260865763
4.78710648336	-61.0	63.0665420692	0.00271282391623	0.00302834180184	0.00325299473479
4.81005197226	-61.0	63.5543962931	0.00277809752151	0.00310686137527	0.00359767605551
5.03616969377	-61.0	63.3567179946	0.00289777480066	0.00305249076337	0.00341528165154
4.96864752946	-61.0	63.1604493145	0.00283465487882	0.00302617880516	0.00328868278302
2.97421153219	-61.0	66.9028870005	0.00175466982182	0.00371952797286	0.00643248297274
2.82905207727	-61.0	67.5712052436	0.00170262251049	0.00381279434077	0.00693748705089
2.63831104685	-61.0	67.3688083718	0.00151671946514	0.00379672343843	0.00683875707909
3.08424294401	-61.0	67.5192693728	0.00191477721091	0.00379203795455	0.00683922506869
3.21190554401	-61.0	67.0562967825	0.00196616305038	0.00372363138013	0.00648271664977
3.22815135999	-61.0	67.2909920192	0.00200730911456	0.00375319155864	0.00664321705699
2.75249400614	-61.0	67.1127097517	0.00158953107893	0.00375869637355	0.00663238298148
11.1338493785	-61.0	58.7894129435	0.00552050350234	0.00194551271852	-0.00031351330108
11.3323779868	-61.0	59.2035751865	0.00569465523586	0.00201683584601	-0.000131922512082
10.9838200317	-61.0	59.3194581944	0.00553699210286	0.00204271590337	-1.28725741888e-05
11.3242336538	-61.0	58.9502445040	0.00564543576911	0.00197172327898	-0.000261649984168
10.8473717856	-61.0	59.0950307995	0.00542777776718	0.00200462737121	-0.000108158106741
11.1852949457	-61.0	59.3360141652	0.00564314611256	0.00204257504083	-3.80548008252e-05
10.9403639166	-61.0	58.8547953041	0.00543351145461	0.00196001306176	-0.000248514523264
0.328783121796	-61.0	44.5841265832	-0.000553550606128	-0.000617434910964	-0.0063039874658
-0.263384683106	-61.0	44.6122877493	-0.000803079106845	-0.000620307633653	-0.006300478708
-0.046862631276	-61.0	44.2894708825	-0.000706830411218	-0.000668306951411	-0.00643499288708
0.105054170542	-61.0	44.9176463709	-0.000652516377158	-0.000567285576835	-0.00616428535432
0.223169186912	-61.0	44.3542463150	-0.000594687007833	-0.000654883158859	-0.00640350952744
-0.140745809067	-61.0	44.8639523436	-0.00075555179501	-0.000578921695706	-0.0061908531934
-0.180192049296	-61.0	44.4328277138	-0.000765075674281	-0.000647497246973	-0.00637582782656
0.229189252961	-61.0	44.7499969972	-0.000597741222009	-0.000592400319874	-0.00623433338478
-3.46762696933	-61.0	66.7894936915	-0.00395875470713	0.00361942220479	0.0062932218425
-3.31660080124	-61.0	66.3179002656	-0.00379545497708	0.00357074663043	0.00598413310945
-3.69997655355	-61.0	66.1796185279	-0.00408951519057	0.00351729430258	0.00579219311476
-3.29669060986	-61.0	66.5694080469	-0.00379914790392	0.00360463326797	0.00617294246331
-3.74655357739	-61.0	66.4674675874	-0.00415364280343	0.00355202052742	0.00599128985777
-3.70250682027	-61.0	66.7258241260	-0.00414419732988	0.00359131325968	0.0061899498105
-3.46238208936	-61.0	66.2052160497	-0.00390359549783	0.00354290474206	0.0058675557375
8.59498511259	-61.0	50.9317617986	0.00328071205877	0.00054509571055	-0.00381089793518
8.16760586603	-61.0	50.7062559680	0.00306607875973	0.000502816983499	-0.00387822836637
8.54682239413	-61.0	51.2012553276	0.00328219681978	0.000592309399508	-0.00368599174544
8.44048567803	-61.0	50.6871844535	0.00318918819539	0.000501186063047	-0.00390788912773
8.04784851533	-61.0	50.9254858437	0.00302918907255	0.000540873559657	-0.00377108016983
8.23270473470	-61.0	51.1966461205	0.00313708139583	0.000589925271925	-0.00366323278286
-0.977787718793	-61.0	59.9954100023	-0.00159437092952	0.00268855714239	0.00120521697681
-0.599976065059	-61.0	59.7299098307	-0.00130150024779	0.00262219784781	0.00102713145316
-1.13978478913	-61.0	59.8703846726	-0.00170359795447	0.00263528805226	0.00112051179167
-0.743104717684	-61.0	59.9546689749	-0.00141833792441	0.00269031967036	0.00117749499623
-1.02002539028	-61.0	59.4495069333	-0.00158827169798	0.00250745355152	0.0008440813981
-1.12372123327	-61.0	59.6483245662	-0.00167557585519	0.00256451428868	0.000973012240138
-0.75288486017	-61.0	59.5214554197	-0.00140220625326	0.00254568178207	0.000890817842446
-6.92230000464	-61.0	61.2113605252	-0.0054758284241	0.00233434815891	0.00157798570581
-7.43868687934	-61.0	61.3692611730	-0.00579292001203	0.00232074758969	0.00158441311214
-6.98886624387	-61.0	61.4389954908	-0.00555538898334	0.00237283110619	0.00171117438003
-7.24203499433	-61.0	61.5298205134	-0.00571427028626	0.00236830417998	0.00172230962198
-7.09080693628	-61.0	60.9702501628	-0.00552443088964	0.00227250764146	0.00139710016083
-7.36272125738	-61.0	61.1082597893	-0.00570064457133	0.00227659521624	0.00143565167673
-3.83308053573	-61.0	52.1443768521	-0.00267808721401	0.000637129473034	-0.00308984820731
-4.18088138465	-61.0	52.6089553312	-0.00288040749729	0.000717835966498	-0.00288916169666
-3.80965091626	-61.0	52.3631800803	-0.00268110539764	0.000680469325744	-0.00298680411652
-4.36128806758	-61.0	52.4496745014	-0.00295699085109	0.000681330799125	-0.00297289318405
-4.08322336111	-61.0	52.0359706447	-0.00279242312536	0.000609221868217	-0.00315188569948
-4.36875049706	-61.0	52.1936218101	-0.00294189318083	0.000631531351246	-0.00309277325869
-3.89064621099	-61.0	52.5627455495	-0.00273444410414	0.000717343529686	-0.00289704510942
7.23569806903	-61.0	62.8829395174	0.00413531484082	0.00280877784826	0.0026925848797
7.01334586837	-61.0	62.7182051355	0.00398306921124	0.00279285758734	0.00262855459005
6.77058940335	-61.0	62.8146288919	0.00385828991421	0.00282440590672	0.00273445970379
6.86000637399	-61.0	63.2105115147	0.0039685703814	0.00288696261123	0.00297353020869
7.08806073857	-61.0	63.0979384456	0.00408366043121	0.00285418261774	0.00285748951137
6.70142127982	-61.0	63.0507519050	0.00385291478597	0.00286958413199	0.00290016504005
7.61992308967	-61.0	52.6345041877	0.00297816004604	0.000848393712658	-0.00296046817675
7.82418363801	-61.0	52.1552181653	0.00303109153174	0.000760820694268	-0.00319663248956
7.92076170640	-61.0	52.6337016710	0.00312079582363	0.000848170311656	-0.00298299384303
7.53424209675	-61.0	52.1303641538	0.00289243925363	0.000755881192163	-0.00318728177808
7.42915677485	-61.0	52.3766704191	0.00286442344077	0.000800941081252	-0.00306650670245
7.99747424459	-61.0	52.3955527303	0.00313468859531	0.000804735929705	-0.00309896632098
-4.50138015887	-61.0	47.3910048436	-0.00271791731939	-0.00023184249585	-0.00524639617652
-4.53238172029	-61.0	47.9777376473	-0.00276140496135	-0.000133803361678	-0.00499247852713
-4.75642330705	-61.0	47.5351142294	-0.00283757876605	-0.000212316881516	-0.00519702211022
-4.23121922114	-61.0	47.5104908891	-0.00260471133515	-0.000207126766327	-0.00518100662157
-4.26408186033	-61.0	47.8601334339	-0.0026362799108	-0.000148798659211	-0.00503035448492
-4.74449084428	-61.0	47.798689772	-0.0028461269103	-0.000167937207152	-0.00508163357154
-2.14494512668	-61.0	45.9460412473	-0.00163496250752	-0.000432245171396	-0.00577404536307
-2.24812782257	-61.0	46.5097177088	-0.00169665634166	-0.000341375474818	-0.00553444866091
-2.53924048675	-61.0	46.4258818849	-0.00182041921653	-0.000359644298442	-0.0055803717114
-2.48986267769	-61.0	46.1242837946	-0.00178920524195	-0.000408316642279	-0.0057086860761
-2.02768663644	-61.0	46.3767897225	-0.00159695628099	-0.000359996134648	-0.00558487139642
-1.97542257321	-61.0	46.1043796307	-0.00156648783013	-0.000403942598496	-0.00570065760985
-2.33987747557	-61.0	46.0298459096	-0.00172149587888	-0.000421474425821	-0.00574429146945
4.06327170612	-61.0	48.1405869220	0.00107312970795	1.82897892955e-05	-0.00479877972975
4.53398613589	-61.0	47.8125865748	0.00127110187896	-3.39055332006e-05	-0.00495409732684
4.29689412197	-61.0	47.7293039987	0.00116448407061	-5.06864089402e-05	-0.00498309219256
4.50718158377	-61.0	48.0786182870	0.00126773316879	1.19373726193e-05	-0.00483815604821
4.24410114209	-61.0	48.2512200215	0.00115664571058	3.94065391447e-05	-0.0047556119971
4.08621810924	-61.0	47.9035734754	0.00107664545067	-2.26870870392e-05	-0.00490205874667
-4.64200579824	-61.0	59.9613793485	-0.00397324329242	0.00229274737649	0.0010639250977
-5.11481242213	-61.0	59.7843520117	-0.00421668542549	0.0022066780366	0.000908113725018
-4.83514979202	-61.0	59.7685448244	-0.00405452819541	0.00222996738739	0.000923195620999
-4.79212626407	-61.0	60.1477471563	-0.00408951984718	0.00231926213019	0.00117250613403
-5.16039482601	-61.0	59.9678316459	-0.00427208747715	0.00224263523705	0.00102085852996
-4.96521570042	-61.0	60.1006468700	-0.00418183859438	0.00229111476801	0.0011255874997
5.68353156264	-61.0	51.4926638860	0.00197036378086	0.000634410534985	-0.00337188248523
5.19569861521	-61.0	51.7957212354	0.00175773445517	0.000689882494044	-0.0032122626435
5.84140533811	-61.0	51.7764137874	0.00206413283013	0.000687740393914	-0.00324981287122
5.47513912357	-61.0	51.4589472416	0.00186965416651	0.000627461646218	-0.0033778520301
5.72397876216	-61.0	52.0105366251	0.00202433438972	0.000731448351871	-0.00313673680648
5.41430834753	-61.0	51.9901573211	0.00187478214502	0.000727118283976	-0.00313212070614
5.28785011376	-61.0	51.5357518431	0.00178562826477	0.000641213904601	-0.0033348838333
6.91372659132	-61.0	53.5192822568	0.00272081932053	0.00101549248211	-0.00249656592496
7.06594829965	-61.0	53.9284949495	0.00283431331627	0.00109261134639	-0.00231077172793
7.18543666761	-61.0	53.5048997051	0.00285139190964	0.00101161259227	-0.00252134772018
7.30274509965	-61.0	53.6647240850	0.00292378710583	0.00104126078077	-0.00245332275517
7.27719151052	-61.0	53.8534822117	0.00293002440594	0.00107710144948	-0.00236127781682
6.93463849204	-61.0	53.7771364084	0.00275540887378	0.00106449436862	-0.00237476103939
-5.98183376651	-61.0	51.7165013120	-0.0036756368354	0.000494370702654	-0.00340875401162
-6.48383833757	-61.0	51.9384039302	-0.00393186789006	0.000520202622283	-0.00334194861352
-6.29204223263	-61.0	52.1045989634	-0.00385631783865	0.000556734623387	-0.00325147085823
-6.43086611420	-61.0	51.7123794646	-0.00388667709194	0.000480400660308	-0.00344190676697
-6.21736575311	-61.0	51.6132315357	-0.00377772236243	0.000468532176455	-0.00347220851108
-6.03370272551	-61.0	51.9373420419	-0.00371911749244	0.000533651967999	-0.00331067177467
-4.18211089628	-61.0	50.5866851574	-0.00274704443291	0.000333848787704	-0.00381916668266
-3.97044766441	-61.0	50.9623158564	-0.00266996840946	0.000408516731113	-0.00363908312283
-3.68639023918	-61.0	50.8252950462	-0.00252768560313	0.000389765074942	-0.00368834054098
-3.65247563932	-61.0	50.5798680287	-0.00249811238609	0.000344949890859	-0.00379779702052
-4.02325149887	-61.0	50.3902509183	-0.00266119232401	0.000301522028167	-0.00390003761277
-3.81217065087	-61.0	50.4254132934	-0.0025645098649	0.000312810094329	-0.0038744835183
-4.14195214105	-61.0	50.8335530469	-0.00274314475246	0.000380384415621	-0.00370562681928
10.2479849596	-61.0	50.7270807487	0.0040155784227	0.000522028538398	-0.00405260873958
10.0771112257	-61.0	50.4115696038	0.00390795944259	0.000466611789307	-0.00417555542663
10.1258089997	-61.0	51.0084275292	0.00398750556633	0.000569120049477	-0.00391508219764
9.80047807898	-61.0	50.4749026699	0.00378867494874	0.000474830070743	-0.00412076059729
9.68225256246	-61.0	50.7388352962	0.00375955062918	0.000519150285982	-0.00399230979383
9.83007365435	-61.0	50.9661372520	0.00384844955988	0.0005594920367	-0.00390500761569
10.2408112376	-61.0	50.5251635578	0.00399282062426	0.000487550802063	-0.00414149090648
-8.55116087088	-61.0	55.0157202775	-0.0052676461637	0.00101574254222	-0.00207158480771
-8.12169301430	-61.0	54.9798686507	-0.00505551183596	0.00102785800118	-0.00204240647145
-8.54678717190	-61.0	55.3055735529	-0.00530618941411	0.00107035296969	-0.00192919198889
-8.34022101821	-61.0	55.5023532305	-0.00523422053084	0.00111700943671	-0.00180856802035
-8.02280636256	-61.0	55.2183961040	-0.00504003884271	0.00107757013757	-0.00191453937441
-8.32787020541	-61.0	54.9470415220	-0.00515065807849	0.00101262272801	-0.00208051432855
-8.11763384896	-61.0	55.3926710041	-0.00511038862169	0.00110644625966	-0.00183838279918
-7.91899999068	-61.0	51.6266917835	-0.00457257498056	0.000420974276494	-0.00359941273928
-8.21906165536	-61.0	51.1288419534	-0.00466230884194	0.000325211294694	-0.00385061837733
-8.34693681777	-61.0	51.3622345242	-0.00474394811317	0.000362226855941	-0.00375702534802
-8.21155144422	-61.0	51.6285705554	-0.00470812385902	0.000412705558119	-0.00362446182407
-7.95613104293	-61.0	51.1851974495	-0.00454687513411	0.000342296465533	-0.00380226527341
-7.87544696045	-61.0	51.3954301395	-0.00452985893935	0.000381445366656	-0.00370042165741
-2.76827338693	-61.0	49.0479215603	-0.00201677135192	8.51053337101e-05	-0.00444582290947
-2.28728588525	-61.0	48.9530559174	-0.00179385056254	7.70178303355e-05	-0.0044713257812
-2.60038882887	-61.0	49.2670218305	-0.00194857816678	0.000127400169731	-0.00434307428077
-2.47460780355	-61.0	48.7728797820	-0.00187265931163	4.16965667682e-05	-0.00455679558218
-2.71064054929	-61.0	48.8000606458	-0.00198081997223	4.2230632971e-05	-0.00455299485475
-2.34524287859	-61.0	49.1802112954	-0.00182837317698	0.000116555813293	-0.00437293248251
-9.05292482626	-61.0	62.9860171003	-0.00704368948936	0.00249766907655	0.00222275196575
-8.62436124542	-61.0	63.1655524291	-0.00683882646263	0.00256226840429	0.00244162837043
-9.10026688550	-61.0	62.6865845169	-0.0070008309558	0.00243916944601	0.00202999264002
-8.87630217689	-61.0	63.1977741259	-0.00699175754562	0.00254936772399	0.00239703268744
-8.57158586146	-61.0	62.9415482409	-0.00675786565989	0.00252517312765	0.0023163324222
-8.70574301624	-61.0	62.7548543083	-0.00679263519123	0.00248064985499	0.00216851336882
-8.89761958413	-61.0	62.6181081220	-0.00687055336311	0.00244120368734	0.00203841435723
-0.114431272411	-61.0	50.6022084732	-0.000820703455247	0.000417256000219	-0.00368852424435
0.361979262194	-61.0	50.8687925775	-0.000594903365709	0.000475089851534	-0.0035632236395
-0.0969858015538	-61.0	50.8925994321	-0.000815596955363	0.000473018968478	-0.00355727458373
0.127428901325	-61.0	50.4228553761	-0.000703948549926	0.00038682698505	-0.00376629573293
0.135192822384	-61.0	51.0454381623	-0.000705196696799	0.000505903677549	-0.0034854086116
0.28467284648	-61.0	50.6231941031	-0.000630580820143	0.000427062535891	-0.00367468222976
1.22832437206	-61.0	65.4915404990	0.000213689025259	0.0037030861713	0.00571383023635
1.03554193886	-61.0	65.0536252227	4.24162863055e-05	0.00369457318448	0.00539620919153
1.51712434506	-61.0	65.0417485758	0.000461075775092	0.00365796033293	0.00533104734495
1.46627824001	-61.0	65.4548135811	0.000420482363552	0.00368563109078	0.00565614923835
1.27516776007	-61.0	64.9691048031	0.000252410420217	0.00367407291196	0.00530407624319
1.08160721232	-61.0	65.3101149262	8.35825630929e-05	0.0037026850041	0.00559110241011
1.54252868127	-61.0	65.2499108110	0.00048411017633	0.00366784329526	0.00548908673227
-0.826745817308	-61.0	48.3648200273	-0.00111550686415	-2.97458291243e-06	-0.00469188950956
-0.992199692366	-61.0	48.9309545605	-0.00120218633674	9.5025068731e-05	-0.00444683339447
-1.18841292752	-61.0	48.6762116909	-0.0012858096743	4.64270342491e-05	-0.00456310762092
-0.658442783173	-61.0	48.6031617846	-0.00104389758781	4.17468036176e-05	-0.00458430312574
-0.739872902773	-61.0	48.8799020438	-0.00108599709347	8.98495709407e-05	-0.00446427846327
-1.05808257429	-61.0	48.4020861033	-0.00122062279843	5.11369435685e-09	-0.00468038162217
-4.79290582195	-61.0	55.2983523015	-0.00342956744134	0.00124273775145	-0.00160890130792
-4.77678375723	-61.0	55.8762818216	-0.00348504702561	0.001366347773	-0.00131001125555
-4.55867128751	-61.0	55.6988980817	-0.00335012935102	0.00133889133576	-0.00138976646122
-4.57574650943	-61.0	55.4149172659	-0.00332863861695	0.00127732090186	-0.00153699994553
-4.97541616124	-61.0	55.5198464944	-0.00354878581129	0.00128094747197	-0.00150645023677
-4.94608143141	-61.0	55.7494160478	-0.00355951534584	0.00133091886528	-0.00138615258038
1.66007455914	-61.0	67.5813082724	0.00066639285069	0.00386424409226	0.00717396102846
1.37499445001	-61.0	67.2001397279	0.000386725179851	0.00383077678271	0.00694386661053
1.41099663060	-61.0	67.6093648316	0.000440302828792	0.00387484650128	0.00722972163931
1.20177578437	-61.0	67.3856267996	0.000237000989728	0.00385513482615	0.00709715066478
1.57380916176	-61.0	67.1702031659	0.000564750109334	0.00382106099278	0.00689503923059
1.70733951136	-61.0	67.3698568226	0.000695965078194	0.00383819825947	0.00701670534909
0.377416266726	-61.0	48.3825607600	-0.00057287333766	1.765284469e-05	-0.00466645881534
0.894579318315	-61.0	48.1714152748	-0.000339405989507	-1.2614795196e-05	-0.00475480267778
0.905186210075	-61.0	48.3846001832	-0.000335140706738	2.50869870797e-05	-0.00466173887253
0.466349388949	-61.0	48.0951647057	-0.000530845951289	-3.16974765155e-05	-0.00479104323313
0.517441766793	-61.0	48.6332384878	-0.000511240039486	6.4048312197e-05	-0.0045555382967
0.726809229591	-61.0	47.9692673336	-0.000413688103436	-5.02152652189e-05	-0.00484382547438
0.79209239072	-61.0	48.6244688861	-0.000386782863643	6.61646408844e-05	-0.00455745356157
-3.87217409261	-61.0	59.9858805616	-0.00352179934271	0.00238015805371	0.00113533681724
-4.08973854414	-61.0	60.1310763246	-0.00367402401753	0.00239084521309	0.00121794908773
-3.56288891232	-61.0	60.3973231845	-0.00339281116612	0.00251654395834	0.00143185805064
-3.60989936117	-61.0	60.1274354241	-0.00338284717873	0.00244430988096	0.00124502414837
-3.78133625105	-61.0	60.5326357859	-0.00354701676406	0.00252242130227	0.00151196890511
-4.01114675649	-61.0	60.3993218441	-0.00366699160077	0.00246304366738	0.00140442163683
4.01173370301	-61.0	49.2101543379	0.00108330021612	0.000206657525268	-0.00433084461838
4.22091167345	-61.0	49.3812526621	0.00118444499094	0.000239177199546	-0.00426129996777
3.78107231279	-61.0	49.2467672316	0.000979657750577	0.000211099089938	-0.00430909916759
3.88044282363	-61.0	49.5909205244	0.00103635364212	0.000273997429758	-0.00415993109345
3.72705862261	-61.0	49.4200131362	0.000960512261372	0.00024176169245	-0.00423164339736
4.0715416638	-61.0	49.5715049711	0.00112319935579	0.000272134871921	-0.0041733905673
0.162865902174	-61.0	62.3607253271	-0.00073875929229	0.00347689655609	0.00309579097666
-0.113071524804	-61.0	62.3517874808	-0.000984011217952	0.00347263785079	0.00308723095804
-0.0803902120857	-61.0	61.9685126882	-0.000950676447246	0.00337802199647	0.00274658715352
-0.167428648298	-61.0	62.1710846339	-0.00102975871414	0.00342803122476	0.00292502902448
0.203315862575	-61.0	62.1037968451	-0.000702986260876	0.00341484765522	0.00286625185981
7.41430947788	-61.0	59.1591838819	0.00366175174713	0.00210750941187	0.000399815267883
7.77243070948	-61.0	58.8541247653	0.00380494911224	0.00203562574461	0.000186623132322
7.59538620034	-61.0	58.6375390008	0.00368050835095	0.0019995321054	8.45623217174e-05
7.25716188815	-61.0	58.9863326930	0.00355332437903	0.00207966915332	0.00031783131999
7.35375494097	-61.0	58.7229709963	0.00356612843461	0.00202446128242	0.000158043520059
7.67798205259	-61.0	59.1094266636	0.00379338860512	0.00208817282692	0.000341671635397
8.28425299763	-61.0	59.8881487015	0.00423260312527	0.00221473211423	0.000710054300725
8.54780611425	-61.0	60.3057655443	0.00443916907534	0.00228323065676	0.000912300893106
8.71695095146	-61.0	60.0660816140	0.00448924163356	0.00223310641013	0.000750204839278
8.14109581134	-61.0	60.0891440136	0.0041888281703	0.00225767167285	0.000845583155751
8.57334675985	-61.0	59.8425210695	0.00437745451927	0.00219630054198	0.000643831153866
8.24882893344	-61.0	60.2522096745	0.00427200831473	0.00228413636796	0.000924934865907
6.35383702003	-61.0	60.2034417663	0.00324332504533	0.0023620815482	0.00113555067219
5.72905992069	-61.0	60.1976190428	0.00289656571113	0.00239789253101	0.00119555287529
6.14270417372	-61.0	60.4097464346	0.00315640727058	0.00241530686617	0.00128634925932
6.16272603264	-61.0	59.9826883320	0.00310677103698	0.00232852622867	0.00101987679955
5.87794729409	-61.0	60.4271122970	0.00301168393344	0.00243512890302	0.00132528622635
5.92519161348	-61.0	60.0321616911	0.00298260548152	0.00235213874839	0.00107366987504
-10.0314794472	-61.0	49.7086325691	-0.00534571753815	4.23572964792e-05	-0.00465389247984
-9.56529923905	-61.0	50.0225605015	-0.00516692874953	0.000104048463982	-0.00446877907962
-9.64307271172	-61.0	49.7794060170	-0.00517853209749	6.22920197202e-05	-0.00458349660039
-9.72779459868	-61.0	50.2034822697	-0.00525774853304	0.000130185275339	-0.00440526148304
-10.1503771511	-61.0	49.9182362024	-0.00541951786727	7.3902636359e-05	-0.00457421969622
-9.99746483739	-61.0	50.1672686515	-0.00537558691576	0.000118021926028	-0.00444877287373
-9.84548949284	-61.0	49.6959568354	-0.00526124564931	4.42543168901e-05	-0.0046404460445
2.75689416207	-61.0	63.1847041161	0.0013929978013	0.00331156584434	0.00365042849444
2.73727234587	-61.0	62.7650128509	0.00135435943957	0.00324519374408	0.00331141590141
2.50332605013	-61.0	62.7122975425	0.00118518131785	0.00327367265709	0.00329184834845
2.30670949354	-61.0	63.1133143115	0.00106217211578	0.00337283592671	0.00364556116983
2.50292102806	-61.0	63.2823628862	0.0012145191431	0.00336625892669	0.00376282981597
2.34793559446	-61.0	62.8820508478	0.00108167703729	0.00332895712927	0.00344788166694
2.84844025559	-61.0	62.9722845942	0.00144524045754	0.00326313450933	0.00346673233435
4.22036333603	-61.0	61.1739405472	0.00215261802077	0.00272459862754	0.0019736434333
3.76777558105	-61.0	61.0997042066	0.00186810933519	0.00275600701571	0.00195448985323
3.94844345162	-61.0	60.8963939533	0.00195431313477	0.00269106659107	0.00179994443897
3.79123785505	-61.0	61.3977798504	0.00191736558918	0.00281960563734	0.00216628797352
4.18880393832	-61.0	60.9524701887	0.00210640858859	0.00267959362827	0.00182219035923
4.07369798521	-61.0	61.3773725073	0.00208833743818	0.00278358370997	0.00212911539711
-8.74267069934	-61.0	52.1263874720	-0.00500588538125	0.00048409201554	-0.00344810495153
-8.88334515024	-61.0	52.3578131456	-0.00509647279978	0.000520312867593	-0.0033564902842
-8.46977176415	-61.0	52.1261178062	-0.00487923389301	0.000492537277751	-0.00342211546376
-8.45598716507	-61.0	52.6226963207	-0.00492668570951	0.000581203668844	-0.00319332629442
-8.73133594687	-61.0	52.5907043166	-0.0050516766496	0.000566381029785	-0.00323488749564
-8.33201837522	-61.0	52.3856279217	-0.00484289554879	0.000542956986465	-0.00329047185369
0.794560760926	-61.0	63.2928994553	-0.000171444567968	0.00360331684351	0.00392547436059
0.307042575327	-61.0	63.4354051609	-0.000609830254689	0.00364589574747	0.00407023588195
0.502406460555	-61.0	63.2566107524	-0.000432850676589	0.00361899402924	0.00390402274206
0.697271295497	-61.0	63.7222573853	-0.000256909523159	0.00365225505084	0.00431188568473
0.416690500737	-61.0	63.6621619401	-0.000510380195919	0.00366259529255	0.00427013682202
0.814794074629	-61.0	63.5114376607	-0.000152567401528	0.00362512376159	0.00411933101714
-1.98493329115	-61.0	62.6249563552	-0.00257264543325	0.00329598970711	0.00325527600944
-1.39036499262	-61.0	62.8360977996	-0.00210868846625	0.0034383572638	0.0034821301233
-1.62210144196	-61.0	62.9991802553	-0.00230641127564	0.00342655251734	0.00360925169662
-1.99125818015	-61.0	62.8694766096	-0.00259284186177	0.00333919026889	0.00346491741948
-1.74649615639	-61.0	62.5335448306	-0.00238099764101	0.00332150282338	0.00319355842657
-1.49707261938	-61.0	62.5945877555	-0.00218479218893	0.00337671255693	0.00326232332736
-1.81165636227	-61.0	62.9664029986	-0.00245729205199	0.00338800740428	0.00356480362825
5.57730364797	-61.0	55.8820139510	0.00227986392565	0.00149779242929	-0.00125012011267
5.18894173535	-61.0	56.3575897401	0.00212433747947	0.00160528498236	-0.00098291458562
5.32340494558	-61.0	55.7891204828	0.00213785562664	0.00148310733493	-0.00128571409732
5.47614165621	-61.0	56.3732973723	0.00227817078121	0.0016021404881	-0.000988494837657
5.65367200329	-61.0	56.1741023958	0.00235030683689	0.0015567811206	-0.00110227370169
5.13563907513	-61.0	55.9415184492	0.00205420516431	0.00151846639346	-0.00119834381621
5.12315484303	-61.0	56.1487749714	0.00206815986894	0.00156247103587	-0.00108973379247
2.11802309470	-61.0	65.8589470840	0.000981338671409	0.00366763817146	0.00585652049631
1.98477396878	-61.0	66.3337237850	0.000886434514541	0.00371896149591	0.0062281540595
2.36695558743	-61.0	66.0311570951	0.00119422690477	0.00366486120038	0.00593656906858
2.22878205099	-61.0	66.3231797113	0.0010928484844	0.00370285706595	0.00617615878582
1.78914516029	-61.0	66.1360409397	0.000711674860213	0.00371327926405	0.00611659744754
1.85576972325	-61.0	65.8986525892	0.000761746545322	0.00368973216973	0.00593098020181
3.45396243809	-61.0	51.3301559209	0.000899771868717	0.000594094744883	-0.0033716771286
3.67334289034	-61.0	50.8382314276	0.000985346268862	0.000502280774526	-0.0035990937613
3.87244690895	-61.0	51.0266840629	0.00108725449536	0.000539010565262	-0.00351886893623
3.39904899524	-61.0	50.9046066849	0.000857830105815	0.00051288533723	-0.00356326345354
3.30325118200	-61.0	51.1279118560	0.000820138084237	0.000554549740627	-0.00346044637263
3.69245251878	-61.0	51.3882985477	0.00101651460864	0.000606573652476	-0.00335049978457
3.83193938609	-61.0	51.2239413023	0.00107630889397	0.000576067715883	-0.00342854415067
1.70080701534	-61.0	51.5988983399	5.78479957767e-05	0.000632742303424	-0.00322796031833
1.46065238116	-61.0	51.9427375659	-5.52167148271e-05	0.000698334653862	-0.00306945247576
1.51312621967	-61.0	51.4516605726	-3.58123834303e-05	0.000602047948632	-0.00329472101294
1.25551038404	-61.0	51.5391681555	-0.000160565192346	0.000616430363152	-0.0032545607537
1.26021441130	-61.0	51.8154827561	-0.000155645146151	0.000670988985803	-0.00312789459713
1.66128000362	-61.0	51.8158698773	4.18982308474e-05	0.00067510077497	-0.0031283213757
5.52314202731	-61.0	54.2017428676	0.00209449976683	0.00115684396587	-0.0020904999692
5.82024466018	-61.0	53.7947609167	0.00220830389298	0.00107431528158	-0.00230214209296
5.42453294448	-61.0	53.9890343783	0.00202714721672	0.00111514725722	-0.00218942342326
5.71748167210	-61.0	54.2163569889	0.00219339458272	0.00115823198576	-0.00209270277992
5.87259515984	-61.0	54.0262465405	0.00225430098362	0.00111947965343	-0.00219294405542
5.60543317230	-61.0	53.7739791563	0.00209981575608	0.00107144983485	-0.00230169156566
3.04380272264	-61.0	52.3677664274	0.000739899638575	0.000794197374489	-0.00288696121424
2.69593008672	-61.0	52.2079983165	0.000562001310755	0.000760704278946	-0.00295590423048
2.56360219486	-61.0	52.4163791460	0.000503053190187	0.00080153439194	-0.00285745412111
2.92411311599	-61.0	52.6162210357	0.00068992387969	0.00084335700376	-0.00276915635914
2.92946792826	-61.0	52.1712135310	0.000676062947605	0.000754677283112	-0.00297630601563
2.67069554974	-61.0	52.6188203830	0.000563261914067	0.000842780980747	-0.00276432745159
-3.84225417644	-61.0	48.5121300964	-0.0024796158541	-2.92737113341e-05	-0.00472528673708
-3.79620220449	-61.0	48.2206899657	-0.00244514038786	-7.87112148828e-05	-0.00485090864822
-3.63097064962	-61.0	48.6640677346	-0.00239162147045	1.16990361221e-06	-0.00464917998761
-3.35649522480	-61.0	48.3145231839	-0.00225236499682	-5.44588219782e-05	-0.00479091191664
-3.54121659134	-61.0	48.1216484759	-0.00232662865892	-9.10705639399e-05	-0.00488304486498
-3.41135334719	-61.0	48.5533819611	-0.00228751031682	-1.39890853461e-05	-0.00468845618889
-9.30296637344	-61.0	51.1350502499	-0.00515904324129	0.000296762766084	-0.0039495700039
-9.03109405020	-61.0	51.6222772009	-0.00508527923375	0.000387717416743	-0.00370435416698
-8.89358048856	-61.0	51.3556715038	-0.00499441102147	0.000345700187609	-0.00381091074087
-9.33302952557	-61.0	51.6230205728	-0.00522409472615	0.00037912875996	-0.00373403425328
-9.44652298155	-61.0	51.3673977838	-0.00524890562519	0.000332308583893	-0.00386008690111
-9.02951665018	-61.0	51.1120580283	-0.00503180781379	0.000300216081087	-0.00393312843516
11.2930315379	-61.0	55.7730571390	0.00511715887114	0.00140557694249	-0.00184240413364
11.2590650744	-61.0	55.5041739309	0.00506170140579	0.0013580545783	-0.00196717679501
11.8278616252	-61.0	55.7059688868	0.00536697264761	0.00139234494418	-0.00194833788555
11.5510768731	-61.0	55.9077493557	0.00526258116588	0.00142850424163	-0.00181277736556
11.4548029193	-61.0	55.3744469084	0.00513777881861	0.00133465998806	-0.00205526128411
11.6798441735	-61.0	55.4893448344	0.00526326149702	0.0013545184629	-0.00203104130924
10.9275531615	-61.0	60.7495729677	0.0057705626823	0.00229932088405	0.000759206363
10.4401998320	-61.0	60.5156930274	0.00547110009938	0.00226760306396	0.000720921088941
10.7979783868	-61.0	60.9655952763	0.00574342254549	0.00234034983441	0.000900871003978
10.7588325075	-61.0	60.5404317818	0.0056426259689	0.00226532714441	0.00067716074409
10.5162728775	-61.0	60.9272433113	0.00558736268431	0.00233952049166	0.000932607101277
10.3354192055	-61.0	60.7245558704	0.0054543777369	0.00230739498511	0.000854130019434
9.60894384369	-61.0	53.2790163527	0.00398677168414	0.000964685867075	-0.00283017545007
9.94796877718	-61.0	53.5027171595	0.00417296215892	0.00100462080445	-0.00276035768911
9.89096211266	-61.0	53.2676417548	0.00411876291037	0.000962775782682	-0.00286390562542
9.53796074098	-61.0	53.5956462059	0.00398917729035	0.00102148007136	-0.00267516006716
9.52019909895	-61.0	53.4344291515	0.00396232074127	0.000992541783489	-0.00274890125729
9.86147709119	-61.0	53.6649990317	0.004150996916	0.00103360018693	-0.00267548603006
9.69217867557	-61.0	53.6688126182	0.00407098280266	0.00103443919215	-0.00265631941147
-2.66381446233	-61.0	57.1627529071	-0.00244868453592	0.00177138531581	-0.000528648204636
-2.44874794834	-61.0	57.3330649417	-0.00233737775125	0.00182530016173	-0.000428824016126
-3.00957189045	-61.0	57.4442910651	-0.00267909048125	0.00182136485819	-0.000381591293262
-2.82958624295	-61.0	57.6406090434	-0.00259353127331	0.00188096857164	-0.000265442911768
-2.54063451810	-61.0	57.5873071339	-0.00241591385566	0.00188462610822	-0.000288337294478
-2.91356694772	-61.0	57.2214521370	-0.0026002577506	0.00177223130595	-0.000503177638166
-1.83108165170	-61.0	58.4474673661	-0.00205570552498	0.00215664273128	0.000222011163714
-1.71723676604	-61.0	58.1654468523	-0.00195944518782	0.00208472972736	5.74814948777e-05
-2.27637907944	-61.0	58.2389671322	-0.00231781601906	0.00207099458203	9.25255881157e-05
-1.88415012731	-61.0	57.9461413445	-0.00204675365239	0.0020156451501	-7.15365895303e-05
-2.18129533006	-61.0	57.9900301575	-0.00223519583233	0.00201043090783	-5.09148194396e-05
-2.13771360032	-61.0	58.3913651536	-0.00224570813589	0.00212139380164	0.00018475347315
-1.75807230682	-61.0	44.8185606795	-0.00143834424671	-0.000607344612945	-0.00624640798196
-1.78661620030	-61.0	44.2916569816	-0.00143646472134	-0.000690179178491	-0.00647296523675
-1.35764889399	-61.0	44.5361484099	-0.00126225547865	-0.000646385364234	-0.00635641813278
-1.52161960254	-61.0	44.2438077610	-0.0013240535045	-0.000694133050274	-0.00648593483493
-1.49754447990	-61.0	44.7933648569	-0.00132753199432	-0.000607806374319	-0.0062499390915
-1.84925465715	-61.0	44.5748874869	-0.00147035112604	-0.000646855391096	-0.00635349890217
3.66878593505	-61.0	66.7268520383	0.00229321350344	0.00364991975948	0.00613257475197
3.87880896069	-61.0	66.3197281139	0.00240627350286	0.00358141795732	0.00579000450671
4.07950274433	-61.0	66.7672704209	0.00261536589824	0.00362523761578	0.00604734942317
3.69228977942	-61.0	66.4865771021	0.00228335079737	0.00361717538908	0.00595734314993
3.85754879002	-61.0	66.7847883164	0.00244734296575	0.0036438817624	0.00612174905837
4.04705121909	-61.0	66.5333804469	0.00255877687596	0.00359647418372	0.00589384231716
6.33957489033	-61.0	46.1768602935	0.00199244031683	-0.000295620848192	-0.00573108159006
6.46595571573	-61.0	46.6441070947	0.00206425297074	-0.000214940315345	-0.00553837511688
6.51948149781	-61.0	46.4083816291	0.00207735877484	-0.000254477898125	-0.00564202060923
6.21325802023	-61.0	46.6716386495	0.00195775716566	-0.00021280265355	-0.00551324337721
6.05345180062	-61.0	46.4672449482	0.00188206438906	-0.000249164149864	-0.00559259904549
6.14969442621	-61.0	46.2665909783	0.0019155862974	-0.000282303371932	-0.00568304304034
2.78947234681	-61.0	57.7545332840	0.000908529444132	0.00199323776178	-0.000152412874741
2.86155650731	-61.0	57.9727377254	0.000970112043433	0.00204571499489	-2.83384579234e-05
3.27823247419	-61.0	57.7309915406	0.00119590328541	0.00197073840536	-0.000171713225427
2.90661893380	-61.0	57.5738483894	0.000963427999523	0.00194449839182	-0.000255616760114
3.12386250273	-61.0	57.9808327775	0.0011276913574	0.00203782063909	-2.65840699285e-05
3.12976790307	-61.0	57.5578339629	0.00109347805846	0.00193358084653	-0.000267315015662
8.01126378479	-61.0	56.6851424024	0.00362281501293	0.00161047279835	-0.00100893597119
7.55445051723	-61.0	56.8568796023	0.00341338873841	0.00165298418142	-0.000877544109244
7.83796524964	-61.0	56.8950577907	0.00356277474202	0.0016543942038	-0.000883217260707
7.90378072629	-61.0	56.5175193404	0.00354658160359	0.00158022472169	-0.00108578393701
7.60191739335	-61.0	56.5991346189	0.00340425153263	0.00160177610815	-0.00101650622673
7.72386776670	-61.0	56.4642504673	0.0034487945959	0.00157325621694	-0.00109718134627
2.20761848438	-61.0	64.3356332970	0.00102089403663	0.00353175099008	0.00466722436249
1.84593342669	-61.0	64.5256440235	0.000732914544642	0.00359203480184	0.00487527856603
1.89956151198	-61.0	64.7020197257	0.000778602494393	0.00359864952043	0.00500827934593
2.14631822653	-61.0	64.7878198420	0.000979849719442	0.00357778114267	0.00503651984036
2.31007421287	-61.0	64.5964594032	0.00110630609561	0.00354252080433	0.00485825771466
-10.6821557876	-61.0	52.1216275717	-0.00589966448024	0.000424005353125	-0.00365638616495
-10.4922842621	-61.0	52.4005401128	-0.00584553508088	0.000476677232655	-0.00350959273055
-10.6485765028	-61.0	52.6115475030	-0.00594317959622	0.000507315562572	-0.00343292369507
-10.8447463316	-61.0	52.5422566413	-0.00602518115193	0.000489350582939	-0.00348715181462
-10.8616261057	-61.0	52.3112472133	-0.00600479915738	0.00045021774713	-0.00359255145304
0.194281267842	-61.0	53.2396363091	-0.000690692453645	0.000949243898503	-0.0024678632617
-0.00581592404815	-61.0	53.2234898303	-0.000794233113993	0.000942926097196	-0.00247750617564
0.122691713097	-61.0	52.7879409306	-0.000724487239495	0.000853873090819	-0.0026819028426
0.307905484934	-61.0	53.0115024126	-0.000630926399026	0.00090292893583	-0.00257493858226
-0.168722324387	-61.0	53.0902477565	-0.00087691040244	0.000912392628379	-0.002542528091
-0.112534839328	-61.0	52.9003438003	-0.000845751957968	0.000873651530128	-0.00263154436834
8.27297553805	-61.0	63.7352810041	0.00487001147121	0.00290363817476	0.00301634776406
8.01117639285	-61.0	63.6558377567	0.00470549287274	0.00290154712275	0.00302304583602
8.41722020436	-61.0	63.3090673721	0.00487793656066	0.00282533187419	0.00272446707822
8.15223164461	-61.0	63.2075537940	0.00470991944894	0.00281914952211	0.00271664303727
8.46425598518	-61.0	63.5569042710	0.00494839856401	0.00286571937613	0.00286595360376
7.95508389671	-61.0	63.3779946260	0.004626379814	0.00285711395554	0.00286222342402
-7.98753552600	-61.0	62.7478314898	-0.00638036010787	0.00253531290218	0.00233588623814
-7.49643816514	-61.0	62.9395058580	-0.00613550376147	0.00261167250574	0.00257268268615
-7.83701798683	-61.0	63.1558873264	-0.00637894682586	0.0026227151975	0.00263109081425
-8.03499833395	-61.0	62.9530859677	-0.00645118718967	0.00256932177581	0.00245430786163
-7.77954544819	-61.0	62.6816150188	-0.00624697236344	0.00254010409117	0.00234203715809
-7.60644516108	-61.0	62.7855961712	-0.00616833008826	0.00257387571037	0.00244812737219
-7.59508806013	-61.0	63.1097728785	-0.0062277270481	0.00263452623039	0.00265961536206
-9.28775951387	-61.0	60.6710210128	-0.00665345788002	0.00204988080077	0.000805076560937
-9.48173472662	-61.0	61.2022131237	-0.00687365280464	0.00213673664257	0.00106787402183
-9.61539596042	-61.0	61.0373332365	-0.00690867239609	0.00209702574648	0.000944480823819
-9.46265602411	-61.0	60.6895585133	-0.0067505040206	0.00204179179855	0.000779534340836
-9.20269284459	-61.0	60.9038342330	-0.00665824301541	0.00209950911812	0.000955982890446
-9.29097187341	-61.0	61.1586801199	-0.00676123052835	0.00214143260382	0.00108422688209
-9.56342955091	-61.0	60.8419373507	-0.00683754822239	0.0020638089627	0.000844705966301
1.10775486036	-61.0	59.2043567053	-7.27913575247e-05	0.00245569646358	0.000703310710378
1.56169356945	-61.0	58.9664625015	0.000223204362555	0.00236748019233	0.000560694199521
1.11486646732	-61.0	58.9406253871	-7.97214161139e-05	0.00237432122231	0.00054046313744
1.32056185936	-61.0	59.2936801989	7.89989717305e-05	0.00247579580173	0.00076182972407
1.51449142460	-61.0	59.1757315911	0.000204549272894	0.00243174936622	0.000689870561473
1.36217610239	-61.0	58.8965013276	8.54166719364e-05	0.00235382956453	0.000516025931574
3.00461140933	-61.0	55.8882867639	0.000896577374078	0.00154234888032	-0.00116523448378
3.23632766581	-61.0	55.8530205447	0.00102242082357	0.00153131713159	-0.00118718470912
3.00519532723	-61.0	56.3366340429	0.000926920969505	0.00164557248354	-0.000930517911911
3.36904619894	-61.0	56.0228168257	0.00110769516323	0.00156775303185	-0.00110126379877
3.23375934210	-61.0	56.2410391089	0.00104842323344	0.00161965645384	-0.000984434387647
2.89502762871	-61.0	56.1176675864	0.000850251701195	0.00159646652173	-0.00104423251469
-6.33448789424	-61.0	64.6551052264	-0.00575185753405	0.00302324211225	0.00401154719293
-5.77091447437	-61.0	64.5406417458	-0.00536604505032	0.00305861281231	0.00407748110592
-5.84836038048	-61.0	64.3099245684	-0.005379288923	0.00301166553982	0.00389512442052
-6.28898303505	-61.0	64.3707556639	-0.00567205715925	0.0029785996303	0.00382676767185
-6.03231894615	-61.0	64.7111271522	-0.00556509522721	0.00306156277657	0.00413008965552
-6.01885222963	-61.0	64.2281389248	-0.00547520443797	0.00298043736257	0.00379547197372
-6.67974571250	-61.0	62.0385632906	-0.00549096148461	0.00251654186286	0.00215709256008
-6.46415103148	-61.0	62.2030510859	-0.00539630278945	0.00256852409802	0.00230731326155
-6.60908945095	-61.0	61.7698959593	-0.00540172262117	0.0024715620093	0.00199379120022
-6.22299189968	-61.0	62.0850844024	-0.00523570040241	0.00256983703002	0.0022733185906
-6.41685239050	-61.0	61.7127084106	-0.00528176268563	0.00247876113281	0.00199050409719
-6.24028907052	-61.0	61.8122545666	-0.00519812479615	0.0025153902825	0.00208743382245
3.17354166756	-61.0	47.4947358064	0.000666200125124	-0.000103025318822	-0.00505987973884
3.61250027443	-61.0	47.5060874194	0.000858837098349	-9.63117781794e-05	-0.00506291631609
3.16027716002	-61.0	47.7613973733	0.000664993887767	-5.71302844037e-05	-0.00494438223541
3.37997938477	-61.0	47.9364122556	0.00076545891352	-2.43730682996e-05	-0.00487232394516
3.63720032619	-61.0	47.7440138974	0.00087482354138	-5.50007462152e-05	-0.00496062869206
3.40514340916	-61.0	47.4684814384	0.000767257006373	-0.000105012230051	-0.00507515016943
11.6219401491	-61.0	54.5109638189	0.00509697338566	0.00118319387548	-0.00248535978608
11.5771889257	-61.0	54.7419410633	0.00510738790035	0.00122350535821	-0.00237110513262
11.4865485441	-61.0	54.3102404799	0.00500518037006	0.00114796753041	-0.00256167398766
11.1624371832	-61.0	54.3272061492	0.0048529393971	0.00115060550161	-0.00251291063614
11.1352593417	-61.0	54.7445591548	0.00489589711651	0.00122406345326	-0.00231299712323
11.3687315997	-61.0	54.8508874607	0.00502250203863	0.00124260864686	-0.00229251780547
11.1029046541	-61.0	54.5521141581	0.00485443742946	0.0011901644757	-0.00239980663173
-0.719731566632	-61.0	53.0157763444	-0.00115904584527	0.000887358910404	-0.00258566299453
-0.811393083508	-61.0	53.5805734803	-0.0012200535275	0.00100481393747	-0.00231824629009
-0.968483714293	-61.0	53.0946796811	-0.00128879712429	0.000899053644389	-0.00255269673653
-0.582227546321	-61.0	53.2031759307	-0.0010922224028	0.000929100438952	-0.00249465578236
-0.578061124193	-61.0	53.4391339455	-0.00109488726594	0.000979068456218	-0.00238219671883
-1.03313352388	-61.0	53.3293573507	-0.00132873863913	0.000947017571889	-0.00244236714207
-3.07603788812	-61.0	58.7445209958	-0.00286776176654	0.00214514136314	0.000377245363779
-2.82711287121	-61.0	58.3603829193	-0.00267015909776	0.00206492212601	0.000152641223394
-3.02098084668	-61.0	58.1647478541	-0.00276510138065	0.00200078822672	3.17558296956e-05
-3.33131946651	-61.0	58.6110705429	-0.00300545687787	0.00209021707997	0.000287765171379
-3.26177395071	-61.0	58.2091661121	-0.00291413161904	0.00199466454796	5.0251983339e-05
-2.84801694234	-61.0	58.6111836312	-0.0027119370643	0.00212877430022	0.00030247628456
-3.34297277471	-61.0	58.4002076122	-0.00298586278223	0.00203636847436	0.000160681083798
-5.32147828460	-61.0	52.9647406994	-0.00346745480783	0.00075089733582	-0.00278454017825
-4.85640211462	-61.0	52.6914649807	-0.00321736070327	0.000713086628821	-0.00288599426858
-5.07260694689	-61.0	53.0626452776	-0.00335440668277	0.000778294692282	-0.00272306636907
-4.89554345591	-61.0	52.8852691192	-0.00325250043534	0.000749529805034	-0.00279680942185
-5.24294112544	-61.0	52.6999444854	-0.00340611347929	0.000702360179275	-0.00290463864803
-5.03901784145	-61.0	52.6129083495	-0.00329977134243	0.000692112138495	-0.00293339136988
3.51819864820	-61.0	58.3644862205	0.00139916141052	0.00211537047289	0.000190371720237
3.15376142323	-61.0	58.8345150588	0.00122905266471	0.0022512699943	0.000478440779261
3.58519782080	-61.0	58.6160006999	0.00146544515155	0.00217348639853	0.000338374957209
3.41440706746	-61.0	58.8492803562	0.00138853676617	0.00224030739628	0.000482983246911
3.07976487417	-61.0	58.6142705402	0.00116164423525	0.00219908147119	0.000346265878761
3.26807432052	-61.0	58.4021210737	0.00125419767573	0.00213642441668	0.000217185981455
-10.2671906885	-61.0	61.6248754553	-0.00739547330886	0.00216467934661	0.00112788833212
-10.5028636780	-61.0	61.1208302214	-0.00740226265043	0.00205678469501	0.000791226979345
-10.5213271601	-61.0	61.5766529621	-0.00752131966874	0.00214014621451	0.00103961862624
-10.6411853288	-61.0	61.3405078359	-0.00752871949226	0.00208923011087	0.000879803847056
-10.0972124202	-61.0	61.2532755773	-0.00721622118726	0.00210635736585	0.000958777440246
-10.1391671138	-61.0	61.4639079517	-0.00728806387633	0.00214285310358	0.00106756819878
-10.2494781732	-61.0	61.1108723234	-0.00726463552564	0.00207037734799	0.000844231224619
-2.09417375036	-61.0	60.0343775378	-0.00239125010557	0.00259544258006	0.00122803554405
-2.07059069545	-61.0	60.3243320880	-0.00240820134059	0.00268391775899	0.00142977503128
-1.61269562477	-61.0	60.1067555749	-0.00206350907683	0.00266877072863	0.00128108379431
-1.81978897533	-61.0	59.9759805626	-0.00219589611515	0.00260714045726	0.00119046843611
-1.62685874683	-61.0	60.3645252722	-0.00209905998781	0.00274813082069	0.00146179983858
-1.85734318559	-61.0	60.3971843459	-0.00226704962552	0.00273150834255	0.00148363027256
-7.69297585234	-61.0	60.5861877730	-0.00578065030277	0.00214847596362	0.0010576316854
-7.82618405958	-61.0	60.4293621811	-0.00582219893113	0.00210770103149	0.000940438651014
-7.95905480406	-61.0	60.8873039527	-0.0059840134345	0.0021862082649	0.0011914789211
-7.72088759440	-61.0	60.7996221384	-0.00583723885939	0.00218778289855	0.00118187093176
-8.03045280204	-61.0	60.4683555961	-0.00593969784677	0.0020999039989	0.000927864399273
-8.10337763663	-61.0	60.7027152818	-0.00602542888373	0.00213970080949	0.00105408579111
-1.37239231282	-61.0	46.5753605712	-0.00131759536453	-0.000317426864058	-0.00548103591427
-1.56953799053	-61.0	47.1295870225	-0.00141773303039	-0.000227458906011	-0.00524656102061
-1.60329502710	-61.0	46.7022700654	-0.00142137997318	-0.000299699924653	-0.00543225090951
-1.17420878958	-61.0	46.7446181781	-0.00123520498164	-0.000286297901766	-0.0054031922482
-1.18838890691	-61.0	46.9990023666	-0.00124719634186	-0.00024378116359	-0.00529359048232
-1.36507075387	-61.0	47.1097782023	-0.00132736610249	-0.000227712356718	-0.00524990307167
-1.64130276963	-61.0	46.9217026171	-0.00144376023673	-0.00026355846785	-0.00533844716847
-0.298897063971	-61.0	46.5237702023	-0.000849843258038	-0.000310804141918	-0.00548116955906
-0.531402847403	-61.0	46.6508749888	-0.000953080656473	-0.000292795652058	-0.00543035566807
-0.737380581136	-61.0	46.5232208485	-0.00104032654781	-0.000316990161082	-0.00548928696662
-0.689119717252	-61.0	46.2536194275	-0.00101423938759	-0.000361027225154	-0.00560445059091
-0.450096728243	-61.0	46.2552648411	-0.000910920323804	-0.00035746069625	-0.00559931574389
-0.274121922127	-61.0	60.8551024287	-0.00109226303175	0.00302344164811	0.00182786909863
0.103962770866	-61.0	61.2781291659	-0.000787700701039	0.00317306932993	0.00216344441287
-0.414805719858	-61.0	61.0603776131	-0.00121282215696	0.0030861813575	0.00198696018197
0.112370923594	-61.0	61.0409318300	-0.000780234811828	0.00309464102611	0.00197390606627
-0.154729486758	-61.0	61.4308765146	-0.0010066491086	0.00321780936792	0.00228763278574
-0.355465383161	-61.0	61.2565616132	-0.00117038667668	0.00315388850868	0.00214400631376
0.00657522585496	-61.0	60.8400065525	-0.00086513266433	0.00302548194304	0.00181740080006
5.73719070786	-61.0	61.0974263955	0.00302594550885	0.00257835281081	0.0017705457285
5.37836205796	-61.0	61.3238639031	0.00285185780376	0.00265030399896	0.00196141377091
5.35833409752	-61.0	60.9049314916	0.00278414203785	0.00256798788905	0.00168629467953
5.63320394202	-61.0	61.3051025087	0.00299530220218	0.00262674852274	0.00191893544979
5.61647893132	-61.0	60.8767432048	0.0029271710664	0.00254320981912	0.00164062727708
5.30917652240	-61.0	61.1237620651	0.00278537836857	0.00261598755606	0.0018359584501
-9.32460214656	-61.0	49.1700633321	-0.00497983256355	-3.06280890072e-05	-0.00481977732852
-8.96398078566	-61.0	48.9456242335	-0.00479958252981	-5.99362865614e-05	-0.00488424440846
-9.03421190825	-61.0	49.4834642469	-0.00487832259387	2.68588264589e-05	-0.00465497514233
-9.24439744258	-61.0	49.4202861617	-0.00496662408113	1.19628139146e-05	-0.00470247678459
-8.78626393392	-61.0	49.1362712917	-0.00473690731451	-2.50679750025e-05	-0.00478459522128
-9.20679528439	-61.0	48.9576741039	-0.00490857241675	-6.28302732366e-05	-0.00490153999999
-8.82129026411	-61.0	49.3949730344	-0.00477514835075	1.68358837982e-05	-0.00467426050454
8.27117460488	-61.0	62.2763775784	0.0046183555387	0.002651714487	0.00212431093678
7.80268082227	-61.0	62.6157690796	0.00441377516836	0.00273278844543	0.00241915904917
8.08480895545	-61.0	62.6855811901	0.00458358181641	0.00273183244281	0.00240894942544
7.82621515722	-61.0	62.3330299894	0.00438076397404	0.00268187955953	0.00224004196934
8.04976061937	-61.0	62.1902190402	0.00448140921071	0.00264616357163	0.00211218185723
8.29527734802	-61.0	62.5287618916	0.00467458227649	0.00269516813569	0.00227304780856
-9.25512260414	-61.0	53.4512703403	-0.0053979139775	0.000701294047758	-0.00289232726209
-8.82784159704	-61.0	53.2704920759	-0.00517538469285	0.000684403930791	-0.00293086119927
-8.98531279214	-61.0	53.0225852802	-0.00521987164393	0.000634515483398	-0.00306192296557
-8.95427538609	-61.0	53.4563176693	-0.00525719858706	0.000713214452844	-0.00285766483285
-9.20307189002	-61.0	53.0314521860	-0.00532272597775	0.000628524401691	-0.00308065884747
-9.33162573915	-61.0	53.2003559054	-0.00540308281779	0.000653926341329	-0.00301663461141
-2.23441013283	-61.0	61.6334477979	-0.00267156562768	0.00302711804397	0.00241398625076
-1.78510934187	-61.0	61.4629738041	-0.00232446566224	0.00305624119937	0.00229310709983
-2.01482056655	-61.0	61.4400959355	-0.00249236961827	0.00301307579502	0.002268118551
-2.06302719266	-61.0	61.8339354135	-0.00256683584303	0.00310715241358	0.0025845086202
-1.72576900517	-61.0	61.6591578042	-0.00229766406119	0.00311928195879	0.0024541199673
-1.87888857471	-61.0	61.7886724872	-0.00242534372956	0.00312768039294	0.00255534751341
5.35112725535	-61.0	52.7165804448	0.00189376214985	0.000865925801918	-0.00279219937511
5.19994273788	-61.0	52.4549614391	0.00180223979987	0.000815565930679	-0.002907973947
4.94040707788	-61.0	52.8988402592	0.00170521030668	0.000901756749954	-0.0026899620425
4.83978079508	-61.0	52.6768164960	0.00164118455723	0.000858485989738	-0.00279040518217
4.98421038782	-61.0	52.4833136985	0.0016992399469	0.000820961024147	-0.00288620195352
5.15039994419	-61.0	52.8573049805	0.00180549896322	0.000893402902875	-0.00271777249873
4.45731454687	-61.0	55.2804835177	0.00163674540818	0.00138960266486	-0.00151143071707
4.30122841571	-61.0	55.6655450347	0.00158597901464	0.00147417781409	-0.00130970438477
4.49130372436	-61.0	55.7904407703	0.00169825181365	0.00149795913603	-0.00125148962252
4.69495122453	-61.0	55.6610012044	0.00179497804493	0.00146689463872	-0.00132547237445
4.65473201142	-61.0	55.4113819966	0.00175178458448	0.00141460436862	-0.00145175610669
4.27374519855	-61.0	55.3986432725	0.00154931016732	0.00141722057015	-0.00144549156539
-6.11284639958	-61.0	63.6343323170	-0.00543477246538	0.00286716711707	0.00335853523575
-5.46411784581	-61.0	63.5116846074	-0.00501146446913	0.0029147497844	0.00341637479141
-5.99515995189	-61.0	63.4030884206	-0.00532364007086	0.0028380472213	0.0032240182627
-5.69473966728	-61.0	63.3234993256	-0.00512591470033	0.00285578984767	0.00323320482858
-5.88082900699	-61.0	63.7654490561	-0.0053120139055	0.00291418726556	0.00350370677188
-5.66461917946	-61.0	63.6797077982	-0.00516284629703	0.00292213913053	0.00349225779064
10.3073496691	-61.0	62.1058102072	0.00570117728785	0.0025537784677	0.00162955815904
9.85400108333	-61.0	61.9900579098	0.00543305370957	0.00254536396824	0.00165453832597
9.93297616787	-61.0	62.3798729588	0.00555033842102	0.002611952601	0.00186191743705
10.1765778232	-61.0	62.3108286806	0.00567007483914	0.00259325955994	0.0017724360805
9.81899054069	-61.0	62.1631608422	0.00544673064724	0.00257697096094	0.00176062306855
10.0812999969	-61.0	61.9593712724	0.00555035239086	0.00253369868733	0.00159218849149
2.87946862696	-61.0	47.0708587636	0.000531587633304	-0.000178877729923	-0.00523851113394
2.93857568283	-61.0	47.6021693570	0.00056468823459	-8.71123847901e-05	-0.00501001765952
3.11222047945	-61.0	47.1239514619	0.000633622228634	-0.000167233534739	-0.00521884625778
2.74039083161	-61.0	47.4705104801	0.000475747598102	-0.000112030735181	-0.00506445253268
2.69666895296	-61.0	47.1965210978	0.000453347136499	-0.000159505871125	-0.00518222013488
3.18344193197	-61.0	47.3092534221	0.00066749972757	-0.000134767120471	-0.00514008151367
2.19725567227	-61.0	53.6635592806	0.000356707110768	0.00105644273572	-0.00226417626254
2.05486698371	-61.0	54.2084092008	0.000299590785289	0.00117263616994	-0.00199932721443
1.86282443675	-61.0	54.0050637065	0.000191683473531	0.00112809019629	-0.00209714774974
2.33668836232	-61.0	53.8549583950	0.000435954541899	0.00109738972969	-0.00217318814248
1.93197212498	-61.0	53.7423640212	0.000220694651944	0.00107212504372	-0.00222444697283
2.25823746728	-61.0	54.0532397858	0.000401873432565	0.00113957445137	-0.00207641534507
-8.40833318831	-61.0	59.4903734821	-0.0059486576356	0.00188348640222	0.000296036538202
-8.20087426369	-61.0	59.1160136337	-0.00576902227476	0.00182459305506	0.000117708885227
-8.66511725701	-61.0	59.1058607803	-0.00600775424391	0.00179222179577	3.83247279387e-05
-8.22813661302	-61.0	59.3424035768	-0.00582607276738	0.00186693086289	0.000241358065978
-8.62065875372	-61.0	59.3659414146	-0.00603516306728	0.00184527563397	0.00019066160894
-8.50831924919	-61.0	58.9591016809	-0.00589867495	0.00177393003833	-1.79309099622e-05
-8.32634395542	-61.0	59.0041627152	-0.00581310177222	0.0017944900319	3.55819538527e-05
-6.47506974553	-61.0	60.0049761363	-0.00501107610762	0.002131491201	0.000890599156264
-6.74212497437	-61.0	59.9528477977	-0.00514753442258	0.0020986685995	0.000822175003123
-6.82578096072	-61.0	60.4290482856	-0.00527889141813	0.00218772189692	0.00110266020056
-6.53480666988	-61.0	60.4448265363	-0.00512171396986	0.00221590464935	0.0011556323152
-6.94161441200	-61.0	60.1311830108	-0.00528802676126	0.00211838749237	0.000902269850485
-6.41050090811	-61.0	60.2330847126	-0.00501571083441	0.00218370347284	0.00104078289587
5.13308936435	-61.0	58.2150561246	0.0023037774954	0.00200755428523	4.30991967733e-05
4.81493846369	-61.0	57.8411995514	0.00208319351077	0.00193820241839	-0.000155020068632
5.30506025205	-61.0	58.0401538336	0.00237703486346	0.00196251971647	-6.65783882141e-05
4.88802847017	-61.0	58.1155789835	0.00215589790605	0.00199605338275	-1.70731345861e-06
5.23197024557	-61.0	57.7657744015	0.00230397563428	0.00190600194037	-0.000217986918869
5.01398074540	-61.0	57.7214949666	0.00217929086648	0.00190436281264	-0.000231905039982
6.68656923342	-61.0	58.0299570524	0.00311811105348	0.00190956343431	-0.000168795944774
6.79064478377	-61.0	58.4658188860	0.00323249748908	0.00199372880161	6.70785739203e-05
7.13707587559	-61.0	58.0977301129	0.0033641627524	0.0019083886873	-0.000170654966496
6.66912108783	-61.0	58.2903984693	0.00314402487129	0.00196280889213	-2.13634866668e-05
7.03498941770	-61.0	58.3610403081	0.00334705249406	0.00196408224292	-1.43698034663e-05
7.02255361397	-61.0	57.9035334274	0.00327767548151	0.00187335943338	-0.00026764953509
5.42544939028	-61.0	59.3125738529	0.00260665244423	0.00223058764823	0.000674105773214
5.46413240138	-61.0	59.8880741291	0.00270579801872	0.00235023908317	0.00102527905256
5.75881945756	-61.0	59.5152326320	0.00281895999797	0.00225499202497	0.000771301623899
5.25347850257	-61.0	59.4874761439	0.0025337447878	0.0022778485436	0.000793228857219
5.28208848885	-61.0	59.7538381652	0.00258538988419	0.00233319075778	0.000955997558776
5.64792751608	-61.0	59.3441827084	0.00273439334705	0.00222518877126	0.000676545954775
5.66026409417	-61.0	59.7226167773	0.00279272627085	0.00230378750712	0.000906375760678
-7.25417950296	-61.0	48.3571600289	-0.00399354845285	-0.000122605357319	-0.00499877054244
-6.81879195249	-61.0	48.5106565278	-0.00381117826328	-8.84352339199e-05	-0.00489964475855
-7.00359447651	-61.0	48.0794305261	-0.00386284198612	-0.000163622287801	-0.00510139996186
-7.08591533696	-61.0	48.5606244717	-0.00393361831084	-8.54734462337e-05	-0.00489722052589
-6.78953558760	-61.0	48.2510060681	-0.00378001783974	-0.00013110814325	-0.0050110919401
-7.17512977889	-61.0	48.1841048649	-0.00394607009366	-0.000149649291416	-0.00506839947775
1.51555475707	-61.0	60.1194255831	0.00026972219348	0.00272359303199	0.00130774010904
1.25486666544	-61.0	60.0924180358	7.96151944087e-05	0.00273247994483	0.00128623784985
1.64636989441	-61.0	59.9268133720	0.000348097091774	0.00265418575145	0.00117790931836
1.18675859432	-61.0	59.8594858803	1.65860437846e-05	0.00266071781516	0.00112745468505
1.56178915928	-61.0	59.7601013309	0.00027649992262	0.0026081094984	0.00106579635758
1.37429657959	-61.0	59.7030256954	0.00014101441775	0.00260097370483	0.00102606520522
7.70624106829	-61.0	48.3787670763	0.00269117671996	9.46887230384e-05	-0.00486846640706
7.65996453251	-61.0	48.6886812535	0.00269055226818	0.00014744438522	-0.00473058223724
7.39859669331	-61.0	48.8132879061	0.00258285715245	0.000166410594829	-0.00465868320316
7.15940120396	-61.0	48.5318009323	0.00245987228118	0.000115519702376	-0.00476576015353
7.51609460941	-61.0	48.2365459400	0.00259899790399	6.83095422573e-05	-0.00491712428629
7.28236680835	-61.0	48.3122649961	0.0025010141544	7.89180630818e-05	-0.00486889993772
7.20305399409	-61.0	48.7057270864	0.00248959450983	0.000145978832734	-0.0046928729862
-1.66568278344	-61.0	66.2486353487	-0.00239849835634	0.00370109919459	0.00624148733914
-1.27756782504	-61.0	66.2452303395	-0.00205389666371	0.00372625840828	0.00628640735522
-1.24302559839	-61.0	66.4478428400	-0.00202507479116	0.00374428322539	0.00643889512867
-1.39486115204	-61.0	66.5906956080	-0.00216370844282	0.00374808977358	0.00652674632147
-1.66430144576	-61.0	66.4173545659	-0.00240063318051	0.00371604785323	0.00636602938175
-1.47441395723	-61.0	66.1461909315	-0.00222804164514	0.00370602565818	0.00619046809152
-1.56288123446	-61.0	66.5462487562	-0.00231323484331	0.00373419909738	0.00647389469668
-10.9671077283	-61.0	59.1117455872	-0.00718647241592	0.00165628013201	-0.000382477854146
-10.8994152358	-61.0	59.3444337385	-0.00720304204151	0.00170332775451	-0.000248084077612
-10.4477213165	-61.0	59.1307943159	-0.00692641222849	0.00168907572515	-0.000268476607744
-10.6288486884	-61.0	59.3500695207	-0.00706604495645	0.00171964685433	-0.000189626443898
-10.7615509143	-61.0	58.9137511275	-0.00703945849091	0.00163089553826	-0.000443121825811
-10.5357522614	-61.0	58.9503744743	-0.00693283043802	0.00165040232241	-0.000379845296266
-4.82080089211	-61.0	58.2462344200	-0.00381554826163	0.00188698759302	-6.84875431034e-06
-4.58974891165	-61.0	58.3933826827	-0.00370714813471	0.00193800241686	9.5005161711e-05
-5.03644027953	-61.0	58.5943622182	-0.00398702966049	0.00194864696823	0.000182940464583
-4.63947573055	-61.0	58.6702049825	-0.00377539196052	0.00199755234644	0.000256786413956
-4.97288818781	-61.0	58.4086117188	-0.00392394792289	0.0019120243378	7.77265959186e-05
-4.87033417595	-61.0	58.6869929769	-0.00390804745257	0.00198269425891	0.00025068045943
-0.911329992425	-61.0	62.6616984988	-0.00169557903428	0.00347546883859	0.00335062178783
-0.499796950947	-61.0	62.4700359500	-0.00132948136888	0.00347853545099	0.00318942428567
-0.83852136376	-61.0	62.1779969285	-0.0016141779488	0.00337972841226	0.00292135332711
-1.01803761918	-61.0	62.4201884546	-0.00177742552478	0.00341329351068	0.00313043780625
-0.55415407444	-61.0	62.2893331031	-0.001372371451	0.00343411020003	0.00302588753402
-0.678687277604	-61.0	62.6030598828	-0.00149080681149	0.00349003449082	0.00330541958101
1.39017046929	-61.0	56.0091350401	-1.19402184282e-05	0.00158261868637	-0.00109273707494
1.62579356565	-61.0	55.9098181642	0.000120203665574	0.00155844516121	-0.00114413199481
1.34526235336	-61.0	56.2573666809	-3.0870687624e-05	0.00164293253329	-0.000963458733167
1.47390591187	-61.0	56.4315698634	4.9872607633e-05	0.00168538838625	-0.000871721946169
1.81135792017	-61.0	56.0418475287	0.000231275844271	0.0015892253723	-0.00107600074261
1.79181484247	-61.0	56.2455208152	0.00022820259619	0.00163825671189	-0.000969622458797
1.68169670434	-61.0	56.4234847258	0.000171296022017	0.00168227648828	-0.000875903991982
2.30900241069	-61.0	54.5111565012	0.000446017307695	0.00123878510203	-0.00185280607548
2.46221372405	-61.0	54.7407839047	0.000537859275937	0.00128899002448	-0.00174064724706
2.72975323471	-61.0	54.7143006521	0.000680322293192	0.00128240149934	-0.00175682257395
2.80588899789	-61.0	54.5133974109	0.000711128348485	0.00123847927898	-0.00185723602772
2.51237289427	-61.0	54.3559870861	0.000548073556274	0.00120494130533	-0.00193107523955
2.71717931245	-61.0	54.3303354722	0.000655453302898	0.00119918538257	-0.00194608606398
3.97462044332	-61.0	62.9508562049	0.00219246605411	0.00310052395798	0.00329743279144
4.14672216290	-61.0	62.7406186029	0.00228163949214	0.00304272468202	0.00311540276743
4.29934978960	-61.0	63.2626980198	0.00242755189538	0.0031140036881	0.00347784068435
4.53895447398	-61.0	62.9049545397	0.0025426032953	0.00302679720335	0.00317708100192
4.03572021851	-61.0	63.1672171459	0.0022507335525	0.0031293942593	0.00345038529485
4.43161514258	-61.0	62.7088099590	0.00245587714016	0.00300414464436	0.0030508255586
6.70847843195	-61.0	65.2983075180	0.00418854365125	0.00322885648347	0.00435107108206
6.35202133236	-61.0	65.6905733659	0.00402290932834	0.00330742541701	0.0046877139248
6.68786632789	-61.0	65.6865905237	0.00423592887819	0.00328500801697	0.00460387207568
6.49039060816	-61.0	65.2340470819	0.00404198141769	0.00323302857578	0.00436125416309
6.80934480808	-61.0	65.5042714932	0.00428362749517	0.00325245596468	0.00445873429999
-5.75857272378	-61.0	56.0862971686	-0.00402324553579	0.00136050535366	-0.00126607541461
-5.62763895963	-61.0	55.5975281586	-0.00389487831853	0.00126583245583	-0.00150981394108
-5.78983364553	-61.0	55.8313043574	-0.00400696555153	0.00130607548635	-0.00140112743247
-5.36607639199	-61.0	55.6758831874	-0.00376950670034	0.00129485398065	-0.00145126739517
-5.33674166216	-61.0	55.9054527407	-0.00378186744638	0.00134441396222	-0.00133027113043
-2.66492429240	-61.0	53.2145490001	-0.0021623657085	0.000883570755832	-0.00253979722038
-2.44569395715	-61.0	53.6247688501	-0.00207287049852	0.000975004397333	-0.00233607622795
-2.43202587875	-61.0	53.3949160210	-0.00205330247991	0.000927295768633	-0.0024460547138
-2.67951043492	-61.0	53.7199012888	-0.00219920440577	0.000988276908174	-0.00229771644808
-2.86367808803	-61.0	53.5650362020	-0.00228460971266	0.000950448389631	-0.00237874849699
-1.66962240115	-61.0	58.9757981838	-0.0019967216067	0.00231898250058	0.000543501344509
-1.53781764325	-61.0	58.4139683263	-0.001863783109	0.00216451869346	0.000205104937777
-1.37909775987	-61.0	58.6238607375	-0.00177560618613	0.00223387707956	0.000331306684529
-1.89820360544	-61.0	58.8561307386	-0.00213638320565	0.00226796348579	0.000467964709969
-1.39166685145	-61.0	58.9276620390	-0.0018067752244	0.00232302024961	0.000515490595717
-1.95829447753	-61.0	58.6398866276	-0.00215490604751	0.00220237928443	0.000335784308845
-7.71537619888	-61.0	47.5993847557	-0.00414206273854	-0.000255010818364	-0.00536442734301
-7.49430499631	-61.0	47.3818326973	-0.00402994873002	-0.000286199530819	-0.00544158788398
-7.19903258903	-61.0	47.7550630338	-0.003926419653	-0.000220464411541	-0.00525707751513
-7.56634714757	-61.0	47.8403233934	-0.00409396924078	-0.000213297549635	-0.0052479961887
-7.37056789141	-61.0	47.8597373726	-0.00400922307745	-0.000206538301427	-0.00522446632385
1.70048513026	-61.0	46.5085703470	1.68314145412e-05	-0.00028762529837	-0.00547245098278
1.96630171489	-61.0	47.0107118009	0.000133229536004	-0.000199690111913	-0.00525699695572
1.70970924924	-61.0	46.8252563245	2.10193193197e-05	-0.000234212624491	-0.00533623248339
2.19244259558	-61.0	46.8821138314	0.000231083176914	-0.000218833622057	-0.0053134826012
1.90974533705	-61.0	46.3920969453	0.000107081163151	-0.000304625631543	-0.00552290119231
2.15193438388	-61.0	46.6202565086	0.000212274564547	-0.000263520050794	-0.00542589370161
-4.38124978166	-61.0	63.7219839128	-0.00434374809265	0.00308271753602	0.0037956670858
-4.84397248197	-61.0	63.4986363515	-0.00461709871888	0.00298572378233	0.00353596848436
-4.64341897083	-61.0	63.7250387707	-0.00451617827639	0.00304931728169	0.00374480173923
-4.62042942448	-61.0	63.2913303672	-0.00444739870727	0.00297818123363	0.00342582818121
-4.39763783026	-61.0	63.3097632966	-0.00430651009083	0.00301103014499	0.00348118762486
-4.14296570509	-61.0	62.3573157706	-0.00402646325529	0.00287224771455	0.00280332216062
-4.40773196917	-61.0	62.4610974052	-0.0042057489045	0.00285499845631	0.00284265773371
-4.67080834246	-61.0	62.1278565541	-0.00432154955342	0.00275492016226	0.00255875871517
-4.13545773842	-61.0	62.1420410043	-0.00399352842942	0.00283065624535	0.00264282873832
-4.52638271257	-61.0	61.9887439591	-0.00421356922016	0.0027460383717	0.00247785984538
-4.57757303284	-61.0	62.3031823199	-0.00428933417425	0.00280155707151	0.00270047946833
-4.30762171035	-61.0	62.0327234134	-0.00408553751186	0.00278439954855	0.00253922911361
-6.51768930397	-61.0	49.7160642439	-0.00376382959075	0.000123079807963	-0.00434727687389
-6.81667552994	-61.0	49.6301699005	-0.00389282102697	0.000101359000837	-0.00440665753558
-6.43175258590	-61.0	49.2951062439	-0.00369387236424	5.24909883097e-05	-0.00452766288072
-6.37300261591	-61.0	49.5587319089	-0.00368650467135	9.91881897789e-05	-0.00440703285858
-6.70304486062	-61.0	49.2515014958	-0.00381294661202	3.90695349779e-05	-0.00456587737426
-6.00280137133	-61.0	51.0423666538	-0.00362997711636	0.000370667112293	-0.00371762807481
-6.01734433574	-61.0	50.8000062806	-0.00361755630001	0.000326580862748	-0.00382822332904
-6.31633056171	-61.0	50.7141119372	-0.00374918337911	0.000303388776956	-0.0038872177247
-6.23724531693	-61.0	51.1794302516	-0.00375041039661	0.000389061780879	-0.003671342507
-6.44500334073	-61.0	51.0818515041	-0.00383896939456	0.000365768966731	-0.0037301434204
-8.18559769391	-61.0	50.6664781533	-0.00460314657539	0.000246198265813	-0.00405483227223
-7.74240875646	-61.0	50.5391913885	-0.0043892650865	0.000235670377151	-0.00407404499128
-7.78279994268	-61.0	50.2944009766	-0.00438599707559	0.00019245200383	-0.00418656459078
-8.04996706087	-61.0	50.1746778537	-0.00449676951393	0.000165392382769	-0.00426218751818
-7.92266708148	-61.0	50.7228336494	-0.00448825536296	0.000262771121925	-0.00400702049956
-7.85727630745	-61.0	49.2679149920	-0.0043326835148	1.6572241293e-05	-0.00464688660577
-7.83777268496	-61.0	49.5003511493	-0.00434306729585	5.60531625524e-05	-0.00454290863127
-8.30194171927	-61.0	49.2132535221	-0.00452720373869	-2.13200883081e-06	-0.00470817973837
-8.06900436557	-61.0	49.1551801568	-0.00441822037101	-6.81516621626e-06	-0.00471395207569
-8.08898938079	-61.0	49.6361410242	-0.0044675162062	7.32526532374e-05	-0.00450388947502
-8.33696804946	-61.0	49.4719552647	-0.00456487527117	4.0179122152e-05	-0.00459744781256
11.5269276570	-61.0	52.8618192359	0.00483874138445	0.00089730421314	-0.00323444139212
11.4682804708	-61.0	52.5622962041	0.00477525452152	0.000845563306939	-0.00336340628564
11.7715520358	-61.0	52.8740706131	0.00495454017073	0.00090098194778	-0.00325922900811
11.7184693290	-61.0	52.3885525075	0.00487080262974	0.000817768333945	-0.00347255333327
3.06486881556	-61.0	64.4760529920	0.00167316885199	0.00343743548729	0.00462547969073
3.37717131560	-61.0	64.8222112766	0.00191700516734	0.00344229280017	0.00482475571334
3.43310212353	-61.0	64.4604590778	0.00193671078887	0.00339146680199	0.00454006204382
3.18050823398	-61.0	64.8178668645	0.0017735628644	0.00346343941055	0.00486317370087
3.08464520796	-61.0	64.6648622176	0.00169599440414	0.00345684029162	0.00476651359349
3.43372023311	-61.0	64.6157688774	0.00194595649373	0.00341080920771	0.00465738447383
-10.5981092282	-61.0	55.2304452549	-0.00627610180527	0.000964720791671	-0.00222640391439
-10.4289390073	-61.0	54.7670928167	-0.00612681498751	0.000889460963663	-0.00242052064277
-10.9246086271	-61.0	54.7908703997	-0.00636474695057	0.000871770607773	-0.00247625657357
-10.4237387426	-61.0	55.0577659162	-0.00616714823991	0.000941658276133	-0.00228362716734
-10.6742952229	-61.0	54.6092229017	-0.00621992954984	0.000850834243465	-0.00252640992403
-10.8321883183	-61.0	55.1597158988	-0.00637650024146	0.000941265549045	-0.00229234294966
-10.9208003968	-61.0	54.9909144513	-0.00639286870137	0.000907221401576	-0.00238323840313
-1.89217794787	-61.0	52.9533574796	-0.00175631209277	0.000849570846185	-0.00264052255079
-1.93016265233	-61.0	53.2089031015	-0.00178678671364	0.000901552150026	-0.00252028461546
-1.40647578799	-61.0	53.0084637097	-0.00151074386667	0.000871998432558	-0.00260252086446
-1.71043901663	-61.0	53.3357706468	-0.00167921534739	0.000933375034947	-0.00245412951335
-1.47112559758	-61.0	53.2431413793	-0.00155224453192	0.00091949023772	-0.00249259546399
-5.59484379801	-61.0	61.6727070082	-0.00480103865266	0.00255490723066	0.00209956080653
-5.23605497269	-61.0	62.0065369924	-0.00464344024658	0.00266145425849	0.00238681701012
-5.33490401365	-61.0	61.7801397516	-0.00466620968655	0.00260518211871	0.00221334886737
-5.77591675527	-61.0	62.1025244047	-0.00497774221003	0.00261965440586	0.00236463476904
-5.79321392611	-61.0	61.8296945689	-0.00494250142947	0.00256466399878	0.00217503332533
-5.35239955353	-61.0	62.1481085321	-0.00473478110507	0.00267563178204	0.00246772239916
-7.34582867451	-61.0	46.2914040515	-0.00389281148091	-0.000457161426311	-0.00590216461569
-7.10768417773	-61.0	46.4647141607	-0.00380112044513	-0.000426156126196	-0.00580952689052
-6.83476678270	-61.0	46.1054309781	-0.00366126908921	-0.000478574133012	-0.00594495050609
-6.91300197172	-61.0	46.3245930584	-0.00370833696797	-0.000445248209871	-0.00585591746494
-6.93062831745	-61.0	45.9087283725	-0.00369055802003	-0.000510842190124	-0.00603668857366
-3.56252390928	-61.0	61.1483385287	-0.00349939242005	0.0026974582579	0.00196503312327
-3.77518988919	-61.0	61.0230008717	-0.0036144091282	0.00263884081505	0.00185811938718
-3.82799654079	-61.0	61.4696575429	-0.00371034862474	0.00273282802664	0.00217804149725
-3.60140319381	-61.0	61.3790071456	-0.00355578283779	0.00274516595528	0.00213136407547
-3.99428147216	-61.0	61.1154654131	-0.003762682667	0.00263077486306	0.00190595723689
1.75093485604	-61.0	57.3399687793	0.000253153790254	0.00191261584405	-0.000381528545404
1.70058411699	-61.0	57.7690646976	0.000244070557528	0.00202663778327	-0.000142087272252
1.29243091607	-61.0	57.6381927678	-1.7029557057e-05	0.00199795584194	-0.000217460255953
1.82102609513	-61.0	57.6079214101	0.000310046772938	0.00198139925487	-0.000232440695981
1.48833865726	-61.0	57.8030598063	0.00011286316294	0.00203980109654	-0.000123764752061
1.38794687966	-61.0	57.4591899983	3.55311603926e-05	0.00194887688849	-0.000316669000313
1.53350766246	-61.0	57.3199436307	0.00011941507546	0.00191044795793	-0.000393054360757
-7.96233592893	-61.0	53.1444098048	-0.00475288322195	0.000692497240379	-0.00290455063805
-7.92711360734	-61.0	53.6289933731	-0.00479192705825	0.000782943679951	-0.00267326738685
-8.19860906588	-61.0	53.1218453936	-0.00486190011725	0.000679999066051	-0.00293740397319
-8.31648665260	-61.0	53.3377601850	-0.00494245393202	0.000715044734534	-0.0028479588218
-7.86529291864	-61.0	53.3655835164	-0.00473200343549	0.000736600544769	-0.00279176281765
2.98511314455	-61.0	44.8227597226	0.000559589709155	-0.000550501630642	-0.00620148703456
2.84768728788	-61.0	44.9942683424	0.000502618786413	-0.000524149974808	-0.00612689834088
3.22227983186	-61.0	44.8710724856	0.000658974575344	-0.000540501554497	-0.00618408853188
3.17491372664	-61.0	45.3313514837	0.000641853141133	-0.000466122495709	-0.00598743464798
2.92444063275	-61.0	45.2399820585	0.000535844708793	-0.000483512034407	-0.00602308986709
3.96939611573	-61.0	65.2431402529	0.00236920639873	0.00343501754105	0.00499884271994
3.82241228604	-61.0	65.7376050728	0.00230574957095	0.00351162743755	0.00539114046842
4.03606937801	-61.0	65.5002553180	0.00243871845305	0.00346236792393	0.00516716949642
3.62515773410	-61.0	65.2393162503	0.00212260591798	0.00346749741584	0.00507829478011
3.53198771837	-61.0	65.4135406358	0.0020668793004	0.00349767063744	0.00522774038836
3.77490041197	-61.0	65.1932091160	0.00222698668949	0.00344717665575	0.00500928936526
4.33682257350	-61.0	45.2583723308	0.00112883525435	-0.00046750891488	-0.00604238593951
4.41318372401	-61.0	45.4927184712	0.0011644809274	-0.000428119441494	-0.00594481918961
4.20004825294	-61.0	45.6592264076	0.00107748445589	-0.000402388541261	-0.00586818344891
4.12938406692	-61.0	45.2064296361	0.00104135775473	-0.000477821129607	-0.00605912227184
3.98116553881	-61.0	45.5685468453	0.000983913894743	-0.000419439020334	-0.00590146891773
8.04000274264	-61.0	47.8895531370	0.00280620064586	1.48821418406e-05	-0.00510407332331
7.93434346000	-61.0	48.5251126900	0.00280085974373	0.000122181110783	-0.00482108537108
8.22287140154	-61.0	48.0675115832	0.00289721903391	4.7329627705e-05	-0.00504075875506
7.79047353689	-61.0	48.0729773765	0.00270895822905	4.32773558714e-05	-0.00500684371218
-7.17358029299	-61.0	62.2082041353	-0.00580551382154	0.00250363140367	0.00216996553354
-7.35609278191	-61.0	62.0303618265	-0.00587499886751	0.00245403824374	0.00201836251654
-7.57955260164	-61.0	62.1068490246	-0.00601659761742	0.00244945124723	0.00202085264027
-7.23120250465	-61.0	62.4319098222	-0.00588167831302	0.00254057417624	0.00230279145762
-7.60769426314	-61.0	62.3529882195	-0.00608178088441	0.00249330466613	0.00217119674198
-7.43459397604	-61.0	62.4569693719	-0.00600346038118	0.0025274977088	0.00227527273819
5.76076637524	-61.0	64.8980332283	0.00353211141191	0.00323326862417	0.00431676022708
6.17233649012	-61.0	64.6129670037	0.00375432358123	0.00316007738002	0.00403241720051
5.96643040292	-61.0	64.4104245032	0.00359909748659	0.00314327212982	0.00394529895857
5.73954467213	-61.0	64.5927806081	0.00348002812825	0.00318848830648	0.00411837222055
6.19213803648	-61.0	64.8577707239	0.00380028481595	0.00319633260369	0.00418800720945
6.16074871842	-61.0	66.2049541876	0.00398275908083	0.00338802183978	0.00506674032658
6.39765045883	-61.0	66.4192892520	0.00417498592287	0.00339277344756	0.00514290714636
5.97573123153	-61.0	66.6219038718	0.00393968587741	0.00345024652779	0.00538552505895
5.99197564935	-61.0	66.3622590689	0.00389997451566	0.00342029426247	0.00521348044276
1.57579804387	-61.0	60.7872675586	0.000363206432667	0.00292807212099	0.00178661628161
1.71535785254	-61.0	60.5412477581	0.000445891055278	0.00283847586252	0.00160663982388
1.79231511890	-61.0	60.9528198305	0.000535538885742	0.00295486929826	0.00191074062604
1.96069565027	-61.0	60.5601873909	0.000622399733402	0.00282004103065	0.00162080838345
2.05852394585	-61.0	60.7992705850	0.000713166547939	0.00287945824675	0.00179469247814
4.23138490245	-61.0	46.6983990510	0.00111016305164	-0.000227672891924	-0.00542490277439
4.50293177162	-61.0	46.5685639136	0.00122378231026	-0.000246940238867	-0.00548822106794
4.49811344846	-61.0	46.2900520711	0.00121548015159	-0.000294024561299	-0.0056072389707
4.26129045356	-61.0	46.1603403923	0.00111203861888	-0.000318126112688	-0.00565599044785
4.09207964177	-61.0	46.2873746952	0.00104228802957	-0.000298443977954	-0.00559730967507
4.32193529701	-61.0	57.3522045228	0.00175531196874	0.00184632476885	-0.000410201784689
4.81648971957	-61.0	56.8784779935	0.00197828025557	0.00172646378633	-0.000688302214257
4.90299630200	-61.0	57.1191474949	0.00205094879493	0.00177644309588	-0.000561015796848
4.59105532617	-61.0	57.4366015114	0.00191389664542	0.00185632437933	-0.00037302452256
4.57704652762	-61.0	56.8249159690	0.00184229738079	0.00172121427022	-0.000707927974872
4.79009760789	-61.0	57.3168969265	0.00201068515889	0.00182325416245	-0.00044745975174
6.66233212336	-61.0	57.6157883724	0.00305066653527	0.00182663626038	-0.000395754381316
6.56554104624	-61.0	57.3538712809	0.00296623003669	0.00177643971983	-0.000531220284756
6.76519234976	-61.0	57.1372243243	0.00304297823459	0.0017272613477	-0.000663379440084
7.08065653301	-61.0	57.1991809725	0.00321450526826	0.0017315056175	-0.00065536092734
6.99831650391	-61.0	57.4893647474	0.00320970267057	0.00179146393202	-0.000492041173857
-4.99528819344	-61.0	45.9132550575	-0.00286000897177	-0.000480691407574	-0.00591176841408
-5.21070002428	-61.0	45.6816363254	-0.00294105568901	-0.000520707399119	-0.00602366495878
-4.76246361247	-61.0	45.5695403697	-0.00274387630634	-0.000531695433892	-0.00604718178511
-4.91237084347	-61.0	45.4572202770	-0.00280268955976	-0.000551636563614	-0.00610362319276
-5.08606353982	-61.0	45.5121502239	-0.00287948176265	-0.000545565737411	-0.00608959374949
-11.3783214869	-61.0	54.2433834370	-0.00649885600433	0.00075669225771	-0.00278806919232
-11.1395561471	-61.0	54.3720917273	-0.00640510860831	0.000789200130384	-0.00269745686091
-10.8892427429	-61.0	54.1904442293	-0.0062616886571	0.000768413417973	-0.00274722999893
-10.9378102136	-61.0	53.9102729817	-0.00624569365755	0.000718031893484	-0.0028812228702
-11.3606698649	-61.0	54.0098929700	-0.00645742798224	0.000717776885722	-0.00289124436677
10.4524895624	-61.0	52.5312073765	0.00429859990254	0.000834589067381	-0.00326185394078
10.3456689166	-61.0	52.7283806441	0.00427097221836	0.000868608360179	-0.0031602580566
10.1368003693	-61.0	52.8032042250	0.00418165000156	0.000881089072209	-0.00310390884988
9.96529286441	-61.0	52.6037451884	0.00407922780141	0.000845496600959	-0.00317782652564
10.0252071003	-61.0	52.3792005793	0.00408271886408	0.000806269235909	-0.00328660896048
-6.78394386840	-61.0	65.7670807613	-0.00626494642347	0.00317354733124	0.0046449941583
-6.58378914293	-61.0	65.9046710989	-0.00615728134289	0.00321370735765	0.00479863211513
-6.45293095920	-61.0	65.4371754337	-0.00597522500902	0.00314569473267	0.00451741879806
-6.34780081086	-61.0	65.7431546454	-0.00596315180883	0.0032065117266	0.0047582113184
-6.70151323236	-61.0	65.5113794860	-0.00615656655282	0.00313679524697	0.00449596205726
11.3623531050	-61.0	58.3934467205	0.00556779280305	0.0018718407955	-0.000553459511138
11.3582217804	-61.0	58.6550698411	0.00561092467979	0.00191859027836	-0.00041907603736
10.9897587636	-61.0	58.3265914945	0.00536852329969	0.00186445575673	-0.000529147335328
11.1675772057	-61.0	58.2684420932	0.00544834369794	0.00185177894309	-0.000586475594901
10.9743520432	-61.0	58.5596206411	0.00540015753359	0.00190651463345	-0.000406813400332
4.46981118611	-61.0	54.0217308529	0.00154708570335	0.00112759449985	-0.0021363585256
3.99791591652	-61.0	53.8413260741	0.00129428866785	0.0010928112315	-0.00220964709297
4.36211915252	-61.0	54.2753075730	0.00150999461766	0.00118028488941	-0.00200914451852
4.09377774942	-61.0	54.3471724387	0.00137665122747	0.00119693449233	-0.00196585291997
3.94009767437	-61.0	54.0830890411	0.00127990730107	0.00114292278886	-0.00209078541957
4.18437662208	-61.0	53.7881156624	0.00138594699092	0.00108123291284	-0.00224062777124
-3.42548003873	-61.0	44.7415902894	-0.0021410768386	-0.000642424041871	-0.00633900845423
-3.07057417448	-61.0	44.4552655095	-0.00198121718131	-0.000682046287693	-0.00644726352766
-3.30123099349	-61.0	44.4902202852	-0.00207957299426	-0.000679782882798	-0.00644165975973
-3.04884399452	-61.0	44.9534860872	-0.00198915554211	-0.000603961350862	-0.00623262161389
-2.96310024485	-61.0	44.7057203696	-0.00194439396728	-0.000641595805064	-0.0063355974853
-1.95761595961	-61.0	45.3766831588	-0.00153828202747	-0.000521422887687	-0.00601293705404
-1.85802410889	-61.0	45.8176543713	-0.00150788854808	-0.000448941747891	-0.00582052720711
-1.82775019882	-61.0	45.5676725359	-0.00148806569632	-0.000488923746161	-0.00592706445605
-2.17358205855	-61.0	45.5285917777	-0.00163489975967	-0.000500126276165	-0.00595443090424
-2.22247901125	-61.0	45.7431206502	-0.00166223512497	-0.000466268887976	-0.00586380530149
-1.67364439768	-61.0	67.3839156004	-0.00243709958158	0.00381444627419	0.00706638209522
-1.44927393496	-61.0	67.2058839988	-0.00222648796625	0.00380566646345	0.00696618715301
-1.85361559286	-61.0	66.9163325655	-0.00258252723143	0.00375300389715	0.00670335860923
-1.52809037307	-61.0	66.9506488488	-0.0022913007997	0.00377516914159	0.00677243852988
-1.88441799834	-61.0	67.3152176987	-0.00262573896907	0.003795519704	0.0069872662425
-1.69611045550	-61.0	66.9062019970	-0.00244134943932	0.00376130454242	0.006718411576
6.59692623073	-61.0	49.2573441700	0.0022524825763	0.000236664825934	-0.00441560521722
6.12273918001	-61.0	49.2573943193	0.00203947769478	0.000232832317124	-0.00439024437219
6.39303361032	-61.0	49.4445339241	0.00217173807323	0.000267938099569	-0.00432223035023
6.21353970164	-61.0	49.0147845267	0.00206705345772	0.000190984850633	-0.00450106710196
6.47236680375	-61.0	49.0494162708	0.00218471395783	0.000199228787096	-0.00449969759211
6.22260791778	-61.0	49.3828214526	0.00209138938226	0.000255725433817	-0.00434033153579
5.02614476715	-61.0	49.8184851995	0.00157058937475	0.000324273394654	-0.00409494899213
4.73355215214	-61.0	49.4678000907	0.00142125226557	0.000259013293544	-0.00423916941509
4.77282057266	-61.0	49.7365699679	0.00145085470285	0.000307603477268	-0.0041220006533
5.21293794388	-61.0	49.4833434753	0.00163986696862	0.000265642767772	-0.00425000069663
5.15417146314	-61.0	49.6629301018	0.00162167346571	0.00029729079688	-0.00416856445372
4.85290578735	-61.0	48.5884922194	0.00143935915548	0.000104276557977	-0.00462811021134
5.15804281471	-61.0	48.1368102714	0.00155727472156	2.83629124169e-05	-0.00483544310555
4.90618226736	-61.0	48.3044116344	0.00145224889275	5.51079356228e-05	-0.00475345971063
5.26039060938	-61.0	48.5412263261	0.00161901314277	9.97512543108e-05	-0.0046639223583
5.30771090530	-61.0	48.3220764318	0.00163086410612	6.19711718173e-05	-0.00476101972163
3.84215356618	-61.0	62.7086844741	0.00208587758243	0.00307482923381	0.00313369324431
3.51928734250	-61.0	63.0833670229	0.00190779438708	0.00318248104304	0.0034653628245
3.56582020276	-61.0	62.7384484227	0.00191051431466	0.00311684980989	0.00319263408892
3.73115162179	-61.0	63.1352830172	0.0020510321483	0.00316259940155	0.00347375590354
3.39926967108	-61.0	62.9375019794	0.00181721919216	0.00317482883111	0.00336876022629
7.04625567115	-61.0	60.9927018046	0.00373958563432	0.00247697322629	0.00153664848767
6.89130532259	-61.0	60.4465597477	0.00357278739102	0.00238084793091	0.00122196204029
7.34357215022	-61.0	60.6344849694	0.0038468693383	0.00239432440139	0.00127726467326
7.30123459814	-61.0	60.8683403079	0.00385985616595	0.0024404770229	0.0014249306405
6.89229833673	-61.0	60.7320737943	0.00361600378528	0.00243568397127	0.0013967230916
6.18240617870	-61.0	62.1148942879	0.00342054339126	0.00273918290623	0.00237701274455
6.21942167109	-61.0	62.5616301273	0.00350401969627	0.00281691458076	0.00266547640786
6.05168141623	-61.0	62.3539607170	0.00337842991576	0.00279202335514	0.00255542830564
6.45664901729	-61.0	62.4857172256	0.00363011588342	0.00278699281625	0.0025756934192
6.52485326901	-61.0	62.2743753060	0.00363881536759	0.00274471752346	0.00242680264637
6.24629958129	-61.0	47.2944408538	0.00199765549041	-0.000106133869849	-0.0052478807047
5.78780517587	-61.0	47.1256884235	0.00179296790157	-0.000139519121149	-0.00529795931652
6.06475284076	-61.0	47.0820976762	0.00191050802823	-0.000144249948789	-0.00532988831401
5.80645270209	-61.0	47.3792569238	0.00181094696745	-9.59376484388e-05	-0.00518984626979
6.11767955206	-61.0	47.4110322973	0.00194708362687	-8.74425604707e-05	-0.00519118551165
5.97587674937	-61.0	47.4360556075	0.00188670633361	-8.454573981e-05	-0.00517342844978
-5.56971013313	-61.0	66.5840318978	-0.00556731550023	0.00341156194918	0.00557317957282
-5.08738276072	-61.0	66.5853548789	-0.00520749110729	0.00345250009559	0.00571568589658
-5.37016449622	-61.0	66.7047439517	-0.0054402439855	0.00344760366715	0.00571724353358
-5.46651856836	-61.0	66.3274959729	-0.00544633856043	0.0033790555317	0.00542358774692
-5.26833392366	-61.0	66.2295966297	-0.00528504746035	0.00338080944493	0.00541166914627
10.8549490909	-61.0	56.0739581732	0.00494762416929	0.00146140495781	-0.00163828476798
10.6081027165	-61.0	55.9642972985	0.00481110019609	0.00144336977974	-0.00166012975387
10.3703488632	-61.0	56.1438175124	0.00472049228847	0.00147755886428	-0.00154209136963
10.8627024391	-61.0	56.3245917776	0.00498835975304	0.00150624720845	-0.00151651445776
10.6762185127	-61.0	56.4481524504	0.00491513125598	0.00152989989147	-0.00143099832349
-3.13548520412	-61.0	67.1707486917	-0.00371544458903	0.00369608378969	0.00664637144655
-3.23431363177	-61.0	66.8912206595	-0.00377444759943	0.00365171045996	0.00642157718539
-3.59313726136	-61.0	67.3298949660	-0.0041188756004	0.00368423108011	0.00665296893567
-3.35487298884	-61.0	67.4103821818	-0.00392576539889	0.00371286273003	0.00676852976903
-3.64012984218	-61.0	67.0476367386	-0.00412688078359	0.00364095438272	0.00643812399358
-5.85606977974	-61.0	47.2467728076	-0.00330466893502	-0.000279472704278	-0.00538587989286
-5.93952942724	-61.0	46.9895563015	-0.00332611659542	-0.000322850653902	-0.00550264678895
-5.58774754495	-61.0	46.9376815752	-0.00316979316995	-0.000325301545672	-0.0055034016259
-5.48596514009	-61.0	47.0661959927	-0.00313251325861	-0.000302592350636	-0.00544163398445
-5.58303726007	-61.0	47.2340794838	-0.00318439071998	-0.000276771432254	-0.00537462905049
5.42224676511	-61.0	62.7380631086	0.00305940955877	0.00291121192276	0.00291688088328
5.35341227043	-61.0	62.2278935878	0.00295500690117	0.00282526900992	0.00257678329945
5.50796147469	-61.0	62.4561994934	0.00307486718521	0.00285361148417	0.0027098688297
5.01196250306	-61.0	62.6689399121	0.00280546629801	0.00293669034727	0.00293443002738
5.19350354917	-61.0	62.7628471575	0.00292565440759	0.00293612130918	0.002971382346
4.90462317166	-61.0	62.4727953314	0.00271807494573	0.0029118815437	0.00281233014539
0.396235730739	-61.0	56.5449128298	-0.000587282818742	0.00171148509253	-0.000816659536213
-0.165415101068	-61.0	56.5961615354	-0.000924202555325	0.00171716068871	-0.000794295861851
0.359205434282	-61.0	56.7923363708	-0.000609135837294	0.00177448138129	-0.000685369537678
0.268955637753	-61.0	56.3388292038	-0.000662979960907	0.00165828305762	-0.000926159147639
0.0402093904763	-61.0	56.3534589529	-0.000798557826784	0.00165903777815	-0.000920409685932
0.200415363042	-61.0	56.8813293563	-0.000705764570739	0.00179597141687	-0.000638951722067
-2.16577557307	-61.0	51.3607712581	-0.00182635674719	0.000525823619682	-0.00338833103888
-1.81173596768	-61.0	50.9642304467	-0.00164106034208	0.000456871610368	-0.00355876749381
-2.12807795765	-61.0	51.0891532331	-0.00179748889059	0.000474367901916	-0.00351104559377
-1.64316145267	-61.0	51.4061550211	-0.00157454761211	0.000545416609384	-0.00335306231864
-1.91385596301	-61.0	51.4873110143	-0.00170901091769	0.000555687991437	-0.00332313519903
-0.386160411528	-61.0	51.9691188062	-0.000970975903329	0.000679470424075	-0.00306935678236
-0.656572974495	-61.0	52.0967952963	-0.00110768026207	0.00070048077032	-0.00301452120766
-0.52652746717	-61.0	52.5225503221	-0.00105062045623	0.000788985169493	-0.00281439931132
-0.0976094093756	-61.0	52.4076430825	-0.000832598598208	0.000772535218857	-0.00286219501868
-0.701808550587	-61.0	52.3672705948	-0.00113584625069	0.00075428216951	-0.00288966158405
-0.3328359618	-61.0	52.5200459522	-0.000952722970396	0.000791734375525	-0.00281275785528
-2.90269479444	-61.0	52.8114022783	-0.00225950148888	0.000794839696027	-0.00273934192955
-2.38746191606	-61.0	52.8816290676	-0.00200401688926	0.000822663772851	-0.00268878787756
-2.42544662052	-61.0	53.1371746895	-0.00203631212935	0.000874089077115	-0.00256884354167
-2.62443043431	-61.0	52.7113806511	-0.00211450573988	0.000782009214163	-0.00277677667327
3.85476249344	-61.0	59.3601355607	0.00171031686477	0.00233804620802	0.000787406926975
3.59411684921	-61.0	59.3453702633	0.00155237002764	0.00235206447542	0.000786108197644
3.42332609587	-61.0	59.5786499196	0.00147542078048	0.00242212601006	0.000938893528655
3.92785249992	-61.0	59.6345149927	0.00178683025297	0.00239856634289	0.000958629709203
3.75540139538	-61.0	59.8744648941	0.00171240908094	0.00246923044324	0.00112020247616
-8.78496679151	-61.0	55.1322547578	-0.00539638195187	0.00102723715827	-0.0020414092578
-9.03069151771	-61.0	54.7022192320	-0.00545417051762	0.00093695113901	-0.00227769068442
-9.02314641112	-61.0	54.9589359628	-0.00548616005108	0.000984632759355	-0.00215329113416
-8.67131096788	-61.0	54.6034339319	-0.00526923825964	0.000933781790081	-0.00228453869931
-8.56604982502	-61.0	54.7737227270	-0.00524171628058	0.000969879154582	-0.0021907761693
-8.84210802586	-61.0	54.6152266604	-0.00535239838064	0.000928822963033	-0.00229790364392
0.204925075319	-61.0	64.3212477175	-0.000705799495336	0.00370362959802	0.00484778918326
-0.253827724789	-61.0	64.4621007467	-0.0011270463001	0.00370256626047	0.00496624596417
-0.17082260801	-61.0	64.0082933776	-0.00105002580676	0.00368689442985	0.00458061276004
0.0994228559452	-61.0	64.0508216441	-0.000801643356681	0.00369298504665	0.00461793318391
-0.320654110037	-61.0	64.1940150568	-0.00118784676306	0.00369001738727	0.00473800860345
0.90492662159	-61.0	65.7869469320	-7.0863046858e-05	0.00373412272893	0.00596965057775
0.538103372053	-61.0	65.5470284697	-0.000402760371799	0.00373460678384	0.00581580167636
0.396434949807	-61.0	65.7671842310	-0.000530519406311	0.00374622060917	0.00598882231861
0.758209461851	-61.0	65.6055213592	-0.000203615360078	0.00373071641661	0.00584550295025
0.562998302434	-61.0	66.0200379387	-0.00037734513171	0.00375632289797	0.0061682513915
10.8753491395	-61.0	57.3915664549	0.00515847187489	0.00169776054099	-0.000987570732832
10.6794792180	-61.0	57.7774815520	0.00512230023742	0.00176964339335	-0.00076394417556
11.2022598083	-61.0	57.7094422995	0.0053727151826	0.0017513303319	-0.000875300145708
10.6793737826	-61.0	57.5306184154	0.00508284009993	0.00172506447416	-0.000889497518074
10.8645079536	-61.0	57.9026106358	0.00523529341444	0.00178983912338	-0.000727108097635
11.0423263958	-61.0	57.8444612345	0.00531487166882	0.00177725788672	-0.000783089955803
-11.3309601682	-61.0	57.2308626610	-0.00697742961347	0.00128888059407	-0.00139046867844
-11.8619909855	-61.0	57.0168827845	-0.00719508063048	0.00121986039449	-0.00159016554244
-11.5549192471	-61.0	57.3856757323	-0.00711783813313	0.00130474055186	-0.00135730719194
-11.8389766126	-61.0	57.2752474410	-0.00723496405408	0.00126844912302	-0.00146389065776
-11.6343745531	-61.0	56.9389781132	-0.00706904707476	0.00121872546151	-0.00158494629432
0.801385887215	-61.0	44.3898398211	-0.000352936971467	-0.000642453320324	-0.00638221530244
0.913557935196	-61.0	44.6398920328	-0.000308458053041	-0.000601666979492	-0.00627463683486
0.517085055734	-61.0	44.3613425409	-0.00047165795695	-0.000650255649816	-0.00639702798799
0.720758426377	-61.0	44.8171636215	-0.000391401845263	-0.00057577091502	-0.00620042392984
0.523105121783	-61.0	44.7570932231	-0.00047399327741	-0.000587695103604	-0.00622793706134
0.951325280217	-61.0	45.7458775686	-0.000302166125039	-0.000423055898864	-0.00580151285976
1.16006502518	-61.0	45.6293065056	-0.00021224404918	-0.000439576950157	-0.00585037609562
1.12739837295	-61.0	45.3700305259	-0.000224380099098	-0.000482135976199	-0.00596145540476
0.864058228642	-61.0	45.2692253702	-0.000335320917657	-0.000501590315253	-0.0060060992837
0.734080807284	-61.0	45.3979552294	-0.00039174236008	-0.000482362695038	-0.00595200341195
-12.0013240625	-61.0	55.7581467439	-0.00703076273203	0.00098619016353	-0.00219473754987
-12.0183468205	-61.0	55.5428351478	-0.00700239604339	0.000947735621594	-0.0022947692778
-11.7244728509	-61.0	55.7995075668	-0.00690545560792	0.00100913166534	-0.00213075429201
-11.5290498243	-61.0	55.6521811927	-0.00678716367111	0.00099378824234	-0.00216740858741
-11.8229527329	-61.0	55.4435877782	-0.00689291628078	0.000941277889069	-0.00230869930238
-0.710867400464	-61.0	44.8680811670	-0.00099658977706	-0.000585583911743	-0.00619936874136
-0.824237525188	-61.0	44.5883854660	-0.00103878299706	-0.000631225761026	-0.00632144650444
-0.438997745148	-61.0	44.8992097357	-0.000882215623278	-0.000577120285016	-0.00618081074208
-0.478443985376	-61.0	44.4680851059	-0.000890964874998	-0.000645701424219	-0.00636596698314
-0.634410050633	-61.0	44.4726673145	-0.000956599775236	-0.000646961445455	-0.00636702170596
-4.19976668600	-61.0	53.3934660627	-0.00294966693036	0.000873101700563	-0.00251775002107
-4.40477692173	-61.0	53.1540416267	-0.00303268851712	0.000818459782749	-0.00264256983064
-4.34235594238	-61.0	53.6174818001	-0.00303948344663	0.000913454976398	-0.00241717649624
-4.80138843692	-61.0	53.3659410938	-0.00324710621499	0.00084721762687	-0.00256278342567
-4.62432494594	-61.0	53.1885649353	-0.00314430939034	0.000818067637738	-0.00263774720952
-4.75959865280	-61.0	53.6255971088	-0.00324913812801	0.000900421000551	-0.00243563763797
9.40257363027	-61.0	48.4758674711	0.00344230700284	0.000131353663164	-0.00496071623638
9.69232425362	-61.0	48.5679732121	0.0035767594818	0.000150750056491	-0.00494697131217
9.41870065282	-61.0	48.2869244117	0.00343495537527	9.98566392809e-05	-0.00504406960681
9.54915727873	-61.0	48.1630772002	0.00348257995211	8.09810007922e-05	-0.00510939257219
-3.94073458998	-61.0	44.6214483716	-0.00235414667986	-0.000668263703119	-0.00641362601891
-3.74751201625	-61.0	44.5011144098	-0.00226799095981	-0.000684220925905	-0.00645638816059
-3.54788499217	-61.0	44.4970765882	-0.00218373257667	-0.000682104437146	-0.00644924025983
-3.88476331724	-61.0	44.8782427579	-0.00234064040706	-0.000627549074125	-0.00630072876811
-3.72088992971	-61.0	45.0410078671	-0.00227753119543	-0.000599742867053	-0.00622334331274
2.75847188118	-61.0	46.1428500472	0.00047056240146	-0.000336534983944	-0.00563555909321
2.89173954660	-61.0	46.4069811005	0.00052983337082	-0.000290941330604	-0.00552392238751
2.73853004863	-61.0	46.5790585470	0.000465405522846	-0.000263734720647	-0.00544831994921
2.51522216293	-61.0	46.4428635584	0.00036814075429	-0.000289127521683	-0.00550459930673
2.50339612494	-61.0	46.1686930840	0.000361495447578	-0.000335059972713	-0.00562204746529
9.18310186222	-61.0	63.6027960858	0.00536664854735	0.00284754042514	0.00273735448718
9.44202859567	-61.0	63.7177619023	0.00553634902462	0.00285909348167	0.00274763535708
8.98063042115	-61.0	63.7738633665	0.00528337620199	0.00288352486677	0.00288481661119
9.00914886559	-61.0	64.0061783557	0.00534359598532	0.00292196427472	0.00301812845282
9.16870280409	-61.0	64.1477381448	0.005463053938	0.00294074858539	0.0030663323123
-0.290395955939	-61.0	46.7337126577	-0.000849441101309	-0.000275565282209	-0.00539052952081
-0.0639309915227	-61.0	46.8624118138	-0.00075247354107	-0.000250799464993	-0.00533159589395
0.179698295868	-61.0	46.5537744279	-0.00064241659129	-0.000299323000945	-0.0054614841938
0.068866337866	-61.0	46.3890395218	-0.000688407104462	-0.000328263966367	-0.00553379813209
0.183503099793	-61.0	46.7463716037	-0.000643040984869	-0.000266986433417	-0.00537844095379
-0.209089836779	-61.0	46.3381025100	-0.000808015000075	-0.000340456841514	-0.0055596944876
11.5176138542	-61.0	56.4418876011	0.00532723870128	0.00152313662693	-0.0015493335668
11.2673218673	-61.0	56.5578289888	0.0052222115919	0.00154515495524	-0.00145724625327
11.2755856000	-61.0	56.7568091531	0.00525700813159	0.00158055510838	-0.00136059743818
11.6020985407	-61.0	56.6404313134	0.00539954518899	0.00155788520351	-0.00146463571582
11.5736643592	-61.0	56.8731597634	0.00542220473289	0.00159929448273	-0.00134646182414
-9.48150168341	-61.0	55.2294434352	-0.00574410939589	0.0010144719854	-0.00207855040208
-9.92686617252	-61.0	55.2794851481	-0.00596407148987	0.00100386771373	-0.00211198604666
-9.47431379395	-61.0	55.4787074932	-0.00577776087448	0.00106069876347	-0.00195699953474
-9.89044624996	-61.0	55.5537963208	-0.00598846003413	0.00105557835195	-0.00197537872009
-9.70635124943	-61.0	55.1303834484	-0.00583684444427	0.000986434635706	-0.00215468858369
-4.51061201842	-61.0	67.0407064012	-0.00483110547066	0.00357056828216	0.00620333803818
-4.78514837639	-61.0	66.9816960826	-0.00503837736323	0.00353929097764	0.00608369475231
-4.92110427399	-61.0	67.2190541672	-0.00518394447863	0.0035653479863	0.00621228991076
-4.47862751120	-61.0	67.3226512531	-0.00484778359532	0.00361588550732	0.00641300715506
-5.25952242122	-61.0	64.7918243716	-0.00506430445239	0.0031527990941	0.00438595656306
-5.01474155837	-61.0	65.2555732665	-0.00496038049459	0.00325198541395	0.00478359125555
-5.28024241881	-61.0	65.1048502271	-0.00512331118807	0.00320113496855	0.00460593169555
-4.79319416742	-61.0	65.0609755639	-0.00478014210239	0.00324490782805	0.00469850795344
-4.83634410880	-61.0	64.8536220634	-0.00478409836069	0.0032080328092	0.00453605083749
-3.95770669635	-61.0	63.9506451206	-0.0040833815001	0.00317657156847	0.00405440246686
-4.11644891607	-61.0	64.1789045702	-0.00421416014433	0.00319017306902	0.00419668201357
-4.50034900399	-61.0	63.9469120548	-0.00444836728275	0.00310401478782	0.00394055619836
-4.35711128802	-61.0	64.1601724935	-0.00437618931755	0.00315620051697	0.00413135997951
-8.07459265010	-61.0	47.2422325997	-0.00427332799882	-0.000318432314089	-0.00554838683456
-8.27397737540	-61.0	47.3779352406	-0.00437020137906	-0.000300161482301	-0.00550617370754
-7.79304108645	-61.0	47.3081472496	-0.00415525538847	-0.000303164677462	-0.00549697922543
-8.11815945809	-61.0	47.7995436573	-0.00433342996985	-0.000229893266805	-0.00531011400744
-8.28142896333	-61.0	47.6096328268	-0.0043907337822	-0.00026328547392	-0.00540627259761
-7.86508323770	-61.0	47.7666379457	-0.00421987799928	-0.000230666657444	-0.00530372047797
5.26536166626	-61.0	64.0974866912	0.00312221492641	0.00315043283626	0.00388733414002
5.08594595288	-61.0	64.5711349409	0.00305950618349	0.00323839462362	0.00425510853529
5.29462857724	-61.0	64.3719715222	0.00317154172808	0.00319036189467	0.00407015020028
4.95838976405	-61.0	64.0437675158	0.0029221130535	0.00316977407783	0.00391503889114
4.86947243577	-61.0	64.2527284649	0.00288656470366	0.00321006285958	0.00408135773614
-5.00851135255	-61.0	61.1912464424	-0.00438106106594	0.00252206460573	0.00185088277794
-4.97391994526	-61.0	61.4723077175	-0.00440484052524	0.00258461083286	0.00205000280403
-4.73064527440	-61.0	61.5595923634	-0.00427366700023	0.00263207452372	0.00214278302155
-4.73152318440	-61.0	61.1869553345	-0.00421715248376	0.00255352212116	0.00188098859508
8.07481529266	-61.0	63.9174075703	0.00478696264327	0.00294252927415	0.00317169423215
8.16160447674	-61.0	64.1829795227	0.004883476533	0.00298286951147	0.0033171728719
8.52789488498	-61.0	63.8184740846	0.00503155542538	0.00290748430416	0.00301198405214
8.37094310098	-61.0	64.1992437071	0.00500868307427	0.00297718914226	0.00328028481454
8.55641332942	-61.0	64.0507890738	0.00508993025869	0.00294542126358	0.00314757507294
0.236393514545	-61.0	66.8697185828	-0.000667047454044	0.00381818786263	0.00680036237463
0.229426512487	-61.0	66.5940725445	-0.000676743977237	0.00379621959291	0.00660203490406
0.443776961674	-61.0	66.4444325759	-0.000481648050481	0.00378453708254	0.00648528849706
0.651835444659	-61.0	66.7385347609	-0.00028666673461	0.00380435725674	0.0066856215708
0.483205637089	-61.0	66.8815848563	-0.000438996154116	0.00381828797981	0.00679862359539
2.09366900619	-61.0	62.0945806266	0.000846337992698	0.00321527640335	0.00281104631722
2.05978806868	-61.0	61.7949389418	0.000799481931608	0.00314950034954	0.00256704888307
2.37926026681	-61.0	62.1700303871	0.00105950923171	0.00318636745214	0.00285639148206
2.54706110433	-61.0	61.9833580752	0.00116331409663	0.00311895739287	0.00269512250088
2.49577757494	-61.0	61.7892530394	0.00111100950744	0.00308216293342	0.00254350784235
-2.81585175702	-61.0	49.3133315589	-0.00204927125014	0.000131623994093	-0.004330214113
-2.92610347744	-61.0	48.8463703742	-0.0020804842934	4.64423937956e-05	-0.00454047089443
-3.06807658868	-61.0	49.3123537459	-0.00216490379535	0.000126571583678	-0.00434010010213
-3.16793710899	-61.0	49.1220057361	-0.00220225006342	9.06866407604e-05	-0.00442818785086
-3.11521000407	-61.0	48.9051384681	-0.00216883909889	5.32760204806e-05	-0.004521809984
-3.16007234199	-61.0	56.4502133989	-0.00266609922983	0.00157508719712	-0.000931128510274
-3.44880133031	-61.0	56.8632939566	-0.00287022651173	0.00165681412909	-0.000718536495697
-3.13032675678	-61.0	56.6684215565	-0.00267028389499	0.00162779039238	-0.000812841462903
-3.21444894019	-61.0	56.8552777047	-0.00273658777587	0.00166762049776	-0.000714340247214
-3.59289591589	-61.0	56.6349400959	-0.0029269491788	0.00159590679687	-0.00084822520148
-3.42220863584	-61.0	56.4803126866	-0.00281580700539	0.00156903872266	-0.000924631080125
-10.4551036939	-61.0	58.1348636824	-0.00672395667061	0.00150310073514	-0.000784299976658
-10.1603100943	-61.0	58.5024327225	-0.00665033282712	0.00158801255748	-0.000542255234905
-10.6253350408	-61.0	58.5402029591	-0.00689200963825	0.00156900845468	-0.00060873205075
-10.1853993709	-61.0	58.2310674484	-0.00660841120407	0.00153591542039	-0.000687038875185
-10.3995363878	-61.0	58.5768263059	-0.00678597670048	0.00158843817189	-0.000547518662643
7.04074646662	-61.0	61.6295371892	0.00383326830342	0.00259594246745	0.00193370797206
7.34649317486	-61.0	61.8021232649	0.00402950821444	0.00261087971739	0.00199329014868
7.33512584298	-61.0	62.1011219204	0.00406982610002	0.00266545382328	0.00218177144416
7.08923930737	-61.0	62.2191266287	0.0039502014406	0.00270017818548	0.00229761307128
6.91468709407	-61.0	62.1042084655	0.00383456773125	0.00268971314654	0.00225369888358
-8.94719779154	-61.0	64.2402385476	-0.00728434463963	0.00273388973437	0.00301984534599
-8.84108005463	-61.0	63.9816390686	-0.00715738395229	0.00269477558322	0.00288957636803
-9.27124533280	-61.0	63.8346936513	-0.00737550202757	0.00263721356168	0.00267988955602
-9.01075382002	-61.0	63.7570526237	-0.00720318220556	0.00264162314124	0.0027043344453
-4.00397990061	-61.0	53.9972526847	-0.00289969751611	0.00100290589035	-0.00221618870273
-4.07441211958	-61.0	54.2187433722	-0.00295436871238	0.00104620528873	-0.00211107265204
-3.64674384339	-61.0	54.1646008816	-0.0027298706118	0.00105034559965	-0.00211811019108
-3.91951617495	-61.0	54.3595627042	-0.00288666691631	0.00108132732566	-0.00203438499011
-3.80762291030	-61.0	53.9994567900	-0.00279947486706	0.00101027858909	-0.00220602564514
9.82005656866	-61.0	55.7588862390	0.00439701927826	0.00141235336196	-0.00166600279044
9.84093451394	-61.0	56.0138672351	0.00444234209135	0.00145873299334	-0.00154248764738
9.57626363722	-61.0	55.6894785116	0.00426825834438	0.00140183977783	-0.00167279865127
9.67780667470	-61.0	56.2028502034	0.00438837707043	0.00149503862485	-0.00142959901132
9.48601681060	-61.0	56.2186364643	0.0042959372513	0.00150013249367	-0.00139980192762
9.37362575487	-61.0	56.0593650127	0.00421861791983	0.00147202820517	-0.00146691291593
-9.46941484438	-61.0	59.2517276065	-0.00645111547783	0.00176962593105	-1.98165071197e-05
-9.79953672888	-61.0	58.9002493722	-0.0065484624356	0.00168342806865	-0.000268202915322
-9.86938536319	-61.0	59.4163615958	-0.00669078947976	0.00177645473741	-4.98194322063e-06
-9.95073207755	-61.0	59.1550627972	-0.00667794793844	0.00172247411683	-0.000160373718245
-9.60979211819	-61.0	59.4229531457	-0.0065585039556	0.00179343589116	4.74765438412e-05
-0.583333113779	-61.0	50.6115044716	-0.00104437640402	0.000411679269746	-0.00369125395082
-0.322107689553	-61.0	50.7582775258	-0.000921900616959	0.000443820259534	-0.00362099870108
-0.601815093206	-61.0	50.3228959320	-0.0010480893543	0.000356824370101	-0.00382126471959
-0.097692986674	-61.0	50.2885334698	-0.000809238874353	0.000358193850843	-0.00382915697992
-0.349414489684	-61.0	50.2452147187	-0.000927586283069	0.000346226181136	-0.00385203887708
-2.48754502709	-61.0	51.7297215871	-0.00199856795371	0.000590375391766	-0.00322918128222
-2.79972398707	-61.0	52.0751702319	-0.00216827820987	0.000650664675049	-0.0030801622197
-2.55537422680	-61.0	52.2205756221	-0.00205516745336	0.000685423437972	-0.00300418469124
-2.27731766958	-61.0	52.1397136659	-0.00191388395615	0.000675975927152	-0.003032886656
-2.23562541703	-61.0	51.8562613432	-0.00188093795441	0.000620899605565	-0.00316285411827
0.610434375053	-61.0	51.9126253655	-0.000476273300592	0.000682698911987	-0.00308523490094
0.425071394446	-61.0	52.3573032177	-0.000569292111322	0.000769792881329	-0.00288061494939
0.844742247368	-61.0	52.0607779250	-0.000359679572284	0.000715218542609	-0.00301571586169
0.688818180115	-61.0	52.4027330861	-0.000436665344751	0.000782394665293	-0.00285781803541
0.857957789769	-61.0	52.3036727446	-0.00035204787855	0.000764308555517	-0.00290313293226
1.05896586107	-61.0	61.5725510245	1.03759248304e-05	0.00321817398071	0.00240545975976
1.30690539906	-61.0	61.1294818429	0.000183312688023	0.00306070060469	0.00204780884087
1.29923165378	-61.0	61.7018185956	0.000210269237868	0.00322890584357	0.00251017324626
1.54450616220	-61.0	61.5586309998	0.000394379225327	0.0031595651526	0.00238844170235
1.52342247409	-61.0	61.2950341148	0.000360405974789	0.0030870360788	0.00217708223499
5.27926937731	-61.0	58.7638149888	0.00245354976505	0.00212021078914	0.000355077849235
5.10729848961	-61.0	58.9387172798	0.00238009449095	0.00216694851406	0.000469677674118
5.18038849609	-61.0	59.2130967119	0.00245658354834	0.00222278293222	0.000630551250651
5.52433027150	-61.0	58.8632921299	0.00260204821825	0.00212963134982	0.000397931115003
5.57483750960	-61.0	59.0698032763	0.00265719764866	0.00217103329487	0.000517148058861
3.87257149110	-61.0	57.8469976132	0.00155208888464	0.00197631912306	-0.00011819566862
4.12356105460	-61.0	57.8708445039	0.00169809453655	0.00197197962552	-0.000111823006591
4.30075754034	-61.0	57.6573254217	0.00177552411333	0.0019162427634	-0.000238791966694
3.77681713489	-61.0	57.6347912295	0.00147570075933	0.00193000037689	-0.00023621544824
3.84406677904	-61.0	57.4007275939	0.00149113696534	0.00187300797552	-0.000369127839804
4.27210226678	-61.0	59.1806429962	0.00193415116519	0.00226882565767	0.000659711600747
4.58289357197	-61.0	59.5260218764	0.0021572264377	0.00232808548026	0.000859294377733
4.34519227326	-61.0	59.4550224283	0.00201055500656	0.00232758792117	0.00082697707694
4.68961426550	-61.0	59.0401702359	0.0021570820827	0.00221220147796	0.000554124184418
4.76270427198	-61.0	59.3145496680	0.00223341840319	0.00226934067905	0.000717982824426
6.27491930804	-61.0	58.0777482171	0.00290598045103	0.00193366711028	-0.000109295266157
5.98858945868	-61.0	58.0146096444	0.00274453358725	0.0019309814088	-0.00012402201537
5.80056389692	-61.0	58.2114741307	0.0026683807373	0.00197937502526	4.93895242926e-07
5.87365390340	-61.0	58.4858535628	0.00274360738695	0.00203402573243	0.000152835506015
6.25747116245	-61.0	58.3381896340	0.00293103815056	0.00198787311092	3.9418500819e-05
10.3761913070	-61.0	51.0436632100	0.00410525174811	0.000577255967073	-0.00392471812665
10.7674537066	-61.0	50.7972500538	0.00425853766501	0.00053897255566	-0.00407547317445
10.6836136256	-61.0	50.5725810384	0.00419798633084	0.000500088033732	-0.00416614860296
10.6214636918	-61.0	50.9668433888	0.00420931726694	0.000566342438105	-0.00398453092203
10.4911935450	-61.0	50.5603992386	0.00410963175818	0.000496032007504	-0.00415139831603
3.15343586016	-61.0	51.3380920908	0.000755701272283	0.000593717384618	-0.00336227542721
3.02228524977	-61.0	51.5393209065	0.000699325581081	0.000631630246062	-0.00326831568964
3.54263719694	-61.0	51.5984787826	0.000953121227212	0.000646075815894	-0.00325123989023
3.39664528404	-61.0	51.7332749362	0.00088791793678	0.000671355752274	-0.00318644288927
3.17825954738	-61.0	51.7441139436	0.000782266957685	0.000672279042192	-0.00317728146911
3.58271848188	-61.0	53.4948496534	0.00106242857873	0.0010226983577	-0.00236602616496
3.08757850621	-61.0	53.3250293422	0.000801906106062	0.00098781415727	-0.0024373177439
3.64532230177	-61.0	53.2645127168	0.00108184851706	0.000975699222181	-0.00247734808363
3.48919643079	-61.0	53.0583475737	0.000992599641904	0.000933886389248	-0.00257165380754
3.20822946099	-61.0	53.0860753438	0.000852292578202	0.000939138117246	-0.00255292467773
3.40202743935	-61.0	53.5684097269	0.000974158057943	0.00103797682095	-0.00232690596022
4.5769291634	-61.0	51.8044084383	0.00146154349204	0.000689827022143	-0.00318540725857
4.36791553131	-61.0	51.9931747676	0.00137095700484	0.000725415302441	-0.00309188407846
4.40165674216	-61.0	51.5521598392	0.00136402144562	0.000641154067125	-0.00329517596401
4.03020985986	-61.0	51.7068647634	0.00119322072715	0.000669190543704	-0.00321358582005
4.16969672718	-61.0	51.5425075180	0.00125238555484	0.000638344907202	-0.00329262972809
1.93718562974	-61.0	52.6448715807	0.000195412998437	0.00084375415463	-0.00274522067048
1.67211982006	-61.0	52.2882123000	5.5168842664e-05	0.000769444974139	-0.00291020027362
2.10724828678	-61.0	52.4120733764	0.000275190570392	0.000797808286734	-0.0028550196439
1.87274744252	-61.0	52.1613446114	0.000152683613123	0.000745692348573	-0.00296989758499
2.03738184562	-61.0	52.2430471605	0.000236297026277	0.000763348478358	-0.00293305097148
-7.83151812558	-61.0	55.0092256823	-0.00491871312261	0.00104628049303	-0.00199788925238
-7.78313149502	-61.0	54.5927780727	-0.0048409034498	0.000969186541624	-0.00219691963866
-8.01487053726	-61.0	54.5537757423	-0.00494774896652	0.000952042813879	-0.0022390272934
-7.70785561858	-61.0	54.8165206184	-0.0048332484439	0.00101496034767	-0.00208019162528
-8.13658196843	-61.0	54.7378711003	-0.00503040896729	0.000981531920843	-0.00216213450767
7.68198376679	-61.0	55.4536617124	0.00330355763435	0.00137896556407	-0.00160793715622
7.71718800287	-61.0	55.6925650938	0.00334961083718	0.00142440432683	-0.00149076187517
7.92763649765	-61.0	55.7717690168	0.00346435909159	0.00143661571201	-0.00146872666664
8.08933243327	-61.0	55.4773347515	0.00350882182829	0.001378351124	-0.00163059914485
8.05097041059	-61.0	55.6643812598	0.00351261207834	0.0014144211309	-0.001533582923
-11.6198188711	-61.0	54.6489249754	-0.00667199026793	0.000814819009975	-0.00263816514052
-11.8876403636	-61.0	54.4940740213	-0.00677479617298	0.00077592843445	-0.0027460353449
-11.3881864188	-61.0	54.5130545456	-0.00654262397438	0.000802390393801	-0.00266722613014
-11.8544472343	-61.0	54.2539004181	-0.00672366702929	0.000737384136301	-0.00284889293835
-11.6093001366	-61.0	54.1508557883	-0.00659388396889	0.000730997999199	-0.00286119780503
2.81550061892	-61.0	59.2877338810	0.00106596190017	0.00238982704468	0.000763420423027
2.90535550980	-61.0	59.5357788346	0.00114853132982	0.00244936766103	0.000920716382097
2.73456475646	-61.0	59.7690584908	0.00106438342482	0.00252483412623	0.00107435637619
2.51500069919	-61.0	59.2891953751	0.000874856952578	0.00240963604301	0.000766049604863
2.36790847335	-61.0	59.5376098739	0.000803137663752	0.00248850160278	0.000925004307646
6.14089264916	-61.0	63.8591961070	0.00363366282545	0.00304282852449	0.00354156922549
6.54520615960	-61.0	63.5403926942	0.00383187644184	0.00296251988038	0.00324945873581
6.40965166681	-61.0	63.8221957214	0.00379075296223	0.00301802367903	0.00346159655601
6.38662106543	-61.0	63.3806330845	0.00371547229588	0.00294645130634	0.00317579833791
-4.74602115290	-61.0	47.2565138617	-0.00281865498982	-0.000258465152001	-0.00531751522794
-4.22081706700	-61.0	47.2318905215	-0.00258688163012	-0.000253475736827	-0.00530152767897
-4.52644556148	-61.0	46.8287717274	-0.00270140985958	-0.000325230066665	-0.00549147324637
-4.30310547198	-61.0	46.9766987930	-0.00261093233712	-0.000297159334878	-0.00541619909927
-4.64370532416	-61.0	47.0228717976	-0.00276208878495	-0.000295301084407	-0.00541346520185
2.76263620977	-61.0	61.1066308909	0.00122638663743	0.00287690199912	0.0020090281032
2.95989765727	-61.0	61.5232252397	0.00140034314245	0.00295267184265	0.00231320154853
2.75586287973	-61.0	61.4962987210	0.00126171938609	0.00297440961003	0.00230288482271
3.03234894915	-61.0	61.3510597451	0.00143005256541	0.00290235760622	0.00217980029993
2.97295849189	-61.0	61.1298609992	0.00136756710708	0.00285636587068	0.00201848405413
1.45640220788	-61.0	64.3848364550	0.000407147046644	0.00362621922977	0.00481205945835
1.33643042136	-61.0	64.0402246767	0.000304042652715	0.00361651228741	0.00453767180443
1.26807370817	-61.0	64.4885683847	0.000245976902079	0.00365099660121	0.00491850590333
1.05722465547	-61.0	64.1067759350	6.23983796686e-05	0.003649268765	0.00462016090751
1.09681183516	-61.0	64.3671198599	9.69323737081e-05	0.00366013124585	0.00483537465334
8.70921980115	-61.0	57.8721199131	0.00414294982329	0.00182209454942	-0.000457675894722
8.55679986581	-61.0	57.6885462318	0.00403850572184	0.00179080059752	-0.000537961022928
8.93930172553	-61.0	57.8119965608	0.0042510246858	0.00180572969839	-0.000516697764397
8.62375902377	-61.0	57.3955842541	0.00403034361079	0.00173385441303	-0.000700227566995
8.97391711646	-61.0	57.5432649413	0.00422888342291	0.00175461824983	-0.000662407255732
9.99177095531	-61.0	59.0233144376	0.00497817061841	0.00200744229369	-1.2979049643e-05
10.0980318338	-61.0	58.7548575322	0.00498792156577	0.00195637275465	-0.000171545325429
9.70362138531	-61.0	59.0093165951	0.00482817972079	0.00201110192575	2.19434859901e-05
9.62216795655	-61.0	58.8081271645	0.00475364457816	0.00197594775818	-7.44916760596e-05
9.66637889911	-61.0	58.5889057366	0.00474088313058	0.00193465838674	-0.000197864646907
10.0305931783	-61.0	57.3680786840	0.00473358575255	0.00170416210312	-0.000884072040208
10.2777904331	-61.0	57.2653257093	0.00484123034403	0.00168203387875	-0.000969045911916
10.2829049251	-61.0	57.0590400221	0.00481234770268	0.0016444567591	-0.00107419758569
9.99963680025	-61.0	56.9754748787	0.0046590291895	0.00163277843967	-0.00107997143641
9.94355312017	-61.0	57.1401031734	0.00465568574145	0.00166366319172	-0.000989226391539
-10.2467923354	-61.0	57.7507342926	-0.00654464261606	0.00144310831092	-0.000943005084991
-10.5112103970	-61.0	57.6853158813	-0.00666282977909	0.00141671358142	-0.00102139927913
-10.2167188760	-61.0	57.9943673923	-0.00657720863819	0.00149006233551	-0.000813887163531
-10.7482381049	-61.0	57.8435999772	-0.00681142369285	0.00143314304296	-0.000984073616564
-3.69003490115	-61.0	55.0673878603	-0.00282802968286	0.0012409761548	-0.00167043728288
-3.90459680362	-61.0	55.2524804970	-0.00295863812789	0.00127213494852	-0.00158607028425
-4.16363187241	-61.0	54.8224851414	-0.0030544444453	0.00116932636593	-0.00181574071757
-4.16619779577	-61.0	55.0939731561	-0.00308149354532	0.00122692505829	-0.00167905248236
-3.96658925981	-61.0	54.7448983619	-0.00294467806816	0.0011607935885	-0.00184511695988
-3.64278647873	-61.0	55.3690594159	-0.00282998732291	0.00130865606479	-0.00151497509796
-3.17587972249	-61.0	55.0380158986	-0.00255179870874	0.00125480303541	-0.00166459963657
-3.18842362282	-61.0	55.3318896636	-0.00258241454139	0.00131920992862	-0.00151592609473
-3.38400726492	-61.0	55.3922431580	-0.00269307522103	0.00132462568581	-0.00149253802374
-2.37180477638	-61.0	55.0071488394	-0.00211608223617	0.00127682951279	-0.0016537704505
-2.63138797083	-61.0	54.8123098890	-0.00224335165694	0.0012247901177	-0.0017593044322
-2.09174013731	-61.0	54.8673132037	-0.00195556110702	0.00125457509421	-0.0017162153963
-2.53947171208	-61.0	54.5794204870	-0.00217888248153	0.0011767372489	-0.0018724205438
-2.31091729321	-61.0	54.4960177203	-0.00205187988468	0.00116570619866	-0.00190687284339
-1.61746855027	-61.0	55.4941195674	-0.00172821979504	0.00141221284866	-0.00138842524029
-1.3653937872	-61.0	55.6574001000	-0.00159413740039	0.00145803380292	-0.00129994482268
-1.58663176355	-61.0	55.1906072791	-0.00169586658012	0.00134293350857	-0.0015418222174
-1.03451721170	-61.0	55.2843837059	-0.00139243865851	0.00137932889629	-0.00148400710896
-1.29706597186	-61.0	55.1407845866	-0.00153314066119	0.00133947306313	-0.00156112934928
-1.44861273695	-61.0	56.2214244333	-0.00166964239907	0.00159099046141	-0.0010089117568
-1.72867737602	-61.0	56.3612600689	-0.00184025650378	0.00161553407088	-0.000940471654758
-1.23826642839	-61.0	56.3852600943	-0.0015550206881	0.00163793854881	-0.000919192330912
-1.76111079491	-61.0	56.6211093741	-0.0018754900666	0.00167833606247	-0.0008029199671
-1.31302082191	-61.0	56.6559882534	-0.00161263172049	0.00170322763734	-0.000776618195232
-7.64705349433	-61.0	64.5567819300	-0.00656446721405	0.00289086764678	0.00358806364238
-7.94828364077	-61.0	64.6480895975	-0.00677235005423	0.00288281915709	0.00356248579919
-7.94962404213	-61.0	64.9399555464	-0.00684077013284	0.00293462630361	0.00375089375302
-7.76808901607	-61.0	65.0979623374	-0.0067625194788	0.00297690648586	0.00390689214692
-7.49795187455	-61.0	64.9754891949	-0.00656266510487	0.00297707435675	0.0039053845685
-7.18089133351	-61.0	51.2323319130	-0.00419342424721	0.000372270762455	-0.00371705484577
-6.79872031303	-61.0	51.4681241724	-0.00403708126396	0.000425343809184	-0.00358057115227
-7.14540766386	-61.0	51.4671909654	-0.00419840123504	0.000415167683968	-0.00360770942643
-6.79297797573	-61.0	51.2713974959	-0.00401695398614	0.000390140281525	-0.00366957508959
-6.97267075137	-61.0	51.5484119536	-0.00412544235587	0.000434759276686	-0.0035572592169
-1.11093531925	-61.0	65.8788240298	-0.00190233043395	0.00371102336794	0.0060309949331
-1.11939267506	-61.0	65.4287433839	-0.0019088628469	0.00368524505757	0.00568875251338
-0.98726123844	-61.0	65.5636046743	-0.00179095577914	0.00370120629668	0.00580412335694
-1.30778145144	-61.0	65.7797846219	-0.00207706261426	0.00369154429063	0.00593624915928
-1.31893337787	-61.0	65.5174487149	-0.00208568852395	0.00367454602383	0.00573588069528
8.88584169866	-61.0	50.1066325252	0.00334281986579	0.000403445330448	-0.0042021041736
8.62668013131	-61.0	50.1612675816	0.00323026464321	0.000410759908846	-0.00415658717975
8.44734691068	-61.0	49.9286188372	0.00313066411763	0.000368922832422	-0.00424516387284
8.73793365961	-61.0	49.6317819520	0.00323778623715	0.000320261257002	-0.00439925119281
8.53631956755	-61.0	49.7386497690	0.00315578025766	0.00033681828063	-0.00433596456423
10.2726896135	-61.0	49.8706943066	0.00394583540037	0.000377023097826	-0.00443356670439
10.2608183840	-61.0	49.4075244405	0.00389879685827	0.000298992759781	-0.00463552307338
10.1294699471	-61.0	49.6647012521	0.00386306992732	0.000340611150023	-0.00450986484066
10.4978464635	-61.0	49.8077825426	0.00404094019905	0.000369115383364	-0.0044840304181
9.57474807205	-61.0	54.1343438779	0.00407003005967	0.00111850257963	-0.0024246959947
9.82029852295	-61.0	54.3634040473	0.00421569030732	0.00115907157306	-0.00234138732776
9.88866496796	-61.0	54.0100863825	0.00420517055318	0.0010953565361	-0.00251607154496
9.97029516684	-61.0	54.1981665962	0.00426715798676	0.00112892291509	-0.00243586208671
9.71936655235	-61.0	54.0138999690	0.00412477552891	0.00109639181755	-0.00249658711255
-4.27642452316	-61.0	50.3029683513	-0.00277409073897	0.00027973682154	-0.00395147502422
-4.60320916136	-61.0	50.7100448235	-0.0029519891832	0.000346310989698	-0.00378478248604
-4.50647600942	-61.0	50.2433825143	-0.00287737813778	0.000263579218881	-0.00398983061314
-4.62849087215	-61.0	50.4369948609	-0.00294621055946	0.000295830657706	-0.00390921719372
-4.39512516533	-61.0	50.7462704799	-0.00285676750354	0.000358083721949	-0.00375765934587
-6.52439220265	-61.0	47.4097190628	-0.00360733596608	-0.000264637666987	-0.00535892695189
-6.72985634551	-61.0	47.7535378786	-0.00371992075816	-0.000212103768717	-0.00522373896092
-6.22896355661	-61.0	47.8573046356	-0.00350588490255	-0.000185695025721	-0.00514440704137
-6.24146550190	-61.0	47.5492651855	-0.00349198561162	-0.000236731197219	-0.00527928164229
-6.51579745660	-61.0	47.9251134206	-0.00363690545782	-0.000179857714102	-0.00513415643945
-4.37578922025	-61.0	48.7872076105	-0.00273397704586	8.08385448181e-06	-0.0046298224479
-4.59803710826	-61.0	48.6133716931	-0.00282463408075	-2.64102291112e-05	-0.00471756840125
-4.69775119759	-61.0	49.2367507892	-0.00290493224747	7.99550907686e-05	-0.00444806413725
-4.87015661503	-61.0	48.7265917350	-0.00295334612019	-1.23165782497e-05	-0.0046822661534
-4.87980760998	-61.0	49.0550573113	-0.00297683221288	4.43886201538e-05	-0.00453811138868
-3.51315385258	-61.0	49.7687206402	-0.00239098188467	0.000199647023692	-0.00415540719405
-3.70570706024	-61.0	49.2568586011	-0.0024540652521	0.000104018865386	-0.00439103180543
-3.92153047416	-61.0	49.8414170600	-0.00258338474669	0.000204072159249	-0.00414107413962
-3.71044962616	-61.0	49.8765794351	-0.0024876834359	0.00021497043781	-0.00411585858092
-3.43895634242	-61.0	49.5533881054	-0.00234626187012	0.000162383250427	-0.00424808543175
-4.00391788331	-61.0	49.6311125384	-0.00261000683531	0.000164534620126	-0.00423856079578
-3.53881686273	-61.0	49.3630400956	-0.00238293106668	0.000126281229313	-0.00433676177636
-3.55389278886	-61.0	63.6818771831	-0.00378211261705	0.00319386925548	0.00392137141898
-3.38575801205	-61.0	64.0072294678	-0.00369001342915	0.00326732662506	0.0042086285539
-3.83597579759	-61.0	64.1856924938	-0.00402096938342	0.00322877196595	0.00425991043448
-3.58576520780	-61.0	64.2344382544	-0.00384904490784	0.00327045819722	0.0043480717577
4.06748649821	-61.0	63.9164326554	0.00233344221488	0.00324275833555	0.00400419533253
4.06106516033	-61.0	63.6957712561	0.0023115715012	0.00321033131331	0.00384120224044
3.70429151294	-61.0	64.0861144200	0.00210206373595	0.00330962124281	0.00420227274299
3.89690414418	-61.0	64.0338597090	0.0022286970634	0.00327950995415	0.00412512291223
3.79743558924	-61.0	63.6002903823	0.00213053566404	0.00322763086297	0.00381692801602
3.56370200446	-61.0	63.7407517287	0.00198380299844	0.00327825406566	0.00396542577073
-3.98469163990	-61.0	65.6165509165	-0.0042560370639	0.00341241364367	0.00530783087015
-4.18572024509	-61.0	65.0923004131	-0.00435283081606	0.00331652746536	0.00486978748813
-4.26645906831	-61.0	65.5171495572	-0.00445536803454	0.0033689555712	0.00516513595358
-4.33397481990	-61.0	65.2547724272	-0.0044765425846	0.00332365604118	0.00495474832132
-3.90156655895	-61.0	65.3440649023	-0.00416886480525	0.00338380457833	0.00512507325038
-2.64449076734	-61.0	59.7436608667	-0.0027219071053	0.00245250295848	0.0010233821813
-2.99747136500	-61.0	59.3391258083	-0.002894657664	0.00230755936354	0.000751074403524
-3.17935413865	-61.0	59.8019740757	-0.00307011278346	0.00241025234573	0.00104651798028
-3.23079604341	-61.0	59.4913845891	-0.00305989477783	0.00232436670922	0.000841359840706
-2.88684471498	-61.0	59.9312972710	-0.00290234549902	0.00247696018778	0.00114258285612
4.18633003405	-61.0	62.2622609566	0.00225735129789	0.00294997170568	0.0027574794367
4.09338307711	-61.0	62.0577714233	0.00217797909863	0.00292126694694	0.00261852634139
4.54785823747	-61.0	61.7608361158	0.0024201774504	0.00281251803972	0.00235491525382
4.25579662912	-61.0	61.8172018789	0.00225050211884	0.0028548319824	0.00242651044391
4.47122301373	-61.0	62.2304523128	0.00242839474231	0.0029118002858	0.00269884965383
-3.08328746369	-61.0	66.4196272337	-0.00361262378283	0.00360417203046	0.00611115945503
-2.90243360711	-61.0	65.9758821588	-0.00343721639365	0.00356811680831	0.00582158472389
-2.89678963413	-61.0	66.2213484814	-0.00344643299468	0.00359691539779	0.00600500544533
-3.08649709782	-61.0	65.9124610358	-0.00358224799857	0.00354266259819	0.0057352213189
-3.24897894319	-61.0	66.0554352365	-0.00372177083045	0.00354410661384	0.00580575224012
-1.43948181824	-61.0	63.5161468423	-0.00217273598537	0.00352553278208	0.00407852837816
-1.13085742421	-61.0	63.6871256528	-0.0019115525065	0.00358650297858	0.0042542712763
-1.51220622766	-61.0	63.9712283920	-0.00224304269068	0.00355853280053	0.00446441257372
-1.58662999316	-61.0	63.7062667574	-0.00230040983297	0.00352295301855	0.00422936072573
-1.16955663399	-61.0	63.9173602644	-0.00194821273908	0.00360058387741	0.00445142481476
-0.720628355653	-61.0	64.7074828647	-0.00155211728998	0.00368549465202	0.00514991441742
-1.25693056137	-61.0	64.7459307219	-0.0020293619018	0.0036398365628	0.00513640232384
-1.05138640282	-61.0	64.9839482324	-0.001848353073	0.00367026682943	0.00534743443131
-0.914720911852	-61.0	64.5727464871	-0.00172657321673	0.00366505375132	0.00502594420686
-0.839201180716	-61.0	64.9426272774	-0.0016587798018	0.00368528044783	0.00533180264756
-7.20524629576	-61.0	58.9872157194	-0.00522409379482	0.00186782795936	0.000186977427802
-7.56878037873	-61.0	58.5347199214	-0.0053348201327	0.00175206840504	-0.000118507246953
-7.71551267597	-61.0	58.9337578816	-0.00548245199025	0.00182151445188	8.65419424372e-05
-7.35893352343	-61.0	59.1460602192	-0.0053334729746	0.0018887531478	0.000257997860899
-7.69137935398	-61.0	58.7458100012	-0.00543602509424	0.00178586563561	-1.63850982062e-05
-7.56288603608	-61.0	59.0625934686	-0.00542583642527	0.0018576469738	0.000181550683919
-7.34964332754	-61.0	58.5902456995	-0.00523036951199	0.00177787989378	-5.86062487855e-05
7.97885529519	-61.0	64.8262240987	0.00488711474463	0.0030943963211	0.00375846074894
7.82482796919	-61.0	65.0302621224	0.00482958042994	0.00313257751986	0.0039219064638
7.83858878389	-61.0	64.5781677382	0.0047608925961	0.00306080514565	0.0036358833313
7.42063576240	-61.0	64.7670989706	0.00454194704071	0.00310996244662	0.00384956155904
7.54534206264	-61.0	64.9840777836	0.00465284800157	0.00313759502023	0.00395799009129
-5.96794224847	-61.0	45.7095781732	-0.00326670799404	-0.000527668453287	-0.00605731038377
-6.09837038848	-61.0	46.2270527585	-0.00335131119937	-0.000447942700703	-0.00584248825908
-6.23477027592	-61.0	46.0498450954	-0.00340001657605	-0.000478139612824	-0.00592785794288
-5.71137868239	-61.0	45.8666912254	-0.00316514843144	-0.000499057874549	-0.00597356725484
-6.12635002671	-61.0	45.8704615003	-0.00334339588881	-0.000504766532686	-0.0059981350787
-5.74211620328	-61.0	46.1052375637	-0.00319109950215	-0.000461725663627	-0.00587258255109
-6.11148503937	-61.0	56.5309710464	-0.00426492793486	0.00143374886829	-0.00105979351792
-6.23879549523	-61.0	56.3511335620	-0.00430583395064	0.00138969393447	-0.00116559455637
-5.99614325445	-61.0	56.0128309789	-0.004136107862	0.00133297394495	-0.00132277281955
-5.88531832512	-61.0	56.4984612031	-0.00414325948805	0.00143954786472	-0.0010585905984
-6.15736662098	-61.0	56.1489173383	-0.00423672329634	0.00135252973996	-0.00126481847838
5.11465971707	-61.0	66.9992458773	0.00342421699315	0.00357455201447	0.00589224603027
4.74738585994	-61.0	66.8433032446	0.00312645593658	0.00358447595499	0.00590184843168
4.56993116665	-61.0	67.0225394820	0.00302762771025	0.00362280569971	0.00607763510197
4.95429964725	-61.0	66.8476234499	0.00327776861377	0.00356832495891	0.00584112294018
4.62100694355	-61.0	67.2912492853	0.00311760464683	0.00365582038648	0.00624318839982
-0.288114695758	-61.0	54.6179781822	-0.000962232181337	0.00124210317153	-0.00180597568396
-0.880623794057	-61.0	54.4906790709	-0.00128179660533	0.00120206538122	-0.00187724351417
-0.71208552267	-61.0	54.2489409783	-0.00118426361587	0.00115191400982	-0.00199309550226
-0.666593963347	-61.0	54.8995279662	-0.00117604911793	0.00129887915682	-0.00167139014229
-0.390762290402	-61.0	54.8598457176	-0.00102290313225	0.00129514979199	-0.00168738525826
-0.929142723508	-61.0	54.7559288469	-0.00131629849784	0.00126060051844	-0.00174691993743
-6.69875227161	-61.0	58.2449385557	-0.00483073247597	0.00175200903323	-0.00017619098071
-6.67263363236	-61.0	57.9723696810	-0.00477271806449	0.00169763714075	-0.000326812558342
-6.86847668611	-61.0	57.8116369003	-0.00484910234809	0.00165195495356	-0.00043741587433
-7.08224198404	-61.0	57.9827241851	-0.00498808920383	0.00167300621979	-0.000366495718481
-7.06729799758	-61.0	58.2162053724	-0.00501911621541	0.00172132498119	-0.000234475548496
11.8139772871	-61.0	53.8024287649	0.00509307160974	0.0010607552249	-0.00283960904926
11.7135677850	-61.0	53.5712033446	0.00501546263695	0.00102040532511	-0.00293316086754
11.9011187357	-61.0	53.3432621623	0.00507441163063	0.000982164288871	-0.00306181749329
12.0711661013	-61.0	53.7869152910	0.00521264784038	0.00105928769335	-0.00288068107329
-6.73925612320	-61.0	63.9124464554	-0.00587114552036	0.00285571627319	0.00339919282123
-7.29418107458	-61.0	64.1783187945	-0.00626553501934	0.00285331858322	0.00343482731842
-7.01978962005	-61.0	63.8443214387	-0.00603036815301	0.00281793670729	0.00328323128633
-6.77736953603	-61.0	64.1861799336	-0.00594643456861	0.00290060695261	0.00357497483492
-7.25726713822	-61.0	63.9318620627	-0.00619276473299	0.00281256367452	0.00328120333143
-10.0249097928	-61.0	57.3651700839	-0.0063619534485	0.00138332904316	-0.00110141560435
-10.3211722178	-61.0	57.0559619045	-0.00645022233948	0.00131057878025	-0.00130365625955
-10.2893278545	-61.0	57.2997516726	-0.00647978624329	0.00135724700522	-0.00117708230391
-10.0739776189	-61.0	56.8903351529	-0.00629950547591	0.00129271717742	-0.00134706241079
-9.81607629216	-61.0	57.0109869059	-0.00619497708976	0.00132835272234	-0.00124730856624
-6.89094634239	-61.0	59.4283709120	-0.00513475481421	0.00198036595248	0.000486628094222
-7.10489383392	-61.0	59.3009895094	-0.00522646214813	0.00193842442241	0.000382868864108
-6.73346197478	-61.0	59.2452539387	-0.00501827523112	0.00195505353622	0.000398526462959
-6.74102742890	-61.0	59.0108007925	-0.00498182466254	0.00190641707741	0.000259708962403
-0.892832722757	-61.0	47.8487288033	-0.00113484880421	-9.41296530073e-05	-0.00491842860356
-1.12416947974	-61.0	47.8859948793	-0.00123884226196	-9.11950774025e-05	-0.00490717636421
-1.00416379209	-61.0	47.3681655101	-0.00117427471559	-0.000178427813808	-0.00512957014143
-1.25676786892	-61.0	47.7038098593	-0.00129371776711	-0.000124710481032	-0.0049895294942
-1.18084563905	-61.0	47.4789413458	-0.00125482666772	-0.000162151874974	-0.00508546223864
0.341421150739	-61.0	47.6072716723	-0.000582577602472	-0.000118217023555	-0.00500436732545
0.159021573434	-61.0	47.2342407445	-0.000659340177663	-0.000184703909326	-0.00516801327467
0.601880991381	-61.0	47.4813743002	-0.000466335419333	-0.000136410642881	-0.00505657540634
0.176744292764	-61.0	47.4458903739	-0.000653849623632	-0.000148245497257	-0.00507615320385
0.40645566475	-61.0	47.1182005344	-0.00054945028387	-0.000201126254979	-0.00521548930556
0.813138023775	-61.0	52.9312214838	-0.000371767149772	0.000892472104169	-0.002609730931
0.971780703173	-61.0	53.1223501039	-0.000289042131044	0.000934044481255	-0.00251893466339
0.891671037608	-61.0	52.7530898701	-0.000332658964908	0.000856494123582	-0.00269320863299
1.06081064726	-61.0	52.6540295287	-0.00024750555167	0.000837950618006	-0.00273919547908
1.23117111631	-61.0	53.0383706820	-0.000156569905812	0.000919043784961	-0.00255825486965
8.37270779414	-61.0	47.4815828324	0.00292456150055	-5.00747519254e-05	-0.00530496286228
7.83574600188	-61.0	47.4902749808	0.00269346870482	-5.5464435718e-05	-0.00526147382334
8.22151277044	-61.0	47.2899336949	0.00284761679359	-8.44878450152e-05	-0.00537584535778
8.28225414841	-61.0	47.7418662074	0.00290198298171	-7.21866445019e-06	-0.00518591143191
7.98493503741	-61.0	47.3123162263	0.00274726399221	-8.38047417346e-05	-0.00534872198477
7.84985628376	-61.0	47.7473320007	0.00271487934515	-1.15692000691e-05	-0.00515171978623
-4.98800355077	-61.0	57.7343178335	-0.00383509136736	0.00176046020351	-0.000313386583002
-4.58860650539	-61.0	58.1369039504	-0.00367018021643	0.00187939079478	-5.55381993763e-05
-4.57179294570	-61.0	57.8856766339	-0.00362595869228	0.00182324799243	-0.000199922418687
-4.97174578155	-61.0	58.1521329866	-0.00388574646786	0.00185468199197	-7.2238050052e-05
-4.75648310273	-61.0	57.7586813611	-0.00371106807142	0.00178169412538	-0.000284128182102
-5.05892918741	-61.0	57.9709141056	-0.00390762416646	0.00180805462878	-0.000183191383258
8.24644396433	-61.0	62.0368306361	0.0045643299818	0.00261022942141	0.00198376365006
8.49196069298	-61.0	62.3753734874	0.00475738290697	0.00265999604017	0.00214296253398
8.69405890474	-61.0	62.2159195148	0.00484114233404	0.00262386351824	0.00200929469429
8.45926605708	-61.0	61.9314934897	0.00466329464689	0.00258257798851	0.0018823192222
8.66027491873	-61.0	61.9782939540	0.00478130951524	0.00258298870176	0.00187392171938
7.99815950581	-61.0	59.8842687958	0.00408081617206	0.00222447374836	0.000746409292333
8.43041045432	-61.0	59.6376458518	0.00426970981061	0.00216272217222	0.000547380710486
8.26736348994	-61.0	59.4534347480	0.00415526656434	0.00213347794488	0.000464692187961
7.86569574615	-61.0	59.7294963389	0.00398663757369	0.00220013316721	0.000674224051181
7.99272162619	-61.0	59.4952652387	0.00401752442122	0.00215088995174	0.000523616385181
9.26950276488	-61.0	59.1571105169	0.00462897587568	0.00204869220033	0.000164169308846
8.85262772532	-61.0	59.3431160639	0.00444313231856	0.00209455494769	0.000324617431033
8.68958076094	-61.0	59.1589049601	0.00432923994958	0.00206485483795	0.000244366005063
9.14937441820	-61.0	59.3532949283	0.00459870044142	0.00208814023063	0.000288795825327
9.18804933612	-61.0	58.9559210863	0.00455464562401	0.00201349239796	6.57639102428e-05
8.98613401966	-61.0	58.7965633897	0.00442550098523	0.0019889601972	6.11674840911e-06
7.62425484584	-61.0	57.9453120844	0.00359658244997	0.00186375016347	-0.000301129854051
7.76379964732	-61.0	58.1231902841	0.0036940195132	0.00189436448272	-0.000218012952246
8.08785409274	-61.0	57.8241196141	0.0038183722645	0.00182785419747	-0.000414373789681
8.01444722144	-61.0	58.0821487515	0.00381763582118	0.00187940767501	-0.00026686055935
7.94243042537	-61.0	57.6900500122	0.00372475548647	0.00180569698568	-0.000471406819997
6.60575825537	-61.0	58.9983470988	0.00320814992301	0.00210818229243	0.000389512832044
6.26181647997	-61.0	59.3481516808	0.00307149579749	0.00219467445277	0.000626956112683
6.40079553574	-61.0	59.5060624671	0.00316924718209	0.00221990793943	0.000708036415745
6.75350983649	-61.0	59.1569302176	0.00330980541185	0.00213369913399	0.000467680831207
6.61975660166	-61.0	59.4334774639	0.00327740167268	0.00219490984455	0.000643360835966
-11.2892390268	-61.0	59.7806408729	-0.00750110996887	0.00176287803333	-0.000104928039946
-11.5619630847	-61.0	59.7757929897	-0.0076402798295	0.00174727011472	-0.000168374943314
-11.4111766290	-61.0	60.2128455221	-0.00766513543203	0.001836515381	9.29995221668e-05
-11.1801758941	-61.0	59.9697306248	-0.00748847331852	0.00180400407407	1.79612343345e-05
-3.69162748668	-61.0	45.7878658208	-0.0022944691591	-0.000480837275973	-0.00590088218451
-3.53056891292	-61.0	45.9821402864	-0.00223291758448	-0.000447139405878	-0.00581018114462
-3.30337329243	-61.0	45.9524266203	-0.00213394640014	-0.000448482489446	-0.00581342447549
-3.24773566952	-61.0	45.7072676334	-0.00210089585744	-0.000487114826683	-0.00591667927802
-3.6166815086	-61.0	45.5401694392	-0.00225256592967	-0.000519301451277	-0.00600416446105
2.78506600789	-61.0	65.7170700036	0.00151647278108	0.00359991774894	0.00561972428113
2.81923432284	-61.0	65.2743384628	0.00152253883425	0.00355123565532	0.0052830837667
3.01131624703	-61.0	65.2610098930	0.00166891387198	0.00353066646494	0.00523247150704
2.72630083933	-61.0	65.4709544003	0.00145868712571	0.00358011573553	0.00544958282262
3.11480931292	-61.0	65.4395786906	0.00175683875568	0.00354014686309	0.00534264743328
-9.85047083006	-61.0	56.3208149189	-0.00609251856804	0.00119857979007	-0.00159591343254
-10.4108662801	-61.0	56.3266970178	-0.00636423332617	0.00117218156811	-0.00167558609974
-10.1104869684	-61.0	56.4298073349	-0.0062367268838	0.00120591674931	-0.00158018537331
-10.3213188184	-61.0	56.1110724086	-0.00628459826112	0.00113719014917	-0.00176675408147
-10.0952591389	-61.0	55.9650778937	-0.00615183869377	0.0011213356629	-0.00180478452239
-7.31064779949	-61.0	46.6217056240	-0.00389895448461	-0.000404525431804	-0.00575677398592
-7.56038109007	-61.0	46.7694953530	-0.00401689345017	-0.000385105842724	-0.00571195408702
-7.72122327073	-61.0	46.5578312306	-0.00407227268443	-0.000421073695179	-0.00581609178334
-3.22671856732	-61.0	62.0476857748	-0.00339953764342	0.00295197800733	0.00267346599139
-3.39120220473	-61.0	62.5593005266	-0.00356561224908	0.00302782841027	0.00305785075761
-3.62465534142	-61.0	62.4002438763	-0.00370090221986	0.00295910006389	0.0029043185059
-3.61714737475	-61.0	62.1849691100	-0.0036704253871	0.00291720754467	0.00273887766525
-3.20638111028	-61.0	62.4606453122	-0.003431977937	0.00304001499899	0.0030016633682
-3.43743227534	-61.0	62.0918127783	-0.00354283000343	0.00292667001486	0.0026867100969
-11.1703070281	-61.0	59.3375192505	-0.00733973784372	0.00168702926021	-0.000308498973027
-11.4430310861	-61.0	59.3326713673	-0.00747762992978	0.00167128560133	-0.000369453802705
-11.5066736472	-61.0	59.0987849919	-0.00745732709765	0.00162438792177	-0.000502156093717
-11.0324427067	-61.0	58.9068366394	-0.00717502832413	0.0016145685222	-0.000500960450154
-11.3667935734	-61.0	58.8607211089	-0.00733386073261	0.00158771395218	-0.000593073258642
-0.740436557503	-61.0	45.3484155880	-0.00101865734905	-0.00050926185213	-0.00599421281368
-0.468566902188	-61.0	45.3795441567	-0.000903421780095	-0.000500647409353	-0.00597563758492
-0.348908826835	-61.0	45.6491882850	-0.000857047562022	-0.000455440429505	-0.00585792493075
-0.729555206168	-61.0	45.8372601524	-0.00102362968028	-0.000429936946603	-0.00578424567357
-0.490532217159	-61.0	45.8389055661	-0.000921039551031	-0.000426427141065	-0.00577898463234
1.22546737510	-61.0	46.1534281338	-0.000187148500117	-0.000352576433215	-0.00562549335882
0.962402129956	-61.0	46.2926364830	-0.000301235297229	-0.000332731957315	-0.00556689035147
1.20209171025	-61.0	45.8798377678	-0.000195782689843	-0.000398022471927	-0.00574290240183
0.801545911316	-61.0	46.1071212847	-0.000369206740288	-0.000365506013623	-0.00564756896347
6.00810555503	-61.0	51.5293439621	0.00212608138099	0.000642188184429	-0.00337083381601
5.64183934050	-61.0	51.2118774163	0.00193279667292	0.000582172593568	-0.00349742826074
6.11319087693	-61.0	51.2830376968	0.00215870677494	0.000597057922278	-0.00348803843372
5.98279795545	-61.0	51.0203530143	0.00208030152135	0.000548333919141	-0.00360017688945
5.73371299458	-61.0	51.0063501421	0.00196304637939	0.000544670270756	-0.00359451258555
7.36835862059	-61.0	51.1387865691	0.00273295072839	0.000575669051614	-0.00362719781697
6.91627079470	-61.0	50.8666350818	0.0025032965932	0.000524639093783	-0.00372085394338
7.47196641862	-61.0	50.8958119309	0.00276189483702	0.00053259806009	-0.00374344177544
7.05822603847	-61.0	50.6409513570	0.00255243992433	0.000484861433506	-0.00383072113618
7.31900283099	-61.0	50.6651966737	0.00267402944155	0.000490624865051	-0.0038365686778
6.35822316919	-61.0	52.0675960051	0.00233080680482	0.000742943142541	-0.00314282416366
6.84336359686	-61.0	52.3402889042	0.00258323107846	0.000794033345301	-0.00304519827478
6.65555232977	-61.0	52.0757918815	0.00247262930498	0.000744803575799	-0.00315594766289
6.74049456076	-61.0	52.5815977289	0.00255423807539	0.0008390598814	-0.00292699225247
6.24079659324	-61.0	52.3017188428	0.00229268101975	0.000786673743278	-0.00302838091739
-7.14624521755	-61.0	55.8627741207	-0.00469762086868	0.00124422786757	-0.00150157825556
-7.58071013292	-61.0	55.4818478145	-0.00486010825261	0.00114863272756	-0.00173753476702
-7.38660285912	-61.0	56.0015784900	-0.0048369797878	0.00125951610971	-0.00145447812974
-7.62124238043	-61.0	55.8835407669	-0.00493651628494	0.00122470688075	-0.00153892196249
-7.67553761932	-61.0	55.6561227146	-0.00493101915345	0.00117788568605	-0.0016596512869
-7.38158025080	-61.0	55.5127254517	-0.00476621324196	0.00116406881716	-0.00170213775709
-2.79971688810	-61.0	61.7135037694	-0.00307495892048	0.00294944504276	0.0024460144341
-3.01079066926	-61.0	61.5473448686	-0.00319637893699	0.00287514179945	0.00230288039893
-3.24490626513	-61.0	61.6460335349	-0.00336257577874	0.00286040268838	0.00236116419546
-3.30135288380	-61.0	61.8408197416	-0.00342367077246	0.00289490539581	0.00250588473864
6.20887421344	-61.0	61.1195951258	0.00329462252557	0.002550405683	0.00172742619179
5.86493694003	-61.0	61.2972239761	0.00312599306926	0.00260817655362	0.00188538187649
6.11296880897	-61.0	60.8514988098	0.00320278457366	0.00250447215512	0.00156819727272
5.84821192934	-61.0	60.8688646722	0.00305686495267	0.00252540502697	0.00160989607684
6.06638692287	-61.0	61.3032534123	0.00324066379108	0.00259522837587	0.00186375610065
4.46464666876	-61.0	46.8450673537	0.00121395802125	-0.000200430309633	-0.00536856660619
4.01142860185	-61.0	47.1665567536	0.00102548161522	-0.000150302934344	-0.00521819060668
4.24680466634	-61.0	47.2302137549	0.00112926680595	-0.000136976261274	-0.00519689032808
4.49020620261	-61.0	47.0817306586	0.00123102299403	-0.00015986028302	-0.00526770483702
3.94596567653	-61.0	46.9893468321	0.000993235502392	-0.000181207506103	-0.00529281189665
5.54357147916	-61.0	55.5814303283	0.00223199860193	0.001436342136	-0.00140293175355
5.87383853687	-61.0	55.9664122413	0.00244296807796	0.00150960020255	-0.00122225494124
6.06143146244	-61.0	55.7874080731	0.00252086948603	0.00146966683678	-0.00132523046341
5.67671923946	-61.0	55.4320340959	0.002286037663	0.00140361406375	-0.00148576300126
6.00895857573	-61.0	55.5114956871	0.00246491003782	0.00141463568434	-0.00146323454101
5.85181811614	-61.0	55.4403251819	0.00237696943805	0.00140263268258	-0.0014907384757
6.76486587365	-61.0	56.4523826135	0.00295838923194	0.00159000314306	-0.00102629628964
6.60755027851	-61.0	56.6578697821	0.00290194572881	0.00163468439132	-0.000906998408027
6.23037751396	-61.0	56.3295945994	0.00266802310944	0.0015765868593	-0.00105435075238
6.41797043954	-61.0	56.1505904312	0.00274459342472	0.00153649994172	-0.0011596835684
6.30674586928	-61.0	56.6216830441	0.00274151610211	0.00163434119895	-0.000905553577468
10.2358143141	-61.0	58.9795459054	0.00509567512199	0.00199459656142	-7.30655810912e-05
9.84140386566	-61.0	59.2340049683	0.00493616424501	0.00204915646464	0.000122659359477
10.1539610027	-61.0	59.5239987493	0.00514628970996	0.00209507555701	0.000230766003369
10.3622178775	-61.0	59.1767384016	0.0051937722601	0.00202793022618	1.21560578918e-05
9.95258114404	-61.0	59.4166823986	0.00502414582297	0.00207998789847	0.000204358104384
10.3034778427	-61.0	59.3843131151	0.0051992284134	0.00206666137092	0.000132079570903
7.46166087238	-61.0	46.4688518827	0.00247857230715	-0.000233391765505	-0.00567353190854
7.03468889183	-61.0	46.3076453676	0.00229075294919	-0.00026590959169	-0.00571500696242
7.11550036344	-61.0	46.0544853453	0.00231367978267	-0.000307759124553	-0.00582784460858
7.23107816663	-61.0	46.4998771501	0.00238250428811	-0.000230987963732	-0.00564526207745
7.53924306075	-61.0	46.3053175201	0.00250335759483	-0.000260018190602	-0.00574848754331
0.0182767587287	-61.0	48.7292078956	-0.000738557078876	7.42050106055e-05	-0.00451861973852
0.205894221849	-61.0	48.1516736663	-0.0006480186712	-2.53678790614e-05	-0.00476902071387
0.256986599693	-61.0	48.6897474484	-0.000629758869763	7.05352576915e-05	-0.00453319773078
-0.0485311955147	-61.0	48.2030897720	-0.000762749055866	-1.99220376089e-05	-0.00474969297647
-0.143494067474	-61.0	48.4955786812	-0.000809139979538	3.03111082758e-05	-0.00462314439937
-2.20908323002	-61.0	48.7243238675	-0.00175045337528	3.78130534955e-05	-0.00456953654066
-1.74282541750	-61.0	48.8013437287	-0.0015410365304	5.95124256506e-05	-0.00452199252322
-1.96487908424	-61.0	48.6736893474	-0.00163804367185	3.3089389035e-05	-0.0045843902044
-2.07971830506	-61.0	49.1316553808	-0.0017050714232	0.000112645640911	-0.00438609207049
-1.82593624006	-61.0	49.0873954971	-0.00158746528905	0.000109175562102	-0.00439826399088
0.595524950854	-61.0	56.7104684237	-0.000466735422378	0.00175517238677	-0.000727407401428
0.505275154325	-61.0	56.2569612567	-0.000523546535987	0.00164016580675	-0.000967295840383
0.858362993201	-61.0	56.3944090173	-0.000313789059874	0.00167645630427	-0.000893186836038
0.776898062381	-61.0	56.6150500654	-0.000358927645721	0.00173168047331	-0.000777049688622
0.711935745228	-61.0	56.2461588459	-0.000402059929911	0.00163895112928	-0.000971680798102
0.153247850312	-61.0	53.4162860525	-0.000713142333552	0.000986058264971	-0.00238414504565
0.466969259294	-61.0	53.2042986349	-0.000549375894479	0.000945449108258	-0.00248248036951
0.5347744355	-61.0	53.6569692453	-0.000514008977916	0.00104250235017	-0.00226601306349
0.625611938691	-61.0	53.3954272550	-0.000466899800813	0.00098775641527	-0.00239059957676
0.233763619441	-61.0	53.6073154498	-0.000672123103868	0.00102797499858	-0.00229206541553
-9.29348089183	-61.0	48.0230672037	-0.00486716255546	-0.000214849904296	-0.00531708123162
-9.63818892180	-61.0	48.4367337917	-0.00505404127762	-0.000154983557877	-0.00517024984583
-9.42245031832	-61.0	48.4509927688	-0.00496008433402	-0.000148776220158	-0.00514312740415
-9.29796259780	-61.0	48.2485992429	-0.00488797994331	-0.000178932081326	-0.0052194064483
-2.30908932102	-61.0	64.4575312874	-0.00290462304838	0.00348341744393	0.00475897546858
-2.82851911519	-61.0	64.2243010986	-0.00329664372839	0.00338028906845	0.00448274379596
-2.35014801362	-61.0	64.1895735699	-0.00292905955575	0.00345038878731	0.00453462777659
-2.48372602960	-61.0	64.6405008389	-0.00304810749367	0.0034764923621	0.00487619498745
-2.80051309553	-61.0	64.5131856119	-0.00328875286505	0.00341822323389	0.00471829157323
-2.65870130827	-61.0	64.6320627021	-0.0031845648773	0.00345129263587	0.00483843032271
-2.46143885547	-61.0	62.6302553672	-0.002929023467	0.00320763722993	0.00321811065078
-2.64332686754	-61.0	63.0361502176	-0.00309159629978	0.00324575556442	0.00353677663952
-2.46776374447	-61.0	62.8747756217	-0.0029521395918	0.00325098028407	0.00342229008675
-2.83855892535	-61.0	62.9347660089	-0.00322335073724	0.00319296820089	0.00342893134803
-2.86263838909	-61.0	62.7013164135	-0.00322042126209	0.00314681744203	0.00323483254761
-1.39160418082	-61.0	67.4851081417	-0.00218147342093	0.00383905717172	0.0071734492667
-1.78701014439	-61.0	67.8496302862	-0.00256181391887	0.00386500451714	0.00738542433828
-1.56289136532	-61.0	67.9131850790	-0.0023562295828	0.00388285820372	0.00746040511876
-1.82674824420	-61.0	67.5944418415	-0.00258590304293	0.00383156421594	0.00719659822062
-1.43058928258	-61.0	67.7526235030	-0.0022264122963	0.00386864016764	0.00736088166013
-11.3900282945	-61.0	52.7847261962	-0.00630700075999	0.000511966412887	-0.00344514660537
-11.4952262700	-61.0	53.2873254634	-0.00642125401646	0.000591456890106	-0.00323369982652
-11.6610956243	-61.0	53.1406865491	-0.00647856015712	0.000561308290344	-0.00332077336498
-11.1206716529	-61.0	53.1323844391	-0.00622722273692	0.000579043233301	-0.00325579475611
-11.1825531797	-61.0	52.8786845589	-0.00622321665287	0.000534482649527	-0.00337729533203
-11.6212298815	-61.0	52.8868128544	-0.00642679445446	0.000521044770721	-0.00342890503816
0.178972374146	-61.0	54.4330874089	-0.000705847982317	0.00120783888269	-0.00189208926167
-0.0856991574506	-61.0	54.8683924685	-0.000854592944961	0.00130227790214	-0.00167959893588
0.169460412005	-61.0	54.8408244386	-0.000713452231139	0.00129971501883	-0.00169084733352
0.232176453311	-61.0	54.6383807634	-0.000677934673149	0.00125462235883	-0.00179058301728
8.58468581205	-61.0	55.0403010442	0.00369986682199	0.00129080435727	-0.00189146632329
8.70057676300	-61.0	54.6093711077	0.00370489154011	0.00120974401943	-0.00211211992428
8.54769078380	-61.0	54.5063675778	0.00361856631935	0.00119166832883	-0.00214804662392
8.32382941063	-61.0	54.5130741190	0.00351045443676	0.00119446625467	-0.00212507462129
8.73961276331	-61.0	54.8298823976	0.00375015311874	0.00125034584198	-0.00200870889239
8.36494203902	-61.0	55.0861454387	0.00359763368033	0.00130144890863	-0.00184890918899
8.14988544672	-61.0	54.6881668009	0.00344557734206	0.00122860434931	-0.00202506501228
3.94201203937	-61.0	50.7449398045	0.00110844685696	0.000486586533953	-0.0036476298701
3.46861412566	-61.0	50.6228624264	0.000880795298144	0.000460447423393	-0.00369144813158
3.93127913725	-61.0	50.3475957251	0.00108752609231	0.000412717578001	-0.00382536021061
3.49000442213	-61.0	50.3723046586	0.000882211548742	0.000413927482441	-0.00380409508944
3.70018928664	-61.0	50.3203570015	0.000978652387857	0.000405942875659	-0.00383190857247
3.99272845977	-61.0	50.5566842971	0.00112457410432	0.000451871019322	-0.00373343797401
4.34383096574	-61.0	48.8793797101	0.0012220031349	0.000150822263095	-0.00448487466201
4.28230840525	-61.0	49.1775429790	0.00120489404071	0.000203262810828	-0.00435253605247
3.84246904459	-61.0	49.0430575485	0.00100114592351	0.000175229128217	-0.00439993385226
4.13402700407	-61.0	48.7679008596	0.00112387537956	0.000129127365653	-0.0045276787132
3.88470582965	-61.0	48.8759174892	0.00101507059298	0.000145884230733	-0.00447411322966
-9.65984397673	-61.0	62.4391179289	-0.00725665036589	0.00235462584533	0.0017439633375
-10.0720118655	-61.0	62.1511671467	-0.00741566764191	0.00227437727153	0.00147453905083
-10.0233630854	-61.0	62.6829132220	-0.00751925911754	0.00237553706393	0.00179357640445
-10.2116408582	-61.0	62.3438442799	-0.00753996241838	0.00230104778893	0.00154981866945
-9.81069294891	-61.0	62.6168074291	-0.00738386064768	0.00237729726359	0.00180985347833
-10.1467552140	-61.0	62.5294793193	-0.00755000254139	0.00233936775476	0.00167299073655
1.47411859939	-61.0	55.1608805869	1.25052083604e-05	0.00138351635542	-0.00152562372386
1.68648828106	-61.0	55.3288357382	0.00013541651424	0.00142235541716	-0.00144124857616
1.87544741257	-61.0	54.7527249489	0.000220928544877	0.00129196769558	-0.00173050456215
1.64628305474	-61.0	54.7752003861	9.68956155702e-05	0.00129656051286	-0.00171854184009
2.02865872593	-61.0	54.9823523524	0.000312369433232	0.00134337553754	-0.00161686784122
1.48880187078	-61.0	54.9149521607	1.43853239933e-05	0.00132756016683	-0.00164874200709
0.825085435914	-61.0	57.7898135471	-0.000308147398755	0.00204336480238	-0.000135414607939
0.397678818357	-61.0	57.7025861953	-0.000582390755881	0.0020187383052	-0.000187604833627
0.600682761136	-61.0	57.6460354534	-0.000453570624813	0.00200381921604	-0.000217653636355
0.809218453214	-61.0	57.9809720833	-0.000314058386721	0.002097023651	-2.7298259738e-05
0.462878966964	-61.0	57.9946035872	-0.000538417429198	0.00210141716525	-2.23234710575e-05
-0.523714842	-61.0	58.9069361406	-0.00121295917779	0.00235883821733	0.000506583775859
-0.144324181846	-61.0	59.0905645076	-0.000953405571636	0.00242713373154	0.000621097162366
-0.454786210344	-61.0	59.1064034477	-0.00117220298853	0.00242400052957	0.000629306596238
-0.115607300341	-61.0	58.8881489014	-0.000929778092541	0.0023635965772	0.00049739057431
-0.229978007179	-61.0	58.7209659036	-0.00100532965735	0.00230937357992	0.000395900424337
-0.944021432773	-61.0	57.3314753121	-0.00142155017238	0.00189062627032	-0.000405475439038
-1.30629338096	-61.0	57.8197916261	-0.00167443382088	0.00200954335742	-0.000136580871185
-1.47320674224	-61.0	57.6004861184	-0.00176508433651	0.00194271013606	-0.000262251502136
-1.05068707036	-61.0	57.7816978343	-0.00151029031258	0.00200936547481	-0.000155545174493
-0.945795620371	-61.0	57.5873850169	-0.00143438088708	0.00195969571359	-0.000263608730165
-1.15959671163	-61.0	57.1562101847	-0.00154588359874	0.00183702667709	-0.000504211813677
-0.595087638752	-61.0	56.8604287391	-0.00118970265612	0.00177634134889	-0.000657754659187
-0.735908524084	-61.0	56.4144354527	-0.00125989317894	0.001659217407	-0.000896701356396
-0.50488393977	-61.0	56.3059183191	-0.00112015730701	0.00163742620498	-0.000950943096541
-0.810662917611	-61.0	56.6851636117	-0.00131390825845	0.00172572315205	-0.000754059758037
-0.285121924758	-61.0	56.3228397113	-0.00099074258469	0.00164601637516	-0.000939617631957
8.80697249784	-61.0	51.1760140168	0.0033995998092	0.000589259609114	-0.00371881434694
8.95979734910	-61.0	50.6073080863	0.00341902254149	0.000490812584758	-0.00398616772145
8.70063578175	-61.0	50.6619431427	0.00330572738312	0.000498495355714	-0.00394012778997
9.11101884449	-61.0	50.8461730061	0.00350912101567	0.0005334491143	-0.00389266898856
9.02260715467	-61.0	51.0524430155	0.00348735507578	0.000568858056795	-0.00379267544486
-8.57402693883	-61.0	55.6188877109	-0.00536466296762	0.00112819822971	-0.00177760061342
-9.01877271213	-61.0	55.2487892382	-0.00552534405142	0.00103856995702	-0.00201223720796
-9.01158482268	-61.0	55.4980532962	-0.00555833755061	0.0010853074491	-0.00188957166392
-8.82631023086	-61.0	55.6182639654	-0.0054867612198	0.00111633446068	-0.0018079088768
-8.80416457535	-61.0	57.6441329936	-0.00580698531121	0.00150241213851	-0.000772541563492
-9.01674057956	-61.0	57.7755631468	-0.00593701982871	0.00151553598698	-0.000734406348784
-8.82100592219	-61.0	57.4330809666	-0.00577817019075	0.00146104185842	-0.00088558869902
-9.26695553817	-61.0	57.6772411430	-0.00604409445077	0.00148283224553	-0.000823361275252
-9.06481392274	-61.0	57.3409406065	-0.00588324991986	0.00143009831663	-0.000968120235484
-7.55513054519	-61.0	56.4275116241	-0.00498343724757	0.00133456371259	-0.00125276332255
-7.78977006651	-61.0	56.3094739009	-0.00508260820061	0.00129921536427	-0.0013393847039
-7.54749600324	-61.0	56.6881927370	-0.00501917535439	0.0013863532804	-0.00111617927905
-7.77238800253	-61.0	56.8444485137	-0.00515632564202	0.00140482815914	-0.00105973309837
-7.98591683912	-61.0	56.6819734806	-0.00523746665567	0.00136150885373	-0.00116936606355
-9.40673281058	-61.0	56.2540884699	-0.0058666090481	0.00120778440032	-0.00156709738076
-8.98475320776	-61.0	56.1301627534	-0.00564188929275	0.00120507378597	-0.00157325330656
-9.23538866337	-61.0	55.8232626171	-0.0057154269889	0.00113560678437	-0.00175773492083
-9.05011407156	-61.0	55.9434732863	-0.00564444623888	0.00116684450768	-0.00167459296063
-9.15229020374	-61.0	56.2522102033	-0.00574275106192	0.00121985166334	-0.00153399957344
8.83756776255	-61.0	60.2788232391	0.0045878617093	0.00226842006668	0.000853313715197
8.42768442522	-61.0	60.6681450549	0.00443474808708	0.00235454877838	0.00114035303704
8.85343559538	-61.0	60.7165975669	0.00466954521835	0.00234817969613	0.00110167404637
8.55295799254	-61.0	60.7952643942	0.0045226290822	0.00237323762849	0.00119498581626
8.36944574453	-61.0	60.4649512995	0.00437049474567	0.00231917994097	0.00103084661532
8.97560025070	-61.0	60.4615102230	0.00469128973782	0.00229746568948	0.000936099444516
8.01050350945	-61.0	60.8303493700	0.00423762155697	0.00240104831755	0.00129911408294
7.70893717687	-61.0	60.7098033316	0.00405602576211	0.00239163869992	0.00127155636437
7.66659962479	-61.0	60.9436586701	0.00407001841813	0.00243716174737	0.00141806248575
7.95226482875	-61.0	60.6271556147	0.00417377753183	0.00236574956216	0.00118729833048
7.88501519744	-61.0	61.0093847507	0.0041986964643	0.00243952893652	0.00142484367825
-0.63734863456	-61.0	51.7796697117	-0.00109194254037	0.000637514924165	-0.00316057098098
-0.609960550493	-61.0	51.4960291287	-0.00107313459739	0.000582020671573	-0.00329024414532
-0.335799145145	-61.0	51.3503308532	-0.000936947122682	0.000557991908863	-0.00335257151164
-0.103620521207	-61.0	51.5031695834	-0.000825558498036	0.000591553049162	-0.00327968318015
-1.60430925291	-61.0	50.1472232072	-0.00151655392256	0.000306722038658	-0.00392138957977
-1.15391688445	-61.0	50.2241577056	-0.00130668852944	0.000329070200678	-0.00387624232098
-1.59526748359	-61.0	50.4807870273	-0.00152229296509	0.000369316141587	-0.00377147179097
-1.33266230224	-61.0	50.4231610303	-0.00139623542782	0.000363259256119	-0.00379098462872
-1.65263989581	-61.0	50.3021639228	-0.00154397904407	0.000334736745572	-0.00385320698842
7.81863143222	-61.0	52.8733446822	0.00309508736245	0.000892225943971	-0.00286384345964
7.65461948414	-61.0	53.0976655880	0.00303830881603	0.000933943025302	-0.00274673872627
7.32702650068	-61.0	52.6163134303	0.00283721694723	0.00084516312927	-0.00294846855104
7.22415746457	-61.0	52.8576222550	0.00280980137177	0.000890086696018	-0.00282904319465
7.39299850477	-61.0	53.0845485281	0.00291165546514	0.000932077062316	-0.00273422547616
7.73998016895	-61.0	51.6477465044	0.00294724083506	0.000668709923048	-0.00342242792249
7.63637237092	-61.0	51.8907211426	0.00291963899508	0.000712416658644	-0.00330427940935
8.09960451876	-61.0	52.1559097191	0.00316051137634	0.000761384493671	-0.00321702403016
8.02844418636	-61.0	51.6759321429	0.00308406795375	0.000674688490108	-0.00343080819584
8.21256164380	-61.0	51.9487582332	0.00319438194856	0.000724259065464	-0.00332060013898
9.23499749414	-61.0	53.1251918701	0.00379285542294	0.000937111210078	-0.00286574941128
9.77964215580	-61.0	53.0656241885	0.00404333882034	0.000926769338548	-0.00294629880227
9.60813465090	-61.0	52.8661651520	0.00394053757191	0.00089108973043	-0.00302153965458
9.34439000352	-61.0	52.9099521463	0.00382117601112	0.000898577156477	-0.0029759502504
9.40887914209	-61.0	53.2324115853	0.00388690386899	0.000956344709266	-0.00283234333619
1.51759345575	-61.0	47.8972043978	-6.12947842455e-05	-5.2645955293e-05	-0.00487256981432
1.37097904365	-61.0	48.1042658205	-0.000126174229081	-1.82965359272e-05	-0.00478258635849
1.38158593541	-61.0	48.3174507289	-0.000120935961604	1.93214000319e-05	-0.00468968646601
1.78083578358	-61.0	48.3861794834	5.87322974752e-05	3.63506369467e-05	-0.00466013187543
1.53697711565	-61.0	48.4755894212	-5.0463801017e-05	4.92051040055e-05	-0.00462065869942
1.78505354159	-61.0	50.5187483292	8.25486858957e-05	0.000425727281254	-0.00371758872643
2.10482184034	-61.0	50.2387907284	0.000229173572734	0.000376497366233	-0.00384466722608
2.07358245567	-61.0	50.4667796320	0.000218299392145	0.000418927986175	-0.00374245317653
1.68321297023	-61.0	50.1656996559	3.01435411529e-05	0.000358310993761	-0.00387520925142
1.92047104342	-61.0	50.1156691904	0.000140800650115	0.000351589143975	-0.00389848859049
-1.96542705094	-61.0	49.9105866211	-0.00167814770248	0.000256270664977	-0.00403699651361
-1.81319240582	-61.0	50.1789770157	-0.00161568901967	0.000308779999614	-0.00391272688285
-1.78613553825	-61.0	49.8354646279	-0.00159212108701	0.000245747854933	-0.0040654502809
-1.92767393057	-61.0	50.0824844176	-0.00166624109261	0.000288723269477	-0.00395911931992
-0.150915053112	-61.0	49.2810553892	-0.000822292815428	0.000171163846971	-0.00427789194509
-0.0386276684965	-61.0	49.8259725402	-0.000776458880864	0.000272768345894	-0.00403488660231
-0.394115998914	-61.0	49.3241664341	-0.000934944837354	0.00017536112864	-0.0042624110356
-0.290349171507	-61.0	49.7826537892	-0.000893396849278	0.000260992557742	-0.00405756104738
-0.462191563131	-61.0	49.5580099792	-0.000970008317381	0.000217014239752	-0.0041599618271
1.29901870457	-61.0	49.5226445318	-0.000153992514242	0.000234867678955	-0.00416050339118
1.14619579513	-61.0	49.0954410527	-0.000225761788897	0.000155247034854	-0.00434924568981
1.13330352763	-61.0	49.3901567893	-0.000230990946875	0.00020859191136	-0.00421934016049
1.49958825810	-61.0	49.4502997375	-6.17997866357e-05	0.000224071060074	-0.00419249525294
1.41468079472	-61.0	49.0137110421	-0.000103343190858	0.000143847428262	-0.00438485341147
2.13112796676	-61.0	48.7642516003	0.000220256726607	0.000107607804239	-0.00449652830139
2.52562103982	-61.0	48.8860331573	0.000400726596126	0.000133789508254	-0.00444646086544
2.35815820310	-61.0	48.7129021146	0.000322278909152	0.000101033256215	-0.00452069286257
2.47474581664	-61.0	49.0705575759	0.000380669313017	0.000166332014487	-0.00436499575153
2.28288869272	-61.0	49.1172968960	0.000293931399938	0.000172648651642	-0.00434274645522
1.01697732733	-61.0	60.7426256386	-6.28233028692e-05	0.00296183279715	0.00175020471215
0.89584904438	-61.0	60.4695982907	-0.000168763639522	0.0028783865273	0.0015480981674
0.610106397583	-61.0	60.4216875836	-0.000390340195736	0.00287440256216	0.00151075958274
0.537021212137	-61.0	60.8153166299	-0.000438038230641	0.00301150395535	0.00180157425348
0.431225514398	-61.0	60.6143913524	-0.000526043644641	0.0029455893673	0.0016500048805
-4.59514375466	-61.0	54.8490843916	-0.00328070111573	0.00115706934594	-0.00182491377927
-4.59770967802	-61.0	55.1205724063	-0.00330945127644	0.00121397105977	-0.00168817664962
-5.04567268164	-61.0	54.9167429470	-0.00351926800795	0.00115190073848	-0.00181713327765
-4.81887088791	-61.0	54.6977258160	-0.00338054215536	0.00111626589205	-0.00191327533685
-4.99737932983	-61.0	55.2255016348	-0.00352761754766	0.00121817551553	-0.00165817840025
2.14422200072	-61.0	53.1462870347	0.000313557538902	0.000947995344177	-0.0025105450768
2.55414462411	-61.0	53.3522847185	0.000530306890141	0.000992368441075	-0.00241665821522
2.44736149386	-61.0	53.5801538138	0.00048361212248	0.00103962537833	-0.00230654911138
2.04264525652	-61.0	53.4675594400	0.000270501914201	0.00101451552473	-0.00235693156719
2.42137801264	-61.0	53.1159300673	0.000454154302133	0.00094300834462	-0.00252745882608
3.25086602587	-61.0	54.9516850300	0.000972312700469	0.00133139896207	-0.00164646853227
3.67482167929	-61.0	54.6724454643	0.00117974856403	0.00126824167091	-0.00179446581751
3.52114160424	-61.0	54.4083620666	0.00108261138666	0.00121310597751	-0.00192151474766
3.30831714241	-61.0	54.4302418473	0.000972270965576	0.00121877808124	-0.00190642266534
3.11596618587	-61.0	54.7812428404	0.000890299677849	0.00129521731287	-0.00172922329511
3.19210194906	-61.0	54.5803395992	0.000919448269997	0.0012514294358	-0.00183022709098
-11.7907143553	-61.0	57.9836275595	-0.00735688069835	0.00140189193189	-0.0011145749595
-11.5152346935	-61.0	57.8569358431	-0.00719402916729	0.00139365147334	-0.00112152646761
-11.5052999390	-61.0	58.3556384977	-0.00729396007955	0.00148647243623	-0.000874281162396
-11.8054429370	-61.0	58.2156252073	-0.00741355028003	0.00144416291732	-0.00100453651976
-11.2625326314	-61.0	57.9418511024	-0.00708632497117	0.00142321118619	-0.00103099027183
2.61656066433	-61.0	57.9619419539	0.00082118913997	0.00205175578594	-3.27279994963e-05
2.31101087056	-61.0	57.6935140555	0.000615316908807	0.00199211761355	-0.000184399075806
2.66162309081	-61.0	57.5630526179	0.000816991145257	0.00194912264124	-0.000259545515291
2.45829914051	-61.0	57.5228510063	0.000692322617397	0.0019445650978	-0.000280863809166
2.39020049178	-61.0	57.9217038889	0.000680044060573	0.00204888358712	-5.48799835087e-05
1.31062904764	-61.0	44.2582915733	-0.000138849165523	-0.000657376658637	-0.00643529603258
1.09224483179	-61.0	44.4385090448	-0.000231637168326	-0.000631452421658	-0.00635945657268
0.69577195233	-61.0	44.1599595528	-0.000394526548916	-0.000679711694829	-0.00648123584688
0.876587355127	-61.0	43.9781357382	-0.000317153928336	-0.000705978076439	-0.00655728951097
1.14969123818	-61.0	43.9773070308	-0.000203538671485	-0.000703067402355	-0.00655584875494
2.75252315249	-61.0	44.7373190854	0.000462086434709	-0.000566460075788	-0.00623531127349
3.12711569648	-61.0	44.6141232286	0.000618040387053	-0.000582709442824	-0.00629204371944
3.02035527149	-61.0	44.3682892024	0.000572768680286	-0.00062289275229	-0.00639520725235
2.77228322835	-61.0	44.3255587328	0.000469656777568	-0.00063192518428	-0.00641068862751
2.68230356166	-61.0	44.5268128219	0.000432452361565	-0.000600788567681	-0.00632424093783
-0.208859607921	-61.0	60.3677200403	-0.00102832098491	0.00285675027408	0.00146647705697
-0.549468557472	-61.0	60.8066249393	-0.00131167308427	0.0029930237215	0.00178996182512
-0.49330729427	-61.0	60.3855045379	-0.00124968052842	0.00285154301673	0.00147852732334
-0.128087611759	-61.0	60.5862538786	-0.000969455111772	0.002935083583	0.00162587000523
-0.63888779296	-61.0	60.6350283658	-0.0013744168682	0.00292880646884	0.00166057015304
4.47895727416	-61.0	54.7778578887	0.00160785031039	0.00128362211399	-0.00176471506711
4.21061587105	-61.0	54.8497227544	0.00147334509529	0.00130130292382	-0.00172039179597
4.63628514511	-61.0	55.1631958983	0.00172099284828	0.0013625472784	-0.00157693249639
4.25529833224	-61.0	55.1504571742	0.00151979853399	0.00136450643186	-0.00157076993492
4.59969295591	-61.0	54.9503428267	0.0016843584599	0.00131838407833	-0.00168267753907
-8.98735970857	-61.0	58.2602359204	-0.00601160526276	0.00160983519163	-0.000473161926493
-8.76864096134	-61.0	58.3658724798	-0.0059204348363	0.00164314638823	-0.000382773403544
-8.94191422786	-61.0	58.7642367298	-0.00608419114724	0.00170911208261	-0.000194330437807
-8.78511622004	-61.0	58.6174776304	-0.00597605248913	0.00169056747109	-0.000249075004831
-9.20866178281	-61.0	58.4108845671	-0.00615208828822	0.0016255567316	-0.000427806022344
-7.69318215358	-61.0	57.9541485183	-0.00529843941331	0.00162858329713	-0.000456185458461
-7.74351068795	-61.0	57.3961159445	-0.00523057905957	0.00151509116404	-0.000764231546782
-7.48898908886	-61.0	57.7761931091	-0.00516373943537	0.00160580885131	-0.000528151984327
-7.92658837184	-61.0	57.5732467128	-0.00535282352939	0.00153926305939	-0.000691994267981
-7.49774475595	-61.0	57.5021137060	-0.00512298941612	0.00155061623082	-0.000677958887536
-5.75142899662	-61.0	53.3519978540	-0.00371327460743	0.000811031146441	-0.00262829498388
-5.69999063086	-61.0	53.6407019375	-0.00371640687808	0.000869137584232	-0.0024864426814
-5.88439321619	-61.0	53.8426291873	-0.00382758723572	0.000901713036001	-0.00240171770565
-6.15101613379	-61.0	53.7858171586	-0.00395253393799	0.000880406878423	-0.00244832853787
-6.16049956950	-61.0	53.4900722583	-0.00392647692934	0.000822851026896	-0.00259103951976
-7.52881993056	-61.0	53.6986261434	-0.00460982229561	0.000811007572338	-0.00260323984548
-7.31756537113	-61.0	53.2399574761	-0.00445730006322	0.000733242719434	-0.00280187441967
-7.06725214350	-61.0	53.3315731329	-0.00434759072959	0.000759440008551	-0.00273737218231
-7.46699924186	-61.0	53.4352162866	-0.00455024559051	0.000764148542657	-0.00272271246649
-7.05694712052	-61.0	53.6106455055	-0.00437325192615	0.000812379061244	-0.00260389922187
-7.29284315409	-61.0	54.9245473148	-0.00464476365596	0.00105394562706	-0.00198706425726
-6.90635832843	-61.0	55.0630927607	-0.00447223708034	0.00109824794345	-0.00188303668983
-6.96888642095	-61.0	54.8365731651	-0.0044746180065	0.00105119601358	-0.00200108950958
-7.21737577897	-61.0	55.1481300158	-0.00463661411777	0.00110070349183	-0.00186900736298
-7.16090455349	-61.0	54.7722256997	-0.00456083612517	0.00103030004539	-0.00205008452758
9.30324974413	-61.0	63.1412362997	0.00534703442827	0.00276405410841	0.00243705254979
9.56217647758	-61.0	63.2562021162	0.0055143488571	0.00277586304583	0.00244890060276
9.66273568471	-61.0	62.8000860802	0.00548238353804	0.0026934617199	0.00216076732613
9.41142944098	-61.0	62.7311915992	0.00533008109778	0.00268917158246	0.00217283261009
9.74066913067	-61.0	63.1007937973	0.00558405276388	0.002743616933	0.00231918483041
-3.52448601417	-61.0	46.5761079994	-0.00225394195877	-0.000350352900568	-0.00555367628112
-3.91500969152	-61.0	46.7399033612	-0.00243080966175	-0.000329740520101	-0.00550021277741
-3.65610353722	-61.0	46.4281622243	-0.00230507156812	-0.000376670854166	-0.00562328379601
-3.90169527610	-61.0	46.4733704826	-0.00241350312717	-0.00037319684634	-0.00561479991302
-3.72182476124	-61.0	46.8251749666	-0.00235021999106	-0.000312527146889	-0.00545458355919
-11.0001831545	-61.0	60.6254188254	-0.00754821533337	0.00193580938503	0.000406393402955
-10.7420033349	-61.0	60.6418863370	-0.00741629861295	0.00195369077846	0.000474471366033
-11.0814448521	-61.0	60.4189878395	-0.00754201365635	0.00189292733558	0.000277471524896
-10.5944703830	-61.0	60.4211406566	-0.00728765735403	0.00192127237096	0.000388162356103
-10.8504441172	-61.0	60.1758729422	-0.00736498087645	0.00186081812717	0.000199986912776
-2.07154679649	-61.0	66.2580014735	-0.0027524009347	0.00367149617523	0.00618728622794
-2.48348267451	-61.0	66.3390473679	-0.00310743227601	0.00364613789134	0.0061743799597
-2.12625038487	-61.0	66.5657454494	-0.00281008984894	0.00369808962569	0.00640479242429
-2.29049463151	-61.0	66.1515511245	-0.00293634342961	0.00364299188368	0.00607089698315
-2.07016545881	-61.0	66.4267206906	-0.00275649921969	0.00368807907216	0.00631197821349
-2.46628499860	-61.0	66.5623081542	-0.00310325715691	0.00367207312956	0.00634188903496
-2.64581869952	-61.0	67.6841224024	-0.0033322442323	0.00379718397744	0.00712032802403
-2.66245426492	-61.0	67.3736154719	-0.00332270632498	0.00375549518503	0.00689339078963
-2.41549419244	-61.0	67.7349683839	-0.0031295644585	0.00381753779948	0.00720095913857
-2.24835497885	-61.0	67.5213919021	-0.00296459114179	0.00379980588332	0.0070771779865
-1.91616347767	-61.0	59.1359400822	-0.00217528804205	0.0023474865593	0.000641366932541
-1.73647947310	-61.0	59.4975741097	-0.00209020450711	0.00246948655695	0.000873204844538
-1.40962672368	-61.0	59.2074713826	-0.00184111017734	0.0024063270539	0.000689345935825
-1.89700518854	-61.0	59.3505317602	-0.00218404200859	0.00241188704967	0.000777537352405
-1.51332256668	-61.0	59.4062890155	-0.00192890956532	0.00245974608697	0.000815252191387
8.09414021731	-61.0	49.2518054017	0.00292151863687	0.000248704600381	-0.00451580248773
7.87813735938	-61.0	49.1294267249	0.00281671085395	0.000225543626584	-0.00455362163484
7.61676952017	-61.0	49.2540333775	0.00270871049725	0.000244715367444	-0.0044807610102
8.02783885023	-61.0	49.6879474457	0.00292353820987	0.000323617772665	-0.00431938562542
7.58592552740	-61.0	49.5008944648	0.00271175988019	0.000287361908704	-0.00437034294009
8.11681150710	-61.0	49.4979783774	0.00294947391376	0.000291447737254	-0.00440951902419
2.39934249427	-61.0	65.7780178173	0.00121012772433	0.00363842328079	0.00574381835759
1.88815663009	-61.0	65.6455133115	0.000782981631346	0.00366757507436	0.00573715288192
2.1857594497	-61.0	65.3182484224	0.00102204130962	0.00361663871445	0.00543909659609
1.96440707135	-61.0	65.4406105414	0.000842520734295	0.00364597560838	0.00557021657005
2.34057732571	-61.0	65.5319022141	0.00115361413918	0.00362087390386	0.00557180633768
2.12373212319	-61.0	63.9142471829	0.000947238120716	0.00350272236392	0.00433617411181
2.60660302099	-61.0	64.2403979054	0.0013253724901	0.00346964527853	0.00452513247728
2.39057922702	-61.0	63.8512772076	0.00115114694927	0.00345699326135	0.00424601789564
2.59422232354	-61.0	64.0053276158	0.00130893406458	0.00344533124007	0.00433927914128
2.44616514203	-61.0	64.3871420547	0.00120739894919	0.00350587512366	0.00466913264245
5.76689340936	-61.0	61.9342655737	0.00315720494837	0.00273669976741	0.00231895595789
5.92144261362	-61.0	62.1625714794	0.00327715207823	0.00276702223346	0.00244845077395
5.90655877514	-61.0	61.7142025698	0.00320731219836	0.00268484139815	0.00215346249752
6.10800875797	-61.0	61.7202320060	0.00332288420759	0.00267145247199	0.00212933053263
-0.885585509768	-61.0	61.1965749762	-0.00160151999444	0.00309491227381	0.00209280848503
-1.34560584142	-61.0	61.3353083209	-0.00197653798386	0.00308413477615	0.00219929986633
-0.996915002201	-61.0	61.6583096488	-0.00171988341026	0.00322322151624	0.00247030938044
-1.28626550473	-61.0	61.5314923210	-0.00194497208577	0.00314973620698	0.00235982355662
-0.826245173071	-61.0	61.3927589763	-0.00156456872355	0.00316228088923	0.00225186045282
6.65309093368	-61.0	49.4674956502	0.00229028542526	0.000274007936241	-0.00432656472549
7.11115739995	-61.0	49.1822730343	0.00247816788033	0.000227837386774	-0.00447904784232
7.08031340718	-61.0	49.4291341216	0.00248003238812	0.000270676595392	-0.00436888728291
6.73242412711	-61.0	49.0723779969	0.0023022594396	0.000205445365282	-0.00450431322679
6.85919322528	-61.0	49.5708443226	0.00238955649547	0.000293779943604	-0.004293135833
6.91561470073	-61.0	49.0747122146	0.00238420022652	0.000207417353522	-0.00451410934329
-2.09648155051	-61.0	64.2555285515	-0.00272985128686	0.00349591416307	0.00462730554864
-2.23005956649	-61.0	64.7064558205	-0.00284774880856	0.0035176705569	0.0049716969952
-1.86138658641	-61.0	64.3312934445	-0.00254001305439	0.00353745091707	0.00472318567336
-1.78685291349	-61.0	64.6264828296	-0.00248223729432	0.00357010914013	0.00497472984716
-1.99921942511	-61.0	64.8121590749	-0.00266135507263	0.00355681288056	0.00509269535542
3.02013160657	-61.0	55.4566384126	0.000878092541825	0.00144472357351	-0.00138744781725
3.25184786305	-61.0	55.4213721934	0.00100216455758	0.00143456237856	-0.00140922702849
2.88414234078	-61.0	55.2657856272	0.000792714941781	0.00140325177927	-0.00148245692253
2.99955291471	-61.0	55.0551850313	0.000843361369334	0.00135579891503	-0.00159033818636
-6.73539988700	-61.0	49.8776059448	-0.00387511542067	0.00014595479297	-0.0042909947224
-6.14756848999	-61.0	50.0060648642	-0.00361693347804	0.000182340794709	-0.00419300189242
-6.69537218723	-61.0	50.1278098278	-0.00387653987855	0.000190409467905	-0.00417671911418
-6.39638596126	-61.0	50.2137041712	-0.00374655355699	0.000212776925764	-0.00411724345759
-6.29172697297	-61.0	49.8061679532	-0.00366784841754	0.000143985409522	-0.00429169181734
-5.28892754845	-61.0	48.6590822656	-0.00313748605549	-3.23724489135e-05	-0.00473544886336
-5.29857854340	-61.0	48.9875478418	-0.00316195795313	2.39298660745e-05	-0.00459148921072
-5.66550757308	-61.0	48.6831373701	-0.003307815874	-3.59119803761e-05	-0.00474735815078
-5.66563012824	-61.0	48.8742925521	-0.00332009070553	-3.23283984471e-06	-0.00466333376244
-5.49336178488	-61.0	49.0120880289	-0.00325135700405	2.40735007537e-05	-0.00459218258038
-5.58635217781	-61.0	50.1659659004	-0.00337118073367	0.000224058443564	-0.0040855766274
-5.53618342311	-61.0	50.4594995508	-0.00336900237016	0.000277721293969	-0.00395087432116
-5.27035674523	-61.0	50.5300008203	-0.00325082056224	0.000297025457257	-0.00390318245627
-5.06783943020	-61.0	50.3289447460	-0.00314311217517	0.000265719630988	-0.00398184033111
-5.13561856050	-61.0	50.1401061905	-0.00316179101355	0.00023020284425	-0.0040703448467
-7.30965854798	-61.0	49.7059216143	-0.00412180833519	0.000102966841951	-0.00441004382446
-6.99435841320	-61.0	50.0419154844	-0.00400595320389	0.000168227474205	-0.00423693424091
-7.29370812563	-61.0	49.9614346121	-0.00413543591276	0.000147136830492	-0.0042955041863
-6.32826120346	-61.0	57.0547570702	-0.00445181550458	0.00152972573414	-0.000797979650088
-6.42455330011	-61.0	57.5879647123	-0.00458222487941	0.00163429393433	-0.000515364576131
-6.62039635386	-61.0	57.4272319316	-0.00465958658606	0.00158882653341	-0.00062315777177
-6.22150296848	-61.0	57.4982714821	-0.00446204515174	0.00162852089852	-0.00054562301375
-6.17154063879	-61.0	57.2538242802	-0.00439934805036	0.00158057222143	-0.00067547627259
8.53794858868	-61.0	52.4162082308	0.00339103327133	0.000809061806649	-0.00313242850825
8.65090571373	-61.0	52.2090567449	0.00342383049428	0.000772032944951	-0.00323699973524
9.08369704858	-61.0	52.3866938803	0.00364397768863	0.000804745533969	-0.00319312745705
8.99707908612	-61.0	52.5895388418	0.00362408161163	0.000840839173179	-0.00309209013358
8.80821524297	-61.0	52.6370418610	0.00354013149627	0.000849141913932	-0.00305354595184
8.66655263668	-61.0	52.5844507999	0.00346815097146	0.000839536951389	-0.0030656575691
5.52474999633	-61.0	65.3797493102	0.00344093865715	0.00332237733528	0.00469574891031
5.32962759085	-61.0	64.9636512456	0.00326192984357	0.00327647966333	0.00446575600654
5.53831021521	-61.0	64.7644878269	0.00337303616107	0.00323015497997	0.00428071431816
5.35790246580	-61.0	65.1812847696	0.00330637325533	0.00330623821355	0.0046057109721
-2.52502471833	-61.0	46.7028330870	-0.00182339909952	-0.000313660129905	-0.00546029210091
-2.01347086801	-61.0	46.6537409246	-0.00159886362962	-0.000313949334668	-0.0054649328813
-2.20656008590	-61.0	47.0092016128	-0.00169399753213	-0.000257565698121	-0.0053172307089
-2.39033015592	-61.0	46.9181347001	-0.00177162268665	-0.000275697937468	-0.00536262383685
-2.05147861055	-61.0	46.8731734764	-0.00162193027791	-0.000277946528513	-0.00537125719711
-9.32458289019	-61.0	62.7638383107	-0.00714573962614	0.00243749283254	0.00202017556876
-9.36110969436	-61.0	63.3526689473	-0.0073084468022	0.00254296883941	0.00236377841793
-9.51831232610	-61.0	63.1883397087	-0.00735840667039	0.00250201579183	0.00222342927009
-9.47543186237	-61.0	62.9415278109	-0.00727374572307	0.00245968811214	0.00208755931817
-9.10061818157	-61.0	63.2750279197	-0.00713939638808	0.00254720472731	0.00238583539613
11.5527373803	-61.0	58.5542782810	0.00569177232683	0.0018983904738	-0.000502399168909
11.5220262182	-61.0	58.0326315981	0.00558659201488	0.00180582574103	-0.000761696486734
11.7741054441	-61.0	58.4308387702	0.00578196812421	0.00187422765885	-0.000601573148742
11.7661905675	-61.0	58.1869480519	0.00573556497693	0.00183102511801	-0.000723204750102
11.3620928056	-61.0	58.1676505332	0.00552916107699	0.00183152966201	-0.000668220745865
-1.77998559175	-61.0	47.6650885683	-0.00152522523422	-0.000139550320455	-0.00501988595352
-1.87122621575	-61.0	48.1988044880	-0.00158137688413	-4.87213583256e-05	-0.00478976266459
-1.65144058496	-61.0	47.8701482617	-0.00147369480692	-0.000102198158856	-0.00492708850652
-1.70267325049	-61.0	48.0889786213	-0.00150262610987	-6.50898582535e-05	-0.00483303330839
-2.03141930772	-61.0	48.0389109091	-0.00164833944291	-7.91666680016e-05	-0.0048642992042
-6.68797101884	-61.0	55.8193487793	-0.00446203816682	0.00125848990865	-0.00148109381553
-6.68820515043	-61.0	56.2220245409	-0.00451731774956	0.00133942277171	-0.00127293658443
-7.10405928466	-61.0	56.1484101172	-0.00471670879051	0.0013029598631	-0.00135068711825
-6.90232043369	-61.0	56.2665794349	-0.00463195005432	0.00133708259091	-0.00126982666552
-6.60677627618	-61.0	56.0198083172	-0.0044481838122	0.00130288733635	-0.00137054710649
4.31677072688	-61.0	55.9273161889	0.00161673268303	0.00153057556599	-0.00117477599997
4.06181627034	-61.0	56.0919582162	0.00149302661885	0.00157126784325	-0.00108122709207
3.88068772794	-61.0	55.8795650906	0.00137702538632	0.00152757717296	-0.00118712882977
4.09921220107	-61.0	55.5355186912	0.00146731548011	0.00144910532981	-0.00137041136622
3.95798728632	-61.0	55.6669249579	0.0014019299997	0.00147969927639	-0.00129905494396
4.83199203602	-61.0	50.1884106035	0.00149888114538	0.000389882363379	-0.00392377143726
4.57866784154	-61.0	50.1064953720	0.00137803435791	0.000373188406229	-0.00395155884326
4.35348136004	-61.0	50.2327569837	0.00127928052098	0.000394647096982	-0.00388831738383
4.79292360909	-61.0	50.3805840572	0.00149002100807	0.000424715952249	-0.00383676262572
4.41493068256	-61.0	50.4418455557	0.00131701887585	0.000433491601143	-0.00379690434784
10.5107306368	-61.0	51.4651190126	0.00421000225469	0.000650554953609	-0.00375021994114
10.9981153161	-61.0	51.4630612549	0.00443338369951	0.000654203060549	-0.00380397588015
10.7560030215	-61.0	51.3882991914	0.00431442447007	0.000639376346953	-0.00381082831882
10.8484258141	-61.0	51.8269358414	0.00440404983237	0.000715160684194	-0.00362407951616
10.9647326384	-61.0	51.6747121460	0.00444098236039	0.000690008513629	-0.00370540563017
-8.48513799694	-61.0	64.4549871500	-0.00705745210871	0.00280675035901	0.00328592164442
-8.69076573833	-61.0	64.1945573141	-0.00711909402162	0.00274439901114	0.00306403683499
-8.68681011896	-61.0	64.6390783893	-0.00722585478798	0.00282484013587	0.00334347505122
-6.61773640436	-61.0	54.1068615328	-0.00421584397554	0.000924328865949	-0.00232896232046
-6.85381155928	-61.0	54.4585009955	-0.00437211478129	0.000982709228992	-0.00217714393511
-6.71236257654	-61.0	54.3378782910	-0.00428863242269	0.000965221901424	-0.00222423998639
-7.04582969182	-61.0	54.3941535301	-0.00445827282965	0.000962252961472	-0.00222515477799
-6.84976480404	-61.0	53.9684340876	-0.00431322539225	0.000888454029337	-0.00241493061185
-6.37877836291	-61.0	52.6340078119	-0.00394693342969	0.000652570277452	-0.00301167066209
-6.15043818600	-61.0	52.7628752323	-0.00384988612495	0.000684435537551	-0.00293481862172
-6.66558281739	-61.0	52.7302890005	-0.00409321067855	0.000660990248434	-0.00298818317242
-6.62996276197	-61.0	53.0194261165	-0.00410521915182	0.000716395443305	-0.00284969224595
-6.39711277501	-61.0	53.1411810340	-0.00400562724099	0.000747598009184	-0.00277449097484
-6.23235491621	-61.0	48.8456698342	-0.00357259414159	-1.99519981834e-05	-0.00471218954772
-6.01187019133	-61.0	49.2817622550	-0.00350334541872	5.94326229475e-05	-0.00450552254915
-6.43818012309	-61.0	48.9105460780	-0.00366936507635	-1.32514642246e-05	-0.00469755847007
-6.20579025491	-61.0	49.3852099532	-0.00359827023931	7.29936000425e-05	-0.00447254627943
-6.53583249962	-61.0	49.0779795401	-0.00372508750297	1.31298802444e-05	-0.00463060475886
-6.05758276280	-61.0	49.0321575143	-0.00350683298893	1.554847222e-05	-0.00461861863732
9.44541910742	-61.0	49.2093964011	0.00351933576167	0.000255633058259	-0.00464508356526
9.89251362176	-61.0	49.2569683776	0.00372190400958	0.00026905501727	-0.00466556334868
9.76116518479	-61.0	49.5141451891	0.00368540221825	0.000310884119244	-0.00454060826451
9.71137731298	-61.0	49.0599188489	0.00362502271309	0.00023361579224	-0.00473461672664
8.81480771301	-61.0	48.5341174640	0.00318858027458	0.000133693625685	-0.00488515431061
8.54750625860	-61.0	48.9492130258	0.00310100335628	0.000201310031116	-0.0046828603372
9.00681409429	-61.0	48.9642261426	0.00330544984899	0.00020896292699	-0.00471393624321
8.77179164045	-61.0	49.0885181845	0.00321080675349	0.000227519005421	-0.00464011635631
8.98302167651	-61.0	48.7226428493	0.00327656464651	0.000167685124325	-0.00481718359515
9.03290655984	-61.0	51.5295261340	0.00353632611223	0.000652650487609	-0.00357887102291
9.57294286435	-61.0	51.6713473590	0.00379942310974	0.000680264434777	-0.00356382247992
9.48477399839	-61.0	51.4269870791	0.0037347630132	0.000637081568129	-0.00366580625996
9.24854121667	-61.0	51.4059551327	0.00362402061	0.000632062728982	-0.00365372211672
9.38034644155	-61.0	51.7979963239	0.00372296548449	0.000701527053025	-0.00348855531774
-0.545290704192	-61.0	55.4006582619	-0.00112087174784	0.0014174869284	-0.0014178698184
-0.269459031247	-61.0	55.3609760133	-0.000964324397501	0.00141336815432	-0.00143457285594
-0.102193069459	-61.0	55.5891489051	-0.000872818112839	0.00147014856339	-0.00131690246053
-0.434796386819	-61.0	55.8289931836	-0.00106783467345	0.00152180180885	-0.00119778444059
-0.215034371807	-61.0	55.8459145758	-0.000941341626458	0.00152996112593	-0.00118659727741
-6.26982228539	-61.0	55.6934649892	-0.00423431023955	0.00125394016504	-0.00150984525681
-6.61228860156	-61.0	55.3842628551	-0.00436696177348	0.00117530173156	-0.00169608287979
-6.43104565193	-61.0	55.8295513486	-0.00433371774852	0.00127343670465	-0.00145340664312
-6.35247118730	-61.0	55.4736925297	-0.00424797134474	0.00120556307957	-0.00162887468468
-6.47679057861	-61.0	58.1331024617	-0.00469550397247	0.00174400256947	-0.000215647000005
-6.28094752486	-61.0	58.2938352424	-0.00461743073538	0.00179106590804	-0.000103917154775
-6.29720006598	-61.0	58.5223184348	-0.00466304831207	0.00183776265476	2.588292773e-05
-6.51687873470	-61.0	58.6425639559	-0.00480007659644	0.00184691057075	7.16333015589e-05
-7.60443460548	-61.0	49.3876954699	-0.00422894768417	4.22644661739e-05	-0.0045737400651
-7.83566628609	-61.0	49.0425244774	-0.00430476805195	-2.06261047424e-05	-0.00474418001249
-7.38500250909	-61.0	48.9773515340	-0.00409821048379	-2.19924568228e-05	-0.00473709683865
-7.64963265168	-61.0	48.9538205511	-0.00421463092789	-3.15000979754e-05	-0.00476815458387
4.60282069344	-61.0	45.3314231604	0.0012412215583	-0.00045319259516	-0.00601894082502
4.70482267350	-61.0	44.9181714126	0.00127681787126	-0.000520368572325	-0.00619754428044
4.44984610654	-61.0	44.8451977166	0.0011699894676	-0.00053429644322	-0.00622097216547
4.31902103635	-61.0	45.0451343253	0.00111837056465	-0.00050268805353	-0.00613252446055
4.71841870334	-61.0	45.1077563198	0.00128561269958	-0.000489156227559	-0.00611751433462
1.30963325736	-61.0	58.2168627289	1.75791192305e-05	0.00215771049261	0.000111976456537
1.05821089678	-61.0	58.5984178208	-0.000131907305331	0.00227292673662	0.000333738891641
1.47978269818	-61.0	58.3960971645	0.000136543007102	0.00220470153727	0.000217758002691
1.09785853347	-61.0	58.2431542266	-0.000118916337669	0.00216881069355	0.000125588310766
1.30552053186	-61.0	58.5542937613	3.03793185594e-05	0.0022545827087	0.000309779803501
4.11112651631	-61.0	60.4320374981	0.00199502380565	0.00257018161938	0.00147267733701
4.48418491614	-61.0	60.0143234036	0.00216241250746	0.00244499603286	0.00117559893988
4.24648361742	-61.0	59.9433239555	0.00201396271586	0.00244693667628	0.00114299543202
4.07403251288	-61.0	60.1832738569	0.00194175122306	0.00251613324508	0.0013089516433
4.35148700302	-61.0	60.4881137335	0.00214502448216	0.00256176735274	0.00149537005927
4.66924167700	-61.0	65.8480596029	0.00292174750939	0.00345563865267	0.00524410605431
5.17183499704	-61.0	65.6516421923	0.00324121816084	0.00338855129667	0.00497181853279
4.58481341804	-61.0	65.5911003891	0.00283325789496	0.00342726754025	0.00508880056441
4.79168254995	-61.0	65.3998999124	0.00295394822024	0.00338346627541	0.00490138167515
5.00498746651	-61.0	65.4531776517	0.00310428743251	0.00337352813222	0.00488178059459
-2.38338326008	-61.0	57.1023180041	-0.00227831024677	0.0017708161613	-0.000555012084078
-2.31260456949	-61.0	56.8335165703	-0.00221432186663	0.00170752464328	-0.000700121454429
-2.56284761962	-61.0	56.6939271606	-0.00234809168614	0.00166175502818	-0.000781896873377
-2.76408007605	-61.0	56.8038490512	-0.00247380952351	0.00167858717032	-0.000727995939087
-2.84820225947	-61.0	56.9907051994	-0.00253980373964	0.0017195007531	-0.00062851049006
-4.29459157140	-61.0	51.3555518594	-0.00284851389006	0.000473991094623	-0.00347555312328
-3.72790003160	-61.0	51.1136431782	-0.00256384257227	0.000442776770797	-0.00355922011659
-3.76181463145	-61.0	51.3590701957	-0.0025944923982	0.000488287420012	-0.00344872334972
-4.04587205668	-61.0	51.4960910059	-0.00273889908567	0.000507007003762	-0.00339907128364
-4.18346193346	-61.0	51.1219011788	-0.00278066610917	0.000433037639596	-0.00357668660581
-3.17959085165	-61.0	50.8635771990	-0.00228966446593	0.000408654945204	-0.00364986085333
-3.14567625180	-61.0	50.6181501815	-0.00226136203855	0.000363473576726	-0.00375954410993
-2.64740065058	-61.0	50.8457707717	-0.00203579245135	0.000417079339968	-0.00363825913519
-2.92944802627	-61.0	50.9719834064	-0.00217601354234	0.00043474312406	-0.00359111838043
-2.74742534125	-61.0	50.6281861224	-0.00207359995693	0.000373996503185	-0.00374015630223
-3.33984316077	-61.0	52.5309668913	-0.00246051279828	0.000726699479856	-0.00288808508776
-3.11312995486	-61.0	52.4205698705	-0.00234173517674	0.000710927997716	-0.00293083838187
-2.86878019459	-61.0	52.5659752608	-0.00222871894948	0.000746376463212	-0.00285362126306
-3.42083845550	-61.0	52.7305323605	-0.00251325569116	0.000764162628911	-0.00279756914824
-1.19793979583	-61.0	52.0058378135	-0.00137448357418	0.000672302267049	-0.00306688807905
-1.44887379419	-61.0	51.8396712572	-0.00149351719301	0.000634351221379	-0.0031492554117
-1.24317537192	-61.0	52.2763131120	-0.00140480184928	0.000725671066903	-0.00294240075164
-1.76126055709	-61.0	52.2042795731	-0.00166066235397	0.000700440839864	-0.0029882285744
-1.71956830453	-61.0	51.9208272504	-0.00162965804338	0.000644878367893	-0.0031184933614
-4.12536013819	-61.0	58.1747217435	-0.00341305858456	0.00192244991194	-6.92362664267e-06
-4.1085465785	-61.0	57.9234944270	-0.00337013881654	0.00186466111336	-0.000152298467583
-3.65237264743	-61.0	58.0209730160	-0.00312048872001	0.00192023883574	-7.46742953197e-05
-3.92548229864	-61.0	58.3164220618	-0.00331704923883	0.00197117286734	8.65718757268e-05
-3.73357147143	-61.0	58.2120145162	-0.00319197424687	0.0019605641719	3.36968696502e-05
0.0405749125373	-61.0	62.5283853579	-0.000848350638989	0.00351324444637	0.00324753695168
0.543442529411	-61.0	62.6109076083	-0.000399714277592	0.00351623143069	0.00331787089817
0.374383431492	-61.0	62.7781231498	-0.000549140793737	0.00355521356687	0.00347238709219
0.100817386225	-61.0	62.7362472675	-0.000795311876573	0.00355319771916	0.00343672488816
0.567631477266	-61.0	62.3955624974	-0.000381004618248	0.00347043015063	0.00312352483161
0.356962299916	-61.0	62.2803947222	-0.000567106995732	0.00345421838574	0.00302275712602
9.54954546292	-61.0	55.1951836920	0.00419010454789	0.00131153129041	-0.00191211909987
9.80278365947	-61.0	54.9847825611	0.00428582262248	0.00127156591043	-0.00204156315885
9.33628881863	-61.0	55.1242819899	0.00407721428201	0.00130011804868	-0.0019242009148
9.69423729221	-61.0	54.7673507622	0.00420552538708	0.00123269588221	-0.00213467027061
9.28003273516	-61.0	54.9314440883	0.00402552681044	0.0012651324505	-0.00201220507734
7.00456968051	-61.0	64.9323535015	0.0043154056184	0.00315711530857	0.00404906319454
7.12927598075	-61.0	65.1493323144	0.00442604534328	0.00318308756687	0.0041584870778
6.64036306458	-61.0	65.0534758743	0.00410896725953	0.00319673749618	0.00421017967165
6.79163518550	-61.0	64.9353916065	0.00418494548649	0.00316978036426	0.00409961445257
6.95931726450	-61.0	65.3237002856	0.00434871343896	0.00321795768104	0.00430875690654
10.5862181651	-61.0	52.7074291613	0.00438101729378	0.000865861366037	-0.00319585087709
10.9475356359	-61.0	52.5050917750	0.00452620256692	0.000832503603306	-0.00332842022181
10.8112222563	-61.0	52.2794497709	0.00443710992113	0.000792765582446	-0.00341554754414
10.7644831034	-61.0	52.7873917553	0.00447356887162	0.000880517414771	-0.00317904073745
-9.57670434340	-61.0	51.1332021438	-0.00528372917324	0.000289112387691	-0.00397785380483
-9.15969801203	-61.0	50.8778623883	-0.00506755895913	0.000256947416347	-0.00405023386702
-9.51606378906	-61.0	50.6814866140	-0.00520973326638	0.000214769519516	-0.00417259847745
-9.65140446001	-61.0	50.8926500473	-0.00529273180291	0.000246708892519	-0.00409248797223
-9.28950512070	-61.0	50.7074338839	-0.00510952109471	0.000224836694542	-0.0041386927478
5.67943370591	-61.0	49.3300671336	0.00184355117381	0.0002421074023	-0.00433714780957
5.99940997428	-61.0	49.0377964021	0.00197240989655	0.000193217187189	-0.00448023853824
6.00847819042	-61.0	49.4058333280	0.00199608341791	0.000258105894318	-0.00431940937415
5.82863844816	-61.0	49.4485325707	0.00191712530795	0.000264260859694	-0.0042919954285
5.78990331983	-61.0	49.1420965099	0.00188375939615	0.00020981169655	-0.00442460691556
5.31205525055	-61.0	50.9857323524	0.00176437210757	0.000538950029295	-0.00358523591422
5.12476624074	-61.0	51.0625369538	0.00168078555726	0.000552304496523	-0.00354299764149
5.40392890463	-61.0	50.7802050782	0.00179552217014	0.000501546543092	-0.00368158961646
5.09459917576	-61.0	50.6138311805	0.00164215557743	0.00046932027908	-0.00374363665469
5.29105370867	-61.0	50.5757035673	0.00173150422052	0.000463456730358	-0.00376855535433
7.07392004157	-61.0	50.2054432931	0.00252888048999	0.00040737373638	-0.00402574893087
7.25905104096	-61.0	49.8023007515	0.00258523458615	0.000337501056492	-0.00421593338251
7.03793085906	-61.0	49.9440109525	0.00249469536357	0.000360852951417	-0.00413936283439
7.33469683409	-61.0	50.2296886098	0.00264940503985	0.00041337494622	-0.00403165351599
2.82769327517	-61.0	60.6906536917	0.00122465973254	0.00276208529249	0.00170457572676
2.59606584851	-61.0	60.6554096510	0.00106770114508	0.00277845188975	0.00168422353454
2.48720266350	-61.0	60.8734250256	0.00101708818693	0.00284991925582	0.00184403534513
2.89516264307	-61.0	60.9184475319	0.00129376049154	0.00281294272281	0.00186664867215
11.0031506670	-61.0	59.7583191626	0.005625680089	0.00212098052725	0.000215144493268
11.3939113470	-61.0	59.9121530516	0.00585588859394	0.00214226008393	0.000227262295084
11.2965146946	-61.0	60.1573160913	0.00585134141147	0.00218738638796	0.000374190596631
10.8946631017	-61.0	59.9448282506	0.0056035304442	0.00215625087731	0.000333038333338
11.2046255810	-61.0	59.7748751335	0.00573268253356	0.00212066387758	0.000188757738215
11.0154286654	-61.0	60.1503195283	0.00570396892726	0.00219083274715	0.000421272212407
4.25189157899	-61.0	56.2168539517	0.00160723971203	0.00159507221542	-0.00102125806734
4.52435300397	-61.0	56.2852816250	0.00176107755397	0.00160435389262	-0.000994185218588
4.71049353570	-61.0	55.9227723587	0.00182707747445	0.00152245478239	-0.00119075586554
4.69800930360	-61.0	56.1300288809	0.00183981109876	0.00156715232879	-0.00108213629574
9.02481903084	-61.0	48.1002075277	0.00324912602082	6.30716240266e-05	-0.00509073678404
8.65989917810	-61.0	48.0847088755	0.00308891804889	5.56485865673e-05	-0.00506736710668
9.02288951241	-61.0	48.4381184827	0.003272886388	0.000120026459626	-0.00494417920709
9.03901653495	-61.0	48.2491754233	0.00326609564945	8.83580723894e-05	-0.00502745620906
8.88543083816	-61.0	47.9616650334	0.00317859440111	3.78508084395e-05	-0.00513896672055
0.597079901362	-61.0	51.3203704227	-0.000482563016703	0.000565670954529	-0.00335661438294
0.897987597758	-61.0	50.9396924957	-0.000337405974278	0.00049576110905	-0.00352787040174
0.743003802999	-61.0	50.7634477875	-0.00041201573913	0.000460004259367	-0.00360816088505
0.386481468989	-61.0	51.1777003602	-0.000584448571317	0.000535069790203	-0.0034230411984
0.826683746417	-61.0	51.1922083816	-0.000371187605197	0.000543661706615	-0.00341369514354
0.535961493085	-61.0	50.7554563010	-0.000511086545885	0.000455752713606	-0.00361303729005
0.360794531405	-61.0	49.9280934079	-0.000590584240854	0.000297425605822	-0.00398516096175
0.577621659509	-61.0	49.5447866538	-0.000487859098939	0.000229631303228	-0.00415363069624
0.748975344187	-61.0	49.6296619446	-0.000408613675972	0.000247509975452	-0.00411491701379
0.624381390147	-61.0	49.9455872409	-0.000467283971375	0.000304271670757	-0.00397532107309
0.7491796768	-61.0	49.8059050058	-0.000408740335843	0.000280022708466	-0.00403669150546
1.45050237939	-61.0	50.8079128584	-7.3299583164e-05	0.000477006105939	-0.00358663825318
1.63681436368	-61.0	50.9729211613	1.78699428943e-05	0.000510631478392	-0.00351248960942
1.90455363177	-61.0	50.8950322431	0.00014507319429	0.000498454959597	-0.00354878348298
2.00682638615	-61.0	50.6855268036	0.000190372695215	0.000459586066427	-0.0036437981762
2.63544503758	-61.0	45.7720733092	0.000415958173107	-0.000399317825213	-0.00579293584451
2.98024839406	-61.0	46.1979237908	0.000565901689697	-0.000324944965541	-0.00561461877078
3.05826545099	-61.0	45.7583933626	0.00059554510517	-0.000397098658141	-0.00580361578614
2.80779235710	-61.0	45.6670239374	0.000488653662615	-0.000414780690335	-0.00583957042545
3.14502324691	-61.0	46.0024485189	0.000634497031569	-0.000355748372385	-0.00570053327829
2.59190497240	-61.0	45.9596357743	0.00039829488378	-0.00036879311665	-0.00571232521906
-2.87754315076	-61.0	46.8967167815	-0.00198409799486	-0.000286991824396	-0.00538911018521
-2.73805422894	-61.0	47.3154724362	-0.00193793035578	-0.000214537314605	-0.00520250806585
-2.74284858836	-61.0	47.1120183946	-0.00193278258666	-0.000248847238254	-0.00529091572389
-2.94702528575	-61.0	47.4525645309	-0.00203519500792	-0.000194826425286	-0.00515069626272
-3.17114018405	-61.0	47.2640655042	-0.0021267675329	-0.000230341698625	-0.00524123478681
4.62673890134	-61.0	54.2698416378	0.00164527213201	0.00117733993102	-0.00202064146288
4.96118768718	-61.0	53.9995863213	0.00179477280471	0.001120216446	-0.00216479995288
4.90607488332	-61.0	53.7549478818	0.00174856244121	0.00107136252336	-0.00228099385276
4.84015900736	-61.0	54.2367909650	0.00175167561974	0.00116905500181	-0.00204456946813
4.29360592932	-61.0	52.4566818780	0.00136021233629	0.000815201376099	-0.00287487497553
4.02326063682	-61.0	52.9394519125	0.00125366740394	0.000910302682314	-0.00264083361253
3.86713476584	-61.0	52.7332867694	0.00116486509796	0.000869152951054	-0.00273365038447
4.36106735092	-61.0	52.6842066914	0.00140640779864	0.000859868770931	-0.00277067511342
4.25367933062	-61.0	52.9165930241	0.00136694090907	0.000905744673219	-0.00265821930952
7.50871383225	-61.0	55.5878695116	0.00323285534978	0.00140716671012	-0.00152655225247
7.29712569984	-61.0	55.4986003492	0.00311645516194	0.00139283807948	-0.00155504664872
7.22847713231	-61.0	55.2370726568	0.00305236503482	0.00134296994656	-0.00168104388285
7.44070528924	-61.0	55.1026980597	0.00314302789047	0.00131444633007	-0.00176390598062
-8.79240417998	-61.0	48.4122484942	-0.00467859068885	-0.0001432957215	-0.00510159134865
-8.46915611602	-61.0	48.1166213694	-0.0045121810399	-0.000185083670658	-0.00520191667601
-8.90624925221	-61.0	47.9963727995	-0.00469488324597	-0.000212311162613	-0.00529289245605
-8.63242562126	-61.0	47.9267105389	-0.0045690392144	-0.000218616172788	-0.00529875606298
-8.91073095818	-61.0	48.2219048387	-0.00471518049017	-0.000176203146111	-0.00519517902285
2.12791983192	-61.0	66.5448171346	0.00101845536847	0.00373097229749	0.00635533453897
1.68828294122	-61.0	66.3576783630	0.000631554576103	0.00373778585345	0.00629411358386
2.00423476555	-61.0	66.7834203423	0.000924644002225	0.00376204098575	0.00654916651547
1.77107398154	-61.0	66.7547401728	0.000719738425687	0.00377047597431	0.00656786328182
1.61202436764	-61.0	66.5781595690	0.000572661461774	0.00376103492454	0.00646525900811
-5.33104793726	-61.0	57.2745179261	-0.00395691813901	0.00163719628472	-0.000595509889536
-5.54364792168	-61.0	57.3140132811	-0.00407620333135	0.0016323531745	-0.000589725270402
-5.72519693778	-61.0	57.1312042979	-0.00414677197114	0.00158207293134	-0.000704638892785
-5.65575078819	-61.0	56.8996272446	-0.00407780148089	0.0015370878391	-0.000825285329483
-5.30167251030	-61.0	57.0284557131	-0.00390748074278	0.00158577063121	-0.000728745420929
-5.92227972086	-61.0	58.9846643366	-0.00453611975536	0.00196367921308	0.000336447381414
-5.47862123488	-61.0	58.7829064685	-0.0042608412914	0.00195532408543	0.000258667801972
-5.65897397533	-61.0	58.6385695597	-0.00433699646965	0.00190997694153	0.000156751528266
-5.45127190204	-61.0	59.0256035591	-0.00428408617154	0.00201045023277	0.000406818144256
-5.89889806159	-61.0	58.7593835931	-0.00448686489835	0.00191751448438	0.000205112344702
2.07607134746	-61.0	67.6294872270	0.00104574812576	0.00385500956327	0.00713739078492
1.58168907958	-61.0	67.8043859095	0.000609328737482	0.00389328412712	0.00734367733821
2.01180961072	-61.0	67.9071489608	0.00101128581446	0.00389238772914	0.00734519166872
1.76564763010	-61.0	67.9828841597	0.000791964994278	0.00391014991328	0.00744119333103
1.87803196035	-61.0	67.5648779005	0.000862715474796	0.00385480280966	0.00712695997208
-9.50974077290	-61.0	49.3637432831	-0.0050799716264	-2.85867145067e-06	-0.00475280219689
-9.83315655490	-61.0	49.0790185308	-0.00519783282652	-5.55646875e-05	-0.00490940036252
-9.68787721818	-61.0	48.8868722482	-0.00511586526409	-8.37101179059e-05	-0.00497885840014
-9.47213861470	-61.0	48.9011312253	-0.00502142636105	-7.72336716182e-05	-0.00495155155659
-9.71215755401	-61.0	49.2802941016	-0.00516254687682	-2.05954365811e-05	-0.00480927620083
6.17676606088	-61.0	64.2970654973	0.00371428509243	0.00311041111127	0.00382368708961
6.62483930758	-61.0	64.4138612275	0.00400518672541	0.00309906783514	0.00380138191395
6.40247369444	-61.0	64.7444117180	0.00391585659236	0.00316484738141	0.0040656235069
6.44552507853	-61.0	64.2600651118	0.00387385324575	0.00308621348813	0.00374068808742
6.55374581535	-61.0	64.6263274502	0.00399248115718	0.00313682341948	0.00395475653931
-6.82150004315	-61.0	46.9722169829	-0.00370924454182	-0.000340600672644	-0.00556933833286
-6.28757008284	-61.0	47.2889643552	-0.00349607062526	-0.000280149281025	-0.00539538310841
-6.62681783714	-61.0	46.8320958806	-0.00361579935998	-0.000359850790119	-0.00561634963378
-6.37102973034	-61.0	47.0317478492	-0.00351675180718	-0.000323372951243	-0.00551247270778
6.79713456455	-61.0	48.3320521838	0.00228884723037	7.75811931817e-05	-0.00483042374253
6.80208112692	-61.0	47.9071636761	0.00226824358106	4.48375203632e-06	-0.0050146128051
6.62553646313	-61.0	47.9577234240	0.00219376152381	1.14233407658e-05	-0.00498258881271
6.92010016894	-61.0	48.1125162476	0.00233080843464	4.09516323998e-05	-0.00493284035474
6.48783389570	-61.0	48.1901931742	0.00214530783705	5.01480062667e-05	-0.00487433932722
4.41495977984	-61.0	60.9799944378	0.0022448846139	0.00266382400878	0.00182369025424
4.59191543507	-61.0	61.3485309934	0.00239602453075	0.00272454763763	0.0020619535353
4.29985382672	-61.0	61.4048967565	0.00222849147394	0.00276546459645	0.00212884554639
4.61690442686	-61.0	61.0724176825	0.00237608980387	0.0026647078339	0.00186976976693
-2.17881728064	-61.0	63.7286042523	-0.00277938344516	0.0034275832586	0.00417722249404
-2.41571776837	-61.0	63.3809585459	-0.00294535141438	0.00334068760276	0.00385366589762
-2.24015464530	-61.0	63.2195839499	-0.00280379061587	0.00334896985441	0.00373889319599
-2.01814608204	-61.0	63.5394075107	-0.00264600128867	0.00343257165514	0.00403751898557
-2.06055282743	-61.0	63.3165103389	-0.00266999099404	0.00339575274847	0.00384208792821
-0.289862825796	-61.0	65.3600117559	-0.00115912267938	0.00372665794566	0.00568628823385
-0.153848746793	-61.0	65.6349654319	-0.00103403569665	0.00373946968466	0.00589862698689
-0.561766940264	-61.0	65.3368280573	-0.001407141448	0.00371562456712	0.00565868988633
-0.641820725741	-61.0	65.5130103027	-0.00147945876233	0.00371852191165	0.00578995933756
-0.397159183772	-61.0	65.7670517892	-0.00125609117094	0.00373905734159	0.00599317019805
-10.5302632959	-61.0	50.5775558918	-0.00565787265077	0.00017288417439	-0.00432470906526
-10.2584532782	-61.0	50.6169847076	-0.00553923333064	0.000185820448678	-0.00427787611261
-10.1241237105	-61.0	50.8643617590	-0.00550438417122	0.000229977580602	-0.00415414664894
-10.2608542611	-61.0	51.0538579727	-0.00558665255085	0.000257924839389	-0.00408478919417
-10.6583408168	-61.0	50.7785146547	-0.0057371687144	0.000202679162612	-0.00425018789247
-3.26241722305	-61.0	63.7316736067	-0.00358257861808	0.00324662053026	0.0040120203048
-3.42507922523	-61.0	63.1131217818	-0.00364370527677	0.00312239839695	0.00349235278554
-3.18041504455	-61.0	63.4768190392	-0.00350591959432	0.00322176236659	0.0038214053493
-3.21617866704	-61.0	63.2479161628	-0.00351265142672	0.0031795669347	0.00363161112182
-3.66348175492	-61.0	63.1570843877	-0.00380818429403	0.00309183332138	0.00349014927633
2.20598049039	-61.0	56.4294639673	0.000476293964311	0.00167896132916	-0.000874082965311
2.15467728134	-61.0	56.0553553278	0.000428048893809	0.00159015180543	-0.00107021769509
2.37156520735	-61.0	55.9901457359	0.000547859235667	0.00157291500363	-0.00110550818499
2.13513420364	-61.0	56.2590286143	0.000426773709478	0.00163877464365	-0.000963599188253
2.48981779359	-61.0	56.1811935287	0.000625307147857	0.00161650951486	-0.00100670254324
2.39068295781	-61.0	56.3994949621	0.000581078231335	0.00166950619314	-0.000891008879989
8.31198762402	-61.0	56.4319193616	0.00374077470042	0.00155670486856	-0.00116832263302
8.47177255616	-61.0	55.9553300493	0.00375843024813	0.00146393233445	-0.00142600468826
8.16984149151	-61.0	56.0767647571	0.00362351979129	0.00149131356739	-0.00133606255986
8.58851125901	-61.0	56.1624596124	0.00384344346821	0.00150138197932	-0.00133277755231
8.29317540445	-61.0	55.9693770001	0.00367136183195	0.00146908138413	-0.0014019504888
8.20450456552	-61.0	56.2642962996	0.00366498250514	0.00152652733959	-0.00124379969202
8.50207847013	-61.0	56.4006344122	0.00383181893267	0.00154767674394	-0.00120304629672
-3.22479669661	-61.0	65.3442465299	-0.00365674658678	0.00346026266925	0.00527792051435
-3.04350497319	-61.0	64.8968460012	-0.0034924573265	0.00342928688042	0.00497238012031
-2.88375584797	-61.0	65.2234744482	-0.00338474870659	0.00348608219065	0.00525653921068
-3.22340365975	-61.0	65.0915703482	-0.00364049035124	0.00342991831712	0.00508552091196
-3.05926804001	-61.0	65.4078498518	-0.00353166810237	0.00348660419695	0.00536135258153
-2.90169318593	-61.0	65.0157230914	-0.00338915665634	0.00346092530526	0.0050927978009
7.57847728501	-61.0	54.3287710898	0.00312618608586	0.00116526160855	-0.00215402012691
7.21206588891	-61.0	54.2852059646	0.00294188410044	0.00115973874927	-0.0021484605968
7.18613455125	-61.0	54.5196197635	0.00295347953215	0.00120489450637	-0.00203245505691
7.42330909978	-61.0	54.2101932268	0.00303773046471	0.00114387797657	-0.00219992897473
7.40140265101	-61.0	54.6423507862	0.00307279243134	0.00122648128308	-0.0019879671745
7.62649903213	-61.0	54.5143132580	0.00316969375126	0.00120009481907	-0.00206749630161
-11.2497681054	-61.0	56.2078992289	-0.00674807745963	0.00110788678285	-0.00186409021262
-11.0728295110	-61.0	56.4079906433	-0.00669806543738	0.00115334556904	-0.00174049241468
-11.7575436170	-61.0	56.3804232376	-0.00702390819788	0.00111071416177	-0.00186846998986
-11.5569855109	-61.0	56.5471886976	-0.00695755565539	0.00115216744598	-0.00175591430161
-11.5490489677	-61.0	56.1785523863	-0.00688708340749	0.00108634494245	-0.00192693190183
12.0359930935	-61.0	56.6595344368	0.00561583274975	0.00155941292178	-0.00151981459931
12.0942380982	-61.0	56.0999591746	0.00555640738457	0.0014610477956	-0.00179834617302
11.8174533461	-61.0	56.3017396436	0.00545243360102	0.0014971406199	-0.00166057772003
12.1985033371	-61.0	56.5704950235	0.00568143557757	0.00154332967941	-0.00158769811969
12.2169459207	-61.0	56.3260315140	0.00565165514126	0.00150045880582	-0.00170824339148
11.9019380326	-61.0	56.5002833558	0.00552478479221	0.00153183541261	-0.0015769029269
-6.40599481440	-61.0	48.6346316239	-0.00363582023419	-5.92646138102e-05	-0.00481652235612
-6.08990454951	-61.0	48.3071723792	-0.00347315054387	-0.000108024731162	-0.00493893120438
-6.02527489894	-61.0	48.5650878782	-0.00346114556305	-6.32733572274e-05	-0.00482180155814
-6.37673844950	-61.0	48.3749811642	-0.00360517762601	-0.000102311569208	-0.00492827128619
-6.02539745411	-61.0	48.7562430602	-0.00347381620668	-3.08523012791e-05	-0.00473791686818
-1.96824076787	-61.0	50.5845121434	-0.00170256500132	0.000381735910196	-0.00373485684395
-2.33825600709	-61.0	50.2822001640	-0.00186617171858	0.000317854515743	-0.00388206262141
-2.28458275784	-61.0	50.7094349298	-0.00185747479554	0.000398958509322	-0.00368797616102
-2.38460744851	-61.0	50.4918502805	-0.00189625634812	0.000356024160283	-0.00378930941224
-2.02561318010	-61.0	50.4058890388	-0.00172342930455	0.000347074586898	-0.00381693290547
-2.14009470484	-61.0	50.3093964407	-0.00177395064384	0.000326821958879	-0.00386368669569
-10.8829943418	-61.0	56.2473230482	-0.00657820794731	0.00113412074279	-0.00178675923962
-10.7934468800	-61.0	56.0316984389	-0.00649822782725	0.0010996197816	-0.00187575002201
-10.9533838465	-61.0	55.8956211025	-0.00655212486163	0.00106707110535	-0.00196477700956
-11.3592137985	-61.0	56.0178847912	-0.00676769483835	0.00106793467421	-0.00197089044377
-11.1637907719	-61.0	55.8705584171	-0.00664881244302	0.00105186051223	-0.00200899480842
-9.35975355297	-61.0	56.6091385541	-0.00590241933241	0.00127653428353	-0.00138311693445
-8.89043425815	-61.0	56.8747672035	-0.0057168463245	0.00135077303275	-0.00118401716463
-9.36186836461	-61.0	56.8387827231	-0.00594241125509	0.00131952634547	-0.00126755365636
-8.91392388695	-61.0	56.6972421614	-0.00569882337004	0.00131582620088	-0.00127785978839
-9.10531094614	-61.0	56.6072602875	-0.00577776227146	0.00128902506549	-0.00134918838739
-9.11075262990	-61.0	56.9601518855	-0.00583985075355	0.00135542848147	-0.00117049866822
-8.45763568994	-61.0	57.0546867863	-0.00553259951994	0.00140830804594	-0.00103389460128
-8.02378848160	-61.0	57.1317771375	-0.00532855512574	0.00144717679359	-0.000938738230616
-8.43414606114	-61.0	57.2322118284	-0.00555064249784	0.00144384731539	-0.000938137585763
-8.23731731819	-61.0	56.9693021043	-0.00540878903121	0.00140378321521	-0.00105034967419
-8.2068661655	-61.0	57.3089079058	-0.00544975651428	0.00147142063361	-0.00086831394583
4.11014651877	-61.0	67.1454077292	0.00269693834707	0.00367440795526	0.0062993937172
4.16122229567	-61.0	67.4141175325	0.00278301653452	0.00370821985416	0.00646818941459
3.80729696025	-61.0	67.5485931588	0.00252109672874	0.00375170074403	0.00666474085301
3.71567552547	-61.0	67.3396845832	0.00241379905492	0.00372866634279	0.00654657464474
3.99828766529	-61.0	67.5317937776	0.00267336587422	0.00373644661158	0.00659734895453
3.88819256445	-61.0	67.1629256247	0.00252525461838	0.00369265046902	0.00637562060729
-10.3852691463	-61.0	53.5588690075	-0.00594044988975	0.000678617449012	-0.00297268433496
-10.1422144423	-61.0	53.6372928931	-0.00583702977747	0.000701380660757	-0.00290765170939
-10.4963109040	-61.0	54.0454237664	-0.00605719769374	0.000759143615142	-0.0027634287253
-10.2472096843	-61.0	53.9851703630	-0.00593212991953	0.000758438196499	-0.0027602466289
-10.5448783746	-61.0	53.7652525189	-0.00604223320261	0.00070839910768	-0.00289787352085
-10.1068013740	-61.0	53.8623545461	-0.00584990018979	0.00074227101868	-0.00279983365908
0.07188607002	-61.0	65.9345648568	-0.000826170202345	0.00375526817515	0.00612276466563
0.0240989734606	-61.0	66.3370585330	-0.000867682043463	0.00377774471417	0.00641940534115
0.238449422647	-61.0	66.1874185644	-0.000672115362249	0.00376906176098	0.00630578305572
-0.168844398179	-61.0	66.2677403211	-0.00104530330282	0.00377104734071	0.00636877771467
-0.171424366959	-61.0	66.0666512141	-0.00104852218647	0.00375925400294	0.00622094934806
-4.56451239138	-61.0	55.9824827422	-0.00338461459614	0.00139983289409	-0.00124231842346
-4.54465882909	-61.0	56.2501040368	-0.00340453325771	0.00145915395115	-0.00110014621168
-4.77090968951	-61.0	56.4149182210	-0.00354515807703	0.00148308032658	-0.00102553435136
-4.95192253528	-61.0	56.0330007083	-0.0035956162028	0.00139108730946	-0.00123862421606
9.72806022848	-61.0	60.8952449525	0.00516461208463	0.00235350616276	0.00105672667269
9.28930409850	-61.0	60.8142922373	0.00491774221882	0.00235177786089	0.00108611467294
9.41146875381	-61.0	60.5592048934	0.00493810931221	0.00230183452368	0.000921242171898
9.63722420611	-61.0	60.5672867052	0.00505852187052	0.0022968580015	0.000888193608262
9.52144673122	-61.0	60.9030889787	0.00505646318197	0.00236082426272	0.0010970387375
9.79283406802	-61.0	60.7102371005	0.00516583956778	0.00231841672212	0.000941704842262
9.48255575912	-61.0	61.9238399360	0.00521932961419	0.00254469038919	0.00168842985295
9.10011572577	-61.0	62.1602487370	0.00505393091589	0.00259917788208	0.00189936370589
9.31022459992	-61.0	62.2447605039	0.00518420757726	0.00260700657964	0.00190829182975
9.44754521648	-61.0	62.0969428684	0.00523206591606	0.00257645966485	0.00179545418359
9.06633173976	-61.0	61.9226231762	0.00499300705269	0.00255820457824	0.00176620332059
10.0664479740	-61.0	61.2400602867	0.00540706934407	0.00240620644763	0.00118943746202
10.4588305059	-61.0	61.4997926889	0.00566541636363	0.00244278158061	0.00125997432042
10.3120754856	-61.0	61.2577398755	0.00554114161059	0.00240320712328	0.00115344289225
10.1783365881	-61.0	61.5890930785	0.00553219811991	0.00246549677104	0.00136417907197
10.0000729685	-61.0	61.4174260739	0.00540454220027	0.00243960064836	0.00130147265736
6.15079378334	-61.0	45.7841877052	0.00189948047046	-0.000363869010471	-0.00588851748034
6.57029105395	-61.0	46.1308371209	0.0020878338255	-0.000301031366689	-0.00576318241656
6.65110252556	-61.0	45.8776770986	0.00211201561615	-0.000342955754604	-0.00587545335293
6.31204301980	-61.0	45.626135273	0.0019615618512	-0.000388860178646	-0.00596391223371
6.51885312793	-61.0	45.7319729579	0.00205141189508	-0.000368928944226	-0.00593001721427
6.20050398235	-61.0	45.9890464702	0.00192720827181	-0.000328804570017	-0.00580387795344
-5.00460036214	-61.0	44.9431947278	-0.00281792529859	-0.000633278337773	-0.00632983725518
-4.65930352829	-61.0	45.0181452009	-0.00267489883117	-0.000616723962594	-0.0062789185904
-4.93321432738	-61.0	44.7707921178	-0.0027797720395	-0.000658962351736	-0.00640002079308
-4.85058275931	-61.0	45.0726350928	-0.00275855138898	-0.000610964780208	-0.00626571336761
-4.75826125180	-61.0	44.6964864643	-0.00270248600282	-0.000668002525344	-0.00642245449126
-4.63721000117	-61.0	44.8462804409	-0.00265792780556	-0.000643132894766	-0.00635163858533
5.32473172425	-61.0	50.0208708426	0.00171751866583	0.000362882885383	-0.00401709927246
5.79691395232	-61.0	49.9520883329	0.00193010875955	0.000353748910129	-0.00406836811453
5.70432872141	-61.0	50.1614776687	0.00189942715224	0.000390760455048	-0.00397121161222
5.66072964322	-61.0	49.8041945556	0.00185983988922	0.000326321460307	-0.00412752246484
5.48211783023	-61.0	50.1749166831	0.00179800915066	0.000391752895666	-0.00395535305142
5.45275842024	-61.0	49.8653157449	0.00176810706034	0.000335786666255	-0.00409136712551
1.00418825686	-61.0	55.1245271467	-0.000249417324085	0.00137314433232	-0.00154439650942
0.554927550104	-61.0	55.0047062108	-0.000500281632412	0.00134184584022	-0.0016063611256
0.617643591409	-61.0	54.8022625356	-0.000466421857709	0.00129623862449	-0.00170679274015
0.788124029103	-61.0	54.7024341982	-0.000373488350306	0.00127526395954	-0.001755426405
1.01887152825	-61.0	54.8785987205	-0.000244816183113	0.00131697079632	-0.00166722165886
5.92043184808	-61.0	47.8594757126	0.0018807714805	-1.23080972116e-05	-0.00498823076487
6.32883988215	-61.0	47.8127837180	0.0020570573397	-1.64032317116e-05	-0.00502894679084
6.17876991445	-61.0	47.6998502351	0.00198639230803	-3.72763024643e-05	-0.00506987608969
6.19113731472	-61.0	48.0452534682	0.00200788234361	2.2316678951e-05	-0.00492133526132
6.03696711177	-61.0	47.7248735453	0.0019257189706	-3.4352295188e-05	-0.00505197839811
6.00653013436	-61.0	47.9906602931	0.00192437088117	1.11365570774e-05	-0.00493570836261
1.06849987882	-61.0	61.8430325091	2.99446182908e-05	0.00329272332601	0.00263243168592
0.587809356184	-61.0	61.5805840836	-0.000378580123652	0.00325578660704	0.00241414736956
0.823492350569	-61.0	61.9837833643	-0.000169313920196	0.00335273286328	0.00275654322468
0.61282317322	-61.0	61.8686155891	-0.000351128604962	0.00333719770424	0.00265913596377
7.37355891677	-61.0	46.7157967541	0.00245342031121	-0.00019264499133	-0.00556220440194
7.83637361977	-61.0	46.6722646038	0.00264779827558	-0.000194062187802	-0.00561238406226
7.68172381090	-61.0	46.5212371240	0.00257431343198	-0.000221654307097	-0.00566608645022
7.73731310392	-61.0	46.8727480891	0.00261642970145	-0.000161467600265	-0.00551964528859
7.53913351385	-61.0	46.8515763923	0.00253082741983	-0.000167568810866	-0.00551510974765
-1.01373647549	-61.0	44.2723203365	-0.0011117272079	-0.000683122198097	-0.00646090973169
-1.17770718404	-61.0	43.9799796876	-0.00117385678459	-0.000730539148208	-0.00658991001546
-0.7512388209	-61.0	43.8622830202	-0.000993400812149	-0.00074331468204	-0.00663045700639
-0.748635006595	-61.0	44.0297704443	-0.00099569093436	-0.000717417569831	-0.00655878055841
-0.823909000936	-61.0	44.1566021851	-0.00102975207847	-0.000698700780049	-0.00650615245104
-0.975905052701	-61.0	43.8440942297	-0.00108665949665	-0.00074892496923	-0.00664322217926
-11.3794619391	-61.0	52.2859338574	-0.00623950827867	0.000430255953688	-0.0036662328057
-11.5624773493	-61.0	52.1636770147	-0.00630829902366	0.000404860154958	-0.0037433069665
-11.5229634526	-61.0	51.9844904525	-0.0062683080323	0.000376869604224	-0.00381792569533
-11.3965506474	-61.0	51.8865182448	-0.00619873870164	0.000364485313185	-0.00384581461549
-11.1888665983	-61.0	52.1488827922	-0.00613536452875	0.000413437956013	-0.00370399560779
-11.2338557977	-61.0	51.9669267063	-0.00613403506577	0.000382233731216	-0.0037903606426
-0.846458811398	-61.0	66.5409416880	-0.00166619534139	0.00377050018869	0.0065412549302
-0.510085446492	-61.0	66.4782404255	-0.00135807716288	0.00377740059048	0.00651404447854
-0.776147777415	-61.0	66.7260343792	-0.00160280533601	0.00378821068443	0.00668025994673
-0.549014591667	-61.0	66.7055098954	-0.0013939444907	0.00379372993484	0.00667731417343
-0.691387424309	-61.0	66.4051320496	-0.00152410322335	0.00376629945822	0.00645201513544
11.8603246802	-61.0	54.6742336019	0.00523353507742	0.0012120208703	-0.00244065769948
11.7696842986	-61.0	54.2425330184	0.00513086188585	0.00113678909838	-0.0026299902238
12.0786157434	-61.0	54.5977955899	0.0053272144869	0.00119925197214	-0.00250618555583
12.0268731128	-61.0	54.2270195445	0.00525110494345	0.00113493937533	-0.00267150229774
12.1089546685	-61.0	54.3921322797	0.00531296059489	0.00116376613732	-0.00260607292876
0.52659883847	-61.0	67.9589199679	-0.000372478825739	0.00392920942977	0.00756348436698
1.07033416198	-61.0	67.8989906158	0.00013910861162	0.0039162999019	0.00747593678534
0.861113315757	-61.0	67.6752525838	-6.67556669214e-05	0.00389350601472	0.0073376041837
0.62630098143	-61.0	68.1497317238	-0.000270982884103	0.0039517628029	0.00769266812131
1.02246452208	-61.0	68.1140681888	0.000104826925963	0.00394331244752	0.00763340853155
0.618988973375	-61.0	67.7372909337	-0.000291926087812	0.00390301644802	0.00740035343915
0.841120111086	-61.0	68.1625153354	-6.5261257987e-05	0.00395160214975	0.00768502335995
2.17161630906	-61.0	45.5714157931	0.000218344750465	-0.000437351380242	-0.00587540492415
2.59625666604	-61.0	45.5053045091	0.000398291653255	-0.000443568074843	-0.00590653438121
2.35866778488	-61.0	45.3999785903	0.000297479331493	-0.000463311735075	-0.00594968255609
2.38036928135	-61.0	45.7979163459	0.00030748808058	-0.000397841620725	-0.00577980885282
-4.55507747019	-61.0	59.2994543954	-0.00382112408988	0.00214960309677	0.000648313143756
-4.59798481436	-61.0	59.0112943807	-0.00380234722979	0.00207935180515	0.000466776633402
-4.96760003050	-61.0	59.1781487069	-0.00403767172247	0.00208512623794	0.000541643414181
-4.74440039250	-61.0	59.3897328809	-0.00394354714081	0.002152887173	0.000690753979143
-4.82884325976	-61.0	59.0280823751	-0.0039361640811	0.00206330697984	0.000460367649794
1.26706302444	-61.0	63.2358011824	0.000237563974224	0.00354634970427	0.00384639552794
1.71065887875	-61.0	63.5411401405	0.00061090401141	0.00352269457653	0.00407298468053
1.58105083852	-61.0	63.1352188884	0.000496549357194	0.00348990270868	0.00373419723473
1.44897932490	-61.0	63.5986078543	0.00039596989518	0.00356474029832	0.00414853496477
1.78129444806	-61.0	63.3091215905	0.000662862730678	0.00348397530615	0.00386668299325
1.28729633814	-61.0	63.4543393879	0.000257838284597	0.0035699934233	0.00403713621199
-2.55373218426	-61.0	48.3450400208	-0.00189291185234	-3.48210560333e-05	-0.00474725756794
-2.78976493000	-61.0	48.3722208845	-0.00200010114349	-3.42381608789e-05	-0.00474368827417
-2.83308043634	-61.0	47.9383125357	-0.00200297613628	-0.000110065986519	-0.0049349614419
-2.46972113046	-61.0	48.1345119217	-0.00184771232307	-6.99689553585e-05	-0.00483649643138
-2.92401333424	-61.0	48.1921302013	-0.00205339211971	-6.78826399962e-05	-0.00482746912166
-2.61617890765	-61.0	47.9858880710	-0.00190794037189	-9.81591147138e-05	-0.00490642571822
-4.70793410439	-61.0	60.6781232401	-0.00412399182096	0.00244600768201	0.00153401482385
-4.34907955335	-61.0	60.8368117912	-0.00393594009802	0.00252313213423	0.00167752092239
-4.58851072929	-61.0	60.5291555964	-0.00403057551011	0.00242642057128	0.00144485582132
-4.35979847582	-61.0	60.6110333080	-0.00390790589154	0.00247100903653	0.00152114767116
-4.58416587720	-61.0	60.8623619880	-0.0040797162801	0.00250073219649	0.00167231180239
-9.85893149214	-61.0	60.2512342337	-0.00686411326751	0.00193404848687	0.00045240286272
-9.90129329440	-61.0	59.8674517119	-0.00680307112634	0.0018593511777	0.000233266197029
-9.64170004940	-61.0	59.8740432619	-0.00666948314756	0.00187663326506	0.000288051232928
-9.65843881909	-61.0	60.2595661153	-0.00676071178168	0.00194822624326	0.000497968983836
-9.94354000216	-61.0	60.0849890057	-0.00687212590128	0.00189761177171	0.000343635154422
-9.59241626572	-61.0	60.0789792917	-0.00668733473867	0.00191839120816	0.000410922104493
-8.44715286040	-61.0	60.0542491615	-0.00607984606177	0.0019898195751	0.000611771130934
-8.20646064061	-61.0	59.6359791253	-0.00587094854563	0.00192558194976	0.000412245979533
-8.59898278132	-61.0	59.6595169631	-0.00608147820458	0.00190333940554	0.000359713420039
-8.55027366513	-61.0	59.8793669292	-0.00609947321936	0.00194899085909	0.000493224069942
-8.19203382438	-61.0	59.8146724854	-0.00589790986851	0.00196135323495	0.000517428328749
-8.27380716231	-61.0	60.0322164947	-0.00598368234932	0.00199776771478	0.000629365502391
-2.43526080788	-61.0	44.4441471287	-0.00171342631802	-0.000675143732224	-0.00642840005457
-2.48236220775	-61.0	44.8965721449	-0.00174718932249	-0.000604992150329	-0.00623603584245
-2.57919204047	-61.0	44.6903369950	-0.00178171112202	-0.000638703582808	-0.00632790382951
-2.24052979441	-61.0	44.6553355908	-0.00163765216712	-0.000639549281914	-0.00633129430935
-2.32748304196	-61.0	44.8387350442	-0.00167984305881	-0.000611952214967	-0.00625555077568
5.40012960241	-61.0	66.6205917693	0.00354895368218	0.00350180943497	0.00555323809385
5.21909533071	-61.0	66.7402490538	0.00344592728652	0.00353222712874	0.00568785984069
5.57747855797	-61.0	66.8140194279	0.0037112289574	0.0035088127479	0.00562668265775
-5.66907756058	-61.0	65.8574587807	-0.00551196793094	0.00328536517918	0.00503441831097
-6.04058505649	-61.0	66.1706093993	-0.00583131797612	0.0033041916322	0.005144410301
-5.75298651678	-61.0	66.0839395135	-0.00561081757769	0.00331474025734	0.00516902422532
-6.02728284568	-61.0	65.9125788608	-0.0057734567672	0.00326263695024	0.0049693393521
-5.84737777790	-61.0	65.8047599965	-0.00562817696482	0.00326075544581	0.00494638178498
-8.39438514634	-61.0	62.3773226519	-0.00653304252774	0.00243441038765	0.00201048445888
-8.26710009339	-61.0	62.7690786973	-0.00654529593885	0.00251691439189	0.00228319410235
-8.40125724818	-61.0	62.5823847648	-0.00658134184778	0.00247193849646	0.0021354323253
-8.01164720763	-61.0	62.4976077485	-0.00634163385257	0.00248696445487	0.00217282865196
-8.19351841443	-61.0	62.3206014535	-0.00640753330663	0.00243950099684	0.00202118651941
-5.37319960374	-61.0	52.2023663814	-0.00342695903964	0.000603315595072	-0.00314515712671
-5.72552138759	-61.0	52.4465475296	-0.00361688411795	0.000638524477836	-0.00305385026149
-5.48458824457	-61.0	52.4219827130	-0.00349899381399	0.000641502207145	-0.00304981484078
-5.48621802523	-61.0	52.0493544293	-0.00346834422089	0.000571043929085	-0.00322313397191
-5.69552205739	-61.0	52.1504231877	-0.00357675878331	0.000583668705076	-0.00318964500912
-1.26810529087	-61.0	54.1420963447	-0.00147860136349	0.00111641979311	-0.00205518165603
-1.09956701948	-61.0	53.9003582522	-0.00138086720835	0.00106761814095	-0.00216933782212
-1.56062087891	-61.0	53.7417713900	-0.00161784421653	0.00102292967495	-0.00225568469614
-1.32130745986	-61.0	53.6491421226	-0.00148905534297	0.00100870977622	-0.00229502143338
-1.57372986757	-61.0	53.9616867850	-0.00163372349925	0.00106986868195	-0.00214955024421
-1.45172944681	-61.0	54.0809421946	-0.00157396891154	0.00109870824963	-0.00208883127198
-1.60714219928	-61.0	62.1834010762	-0.00224744644947	0.00327030126937	0.00289917853661
-1.17820240685	-61.0	62.0022524750	-0.00188958295621	0.00329284276813	0.00275913462974
-1.35771866227	-61.0	62.2444440010	-0.00205119326711	0.00332505512051	0.0029628414195
-1.46755290937	-61.0	61.8754351472	-0.00211461726576	0.00321748270653	0.00264233304188
-1.62067247890	-61.0	62.0049498302	-0.00224496098235	0.00322547624819	0.00274645048194
10.3966091423	-61.0	54.4623992409	0.00450452696532	0.0011752176797	-0.00235794833861
10.7684797333	-61.0	54.2109444225	0.00464991573244	0.00113010464702	-0.00251984037459
10.5179965493	-61.0	54.0940031695	0.0045156404376	0.00110952253453	-0.00254569831304
10.5427364602	-61.0	54.5530589505	0.0045862942934	0.00119105970953	-0.00233184848912
10.3584201372	-61.0	54.2856361994	0.00446369685233	0.00114377320278	-0.00243727583438
10.7089472042	-61.0	54.4358524314	0.0046506151557	0.00116995617282	-0.00240686698817
-4.31589936220	-61.0	57.0519496270	-0.00337569462135	0.00165040162392	-0.000654494098853
-4.30328429994	-61.0	56.5764950580	-0.00331198121421	0.00154423085041	-0.000912739255
-4.52953516037	-61.0	56.7413092422	-0.00345463934354	0.001568266307	-0.00083595502656
-4.51493637930	-61.0	56.9813193796	-0.00347624602728	0.00162261840887	-0.000704242789652
-4.1390833583	-61.0	56.9296873375	-0.00326333451085	0.00163309613708	-0.000712580396794
-4.07736224953	-61.0	56.7106888681	-0.00320376362652	0.00158688111696	-0.000828860735055
-8.75134965196	-61.0	61.0709369216	-0.00645103538409	0.00216251029633	0.00114625901915
-8.59747834585	-61.0	60.5759000130	-0.00626523885876	0.00207933061756	0.000886700698175
-8.77082404393	-61.0	60.5979326798	-0.00636242749169	0.00207133311778	0.00086616264889
-8.49705748236	-61.0	60.7882270320	-0.00625495845452	0.00212708185427	0.00103041203693
-8.85910307274	-61.0	60.8527785668	-0.00646304059774	0.00211356719956	0.000996767077595
-8.55793765730	-61.0	61.0272394363	-0.00633724965155	0.00216818018816	0.00115956261288
1.90517824829	-61.0	44.2638903940	0.000109013803012	-0.000650153087918	-0.0064321924001
2.41189431632	-61.0	44.1424807372	0.00032001369982	-0.000664209073875	-0.00648576626554
1.98511398424	-61.0	44.0129535774	0.000143254757859	-0.000688705360517	-0.00653920276091
2.32191464963	-61.0	44.3437348263	0.000282343040453	-0.000633343821391	-0.00639959797263
2.16779383897	-61.0	44.4409336992	0.000217922206502	-0.000619500235189	-0.00635749706998
2.20596217722	-61.0	44.0132295395	0.000234840204939	-0.000686468498316	-0.00653974758461
6.86186801642	-61.0	56.7095638829	0.00303960754536	0.00163926242385	-0.000898370693903
7.17733219967	-61.0	56.7715205311	0.00320952828042	0.00164446863346	-0.000890474824701
7.14846311203	-61.0	56.3189050037	0.00313856545836	0.00155578285921	-0.0011246582726
7.22479907579	-61.0	56.5137755477	0.00320148770697	0.00159264227841	-0.00102939095814
4.99493151716	-61.0	46.5878985654	0.00143486028537	-0.000238866297877	-0.0054960954003
4.73137521477	-61.0	46.4367203737	0.00131832680199	-0.000267017690931	-0.00555177312344
4.76175307179	-61.0	46.9518955211	0.00134483131114	-0.000179271955858	-0.00533203687519
4.91767826487	-61.0	46.8390498165	0.00140879245009	-0.000196940542082	-0.00538575882092
-9.24957609836	-61.0	53.8630770456	-0.00544699234888	0.000775334890932	-0.00269990321249
-9.18242076689	-61.0	54.3134393759	-0.00547388987616	0.000859525345732	-0.00248035625555
-8.94872888031	-61.0	53.8681243746	-0.00530563667417	0.000787796161603	-0.00266441423446
-8.99383727503	-61.0	54.2264468043	-0.00537300948054	0.000851243617944	-0.00250026886351
-8.90402951460	-61.0	54.0274329339	-0.00530472071841	0.000818499422166	-0.00258450745605
-9.30654435563	-61.0	54.1056316123	-0.00550524145365	0.000816876126919	-0.00259257713333
3.61433397960	-61.0	44.6692654302	0.000821127847303	-0.00056959525682	-0.00627634115517
4.11880912278	-61.0	44.6347066409	0.00103015755303	-0.000571049691644	-0.00630170619115
3.74896626601	-61.0	44.4645899708	0.000875393976457	-0.000601349689532	-0.00636584777385
3.98798405259	-61.0	44.8346432496	0.000978010357358	-0.000539732689504	-0.00621376885101
3.94067772910	-61.0	44.4886007067	0.000954937539063	-0.00059596291976	-0.00635964050889
-4.91852886894	-61.0	52.1017362185	-0.0032005328685	0.000597867765464	-0.00316503853537
-5.29760545027	-61.0	52.3662684145	-0.00340428436175	0.000636750366539	-0.00306422659196
-5.29923523093	-61.0	51.9936401307	-0.00337448599748	0.000566146511119	-0.00323741324246
-5.08757524911	-61.0	51.9423116241	-0.00326921604574	0.0005626877537	-0.0032485856209
-5.09368216628	-61.0	52.2792322785	-0.00329890404828	0.000626436143648	-0.00309260888025
-5.23766821685	-61.0	65.6523933337	-0.00517387595028	0.00329244392924	0.00500957062468
-5.50316907728	-61.0	65.5016702943	-0.00533740501851	0.00324310758151	0.00482957996428
-5.54763508831	-61.0	65.9740729967	-0.00544534949586	0.00331514514983	0.0051512052305
-5.34945044361	-61.0	65.8761736534	-0.00528778322041	0.00331745715812	0.00513803772628
-5.64202634943	-61.0	65.6948934797	-0.00546564208344	0.00326142506674	0.00492764404044
4.05520999481	-61.0	64.8301833406	0.00239607715048	0.00337218702771	0.00467909360304
3.76690242110	-61.0	64.4646071391	0.00217032292858	0.00335380923934	0.00447368947789
3.95951505235	-61.0	64.4123524281	0.00229869759642	0.00332548911683	0.00439388724044
4.11321863507	-61.0	64.5297198287	0.00241209194064	0.00332530261949	0.00444683153182
3.86071429105	-61.0	64.7802522037	0.00225739181042	0.00338539644144	0.00468695210293
3.76752053068	-61.0	64.6199169388	0.00218125293031	0.00337427831255	0.00458911713213
9.50779106946	-61.0	57.0909108813	0.00443091895431	0.00166099262424	-0.000960381759796
9.51231237072	-61.0	57.6120674909	0.00451067881659	0.00175734166987	-0.000691777793691
9.72018423122	-61.0	57.4823188288	0.00459552370012	0.00172986905091	-0.00078532245243
9.34445433632	-61.0	57.1451171705	0.00435711443424	0.00167363195214	-0.000912996125408
9.6331441731	-61.0	57.2543433182	0.00451771682128	0.00168923684396	-0.000891807081643
9.32731476997	-61.0	57.4094745938	0.00438733072951	0.00172304024454	-0.000774257641751
9.65094537754	-61.0	56.6378295196	0.0044365846552	0.00157534412574	-0.00120806251653
9.45915551345	-61.0	56.6536157805	0.00434361165389	0.00158081250265	-0.00117758021224
9.70366763060	-61.0	56.8364544643	0.00449143815786	0.00161120446865	-0.00111382361501
9.35889411374	-61.0	56.8918566114	0.0043277060613	0.00162639562041	-0.00104464485776
9.64758395052	-61.0	57.0010827590	0.00448754569516	0.00164231273811	-0.00102325598709
4.99011319400	-61.0	46.3093867229	0.00142535881605	-0.000286074733594	-0.0056150178425
5.42930023123	-61.0	46.2414397089	0.00160992529709	-0.000293444172712	-0.00566086778417
5.41876243643	-61.0	46.7183094533	0.00162009824999	-0.000212613304029	-0.00545656401664
5.53590388172	-61.0	46.4703250047	0.00166216678917	-0.000253631325904	-0.00556755997241
5.17641624410	-61.0	46.7117161657	0.00151611608453	-0.000216075699427	-0.00544978724793
-11.2914980562	-61.0	57.4643927382	-0.00700406357646	0.00133378605824	-0.00127019872889
-10.8336126495	-61.0	57.1472341335	-0.00671782018617	0.00130050186999	-0.00134357158095
-10.8017682862	-61.0	57.3910239016	-0.00674890680239	0.001346899895	-0.00121831218712
-11.0387959941	-61.0	57.5493079975	-0.00689650233835	0.00136318290606	-0.00118250446394
4.32593187704	-61.0	63.7632671053	0.00248967017978	0.00319058657624	0.00384114659391
4.58848205031	-61.0	63.8933778492	0.0026707907673	0.00318279489875	0.00388412433676
4.16177086089	-61.0	64.1013555581	0.00241057178937	0.00325929443352	0.00412215851247
4.31547444362	-61.0	64.2187229587	0.0025220552925	0.00325987674296	0.00417612632737
4.49956472204	-61.0	64.1023387983	0.00263259327039	0.00322362128645	0.00405307626352
-10.1621752329	-61.0	60.4360067659	-0.00706418091431	0.00194994162302	0.000490397913381
-10.0563226801	-61.0	60.6467945483	-0.00705573754385	0.00199584546499	0.000629483081866
-9.75131699075	-61.0	60.4414230790	-0.0068491329439	0.00197652564384	0.000580121704843
-10.0364181738	-61.0	60.2668459694	-0.006960561499	0.00192599440925	0.000424171885243
-9.85209051755	-61.0	60.5938019163	-0.00693592429161	0.00199872301891	0.000643860315904
-8.74794518978	-61.0	62.0052911246	-0.00665007764474	0.00233843922615	0.00170325872023
-8.87107424471	-61.0	61.5671921371	-0.0066224434413	0.00224746996537	0.00141411786899
-9.06710669431	-61.0	61.6038796693	-0.00673773046583	0.0022403919138	0.00139275717083
-8.94669385950	-61.0	62.0736070511	-0.00677552167326	0.00233667111024	0.00169884657953
-8.72370527541	-61.0	61.7702104629	-0.0065854950808	0.00229626055807	0.00156741694082
-9.11897806562	-61.0	61.8630454815	-0.00682376185432	0.00228514475748	0.00153405161109
-10.1836560512	-61.0	53.3837822075	-0.00582379847765	0.000655606563669	-0.00302866334096
-10.2526742456	-61.0	53.1295316887	-0.00582384690642	0.000609084730968	-0.0031526114326
-10.6404079298	-61.0	53.2521866956	-0.00601970683783	0.000616427452769	-0.0031429331284
-10.5061196278	-61.0	53.0677776771	-0.0059338635765	0.000589625211433	-0.0032103897538
-10.5863199836	-61.0	53.5117418334	-0.00602814462036	0.000662967038807	-0.00301855290309
-5.40806236786	-61.0	53.9635339016	-0.00360416807234	0.000943861261476	-0.00231097312644
-5.31470471529	-61.0	54.5318304572	-0.00361546059139	0.00106172764208	-0.00202604173683
-5.59246495319	-61.0	54.1654611515	-0.00371648953296	0.000976844341494	-0.00222463114187
-5.08790292156	-61.0	54.3128133262	-0.00347863556817	0.00102653028443	-0.00211999611929
-5.16883961179	-61.0	54.0323904115	-0.00349161052145	0.000966804742347	-0.00226235599257
2.32878533752	-61.0	49.5591598138	0.000321981671732	0.000253319798503	-0.00414835987613
1.87628333524	-61.0	49.6147920928	0.000113757319923	0.000258546526311	-0.00412076618522
2.27871828538	-61.0	49.7232201925	0.000301616935758	0.000282833934762	-0.0040753246285
2.04430043632	-61.0	49.7641590331	0.000193564759684	0.000287849805318	-0.00405548000708
2.18699526575	-61.0	49.4418387553	0.000254799582763	0.000230396661209	-0.00419904990122
2.98175506043	-61.0	50.7300082302	0.000654247298371	0.000476792803966	-0.00363443279639
2.88595724719	-61.0	50.9533134012	0.000615293625742	0.000518300978001	-0.00353231769986
2.53227259527	-61.0	50.7021684415	0.000440360774519	0.000467715872219	-0.00364089291543
2.77517702614	-61.0	50.5909003760	0.000552610668819	0.000448875623988	-0.00369390915148
2.65370717206	-61.0	50.9278614642	0.000503796036355	0.000511581776664	-0.00354062858969
3.22063586254	-61.0	49.5843807349	0.000733254652005	0.000266843038844	-0.00414891773835
2.81111450736	-61.0	49.4601283553	0.000542032707017	0.000240272391238	-0.00419742567465
2.86118155950	-61.0	49.2960679767	0.000561382737942	0.000211056772969	-0.00427040597424
3.28395350530	-61.0	49.4125400887	0.000757655070629	0.000236284628045	-0.00422586174682
3.11419378873	-61.0	49.2348575474	0.000675528368447	0.000202560127946	-0.0043011456728
3.01405968444	-61.0	49.5629783048	0.000637703808025	0.000260977249127	-0.00415495410562
-6.06733167115	-61.0	59.9253156270	-0.00477309431881	0.00215008668602	0.000893553369679
-5.66246324683	-61.0	60.2314877471	-0.00459928158671	0.00225123437122	0.00113541923929
-6.00276283373	-61.0	60.1534242033	-0.0047762892209	0.00220339279622	0.00104440213181
-5.81459728445	-61.0	59.8696384370	-0.00462363706902	0.00216070772149	0.000888773298357
-5.61920855422	-61.0	60.0124626091	-0.0045384443365	0.00220879842527	0.00100087781902
4.56484456026	-61.0	66.3312896052	0.00291165011004	0.00352952955291	0.00560675933957
4.18669608333	-61.0	66.0629835355	0.00260431109928	0.00352342869155	0.00552625767887
4.40035317530	-61.0	65.8256337808	0.00273038027808	0.00347438431345	0.00530200731009
4.35493834173	-61.0	66.2766358686	0.00275262002833	0.00353852985427	0.00562880281359
3.72201153814	-61.0	60.8496818618	0.00181017012801	0.00270374002866	0.00178102997597
3.56480594158	-61.0	61.3510677589	0.00177088740747	0.00283576268703	0.0021486482583
3.48724989464	-61.0	60.8016303623	0.00165889121126	0.00271724676713	0.00175958813634
3.38280475365	-61.0	61.2185336235	0.00164119375404	0.0028273537755	0.00206343643367
3.32341429638	-61.0	60.9973348777	0.00157842668705	0.00278221443295	0.00190650625154
6.56044396437	-61.0	53.5064300430	0.00254745548591	0.00101461703889	-0.00248083681799
6.18773587907	-61.0	53.6417529637	0.00237673218362	0.00104247068521	-0.00239489274099
6.46861179281	-61.0	53.9626938980	0.00254411646165	0.00110300723463	-0.0022565536201
6.33221711068	-61.0	53.4916776845	0.00243453658186	0.00101280014496	-0.0024746384006
6.24008637872	-61.0	53.8732385875	0.00242308084853	0.00108711177018	-0.00228657154366
6.58135586509	-61.0	53.7642841947	0.00258119381033	0.00106400682125	-0.00235878443345
5.99406199083	-61.0	54.6913112221	0.00237594801001	0.00125015724916	-0.00187369820196
5.69834255630	-61.0	55.0112911537	0.00225629447959	0.00131778500509	-0.00169902457856
5.87344143298	-61.0	55.0195822396	0.00234636152163	0.00131726579275	-0.00170394009911
5.80727935495	-61.0	54.6351954292	0.00227635540068	0.00124090106692	-0.00189160148147
5.68264563845	-61.0	54.8073576806	0.00222913036123	0.00127679517027	-0.00179996562656
5.98561142188	-61.0	54.8761724777	0.00238941609859	0.00128713890444	-0.0017815225292
5.50222351561	-61.0	45.1466146278	0.00161172356457	-0.000476342742331	-0.00612951861694
5.09929542188	-61.0	45.1522798305	0.00144475267734	-0.000478731701151	-0.00611149100587
5.19253352724	-61.0	45.3076547537	0.0014867822174	-0.0004522264353	-0.00604897830635
5.37822440513	-61.0	45.3722601501	0.00156555871945	-0.000439919589553	-0.00602873181924
5.28893239130	-61.0	44.9909845197	0.0015199938789	-0.000503798073623	-0.00618698494509
11.2441844369	-61.0	52.2758277459	0.00463753147051	0.000794946448877	-0.00346651254222
11.4136686061	-61.0	51.8750506558	0.00467000855133	0.000727898150217	-0.00366696924902
11.4943732951	-61.0	52.1020840492	0.00473329145461	0.000767190533224	-0.0035744686611
11.1078710574	-61.0	52.0501857418	0.00454865023494	0.000755321758334	-0.0035526487045
11.2241778816	-61.0	51.8979620464	0.00458521256223	0.000730209401809	-0.00363455759361
-5.23479881615	-61.0	46.6593586636	-0.00300116022117	-0.000364614679711	-0.00560313975438
-5.31151657591	-61.0	46.8010098773	-0.00304201082326	-0.000342885730788	-0.00554626947269
-5.20973417105	-61.0	46.9295242948	-0.00300450483337	-0.000320220482536	-0.00548478774726
-4.97573344146	-61.0	46.8625154304	-0.00289896456525	-0.000327224523062	-0.00550070730969
-5.00854813770	-61.0	46.7118304828	-0.00290553783998	-0.000352350703906	-0.0055677248165
1.66507736340	-61.0	45.6478722050	2.85947135126e-06	-0.000430581567343	-0.00584143074229
1.63241071117	-61.0	45.3885962253	-1.01740179161e-05	-0.000473230698844	-0.00595228699967
1.89771323505	-61.0	45.8049891694	0.000101746962173	-0.000402116595069	-0.00577451707795
2.10637474741	-61.0	45.3610405026	0.000190696693608	-0.000472395156976	-0.00596497533843
2.12807624388	-61.0	45.7589782582	0.000199951988179	-0.000407066632761	-0.00579501176253
1.84051716327	-61.0	45.2383802064	7.84299554653e-05	-0.000495236017741	-0.00601659854874
-3.64958402003	-61.0	55.7405348556	-0.00286829518154	0.0013904144289	-0.00132387538906
-3.21551060366	-61.0	56.0830967382	-0.00266273738816	0.00148754753172	-0.00112780369818
-3.23237707054	-61.0	55.8923331522	-0.00265473499894	0.00144324940629	-0.00122837326489
-3.39080480622	-61.0	55.7637185977	-0.00272985501215	0.00140717392787	-0.00130132213235
-3.47764689751	-61.0	56.1131960258	-0.0028103068471	0.00148217007518	-0.00112189853098
0.565022092004	-61.0	57.1870845455	-0.000481005379697	0.0018793680938	-0.000470890692668
0.739867765924	-61.0	56.8624736063	-0.000377749762265	0.00179491122253	-0.000645230407827
0.723761297747	-61.0	57.0988250411	-0.000384181708796	0.00185652682558	-0.000517788459547
0.399704583157	-61.0	57.0468849501	-0.000583845132496	0.00184123031795	-0.000548176467419
3.09582594394	-61.0	56.7394031131	0.00100753852166	0.0017381622456	-0.000716887356248
3.47155141521	-61.0	56.8283740546	0.001228082343	0.00175045966171	-0.000675168237649
3.32438995882	-61.0	56.6438081791	0.00112988520414	0.00171092106029	-0.00077190581942
3.25487060500	-61.0	57.1224004671	0.00112912792247	0.00182507338468	-0.000511026883032
3.47058482028	-61.0	57.0614944092	0.00124741718173	0.00180489686318	-0.000548226526007
3.11547592568	-61.0	56.9652774006	0.00103623152245	0.00179122108966	-0.000594842422288
2.00745399821	-61.0	57.3753379676	0.000410903594457	0.001917236601	-0.000361842336133
2.02816552496	-61.0	56.8751687316	0.000395808427129	0.00179037859198	-0.000635254371446
2.15474226816	-61.0	57.2046749184	0.000489576428663	0.00187092495617	-0.000456150359241
1.84720110009	-61.0	56.8826972892	0.000288838229608	0.00179462716915	-0.000630940601695
1.71993556554	-61.0	57.0873601882	0.000222274029511	0.00184800487477	-0.000520033296198
2.11332029630	-61.0	57.0249134090	0.00045446070726	0.00182646140456	-0.000554313475732
-5.05585895426	-61.0	60.8394436203	-0.00435259519145	0.00244221277535	0.00160554959439
-5.19473889275	-61.0	60.5410557483	-0.00438465317711	0.00236355583183	0.00139052106533
-4.78321563820	-61.0	60.5019461207	-0.00414030207321	0.00239883572794	0.00140788638964
-4.77887078611	-61.0	60.8351525124	-0.00419024704024	0.00247227097861	0.00163342023734
-4.95630507456	-61.0	60.4548458344	-0.00423332070932	0.00236989906989	0.00135906285141
0.420630301155	-61.0	58.8100647264	-0.000558920146432	0.00234385207295	0.000454349210486
0.695820314603	-61.0	59.1877199021	-0.000360852165613	0.00246011605486	0.000688365427777
0.260036072974	-61.0	59.1614269618	-0.000668599968776	0.0024545150809	0.000667859276291
0.702931921556	-61.0	58.9239885839	-0.000362634687917	0.0023772357963	0.000526047311723
0.288752954479	-61.0	58.9590113557	-0.000649127585348	0.00239020143636	0.000543503556401
-0.101590332431	-61.0	58.0402683812	-0.000906788860448	0.00210905401036	-8.33073102058e-07
-0.00871114673932	-61.0	57.6870756796	-0.000842147914227	0.00201033358462	-0.000199566144147
-0.442970586965	-61.0	57.7559536715	-0.00112146849278	0.00202111736871	-0.000164583630976
-0.291093366692	-61.0	57.6285564351	-0.00102127064019	0.00198908848688	-0.000234611114138
0.0564890018678	-61.0	57.9790930716	-0.000802907627076	0.00209378986619	-3.44262989529e-05
-0.309423693538	-61.0	57.9788363960	-0.00104114599526	0.00208731438033	-3.7467583752e-05
5.54804279094	-61.0	52.9777837379	0.00200892821886	0.000916137360036	-0.00267823715694
5.27982501467	-61.0	53.3426896898	0.0019042820204	0.00098801671993	-0.00249356403947
5.68279312136	-61.0	53.1862895806	0.00209089252166	0.000956202216912	-0.00258601270616
5.34731547979	-61.0	53.1185082736	0.00192091753706	0.000943927734625	-0.00260285707191
5.51583804635	-61.0	53.3722729074	0.00202322611585	0.000992982997559	-0.00248989393003
8.97443721477	-61.0	54.2108208182	0.00379068637267	0.00113473343663	-0.00232937023975
9.18212732123	-61.0	54.0381786126	0.00387043994851	0.00110235437751	-0.00243144459091
8.82155123557	-61.0	54.1078172883	0.00370515557006	0.00111653888598	-0.002364363987
9.17252786693	-61.0	53.8445682913	0.00384348584339	0.00106717669405	-0.00252232537605
8.96345646910	-61.0	53.7801514445	0.00373612856492	0.00105605530553	-0.00253316876478
8.77209476178	-61.0	53.9189351197	0.00365996151231	0.00108207936864	-0.00244985567406
1.19451753977	-61.0	46.4496557860	-0.000201801944058	-0.000303666107357	-0.00549836969003
1.46680690389	-61.0	46.6271334143	-8.44099267852e-05	-0.000270564807579	-0.00542145315558
1.43420712006	-61.0	46.0368570707	-9.70182736637e-05	-0.000369335437426	-0.0056749866344
1.66684299171	-61.0	46.1939740351	2.51315736932e-06	-0.000340519472957	-0.00560749555007
1.71686599059	-61.0	47.4586931247	2.5553339583e-05	-0.000126107319375	-0.00506285578012
1.29790161490	-61.0	47.8097173274	-0.000159080358571	-7.06171267666e-05	-0.0049107321538
1.46027352493	-61.0	47.2732376482	-8.76100530149e-05	-0.000161083444254	-0.0051428982988
1.13013152617	-61.0	47.6075693863	-0.000233324521105	-0.000107774729258	-0.00499885994941
2.88983919678	-61.0	48.1246814557	0.000551524513867	3.13592772727e-06	-0.0047829109244
3.10954142153	-61.0	48.2996963380	0.00065269699553	3.62037499144e-05	-0.00471000559628
2.80717702352	-61.0	48.6023505888	0.000522971793544	8.63444074639e-05	-0.00457379547879
2.63971418681	-61.0	48.4292195460	0.000444783800049	5.38792119187e-05	-0.00464732805267
2.71107132713	-61.0	48.2280658948	0.000473536609206	1.92683146452e-05	-0.00473573151976
-6.71983450849	-61.0	62.3063109045	-0.00556302210316	0.00256363279186	0.00232597207651
-6.86477292796	-61.0	61.8731557778	-0.0055662188679	0.00246770842932	0.00201372103766
-7.11794167843	-61.0	61.9639808004	-0.00572715932503	0.00246228277683	0.00202351342887
-6.99305140117	-61.0	62.3655287961	-0.00573181267828	0.00254947855137	0.00230946391821
12.0081626983	-61.0	57.2063915989	0.0056908163242	0.00165585649665	-0.00124878517818
11.7376114603	-61.0	57.6400465557	0.00562834646553	0.00173422554508	-0.000992206390947
11.9817758097	-61.0	57.7943630095	0.00577623816207	0.00175983458757	-0.000954392307904
12.1549913273	-61.0	57.3239017073	0.00578310666606	0.00167588423938	-0.00121435022447
11.8456734558	-61.0	57.2798689679	0.00562237482518	0.00166970642749	-0.00118738983292
10.6373870369	-61.0	57.2759083071	0.00502188643441	0.00167956808582	-0.00101246440317
10.9702562989	-61.0	56.9782039930	0.00514067383483	0.00162258022465	-0.00120792060625
10.6425015289	-61.0	57.0696226199	0.00499246641994	0.00164226116613	-0.00111696822569
10.7755086398	-61.0	56.9027845015	0.00503270188347	0.00161083822604	-0.00121858052444
4.66555225261	-61.0	52.0404750886	0.00151757651474	0.000735255889595	-0.00307982950471
4.69929346346	-61.0	51.5994601602	0.00150893302634	0.000651251757517	-0.00328339147381
5.09317561702	-61.0	52.0461448451	0.00172416726127	0.000737188383937	-0.00309302774258
4.96671738326	-61.0	51.5917393670	0.0016361719463	0.000650705362204	-0.00329660787247
4.87744326696	-61.0	52.0744971045	0.00162193214055	0.000742216478102	-0.00307170604356
5.10725293873	-61.0	56.8661448760	0.00213428516872	0.00171585276257	-0.000707647064701
5.30794627717	-61.0	56.6411830069	0.00221761409193	0.00166260602418	-0.000837978441268
4.78130316436	-61.0	56.5719133501	0.0019277643878	0.00166074361186	-0.000851656834129
4.95495946398	-61.0	56.4166606060	0.00200550584123	0.00162317801733	-0.000941347738262
-9.82065912662	-61.0	51.8644884117	-0.00547446170822	0.000406182312872	-0.00367609853856
-9.93415258261	-61.0	51.6088656228	-0.00549813499674	0.000359583762474	-0.00380268273875
-10.4003656418	-61.0	51.8512693687	-0.0057389237918	0.000387044128729	-0.00374519382603
-10.2104941164	-61.0	52.1301819097	-0.00568391988054	0.000439648079919	-0.00359917851165
-10.1455832498	-61.0	51.5578097398	-0.00558921182528	0.000345060398104	-0.00384818552993
-10.3220517956	-61.0	55.3482332076	-0.00616280781105	0.000998530769721	-0.00213253125548
-10.5116915526	-61.0	55.7685388952	-0.0063196211122	0.00106572546065	-0.00195927429013
-10.6716285190	-61.0	55.6324615588	-0.00637416122481	0.0010334973922	-0.00204723374918
-10.2856318730	-61.0	55.6225443804	-0.00618814956397	0.00104990694672	-0.0019967360422
-10.7305013713	-61.0	55.4501831902	-0.00637326948345	0.000997931230813	-0.00214180001058
-6.74161581983	-61.0	63.6743324770	-0.00582812353969	0.00281304866076	0.00323749147356
-6.34339587530	-61.0	63.5112135972	-0.00555541273206	0.00282209622674	0.00322032556869
-6.49919573582	-61.0	64.0161909719	-0.00574134569615	0.00289661996067	0.00352955562994
-6.22906493039	-61.0	63.8735742328	-0.00554772187024	0.00289776665159	0.00349727808498
-6.57407017759	-61.0	63.5575826036	-0.00570448907092	0.00280796154402	0.00319830235094
-2.57650017052	-61.0	60.0439710466	-0.00271549355239	0.00254324777052	0.00122684740927
-2.31056316797	-61.0	60.1462891925	-0.00255120708607	0.00260333972983	0.00130215508398
-2.05976144784	-61.0	59.7979376671	-0.00234122457914	0.00252907536924	0.00106853875332
-2.22028716329	-61.0	59.6508953177	-0.00243232469074	0.00246997131035	0.000969315355178
-4.59873607124	-61.0	66.7752818601	-0.00486190151423	0.0035231038928	0.00598934711888
-4.29221520605	-61.0	67.1162370306	-0.0046672783792	0.0035993612837	0.0063175149262
-4.14365146032	-61.0	66.6507731373	-0.00448867818341	0.00354330334812	0.00602306518704
-4.35082425505	-61.0	66.5549509183	-0.00463919946924	0.00351140508428	0.00589901069179
-4.09960470320	-61.0	66.9091296759	-0.00448514753953	0.00358436093666	0.00622073747218
7.42302181491	-61.0	47.5505614287	0.00251866364852	-5.00145542901e-05	-0.00520721450448
7.08538525371	-61.0	47.6779849333	0.00237938761711	-3.19080791087e-05	-0.00513063976541
7.43713209678	-61.0	47.8076184486	0.00253928429447	-5.96098379901e-06	-0.00509732868522
7.20340429572	-61.0	47.8833375047	0.00244188727811	4.49445997219e-06	-0.00504945358261
2.82072582224	-61.0	66.2505150948	0.00157633749768	0.00365405273624	0.00600131740794
2.68255228580	-61.0	66.5425377110	0.00148393237032	0.00369609915651	0.00624198792502
3.23087066930	-61.0	66.7042121432	0.00194397661835	0.00367800099775	0.00622955849394
3.25437451366	-61.0	66.4639372070	0.00193952466361	0.003646844998	0.0060530253686
2.77145913143	-61.0	66.7606251124	0.00157427031081	0.00371526693925	0.00637823482975
2.51211671722	-61.0	67.6850419756	0.00143858056981	0.00384331983514	0.00708900671452
2.95804861438	-61.0	67.8355029766	0.00184660684317	0.00384151982144	0.00709146913141
2.44785498048	-61.0	67.9627037093	0.00141099840403	0.00388261745684	0.00729793915525
7.29492701006	-61.0	61.4657106096	0.00394870899618	0.00255203689449	0.00179265008774
6.71900251140	-61.0	61.2213834613	0.00359351979569	0.00253837415949	0.00172431149986
7.24415922879	-61.0	61.1687630372	0.00387495243922	0.00249964022078	0.00161700078752
6.83522296739	-61.0	61.0324965236	0.00362959946506	0.0024959819857	0.001590239699
5.81775238176	-61.0	65.7960130897	0.00369156803936	0.00336029636674	0.00489268824458
5.45538593931	-61.0	66.0195351154	0.00348375109024	0.00341843534261	0.00513911806047
5.32312054380	-61.0	65.4912936327	0.00332197337411	0.00335394311696	0.00482320273295
5.64897931269	-61.0	65.9533179711	0.00360346282832	0.00339469732717	0.00504141906276
-10.5630426516	-61.0	50.1012301168	-0.00562310079113	9.46308355196e-05	-0.00453795306385
-10.4101303379	-61.0	50.3502625660	-0.00557996146381	0.000138550123665	-0.00441180635244
-10.8100178765	-61.0	50.5117925130	-0.00577707588673	0.000155666435603	-0.00438476586714
-4.07009246788	-61.0	53.1269118324	-0.0028641698882	0.000823844166007	-0.00263879518025
-3.64689519692	-61.0	53.5187722200	-0.00268081645481	0.000916648423299	-0.0024318525102
-4.00767148853	-61.0	53.5903520057	-0.00286872149445	0.0009193715523	-0.00241375667974
-3.77985729422	-61.0	53.0807020506	-0.00271596782841	0.000823661335744	-0.0026472825557
-3.81131449822	-61.0	53.5925561111	-0.00276961596683	0.000926368113142	-0.00240360060707
10.4684787560	-61.0	58.9082814962	0.00520240236074	0.00197737268172	-0.000146386417327
10.4214921943	-61.0	58.5157533541	0.00511278444901	0.00190708460286	-0.000345152773662
10.5614708870	-61.0	58.6680460008	0.00520919309929	0.00193233205937	-0.00028667569859
11.5567503887	-61.0	59.0692320841	0.0057850535959	0.0019900125917	-0.000239516797592
11.6070974467	-61.0	59.5922796633	0.00590632716194	0.00208242400549	2.19962093979e-05
11.7432989252	-61.0	59.2082643637	0.00590544613078	0.00201256992295	-0.000200332709937
11.4178116807	-61.0	59.4550017453	0.00578384939581	0.00206050137058	-1.5968342268e-05
11.7320319025	-61.0	59.4070235563	0.00593619560823	0.00204798695631	-9.60900797509e-05
0.141439302662	-61.0	44.0666868402	-0.000624667329248	-0.000700766162481	-0.00652742758393
-0.345217818767	-61.0	43.8555312827	-0.000824110931717	-0.000739350158256	-0.00662537757307
0.0655268751996	-61.0	43.8463594046	-0.000652964867186	-0.000735813460778	-0.00662260968238
-0.342614004461	-61.0	44.0230187068	-0.000826004601549	-0.000713419634849	-0.00655375048518
-0.261921933546	-61.0	44.1452682390	-0.00079443474533	-0.000693442532793	-0.00650009419769
-0.129387473033	-61.0	43.8016920876	-0.000733348308131	-0.000745034951251	-0.00664469506592
-0.0705588914989	-61.0	45.2045683573	-0.000731211213861	-0.000523623079062	-0.00604401761666
0.0490991838537	-61.0	45.4742124856	-0.00068432133412	-0.000478620349895	-0.00592681812122
0.367052053765	-61.0	45.2794132685	-0.000546406721696	-0.000506053736899	-0.00600626366213
0.299376170529	-61.0	45.0906130109	-0.000572697026655	-0.000537232495844	-0.00608782656491
7.21325756936	-61.0	59.6176758346	0.00362285040319	0.00220488663763	0.000688204017933
7.15963382113	-61.0	59.2339202414	0.00353768258356	0.00213206186891	0.000470636761747
7.45342810553	-61.0	59.5912453122	0.00374689116143	0.00218978524208	0.00064482545713
7.02588058630	-61.0	59.5104674877	0.00350681063719	0.00219198339619	0.000646264408715
7.58045398557	-61.0	59.3570142120	0.00377904064953	0.00213957205415	0.000494473380968
-4.33073323956	-61.0	48.4597060007	-0.00269640423357	-4.76760105812e-05	-0.00477145193145
-4.0624333796	-61.0	48.3421017873	-0.00257016462274	-6.2799474108e-05	-0.00481001893058
-3.89720182473	-61.0	48.7854795562	-0.00251772906631	1.7226442651e-05	-0.00460766674951
-4.28468126762	-61.0	48.1682658700	-0.00266085052863	-9.67819287325e-05	-0.0048968042247
-4.82510063434	-61.0	48.3990901253	-0.00291459448636	-6.76552808727e-05	-0.0048235761933
-4.76509025157	-61.0	48.1068222081	-0.0028717557434	-0.000116270901344	-0.0049482579343
-4.15171658810	-61.0	65.7921546176	-0.00439902860671	0.00341993710026	0.00539614399895
-3.63540150673	-61.0	65.7105759761	-0.00399901065975	0.00346156186424	0.00546101946384
-3.91652618353	-61.0	66.1794050364	-0.00425886176527	0.0034969584085	0.00573881808668
-4.12369897827	-61.0	66.0835828174	-0.00440872414038	0.00346397934482	0.00561659829691
-3.63235469550	-61.0	65.9171534987	-0.00401370134205	0.00348896929063	0.00561501132324
-3.78682407873	-61.0	65.6190699627	-0.00410699378699	0.00343355047517	0.00535724265501
8.27325653519	-61.0	50.4364373121	0.00309233530425	0.00045609640074	-0.00400658743456
7.88061937249	-61.0	50.6747387024	0.00293223629706	0.000495526532177	-0.00387104437687
8.09392331456	-61.0	50.2037885678	0.002992447	0.000414083449868	-0.00409634085372
7.72765578486	-61.0	50.4441234453	0.00284438556992	0.000453820830444	-0.00396299548447
8.44469211996	-61.0	51.4408983388	0.00325637147762	0.000634274387266	-0.00356968166307
8.62880957740	-61.0	51.7137244291	0.00336653296836	0.00068352301605	-0.00346107385121
8.97444443621	-61.0	51.3219365446	0.00348995649256	0.000615826109424	-0.00366743071936
5.62728109334	-61.0	48.5799752736	0.00178390438668	0.000109851731395	-0.00466250721365
5.95763577092	-61.0	48.6486770889	0.00193404394668	0.000124791229609	-0.00464792875573
5.67460138926	-61.0	48.3608253793	0.0017949428875	7.21172764315e-05	-0.00475982762873
5.74812911647	-61.0	48.7529771968	0.00184583617374	0.000141153417644	-0.00459263613448
6.04669998768	-61.0	48.3698578870	0.00195989478379	7.71121485741e-05	-0.00477344635874
5.86209280731	-61.0	48.3152647119	0.00187575211748	6.59404686303e-05	-0.00478821573779
-4.98913183832	-61.0	47.6641987902	-0.0029471067246	-0.00019494521257	-0.00515345018357
-5.13274920193	-61.0	47.2339900479	-0.00298709608614	-0.000268920819508	-0.00534843374044
-5.22982132192	-61.0	47.4018735390	-0.00303881336004	-0.000242894879193	-0.00528104789555
-5.14694871984	-61.0	47.5444222428	-0.003010177752	-0.000217765904381	-0.0052143749781
-4.89874847234	-61.0	47.1669811834	-0.00288101984188	-0.000275911064819	-0.00536456052214
-0.920890183952	-61.0	58.7280151156	-0.00147612008732	0.002288143849	0.000396395276766
-0.933459275533	-61.0	59.0318164171	-0.00150193064474	0.00238049728796	0.000581484404393
-0.666318745427	-61.0	59.1037649036	-0.0013202324044	0.00241535506211	0.00062686012825
-1.20919290136	-61.0	60.1261160462	-0.00177388824522	0.00271323928609	0.00129512441345
-0.812512829908	-61.0	60.2104003484	-0.00148484262172	0.00277229747735	0.00135392777156
-1.22335602342	-61.0	60.3838857435	-0.00180514901876	0.00279641756788	0.00147670740262
-0.958093328598	-61.0	60.4599241763	-0.0016110119177	0.00284562120214	0.00153179396875
1.46367297077	-61.0	60.5816067742	0.000265335023869	0.00287424959242	0.00163453584537
1.20298487914	-61.0	60.5545992269	6.90584711265e-05	0.00288677681237	0.00161282590125
1.54063023712	-61.0	60.9931788467	0.000352302391548	0.00299475854263	0.00194207113236
-7.61921141655	-61.0	60.3593227207	-0.00569718610495	0.00210987660103	0.000933676899876
-7.24200063027	-61.0	60.5915730515	-0.00553651666269	0.00218546180986	0.00113713787869
-7.51391495137	-61.0	60.7295826780	-0.00571097945794	0.00219054124318	0.00117570359726
-7.35783408156	-61.0	60.2937077767	-0.00554360309616	0.00211736885831	0.000936911907047
-6.72755042719	-61.0	61.3768534808	-0.00539724668488	0.00238413410261	0.00171748467255
-6.82949111960	-61.0	60.9081081528	-0.00536834588274	0.00228280993178	0.00140160613228
-6.53851682876	-61.0	60.9238864034	-0.00520940404385	0.0023118390236	0.00145812879782
-6.53531336674	-61.0	61.3196659321	-0.00527868280187	0.0023906044662	0.00171324214898
-6.41514364830	-61.0	61.1771137068	-0.00518551003188	0.00237363157794	0.00164056895301
-7.49710605236	-61.0	61.6255791512	-0.00587531132624	0.00236504385248	0.00173384230584
-7.72056587209	-61.0	61.7020663493	-0.00601512473077	0.00236111483537	0.00173737877049
-7.85595952506	-61.0	61.2917002414	-0.00600819429383	0.00227191811427	0.00145692576189
-7.61779231540	-61.0	61.2040184271	-0.00585977500305	0.00227416795678	0.00144827424083
-6.28864514645	-61.0	62.6352864951	-0.00536984438077	0.00266740727238	0.00263299024664
-6.14937994652	-61.0	63.0398719956	-0.00535644358024	0.00275632599369	0.00293873762712
-5.84895966191	-61.0	62.9602829006	-0.00516193686053	0.00277327746153	0.00294585991651
-6.04748601465	-61.0	62.5173198116	-0.00520706549287	0.00266994559206	0.00259991595522
-5.51463004364	-61.0	53.4041812575	-0.0036023654975	0.000829672033433	-0.00258767860942
-5.31719707170	-61.0	53.2133817522	-0.00348776089959	0.000799376226496	-0.00266622984782
-5.72846439327	-61.0	52.8752457766	-0.00365701760165	0.000719992094673	-0.00285293767229
-5.48753125025	-61.0	52.8506809601	-0.00353803439066	0.000723341130652	-0.00284885335714
-4.67418004407	-61.0	51.1905633935	-0.00301749189384	0.0004332504177	-0.00357050821185
-4.32850617125	-61.0	51.6009788769	-0.00288107176311	0.000519406574313	-0.00336474948563
-4.61403330720	-61.0	51.7586300423	-0.00302876764908	0.000541456975043	-0.00330698559992
-4.46609604804	-61.0	51.2267890499	-0.00292144715786	0.000445410725661	-0.0035430570133
-4.78307968738	-61.0	51.5992054479	-0.00309800705872	0.000506696407683	-0.00338946469128
6.40204089135	-61.0	57.6102620562	0.00291289994493	0.00183350860607	-0.000378875382012
6.21250211911	-61.0	57.8090405749	0.00283788447268	0.00188048172276	-0.000255030405242
6.48138382288	-61.0	58.1326205645	0.00302315154113	0.00193749263417	-9.45647698245e-05
6.83481634903	-61.0	57.7457555226	0.00315821170807	0.00184757052921	-0.000338403275236
7.03169359491	-61.0	64.0298420274	0.00419281702489	0.00301308650523	0.00346597889438
7.50469843511	-61.0	63.7847669604	0.00443301768973	0.00294728716835	0.00321028078906
6.98793385866	-61.0	63.5942428845	0.00410079862922	0.00294389203191	0.00319543574005
7.21598822323	-61.0	63.4816698155	0.00421679951251	0.00291201495565	0.00307736964896
7.44860593896	-61.0	63.5069238297	0.00435585668311	0.00290374015458	0.00304635055363
6.85237936587	-61.0	63.8760459117	0.00406302325428	0.00299854599871	0.00340480892919
-0.88037311346	-61.0	51.6237056187	-0.00120819115546	0.000602439278737	-0.00323653407395
-1.15869519589	-61.0	51.7411796455	-0.00134780665394	0.000620504491962	-0.00318812415935
-0.952996773619	-61.0	52.1778215003	-0.00125724391546	0.000711422006134	-0.00298226554878
3.96449503451	-61.0	58.1449136840	0.0016363899922	0.00204249774106	5.07789409312e-05
3.78050464362	-61.0	58.3725812727	0.00155418436043	0.00210488797165	0.000189020618564
3.6177511148	-61.0	57.9088604096	0.00141113577411	0.00200093979947	-7.66104567447e-05
3.46338114334	-61.0	58.1587016465	0.00134579022415	0.00206763902679	7.09110172465e-05
-0.925879592972	-61.0	68.0254648289	-0.00175868987571	0.00391918420792	0.00760231539607
-0.807356375256	-61.0	68.2635975893	-0.00165005517192	0.00395189179108	0.00778011232615
-1.28359951448	-61.0	68.2031073574	-0.00210446980782	0.00393008813262	0.00769905699417
-1.15129743175	-61.0	68.0425457814	-0.0019733295776	0.00391435390338	0.00759660452604
7.45003862768	-61.0	51.6228924928	0.00280986353755	0.000663359591272	-0.00341347628273
7.65725422375	-61.0	51.1369432164	0.00286646396853	0.000576606602408	-0.00364776607603
7.84211044312	-61.0	51.4081034932	0.00297442893498	0.000625954708084	-0.00353851099499
-4.10187415143	-61.0	55.6796255274	-0.00310547905974	0.00135624769609	-0.00137602095492
-4.11894937335	-61.0	55.3956447116	-0.00308602489531	0.00129377981648	-0.00152310659178
-3.59856916739	-61.0	55.5773357947	-0.00282537424937	0.00135645980481	-0.00140615110286
-4.14598687991	-61.0	59.8350470983	-0.00366303836927	0.00231472915038	0.00101866642945
-3.66614769694	-61.0	59.8314061978	-0.00337453535758	0.00236488250084	0.00104452925734
-4.14980795139	-61.0	59.5519340887	-0.00362304528244	0.00224723736756	0.000835259619635
-3.71758960170	-61.0	59.5208167112	-0.00336107844487	0.00228273915127	0.00083956081653
-1.56212696760	-61.0	46.3939034441	-0.00139549793676	-0.000350290007191	-0.00556418811902
-1.13304073008	-61.0	46.4362515568	-0.00121033703908	-0.000337064091582	-0.00553525891155
-1.50986290437	-61.0	46.1214933524	-0.00136595766526	-0.000394377624616	-0.00568013591692
-1.08477986620	-61.0	46.1666501357	-0.00118345592637	-0.000380905199563	-0.00565025210381
-7.31433095621	-61.0	48.5959793126	-0.00403783097863	-8.41974688228e-05	-0.0048988959752
-7.71101074147	-61.0	48.4278697107	-0.00420131161809	-0.000119906260807	-0.00500329118222
-7.5993246543	-61.0	48.2000457266	-0.00413479004055	-0.000155169720529	-0.0050938995555
-7.57896109880	-61.0	48.5724483297	-0.00415369961411	-9.34249183047e-05	-0.00492965523154
-7.40354539814	-61.0	48.2194597058	-0.00404965924099	-0.000148225110024	-0.00507024722174
7.81299851781	-61.0	62.8715842872	0.00446150591597	0.00277687609196	0.00257592555135
7.55440471958	-61.0	62.5190330865	0.00425863778219	0.00272815604694	0.00240467023104
7.30851818397	-61.0	62.6370377948	0.00413848599419	0.00276191299781	0.0025234494824
7.38323305417	-61.0	63.0167711049	0.00424054125324	0.00282380403951	0.0027494058013
7.61585076990	-61.0	63.0420251191	0.00437735719606	0.00281602609903	0.00272039580159
0.528600069948	-61.0	54.0605779219	-0.000516838161275	0.00112991954666	-0.00207124650478
0.394200390263	-61.0	54.4449432392	-0.000589116360061	0.00121327501256	-0.00188455427997
0.564680827958	-61.0	54.3451149018	-0.000496903259773	0.00119303492829	-0.00193235836923
0.227589253889	-61.0	54.0109241265	-0.000677408766933	0.0011152602965	-0.00209755147807
7.95545810086	-61.0	53.0968630712	0.00318206171505	0.000933218514547	-0.00276970537379
8.19618258714	-61.0	52.6343932248	0.00325120124035	0.000848312338348	-0.00300397258252
8.34436655102	-61.0	52.9409802695	0.00335164251737	0.000904141110368	-0.00287343002856
8.32478663513	-61.0	52.8026357939	0.00332854106091	0.000878939405084	-0.00293621700257
7.24134550775	-61.0	52.1121733964	0.00275276135653	0.000752184307203	-0.00317574851215
7.05353424066	-61.0	51.8476763736	0.00264238007367	0.000703355879523	-0.00328488158993
5.75806704313	-61.0	45.8456870641	0.00173689797521	-0.000357232493116	-0.00584367290139
5.81371858571	-61.0	45.3880824196	0.00174707139377	-0.000433480017819	-0.00604062667117
6.07245235666	-61.0	45.5110071928	0.00185816828161	-0.000410528824432	-0.00600067898631
5.96091331921	-61.0	45.8739183900	0.00182284985203	-0.000350571121089	-0.00584107078612
5.68971947523	-61.0	45.6137279419	0.00170163740404	-0.000396846560761	-0.00593925407156
7.33232993592	-61.0	55.7375037305	0.00316197006032	0.00143877440132	-0.00143703934737
7.75436656311	-61.0	55.9059768160	0.0033941862639	0.00146492873318	-0.00138589832932
7.41083034042	-61.0	55.9802530930	0.00323048024438	0.0014847839484	-0.00131967058405
7.60911667752	-61.0	56.0402394854	0.00333771645091	0.00149315490853	-0.00130527024157
5.77264028144	-61.0	52.5225792405	0.00208427943289	0.000828472722787	-0.00290200626478
5.46296986681	-61.0	52.5021999366	0.00193302135449	0.000824650051072	-0.00289719458669
5.74890471468	-61.0	52.9723247849	0.00210664188489	0.000914668024052	-0.00269023794681
5.41342707312	-61.0	52.9045434779	0.00193766516168	0.000902203086298	-0.00270668859594
9.87998665243	-61.0	50.1946272059	0.0037988757249	0.00042770447908	-0.00425239792094
10.0134001327	-61.0	49.9253010852	0.00383447436616	0.000383329461329	-0.00438401289284
10.3817766491	-61.0	50.0683823757	0.00401314208284	0.000411618791986	-0.00435754936188
10.3203198111	-61.0	50.2448880937	0.00400207564235	0.000440781121142	-0.00427347794175
-3.06627642658	-61.0	64.3459104047	-0.00348010356538	0.00335980695672	0.00453626643866
-3.29428964199	-61.0	64.2842346780	-0.00364353810437	0.00331880315207	0.0044441530481
-3.01228026774	-61.0	63.8021713239	-0.00340867857449	0.00329677760601	0.00411111395806
9.20791922649	-61.0	56.5064002544	0.00419805804268	0.00155699194875	-0.00122368347365
9.09552817075	-61.0	56.3471288027	0.00412026420236	0.00152889383025	-0.00129197654314
8.91095643292	-61.0	56.3498948596	0.00402891729027	0.00153198011685	-0.001270845416
8.82452364404	-61.0	56.5880696594	0.00401829043403	0.00157793995459	-0.00114047026727
9.10765782678	-61.0	56.7446410852	0.00418140506372	0.00160284200683	-0.00109124474693
7.52982517341	-61.0	53.3080669171	0.00299873808399	0.000973417947534	-0.00263864989392
7.64713360544	-61.0	53.4678912970	0.00307092489675	0.00100287282839	-0.00257162423804
7.87850957669	-61.0	53.5604242785	0.00319171766751	0.0010192708578	-0.00254525057971
-11.8805074760	-61.0	54.7586527415	-0.00681154290214	0.000820795481559	-0.00262634363025
-11.3810535313	-61.0	54.7776332657	-0.00657860515639	0.000848334399052	-0.00254593766294
-11.9115082766	-61.0	54.9837715186	-0.00686112465337	0.000857410021126	-0.00252982531674
-11.3772453010	-61.0	54.9776773173	-0.00660720281303	0.000883255095687	-0.00245410995558
-11.7340702042	-61.0	55.0951010335	-0.00679462915286	0.000885682122316	-0.00245305080898
-3.65305958729	-61.0	62.6608655914	-0.00374911655672	0.00300460751168	0.00310334353708
-3.21070589241	-61.0	62.9547166227	-0.00348335457966	0.00313100893982	0.00339663680643
-3.65800898029	-61.0	62.8638848476	-0.00377442128956	0.0030411996413	0.00326120201498
-3.23478535615	-61.0	62.7212670273	-0.00347766256891	0.00308483792469	0.00320618296973
-2.76675957344	-61.0	46.3173991728	-0.00191540631931	-0.000380936689908	-0.00563527643681
-3.07516148353	-61.0	46.5661998247	-0.00205816910602	-0.00034485955257	-0.00553956162184
-2.68144282010	-61.0	46.8342988762	-0.00189614354167	-0.000294264085824	-0.00540894828737
-2.97958338608	-61.0	46.3885403835	-0.00201015663333	-0.000372554583009	-0.00561256101355
-1.88313493730	-61.0	65.8797421725	-0.00258082500659	0.00365304807201	0.00593522423878
-2.08545769215	-61.0	66.0060353725	-0.00275718560442	0.00364661077037	0.00599765684456
-1.86512851945	-61.0	66.2812049387	-0.00257396348752	0.0036895389203	0.00623689498752
-1.67524103092	-61.0	66.0100413043	-0.00240272772498	0.00368066667579	0.0060629863292
-4.15127898805	-61.0	62.6055905757	-0.00406323419884	0.00291869766079	0.00298952520825
-3.87900475730	-61.0	62.2865341748	-0.00385052524507	0.00289715291001	0.00278488127515
-3.89146211698	-61.0	62.7048281973	-0.00390895456076	0.00297574745491	0.003103652969
3.5989901631	-61.0	48.2634757769	0.000870118848979	3.50124537363e-05	-0.00473465397954
4.01409413737	-61.0	48.4187239648	0.00105933425948	6.64443505229e-05	-0.0046767112799
3.85621110452	-61.0	48.0710774187	0.000979471369646	4.06810431741e-06	-0.00482384348288
3.76477296294	-61.0	48.5267405944	0.000951015565079	8.29528871691e-05	-0.00462370505556
4.99974955617	-61.0	47.7505205201	0.00147340644617	-4.00107091991e-05	-0.00499655911699
4.53760154702	-61.0	47.5688075948	0.00126528029796	-7.59192189435e-05	-0.00505945598707
4.74788900882	-61.0	47.9181218831	0.00136858492624	-1.35239524752e-05	-0.00491535104811
4.78100308329	-61.0	47.4203244984	0.0013669708278	-9.89846157609e-05	-0.00513128517196
6.23511718756	-61.0	49.7835659529	0.00212011509575	0.000326745648636	-0.00416454672813
6.27877262073	-61.0	49.5929729328	0.0021287612617	0.000293271470582	-0.00425086077303
6.65530060487	-61.0	49.7580340767	0.00230917776935	0.000325247179717	-0.00419875886291
-11.8140497858	-61.0	53.6038512812	-0.00661224592477	0.000631708535366	-0.00313411070965
-11.9799191400	-61.0	53.4572123669	-0.00666897092015	0.000601395848207	-0.00322200311348
-12.0534139714	-61.0	53.9111300128	-0.00676691904664	0.000672343943734	-0.00302986754104
-11.8082668737	-61.0	53.8080853830	-0.00663806963712	0.000665540690534	-0.00304202665575
-4.13336219369	-61.0	64.6285034568	-0.00426998687908	0.00325530581176	0.00453390134498
-4.37402456564	-61.0	64.6097713801	-0.00443611387163	0.00322333280928	0.00446526799351
-4.42026094487	-61.0	65.0055269842	-0.00451132608578	0.0032773821149	0.00474918447435
-4.46341088625	-61.0	64.7981734838	-0.00451884791255	0.00324135296978	0.00458496809006
-0.896422330539	-61.0	52.8377595902	-0.00124519236851	0.000847057439387	-0.00267274165526
-0.510166162567	-61.0	52.9462558398	-0.00105012906715	0.000876637874171	-0.00261519430205
-0.822951266295	-61.0	52.6035765262	-0.00120217551012	0.000800257665105	-0.00278139696456
-0.453978677507	-61.0	52.7563518836	-0.00101800786797	0.000838247535285	-0.00270377099514
-6.56363084969	-61.0	59.7667251532	-0.00501760002226	0.00207532686181	0.000733011227567
-6.40614648208	-61.0	59.5836081798	-0.00490011181682	0.00205048220232	0.000641973281745
-6.19378437450	-61.0	59.6380505547	-0.00479357596487	0.00207931199111	0.000701036071405
-6.23200678343	-61.0	60.0469620681	-0.00488486792892	0.00216097780503	0.00094857509248
-6.04384123415	-61.0	59.7631763019	-0.00473252730444	0.00211820355617	0.000795837026089
-0.150253489825	-61.0	59.9271156792	-0.000973865506239	0.00270543666556	0.00116011477076
-0.134019290162	-61.0	59.4958476815	-0.000953678565565	0.00255960924551	0.000876223435625
-0.434701176174	-61.0	59.9449001768	-0.00118798715994	0.00270234351046	0.00117125594988
-0.44448131866	-61.0	59.5116866217	-0.00117922353093	0.00255602435209	0.000885135261342
-10.1413585864	-61.0	49.2584679126	-0.0053516253829	-3.27189954987e-05	-0.00486242724583
-10.3252472437	-61.0	49.6820228503	-0.00547450734302	3.18616148434e-05	-0.00469630165026
-10.0203595855	-61.0	49.4597434833	-0.00531682325527	2.20072388402e-06	-0.00476185185835
6.27106465240	-61.0	51.5667875982	0.00225264951587	0.000649857742246	-0.00336741213687
6.46330849109	-61.0	51.8212897398	0.00236200261861	0.000697349139955	-0.00326171703637
6.04855275456	-61.0	52.0472167012	0.002181856893	0.00073877646355	-0.00313578639179
6.82765307755	-61.0	53.0824061358	0.00263933069073	0.000933058792725	-0.00269794533961
6.99649411774	-61.0	53.3093324089	0.00274149165489	0.000975398404989	-0.0026015592739
6.49655718775	-61.0	53.3089626020	0.00249878223985	0.000977099873126	-0.00257094181143
6.74569594216	-61.0	53.5815691122	0.00264474423602	0.00102812901605	-0.00245627108961
6.51281037412	-61.0	51.0780481065	0.00233124382794	0.000561105262022	-0.00360214803368
6.38241745264	-61.0	50.8153634240	0.00225265417248	0.000512802740559	-0.00371314608492
6.79142601772	-61.0	50.6099311552	0.00242752116174	0.000477853580378	-0.0038283765316
-4.37798444214	-61.0	54.9656493560	-0.0031796770636	0.00119071803056	-0.00175464758649
-4.59914565203	-61.0	54.5428027657	-0.00325280427933	0.00109319412149	-0.00197800155729
-4.33327185081	-61.0	54.4757552297	-0.00311010284349	0.00108981283847	-0.0019971311558
-4.17837590618	-61.0	54.6165745618	-0.00304311327636	0.00112532963976	-0.00191936234478
-7.47408170746	-61.0	58.0591980044	-0.00520365359262	0.00166326190811	-0.000371007306967
-7.80087374744	-61.0	58.4482434934	-0.00543978717178	0.00171965453774	-0.000197921253857
-7.92278838035	-61.0	58.3297258233	-0.00548161799088	0.00168842787389	-0.000280120730167
-7.459137721	-61.0	58.2926791917	-0.00523583730683	0.00171093549579	-0.000239646164118
-0.7012030488	-61.0	57.4112248892	-0.00127358175814	0.00191944499966	-0.000358973280527
-0.915004140061	-61.0	56.9800500569	-0.00138847366907	0.00179880589712	-0.000596951460466
-0.549325828526	-61.0	57.2838276528	-0.00117455457803	0.00188912521116	-0.000427538121585
1.19724038563	-61.0	55.5620378431	-0.000133257039124	0.00147596688475	-0.00132278318051
1.43286348199	-61.0	55.4627209672	-2.65378230324e-06	0.00145320955198	-0.00137309695128
1.23517707171	-61.0	55.0488373897	-0.000122491182992	0.00135703815613	-0.00158187386114
10.2705289721	-61.0	52.9794260097	0.00426439801231	0.00091242993949	-0.003036912065
10.6576624576	-61.0	52.9845650228	0.00444662477821	0.000914464180823	-0.00307672703639
10.4893005296	-61.0	53.1173576224	0.00438318634406	0.000937208009418	-0.00299699604511
8.80529791455	-61.0	50.3627307412	0.00332785909995	0.000447146361694	-0.00408190814778
9.33390649381	-61.0	50.2830279783	0.00356027949601	0.000437736336607	-0.00416281400248
9.21568097729	-61.0	50.5469606046	0.00353001523763	0.000482290313812	-0.00403520092368
-4.04254836213	-61.0	45.6475406682	-0.00243920157664	-0.000508538912982	-0.00597737636417
-4.333113724	-61.0	45.3092245894	-0.00254894350655	-0.000566420436371	-0.00613704044372
-4.37448572403	-61.0	45.4760345738	-0.00257383775897	-0.000540707726032	-0.00606735143811
-4.13147577158	-61.0	45.2370791774	-0.00245999591425	-0.000574838602915	-0.00615818006918
-3.96760238405	-61.0	45.3998442866	-0.00239687878639	-0.000546759110875	-0.00608041184023
-5.48974558857	-61.0	55.0598821111	-0.00376159325242	0.00116173177958	-0.00177375634667
-5.86520949030	-61.0	55.5240619689	-0.00400741444901	0.00123921863269	-0.00156486651395
-5.88190423415	-61.0	55.1152366266	-0.00396677991375	0.00115525827277	-0.00177363539115
-5.44145223676	-61.0	55.3686407989	-0.00377224874683	0.00122743635438	-0.00161397084594
-5.94785839221	-61.0	55.3042895094	-0.00402266997844	0.00119052664377	-0.00168299884535
-4.32792516356	-61.0	57.5364241548	-0.00344336777925	0.00176000362262	-0.00038492877502
-4.51261532060	-61.0	57.4094288819	-0.00352948484942	0.00171908654738	-0.000466735655209
-4.53095993869	-61.0	57.2206204820	-0.00351523910649	0.00167534884531	-0.000573114317376
-4.15510691769	-61.0	57.1689884399	-0.00330094783567	0.00168674241286	-0.000581508502364
-2.68970340534	-61.0	45.7876166075	-0.00186422746629	-0.000465915567474	-0.00586066162214
-2.60786991526	-61.0	45.3243045925	-0.00181404571049	-0.000539013592061	-0.00605686893687
-2.79044349765	-61.0	45.3658351602	-0.00189327879343	-0.000535015016794	-0.00604567071423
-2.49082125053	-61.0	45.4786498499	-0.00176900508814	-0.000512684870046	-0.00598645629361
-2.53971820323	-61.0	45.6931787225	-0.0017967739841	-0.000478939677123	-0.00589594990015
-2.84688959507	-61.0	45.6135988313	-0.00192577636335	-0.000496225664392	-0.00594128994271
-3.40992800651	-61.0	50.7311953505	-0.00239191832952	0.000378625030862	-0.00371911353432
-3.47775720622	-61.0	51.2220493856	-0.00245076045394	0.000469322520075	-0.0034989870619
-3.19369978098	-61.0	51.0850285754	-0.00230772374198	0.000450100196758	-0.00354984030128
-7.43088915045	-61.0	50.8709972343	-0.00427622860298	0.000301613996271	-0.00389994028956
-7.61114747548	-61.0	51.0546394952	-0.00437583820894	0.000328946567606	-0.00383197725751
-7.35404686543	-61.0	51.3561150745	-0.00428496673703	0.00038937680074	-0.00367477256805
-7.53046339299	-61.0	51.2648721852	-0.0043581109494	0.000368208799046	-0.00373045145534
-3.33841264462	-61.0	50.2234548028	-0.00233236723579	0.000286212802166	-0.00394484447315
-3.53570841820	-61.0	50.3313135977	-0.00243008765392	0.000301721825963	-0.00390465999953
-5.72821183973	-61.0	51.3607508616	-0.00352694070898	0.000436196598457	-0.00355489202775
-5.96265578533	-61.0	51.4978144594	-0.00364826945588	0.000454725231975	-0.00350764603354
-5.56968872557	-61.0	51.7208562072	-0.00348111800849	0.000507190532517	-0.00337990582921
-5.77899275773	-61.0	51.8219249656	-0.00358862080611	0.000519843131769	-0.0033468415495
-6.53933683591	-61.0	52.2110845053	-0.00398321030661	0.00056870089611	-0.00322020286694
-6.67816071748	-61.0	51.8188650065	-0.00401239236817	0.000492458988447	-0.00341122690588
-6.97729131969	-61.0	52.0459154660	-0.00417411327362	0.000524696661159	-0.00332983676344
-6.82614129039	-61.0	52.3073656938	-0.00412801560014	0.00057733344147	-0.00319738383405
-6.85211115582	-61.0	51.8991527877	-0.00410146126524	0.000501820351928	-0.00338756665587
-3.55607138630	-61.0	52.1771336664	-0.0025449427776	0.000651087029837	-0.0030623851344
-3.54558640592	-61.0	51.7129034207	-0.00251161702909	0.000561344262678	-0.00327684031799
-3.32935818039	-61.0	52.0667366456	-0.00242739822716	0.000635537900962	-0.00310423434712
-3.82964383115	-61.0	51.8499242308	-0.00265740579925	0.000580280029681	-0.00322615262121
-4.93446571862	-61.0	49.3509347977	-0.00301936175674	9.49301829678e-05	-0.00441031437367
-4.66503870225	-61.0	49.7599953569	-0.00292106741108	0.000173141059349	-0.00421412754804
-4.51737462514	-61.0	49.6092766723	-0.00284437974915	0.000149578248966	-0.00427348585799
-4.85483269527	-61.0	49.7647691479	-0.00300845457241	0.000169745704625	-0.00422218767926
-4.80548739106	-61.0	46.3592590354	-0.00279987487011	-0.000406196893891	-0.00570904882625
-5.26447349474	-61.0	45.9417603599	-0.00297710299492	-0.000480302551296	-0.00591465365142
-5.29521101563	-61.0	46.1803066982	-0.00300246919505	-0.000442744290922	-0.00581353809685
-5.18181252843	-61.0	46.3502023388	-0.00296219927259	-0.000413687259424	-0.00573371397331
-4.95556184999	-61.0	46.4026741581	-0.00286696129479	-0.000401595374569	-0.00569843268022
8.11310021222	-61.0	65.0692589724	0.00501034688205	0.00312742078677	0.00387795316055
8.12686102692	-61.0	64.6171645882	0.00493891676888	0.00305509893224	0.00359415635467
8.33619965116	-61.0	64.6334287726	0.00506599107757	0.00304970052093	0.00355562590994
8.44605679467	-61.0	64.7800500906	0.00515787908807	0.00306948972866	0.00361998192966
-0.840049048271	-61.0	51.0475937060	-0.00117591803428	0.000490867998451	-0.00349864619784
-0.578823624045	-61.0	51.1943667602	-0.00105249672197	0.000523670460097	-0.00342735112645
-1.13130711182	-61.0	51.4575390625	-0.00132687494624	0.000565266469494	-0.00331765203737
10.0464488677	-61.0	51.5270799932	0.00400308240205	0.000657951750327	-0.00367479259148
9.95828000177	-61.0	51.2827197133	0.00393802579492	0.000615082215518	-0.00377581408247
10.4992877318	-61.0	51.2481901693	0.00418227957562	0.000613287149463	-0.00384615873918
-2.75822350682	-61.0	56.3475620847	-0.00243015866727	0.0015699287178	-0.000972847745288
-2.95945596325	-61.0	56.4574839753	-0.00255372212268	0.00158649531659	-0.00092052371474
-3.00606801534	-61.0	56.0485122317	-0.00254339748062	0.00148905534297	-0.0011386674596
-3.25133784231	-61.0	56.2693751054	-0.00269998773001	0.00152870733291	-0.00103070109617
0.618128849457	-61.0	64.6268598588	-0.000330052571371	0.00370218767785	0.00508621800691
0.646905617965	-61.0	64.1605469894	-0.000302809028653	0.00368246855214	0.00469461409375
0.366324823205	-61.0	64.1004515442	-0.000557424151339	0.00369145860896	0.00465504778549
0.686492797649	-61.0	64.4208909144	-0.000267940806225	0.00369154871441	0.00491192517802
12.0165580817	-61.0	55.0652364688	0.0053640678525	0.00128031498753	-0.00227860407904
12.0338645199	-61.0	54.8287728343	0.00533846812323	0.00123921723571	-0.00239203916863
11.6071161307	-61.0	55.0141572436	0.00515986792743	0.00127118371893	-0.0022467195522
11.8321573849	-61.0	55.1290551696	0.00528452871367	0.00129130436108	-0.00222294521518
-6.58281400784	-61.0	64.5742740125	-0.00589670427144	0.00298624532297	0.00389006710611
-6.32614991893	-61.0	64.9146455008	-0.00579330744222	0.00306837214157	0.00419310806319
-6.50935793301	-61.0	65.0522487878	-0.00593908457085	0.00307516590692	0.00423739571124
-6.95052392661	-61.0	64.9851201384	-0.00621334090829	0.00302477320656	0.00406809244305
-6.75794020617	-61.0	65.1264528402	-0.006116529461	0.00306591833942	0.00421816576272
1.58792111746	-61.0	62.1287541692	0.000462230789708	0.00329970964231	0.00286219036207
1.83319562589	-61.0	61.9855665734	0.000643729872536	0.00322988675907	0.00273238983937
1.75580765789	-61.0	62.5877720856	0.000617172219791	0.00337189878337	0.00324684404768
2.15266782401	-61.0	62.3606580187	0.00090753583936	0.00326342601329	0.00302843563259
1.99727736835	-61.0	62.5304113241	0.000800938229077	0.00332259945571	0.00318171642721
-5.73644889165	-61.0	45.5530285758	-0.00315939215943	-0.0005487811286	-0.006110267248
-6.15142023598	-61.0	45.5567988507	-0.00333685427904	-0.000554299738724	-0.00613496126607
-5.77252497386	-61.0	45.2749428574	-0.00316033093259	-0.000592707074247	-0.00623224955052
-6.1957759053	-61.0	45.3990065767	-0.00334716355428	-0.000579514191486	-0.00620584469289
3.86558540529	-61.0	60.3976079674	0.00184294185601	0.00258428486995	0.00146274361759
4.14303989542	-61.0	60.7024478439	0.00204788241535	0.00262845843099	0.00165369652677
3.66791776521	-61.0	60.5983201090	0.00174668000545	0.00265036267228	0.00160928955302
-3.25840352552	-61.0	53.8621417246	-0.00250711175613	0.00100018910598	-0.0022497670725
-2.91390062029	-61.0	54.2396807458	-0.00235433434136	0.00109115301166	-0.00205252086744
-2.88780810427	-61.0	54.0102937617	-0.00232541933656	0.00104319036473	-0.00216386490501
-3.11257279735	-61.0	54.2422315067	-0.00245841080323	0.00108512351289	-0.00205847760662
-3.07197575738	-61.0	53.8554286750	-0.00241055293009	0.00100474827923	-0.00224590371363
-3.26194375990	-61.0	54.1010697073	-0.0025259910617	0.00105021579657	-0.00213340413757
-2.20621628527	-61.0	53.5473945396	-0.00194498046767	0.000965296698269	-0.00236609741114
-1.98649264957	-61.0	53.6742620849	-0.00183726218529	0.00099787581712	-0.00229888153262
-2.45370084144	-61.0	53.8723798073	-0.00209095538594	0.00102707056794	-0.00221658730879
-1.99960163823	-61.0	53.8941774798	-0.00185475253966	0.00104438955896	-0.00219289353117
-2.25123893858	-61.0	54.0183640247	-0.0019932212308	0.00106404267717	-0.00213953875937
-8.09057837700	-61.0	55.9334032144	-0.00517506850883	0.00121126964223	-0.00156464288011
-8.55438321337	-61.0	56.0017331102	-0.00541235879064	0.0012016975088	-0.00158419297077
-8.61974407717	-61.0	55.8150436431	-0.00541598536074	0.00116314401384	-0.00168544996995
-8.14487361589	-61.0	55.7059851621	-0.00516838626936	0.00116500945296	-0.00168513157405
-2.15514062748	-61.0	55.4454195715	-0.00202516256832	0.00138352543581	-0.00142577476799
-1.65383801206	-61.0	55.7723767567	-0.00176341144834	0.00147644232493	-0.00124642078299
-1.93390265113	-61.0	55.9122123924	-0.0019304251764	0.00150013272651	-0.00118006311823
-1.87507598841	-61.0	55.3055839358	-0.00186164258048	0.00136063096579	-0.00149007048458
12.1907964509	-61.0	56.8162587087	0.00571723375469	0.00158647960052	-0.00146756391041
12.1751148364	-61.0	57.0228082304	0.00574320927262	0.00162282050587	-0.0013646974694
11.8942311463	-61.0	56.7460470411	0.0055599170737	0.00157517695334	-0.00145634252112
11.8657969648	-61.0	56.9787754911	0.005583263468	0.00161638529971	-0.00133838260081
-4.69078976175	-61.0	62.6864850266	-0.00441219843924	0.00285975192674	0.00296458462253
-4.5662921763	-61.0	62.8959611581	-0.00436230842024	0.00291481055319	0.00314084417187
-4.15622838106	-61.0	62.8086098320	-0.00409133546054	0.00295577244833	0.00314285163768
-4.34350058208	-61.0	62.9143940875	-0.00422368617728	0.00294850184582	0.00319248437881
-4.58588631580	-61.0	62.5514571251	-0.00432867137715	0.00284817256033	0.0028820654843
3.73282215360	-61.0	53.8972183271	0.00116189464461	0.00110523565672	-0.00217581470497
3.85324421564	-61.0	53.4251184234	0.0011958143441	0.00100815412588	-0.00240585347638
3.97710110131	-61.0	53.6022449484	0.00126899324823	0.00104396336246	-0.00232427148148
3.60994935322	-61.0	53.7290154335	0.00108918175101	0.00107079755981	-0.00225418782793
-9.03007753972	-61.0	52.1067341854	-0.00513684283942	0.000471743638627	-0.00348531431518
-8.75188952718	-61.0	51.6087028148	-0.00495537696406	0.000393460039049	-0.00368349603377
-9.19133856419	-61.0	51.8760518838	-0.00518618011847	0.00042681596824	-0.00360583560541
-8.61650415363	-61.0	51.8750388460	-0.00492069590837	0.000443886907306	-0.00355016672984
-8.05105376491	-61.0	51.8728904082	-0.00465846480802	0.000460610579466	-0.00349911139347
-7.65476067427	-61.0	52.1647598068	-0.00450342101976	0.000525015755557	-0.00333092734218
-7.49097600495	-61.0	51.9589765481	-0.00440629012883	0.000493086874485	-0.00341139105149
-7.91330037598	-61.0	52.1324005237	-0.0046208826825	0.00051107123727	-0.00336834066547
-7.53853275357	-61.0	51.7309928816	-0.00440616905689	0.000450786756119	-0.00351951317862
-7.71494928114	-61.0	51.6397499923	-0.00447926530614	0.000429300882388	-0.00357591873035
-8.48650080314	-61.0	51.1087045469	-0.00478300685063	0.000314394448651	-0.00388370756991
-8.62243696476	-61.0	50.8650910714	-0.00482138106599	0.000268863310339	-0.00400521233678
-8.09569502831	-61.0	50.9316674723	-0.00458689266816	0.000294353958452	-0.00392831582576
-2.56738795084	-61.0	49.8094859054	-0.00195466214791	0.000226229982218	-0.00410104682669
-2.90019203062	-61.0	49.5314540161	-0.00209717033431	0.000169227074366	-0.00423658499494
-2.40697976896	-61.0	49.6647843856	-0.00187464931514	0.000202941082534	-0.0041601085104
-2.39282124868	-61.0	49.4456212939	-0.00185991404578	0.000163452932611	-0.00425697909668
-2.77615962526	-61.0	49.7007022329	-0.00204701838084	0.000202312658075	-0.00415681349114
1.20374165875	-61.0	46.7663417635	-0.000198971974896	-0.000250394281466	-0.00536207063124
0.674369529435	-61.0	46.5449025598	-0.000427647377364	-0.000294322468108	-0.00546035170555
0.770596075987	-61.0	46.4033489369	-0.000384861661587	-0.000316728401231	-0.00552052212879
0.67817433336	-61.0	46.7374997357	-0.000427506689448	-0.000261952955043	-0.00537737878039
1.73262348853	-61.0	47.1292748682	3.15426805173e-05	-0.000182326388313	-0.00520521588624
2.25907871352	-61.0	47.4601217574	0.000264156667981	-0.00011937009549	-0.00506455590948
2.21535683487	-61.0	47.1861323751	0.000242929090746	-0.000166848971276	-0.00518260290846
-8.50238083535	-61.0	63.6791496934	-0.00688512530178	0.00266524078324	0.00279307621531
-8.16935793818	-61.0	63.4011387222	-0.00662643508986	0.00264061847702	0.00270457169972
-8.67205460074	-61.0	63.4545632485	-0.00693287979811	0.00261150929146	0.0026083632838
-8.36733828531	-61.0	63.1983373634	-0.00669722864404	0.00258798128925	0.00252691213973
-9.52277392161	-61.0	62.6420952276	-0.00722846575081	0.00240135309286	0.00189779256471
-9.16927764806	-61.0	62.3959293324	-0.00697254016995	0.00238055386581	0.00183887965977
-9.34156185417	-61.0	62.1853677628	-0.00702001992613	0.00232945778407	0.00167247641366
1.40961006730	-61.0	55.7299929944	-8.62977685756e-06	0.00151597242802	-0.00123666308355
1.12907885502	-61.0	56.0775415111	-0.000161224161275	0.00159909913782	-0.00105774670374
0.982651607044	-61.0	55.9292913397	-0.00024887532345	0.00156275380868	-0.00113500305451
-4.96307170430	-61.0	63.7235644936	-0.00472321594134	0.00300967507064	0.0036769642029
-5.39424703692	-61.0	63.3089767927	-0.00493755098432	0.00288679543883	0.00328578287736
-5.20767432648	-61.0	63.7754218859	-0.00488741090521	0.00298973429017	0.00366213056259
-4.94008215795	-61.0	63.2898560902	-0.00465025287122	0.0029373827856	0.00336318067275
-5.17315964042	-61.0	63.2471569603	-0.00479068420827	0.00290155457333	0.00328599475324
-5.36412654909	-61.0	63.6651852653	-0.00497120991349	0.00295286090113	0.00354825961404
10.3227914947	-61.0	55.6255415705	0.00462413905188	0.00138429098297	-0.00179031002335
10.0850376414	-61.0	55.8050617845	0.00453299097717	0.00141853070818	-0.001674120198
9.82036676469	-61.0	55.4806730610	0.00435958057642	0.00136161490809	-0.00180253153667
10.0736049612	-61.0	55.2702719301	0.004454636015	0.00132169213612	-0.00193371716887
-5.80896173835	-61.0	49.7452848309	-0.00344350701198	0.000144564997754	-0.0042870878242
-5.80855456424	-61.0	50.3421630906	-0.00348621583544	0.00024999800371	-0.00402059871703
-6.10754079022	-61.0	50.2562687472	-0.00361734232865	0.000227381184231	-0.00407857634127
-6.00288180193	-61.0	49.8487325291	-0.00353932520375	0.000158181181177	-0.00425353739411
-7.21328923963	-61.0	50.4564289070	-0.00414023641497	0.000234813953284	-0.00406866334379
-7.51263895205	-61.0	50.3759480347	-0.00427005952224	0.000213266946957	-0.00412822142243
-7.65250609085	-61.0	50.8043807075	-0.00437197647989	0.00028405545163	-0.00394789176062
-5.74384284513	-61.0	50.8780571143	-0.00349649996497	0.000347839464666	-0.00377515587024
-5.47801616726	-61.0	50.9485583837	-0.00337785971351	0.000367618573364	-0.00372662092559
-5.96374382632	-61.0	51.2574810853	-0.00362906767987	0.000410777371144	-0.00361733254977
11.1002013418	-61.0	60.9726341940	0.00590442866087	0.00233576167375	0.000846941198688
11.3421414917	-61.0	60.5544672625	0.00595076195896	0.0022572982125	0.000576490419917
11.0610554625	-61.0	60.5474706995	0.00580223323777	0.0022608442232	0.000625439803116
11.3764002614	-61.0	53.3391662792	0.0048271571286	0.000978824798949	-0.00299771269783
11.2606796471	-61.0	52.7994506879	0.00470682419837	0.000885029963683	-0.00323077128269
11.5639512121	-61.0	53.1112250970	0.00488679716364	0.000940390164033	-0.00312522891909
11.0776271146	-61.0	53.0817506682	0.00465515023097	0.000932961527724	-0.00308012822643
-10.1528815746	-61.0	54.8848807694	-0.0060131829232	0.000922509469092	-0.00232900632545
-9.92859078050	-61.0	54.5338125484	-0.0058570294641	0.000868901144713	-0.00246556918137
-10.4034380549	-61.0	54.4363377549	-0.00606754561886	0.000831779500004	-0.00257115089335
-9.93236665155	-61.0	54.7357790698	-0.00588724156842	0.000905098393559	-0.00237098219804
-10.1543368353	-61.0	54.3760843515	-0.005941697862	0.000831381417811	-0.00256754714064
-0.999531488017	-61.0	54.1301886179	-0.0013349208748	0.0011198312277	-0.00205585919321
-1.21658868886	-61.0	54.6371764865	-0.00146908522584	0.00122719723731	-0.00181094196159
-1.35090162283	-61.0	54.4779821646	-0.00153571739793	0.00118839344941	-0.00189221324399
-1.35169391534	-61.0	54.3107725603	-0.00152960652485	0.00115141714923	-0.00197440199554
1.32132482774	-61.0	65.9593340851	0.000300845247693	0.00372603931464	0.00605308869854
1.38794939069	-61.0	65.7219457346	0.000355528114596	0.00370687642135	0.00586800975725
1.00327836301	-61.0	65.5772470796	1.54139870574e-05	0.00371945346706	0.00580282323062
-2.84908485160	-61.0	67.5406980099	-0.00350011605769	0.00376526662149	0.00697555625811
-3.06847263632	-61.0	67.7803315000	-0.00371585832909	0.00378373404965	0.00710021797568
-2.60212477911	-61.0	67.9020509220	-0.00331135001034	0.00382900075056	0.00728550087661
-5.43442727229	-61.0	61.2016020080	-0.00463060941547	0.00247692503035	0.00180254352745
-5.39983586500	-61.0	61.4826632832	-0.00465641729534	0.00253813504241	0.00199860055
-5.91453937900	-61.0	61.2901197191	-0.00492131430656	0.00244489777833	0.0017927888548
-5.85814577746	-61.0	61.5322181005	-0.00493008736521	0.0024990492966	0.00196328340098
4.55300893619	-61.0	49.0504780342	0.00132257002406	0.000183062671567	-0.00441642059013
4.66780797669	-61.0	48.4682341803	0.0013523506932	8.14650993561e-05	-0.00467415573075
4.40472753501	-61.0	48.6408359148	0.00124099943787	0.000109274631541	-0.00459078047425
-7.56898056064	-61.0	49.8756446250	-0.00425307545811	0.0001258970442	-0.00435523036867
-7.83614767882	-61.0	49.7559215020	-0.00436375010759	9.9278637208e-05	-0.00442990288138
-0.477289396749	-61.0	48.0212569753	-0.000952382979449	-5.79545085202e-05	-0.00483547989279
-0.572252268708	-61.0	48.3137458845	-0.00099989050068	-8.1113385022e-06	-0.00470945984125
-0.971892059827	-61.0	48.1126702033	-0.00117564457469	-4.94267842441e-05	-0.00480502797291
-1.26767628811	-61.0	48.9529303241	-0.00132850185037	9.45048595895e-05	-0.00444324780256
-0.819136263367	-61.0	49.1566206769	-0.00112758821342	0.000138381365105	-0.00434387614951
-1.35078711067	-61.0	49.2389820925	-0.00137372291647	0.000144594814628	-0.00431899912655
-0.887211827583	-61.0	49.3904642221	-0.00116362806875	0.000179704118636	-0.00424185674638
2.22296673409	-61.0	67.2470622900	0.00114545051474	0.00380263593979	0.00683903694153
2.25711395005	-61.0	67.7603068375	0.00121946027502	0.00386418169364	0.0071949227713
2.12333629968	-61.0	67.4180357772	0.00107091292739	0.00382738141343	0.00697909900919
2.43555864609	-61.0	67.2265464837	0.00132874166593	0.00378972105682	0.00678175501525
1.08738812422	-61.0	67.1994793331	0.00012466131011	0.00383832585067	0.0069774184376
1.45942150161	-61.0	66.9840556994	0.000453319109511	0.0038058955688	0.00677840039134
1.30037188771	-61.0	66.8074750956	0.000303799723042	0.0037944575306	0.00667270785198
1.07143132013	-61.0	66.9135256486	0.000100399178336	0.00381102203391	0.00677490187809
3.81580858006	-61.0	56.1691028534	0.00136509351432	0.00159297278151	-0.00103428633884
4.26939854743	-61.0	56.4499236522	0.0016379513545	0.00164604512975	-0.000898480589967
3.82768317962	-61.0	56.5718910122	0.00140568893403	0.00168332073372	-0.000821054447442
3.68052172322	-61.0	56.3873251366	0.00130841939244	0.00164467678405	-0.000915878103115
0.250718423246	-61.0	60.1599203953	-0.000671345100272	0.00279009202495	0.00132218364161
-0.29338214245	-61.0	60.1518748234	-0.00108785915654	0.00277894618921	0.00131373712793
0.0718375400608	-61.0	60.3526241641	-0.000809509831015	0.00285695679486	0.00145700445864
-3.31563342663	-61.0	60.7733868394	-0.00329112657346	0.00264139915816	0.00171011302155
-3.12617847409	-61.0	61.1660170485	-0.00322296679951	0.00276533490978	0.00200740899891
-3.53408076535	-61.0	60.9086994408	-0.00344793614931	0.0026446711272	0.00179363042116
-3.36029406997	-61.0	61.2647057148	-0.00338711496443	0.00275408895686	0.00206533796154
1.42280109562	-61.0	44.5083437851	-9.3782939075e-05	-0.000616725825239	-0.00632830662653
1.48024750201	-61.0	44.0471417711	-6.66356208967e-05	-0.000688597559929	-0.00652477005497
1.72112104742	-61.0	44.0771894970	3.33232492267e-05	-0.000681357458234	-0.00651162536815
1.90380090216	-61.0	44.5051696188	0.000107472325908	-0.000612044532318	-0.00632940186188
1.70144818321	-61.0	44.6362045105	2.21990121645e-05	-0.000593392469455	-0.00627339957282
1.95710325915	-61.0	57.8044338859	0.000405451864935	0.00203034188598	-0.0001214687436
1.62441582128	-61.0	57.9995722821	0.000208386030863	0.00209065969102	-1.12851530503e-05
1.79456526211	-61.0	58.1788067176	0.000326354755089	0.00213553174399	9.27666478674e-05
2.03629288038	-61.0	58.0326237192	0.000469153630547	0.00208896491677	9.02522606339e-06
-8.07976288332	-61.0	52.8904906205	-0.00477989483625	0.000642140745185	-0.00303384568542
-7.69725439177	-61.0	52.6857815045	-0.00457752076909	0.000617973215412	-0.00309414602816
-7.59701286535	-61.0	52.9389699328	-0.0045573557727	0.000667701708153	-0.00296744820662
-7.95579409347	-61.0	52.6534222214	-0.00469566974789	0.000603419786785	-0.00313232117333
-7.74644673607	-61.0	53.1342287433	-0.00464954786003	0.000698319228832	-0.00288947625086
2.54487770499	-61.0	44.6983214416	0.000375209812773	-0.000574738834985	-0.00625010114163
2.39075689433	-61.0	44.7955203145	0.000310701696435	-0.000560715328902	-0.00620762724429
2.69185064069	-61.0	45.1545414212	0.000437606533524	-0.000499746296555	-0.00605702912435
2.45426175952	-61.0	45.0492155025	0.000337443285389	-0.000519232766237	-0.00609995331615
4.24925165406	-61.0	65.3115595018	0.0025717522949	0.00341828283854	0.00497873360291
4.45612078597	-61.0	65.1203590251	0.00269653950818	0.00337362010032	0.0047913310118
4.24058703205	-61.0	64.7539809248	0.00251681613736	0.00334336212836	0.00458096666262
3.98808268803	-61.0	65.0045132998	0.00236318213865	0.00340201891959	0.00482151983306
1.16189409456	-61.0	48.2299636586	-0.000219645517063	1.13485498332e-06	-0.00472822459415
0.98351711408	-61.0	47.8146308090	-0.000298786122585	-7.37844457035e-05	-0.0049095954746
1.05940716697	-61.0	48.6830172699	-0.000265755632427	8.00860943855e-05	-0.00453057233244
1.32789216656	-61.0	48.6012872592	-0.000144349425682	6.89297085046e-05	-0.00456574512646
4.70286936779	-61.0	45.8619889160	0.00129326630849	-0.000364000705304	-0.00579623505473
4.46604637288	-61.0	45.7322772372	0.0011908482993	-0.000387811422115	-0.00584432156757
4.79477985386	-61.0	45.3421024601	0.00132162915543	-0.000449822604423	-0.00602042768151
4.88801795922	-61.0	45.4974773834	0.00136363622732	-0.000423229852458	-0.0059574781917
0.158302258795	-61.0	48.9798856234	-0.000677223666571	0.000121150580526	-0.00440682657063
-0.242178408371	-61.0	48.7857168562	-0.000857696577441	8.0522535427e-05	-0.00449734320864
-0.323608527971	-61.0	49.0624571154	-0.000898719707038	0.000129013395053	-0.00437682121992
0.0404019267078	-61.0	47.9156937177	-0.000719580682926	-6.89197258907e-05	-0.00487378612161
0.555287184714	-61.0	47.7383802399	-0.000488724326715	-9.26636712393e-05	-0.0049454709515
0.130150486097	-61.0	47.7028963136	-0.000677258882206	-0.000104596125311	-0.0049651991576
6.38243842959	-61.0	66.1166030705	0.00411111535504	0.00336074945517	0.00495314085856
6.48138168471	-61.0	65.8982851640	0.00413856981322	0.00332650868222	0.0047888266854
5.97676362011	-61.0	66.0595728875	0.00383747275919	0.00338406558149	0.00502156838775
5.71470733191	-61.0	64.0023942707	0.0033913331572	0.00309812440537	0.00372667913325
5.74397424289	-61.0	64.2768791017	0.00344343180768	0.00313916197047	0.00390550284646
6.23961899134	-61.0	64.0575226112	0.00372036080807	0.00306785362773	0.00365210045129
10.0423790674	-61.0	62.7547710644	0.0056836148724	0.00267478916794	0.00205417652614
10.2859807227	-61.0	62.6857267862	0.00580431427807	0.00265638274141	0.00196258747019
10.1203125133	-61.0	63.0554787815	0.00578688457608	0.00272530945949	0.00220998050645
-9.14157706192	-61.0	49.9202986824	-0.00496658496559	9.67750602285e-05	-0.0044728089124
-9.35176259625	-61.0	49.8571205973	-0.0050551504828	8.15549356048e-05	-0.00452076178044
-9.43648448321	-61.0	50.2811968500	-0.00513398787007	0.000149905084982	-0.00434195110574
-9.20992581484	-61.0	50.3071441199	-0.00503416312858	0.000159650706337	-0.00430846353993
1.34254468781	-61.0	60.3085794264	0.000157329079229	0.00279656914063	0.00143769232091
1.73404791678	-61.0	60.1429747626	0.000426774349762	0.00271438853815	0.00132591417059
1.84857057717	-61.0	60.3545266065	0.000525216688402	0.00276909512468	0.00147403497249
0.487416771514	-61.0	49.1414960203	-0.000527672760654	0.000154913694132	-0.00433248188347
0.671662723686	-61.0	48.9316555745	-0.000442479475169	0.000119538504805	-0.00442345021293
-0.565887642922	-61.0	50.9018954305	-0.00104109535459	0.000467430189019	-0.00355985225178
-0.845595046575	-61.0	50.4665138367	-0.00116634578444	0.000379885575967	-0.00376119348221
-1.02434046436	-61.0	50.6655171613	-0.00125578069128	0.000414526642999	-0.00367512623779
-11.7909367969	-61.0	57.7458975259	-0.00730725564063	0.00135786121245	-0.00122961564921
-12.0749941623	-61.0	57.6354692345	-0.00742425676435	0.00132155045867	-0.00133920507506
-12.0811450404	-61.0	58.1045868900	-0.00752661563456	0.00140853377525	-0.00111562910024
-4.36737240292	-61.0	59.6971298517	-0.00377257564105	0.0022597417701	0.00091403326951
-4.55669532523	-61.0	59.7874083373	-0.00389671162702	0.00226168264635	0.000958107179031
-4.51367179728	-61.0	60.1666106692	-0.00393029488623	0.00235279463232	0.00120923609938
-4.28495954380	-61.0	60.2484883808	-0.00380804156885	0.00239655561745	0.00128212175332
-3.35686251666	-61.0	60.2428488206	-0.00324258138426	0.00250307936221	0.00133635802194
-3.06435309299	-61.0	60.3721720159	-0.00307545089163	0.00257242331281	0.00143847649451
-3.52829940654	-61.0	60.6480491824	-0.00340725923888	0.00258234539069	0.00160865939688
3.30712290601	-61.0	49.9789828459	0.000784437637776	0.000339757360052	-0.00397570896894
3.51730777051	-61.0	49.9270351888	0.000880239880644	0.000332049821736	-0.00400293339044
3.59384683228	-61.0	49.7689102857	0.000910526548978	0.000303821638227	-0.00407464057207
3.44046263126	-61.0	49.5980028974	0.000834670907352	0.000271360826446	-0.00414702342823
3.17056881040	-61.0	49.7484411135	0.000714643800166	0.000296277663438	-0.00407549319789
3.15695907345	-61.0	63.3143664481	0.00167965679429	0.00327084562741	0.00369919207878
2.69142217451	-61.0	63.4785796965	0.00136038148776	0.00336469570175	0.00389837333933
2.89506527102	-61.0	63.6326301047	0.00151367962826	0.00335518247448	0.00399228418246
3.03694140204	-61.0	63.1685014045	0.00158807251137	0.00326591334306	0.00360018550418
3.13508976797	-61.0	63.5067437887	0.0016758920392	0.00330266985111	0.00385466986336
6.11571104199	-61.0	57.5471234834	0.00275328010321	0.00182956515346	-0.000393273396185
6.50490111776	-61.0	57.1316980081	0.00290657882579	0.00173305207863	-0.000646929664072
6.20409670853	-61.0	57.0955112701	0.00274438760243	0.00173383427318	-0.000645526160952
5.39445285960	-61.0	56.8818525082	0.00229016132653	0.00171142828185	-0.000713160960004
5.29885032722	-61.0	57.3488432439	0.00229157367721	0.00181386899203	-0.000453651126008
5.08086082705	-61.0	57.3045638090	0.00216826470569	0.0018112702528	-0.000467275327537
6.46814675837	-61.0	60.4071450884	0.003335559275	0.00239593908191	0.00124836189207
6.89450666628	-61.0	60.0147103295	0.00351039879024	0.00229682493955	0.000960309116635
6.48816861729	-61.0	59.9800869858	0.00328463735059	0.00231042411178	0.000984585960396
6.68027261882	-61.0	60.4863544667	0.00346346362494	0.00239970302209	0.00127215718385
6.70712968321	-61.0	59.9075019826	0.00339319347404	0.00228493730538	0.000917001569178
5.32046794560	-61.0	60.4468765141	0.00270062242635	0.00247671385296	0.00139199965633
5.24768149347	-61.0	60.0549590092	0.00260639889166	0.00239943666384	0.00114785425831
5.57861277940	-61.0	60.4186882272	0.00284274993464	0.00245299190283	0.00134978210554
5.62585709879	-61.0	60.0237376214	0.00281488709152	0.00236851419322	0.00109611614607
8.86310840815	-61.0	59.8155787643	0.00452498206869	0.00218203477561	0.000587198417634
9.15985510104	-61.0	59.8257576287	0.00468173297122	0.00217507826164	0.000549251039047
9.14474508791	-61.0	60.2218262927	0.00474004494026	0.00224826717749	0.000773723353632
7.71940778973	-61.0	60.3309774857	0.00400223303586	0.00232002069242	0.00104490772355
7.72253855986	-61.0	59.9304916510	0.00394171243533	0.0022439728491	0.000809259188827
7.96273544162	-61.0	60.2483297688	0.0041192304343	0.00229444983415	0.000962926016655
8.21321708092	-61.0	59.0101246047	0.00405851751566	0.00205119512975	0.000222194837988
7.85597936492	-61.0	58.5800674326	0.00380807532929	0.0019800120499	2.41601828748e-05
8.10662693904	-61.0	58.5390259000	0.00393217569217	0.00196453160606	-2.67535633611e-05
7.93857521717	-61.0	59.0519550954	0.00392148178071	0.00206811097451	0.000278749736026
8.87765778087	-61.0	61.1522386796	0.00475658755749	0.00242657586932	0.00134978280403
8.58377073031	-61.0	61.5648936000	0.00466868747026	0.0025119218044	0.0016420854954
8.57718017803	-61.0	61.2309055070	0.00460854312405	0.00245180446655	0.00144609808922
8.78477959197	-61.0	61.6116940643	0.00478564668447	0.00251274718903	0.00163458066527
-2.66395167428	-61.0	55.0869039685	-0.00227987323888	0.00128454109654	-0.00162235810421
-2.12430384077	-61.0	55.1419072832	-0.00198944378644	0.00131531828083	-0.00157907162793
-2.67649557461	-61.0	55.3807777335	-0.00230789114721	0.00135002797469	-0.00147355510853
-11.8924561245	-61.0	58.9061488849	-0.00760904932395	0.00156804732978	-0.000682184705511
-11.7525760507	-61.0	58.6680850019	-0.00748561136425	0.00153114425484	-0.000770542421378
-12.0527190487	-61.0	58.5280717115	-0.00760502228513	0.0014890806051	-0.000903580745216
-6.25389049103	-61.0	54.8775409366	-0.00412541767582	0.00109084649011	-0.00192107784096
-6.31431257298	-61.0	54.6526246352	-0.00412904610857	0.00104360992555	-0.00203748908825
-6.57966206334	-61.0	54.9771641448	-0.00429961644113	0.00109606876504	-0.0018977652071
-6.64219015587	-61.0	54.7506445492	-0.00430301949382	0.00104871427175	-0.0020155266393
-6.31984464909	-61.0	55.0665938193	-0.00418105442077	0.0011255616555	-0.00183178309817
-6.50074117313	-61.0	54.6300218447	-0.00421872828156	0.00103115441743	-0.00206351396628
-10.9257865254	-61.0	60.8639461835	-0.00756580196321	0.00198429822922	0.000552108453121
-11.0641081763	-61.0	61.0836237980	-0.00769220478833	0.00201711244881	0.000638014404103
-11.2652280426	-61.0	60.6410476860	-0.00769121386111	0.00192390091252	0.000352887873305
-1.68182788806	-61.0	56.0754929250	-0.00179629714694	0.00154784461483	-0.0010896702297
-1.19141694043	-61.0	56.0994929504	-0.00151450932026	0.00156912661623	-0.00106832606252
-3.27343209662	-61.0	59.1995233063	-0.00304696243256	0.00224498007447	0.000653426221106
-3.29538899659	-61.0	58.9138140726	-0.00302274688147	0.00216997298412	0.000474135391414
-2.81208647243	-61.0	58.9139271610	-0.00272574322298	0.00221155234613	0.000488585792482
-5.57861793339	-61.0	64.3989794365	-0.00521828746423	0.00305453757755	0.00402475753799
-5.52189202486	-61.0	64.9427224693	-0.0052635492757	0.00315047195181	0.00442698271945
-5.37644773239	-61.0	64.3416891555	-0.00507748825476	0.00306644057855	0.00403281068429
-5.76257649906	-61.0	64.8001820202	-0.00540212448686	0.00310293957591	0.00426314631477
0.370293461552	-61.0	51.4970160075	-0.000593629782088	0.00059721089201	-0.0032776533626
0.81049573898	-61.0	51.5115240289	-0.000378323573386	0.000605806999374	-0.00326826167293
0.81519976624	-61.0	51.7878386295	-0.000375251984224	0.00066041550599	-0.00314161134884
-1.2652528742	-61.0	58.3418402236	-0.00168131932151	0.00215815077536	0.000164875556948
-1.59088611886	-61.0	57.9126423048	-0.00186024582945	0.00202184007503	-8.69137293193e-05
-1.16836644698	-61.0	58.0938540206	-0.00160298845731	0.00209185713902	2.15024156205e-05
-5.45389363851	-61.0	64.1109719782	-0.00509407697245	0.00301930727437	0.00384857924655
-5.82655568865	-61.0	64.0864766155	-0.00532938120887	0.00297560822219	0.00374274956994
-5.61034586112	-61.0	64.0007353576	-0.00517798727378	0.00298361829482	0.00373311829753
-11.3753385935	-61.0	59.5653595186	-0.00749595323578	0.00171820027754	-0.000235304716625
-10.8320479882	-61.0	59.5758431839	-0.00721980258822	0.00175018981099	-0.00011320035992
-10.9935514029	-61.0	59.7592971537	-0.00734401727095	0.00177525030449	-5.1422706747e-05
-6.39026862520	-61.0	46.2536570311	-0.00347868306562	-0.000448300736025	-0.00585023825988
-6.46850381423	-61.0	46.4728191114	-0.00352537375875	-0.000414714828366	-0.00576085876673
-6.21271570742	-61.0	46.6724710800	-0.00342639558949	-0.000378629832994	-0.00565748987719
1.55404017995	-61.0	61.8291124843	0.000418596580857	0.00323075661436	0.0026110522449
1.06375814327	-61.0	62.1130509354	3.66074818885e-05	0.00336229964159	0.00286450376734
1.33055093829	-61.0	62.9909182070	0.000286294089165	0.00350345182233	0.00362603017129
0.893467921757	-61.0	62.8879962567	-8.87971327757e-05	0.00353798922151	0.0035573404748
0.724408823838	-61.0	63.0552117982	-0.00023532420164	0.00357815437019	0.00371456728317
1.03679643791	-61.0	63.3100387066	4.11276632803e-05	0.00358234276064	0.00392747111619
3.33381573577	-61.0	61.6887747620	0.0016610029852	0.00293991412036	0.00241454248317
3.70831479373	-61.0	61.8693056041	0.00191793951672	0.00292996433564	0.00251858006231
3.87072834574	-61.0	61.6287360596	0.00199286895804	0.0028599970974	0.00232720328495
3.40626702765	-61.0	61.5166092673	0.00168899807613	0.00289238477126	0.00228091375902
2.67220538037	-61.0	62.4888230876	0.00128996127751	0.00320460856892	0.00309331249446
3.18387011752	-61.0	62.5497565827	0.00164352124557	0.00313698407263	0.00309124286287
2.84000621789	-61.0	62.3021507757	0.00139163760468	0.00314104906283	0.0029284551274
3.01731958584	-61.0	62.7488101393	0.00154662132263	0.00319839082658	0.00326734571718
-0.292347268232	-61.0	64.9109117871	-0.00116237520706	0.00371385156177	0.00533289927989
-0.639771113836	-61.0	64.5178472983	-0.00147917494178	0.00368441641331	0.00499846786261
-0.5642513827	-61.0	64.8877280886	-0.00141032226384	0.00370115647092	0.00530448229983
-0.512504942885	-61.0	64.3844979861	-0.00136347184889	0.00368771003559	0.00489308312535
-7.32223659329	-61.0	46.9428054623	-0.00392511067912	-0.00035366526572	-0.00561872683465
-6.87782109670	-61.0	46.6548946309	-0.00371366320178	-0.00039230362745	-0.0057106600143
-6.85226809192	-61.0	66.0432749935	-0.00637084757909	0.00321516254917	0.00481091672555
-7.24751956338	-61.0	65.7731612230	-0.00657787825912	0.00313668744639	0.00450849113986
-6.96999218135	-61.0	65.6499833806	-0.00636515719816	0.00313800177537	0.00451013026759
-9.068408792	-61.0	59.1755909011	-0.0062294639647	0.00177998479921	9.25858330447e-06
-9.37696950450	-61.0	59.5074837145	-0.0064556770958	0.00182384334039	0.00013665771985
-9.02395028871	-61.0	59.4356715354	-0.00625830935314	0.00183250976261	0.000160432755365
-9.33201301508	-61.0	52.1074775573	-0.00527647975832	0.000462577067083	-0.0035155445803
-9.01874278725	-61.0	52.5710510300	-0.00518332328647	0.000553452351596	-0.00327271735296
-9.23650188513	-61.0	52.5799179358	-0.00528558110818	0.000547868898138	-0.00329105532728
-7.70445165795	-61.0	54.1485400424	-0.0047475323081	0.000888556125574	-0.00240423693322
-7.93619070019	-61.0	54.1095377119	-0.0048540267162	0.000871941738296	-0.00244529196061
-7.71122441448	-61.0	53.6188123116	-0.00468780612573	0.000789197569247	-0.00265785050578
-2.25389008345	-61.0	62.7250099748	-0.0027833066415	0.00326433032751	0.00331744085997
-2.00912805969	-61.0	62.3890781958	-0.00257412088104	0.00324427220039	0.00305181951262
-2.20679695727	-61.0	62.2558898762	-0.00271132495254	0.00317923421972	0.00292597454973
-1.29016504673	-61.0	63.0658550649	-0.00203362852335	0.00349063030444	0.0036926784087
-0.981540652706	-61.0	63.2368338755	-0.0017730005784	0.0035570031032	0.00386483641341
-1.16513622415	-61.0	62.6612625651	-0.00191260059364	0.00344146275893	0.00333918933757
-0.825785882576	-61.0	62.8441339932	-0.00162669550627	0.00351816718467	0.00351852248423
0.236890638239	-61.0	63.1977175038	-0.000673171249218	0.00362121546641	0.00385640887544
-0.119070785534	-61.0	63.5607404250	-0.00100025581196	0.00365798920393	0.0041856165044
0.151174678421	-61.0	63.6032686916	-0.000752635591198	0.00366395781748	0.00422316975892
-0.0366754070275	-61.0	63.1558416216	-0.000922395440284	0.00361654767767	0.00381978577934
0.590389840003	-61.0	65.0808389139	-0.000355883035809	0.00371711771004	0.00545241869986
1.00405647755	-61.0	64.7983216803	1.4740282495e-05	0.00368634145707	0.00519629893824
0.810495929801	-61.0	65.1393318034	-0.00015782029368	0.00371025921777	0.00548311509192
0.832794604527	-61.0	64.6768731555	-0.000137303242809	0.00369277293794	0.00511249899864
5.10190690632	-61.0	55.6409348265	0.00200750981458	0.0014559677802	-0.00135204056278
5.06168769321	-61.0	55.3913156186	0.00196325778961	0.00140445318539	-0.00147784803994
5.42282053707	-61.0	55.3391406277	0.0021459304262	0.00138837017585	-0.00152043055277
5.77267654511	-61.0	56.4576956626	0.00244353269227	0.00161302019842	-0.00095976452576
5.84904490043	-61.0	56.7497841073	0.00251660472713	0.00167178944685	-0.000808991258964
6.49047399439	-61.0	55.7071520842	0.00273210275918	0.00144621264189	-0.00139262515586
6.88814852447	-61.0	55.5810231934	0.00291997054592	0.00141490227543	-0.00148353097029
6.81949995695	-61.0	55.3194955010	0.00285633490421	0.00136444403324	-0.00161074067
6.43800110767	-61.0	55.4312396981	0.00267545715906	0.00139196962118	-0.0015294754412
1.87893845343	-61.0	53.2250917753	0.000179610127816	0.000962899765	-0.00247142300941
2.15057785467	-61.0	52.6710211657	0.000303608248942	0.000850500713568	-0.00273446086794
1.69858742955	-61.0	53.0471412524	8.30706121633e-05	0.00092470261734	-0.00255488790572
2.25767120955	-61.0	52.8734624027	0.000363377068425	0.000892420532182	-0.00264032743871
-0.973468306465	-61.0	44.8089214915	-0.00110637641046	-0.000598390353844	-0.00623033335432
-0.588228526424	-61.0	45.1197457613	-0.00094951124629	-0.000543915317394	-0.00608917977661
-1.11336389237	-61.0	45.0661379385	-0.00117125292309	-0.000559424515814	-0.00612338632345
-2.71091714669	-61.0	44.1800620264	-0.00182102818508	-0.000719736155588	-0.00655147759244
-3.19297912793	-61.0	44.2107518083	-0.00202425918542	-0.000721472955775	-0.00655708927661
-2.85484837928	-61.0	44.4262518928	-0.00188944162801	-0.000683609687258	-0.0064513143152
-1.62715742994	-61.0	45.0688545071	-0.00138938880991	-0.000565944821574	-0.0061354059726
-1.75781949608	-61.0	45.2850397068	-0.00145060475916	-0.000533291953616	-0.00604637246579
-2.10365135580	-61.0	45.2459589486	-0.00159680936486	-0.000544356997125	-0.00607356615365
-1.97886760719	-61.0	44.8503771371	-0.00153262901586	-0.000605332141276	-0.00623935554177
-2.06582085475	-61.0	45.0337765905	-0.00157464400399	-0.000577545142733	-0.00616341037676
-5.04104703967	-61.0	61.8164932673	-0.00449798814952	0.00264672306366	0.00228229025379
-4.79777236882	-61.0	61.9037779131	-0.00436561647803	0.0026940330863	0.0023789878469
-4.84896268909	-61.0	62.2182162739	-0.00444295769557	0.00274990126491	0.0025975976605
-5.05854257955	-61.0	62.1844620478	-0.00456455163658	0.00271741719916	0.00254074134864
2.51010145056	-61.0	66.2422504447	0.00132277840748	0.00367560354061	0.00606174953282
2.58950981844	-61.0	65.7041122251	0.00136054330505	0.0036154454574	0.00565106328577
1.02772349196	-61.0	50.7020855078	-0.000276062724879	0.000451867410447	-0.00363468192518
1.36901927100	-61.0	51.0433385190	-0.000110109329398	0.000521266425494	-0.0034801713191
1.11140343538	-61.0	51.1308461019	-0.00023369617702	0.000535224738996	-0.0034406799823
3.44231893042	-61.0	52.5617243624	0.000945650448557	0.000834192964248	-0.00280407466926
3.16135196061	-61.0	52.5894521325	0.000807185482699	0.000838863430545	-0.00278565147892
3.38509250955	-61.0	52.1336056204	0.000898688100278	0.000749381084461	-0.0030018761754
3.16670677289	-61.0	52.1444446278	0.000791872560512	0.000750553444959	-0.00299267820083
1.74301205096	-61.0	51.3555845892	7.45909492252e-05	0.000585633330047	-0.00333918887191
2.01075131905	-61.0	51.2776956709	0.000202922004974	0.00057308760006	-0.00337603269145
2.10765255945	-61.0	51.6242477867	0.000257061852608	0.00064138986636	-0.00321861659177
1.89116583492	-61.0	51.7197938939	0.00015311856987	0.000658266653772	-0.00317344395444
4.33256855010	-61.0	51.1403020004	0.00131066259928	0.000562980305403	-0.00348024629056
4.10060853512	-61.0	51.1306496792	0.00120011717081	0.000559927430004	-0.00347788538784
4.19183247838	-61.0	50.7451369325	0.00122603191994	0.000488230085466	-0.00365433958359
0.975534729743	-61.0	50.3438675098	-0.000302063417621	0.000383349630283	-0.00379571225494
0.772040300872	-61.0	50.3350044191	-0.000398287840653	0.000379087403417	-0.00380055094138
0.665697387285	-61.0	50.5178493131	-0.000448794395197	0.000412241119193	-0.00371913099661
-0.980800981094	-61.0	67.5575109490	-0.00180139101576	0.00386276724748	0.0072637591511
-1.24605015621	-61.0	67.0518413901	-0.00203718850389	0.00379916466773	0.00687716295943
-1.02390356859	-61.0	67.0940813134	-0.001833954826	0.00381265068427	0.00692792376503
-1.20621881987	-61.0	67.5745919015	-0.00201203115284	0.00385671691038	0.00725667877123
-2.93607876906	-61.0	55.1859387831	-0.00243441271596	0.00129659695085	-0.00158118864056
-2.83161860998	-61.0	54.6591756161	-0.00233979453333	0.00118441006634	-0.00184226350393
-3.03029078704	-61.0	54.6617263770	-0.00244546611793	0.0011780669447	-0.00184794527013
6.34426343238	-61.0	54.3930136014	0.00252308882773	0.00118782382924	-0.00204012659378
5.96062453056	-61.0	54.4936687393	0.00234052818269	0.00121119129471	-0.00196936563589
6.13895659748	-61.0	54.7346457877	0.00245315372013	0.00125722854864	-0.00186024385039
6.11573801829	-61.0	54.3035582908	0.00240061432123	0.00117222464178	-0.00207090494223
5.28655352226	-61.0	54.1956162144	0.00197474262677	0.00115742243361	-0.00208281772211
5.16552484244	-61.0	54.4328208581	0.0019330579089	0.0012062623864	-0.00196141283959
5.57950224989	-61.0	54.4229388251	0.00214208126999	0.00120060087647	-0.00198488868773
5.45486853338	-61.0	54.5951010765	0.00209411652759	0.00123639521189	-0.00189421046525
6.12384910245	-61.0	53.4442855227	0.0023283243645	0.00100456690416	-0.00248576235026
6.03171837049	-61.0	53.8258464257	0.00231581227854	0.00107914989349	-0.00229806918651
5.93151145797	-61.0	53.3875957147	0.00222916319035	0.000994378933683	-0.00250269169919
5.76455638296	-61.0	53.5735790416	0.00216222554445	0.00103129504714	-0.00240556499921
8.64818583120	-61.0	55.5234673714	0.00379074527882	0.0013805316994	-0.00165904057212
8.93887750993	-61.0	55.2870426745	0.00390377361327	0.00133349606767	-0.00180425087456
8.88262142645	-61.0	55.0942047728	0.00385218579322	0.00129822676536	-0.00189333851449
8.50795070216	-61.0	55.3504678139	0.00370009546168	0.00134961912408	-0.00173154158983
-3.98351876846	-61.0	47.7010191118	-0.00250423746184	-0.000170670755324	-0.00508630741388
-4.03294453426	-61.0	47.0961848385	-0.00249818665907	-0.000272830016911	-0.005351414904
-3.83975960398	-61.0	47.1814564439	-0.00241725891829	-0.000255382678006	-0.00530551699921
-3.67699378918	-61.0	47.3525356377	-0.00235316064209	-0.000224010727834	-0.00522399414331
-3.72853315531	-61.0	47.6019776220	-0.00238685286604	-0.000182915173355	-0.00511783361435
5.47586677377	-61.0	47.8574717820	0.00168603530619	-1.69290542544e-05	-0.00496908836067
4.97294500405	-61.0	48.0165522324	0.00147112819832	5.72213730266e-06	-0.00488060293719
5.37447364199	-61.0	48.0342170298	0.00164860114455	1.26442828332e-05	-0.00488845724612
5.42297799017	-61.0	47.6660709310	0.00165539968293	-5.04213785462e-05	-0.00504948245361
2.66285983936	-61.0	51.7798834798	0.000532263773493	0.000676082505379	-0.0031529054977
2.45296840357	-61.0	52.2298421319	0.000442362623289	0.000763597374316	-0.00294285546988
2.43495428385	-61.0	51.8835672597	0.000423648714786	0.000694861053489	-0.00310257473029
2.38310196242	-61.0	52.0608159160	0.000402997451602	0.000729524821509	-0.00302032986656
2.81883413697	-61.0	51.9846765169	0.000615163706243	0.000717261980753	-0.00306081981398
1.24994560842	-61.0	52.0632459987	-0.000158226932399	0.000720235286281	-0.00301371747628
1.65101120074	-61.0	52.0636331199	4.08342057199e-05	0.00072424049722	-0.00301412888803
1.26316115082	-61.0	52.3061408183	-0.000149039027747	0.000769217964262	-0.00290119904093
-7.87216237219	-61.0	64.3655098394	-0.00666141789407	0.0028385000769	0.00340105616488
-7.53401828939	-61.0	64.0277454401	-0.0063813184388	0.00280597340316	0.00327238999307
-3.76139579450	-61.0	47.9516201668	-0.00241717719473	-0.000124154103105	-0.00496692629531
-3.75847920441	-61.0	46.0232363706	-0.00233273929916	-0.000443999917479	-0.00580248655751
-4.00407094329	-61.0	46.0684446288	-0.0024404739961	-0.000440497795353	-0.00579426949844
-3.84459180009	-61.0	45.5812655234	-0.00235171243548	-0.000516137049999	-0.00599668780342
-1.99432594602	-61.0	56.4751778659	-0.00200200639665	0.00163326598704	-0.000885476067197
-2.24456899615	-61.0	56.3355884562	-0.00213644444011	0.00158929219469	-0.000965294369962
3.44876933189	-61.0	67.7641983279	0.00225732591935	0.00380453770049	0.00691435206681
3.35714789710	-61.0	67.5552897522	0.00214965897612	0.00378097267821	0.00679402751848
2.24824284776	-61.0	66.7728762686	0.00113433925435	0.00374791678041	0.00649644061923
2.46083475975	-61.0	66.7523604623	0.00131372688338	0.00373347755522	0.00643929699436
-8.47899059199	-61.0	51.6084331489	-0.00482957204804	0.000401358265663	-0.00365799013525
-8.75031212716	-61.0	51.0984836422	-0.00490278471261	0.00030545523623	-0.0039126733318
-9.60676749553	-61.0	51.6211724667	-0.00534949079156	0.000370971916709	-0.00376282376237
-8.20585182951	-61.0	52.1342792957	-0.00475739361718	0.000502241542563	-0.00339385308325
-2.96454884465	-61.0	66.9506630472	-0.00355193368159	0.00368017260917	0.00652460101992
-3.08510820172	-61.0	67.4698245694	-0.00369963538833	0.00373993976973	0.00687336875126
-2.76085333918	-61.0	66.9756450811	-0.00337978126481	0.00369850220159	0.00658557517454
10.7313305655	-61.0	59.3299013874	0.00540943397209	0.00204880302772	3.42817329511e-05
10.6725905306	-61.0	59.5374761008	0.00541578326374	0.00208720006049	0.000153940709424
10.7592912463	-61.0	59.7408378702	0.00549665745348	0.00212214328349	0.00024762772955
11.0692537255	-61.0	59.5708847531	0.00562581280246	0.00208636862226	0.000104838654806
-11.5758337978	-61.0	52.3814417406	-0.00634145643562	0.000439922034275	-0.00364820659161
-11.1853432728	-61.0	52.5976569460	-0.0061889924109	0.000487685436383	-0.00350339245051
-11.6240199746	-61.0	52.6057852415	-0.00639191456139	0.000475000793813	-0.00355448946357
-11.2022230469	-61.0	52.3666475181	-0.00616809632629	0.000448931416031	-0.00360857485794
5.87274339645	-61.0	62.8911709339	0.00334586156532	0.00290072639473	0.00294473697431
5.95845810602	-61.0	62.6093073188	0.00335884746164	0.00284464820288	0.0027408124879
6.36342570708	-61.0	62.7410638274	0.00361248804256	0.0028383967001	0.00275902287103
6.29425758355	-61.0	62.9771868405	0.00360512011684	0.0028842324391	0.00292698806152
-9.8452809856	-61.0	56.5446426807	-0.00612781383097	0.00124025554396	-0.00148450548295
-9.58737965887	-61.0	56.6652944337	-0.00602294364944	0.00127557874657	-0.00138707517181
-9.33082224041	-61.0	56.4337719982	-0.00585914682597	0.00124510948081	-0.00146712188143
3.13752671492	-61.0	55.6523833851	0.00095467409119	0.00148736324627	-0.00128906604368
2.76982119265	-61.0	55.4967968189	0.000743151176721	0.00145597325172	-0.00136353110429
2.67797409159	-61.0	55.7259826340	0.000705257523805	0.00150888622738	-0.00124497257639
2.79622667782	-61.0	55.9170304268	0.000782355957199	0.00155146839097	-0.00114758301061
6.57199514230	-61.0	47.0736841202	0.00212809653021	-0.000140589283546	-0.00536021543667
6.69883878959	-61.0	47.4925240311	0.00220241700299	-6.76679555909e-05	-0.00518740899861
6.31929744679	-61.0	47.1012156750	0.00202076556161	-0.000138456278364	-0.00533468462527
6.52229412579	-61.0	47.5430837789	0.00212838035077	-6.07925721852e-05	-0.00515568815172
6.37222415809	-61.0	47.4301502961	0.00205812463537	-8.16423780634e-05	-0.0051961443387
1.16514446439	-61.0	49.9695935755	-0.000214204657823	0.000315680372296	-0.00396233564243
1.08624398956	-61.0	49.6448051885	-0.000252085010288	0.000254642654909	-0.00410678749904
1.45252872003	-61.0	49.7049481367	-8.17811815068e-05	0.000270200282102	-0.0040797451511
1.38328774792	-61.0	49.9043455426	-0.000112625886686	0.000306214496959	-0.00399117730558
1.08644832217	-61.0	49.8210482497	-0.000251495483099	0.000287155387923	-0.00402857596055
-2.63243789405	-61.0	48.5713285958	-0.00193671288434	3.3710250591e-06	-0.00465076928958
-2.15220100254	-61.0	48.4935132120	-0.00171705707908	-1.883820687e-06	-0.00466909864917
-2.31239409450	-61.0	48.3336196330	-0.00178394059185	-3.26325789501e-05	-0.00474422005937
-6.02233414898	-61.0	66.5437595402	-0.0058909188956	0.00336740422063	0.00540816085413
-5.63838153713	-61.0	66.8343376332	-0.00566489901394	0.00344644929282	0.00572727201506
-5.73473560927	-61.0	66.4570896544	-0.00566523056477	0.00337712070905	0.00543511286378
-1.55467341000	-61.0	54.9522489550	-0.00166692573112	0.0012894612737	-0.00166094559245
-1.68898634398	-61.0	54.7930546331	-0.00173276569694	0.0012498316355	-0.00174341443926
11.0411495784	-61.0	55.6514408940	0.00497714383528	0.00138498877641	-0.00186773657333
10.8282696676	-61.0	55.8106632274	0.00489645358175	0.0014144446468	-0.00176310620736
11.3331613771	-61.0	56.0550163189	0.00517836073413	0.00145540898666	-0.00171155156568
11.0828693902	-61.0	56.1709577065	0.00507335923612	0.00147733464837	-0.0016211665934
-9.79496106812	-61.0	51.1249975812	-0.00538232224062	0.000281937682303	-0.0040039033629
-9.93169161875	-61.0	51.3144937948	-0.00546489609405	0.000310092669679	-0.00393381342292
11.3101813327	-61.0	54.0587753487	0.00488793896511	0.00110376579687	-0.00265669007786
11.5338831915	-61.0	53.8105842591	0.00496161496267	0.00106111832429	-0.00279993074946
11.8914815078	-61.0	54.0262962055	0.00515957223251	0.00109973945655	-0.00274635874666
-8.69098590334	-61.0	48.8552893145	-0.00467051379383	-6.92140965839e-05	-0.00489907851443
-9.11151725380	-61.0	48.6766921266	-0.00484195351601	-0.000106566876639	-0.00501537369564
-8.98702953328	-61.0	48.4742986007	-0.00476974574849	-0.000136928720167	-0.00509217660874
10.7943032041	-61.0	55.5417800193	0.00484169321135	0.00136656314135	-0.00188905687537
10.9694487019	-61.0	55.1465023575	0.00487125013024	0.00129549950361	-0.00210105837323
11.2029209598	-61.0	55.2528306634	0.00499879475683	0.00131373293698	-0.00208010640927
-11.1425131190	-61.0	51.3017226544	-0.00601461529732	0.000276029779343	-0.00407442357391
-11.0768252269	-61.0	50.9018183101	-0.00593989435583	0.000212668135646	-0.00424339389428
-11.3309077188	-61.0	51.2246090134	-0.00609129527584	0.00025873616687	-0.0041309078224
4.52400004212	-61.0	52.4567662313	0.00147303752601	0.00081549573224	-0.00288213044405
4.66842963487	-61.0	52.2632634338	0.00153200363275	0.000778151792474	-0.00297692371532
7.86381162546	-61.0	54.0144675882	0.00323186977766	0.00110413366929	-0.00232756091282
7.98401596134	-61.0	54.2397200827	0.00331451511011	0.00114563317038	-0.00222877459601
7.60688206508	-61.0	54.1106927334	0.00311702047475	0.00112378492486	-0.00226156180725
7.81007199742	-61.0	54.4148127646	0.00324878841639	0.00117980025243	-0.00213017920032
-5.80041829212	-61.0	47.8800764572	-0.0033179842867	-0.00017389387358	-0.00510700792074
-5.81292023741	-61.0	47.5720370071	-0.00330495368689	-0.000225219788263	-0.00524190021679
-5.53988771774	-61.0	47.5593436833	-0.00318405102007	-0.000222376998863	-0.00523074623197
-5.45701511566	-61.0	47.7018923871	-0.00315574719571	-0.000197199638933	-0.00516378553584
-5.52118645482	-61.0	47.8799200413	-0.003194473451	-0.000168692713487	-0.00509004062042
5.70500314158	-61.0	62.6835015236	0.00321997492574	0.00287772412412	0.00283293495886
5.45806738037	-61.0	63.1864178677	0.00313552119769	0.00298551679589	0.00321965804324
5.39054521607	-61.0	62.9901491877	0.00307119684294	0.002957921708	0.00309616769664
-0.597661257315	-61.0	53.7470109905	-0.00111167028081	0.00104460725561	-0.002234805841
-1.05273365700	-61.0	53.6372343957	-0.00134803727269	0.00101201666985	-0.00229536625557
10.2167190136	-61.0	60.0444233462	0.00526961218566	0.00218783947639	0.000502407259773
10.4529365693	-61.0	60.1080994815	0.00540382741019	0.00219416269101	0.000497028522659
10.5737021330	-61.0	60.3135907591	0.00550396926701	0.00222851708531	0.000587386603002
9.99467896912	-61.0	60.3547644524	0.00520873768255	0.00224908883683	0.000709789106622
10.1502888310	-61.0	60.4977148478	0.00531583093107	0.00227105314843	0.000761925359257
-9.6734772775	-61.0	53.5617592070	-0.0056078848429	0.000705546699464	-0.00288783246651
-9.10550598984	-61.0	53.6663596500	-0.00535426894203	0.000745387049392	-0.0027759608347
-9.48285634289	-61.0	53.4103978862	-0.00549961579964	0.000685724429786	-0.00293630058877
-9.63806420920	-61.0	53.7868208601	-0.00562002277002	0.000746836070903	-0.00277954782359
-9.46332146516	-61.0	53.9038668877	-0.00555294193327	0.000774441868998	-0.00270499987528
0.26209011641	-61.0	55.8087417090	-0.000665604544338	0.00152794329915	-0.00120127247646
0.584655652242	-61.0	56.0400752199	-0.000478303292766	0.00158736563753	-0.00107965630013
0.149248814063	-61.0	56.0655073797	-0.000732232234441	0.0015890566865	-0.00106966309249
-1.95236186320	-61.0	47.3035905836	-0.00159111001994	-0.00020393091836	-0.00518186716363
-1.59697060196	-61.0	47.5805065458	-0.00144168722909	-0.000151166212163	-0.005051670596
-1.52104837209	-61.0	47.3556380323	-0.00140221964102	-0.000188384612557	-0.00514731369913
-1.79728038785	-61.0	47.1675624471	-0.00151890877169	-0.000224535382586	-0.00523634720594
10.8356760781	-61.0	61.3923573509	0.00584583962336	0.00241542537697	0.0011269308161
10.6889210578	-61.0	61.1503045376	0.00572099257261	0.00237549678423	0.00102261267602
-2.15456350241	-61.0	53.0619960885	-0.00189469603356	0.000865564215928	-0.00259636784904
-2.35354731621	-61.0	52.6362020501	-0.00197489140555	0.000773664738517	-0.00280335708521
-2.07549075900	-61.0	52.5553400938	-0.00183175259735	0.000764016411267	-0.0028329892084
-2.41715981963	-61.0	51.2126275384	-0.00194155436475	0.000491895538289	-0.00346382171847
-2.69920719533	-61.0	51.3388401731	-0.00208307942376	0.000509856326971	-0.00341569143347
-2.20293782499	-61.0	51.6107853196	-0.0018545963103	0.000573556870222	-0.00327489711344
-1.97282457117	-61.0	53.4444092558	-0.00181938323658	0.00094972277293	-0.0024089680519
3.93735870710	-61.0	58.8721407057	0.00170193135273	0.00221608113497	0.00048332233564
3.76656795376	-61.0	59.1054203619	0.0016279395204	0.00228227116168	0.000631492119282
4.10030360446	-61.0	59.3945650914	0.001859765267	0.00232975115068	0.00079989049118
10.1186670893	-61.0	53.2893249953	0.00422875396907	0.000966832507402	-0.00287754856981
10.3303886788	-61.0	53.6831294560	0.00437568267807	0.00103672489058	-0.00271710404195
10.0891820678	-61.0	53.6866822722	0.00426169298589	0.00103735679295	-0.0026893063914
10.3374386468	-61.0	53.4272566080	0.0043482799083	0.000991475651972	-0.00283699971624
0.355792778972	-61.0	61.2102058933	-0.000578638340812	0.00314854364842	0.00210971618071
0.0886923686203	-61.0	61.6001505779	-0.000801811751444	0.00327437068336	0.00243010069244
0.372398443281	-61.0	61.7354347347	-0.000558559142519	0.00331053789705	0.0025455232244
4.46745299297	-61.0	66.7592224532	0.0029056572821	0.00359488045797	0.00592898065224
4.85182147357	-61.0	66.5843064211	0.0031565646641	0.00354143348522	0.00569500774145
4.43500146773	-61.0	66.5253324792	0.00284559954889	0.00356573984027	0.00577791593969
-9.26449743834	-61.0	54.8187537124	-0.00558171933517	0.000948474858887	-0.00224932353012
-9.48557113331	-61.0	54.5177272041	-0.00564511725679	0.000884297420271	-0.0024190787226
-9.48934700436	-61.0	54.7196937256	-0.00567483855411	0.000920858874451	-0.00232368637808
-9.08345905308	-61.0	54.4750444099	-0.00544848991558	0.000893054937478	-0.00239230203442
-9.39616613369	-61.0	54.3542292179	-0.00558059196919	0.000858295126818	-0.00248580449261
0.138666522422	-61.0	65.2240378131	-0.000767292454839	0.0037288388703	0.00558202015236
0.274680601425	-61.0	65.4989914891	-0.00064243527595	0.00373693159781	0.00579067273065
0.63645511347	-61.0	65.3373286173	-0.000314229167998	0.00372403836809	0.00564944604412
-10.4503971985	-61.0	61.8402816696	-0.00754707492888	0.00219322950579	0.00120445643552
-10.3358897197	-61.0	62.0811812961	-0.00754361227155	0.0022447835654	0.00136885046959
-10.0682371522	-61.0	61.7275366593	-0.00731194391847	0.00219623977318	0.00123358913697
10.1943198606	-61.0	57.7645763790	0.00487698148936	0.00177413283382	-0.000702422345057
10.4415171154	-61.0	57.6618234042	0.0049847108312	0.00175188132562	-0.000789314624853
10.6266512865	-61.0	58.0338156246	0.00513725075871	0.00181666680146	-0.000625047599897
10.4712658734	-61.0	58.1145521246	0.00507216295227	0.00183355202898	-0.000560867600143
-0.750046047552	-61.0	56.1548114779	-0.00125972414389	0.00159438536502	-0.00103299354669
-1.05582502539	-61.0	56.5340567705	-0.00145411945414	0.00168061896693	-0.000837728730403
-2.73612535984	-61.0	58.0833533073	-0.00258422549814	0.00199962686747	-8.22808033263e-06
-2.447173635	-61.0	58.0300513977	-0.00240265834145	0.00200460571796	-3.27140951413e-05
-2.56316145551	-61.0	58.5297890844	-0.00252655358054	0.00212895288132	0.000259960535914
-2.40359190526	-61.0	58.4313863938	-0.00241658627056	0.00211410480551	0.000204143681913
-1.96305811311	-61.0	57.4829834179	-0.00205792044289	0.00188874872401	-0.00033537831041
-2.26020331586	-61.0	57.5268722309	-0.00224173394963	0.00188475090545	-0.00031630214653
-2.09753805550	-61.0	57.0038286049	-0.00210120039992	0.00175981153734	-0.000602734973654
-3.10997898281	-61.0	57.6914002638	-0.00276458426379	0.00187618704513	-0.000244828377618
-3.42831207770	-61.0	57.2802596093	-0.00290377088822	0.00175669870805	-0.000487733748741
-3.35077208685	-61.0	57.7358185217	-0.002910599811	0.00187154812738	-0.000227568452829
-3.19395968759	-61.0	57.2722433574	-0.00276811770163	0.00176857830957	-0.00048383208923
1.27495751526	-61.0	44.9666380009	-0.000159076938871	-0.000545407645404	-0.00613321783021
1.01161737095	-61.0	44.8658328452	-0.000269301905064	-0.000564582936931	-0.00617752922699
1.48306396736	-61.0	44.8164219820	-7.04610283719e-05	-0.000567080744077	-0.00619675777853
6.94844891876	-61.0	52.0939826389	0.00261282781139	0.000748491147533	-0.00316530419514
7.03339114975	-61.0	52.5997884864	0.00269577722065	0.000842270150315	-0.00293676392175
-1.67977644605	-61.0	43.9923937133	-0.00138393614907	-0.000735078181606	-0.00659800181165
-2.20214251414	-61.0	44.1122849771	-0.00160575320479	-0.000723428383935	-0.0065627489239
-2.00741150067	-61.0	44.3234734392	-0.00153003667947	-0.000688163680024	-0.00646603107452
-12.1438405217	-61.0	56.1490479770	-0.00716783804819	0.00104685057886	-0.00204173172824
-12.2292198420	-61.0	55.6905047068	-0.00712792715058	0.000961370882578	-0.00226290640421
-11.9353458724	-61.0	55.9471771257	-0.00703194923699	0.00102323468309	-0.00209791469388
7.58930638642	-61.0	61.9372953408	0.00418536318466	0.00262283277698	0.00203700433485
7.81285184857	-61.0	61.7944843917	0.00428585195914	0.00258624576963	0.00191162258852
7.54990593704	-61.0	61.3413491130	0.00406923377886	0.00251625408418	0.00167698191945
7.76832150970	-61.0	61.4070751936	0.00419906154275	0.00251793232746	0.00168284133542
-8.37902026003	-61.0	64.1963876710	-0.00693159224465	0.00276826531626	0.00315231201239
-8.17473291999	-61.0	64.7486834558	-0.00693655340001	0.00288304570131	0.00356212351471
-8.37506464065	-61.0	64.6409087463	-0.00703474832699	0.00284843612462	0.00343532091938
-1.25080913974	-61.0	44.2368851416	-0.00121033273172	-0.000691689900123	-0.00648179836571
-1.2267340171	-61.0	44.7864422375	-0.00121290469542	-0.000605286331847	-0.00624593533576
-0.897010956634	-61.0	44.4135076390	-0.0010657554958	-0.00065959058702	-0.00639785965905
-4.45550938653	-61.0	52.7282065665	-0.00302417343482	0.000732828280888	-0.00284694461152
-4.49465072782	-61.0	52.9220107050	-0.00305860326625	0.000769648468122	-0.00275745382532
-3.98486752995	-61.0	52.8412776147	-0.00280067324638	0.000769583100919	-0.00277023389935
3.73792192234	-61.0	62.5282108207	0.00200266414322	0.00305557064712	0.00301046366803
3.92130832882	-61.0	62.2939573388	0.00209581223316	0.00298791029491	0.00281242188066
4.29914826544	-61.0	62.4666382282	0.0023487159051	0.00297524011694	0.0028925978113
-0.0724835947583	-61.0	51.2015072149	-0.000807110627647	0.000533077807631	-0.00341687351465
8.87461099237	-61.0	63.2211931719	0.00512093165889	0.00279261916876	0.00257555907592
9.38304494771	-61.0	63.4129286066	0.00544372014701	0.00280849053524	0.00258046784438
8.92164677318	-61.0	63.4690300708	0.00519301136956	0.00283352541737	0.00271447282284
9.43312594899	-61.0	59.4161915372	0.00475588254631	0.00209229416214	0.00028235145146
9.66443157404	-61.0	59.4026845561	0.00487315980718	0.00208409037441	0.000240615932853
9.47180086690	-61.0	59.0188176952	0.00471070827916	0.00201818090864	6.0346290411e-05
-2.98577857581	-61.0	55.6687805969	-0.00249994080514	0.00140306481626	-0.0013357339194
-3.14420631149	-61.0	55.5401660425	-0.00257583288476	0.00136750063393	-0.00140760024078
-4.01611256882	-61.0	44.3741161890	-0.00237611914054	-0.000707481056452	-0.00652339169756
-4.15336386981	-61.0	44.7512445371	-0.00244919280522	-0.000651091162581	-0.00636801775545
-4.45395954574	-61.0	44.5017312124	-0.00256565888412	-0.000693826295901	-0.00649020075798
-4.33290829510	-61.0	44.6515251890	-0.00252091698349	-0.000669048575219	-0.00641971407458
-3.24228039356	-61.0	53.6644951221	-0.00248511438258	0.000959550961852	-0.00234487978742
-3.43224839608	-61.0	53.9101361544	-0.0025999979116	0.00100450508762	-0.00223339954391
-3.59312746299	-61.0	53.7449920628	-0.00267018843442	0.000964896695223	-0.00232031848282
4.48973389671	-61.0	46.0284968524	0.00120649370365	-0.000338061974617	-0.00571869919077
10.4610652521	-61.0	62.2725553214	0.00581766711548	0.0025794589892	0.0016917954199
10.6462813435	-61.0	61.8317975236	0.00583062600344	0.0024973503314	0.00140731560532
10.3657874257	-61.0	61.9210979132	0.00569680053741	0.00251969089732	0.00151377532165
2.96030656151	-61.0	46.6341322906	0.000561620050576	-0.000251991237747	-0.0054273349233
3.19305841400	-61.0	46.6872249889	0.000662687292788	-0.000240477107582	-0.0054078665562
3.27829091233	-61.0	46.2665795722	0.000694162677974	-0.000310283561703	-0.00558956293389
10.3436694400	-61.0	55.8805225666	0.00466996477917	0.00143018632662	-0.00166822830215
-2.87687944274	-61.0	66.4728562627	-0.00344512122683	0.00362835614942	0.00619451981038
-2.85968176683	-61.0	66.6961170490	-0.00344503647648	0.00365659827366	0.00636159395799
6.85473465029	-61.0	58.9024859337	0.00332769192755	0.00207869522274	0.000310419272864
6.58545937323	-61.0	58.5684823982	0.00313753494993	0.00202217022888	0.000143640296301
6.95132770310	-61.0	58.6391242370	0.00334180309437	0.00202246964909	0.000150525505887
-8.33445773647	-61.0	47.0944685324	-0.0043757064268	-0.00034614893957	-0.00563413882628
-7.85352144752	-61.0	47.0246805414	-0.00416163774207	-0.000349375361111	-0.00562464958057
-8.01436362818	-61.0	46.8130164189	-0.00421663885936	-0.000385472783819	-0.00572931114584
6.71828342513	-61.0	66.1126202284	0.00432477053255	0.00333664310165	0.00486834719777
6.83007137129	-61.0	66.2779679952	0.00442342134193	0.00334755540825	0.00494653917849
-6.11487257337	-61.0	58.8642462768	-0.00462094973773	0.00192318635527	0.000244920811383
-6.32698578798	-61.0	59.2189449440	-0.00479483557865	0.0019810970407	0.000432068656664
-6.33455124210	-61.0	58.9844917978	-0.0047594527714	0.00193161785137	0.000291960313916
-6.11462368040	-61.0	59.2733873190	-0.00468868389726	0.00200941669755	0.00048890785547
-12.1065862389	-61.0	57.1399845703	-0.00733866728842	0.00122825591825	-0.00157898431644
-12.1025422856	-61.0	56.6369497825	-0.0072384942323	0.00113678933121	-0.00181146024261
-11.9019841795	-61.0	56.8037152425	-0.00717316986993	0.0011787598487	-0.00169736868702
-4.72254715904	-61.0	65.6249738310	-0.0048007988371	0.00333833973855	0.0051275966689
-5.27711116202	-61.0	65.4064713641	-0.00516518997028	0.00324961845763	0.00482302578166
-4.79006291063	-61.0	65.3625967009	-0.00481593469158	0.00329158897512	0.00491931149736
-5.12339252834	-61.0	65.7809747233	-0.00511124590412	0.00332351098768	0.00513274827972
-5.00922832682	-61.0	66.9536296261	-0.00520798517391	0.00351672223769	0.00599898723885
-4.62536061303	-61.0	66.4959405997	-0.00484321452677	0.00347869005054	0.00578207988292
-5.15605416472	-61.0	66.8356606143	-0.00530087109655	0.00348613294773	0.00587266730145
3.49206852548	-61.0	66.6173469891	0.00214226613753	0.00364860030822	0.0061019542627
3.48481049710	-61.0	67.0923171619	0.00219268421642	0.00371059728786	0.00643747346476
3.65732753608	-61.0	66.9155582034	0.00230787112378	0.00367546686903	0.00626777717844
5.23976953259	-61.0	66.4689693419	0.00340976426378	0.00349536910653	0.00550083583221
5.59815275985	-61.0	66.5427397160	0.00366998207755	0.00347518105991	0.00544306263328
5.61439717766	-61.0	66.2830949132	0.00363356946036	0.00344127393328	0.00526778865606
-4.23538038926	-61.0	64.3952198668	-0.00431775767356	0.00320781697519	0.00433516036719
-3.74450742753	-61.0	64.4626977040	-0.00398009829223	0.00328101078048	0.00449215481058
-8.54129404970	-61.0	47.4618687595	-0.00449318997562	-0.000291299453238	-0.00549264624715
-8.70232909727	-61.0	47.3273906315	-0.00455320673063	-0.00031529678381	-0.0055650761351
3.25752195879	-61.0	44.4166019654	0.000671391258948	-0.000613120442722	-0.00637782458216
3.49891467020	-61.0	44.4577605322	0.000771741440985	-0.000604494649451	-0.00636414717883
8.38585225037	-61.0	52.1890927982	0.00329782534391	0.000767903635278	-0.00322434888221
8.40149917332	-61.0	52.5644868533	0.00334131880663	0.000835708458908	-0.00305280857719
5.48782160111	-61.0	64.1847503756	0.0032720558811	0.0031452041585	0.00389921851456
5.15158278792	-61.0	63.8565463692	0.00302413152531	0.00312267546542	0.00374374189414
5.37770050943	-61.0	63.6588680707	0.00314234942198	0.00307081383653	0.00356093514711
-6.60490370167	-61.0	46.2956114483	-0.00357370916754	-0.000445017649326	-0.00584673881531
-6.41824826344	-61.0	45.8970657729	-0.00347011396661	-0.000504995405208	-0.00600598473102
-6.62253004740	-61.0	45.8797467624	-0.00355672603473	-0.000510778627358	-0.00602742331102
-2.16492295864	-61.0	67.9945088663	-0.00291970651597	0.00386519962922	0.00743133435026
-1.73392686617	-61.0	68.0996756220	-0.00252548512071	0.00389927765355	0.00757199898362
-1.99778374505	-61.0	67.7809323845	-0.00275244330987	0.00384608283639	0.00730498041958
4.10226782437	-61.0	65.8060243217	0.00251546595246	0.00349652464502	0.00536767300218
3.70209155113	-61.0	66.2102230647	0.00226123631001	0.00358122400939	0.00575916934758
4.05685299080	-61.0	66.2570264095	0.00253179273568	0.00355933443643	0.00569778773934
11.7699741195	-61.0	58.6924618908	0.00582605181262	0.00192071148194	-0.000468344020192
11.7351545922	-61.0	58.9549336813	0.00585533492267	0.00196766923182	-0.000328682217514
-5.3689486001	-61.0	57.5183753341	-0.00401153089479	0.00168766325805	-0.000462650205009
-4.92482816764	-61.0	57.5032435068	-0.00376851647161	0.00171335891355	-0.00043963646749
-5.22727425232	-61.0	57.7154762513	-0.00396297546104	0.00174005993176	-0.000341135339113
-4.94317278573	-61.0	57.3144351069	-0.00375290750526	0.0016703675501	-0.000546371913515
-5.12697318871	-61.0	57.2328177662	-0.00384140829556	0.00164089270402	-0.000604049302638
8.07580878774	-61.0	56.9054053364	0.0036848357413	0.00165154389106	-0.000900423678104
8.1416242644	-61.0	56.5278668860	0.00366782490164	0.00157792237587	-0.00110262469389
8.43919816901	-61.0	56.6642049986	0.00383562478237	0.0015986909857	-0.00106152228545
8.35503469271	-61.0	56.9374531604	0.00383038306609	0.00165219430346	-0.000911468465347
-10.8059283567	-61.0	61.1000913096	-0.00755883473903	0.00203498383053	0.000708620413207
-10.5200737539	-61.0	60.6596680148	-0.00730350986123	0.00197005621158	0.00053426757222
-10.4142212011	-61.0	60.8704557971	-0.00729640480131	0.00201561371796	0.000673617760185
5.71153461657	-61.0	46.2511997990	0.00172975857276	-0.000289133458864	-0.00566879613325
5.80777724215	-61.0	46.0505458291	0.00176405184902	-0.000322192441672	-0.00575870973989
5.53658339817	-61.0	45.7903553810	0.00164239690639	-0.000368565815734	-0.00585754634812
6.69667187935	-61.0	46.5980839221	0.00216038059443	-0.000220354515477	-0.00557094393298
6.89306115415	-61.0	46.7903157046	0.00225250027142	-0.000185513970791	-0.00550021464005
6.39044840177	-61.0	46.8613409425	0.00204108492471	-0.000178684742423	-0.00544131640345
0.0444049881177	-61.0	66.7997806411	-0.000845385482535	0.0038117445074	0.00675420602784
0.0329200270765	-61.0	67.3249160237	-0.000850809272379	0.00385942589492	0.00713039468974
0.240646381999	-61.0	67.2922348920	-0.000657063676044	0.0038569830358	0.00710239633918
-0.187467528696	-61.0	66.9577318991	-0.00105912913568	0.0038225504104	0.00686814356595
0.29818411272	-61.0	67.0872929528	-0.000606698042247	0.00383734540083	0.0069541381672
-8.57600510907	-61.0	62.3958831973	-0.00663947826251	0.00242398842238	0.00197978806682
-8.36826627532	-61.0	62.1340998860	-0.00646619126201	0.0023910861928	0.00186690222472
-8.76788167696	-61.0	62.2591370109	-0.00671707745641	0.0023842502851	0.00185190537013
-8.54489309286	-61.0	61.9557404227	-0.00652652606368	0.0023442839738	0.00171879061963
-7.60896896685	-61.0	55.0550480717	-0.00481636635959	0.00106498727109	-0.00195294374134
-7.82745896024	-61.0	55.4220280356	-0.00497287744656	0.00112551590428	-0.00179285183549
-7.53350159173	-61.0	55.2786307727	-0.00480926362798	0.00111150718294	-0.001834438066
-8.43391360698	-61.0	53.0838410007	-0.00496836844832	0.000664789928123	-0.00297790486366
-8.59138480208	-61.0	52.8359342051	-0.00501393619925	0.000614768534433	-0.00310821761377
-8.19206723042	-61.0	52.6308578102	-0.00480406358838	0.000591448391788	-0.00316453585401
7.00884746986	-61.0	64.5375425748	0.00425691809505	0.00309566780925	0.00379602168687
6.68769223803	-61.0	64.1743183414	0.00400839652866	0.00305699463934	0.00363256852143
6.79591297485	-61.0	64.5405806798	0.00412813294679	0.00310849957168	0.00384528306313
2.76264137389	-61.0	58.4003909139	0.000947717868257	0.0021591540426	0.000221919559408
2.95095082024	-61.0	58.1882414474	0.0010430959519	0.00209673237987	9.56497387961e-05
2.46228465228	-61.0	58.1399083302	0.00074104819214	0.00210335687734	7.07414437784e-05
1.21626262036	-61.0	57.8687003523	-5.64314432268e-05	0.0020618729759	-8.81433588802e-05
0.79595220439	-61.0	57.5600552201	-0.000331406161422	0.00198015524074	-0.000264106027316
0.954691410133	-61.0	57.4717957157	-0.000233698359807	0.00195574085228	-0.000312002492137
1.00448789647	-61.0	57.8949918500	-0.000190700317034	0.00207151542418	-7.46862351662e-05
1.11587084276	-61.0	57.5248305443	-0.000131437715027	0.0019690906629	-0.00028163290699
1.67396738346	-61.0	64.6827131037	0.000591705087572	0.00362172606401	0.0050256983377
1.43201079846	-61.0	64.6100693311	0.000386878673453	0.00364179559983	0.00499868858606
-5.34795883371	-61.0	60.7295856042	-0.00450336746871	0.00238772667944	0.00149753899314
-5.17448748793	-61.0	61.3090347513	-0.00449692551047	0.00252771493979	0.00191061361693
-4.93209072707	-61.0	61.0236823683	-0.00430976971984	0.0024953528773	0.00174506928306
-7.73281206453	-61.0	46.8789310688	-0.00409910967574	-0.000370539753931	-0.00567811820656
5.63616864690	-61.0	62.1733320028	0.00311333010904	0.00279137701727	0.00249832798727
5.36644292436	-61.0	61.7437244876	0.00290039507672	0.00273302546702	0.00224502710626
5.62128480841	-61.0	61.7249630932	0.00304523133673	0.00270866416395	0.00219916854985
1.48563888375	-61.0	64.7864450333	0.000433028268162	0.00364657840692	0.00513361021876
1.97435218330	-61.0	64.9448889223	0.000842690758873	0.00360834319144	0.00518774846569
1.75299980495	-61.0	65.0672510412	0.00066075270297	0.00363848498091	0.00531738158315
-10.0480313484	-61.0	58.8881151315	-0.00667230226099	0.00166666146833	-0.000319976767059
-9.92192527635	-61.0	58.3619364324	-0.00650226417929	0.00157517159823	-0.000573151570279
-10.1360622932	-61.0	58.7076952899	-0.00667988136411	0.00162779411767	-0.000430892192526
-9.66527823144	-61.0	58.4707605041	-0.00639448175207	0.00161029247101	-0.000471934356028
-5.95312022134	-61.0	49.5453879199	-0.00349508435465	0.000106388230051	-0.00438504433259
-5.80491272923	-61.0	49.1923354810	-0.00340375327505	4.85124510305e-05	-0.00453180307522
-5.63264438587	-61.0	49.3301309578	-0.00333501794375	7.6114301919e-05	-0.00446019414812
6.35291931653	-61.0	60.8815460727	0.0033406871371	0.00249528698623	0.00155823642854
6.30633743043	-61.0	61.3333006752	0.00337983923964	0.00258499919437	0.00185157323722
6.56504517698	-61.0	60.9607554510	0.00346982316114	0.00249783624895	0.00158124382142
-8.75432176681	-61.0	63.7113713902	-0.00704127317294	0.0026521096006	0.00274576130323
0.162252836129	-61.0	58.4022969365	-0.000735607289243	0.00221872446127	0.000210279031307
0.627024019988	-61.0	58.6827537171	-0.000419798772782	0.00230387691408	0.000379881937988
0.212845052911	-61.0	58.7177764889	-0.000701975659467	0.00231475522742	0.000397141266149
0.0984743460737	-61.0	58.5505934911	-0.000779271940701	0.00226263515651	0.000296904559946
0.320332170428	-61.0	58.3411216268	-0.000630014343187	0.00220165355131	0.000175888460944
-10.8610791257	-61.0	51.6814585670	-0.00593007961288	0.000345768086845	-0.00387321133167
-10.4628155445	-61.0	52.1292697106	-0.00579981924966	0.000431872991612	-0.00362788303755
-10.8321573880	-61.0	52.0399768112	-0.00595881184563	0.000405950529967	-0.00371022988111
-10.8771465874	-61.0	51.8580207253	-0.00595797644928	0.000374488503439	-0.00379654346034
-4.22069296387	-61.0	54.0358584306	-0.00301341898739	0.00100305862725	-0.00220787595026
-3.95390375459	-61.0	53.8165718485	-0.00285948254168	0.000967450090684	-0.00230177561752
-6.42942724519	-61.0	66.2773794161	-0.00612733047456	0.00328947859816	0.0051000402309
-6.41612503438	-61.0	66.0193488775	-0.00606501987204	0.00324715371244	0.00492748105898
-0.464178425039	-61.0	55.1499422525	-0.00106958078686	0.00136050977744	-0.00154329731595
-1.00255885815	-61.0	55.0460253818	-0.00136626313906	0.00132502499036	-0.00160344981123
-10.1178799827	-61.0	59.4042273552	-0.00681592291221	0.00175938231405	-5.93706427026e-05
-10.2990073546	-61.0	59.6235025600	-0.00695615168661	0.00178978429176	2.1834657673e-05
-9.77694002331	-61.0	59.6721177038	-0.00669695064425	0.00183021486737	0.000151269108756
-10.0787799761	-61.0	59.8830634476	-0.00689860153943	0.0018514979165	0.000206077762414
-0.61167642248	-61.0	50.1002240838	-0.00104882242158	0.00031494666473	-0.00392110925168
-1.04282244379	-61.0	50.3769086217	-0.00125785311684	0.000359639088856	-0.00380537635647
-0.783518814105	-61.0	49.8755802738	-0.00112519552931	0.000270426011411	-0.00402443669736
1.77823100026	-61.0	61.4223280036	0.000562387518585	0.00309155113064	0.00227504852228
-4.36347514358	-61.0	55.5211181865	-0.00322810211219	0.00130979786627	-0.00147105229553
-4.32654635936	-61.0	56.0727202969	-0.003267505439	0.0014314756263	-0.0011820953805
6.83100913303	-61.0	46.1091984342	0.0021965643391	-0.000301849911921	-0.00578731810674
6.94658693622	-61.0	46.5545902389	0.00226451433264	-0.000225011288421	-0.00560423638672
-5.64759426321	-61.0	53.8948125908	-0.00371608277783	0.000921044207644	-0.00236014067195
-5.26575870593	-61.0	53.5020858357	-0.00348911201581	0.000857785227709	-0.00252496800385
-5.22396892181	-61.0	53.7617418508	-0.00349294464104	0.000910688133445	-0.00239723548293
5.73814670799	-61.0	57.9427664884	0.002600569278	0.0019251658814	-0.000147798666148
5.66505670151	-61.0	57.6683870563	0.00252720201388	0.00186979945283	-0.000297052465612
4.41109490966	-61.0	59.7399439715	0.00208476022817	0.00238825939596	0.0010036516469
4.82860690838	-61.0	59.5994712112	0.0023077740334	0.00232851761393	0.000890902127139
4.85721689466	-61.0	59.8658332325	0.00235887221061	0.00238520931453	0.00105679908302
4.39268108376	-61.0	57.9552414925	0.00185985106509	0.00198056618683	-7.27422520868e-05
4.03149420712	-61.0	58.3964281634	0.00170272367541	0.00209857942536	0.000195830361918
4.46577109024	-61.0	58.2296209246	0.00193225929979	0.00203989585862	8.27570911497e-05
5.37815025853	-61.0	58.3145332657	0.00245112460107	0.00201869243756	8.65514593897e-05
5.03420848313	-61.0	58.6643378477	0.00230445479974	0.00211052363738	0.000310646311846
5.45124026501	-61.0	58.5889126978	0.00252614635974	0.00207440857776	0.000241392597673
4.96111847665	-61.0	58.3899584156	0.0022296642419	0.00205349712633	0.000153511486133
10.9527000653	-61.0	50.6075146627	0.00432337867096	0.000508892291691	-0.0041796467267
11.1326624260	-61.0	51.0765390766	0.00445368420333	0.000589927250985	-0.00399148883298
10.8905501314	-61.0	51.0017770131	0.00433549936861	0.000574852456339	-0.00399790750816
-7.86759725496	-61.0	54.3758555860	-0.00485417991877	0.000924684340134	-0.00231042294763
-7.56058233628	-61.0	54.6386004621	-0.00473889382556	0.000987375387922	-0.00215295702219
-7.42864373568	-61.0	54.4862788470	-0.00465575512499	0.000963896687608	-0.00221481965855
-6.38539820191	-61.0	56.6142808183	-0.00441784597933	0.00143566250335	-0.00103924726136
-6.10136718138	-61.0	56.9931855128	-0.00432472815737	0.00153041433077	-0.000811144593172
-6.03192103179	-61.0	56.7616084594	-0.00425569526851	0.00148615951184	-0.000930051901378
-12.1793297690	-61.0	54.8289205645	-0.0069632511586	0.00081761443289	-0.00263947015628
-12.1151358392	-61.0	54.3636281842	-0.00686198938638	0.000743695069104	-0.00283708283678
3.24527666530	-61.0	59.0758897673	0.00131038494874	0.00230727833696	0.000625353306532
3.07448591196	-61.0	59.3091694235	0.0012302713003	0.0023781338241	0.000774010608438
2.68413110135	-61.0	59.0625859640	0.000960691890214	0.00233784643933	0.000623352243565
2.91063447201	-61.0	58.8408799513	0.0010804287158	0.00226636626758	0.000485256023239
-4.33857302874	-61.0	46.6930660445	-0.00261315447278	-0.00034435899579	-0.00554072204977
-4.32525861332	-61.0	46.4265331658	-0.00259510125034	-0.000387603591662	-0.00565524864942
-4.67917288091	-61.0	46.7392390490	-0.00276360078715	-0.000342425395502	-0.00553813017905
-4.71198757715	-61.0	46.5885541015	-0.00277051189914	-0.000367527944036	-0.00560501823202
9.94278774745	-61.0	56.2490257488	0.00452541699633	0.00150067638606	-0.00143774214666
10.1626895081	-61.0	54.7845568634	0.00443374179304	0.00123364652973	-0.00217785942368
10.0541431408	-61.0	54.5671250644	0.00435356516391	0.00119495473336	-0.00226964824833
10.3884561076	-61.0	54.6693103644	0.00452738814056	0.00121219293214	-0.0022586802952
10.2041397847	-61.0	54.4018876133	0.00440458394587	0.00116485846229	-0.00236490601674
0.592286523646	-61.0	43.9496384581	-0.000435154506704	-0.000713650370017	-0.00657199323177
0.335558693387	-61.0	43.9111348371	-0.000541523157153	-0.000722601194866	-0.00659131444991
4.25070546465	-61.0	54.5952832237	0.00147550110705	0.0012475393014	-0.00184811546933
4.73246697377	-61.0	54.4903676851	0.00171636475716	0.00122175330762	-0.00191604322754
4.63978254951	-61.0	54.6959032960	0.00168479396962	0.00126500742044	-0.00181099586189
3.82868398649	-61.0	54.4030646918	0.0012428117916	0.00121027266141	-0.00193128711544
4.02704652273	-61.0	54.9678825092	0.00138564326335	0.00132814620156	-0.0016560057411
0.129804283994	-61.0	67.7633532705	-0.000753762898967	0.00390657316893	0.00744082592428
-0.0105448047041	-61.0	67.9205351555	-0.00088504847372	0.0039236638695	0.00755492923781
0.344842646972	-61.0	68.1431129289	-0.000540894281585	0.00395176932216	0.00770369172096
0.337530638917	-61.0	67.7306721388	-0.000557705585379	0.00390336476266	0.00741086993366
0.0972024956556	-61.0	68.1374964728	-0.000778866233304	0.0039503313601	0.0077076391317
-1.00964656360	-61.0	58.3037464318	-0.00151184643619	0.00215876149014	0.000144503210322
-1.11910208240	-61.0	58.8555339363	-0.00161783967633	0.002317013219	0.000472708721645
9.73914530989	-61.0	57.7502148793	0.00464592454955	0.00177888793405	-0.00064898643177
9.31166045772	-61.0	57.9461022637	0.00446003628895	0.00182308303192	-0.000491555314511
9.50502138633	-61.0	58.1295744751	0.00458629243076	0.00185322319157	-0.000419643067289
9.34627584865	-61.0	57.6773706443	0.00443684030324	0.00177246867679	-0.000636998855043
8.47946368195	-61.0	57.9489140093	0.00403699139133	0.0018420026172	-0.000390213914216
8.40605681065	-61.0	58.2069431468	0.00403739186004	0.00189287564717	-0.000242675771005
8.86196554167	-61.0	58.0723643383	0.00425060745329	0.00185633497313	-0.000368939654436
8.80920021125	-61.0	58.3157002810	0.00426041800529	0.00190330529585	-0.000231911020819
-3.54276025896	-61.0	67.6289708438	-0.00411102827638	0.0037304663565	0.00688004959375
-4.02062761515	-61.0	67.4733327553	-0.00449431547895	0.00367326289415	0.00664594955742
-3.82801711230	-61.0	67.2662254006	-0.00430753733963	0.00365748233162	0.00654801120982
-10.2715795335	-61.0	57.5378865476	-0.00651603378356	0.00140228110831	-0.00105469301343
-9.97708801240	-61.0	57.8469380586	-0.00642930343747	0.00147569389082	-0.000848616822623
-9.74935385187	-61.0	57.7067914798	-0.00628952076659	0.00146190042142	-0.000883304513991
1.64207527898	-61.0	63.7596461310	0.000558217638172	0.00355503731407	0.00426699686795
1.97439040215	-61.0	63.4701598672	0.000820044660941	0.00347499013878	0.00398362334818
2.17060193667	-61.0	63.6392084419	0.00097711419221	0.0034654987976	0.00410176115111
-6.72682394102	-61.0	56.4789982279	-0.00457327300683	0.0013892572606	-0.00114205211867
-6.43127978352	-61.0	56.2322271102	-0.00438806507736	0.00135507434607	-0.00124456267804
-7.99453829529	-61.0	65.1985561956	-0.00693049188703	0.0029769949615	0.0039048967883
-8.37640504201	-61.0	64.9327746951	-0.00710664410144	0.00290058902465	0.00362047622912
-10.8243918388	-61.0	61.5559140503	-0.00767975766212	0.00211827503517	0.000954094110057
-10.5900261912	-61.0	62.0329588029	-0.00767087284476	0.00222031236626	0.00127773650456
-2.28920503415	-61.0	61.4369629383	-0.00268952362239	0.00296702468768	0.00225564325228
-2.71986838159	-61.0	61.4641558999	-0.002991220681	0.00290258135647	0.00225656060502
-2.33741166026	-61.0	61.8308024163	-0.00276602176018	0.00305802328512	0.00256777508184
-2.51257830995	-61.0	61.3890642022	-0.00284034968354	0.00291772303171	0.00220880820416
8.10406978215	-61.0	48.9574055441	0.0029051261954	0.000198105539312	-0.00464525027201
8.54435802194	-61.0	49.2190893796	0.00311960675754	0.00024748352007	-0.00456468295306
8.34274392988	-61.0	49.3259571966	0.00303775747307	0.00026385334786	-0.00450211344287
-0.296436774954	-61.0	46.9895166002	-0.000856038124766	-0.000232555030379	-0.00528018083423
-0.728879473104	-61.0	46.7331633039	-0.00104065646883	-0.000281802058453	-0.00539857335389
-0.74305959044	-61.0	46.9875474925	-0.001051721978	-0.000239216984482	-0.00528897345066
-6.87894340574	-61.0	48.7494758116	-0.00385507661849	-4.96540997119e-05	-0.0047993180342
-6.58256365638	-61.0	48.4398574080	-0.00370113714598	-9.55427894951e-05	-0.00491397781298
-6.70947239781	-61.0	48.8669413298	-0.00378779438324	-2.63412221102e-05	-0.00473562022671
10.1942144252	-61.0	57.5177132423	0.00483840145171	0.00172913947608	-0.000829184195027
9.85997711227	-61.0	57.3924907065	0.00465196464211	0.00171115621924	-0.000849454547279
-3.49810765617	-61.0	50.0690000675	-0.00239906203933	0.000254488928476	-0.00402068300173
-3.22661437243	-61.0	49.7458087378	-0.00225742906332	0.000201439353987	-0.00415381649509
-3.10258196708	-61.0	49.9150569547	-0.00220777723007	0.000234743696637	-0.00407345918939
12.1811594616	-61.0	55.5057048445	0.00550822820514	0.00135719100945	-0.00209413468838
12.2348491449	-61.0	54.9887984568	0.00545793958008	0.00126742606517	-0.00234530703165
12.0331420099	-61.0	55.2890807921	0.0054046320729	0.00131934066303	-0.00217538629659
11.8679914644	-61.0	55.9879280666	0.00542895775288	0.00144179188646	-0.00181905552745
12.2674840391	-61.0	56.0122199371	0.00562727032229	0.00144554744475	-0.00186611327808
11.9967587648	-61.0	55.5695235453	0.00542849861085	0.00136829447001	-0.00203733285889
-0.209755741917	-61.0	53.2668974999	-0.000900427286979	0.000948895583861	-0.00245922268368
-0.205589319789	-61.0	53.5028555147	-0.000901458435692	0.000999046955258	-0.00234664184973
0.0336664275508	-61.0	53.5911689710	-0.000777075940277	0.0010216543451	-0.00230168760754
0.395379704549	-61.0	52.7526032564	-0.000585316156503	0.00085034838412	-0.00269613531418
0.473912718381	-61.0	52.5744716426	-0.000545079295989	0.000814739789348	-0.00277899880894
-0.0250606197128	-61.0	52.641444644	-0.000798389082775	0.000821474648546	-0.00275215762667
-4.40546640667	-61.0	65.9841814581	-0.00461105210707	0.00342274759896	0.00547152012587
-4.50099976809	-61.0	65.4303761284	-0.00461683701724	0.00333172269166	0.005042552948
1.55927869569	-61.0	65.9226071672	0.000507870863657	0.00371034955606	0.00599401909858
1.41639555915	-61.0	66.3804767237	0.000393920228817	0.00375290610828	0.00634953519329
-3.45531487026	-61.0	59.6623715737	-0.00322176842019	0.00234499853104	0.000943604623899
-3.11136354183	-61.0	60.1022842556	-0.00306846667081	0.00249629863538	0.00125074817333
-0.107554315948	-61.0	50.0658616215	-0.000811377249192	0.000316330289934	-0.00392885599285
0.407754045804	-61.0	50.1266742056	-0.000569596129935	0.000335097836796	-0.00389619590715
0.301411132216	-61.0	50.3095190996	-0.000620747799985	0.000367928150808	-0.00381536246277
-2.69602558617	-61.0	66.0291111878	-0.0032708120998	0.0035937007051	0.00590331153944
-2.50303754316	-61.0	65.8416149444	-0.00310324504972	0.00359229906462	0.00580045720562
-2.71022085782	-61.0	65.5358483385	-0.003260421101	0.00353945139796	0.00552952894941
-2.88573304986	-61.0	65.7202237422	-0.00341025413945	0.00354084768333	0.00563361635432
5.24615789162	-61.0	51.2549653733	0.00174905278254	0.000588603375945	-0.003460803302
5.52532055551	-61.0	50.9726334978	0.00186350767035	0.000537525920663	-0.00360027141869
-3.39946081692	-61.0	65.2769197937	-0.00378633942455	0.00343186734244	0.00518889212981
-3.23532519717	-61.0	65.5931992973	-0.00368031626567	0.00348908081651	0.00546375894919
-3.39780704254	-61.0	65.7361734980	-0.00381689611822	0.00348951481283	0.0055347494781
-3.55227642578	-61.0	65.4380899619	-0.00391412246972	0.00343504245393	0.0052764271386
-1.21327710204	-61.0	63.3999163311	-0.00197756523266	0.00354578718543	0.00399496033788
-1.66904967099	-61.0	63.4190574356	-0.00236076372676	0.00347737269476	0.00397207448259
-1.71145641638	-61.0	63.1961602639	-0.00238716369495	0.00344064296223	0.00377397518605
7.89980533154	-61.0	64.1035362753	0.00471663801	0.00298103829846	0.00332565139979
7.75692365132	-61.0	63.5601211923	0.00454279920086	0.0028972227592	0.00301654194482
8.36011521073	-61.0	63.0429099757	0.00479924678802	0.0027819396928	0.0025736305397
8.67213955129	-61.0	63.3922604526	0.00503740273416	0.00282952934504	0.00272155553102
8.57058360330	-61.0	62.8860906772	0.00489011174068	0.00274619366974	0.00243602599949
-7.6278097893	-61.0	65.4986003884	-0.00676537351683	0.00305853411555	0.00421103602275
-7.54286612771	-61.0	65.2340898442	-0.0066493274644	0.00301888515241	0.00406261906028
8.49483507507	-61.0	47.2076087662	0.00295993988402	-9.45720385062e-05	-0.00543220387772
8.55557645304	-61.0	47.6595412787	0.00301500735804	-1.75635723281e-05	-0.00524261360988
8.78110811309	-61.0	47.5364974366	0.0031043686904	-3.51531525666e-05	-0.00531373452395
-5.37164982980	-61.0	45.0781994962	-0.00298004900105	-0.000617536774371	-0.00629273569211
-5.11987613485	-61.0	44.8300261911	-0.00286146509461	-0.000652415095828	-0.00638497667387
-5.03724456678	-61.0	45.1318691661	-0.00284058786929	-0.000604408967774	-0.00625050766394
-5.21093726313	-61.0	45.1867991129	-0.00291703431867	-0.000598344951868	-0.00623669382185
-8.08081649394	-61.0	48.2683062791	-0.00435271393508	-0.00015319432714	-0.00510296877474
-8.38547613240	-61.0	47.8834771761	-0.00445720041171	-0.000221155889449	-0.00529614696279
-7.96913040677	-61.0	48.0404822950	-0.00428603217006	-0.000188184349099	-0.00519303558394
-3.51902810040	-61.0	49.0435986889	-0.00235867709853	6.99632655596e-05	-0.00447720102966
-3.46630099548	-61.0	48.8267314209	-0.00232467404567	3.27827729052e-05	-0.00457057869062
-2.93020557702	-61.0	46.0869422933	-0.00197802158073	-0.000421031290898	-0.00574071286246
-2.56739656226	-61.0	45.9213631976	-0.00181604886893	-0.000442474440206	-0.00579875521362
-2.87456795410	-61.0	45.8417833064	-0.00194549001753	-0.000459910312202	-0.00584417348728
4.06513346861	-61.0	47.4218680174	0.00105488020927	-0.000106015068013	-0.00510957278311
3.85445745588	-61.0	47.5961374941	0.000966888561379	-7.82382703619e-05	-0.00502929603681
3.62240053884	-61.0	47.3206050351	0.000859381514601	-0.000128056955873	-0.00514311855659
3.76429447879	-61.0	47.1810010946	0.000918376492336	-0.000150434032548	-0.00520624453202
-9.21935053459	-61.0	49.6771441979	-0.00497892685235	5.47755480511e-05	-0.0045872638002
-8.79624335612	-61.0	49.6518310705	-0.00478678336367	5.99540580879e-05	-0.00455902097747
-2.05494468288	-61.0	57.7372256100	-0.00213496293873	0.00195059599355	-0.000193594052689
-7.99900171600	-61.0	59.2616192770	-0.00569101748988	0.00186675507575	0.000231191224884
-7.94760604469	-61.0	58.8472814535	-0.00558759272099	0.00178878579754	4.46456397185e-06
-7.81911272679	-61.0	59.1640649210	-0.00557872233912	0.00185995630454	0.000202619106858
-8.0972090584	-61.0	58.9233784154	-0.00567924045026	0.00179380795453	2.51905075856e-05
7.67958697967	-61.0	65.2271126573	0.00477494485676	0.00316866836511	0.00407949415967
7.78130901959	-61.0	65.4475062022	0.00487456377596	0.00319729512557	0.00419338792562
10.7378967416	-61.0	50.1941581295	0.00418540462852	0.000436897185864	-0.00433908682317
10.6764399036	-61.0	50.3706638475	0.00417486438528	0.000465913151857	-0.00425469735637
4.58206071243	-61.0	63.6727164499	0.00264577101916	0.00314908754081	0.00372608029284
4.05588096806	-61.0	63.4471248321	0.00228774524294	0.00317231751978	0.0036564739421
8.36680312656	-61.0	50.1847170532	0.00311458297074	0.000412794295698	-0.00412558484823
9.70934702814	-61.0	61.0844374209	0.00518862390891	0.0023880423978	0.00116670341231
10.1615880369	-61.0	61.0942729836	0.00543067650869	0.00237774685957	0.00109042227268
9.84958551989	-61.0	61.2539591820	0.00529405707493	0.00241449172609	0.00123714818619
9.98073436494	-61.0	60.8915855428	0.00529771205038	0.00234605255537	0.00101009663194
-4.34761661201	-61.0	50.0469482752	-0.00279193650931	0.000231711383094	-0.0040697446093
-3.90648427775	-61.0	50.1416964873	-0.00259279087186	0.000258790212683	-0.00400616088882
-4.1999525349	-61.0	49.8962295906	-0.00271496735513	0.000207858756767	-0.00412980280817
-4.99893342798	-61.0	50.8486931683	-0.00314659625292	0.000361796643119	-0.00374365691096
-4.79641611295	-61.0	50.6476370940	-0.00303822034039	0.00033012687345	-0.00382330664434
-4.56305040613	-61.0	50.9569127130	-0.00294931815006	0.000392779038521	-0.00367087963969
-3.62326297101	-61.0	44.2497444056	-0.00220626080409	-0.000721276155673	-0.00655871303752
-0.0522490912076	-61.0	47.3298653858	-0.00075354258297	-0.000171280174982	-0.00512932846323
0.177462280778	-61.0	47.0021755463	-0.000648629968055	-0.000223900206038	-0.00526811834425
7.72129554978	-61.0	47.2386834459	0.00262974202633	-9.96034068521e-05	-0.00536159798503
7.58621679613	-61.0	47.6736992203	0.00259626749903	-2.71681146842e-05	-0.00516511732712
7.52311595971	-61.0	47.2175117491	0.0025434801355	-0.000105597682705	-0.00535712018609
-9.01605539744	-61.0	50.6844416623	-0.00498301442713	0.000227910059039	-0.00412254128605
-7.14405808828	-61.0	62.7682037194	-0.0058961911127	0.00261096772738	0.00254090246744
-7.13753612870	-61.0	63.1009225831	-0.00595670612529	0.0026728361845	0.00276108994149
-7.34744955967	-61.0	62.7932632691	-0.00601955596358	0.00259759509936	0.00251189456321
-7.33609245871	-61.0	63.1174399764	-0.00607709679753	0.00265826401301	0.00272576208226
-6.64651499311	-61.0	57.6998008063	-0.00471566058695	0.00164323800709	-0.000475794804515
-6.24762160773	-61.0	57.7708403568	-0.00451741507277	0.00168382341508	-0.000396554823965
-6.25482888561	-61.0	58.0212663677	-0.00456026243046	0.00173577945679	-0.000256407773122
-7.05612334480	-61.0	57.7101553104	-0.00493002822623	0.00161942606792	-0.000514065031894
-7.06487901189	-61.0	57.4360759072	-0.00489067332819	0.00156343821436	-0.000664741441142
-11.7995145005	-61.0	57.5087775181	-0.00726277288049	0.00131360488012	-0.00134510954376
-11.2627550730	-61.0	57.7041210688	-0.00703796232119	0.00137939478736	-0.00114788557403
-0.196700795756	-61.0	45.4205184583	-0.000788275676314	-0.000490480160806	-0.00595346279442
1.84478236192	-61.0	63.0642386151	0.000705934129655	0.00343961268663	0.0036500224378
1.88600846284	-61.0	62.8329751515	0.00072949292371	0.00339585449547	0.00344801135361
-1.90244527901	-61.0	64.0633357270	-0.00256847124547	0.00350788701326	0.00449516903609
-1.97686904452	-61.0	63.7983740924	-0.00262181088328	0.00346951116808	0.00426263781264
-10.6528710346	-61.0	56.7161515313	-0.00654992740601	0.00123112031724	-0.00152401300147
-10.5678419585	-61.0	57.2286783681	-0.00660308543593	0.0013294799719	-0.00125853065401
-10.3524917229	-61.0	56.8192618484	-0.00642247870564	0.00126538868062	-0.00142565940041
1.83079751819	-61.0	55.762705483	0.000231536891079	0.00152302428614	-0.00122035737149
-7.03017551617	-61.0	59.8929320277	-0.00529274530709	0.00206341338344	0.000744998920709
-7.04463357006	-61.0	59.5872154119	-0.00524541176856	0.00200074282475	0.000560068758205
-6.67320171092	-61.0	59.5314798412	-0.0050357398577	0.00201832014136	0.00057666155044
-3.30592856092	-61.0	52.2855398738	-0.00242887507193	0.000679076882079	-0.00300149526447
-3.61363706156	-61.0	52.5955023638	-0.00260004284792	0.000731805746909	-0.00286927376874
3.09852241732	-61.0	50.9125428548	0.000715284899343	0.000512201513629	-0.00355411018245
3.21571052704	-61.0	50.4386799159	0.000755772460252	0.000424075551564	-0.00376908876933
2.98774219627	-61.0	50.5501298296	0.000651832087897	0.000443025288405	-0.00371531629935
0.739236155783	-61.0	53.1672933585	-0.000408700085245	0.000940937083215	-0.00249848072417
0.659126490218	-61.0	52.7980331247	-0.0004509210994	0.000863079505507	-0.00267311325297
-9.37592780745	-61.0	60.4312174600	-0.00664875842631	0.00199879426509	0.000651167298201
-9.30990525409	-61.0	60.2506306365	-0.00657549360767	0.00196898495778	0.000562519824598
-9.02768559913	-61.0	60.3906472928	-0.00645586010069	0.0020142798312	0.000697022012901
-9.11596462794	-61.0	60.6454931797	-0.00655651511624	0.00205661426298	0.00082534813555
-9.72264295652	-61.0	61.3101842941	-0.00702779972926	0.00214098533615	0.00107614998706
-9.76459765009	-61.0	61.5208166685	-0.00709871016443	0.00217748293653	0.00118693860713
-9.39821886951	-61.0	61.4315311776	-0.00687975343317	0.00218525878154	0.00121853710152
-9.45009024082	-61.0	61.6906969898	-0.00696646608412	0.0022300935816	0.00135721440893
-4.61928047719	-61.0	64.1632273514	-0.00455286446959	0.00312401773408	0.00407665455714
-5.00712081534	-61.0	64.0018243050	-0.00478878058493	0.00305130635388	0.00387152540497
8.20612283420	-61.0	46.8378586748	0.00281430175528	-0.000160963012604	-0.00556853739545
8.10706231835	-61.0	47.0383421601	0.0027836044319	-0.000128543411847	-0.0054752738215
0.0668128173616	-61.0	55.0826919740	-0.000772124738432	0.00135382451117	-0.00157112034503
-0.021080790307	-61.0	55.3384328957	-0.000823846436106	0.00141212623566	-0.00144332600757
2.19803091901	-61.0	48.5292565902	0.000247692107223	6.65792395012e-05	-0.00459972210228
1.72714201473	-61.0	48.6700160137	3.65373780369e-05	8.60604050104e-05	-0.00453596934676
0.902214033435	-61.0	59.0604088927	-0.000220905043534	0.00241630221717	0.000611675262917
0.920371440208	-61.0	59.5699238894	-0.00018881111464	0.00257779401727	0.00093358248705
1.10790942548	-61.0	59.4134637045	-6.27919434919e-05	0.0025212680921	0.000835363578517
2.09330551314	-61.0	58.9561996307	0.000572921708226	0.00234076427296	0.000557944411412
1.77772454393	-61.0	58.6201940327	0.000343392399373	0.00225919648074	0.000352566450601
1.75577769980	-61.0	59.0576208929	0.000358732475433	0.00238608103245	0.000618540099822
1.60346237760	-61.0	58.7783906295	0.000239324072027	0.00231078872457	0.000446485879365
4.52279404824	-61.0	65.3774740903	0.00276768254116	0.00340316817164	0.00495567312464
4.29206102724	-61.0	51.3375592398	0.00130093109328	0.000599978899118	-0.0033895552624
4.79144496201	-61.0	51.3394907679	0.00153859728016	0.00060255813878	-0.00340504827909
2.87157399368	-61.0	51.3370768415	0.000619974220172	0.000591588497628	-0.00335815316066
2.77047452894	-61.0	51.1103960889	0.0005646419595	0.000547340838239	-0.00345960911363
-0.675845026364	-61.0	68.0460781182	-0.00152059795801	0.00392813934013	0.00763181783259
-0.53029917875	-61.0	67.8483572478	-0.00138018513098	0.00390777457505	0.00749686686322
-1.01978608285	-61.0	67.8250263103	-0.0018432806246	0.00389221007936	0.00745205348358
-6.26308069567	-61.0	62.3528320163	-0.00530564645305	0.00261686043814	0.00244645471685
-6.77745672015	-61.0	62.5300165914	-0.00563760893419	0.00260026589967	0.00246242224239
1.79398706884	-61.0	54.5009299771	0.000169129722053	0.00123595574405	-0.00185458944179
1.83110887972	-61.0	54.2751090455	0.000182498857612	0.00118653220125	-0.0019655181095
2.17636274004	-61.0	54.7080819434	0.000382355967304	0.00128214561846	-0.00175440660678
2.22652191026	-61.0	54.3232851248	0.000394838221837	0.00119783019181	-0.00194441433996
3.03984891603	-61.0	46.8593024354	0.000598629994784	-0.000213042614632	-0.00533167412505
2.62429738955	-61.0	46.9318720713	0.000419127347413	-0.000205400167033	-0.00529547408223
2.58378917785	-61.0	46.6700147485	0.00039932972868	-0.000250160956057	-0.00540768448263
7.00329612045	-61.0	54.3765541449	0.00284840981476	0.00117894692812	-0.00208964780904
7.24047066898	-61.0	54.0671276082	0.0029335457366	0.00111792050302	-0.00225597200915
6.78517357822	-61.0	54.1891915082	0.00272199278697	0.00114455958828	-0.00216641277075
6.89791765050	-61.0	53.9907818049	0.00275807036087	0.00110558583401	-0.00226966175251
7.62669908501	-61.0	48.9596335199	0.00269347685389	0.000193846673938	-0.00461018551141
7.33448725304	-61.0	49.3311012599	0.0025876366999	0.000255668739555	-0.00442810263485
7.16978854658	-61.0	48.9766793528	0.00249146856368	0.000192599472939	-0.0045726201497
-4.41410081857	-61.0	59.1258568274	-0.00371385575272	0.00212209415622	0.000549834279809
-4.56051639670	-61.0	59.5042953277	-0.00385541957803	0.0021962558385	0.000776859757025
7.02001660453	-61.0	56.9770076996	0.00315464707091	0.00168884242885	-0.000769020756707
6.40374801205	-61.0	56.8788643135	0.00282273348421	0.00168430642225	-0.000775391003117
-11.7117052126	-61.0	59.3266252599	-0.0076130325906	0.00165583926719	-0.00043132272549
3.50196150453	-61.0	55.7869134469	0.00116358173545	0.00151279487181	-0.00122640829068
3.5792610629	-61.0	55.5742733142	0.00119028135668	0.00146459322423	-0.00133752881084
3.13554230911	-61.0	56.4887492283	0.00101136800367	0.00167865504045	-0.000851695716847
2.79681059572	-61.0	56.3653777058	0.000810939469375	0.00165562843904	-0.000912699382752
2.69767575995	-61.0	56.5836791392	0.000768646015786	0.00170886935666	-0.000795643776655
2.92662827597	-61.0	56.8102184498	0.000915905577131	0.0017585378373	-0.000676458701491
9.48512798920	-61.0	50.5218928982	0.00365005386993	0.000480157468701	-0.00407052598894
9.73676698597	-61.0	49.9886341513	0.00371587974951	0.000391165202018	-0.00432974752039
6.13779981776	-61.0	56.0794965179	0.00259201670997	0.00152761116624	-0.00117898080498
6.02657524750	-61.0	56.5505891308	0.00258706882596	0.00162632507272	-0.000925457570702
1.12339030481	-61.0	67.6087044368	0.000174703804078	0.00388154527172	0.00726438639686
1.51656970155	-61.0	68.0109407189	0.000563126755878	0.00392060307786	0.00749931484461
1.28474151114	-61.0	68.0475200417	0.000348652742105	0.00393047044054	0.00755638070405
-3.52871367501	-61.0	59.0660728534	-0.00318397022784	0.00218768441118	0.000559820968192
6.15807857413	-61.0	59.6014227652	0.0030504099559	0.00225144508295	0.000788317469414
5.90820757689	-61.0	59.2724620553	0.00286797014996	0.00219661300071	0.000612536852714
5.92054415498	-61.0	59.6508961243	0.00292690075003	0.00227425410412	0.000839941843878
7.53939005429	-61.0	58.1856034683	0.00358640658669	0.00191315612756	-0.000160824260092
7.29775879492	-61.0	58.2710354638	0.00347238918766	0.00193750218023	-8.9653149189e-05
7.28532299119	-61.0	57.8135285831	0.00340247922577	0.00184761697892	-0.000340719649103
-7.57905644755	-61.0	56.1691767635	-0.0049570244737	0.00128262466751	-0.0013885878725
-7.33678238428	-61.0	56.5478955995	-0.00489199673757	0.00136999355163	-0.00116681854706
-7.14267807526	-61.0	56.4053838042	-0.00477320095524	0.00135207502171	-0.00122117553838
4.82334741122	-61.0	49.9680962892	0.00148454052396	0.000349805894075	-0.00402130465955
5.03760317878	-61.0	50.2421849744	0.00159653986339	0.000401050230721	-0.00390740064904
5.23405771170	-61.0	50.2040573612	0.00168528757058	0.000395410170313	-0.00393204949796
5.20469830170	-61.0	49.8944564231	0.00165606080554	0.000339256774168	-0.0040682470426
-10.8991076748	-61.0	54.4601153378	-0.0063045239076	0.000814921862911	-0.00262503209524
-11.1456128487	-61.0	54.8418068874	-0.0064768800512	0.000870577234309	-0.00248346175067
1.37816480298	-61.0	45.5039907250	-0.000118655181723	-0.000457412155811	-0.00590327940881
1.64346732686	-61.0	45.9203836691	-7.04444619259e-06	-0.000386072526453	-0.00572476442903
-0.308986362615	-61.0	48.2595987326	-0.000880552979652	-1.37461383929e-05	-0.00472876196727
-0.124274931267	-61.0	47.7543124193	-0.000790966791101	-9.92579953163e-05	-0.00494617922232
2.90869354108	-61.0	65.0514361770	0.00158150587231	0.0035188505426	0.00509655848145
2.46886025738	-61.0	65.0477268927	0.00124165194575	0.00356509466656	0.00518062943593
2.62367813339	-61.0	65.2613806843	0.00137001427356	0.00356931565329	0.0053131300956
2.81283051507	-61.0	64.8984315301	0.00150268245488	0.003513247706	0.00499959755689
2.63261624371	-61.0	64.8563664538	0.0013635304058	0.00352914398536	0.00500252190977
-10.4056764357	-61.0	56.5505247797	-0.00640056794509	0.00121339911129	-0.00156578770839
-10.6165082857	-61.0	56.2317898534	-0.00644710939378	0.00114469230175	-0.00175282091368
-0.175120040754	-61.0	62.7273094212	-0.00104410201311	0.00354724074714	0.00342777906917
-0.289719637935	-61.0	62.3387446648	-0.00114063173532	0.0034630887676	0.0030740709044
-0.414252841098	-61.0	62.6524714444	-0.00125759432558	0.00352138862945	0.00335627514869
-2.55291711561	-61.0	60.3339255969	-0.00273674610071	0.00262694153935	0.00142795324791
8.77081707728	-61.0	53.0914016636	0.00356941740029	0.000931189861149	-0.00283940020017
9.08176361083	-61.0	52.9581452299	0.00370247196406	0.000907069479581	-0.0029292225372
9.14625274941	-61.0	53.2806046689	0.00376778515056	0.000965129642282	-0.0027849888429
8.95494299361	-61.0	53.3774048765	0.00368747953326	0.000982847297564	-0.00272208335809
8.89289976768	-61.0	53.0056482491	0.00361822568811	0.000915620301384	-0.00289012910798
-6.11920055406	-61.0	52.5061469588	-0.0038108304143	0.00063709524693	-0.00305277272128
-6.63434518544	-61.0	52.4735607270	-0.00405320944265	0.000614238670096	-0.00310555659235
-6.08920122385	-61.0	52.2100226169	-0.00376954255626	0.00058262917446	-0.00318841566332
-3.86192841955	-61.0	61.8739672674	-0.00378656666726	0.00281529244967	0.00247497763485
-3.69178169123	-61.0	61.9781030768	-0.00369243556634	0.00286278594285	0.00257222144865
-4.04366076256	-61.0	61.9619418176	-0.00391212711111	0.00280717364512	0.00251984968781
8.57991754407	-61.0	64.4184027088	0.00517072062939	0.0030056568794	0.00336689222604
8.68977468758	-61.0	64.5650240269	0.00526257418096	0.00302601489238	0.00343067874201
8.76538777251	-61.0	64.2699480755	0.00525178620592	0.00297451997176	0.00323351868428
8.92494171101	-61.0	64.4115078646	0.00537182250991	0.00299279671162	0.00328206643462
8.82314365097	-61.0	64.5561584564	0.00533955870196	0.00302012544125	0.00339371245354
-7.04728541688	-61.0	61.6953134690	-0.00563631532714	0.0024171625264	0.00186439137906
-6.60187960597	-61.0	61.5473008977	-0.00535733439028	0.00242901663296	0.00184968230315
7.61899552018	-61.0	57.0771425363	0.00347530981526	0.00169451988768	-0.000767176738009
7.25314075868	-61.0	57.3291481228	0.00332067557611	0.00175283255521	-0.000600281462539
7.38294766390	-61.0	56.7812193644	0.00331603572704	0.00164188118652	-0.000902457511984
9.89015291987	-61.0	52.8547905541	0.00407175300643	0.000889580347575	-0.00305483397096
10.2804319823	-61.0	53.1921812033	0.00429368391633	0.000949910434429	-0.00293977488764
4.53075479622	-61.0	49.6174111804	0.00133502786048	0.000284233654384	-0.00416656630114
4.34211636605	-61.0	49.5388936121	0.00124568701722	0.000268546369625	-0.00419539213181
4.98026095402	-61.0	62.9210259912	0.00281512015499	0.00298407138325	0.00311730266549
4.69138057651	-61.0	62.6309741651	0.0026069409214	0.00296212127432	0.00295621249825
-12.2282865848	-61.0	55.2646162262	-0.00705606723204	0.000888332142495	-0.00245300936513
-12.0328924973	-61.0	55.1653688565	-0.00694740517065	0.000881978485268	-0.00246676150709
0.0592900639181	-61.0	45.9308168795	-0.000686382874846	-0.000404073594837	-0.00573086179793
-0.218666110727	-61.0	45.8798798677	-0.000805008283351	-0.000416091061197	-0.00575679168105
9.97698871105	-61.0	59.6926783371	0.00508387200534	0.00212962250225	0.000350106303813
10.3278854097	-61.0	59.6603090536	0.00525967450812	0.0021160794422	0.000276212231256
10.4145861254	-61.0	59.8636708230	0.00534030143172	0.00215096957982	0.00037144147791
-5.82713835911	-61.0	60.3531341883	-0.00471224356443	0.00226125051267	0.00119326100685
-5.44358407960	-61.0	60.2121725941	-0.00447261240333	0.00226806942374	0.00114816310816
-5.24840495401	-61.0	60.3449878183	-0.00438345130533	0.00231587397866	0.00125580944587
6.56839381298	-61.0	51.5749834746	0.00239312555641	0.000652169575915	-0.00338011234999
6.24575705282	-61.0	51.0577966504	0.00220545101911	0.000556296261493	-0.00359675008804
5.97561486569	-61.0	50.5631685705	0.00204811641015	0.000464986660518	-0.00380507577211
5.86627917047	-61.0	50.7811090958	0.00201087724417	0.000504048424773	-0.00370211829431
-1.21297771695	-61.0	43.8086590348	-0.00118467397988	-0.000757361354772	-0.00666409125552
-5.51062284647	-61.0	45.9486879662	-0.0030832409393	-0.000482996780192	-0.00592608004808
-5.51596140778	-61.0	45.4320559095	-0.00305904843844	-0.000564476649743	-0.00614897953346
-5.35524884111	-61.0	45.5406555263	-0.00299588916823	-0.000545077840798	-0.00609272532165
-5.29201006232	-61.0	67.0730186989	-0.00544680515304	0.00351282209158	0.0059991539456
-8.70926238879	-61.0	53.0518489965	-0.0050939838402	0.00064937165007	-0.00302015407942
-8.67822498274	-61.0	53.4855813856	-0.00513073755428	0.000728641927708	-0.00281517650001
-10.0096195415	-61.0	53.2079555742	-0.005720497109	0.000631250673905	-0.00308877113275
-9.74998041251	-61.0	53.3108447722	-0.00561218336225	0.000658501288854	-0.00301207602024
-9.90518827882	-61.0	53.6872677461	-0.00573251256719	0.000719078700058	-0.00285666529089
-8.92314453788	-61.0	61.0964647547	-0.00654929224402	0.00215516006574	0.00112584303133
-8.62197912244	-61.0	61.2709256242	-0.00642307195812	0.00220971135423	0.00129106407985
-9.01142356669	-61.0	61.3513106416	-0.0066520771943	0.0021969510708	0.00125643750653
-8.66802214780	-61.0	61.5176414352	-0.00650057662278	0.0022528951522	0.00142837385647
-8.61076930962	-61.0	60.1496670601	-0.00618556048721	0.00199679308571	0.00063737644814
-8.33430280680	-61.0	60.3025166256	-0.00606941059232	0.00204565934837	0.00077594188042
-8.68099420296	-61.0	60.3465819592	-0.00626279786229	0.00202963966876	0.000737879192457
-8.40722764139	-61.0	60.5368763113	-0.00615547783673	0.0020854761824	0.000899727223441
2.69357731415	-61.0	53.5436838330	0.000609359878581	0.00103253452107	-0.00232693972066
2.92101139919	-61.0	53.0768607392	0.000706609338522	0.00093666050816	-0.0025524222292
2.66759383294	-61.0	53.0794600865	0.000578165869229	0.000936433614697	-0.00254759471864
6.27291985662	-61.0	55.6245799637	0.00261201220565	0.00143322197255	-0.00142111454625
3.46217944962	-61.0	54.1608610748	0.00103735586163	0.00116114306729	-0.00204153964296
3.55213111107	-61.0	53.9707784006	0.00107311597094	0.00112106790766	-0.00213598459959
2.85711593098	-61.0	64.1194095726	0.00150691648014	0.00342230242677	0.00438572140411
2.88927302084	-61.0	64.5432890878	0.00154674379155	0.00346644502133	0.00471134390682
2.70905874948	-61.0	64.5012240116	0.00141052575782	0.00348407099955	0.00471249502152
3.14501340005	-61.0	48.0438458062	0.000663480139337	-8.19594424684e-06	-0.00482173031196
2.72712632408	-61.0	47.7371720471	0.000473432592116	-6.61456651869e-05	-0.00494895828888
2.74654330564	-61.0	47.9722153630	0.000485401193146	-2.5084873414e-05	-0.00484730442986
3.62193656622	-61.0	48.0264623303	0.000874581106473	-6.13825795881e-06	-0.00483801076189
3.53049842464	-61.0	48.4821255060	0.000844981695991	7.27163132979e-05	-0.00463812379166
11.2097718306	-61.0	53.8275499283	0.004810357932	0.00106318935286	-0.00275183049962
10.7355867878	-61.0	53.9587997649	0.0046021095477	0.0010855946457	-0.00263415719382
10.9265374427	-61.0	54.3006490268	0.00473692500964	0.00114590127487	-0.0024965510238
-1.33355917004	-61.0	48.4240618669	-0.00134545541368	-4.94468451961e-07	-0.00467705866322
-1.68594319001	-61.0	48.5705330732	-0.0015086067142	1.95696247829e-05	-0.00462183821946
-1.54700034583	-61.0	48.9842392229	-0.00145692075603	9.54659262788e-05	-0.00443628476933
-1.51739022475	-61.0	48.4607072065	-0.00142939388752	2.98302325064e-06	-0.00466556428
-0.485379354174	-61.0	48.8288279011	-0.000969084678218	8.4607527242e-05	-0.00448221573606
9.82046433425	-61.0	63.3724861042	0.00568252522498	0.00278852600604	0.00245983060449
0.807041331989	-61.0	53.6199639688	-0.000371107598767	0.00103764748201	-0.00228239269927
0.752284586807	-61.0	54.1660429390	-0.00039676061715	0.00115548679605	-0.00201879348606
0.415193012739	-61.0	53.8318521637	-0.000577151484322	0.00107874337118	-0.00218266155571
0.976956642202	-61.0	53.8167269097	-0.000280067208223	0.00108160509262	-0.00218722480349
1.21281429760	-61.0	56.4999763343	-0.000101905869087	0.00170311122201	-0.000836113875266
1.00270580827	-61.0	56.5464141999	-0.000225429146667	0.00171482807491	-0.000812320387922
0.937743491118	-61.0	56.1775229805	-0.000270680553513	0.00162304774858	-0.00100638205186
8.31221949243	-61.0	60.9449022797	0.00441843317822	0.00240987772122	0.00132051878609
8.12870724442	-61.0	60.6145891850	0.00426628487185	0.00235621258616	0.00115401472431
8.06145761310	-61.0	60.9968183210	0.00429195258766	0.00242963782512	0.00139031175058
4.34483673524	-61.0	50.0124426694	0.00126597878989	0.00035432248842	-0.00398602103814
4.38138478657	-61.0	49.8076634894	0.00127438199706	0.00031739519909	-0.00407786807045
3.88856040313	-61.0	50.1114655575	0.00105868163519	0.00036891878699	-0.00392950419337
4.18109957627	-61.0	50.3477928531	0.001203996595	0.000414560432546	-0.00383199285716
3.96509946490	-61.0	49.9533406544	0.00108825450297	0.000340581056662	-0.0040016900748
4.15619830507	-61.0	49.9339251011	0.00117574911565	0.000338559679221	-0.00401541125029
-5.03720975833	-61.0	48.2200422500	-0.00299922912382	-0.000102245241578	-0.00491357594728
-5.10687113606	-61.0	48.8407757435	-0.00306659634225	2.56571979662e-06	-0.00464514503255
-5.25919797900	-61.0	48.2782933569	-0.00310152373277	-9.66521474766e-05	-0.00490066315979
-5.13501625707	-61.0	47.8079977854	-0.00301949051209	-0.000173554159119	-0.00509895198047
-5.19918759623	-61.0	47.9860254396	-0.00305795390159	-0.00014486166765	-0.00502494769171
-2.43577809552	-61.0	63.1309048252	-0.00294585688971	0.0032994132489	0.00364100560546
-2.77080965391	-61.0	63.4197980888	-0.00320983841084	0.00328298914246	0.00383721827529
-2.80657327640	-61.0	63.1908952124	-0.00322015280835	0.00324137927964	0.00364381237887
-2.17385613369	-61.0	64.9951286264	-0.00280828797258	0.00354989478365	0.00520958239213
-2.56173421577	-61.0	65.0887385919	-0.00312450784259	0.00351089052856	0.00521458126605
-2.57967155374	-61.0	64.8809872352	-0.00313166854903	0.00348773179576	0.00504913041368
-7.52391398708	-61.0	61.8626256896	-0.00593686057255	0.00240794755518	0.00187779671978
-2.36440510430	-61.0	58.8984312167	-0.00244172755629	0.00224438286386	0.000488034303999
-2.12558639284	-61.0	59.2308643150	-0.00232318276539	0.00235770992003	0.000699164869729
-2.20483555406	-61.0	58.8000285260	-0.00232920865528	0.00222950871103	0.000429968786193
8.19593313987	-61.0	64.3853724121	0.00493905693293	0.00301472051069	0.00343471555971
1.70215369990	-61.0	65.4803160466	0.000622764462605	0.00366989872418	0.00564192607999
4.64296757599	-61.0	58.0161018424	0.00200746720657	0.00198405236006	-4.77632966067e-05
4.76891985122	-61.0	57.6220178255	0.00203278870322	0.00189136026893	-0.000276667473372
-3.00271904403	-61.0	48.4184187764	-0.00209773797542	-3.00009851344e-05	-0.00473137013614
-3.05757716643	-61.0	48.6572775535	-0.00213226955384	1.07328978629e-05	-0.00462864339352
9.16716648356	-61.0	54.2701213409	0.00389046501368	0.00114470568951	-0.00231946492568
8.80659039790	-61.0	54.3397600167	0.00372468563728	0.00115927413572	-0.00225191400386
8.99851237740	-61.0	54.6632748364	0.00385594484396	0.00121771823615	-0.00211417139508
7.94571824116	-61.0	51.1651288549	0.00300201564096	0.000582953041885	-0.00365579291247
7.60789843415	-61.0	50.6633533210	0.00280642695725	0.000491916958708	-0.00385684287176
-9.92917349402	-61.0	63.1327024184	-0.00757900252938	0.00246430025436	0.00208080396987
-9.88629303029	-61.0	62.8858905206	-0.00749269640073	0.00242180423811	0.0019476119196
-10.2223552954	-61.0	62.7985624108	-0.00765993632376	0.0023840807844	0.00180828897282
0.79611394939	-61.0	60.2336611719	-0.000254157290328	0.00280324346386	0.00137895997614
1.01374852506	-61.0	60.0486397235	-9.95263981167e-05	0.00273142475635	0.00125327054411
-9.89825888388	-61.0	61.3559367813	-0.00713295768946	0.00213810987771	0.00106232159305
-10.0085699433	-61.0	61.0029011530	-0.00711111165583	0.00206531235017	0.000838392064907
-9.80433778081	-61.0	60.9499085211	-0.00699011003599	0.00206840992905	0.000853747478686
-1.20982428779	-61.0	53.1513405965	-0.00141459656879	0.000905971857719	-0.00253056338988
-1.07170341396	-61.0	52.6824798629	-0.00133017241023	0.000811680976767	-0.00274907657877
0.601313621387	-61.0	62.8517075538	-0.000346235523466	0.00355578446761	0.00353455985896
0.794561667161	-61.0	62.4691469014	-0.000181925715879	0.0034694916103	0.00318481982686
1.60194452189	-61.0	54.2975844827	6.05729910603e-05	0.00119057111442	-0.00195373641327
1.40734152706	-61.0	54.6631571889	-3.60279809684e-05	0.00127060862724	-0.00177368719596
-0.63488503799	-61.0	49.3394117055	-0.00104621937498	0.000174422966666	-0.00425969809294
-7.77551546832	-61.0	62.1852520826	-0.00614323280752	0.00244786450639	0.00202874070965
-7.95738667512	-61.0	62.0082457877	-0.00620955089107	0.00239981338382	0.00187896145508
-0.0839952173848	-61.0	58.3840605679	-0.000900319486391	0.00221007526852	0.000197746630874
0.137862606969	-61.0	58.1745887037	-0.000750905077439	0.00215125875548	7.80628470238e-05
-0.228050088437	-61.0	58.1743320282	-0.000992231536657	0.00214553880505	7.50874096411e-05
-2.64104161047	-61.0	57.8344163326	-0.00250068469904	0.00194170849863	-0.000149956802488
-3.17078643935	-61.0	57.9321365001	-0.00282755307853	0.0019319212297	-0.000108460997581
-0.80786868639	-61.0	57.8614474114	-0.00135920708999	0.00204020366073	-0.00010817918519
-0.674321792963	-61.0	58.0843301359	-0.00128213304561	0.00210775062442	2.00115337066e-05
-0.286928085273	-61.0	59.2873932705	-0.00105897244066	0.00248728878796	0.000743027077988
0.0522508247302	-61.0	59.0691387242	-0.000814866682049	0.00242350320332	0.000609144335613
0.368545586833	-61.0	57.4728278683	-0.000601836014539	0.00195522536524	-0.000315583747579
-0.116840575899	-61.0	57.4708593657	-0.000907934270799	0.00194888259284	-0.000320642226143
0.203228077985	-61.0	57.3326282729	-0.000705616839696	0.00191569468006	-0.000394073693315
0.230741792661	-61.0	57.8213960021	-0.000689259555656	0.00205086241476	-0.000122263634694
9.75071352244	-61.0	51.4847897160	0.00386279355735	0.00064874056261	-0.00366487563588
9.83867813756	-61.0	51.9676961475	0.00395244732499	0.000733426248189	-0.00345520908013
9.64628596560	-61.0	51.8557989608	0.00385187077336	0.000712920154911	-0.00348731060512
-4.56542908182	-61.0	64.5648898938	-0.00456317001954	0.00319378799759	0.00438769580796
-4.64337849894	-61.0	52.3128730454	-0.00308391521685	0.000646452303044	-0.00305160600692
-4.67505741075	-61.0	52.7627298751	-0.00313450861722	0.000732696964405	-0.00284237181768
-4.81853179628	-61.0	52.4903691054	-0.00318272598088	0.000675357878208	-0.0029782592319
-11.2482334929	-61.0	51.6087136613	-0.00609817169607	0.000323274405673	-0.00395105127245
-11.2578657813	-61.0	51.4354463235	-0.00608239229769	0.000294807454338	-0.00402894057333
-11.0855386432	-61.0	51.6891221227	-0.00603340938687	0.000340841361322	-0.00389604480006
-7.86799120775	-61.0	55.8237209880	-0.00504963612184	0.00120100332424	-0.00159549550153
-3.75423471040	-61.0	58.6739082346	-0.00326503720134	0.00207120529376	0.000308768067043
-3.56232388318	-61.0	58.5695006890	-0.00313782435842	0.00206123059615	0.00025387207279
-10.1757908775	-61.0	52.6809436536	-0.00573304621503	0.000534558901563	-0.00334718264639
-10.3320831182	-61.0	52.8919510438	-0.00583119597286	0.000565493304748	-0.00326960673556
-9.81899860690	-61.0	53.0565942534	-0.00561301177368	0.000611560128164	-0.00313628953882
-0.411775961034	-61.0	68.0864900083	-0.0012680607615	0.00393833732232	0.00767030008137
-0.304028660674	-61.0	68.3034513256	-0.00116445031017	0.00396677665412	0.00782713200897
3.67671306288	-61.0	58.8573754084	0.00154634029604	0.00222741137259	0.000481871451484
7.09936315384	-61.0	53.0680235841	0.00276900921017	0.000929667905439	-0.00272210710682
2.60605992215	-61.0	62.2494354672	0.00122593506239	0.00316707161255	0.00290504470468
2.28286862897	-61.0	62.6058610846	0.00101860857103	0.00329040247016	0.00322335516103
5.62145576397	-61.0	52.2609602349	0.00199261144735	0.000778689689469	-0.003016367089
-6.85460367444	-61.0	63.4894575869	-0.00586207397282	0.00276929931715	0.00308586098254
-7.02988950518	-61.0	63.4304398354	-0.00595632009208	0.00274256663397	0.00300463545136
-7.25962683486	-61.0	63.6937480843	-0.00614635413513	0.00276962784119	0.00312308804132
-7.22844583519	-61.0	63.4469572286	-0.00607851147652	0.00272779213265	0.00296782026999
3.65404443943	-61.0	48.9125303829	0.000912053626962	0.000150164691149	-0.00445279898122
3.55779396420	-61.0	49.2529163467	0.00087820837507	0.000210114696529	-0.00430146045983
3.38803424762	-61.0	49.0752338055	0.000796076026745	0.000176601170097	-0.00437608780339
-2.27700241504	-61.0	56.5954377614	-0.00217476813123	0.00165079289582	-0.000827646290418
-2.23368164621	-61.0	60.6448370621	-0.00255866185762	0.00275660702027	0.00165712134913
-2.07373260320	-61.0	60.5090960007	-0.00243165460415	0.00273822853342	0.00156137649901
-1.57828332225	-61.0	59.8703157042	-0.00201641675085	0.00259814644232	0.00111988803837
-1.38535309376	-61.0	60.2588604138	-0.00191393948626	0.00274000247009	0.00138768414035
-1.35512641584	-61.0	59.7790306101	-0.00185058661737	0.00258883670904	0.00105923158117
-7.49104228880	-61.0	60.1368821848	-0.00558599922806	0.00207602814771	0.000821308756713
-7.87491502832	-61.0	60.0239465344	-0.00577005371451	0.0020249679219	0.000692014757078
-7.95668836625	-61.0	60.2414905438	-0.00585574610159	0.00206135679036	0.000806424592156
-7.77999390310	-61.0	61.0306988577	-0.00591476680711	0.00222779531032	0.00131170602981
-8.16248394533	-61.0	60.9337920011	-0.00610379129648	0.00217964896001	0.00118114659563
-8.22336412027	-61.0	61.1728044055	-0.00618546176702	0.00222073076293	0.00131289369892
9.51472356458	-61.0	51.0131274803	0.00370891066268	0.000565278460272	-0.00385429570451
9.27849078286	-61.0	50.9920955339	0.00359895010479	0.000559993844945	-0.00384222483262
-5.92528914300	-61.0	63.2003806058	-0.00524750864133	0.00280887889676	0.00309765688144
-6.45638372991	-61.0	63.3263387071	-0.00559151964262	0.00277770264074	0.0030679423362
-9.24976444229	-61.0	55.3247345012	-0.00564721040428	0.00104234879836	-0.00200347462669
-9.48180189776	-61.0	54.9764104564	-0.00570755358785	0.000968055741396	-0.00220020837151
11.3409147254	-61.0	56.3056499232	0.00521984370425	0.00149987486657	-0.00159081700258
11.6756913989	-61.0	56.3882522478	0.00539642572403	0.00151292653754	-0.00159810599871
-1.49729166915	-61.0	45.2598438842	-0.00133900844958	-0.000533719779924	-0.00604997389019
-1.74076561865	-61.0	46.2484028465	-0.00146906613372	-0.000376884621801	-0.0056317858398
-1.83103742441	-61.0	46.7402454900	-0.00152177305426	-0.000296782003716	-0.00542218238115
3.33513155618	-61.0	59.3239347208	0.00139255658723	0.00236432231031	0.000778760004323
-5.04967457901	-61.0	54.6104613210	-0.00348938070238	0.00108872342389	-0.00197043200023
-5.22818302094	-61.0	55.1382371399	-0.00363677716814	0.00118962139823	-0.00171690457501
-0.630812018505	-61.0	61.2080841237	-0.00139543798286	0.00312099442817	0.00210360786878
-0.779571590691	-61.0	60.8403035501	-0.00149612117093	0.00298801879399	0.00181496003643
0.728005878264	-61.0	60.0007290164	-0.000313557335176	0.00272693275474	0.0012171670096
0.331490419408	-61.0	60.3784542336	-0.000607379362918	0.0028656006325	0.00147719832603
0.234078779149	-61.0	55.3108648657	-0.000679808668792	0.00140922144055	-0.00145495019387
0.384688428123	-61.0	54.8526802689	-0.000594716402702	0.0013051670976	-0.00168324401602
-7.45077751075	-61.0	52.7116964056	-0.00446397764608	0.000631028495263	-0.00306066963822
-7.38723436785	-61.0	52.2527247186	-0.00438692839816	0.00054939975962	-0.00326778856106
-7.23608433855	-61.0	52.5141749464	-0.0043421657756	0.000601991254371	-0.00313436076976
-7.80955873887	-61.0	52.4261486943	-0.00460287183523	0.000567178125493	-0.00322416331619
5.50610829013	-61.0	61.5236614837	0.00295201898552	0.00267917220481	0.00207946938463
4.99428904934	-61.0	61.5190100342	0.00265451986343	0.00272159185261	0.0021370111499
5.18208087051	-61.0	61.3423210400	0.00274098431692	0.0026700750459	0.00199604593217
-8.62313662879	-61.0	57.1444326057	-0.00562997488305	0.00141657155473	-0.0010089634452
-8.67011588640	-61.0	56.7893825215	-0.00559396995232	0.00134603772312	-0.00119865196757
-8.42630788584	-61.0	56.8815228816	-0.00548842828721	0.00137662922498	-0.00111977546476
-8.86694462935	-61.0	57.0522922456	-0.00573524832726	0.00138581497595	-0.00108958198689
-8.80666650540	-61.0	56.0011093647	-0.0055351825431	0.00118936470244	-0.00161531730555
-8.71745557840	-61.0	56.3998281556	-0.00555413262919	0.00126932270359	-0.00140347622801
-8.90884263759	-61.0	56.3098462817	-0.00563338492066	0.00124270061497	-0.00147337093949
-7.55403984162	-61.0	56.9648324892	-0.00506542483345	0.0014406577684	-0.000971425266471
-7.13504353331	-61.0	56.6660649172	-0.00480786897242	0.00140451802872	-0.00108384212945
-7.30827390962	-61.0	57.0708302507	-0.0049575958401	0.00147568422835	-0.000887815258466
-8.77854031053	-61.0	57.8754918550	-0.00583554897457	0.00154827686492	-0.000646594678983
-8.5598215633	-61.0	57.9811284144	-0.00574423233047	0.00158140738495	-0.000558669446036
-8.58280565316	-61.0	57.5330096748	-0.00567656429484	0.00149356911425	-0.000800027919468
-8.35552575751	-61.0	57.6097057522	-0.00557570019737	0.00152138830163	-0.000728489540052
-10.1112613874	-61.0	55.4498650416	-0.00607793172821	0.00102655647788	-0.00205521681346
-9.92716638687	-61.0	55.0264521692	-0.00592669891194	0.000957877666224	-0.00223267101683
7.54147570787	-61.0	60.8105462021	0.00398133927956	0.00241810595617	0.00135597377084
7.82714091183	-61.0	60.4940431466	0.00408555846661	0.00234612752683	0.00112643744797
8.73797066259	-61.0	60.9933547917	0.00465473113582	0.0024026921019	0.00128060358111
9.16061292074	-61.0	60.6596006205	0.00482283020392	0.00232771248557	0.00101932871621
9.27059089815	-61.0	61.0034847057	0.00494076497853	0.00238659512252	0.00119725638069
-9.63195285004	-61.0	49.5305169312	-0.00515003502369	2.1798787202e-05	-0.00469168042764
8.31469191797	-61.0	51.7091152220	0.0032201979775	0.000681574863847	-0.00343778566457
7.38551262608	-61.0	53.4547742371	0.00294338772073	0.00100137770642	-0.00255896593444
2.50803522599	-61.0	49.6853991632	0.000407051178627	0.000278282765066	-0.00409423978999
2.60816933028	-61.0	49.3572784059	0.00044679408893	0.000219529378228	-0.00424026791006
2.76104745522	-61.0	49.6241887340	0.000522608577739	0.000269643758656	-0.00412429776043
2.41631220636	-61.0	49.4040177260	0.000359612196917	0.000225988420425	-0.00421766424552
2.59252399207	-61.0	48.6510381473	0.000427125574788	9.26369611989e-05	-0.0045499955304
2.70911160560	-61.0	49.0086936086	0.000486198463477	0.000157741844305	-0.00439472822472
2.96212383483	-61.0	48.9474831794	0.000599805498496	0.000149434999912	-0.00442494498566
2.32659468490	-61.0	50.4055692028	0.0003365878365	0.00040994270239	-0.00377188413404
2.40790112171	-61.0	50.0135199205	0.000366950203897	0.000337691162713	-0.00394760584459
2.56949911577	-61.0	50.2943011373	0.000448475038866	0.000391451292671	-0.0038241406437
2.17348327264	-61.0	50.0544587611	0.000258253305219	0.000342883053236	-0.00392736215144
8.55645725215	-61.0	59.4078071160	0.00429924018681	0.00211553927511	0.000400869641453
9.01625090942	-61.0	59.6021970842	0.00457008834928	0.00213794549927	0.000445678306278
8.11876842403	-61.0	59.2654265030	0.00404831347987	0.00210282485932	0.00037729163887
2.99355004949	-61.0	59.7904940333	0.00123191263992	0.00250976975076	0.00108523946255
-3.26628362233	-61.0	64.5731191913	-0.0036413858179	0.00336025096476	0.00467593688518
-3.21816909349	-61.0	64.8295192650	-0.0036210315302	0.00339868571609	0.00488484557718
-2.89645861967	-61.0	64.7536720082	-0.0033729467541	0.00343211856671	0.00488979835063
8.30559504355	-61.0	62.7845770991	0.00472406484187	0.00273944064975	0.00242684432305
7.89797890308	-61.0	63.1118372296	0.00454936688766	0.00281428429298	0.00270852306858
7.04730472935	-61.0	65.9181373262	0.00449901120737	0.00329424906522	0.00466584227979
6.93870516043	-61.0	65.7119832913	0.00439768051729	0.00327353016473	0.00456058327109
6.92901462641	-61.0	66.0596500886	0.0044483775273	0.0033179379534	0.00478399125859
-11.7690836929	-61.0	53.3622582034	-0.00655827252194	0.000593782227952	-0.00323603651486
-11.5974314266	-61.0	53.7131312195	-0.00652659451589	0.000658301345538	-0.00305622024462
3.13313979444	-61.0	54.3328386073	0.000874849152751	0.00119869690388	-0.00195110740606
3.04443010899	-61.0	54.1497766687	0.000818889006041	0.00116000371054	-0.00203916057944
3.33930664924	-61.0	53.9926581812	0.000964245933574	0.00112622010056	-0.00212093233131
-8.28033169790	-61.0	48.9878630075	-0.00449877372012	-3.90195309592e-05	-0.00480521656573
-8.54829538179	-61.0	49.3046381154	-0.00464515155181	7.75204716774e-06	-0.00468948343769
-7.99341035246	-61.0	48.6965070969	-0.00434749014676	-8.12571961433e-05	-0.00490873493254
-7.86136070980	-61.0	48.8410857159	-0.00430017709732	-5.46566479898e-05	-0.00483461841941
5.46935531900	-61.0	60.6763697682	0.00281634670682	0.00251330714673	0.00152601930313
5.16205291007	-61.0	60.9233886285	0.00267408718355	0.00258705718443	0.00171828386374
4.99925008068	-61.0	60.8239643118	0.00256704050116	0.00257966667414	0.00166789116338
8.74769377655	-61.0	63.8724123407	0.00516789546236	0.00290839886293	0.00299624120817
11.7313480808	-61.0	57.9269244895	0.00567355239764	0.00178516993765	-0.00084804429207
11.3272503189	-61.0	57.9076269708	0.00546798342839	0.00178547471296	-0.00079436408123
2.22483350724	-61.0	57.4726275492	0.000548323208932	0.00193756562658	-0.000308109621983
2.15673485851	-61.0	57.8714804318	0.000533092650585	0.00204277317971	-8.32106743474e-05
2.89665274276	-61.0	60.2549318246	0.00122145400383	0.00264053139836	0.00139848259278
2.6650253161	-61.0	60.2196877840	0.00106705538929	0.00265330751427	0.00137783179525
-3.33230713498	-61.0	57.0574206812	-0.00282468646765	0.00170913955662	-0.000607714697253
-3.77247521944	-61.0	57.0560815418	-0.00307372957468	0.00168352748733	-0.000626010878477
-3.71075411067	-61.0	56.8370830724	-0.00301458057947	0.00163625378627	-0.000743446522392
-0.723410327489	-61.0	60.4191831488	-0.00142890424468	0.00284945219755	0.00150247418787
1.89139699737	-61.0	66.9827993068	0.00083711289335	0.00378832756542	0.0067112762481
2.02492734698	-61.0	67.1824529635	0.000966967374552	0.00380427483469	0.00683012511581
2.33714969338	-61.0	66.9909636700	0.00122535275295	0.00376723799855	0.00663461629301
-1.83990424319	-61.0	61.2664889444	-0.00234610890038	0.0029925480485	0.00213553430513
-1.55085268181	-61.0	61.4855508132	-0.00214833766222	0.00309871090576	0.00231709727086
-1.63066991496	-61.0	61.0944915416	-0.00217344006523	0.00297293695621	0.00200493307784
-11.8950873044	-61.0	52.9617455944	-0.00656292121857	0.000524010683876	-0.00343127478845
3.75972216455	-61.0	52.9886163437	0.0011247653747	0.000920037447941	-0.00261080660857
4.14626672933	-61.0	53.1719225984	0.00132849114016	0.000956709147431	-0.00253434409387
4.03970492120	-61.0	53.3719080117	0.00128686008975	0.000997088034637	-0.00243620364927
7.33205251892	-61.0	62.3542987046	0.0041076336056	0.00271079316735	0.00234111980535
7.80148451668	-61.0	62.0934830471	0.00432802736759	0.00264046876691	0.00209691142663
-5.31130537249	-61.0	49.1937815068	-0.00318062771112	5.93921431573e-05	-0.00450121983886
5.09605299928	-61.0	52.2689331903	0.00173969450407	0.000779778580181	-0.00299017061479
4.93521643052	-61.0	53.3109847085	0.00173104985151	0.000982839381322	-0.00249471049756
4.69208774653	-61.0	52.9063148078	0.00158332905266	0.00090347439982	-0.00267733959481
4.58469972623	-61.0	53.1387011406	0.00154513807502	0.000949500710703	-0.00256385817192
5.00270689564	-61.0	53.0868032923	0.00174877722748	0.000938493525609	-0.00260367756709
-7.13584281213	-61.0	52.7673633747	-0.00432065315545	0.000651942915283	-0.0030082766898
-7.10022275670	-61.0	53.0565004907	-0.00433391844854	0.000706831808202	-0.00286988704465
-7.49996985506	-61.0	53.1601436443	-0.00453542079777	0.000711883883923	-0.00285530649126
-6.09861976614	-61.0	54.0399278119	-0.00395383546129	0.000931995164137	-0.00232146726921
-6.00681733817	-61.0	54.2935473605	-0.00393599830568	0.000985549180768	-0.0021909812931
-4.34074096523	-61.0	58.0328248966	-0.00351630989462	0.00187352730427	-0.000101394231024
-4.40728134382	-61.0	58.5608745129	-0.00362762273289	0.00199104170315	0.000206048644031
-4.15767668537	-61.0	58.4257525314	-0.00346577377059	0.00197918759659	0.000139642506838
-4.50861756257	-61.0	57.6546023072	-0.00355954933912	0.00177499244455	-0.000328185036778
6.84340951830	-61.0	62.5687271693	0.00386363477446	0.00277684978209	0.00256297294982
6.91161377002	-61.0	62.3573852498	0.00387084134854	0.00273526646197	0.00241570570506
-10.7198168024	-61.0	53.0146060507	-0.00602630246431	0.000573150929995	-0.0032598793041
-10.9159866312	-61.0	52.9453151889	-0.00610840367153	0.000554698286578	-0.00331475795247
-10.8000171581	-61.0	53.4585702069	-0.00612078839913	0.000645903870463	-0.00306892651133
-5.43129000113	-61.0	58.5416743753	-0.00419728318229	0.00190637283958	0.000119810058095
-5.22358792785	-61.0	58.9287083747	-0.0041424613446	0.00200790562667	0.000368329812773
-5.18738516897	-61.0	58.5002607848	-0.00405660457909	0.00191596790683	0.000115454058687
-5.08483115711	-61.0	58.7786420429	-0.0040419716388	0.00198593083769	0.000289312214591
-0.949037324174	-61.0	46.8598933522	-0.00113934546243	-0.000263693509623	-0.00534836901352
-0.886596342953	-61.0	46.3359077426	-0.00110133423004	-0.000350182788679	-0.00557303847745
-9.60218118951	-61.0	63.4777377619	-0.00747870467603	0.00254926458001	0.00237358384766
-9.18448704499	-61.0	63.5644259729	-0.00725789740682	0.00259409169666	0.00253939512186
2.04812200406	-61.0	56.4725167734	0.000387025647797	0.00169111811556	-0.000850623706356
1.93800386593	-61.0	56.6504806840	0.000331351999193	0.00173583929427	-0.000755681947339
2.30367075823	-61.0	56.6129831213	0.0005429337034	0.00172206410207	-0.000777031295002
2.20412306215	-61.0	56.7926968038	0.000494999228977	0.0017673993716	-0.000680240918882
-1.94590238826	-61.0	59.5924983425	-0.00224191951565	0.00247926730663	0.000933679810259
-1.56221976640	-61.0	59.6482555978	-0.00198447075672	0.00253037828952	0.000972235982772
5.96240015702	-61.0	61.5109295255	0.00321097089909	0.00264225783758	0.00201242463663
5.99225703243	-61.0	60.6308156190	0.00310413283296	0.00246864976361	0.00144188071135
6.46913977252	-61.0	60.6926591349	0.00337763316929	0.00245169247501	0.00142549315933
-0.592160516047	-61.0	63.6579320397	-0.00143251102418	0.00364086893387	0.00426075421274
-0.741992018074	-61.0	63.8436537190	-0.0015691089211	0.00364205962978	0.00441737798974
-0.943351917793	-61.0	63.8011297533	-0.00174836872611	0.00361854117364	0.00436770217493
-2.06312021425	-61.0	50.8160867269	-0.00175606110133	0.000423637538916	-0.00363300787285
-1.48417304293	-61.0	50.6335379434	-0.00147406791802	0.000400208577048	-0.00369988637976
-1.80415063651	-61.0	50.5125408359	-0.00162229454145	0.000371359230485	-0.0037626917474
9.6501293837	-61.0	62.0091351856	0.00532601168379	0.00255467602983	0.00170534360223
9.91243883990	-61.0	61.8053456158	0.00542992027476	0.00251098512672	0.00153780297842
9.73417522036	-61.0	61.6336786112	0.00530193466693	0.00248552602716	0.00147405278403
-2.32640052084	-61.0	49.9418384619	-0.00184763944708	0.000255168240983	-0.00403403770179
-2.53316014414	-61.0	50.2961900982	-0.00195834692568	0.000316538847983	-0.00388218602166
-2.69558037714	-61.0	49.9777563092	-0.00202116812579	0.000254492420936	-0.00403039716184
-2.28864740047	-61.0	50.1137362583	-0.00183646229561	0.00028759543784	-0.00395598774776
5.13283163558	-61.0	53.7382692855	0.00186106574256	0.00106690044049	-0.00229801773094
5.06691575961	-61.0	54.2201123687	0.00186559325084	0.00116401410196	-0.00206161197275
5.36884466726	-61.0	53.7678525031	0.0019813850522	0.00107154960278	-0.00229383236729
11.6210246401	-61.0	53.3514176565	0.00494375452399	0.000982059165835	-0.00302238110453
-4.55699898405	-61.0	54.3243966541	-0.00321058183908	0.00104977679439	-0.0020837476477
-4.90380947551	-61.0	54.1110212753	-0.00336615554988	0.000992838409729	-0.00220805522986
-5.78329649665	-61.0	65.1132078756	-0.0054668141529	0.00315288547426	0.00447862455621
-5.68146929460	-61.0	65.4489715101	-0.00545247551054	0.00321773556061	0.00474320631474
0.898212654494	-61.0	67.0990127202	-5.20818430232e-05	0.00383243430406	0.00692440290004
0.672045116204	-61.0	67.4470047547	-0.000250976940151	0.00387071282603	0.00719043053687
0.729582846925	-61.0	67.2420628155	-0.000203388655791	0.00384908868	0.00704039074481
-4.89126224301	-61.0	53.1339101720	-0.00327147031203	0.000798346474767	-0.00267864321359
-5.02653594987	-61.0	53.5709423455	-0.00337706785649	0.000879995699506	-0.00247736554593
2.48170299013	-61.0	55.1218266902	0.000565821712371	0.00137349008583	-0.00155037932564
2.74924250078	-61.0	55.0953434376	0.000710110587534	0.00136623543222	-0.00156667910051
2.54198482579	-61.0	55.5351298486	0.000619460537564	0.00146646052599	-0.00134145026095
-5.49255913167	-61.0	50.7061980105	-0.00336669781245	0.000323262473103	-0.00383710465394
-6.05737203552	-61.0	50.5498023976	-0.00361663568765	0.000280758977169	-0.00394358951598
-6.65534448746	-61.0	50.3780137108	-0.00387821276672	0.000235209110542	-0.00406205281615
-7.25368042585	-61.0	50.2116384951	-0.00413800869137	0.000191282655578	-0.00418108236045
-5.02421513876	-61.0	50.5756432056	-0.00313956616446	0.000311388808768	-0.00386841618456
-6.05177855398	-61.0	57.9315731375	-0.00443841191009	0.00173068465665	-0.000287660601316
-5.81305993031	-61.0	57.6195089079	-0.00426409998909	0.00168039009441	-0.000441812269855
-5.99460894641	-61.0	57.4366999247	-0.00433332379907	0.00162997236475	-0.000559180916753
5.30840588773	-61.0	64.6583986254	0.00321279605851	0.00323265581392	0.00426318170503
4.91469322176	-61.0	65.0219178288	0.00299544492736	0.00331933959387	0.00460837455466
5.12799813832	-61.0	65.0751955681	0.00314258551225	0.00330919772387	0.00459173647687
-10.4106330682	-61.0	62.4594934687	-0.00767913088202	0.00230990862474	0.00156468513887
-2.35818382826	-61.0	47.3441214436	-0.00177138578147	-0.000203523304663	-0.00517696281895
-2.36297818767	-61.0	47.1406674020	-0.00176685512997	-0.000237944637774	-0.00526535324752
-2.02412664230	-61.0	47.0957061782	-0.00161655596457	-0.00024017773103	-0.00527411559597
-4.89662140978	-61.0	61.6773806723	-0.0043906448409	0.00263598514721	0.00220431061462
-9.71650335752	-61.0	63.0665966256	-0.0074414066039	0.002466250211	0.00209862808697
-1.33582720599	-61.0	47.9677512592	-0.00133528851438	-8.03014190751e-05	-0.00487648695707
-1.38705987152	-61.0	48.1865816189	-0.00136364484206	-4.30056134064e-05	-0.00478223152459
-2.12499932362	-61.0	61.0485207286	-0.00252942019142	0.00288723735139	0.00196014693938
-2.29298874368	-61.0	61.1957123397	-0.00266482052393	0.00290205120109	0.00206794170663
-1.86038113965	-61.0	61.0716136730	-0.00234118523076	0.00293323840015	0.00198340346105
2.61013455228	-61.0	58.8423414453	0.000893274089321	0.00228298734874	0.000488170830067
2.23653895577	-61.0	59.3124619569	0.000696486444212	0.00243365112692	0.000780774687883
2.04610336828	-61.0	59.1654687203	0.000558986735996	0.00240275613032	0.000687514606398
1.08215800644	-61.0	45.1439095896	-0.000241847694269	-0.000519186723977	-0.0060583432205
1.55360460285	-61.0	45.0944987263	-4.22482262366e-05	-0.000521692156326	-0.0060779643245
-10.4292362598	-61.0	52.6191896419	-0.00584280025214	0.000515726162121	-0.00340399774723
-2.66150957991	-61.0	51.0672221481	-0.00205244496465	0.000458764261566	-0.00353822414763
-2.47948689489	-61.0	50.7234248640	-0.00195066793822	0.000397558818804	-0.00368794146925
-5.40378146189	-61.0	63.0589716785	-0.00490597635508	0.00284077296965	0.00310476426966
-4.84103668591	-61.0	62.8730739743	-0.0045311586	0.00287487288006	0.00307586533017
-5.07411416838	-61.0	62.8303748445	-0.00466938037425	0.00283800018951	0.00300278211944
-4.86063082542	-61.0	62.5285699413	-0.00449492223561	0.00280814059079	0.00282071297988
-5.07021071587	-61.0	62.4948157151	-0.00461795227602	0.00277569238096	0.00276124151424
8.23785207157	-61.0	61.8453349516	0.00452752131969	0.00257636397146	0.00186970480718
2.90268949066	-61.0	44.1280374696	0.000523406662978	-0.000661958300043	-0.00649601127952
3.39215424521	-61.0	44.2119265060	0.000726120953914	-0.000644509273116	-0.00646683806553
2.73891876272	-61.0	60.4508459191	0.00114032498095	0.00270825088955	0.00153695687186
3.20185115555	-61.0	60.5181792846	0.00144629925489	0.00267795217223	0.00157255330123
3.03801555728	-61.0	60.7138838000	0.00136387674138	0.00274465163238	0.00171531282831
3.36762678713	-61.0	57.9464952627	0.0012686138507	0.00201989081688	-5.01085669384e-05
3.37353218747	-61.0	57.5234964481	0.00123258889653	0.0019173641922	-0.00029040130903
3.58924640275	-61.0	57.4625903902	0.00135149096604	0.00189584039617	-0.00032868643757
9.00366585763	-61.0	49.2341024964	0.00332502787933	0.000254862825386	-0.00459577515721
9.21489589368	-61.0	48.8682271613	0.00339002348483	0.000195133383386	-0.00477362424135
9.50464651703	-61.0	48.9603329023	0.00352539168671	0.000214246072574	-0.00475913984701
-6.26717834322	-61.0	64.1473077109	-0.00561907328665	0.0029419392813	0.00367755861953
10.0015289032	-61.0	49.4621312191	0.00378808728419	0.000304946443066	-0.0045862281695
9.95174103137	-61.0	49.0079048789	0.00372711592354	0.000227971788263	-0.00477991858497
3.34382222105	-61.0	47.0976970939	0.000733994063921	-0.000169171253219	-0.00523388246074
3.48571616100	-61.0	46.9580931533	0.000793279090431	-0.000191404891666	-0.00529649341479
9.42631187475	-61.0	51.2193974897	0.00368795590475	0.000600531930104	-0.00375373847783
1.70821402100	-61.0	53.8090638658	0.000105121922388	0.00108528928831	-0.00219127442688
1.43838789419	-61.0	53.9118557057	-3.48282301275e-05	0.00110577896703	-0.00214097858407
2.50834328887	-61.0	53.9698343190	0.000530137796886	0.00112208770588	-0.00211934302934
2.71314970705	-61.0	53.9441827051	0.000636179116555	0.00111674412619	-0.00213423767127
4.08983352037	-61.0	47.6597944954	0.00107171142008	-6.48118802928e-05	-0.00500754639506
4.54391106937	-61.0	47.3370419223	0.00126130599529	-0.000115656614071	-0.00515952054411
0.0333438691333	-61.0	55.8233714581	-0.000797659449745	0.00152845203411	-0.00119571981486
-9.05730196102	-61.0	55.6942092283	-0.00560974050313	0.00111983460374	-0.00179878878407
6.77957120701	-61.0	45.7103342712	0.00215930887498	-0.000369702669559	-0.00595392659307
-8.32630887124	-61.0	54.3506598185	-0.00507114222273	0.00090112129692	-0.00236901314929
-8.44802030241	-61.0	54.5347551764	-0.00515330536291	0.000930350739509	-0.00229334062897
-8.72407850325	-61.0	54.3762591098	-0.00526437209919	0.000889617193025	-0.00239921128377
-8.63427074282	-61.0	54.1772452395	-0.00519583700225	0.000856602098793	-0.00248438119888
-6.70702376040	-61.0	60.6827760411	-0.00525953480974	0.00224870513193	0.00127915816847
-7.26991237234	-61.0	60.8050074169	-0.00559194479138	0.00222511473112	0.00126389681827
-7.11383150253	-61.0	60.3691325156	-0.00542525621131	0.00215188856237	0.00102141441312
-6.29267628909	-61.0	60.9517815951	-0.00507678976282	0.00234008673579	0.00151395052671
-6.29174370778	-61.0	60.4868124681	-0.00499454978853	0.0022459931206	0.00121673871763
-5.25270158712	-61.0	59.3987968265	-0.0042328494601	0.00210911594331	0.000653371505905
-5.02950194912	-61.0	59.6103810005	-0.00414050463587	0.00217615091242	0.000805755320471
-5.55013571334	-61.0	59.6668436498	-0.00444268202409	0.00214103772305	0.000790976802818
-5.35474698311	-61.0	59.8096678219	-0.00435646716505	0.0021897086408	0.000900730257854
3.32262932377	-61.0	52.8101789707	0.000897284597158	0.000883579312358	-0.00268523138948
-1.51378751643	-61.0	53.4786475336	-0.00158310902771	0.000968075764831	-0.00238110427745
-1.76620992414	-61.0	53.7911921960	-0.00172762747388	0.00102843064815	-0.00223674299195
-10.3803540690	-61.0	59.3622037613	-0.00694151129574	0.00173617759719	-0.000133343288326
-10.2872576419	-61.0	58.9625087149	-0.00680925929919	0.00166681583505	-0.000325706263538
-6.18862754274	-61.0	55.8939245272	-0.00421904353425	0.00129874562845	-0.0013999423245
-6.11005307811	-61.0	55.5380657082	-0.004133597482	0.0012302523246	-0.00157653691713
-5.83531428672	-61.0	58.2896683074	-0.00437797559425	0.00182192237116	-6.30307331448e-05
-6.07523837298	-61.0	58.4104823408	-0.00452611781657	0.00183028611355	-1.61341322382e-05
-7.82019725646	-61.0	50.0114344999	-0.00437835557386	0.000143101628055	-0.0043154140003
4.62820923711	-61.0	44.6662921092	0.00124121736735	-0.000562003697269	-0.00630204752088
4.89678183391	-61.0	44.9288507124	0.00135653628968	-0.000517118605785	-0.00619922112674
5.08641880334	-61.0	44.7675554016	0.00143194827251	-0.000542020075954	-0.0062741828151
4.00094250640	-61.0	59.9088944248	0.00186406285502	0.00245801312849	0.00113253481686
3.63082376179	-61.0	60.3495564678	0.00169394374825	0.0025945501402	0.00144097639713
4.94296809671	-61.0	65.2395513528	0.00303807132877	0.00334818195552	0.00475148065016
-3.22761438083	-61.0	51.3304555930	-0.0023368706461	0.000495936255902	-0.00343923689798
-3.79572923130	-61.0	51.6044972133	-0.00262567680329	0.000534116465133	-0.003337709466
-1.68032370459	-61.0	51.6561690825	-0.00160110613797	0.000593501143157	-0.00323941418901
-2.83486559473	-61.0	52.3205482433	-0.0021985154599	0.000698311720043	-0.00296724354848
-4.36531379248	-61.0	51.8991691888	-0.00291928532533	0.00057510798797	-0.00322916661389
-2.72847792161	-61.0	56.5657702423	-0.00243212445639	0.00162311375607	-0.00085544976173
-2.31245927725	-61.0	52.3850916773	-0.00194249500055	0.000724104233086	-0.00291969371028
4.34107407658	-61.0	67.2071684939	0.00288674049079	0.00366593850777	0.00627275090665
4.06804434537	-61.0	66.9559765860	0.00263442099094	0.00365153537132	0.00618118885905
4.25754677444	-61.0	66.7045687165	0.00274072401226	0.0036034649238	0.00595289375633
8.27644256280	-61.0	49.7620992406	0.00304084015079	0.000338602316333	-0.00430536689237
0.158688478201	-61.0	62.9770472130	-0.000743787386455	0.00359227042645	0.00365639198571
3.49939318082	-61.0	56.1749320111	0.00119118019938	0.00160003325436	-0.0010241396958
3.71197959603	-61.0	55.7440695951	0.00127483904362	0.00150026753545	-0.00125315366313
2.56463778084	-61.0	44.2865610891	0.000383353850339	-0.000640038400888	-0.00642549525946
2.44868530843	-61.0	43.9560558023	0.000335462944349	-0.000693092821166	-0.00656532077119
-1.74177408041	-61.0	63.8741389854	-0.00243276334368	0.00351511826739	0.00435566389933
-1.59281664199	-61.0	64.4342900052	-0.00231696269475	0.00358201889321	0.00484314793721
9.82981202979	-61.0	55.2008642027	0.00432708021253	0.00131064036395	-0.00193989847321
9.36331718895	-61.0	55.3403636315	0.00411811936647	0.00133959890809	-0.0018214348238
1.10118995924	-61.0	63.8836651030	0.000100612072856	0.00363010517322	0.00442560901865
1.21871273837	-61.0	63.6728453784	0.000201228656806	0.00360021577217	0.00423333747312
7.27539477288	-61.0	64.9639495055	0.00448574172333	0.00314754457213	0.00400730781257
6.93775397764	-61.0	64.7500087975	0.00424636155367	0.00313287973404	0.00394778093323
-1.23536701698	-61.0	59.3581528707	-0.00173281657044	0.00246475473978	0.00078530900646
-0.864530643877	-61.0	59.2312837243	-0.00146541220602	0.0024465774186	0.000705842569005
3.58038711769	-61.0	63.2997279639	0.00196445547044	0.00320924911648	0.00362324924208
3.24850516698	-61.0	63.1019469261	0.00172823062167	0.00322388927452	0.00351820839569
3.34665353291	-61.0	63.4401893103	0.00181709241588	0.00326285953633	0.00376909202896
11.4522213191	-61.0	52.3261839595	0.00473987450823	0.000805067887995	-0.00346834491938
11.0657190813	-61.0	52.2742856521	0.0045545916073	0.000793464307208	-0.00344658619724
11.0189799283	-61.0	52.7822276365	0.00459188269451	0.000880791223608	-0.00321034877561
-9.86865008155	-61.0	50.4259050000	-0.00534349214286	0.000163629680173	-0.00432142615318
-9.73432051378	-61.0	50.6732820514	-0.00530784483999	0.00020795391174	-0.00419825315475
-9.37242117447	-61.0	50.4880658881	-0.00512533448637	0.000185961616808	-0.0042441310361
2.24123750598	-61.0	63.4071898919	0.00102422619238	0.00342547125183	0.00389892957173
2.08625207238	-61.0	63.0068778536	0.000891327217687	0.00339214364067	0.00357861979865
0.306454806242	-61.0	46.3362060784	-0.000584952940699	-0.000333905103616	-0.00555364321917
0.513513310796	-61.0	46.3593873615	-0.000495660817251	-0.000327352725435	-0.00554154999554
0.421091568169	-61.0	46.6935381603	-0.000539010507055	-0.000272703589872	-0.00539860548452
6.89739207897	-61.0	50.1228150898	0.00244280230254	0.000391553388909	-0.00405159872025
7.19415805400	-61.0	50.4084927471	0.00259807356633	0.000444189354312	-0.00394304236397
5.07072860722	-61.0	63.6051488952	0.00294625107199	0.00308987358585	0.00358370319009
4.75569355743	-61.0	64.0117881429	0.00278946245089	0.0031842039898	0.00393479457125
5.59946270141	-61.0	49.4981935095	0.00181595433969	0.000271300785244	-0.00425969203934
5.56072757309	-61.0	49.1917574488	0.00178311695345	0.000216684915358	-0.00439252471551
5.39149147843	-61.0	49.5593146989	0.00172465154901	0.000280582084088	-0.00422383472323
7.05209323599	-61.0	55.3867068757	0.00298076728359	0.00137442583218	-0.00159322307445
7.19924220801	-61.0	55.8909839307	0.00311296642758	0.00147084437776	-0.0013486869866
5.62321115272	-61.0	58.4140104068	0.00259795808233	0.00202948693186	0.000128605606733
5.47703113975	-61.0	57.8652515426	0.00244950735942	0.00191835395526	-0.000175536013558
4.93532760191	-61.0	59.1136195708	0.00230578379706	0.00221469369717	0.000585285713896
4.78914758895	-61.0	58.5648607066	0.00215466762893	0.00210039876401	0.000264738249825
5.03702759466	-61.0	59.6543610241	0.00243362411857	0.00232717511244	0.000911629875191
7.34990426404	-61.0	59.8021497165	0.00372346816584	0.00223482958972	0.000780448666774
6.92235674481	-61.0	59.7213718920	0.00348219485022	0.00223803403787	0.000782082730439
5.74680839730	-61.0	58.8949009853	0.00272851879708	0.00212560710497	0.000400758115575
5.18595163310	-61.0	57.5465926756	0.00225311890244	0.00186020333786	-0.000338313810062
2.30059985548	-61.0	60.3945340589	0.000841920671519	0.00273742084391	0.00150218629278
2.39842815106	-61.0	60.6336172530	0.000932449707761	0.0027944073081	0.00167132494971
-3.49277836739	-61.0	58.1675962582	-0.00304554193281	0.00196749554016	1.74692504515e-05
10.0866917508	-61.0	62.5466180729	0.00566705409437	0.00263710389845	0.00192553689703
9.59178385168	-61.0	62.5467678701	0.00539492722601	0.00265124160796	0.00202810275368
9.72910446824	-61.0	62.3989502346	0.00544233620167	0.00262114172801	0.00191446486861
9.92102354138	-61.0	62.9163700682	0.00564828375354	0.00270635564812	0.00217324262485
-2.08061315457	-61.0	63.0664566182	-0.00267318147235	0.00335500948131	0.00362576683983
4.71551627204	-61.0	56.3630985814	0.00187160773203	0.0016170629533	-0.000960077275522
7.30855080810	-61.0	46.8826016596	0.00243410491385	-0.000165089091752	-0.00548657728359
3.51126778038	-61.0	56.5777201699	0.0012297059875	0.0016916336026	-0.000810820725746
3.65746264184	-61.0	56.9954064000	0.00134764099494	0.00178448692895	-0.000588227470871
9.20916001689	-61.0	48.0997898536	0.00332948961295	6.5534368332e-05	-0.0051066800952
9.05557432010	-61.0	47.8122794638	0.00324205332436	1.51029098561e-05	-0.00521772122011
9.33961664280	-61.0	47.9759426421	0.00337725738063	4.66328456241e-05	-0.00517159840092
1.82307052338	-61.0	51.1304579037	0.000109742788482	0.000542839930858	-0.00344184599817
1.29771541966	-61.0	51.2958544048	-0.000142229997437	0.000569358817302	-0.00336552551016
2.19308254585	-61.0	50.8430635459	0.000282016670099	0.000491347513162	-0.00357416481711
2.31451712264	-61.0	51.0687565687	0.000344911502907	0.000535576895345	-0.00347322016023
3.01907707945	-61.0	45.4916245625	0.000577117607463	-0.000441421725554	-0.00591696519405
3.54234782345	-61.0	45.6502100184	0.000799666973762	-0.000410097418353	-0.00585752446204
3.35630796926	-61.0	45.8270491440	0.000722672673874	-0.000382678204915	-0.00577878486365
-2.54195389828	-61.0	47.2530545309	-0.0018493453972	-0.000221879046876	-0.00522266887128
-2.74613059567	-61.0	47.5936006672	-0.00195154245012	-0.000167537422385	-0.00508195534348
-2.52922906697	-61.0	47.6411762026	-0.00185706827324	-0.000155815112521	-0.00505362544209
6.98040472563	-61.0	54.8680735636	0.00288826064207	0.0012742477702	-0.00184678297956
7.19567282539	-61.0	54.9908045863	0.0030087211635	0.00129565643147	-0.00180119893048
-4.69968296100	-61.0	50.1809747848	-0.00296303303912	0.000247793330345	-0.00402793008834
-4.43000402116	-61.0	49.8366437536	-0.00281757861376	0.000192062158021	-0.00416780821979
-4.76746209130	-61.0	49.9921362293	-0.00298247556202	0.000212290295167	-0.00411604810506
-8.82256926859	-61.0	47.7632286063	-0.0046395608224	-0.000248099648161	-0.00538666592911
-9.10087460551	-61.0	48.0584229060	-0.00478546041995	-0.000205832795473	-0.00528372032568
-8.98360431616	-61.0	47.6287504783	-0.00469940388575	-0.000272220961051	-0.00545961502939
4.58534502915	-61.0	60.8509473239	0.00232925126329	0.00262052891776	0.00172198819928
-6.76736618040	-61.0	48.0086314063	-0.00375359272584	-0.000170813553268	-0.0051152841188
-7.15296037169	-61.0	47.9417302030	-0.00391914788634	-0.00018908616039	-0.00517240678892
-6.97659578227	-61.0	48.9169092737	-0.00391097459942	-2.35292718571e-05	-0.00473292730749
12.7	-61.0	56.0	0.00583612220362	0.00144369038753	-0.00193836388644
12.6909210852	-61.0	55.5198729227	0.0057570785284	0.0013605421409	-0.00216351822019
12.6636973212	-61.0	55.0404323073	0.00567167252302	0.00127771613188	-0.00238390709274
12.6183676313	-61.0	54.5623636342	0.00558013143018	0.00119527708739	-0.0025993892923
12.5549968257	-61.0	54.0863504222	0.0054826606065	0.00111335585825	-0.00280990172178
12.4736755087	-61.0	53.6130732514	0.00537949381396	0.00103200809099	-0.00301542924717
12.3741771295	-61.0	53.1417242316	0.00527046481147	0.000951059220824	-0.00321650272235
12.2556029388	-61.0	52.6698053200	0.00515493424609	0.000870052259415	-0.00341435405426
12.1192228826	-61.0	52.2033650792	0.00503433123231	0.000789975805674	-0.00360664399341
11.9670262983	-61.0	51.7479085645	0.00491024460644	0.000711731845513	-0.00379137718119
11.7964041197	-61.0	51.2952311593	0.0047804848291	0.000633871939499	-0.00397212337703
11.6069423755	-61.0	50.8454982112	0.00464497692883	0.000556373503059	-0.00414894009009
11.4035636230	-61.0	50.4099430507	0.00450715748593	0.000481140101328	-0.0043176501058
11.1840778208	-61.0	49.9828243088	0.00436537060887	0.000407134153647	-0.0044807693921
10.9462479209	-61.0	49.5603061832	0.00421825284138	0.000333640025929	-0.00463988631964
10.6935657739	-61.0	49.1488941740	0.00406801234931	0.000261740089627	-0.00479272613302
10.4235553721	-61.0	48.7446920531	0.00391320046037	0.000190702077816	-0.00494091352448
10.1418148705	-61.0	48.3558132458	0.00375697063282	0.000121924233099	-0.00508167315274
9.84263127358	-61.0	47.9742533299	0.00359614240006	5.39624816156e-05	-0.00521807651967
9.53185339162	-61.0	47.6075169991	0.00343388295732	-1.18909574667e-05	-0.00534762721509
9.20264485789	-61.0	47.2477815601	0.00326667609625	-7.7041790064e-05	-0.0054732314311
8.86234458646	-61.0	46.9033605969	0.00309830717742	-0.000139967101859	-0.00559217296541
8.50935406245	-61.0	46.5723336164	0.00292797503062	-0.000200936498004	-0.00570530211553
8.14133407079	-61.0	46.2527604140	0.00275457696989	-0.000260206841631	-0.00581350363791
7.76701689500	-61.0	45.9519430459	0.00258212257177	-0.000316262507113	-0.00591454235837
7.37992963227	-61.0	45.6643027026	0.00240749004297	-0.000369934248738	-0.00601056497544
6.98390995609	-61.0	45.3926911177	0.00223223865032	-0.000420468277298	-0.00610084738582
6.57018574395	-61.0	45.1315751238	0.00205222680233	-0.000468709564302	-0.00618757726625
6.15173371939	-61.0	44.8893667037	0.00187281111721	-0.000513034407049	-0.00626822188497
5.72555527206	-61.0	44.6638623497	0.00169227283914	-0.000553827383555	-0.00634374422953
5.28500678733	-61.0	44.4518961185	0.00150735944044	-0.00059176387731	-0.00641543697566
4.84428408503	-61.0	44.2601996736	0.00132369773928	-0.000625838176347	-0.00648110732436
4.39288660058	-61.0	44.0839374240	0.00113648525439	-0.000657147553284	-0.00654249452055
3.93258878970	-61.0	43.9242082905	0.000946308311541	-0.00068571587326	-0.00659917667508
3.47229357419	-61.0	43.7838968024	0.000756625900976	-0.000711207743734	-0.00665007112548
3.00797809533	-61.0	43.6613587548	0.000565627473406	-0.000734050234314	-0.00669569661841
2.53624486008	-61.0	43.5558261821	0.000371733040083	-0.000754475709982	-0.00673628412187
2.05267557057	-61.0	43.4669826856	0.000173087537405	-0.000772675673943	-0.00677192490548
1.56919013479	-61.0	43.3973160668	-2.55418126471e-05	-0.000788162869867	-0.00680156797171
1.08918172995	-61.0	43.3467915864	-0.000222871400183	-0.000800924724899	-0.00682514440268
0.610044992797	-61.0	43.3146602290	-0.000420072261477	-0.000811088597402	-0.00684286653996
0.130036043594	-61.0	43.3006657408	-0.000617975078057	-0.000818680680823	-0.00685479026288
-0.350158824691	-61.0	43.3048281304	-0.000816397834569	-0.000823694805149	-0.00686086621135
-0.829853053267	-61.0	43.3271414468	-0.00101517897565	-0.000826097093523	-0.00686105061322
-1.30876738469	-61.0	43.3676159046	-0.00121431844309	-0.000825857219752	-0.00685529736802
-1.79034720430	-61.0	43.4268278908	-0.00141538027674	-0.000822927162517	-0.00684344163164
-2.27480864958	-61.0	43.5053913383	-0.00161860545631	-0.000817173742689	-0.00682522263378
-2.75493241673	-61.0	43.6024055809	-0.00182111468166	-0.000808642420452	-0.00680079730228
-3.22165753300	-61.0	43.7154193096	-0.00201916950755	-0.000797554966994	-0.00677077844739
-3.68398576716	-61.0	43.8460603561	-0.00221668207087	-0.000783767434768	-0.00673472182825
-4.14292870641	-61.0	43.9947452450	-0.00241421791725	-0.000767218298279	-0.00669245095924
-4.60263475699	-61.0	44.1633723851	-0.00261372630484	-0.000747647660319	-0.00664332648739
-5.04713966379	-61.0	44.3459714599	-0.00280839530751	-0.000725752033759	-0.00658904062584
-5.48752616345	-61.0	44.5467447158	-0.00300317443907	-0.00070101278834	-0.00652827741578
-5.92373039607	-61.0	44.7661485592	-0.00319819524884	-0.00067335460335	-0.00646079797298
-6.34419458622	-61.0	44.9981276570	-0.00338837248273	-0.000643530103844	-0.00638841418549
-6.76441581637	-61.0	45.2513871284	-0.00358086219057	-0.000610403367318	-0.00630829716101
-7.16803274404	-61.0	45.5162360490	-0.00376831647009	-0.00057523191208	-0.00622340012342
-7.55925014448	-61.0	45.7947201286	-0.00395267736167	-0.000537744897883	-0.00613303435966
-7.94077558808	-61.0	46.0886891351	-0.00413533300161	-0.000497684814036	-0.0060364799574
-8.31348256092	-61.0	46.3991663013	-0.00431684497744	-0.000454895518487	-0.00593327404931
-8.67229297986	-61.0	46.7219972800	-0.00449485052377	-0.000409951549955	-0.00582468742505
-9.02303833469	-61.0	47.0627308863	-0.00467236991972	-0.000362051214324	-0.0057087149471
-9.35580156164	-61.0	47.4116953280	-0.00484448391944	-0.000312561081955	-0.00558851333335
-9.67807338842	-61.0	47.7765642528	-0.00501509848982	-0.000260382890701	-0.0054613398388
-9.98356764828	-61.0	48.1502626151	-0.00518097961321	-0.000206515687751	-0.00532950274646
-10.2740314965	-61.0	48.5344607155	-0.00534310145304	-0.000150759398821	-0.00519229611382
-10.5497497888	-61.0	48.9294427806	-0.00550164235756	-9.3060079962e-05	-0.00504952808842
-10.8128261315	-61.0	49.3387095056	-0.00565796624869	-3.28980422637e-05	-0.004899721127
-11.0577065001	-61.0	49.7536308980	-0.00580882513896	2.84386533167e-05	-0.00474589690566
-11.2872734206	-61.0	50.1787064385	-0.00595601694658	9.15650671232e-05	-0.00458628358319
-11.4992800717	-61.0	50.6095864878	-0.00609807809815	0.000155833447934	-0.00442240433767
-11.6966310480	-61.0	51.0523922824	-0.00623704586178	0.000222124624997	-0.00425178743899
-11.8775392749	-61.0	51.5039950208	-0.00637186970562	0.000289928051643	-0.00407544989139
-12.0393237598	-61.0	51.9571441520	-0.00650054123253	0.000358049670467	-0.00389620964415
-12.1837849869	-61.0	52.4159543261	-0.00662435591221	0.000427134073107	-0.00371248740703
-12.3127137851	-61.0	52.8875926927	-0.00674526533112	0.000498209265061	-0.00352130807005
-12.4224059523	-61.0	53.3591989178	-0.00686008436605	0.000569338386413	-0.00332792336121
-12.5133917963	-61.0	53.8308928672	-0.00696921441704	0.00064062315505	-0.00313237216324
-12.5864499891	-61.0	54.3055158096	-0.0070735970512	0.000712980690878	-0.00293392431922
-12.6415127005	-61.0	54.7825614414	-0.0071733626537	0.00078701012535	-0.00273251440376
-12.6785012044	-61.0	55.2613477065	-0.00726873148233	0.000863573106471	-0.0025281754788
-12.6973626165	-61.0	55.7411900599	-0.00735987629741	0.000943535298575	-0.00232077739201
-12.6980699697	-61.0	56.2214024470	-0.00744712399319	0.00102740665898	-0.00210882723331
-12.6806222528	-61.0	56.7012982838	-0.00753036793321	0.00111491954885	-0.00189113023225
-12.6450444114	-61.0	57.1801914391	-0.00760915828869	0.00120514456648	-0.00166645483114
-12.5913873132	-61.0	57.6573972153	-0.00768259400502	0.00129726890009	-0.00143444142304
-12.5197276743	-61.0	58.1322333272	-0.00775006460026	0.00139035575558	-0.00119510735385
-12.4301679501	-61.0	58.6040208777	-0.00781081989408	0.00148372515105	-0.000948579516262
-12.3215666696	-61.0	59.0771731843	-0.00786478538066	0.00157791713718	-0.00069262413308
-12.1935109043	-61.0	59.5508156566	-0.0079110013321	0.00167280063033	-0.000427331484389
-12.0501460076	-61.0	60.0104839105	-0.00794766750187	0.0017655575648	-0.000160994997714
-11.8898443164	-61.0	60.4633622003	-0.00797512382269	0.0018577730516	0.000110363624117
-11.7097708947	-61.0	60.9164281337	-0.00799315981567	0.00195101660211	0.000391195557313
-11.5135113444	-61.0	61.3599493023	-0.00800075754523	0.00204343302175	0.00067573459819
-11.3017531811	-61.0	61.7931317121	-0.00799756869674	0.00213495851494	0.000963470316492
-11.0709469314	-61.0	62.2228718484	-0.00798292178661	0.0022271394264	0.00125924136955
-10.8268865325	-61.0	62.6384130642	-0.00795664638281	0.00231778784655	0.00155569112394
-10.5641053534	-61.0	63.0490905855	-0.00791749916971	0.00240897247568	0.00185971811879
-10.2877441316	-61.0	63.4466314991	-0.00786554254591	0.00249894219451	0.00216530985199
-9.99689504140	-61.0	63.8327574666	-0.00780002307147	0.00258809537627	0.00247370870784
-9.69281995228	-61.0	64.2060490720	-0.00772057520226	0.00267610466108	0.00278372061439
-9.37431545591	-61.0	64.5680925376	-0.00762618426234	0.00276333955117	0.00309651065618
-9.04227184363	-61.0	64.9178091427	-0.00751617178321	0.00284958421253	0.0034111160785
-8.69506265448	-61.0	65.2566670803	-0.00738895591348	0.00293521303684	0.00372877484187
-8.33889586363	-61.0	65.5787690115	-0.00724603887647	0.00301866652444	0.0040435185656
-7.96892257080	-61.0	65.8886942040	-0.00708457734436	0.00310106086545	0.00435940129682
-7.58938091603	-61.0	66.1828923844	-0.00690534990281	0.00318138860166	0.00467227306217
-7.19266637612	-61.0	66.4668787325	-0.0067036729306	0.00326111493632	0.00498747872189
-6.78876137367	-61.0	66.7332529557	-0.00648326892406	0.00333811226301	0.00529618794098
-6.37287210891	-61.0	66.9852856624	-0.00624062446877	0.00341307325289	0.00560109131038
-5.95301448205	-61.0	67.2183607794	-0.00597979780287	0.00348453060724	0.00589522439986
-5.52212399940	-61.0	67.4366142951	-0.00569553906098	0.00355346337892	0.00618235114962
-5.07975583727	-61.0	67.6398488235	-0.00538661237806	0.00361968763173	0.00646076817065
-4.63607668246	-61.0	67.8235693847	-0.0050596408546	0.00368137657642	0.00672250334173
-4.18310843206	-61.0	67.9913136831	-0.00470886705443	0.00373948016204	0.00697049545124
-3.71656315176	-61.0	68.1440173888	-0.00433025788516	0.00379413808696	0.00720419175923
-3.25271657750	-61.0	68.2763933982	-0.00393739482388	0.00384297058918	0.00741330906749
-2.78627878078	-61.0	68.3905871756	-0.00352722173557	0.00388647872023	0.00759864784777
-2.31585730094	-61.0	68.4870655064	-0.00309967109933	0.00392453465611	0.00775873987004
-1.83606948335	-61.0	68.5665766560	-0.00265128235333	0.00395708298311	0.00789266917855
-1.34616388694	-61.0	68.6284536975	-0.00218289415352	0.00398366805166	0.00799749605358
-0.859249819846	-61.0	68.6708993267	-0.00170967308804	0.00400329148397	0.00806845258921
-0.374926083452	-61.0	68.6944645587	-0.00123416155111	0.00401592534035	0.00810531526804
0.111246566799	-61.0	68.6995127545	-0.000755261862651	0.00402161572129	0.00810797326267
0.59618578707	-61.0	68.6859986799	-0.000279049942037	0.00402030954137	0.00807617884129
1.08142713964	-61.0	68.6538735311	0.000192776918993	0.00401196721941	0.00801031477749
1.57029029173	-61.0	68.6025469013	0.000660187914036	0.00399642856792	0.00791013147682
2.05755941886	-61.0	68.5322164535	0.00111529440619	0.00397383607924	0.00777747947723
2.53137496628	-61.0	68.4451653577	0.00154475413729	0.00394510105252	0.00761843426153
3.00005833096	-61.0	68.3405692742	0.00195477949455	0.00391001300886	0.00743329245597
3.46445236114	-61.0	68.2183292572	0.00234433915466	0.00386853143573	0.00722424639389
3.93047161003	-61.0	68.0764809826	0.00271673779935	0.00381988566369	0.00699035543948
4.39297677698	-61.0	67.9160293318	0.00306619051844	0.00376389594749	0.00673636840656
4.84032519223	-61.0	67.7414331337	0.00338301341981	0.00370146916248	0.00647263787687
5.28127586313	-61.0	67.5498106157	0.00367202586494	0.0036311482545	0.0061989207752
5.72212956666	-61.0	67.3378672255	0.00393522949889	0.00355342263356	0.00591847207397
6.14667022227	-61.0	67.1134353455	0.0041646421887	0.00347915804014	0.00564862135798
6.56481550347	-61.0	66.8716694857	0.00437463168055	0.003417449072	0.00538494996727
6.97336528346	-61.0	66.6142440439	0.00457702809945	0.00337144266814	0.00512156868353
7.37623927285	-61.0	66.3383313059	0.00477858539671	0.00332931149751	0.00484928907827
7.76414834566	-61.0	66.0502736513	0.00497026508674	0.0032824149821	0.0045726755634
8.13855137497	-61.0	65.7495631449	0.00514935422689	0.00322958081961	0.00429218960926
8.50249028719	-61.0	65.4338570540	0.00531438877806	0.00317141390406	0.00400662934408
8.85492086798	-61.0	65.1038660151	0.00546456780285	0.00310878432356	0.0037176257465
9.19375810274	-61.0	64.7615530557	0.00559920305386	0.00304285786115	0.00342768500559
9.52077972992	-61.0	64.4050433273	0.00571944145486	0.00297391763888	0.00313576147892
9.83172859123	-61.0	64.0390990110	0.00582457380369	0.00290317926556	0.00284600700252
10.1304102087	-61.0	63.6592942889	0.00591654097661	0.00283004017547	0.00255519966595
10.4139892677	-61.0	63.2690320905	0.00599507940933	0.0027553292457	0.00226618908346
10.6862603406	-61.0	62.8624951682	0.00606181658804	0.00267804134637	0.0019748241175
10.9391099056	-61.0	62.4518117201	0.00611536391079	0.00260057998821	0.00168987025972
11.1776745808	-61.0	62.0290621961	0.00615756586194	0.00252142758109	0.00140564807225
11.4002983367	-61.0	61.5967131278	0.00618855375797	0.00244112149812	0.00112383894157
11.6038658356	-61.0	61.1614239963	0.00620857672766	0.00236088316888	0.000848451571073
11.7937215099	-61.0	60.7114894617	0.00621855258942	0.00227853981778	0.000572019023821
11.9646344912	-61.0	60.2588169122	0.00621854001656	0.00219628284685	0.000301752035739
12.1170870439	-61.0	59.8034460126	0.00620918534696	0.0021140712779	3.72851500288e-05
12.2537315111	-61.0	59.3370741757	0.00619062408805	0.00203043734655	-0.000226468808251
12.3732986709	-61.0	58.8620761696	0.00616302574053	0.00194569258019	-0.000488092162414
12.4729101973	-61.0	58.3909226692	0.00612749578431	0.00186212896369	-0.000741086492781
12.5543831283	-61.0	57.9176715746	0.00608409848064	0.00177861808334	-0.000989076448604
12.6179064254	-61.0	57.4416786883	0.00603306852281	0.00169500522316	-0.00123273814097
12.6633892661	-61.0	56.9636245615	0.00597465969622	0.00161136512179	-0.00147190818097
12.6907666213	-61.0	56.4841926920	0.00590914161876	0.00152780197095	-0.0017064944841
-7.41069693280	-61.0	48.7759127725	-0.00409427424893	-5.62038549106e-05	-0.00482746539637
-5.99214143679	-61.0	47.7365499281	-0.00339385215193	-0.000201292903512	-0.00518161943182
-5.91500984094	-61.0	48.3025048772	-0.0033950554207	-0.000105370956589	-0.00492974836379
-6.26647339149	-61.0	48.1123981632	-0.00353888585232	-0.000144035089761	-0.00503563694656
-5.70040765420	-61.0	48.0444329623	-0.0032836990431	-0.000144548597746	-0.00502912886441
9.58787004411	-61.0	56.4537949780	0.00437915557995	0.00154225050937	-0.00129343545996
9.83238216126	-61.0	56.6366336618	0.00452635297552	0.00157283712178	-0.0012304171687
-6.41168813302	-61.0	51.4936926119	-0.00385853345506	0.000441110285465	-0.00354053755291
-6.61944615681	-61.0	51.3961138644	-0.00394710339606	0.000417492090492	-0.00360003765672
-6.79913893245	-61.0	51.6731283221	-0.0040557901375	0.000462366791908	-0.00348706240766
-8.33534304331	-61.0	49.7275256175	-0.00458630127832	8.30070566735e-05	-0.00448465673253
1.97938571451	-61.0	60.1619143954	0.000599723483901	0.00269954418764	0.00134042813443
1.78028231899	-61.0	59.7836505103	0.000430092943134	0.00260115531273	0.00108350266237
1.97715489202	-61.0	59.7556195036	0.000562477041967	0.00257904874161	0.00106634013355
6.74740248361	-61.0	48.6928581613	0.00228700134903	0.000139543888508	-0.00467075314373
7.0099058715	-61.0	48.3017302886	0.00238072359934	7.44056451367e-05	-0.00485633173957
6.93059305724	-61.0	48.6951923790	0.00236832187511	0.0001416203595	-0.00468057952821
-11.6354676999	-61.0	58.8546750016	-0.00746799865738	0.00157211360056	-0.000652615213767
1.94669023269	-61.0	68.1137037702	0.000970107910689	0.00392129458487	0.00750261871144
-9.93108829621	-61.0	48.8523703255	-0.00522054778412	-9.38787852647e-05	-0.00501825287938
-9.95536863204	-61.0	49.2457921789	-0.00526765547693	-3.10680807161e-05	-0.00484884623438
0.258405233961	-61.0	60.7720832799	-0.000661963014863	0.00300280191004	0.00176704511978
4.87392182277	-61.0	55.5437135850	0.00187882327009	0.00143922679126	-0.001392468228
4.90165680377	-61.0	56.0005893151	0.00193609460257	0.00153545069043	-0.00115772651043
-1.05573771368	-61.0	66.3082882036	-0.0018549246015	0.00374329579063	0.00635454058647
-1.28712607252	-61.0	66.0066362951	-0.00206028786488	0.00370811624452	0.0061084870249
-0.900666326593	-61.0	66.1724785652	-0.00171397137456	0.00374137773179	0.00626731151715
5.92845083095	-61.0	50.1218358372	0.00199999008328	0.000385078106774	-0.00399938318878
6.06469149502	-61.0	49.7218534814	0.00203912844881	0.000314549630275	-0.00418308749795
5.88485175276	-61.0	49.7645527241	0.00195977184922	0.000320849358104	-0.00415544770658
7.08252307836	-61.0	49.7196725482	0.00249994243495	0.00032165076118	-0.00424119317904
-6.08810302959	-61.0	47.1712939719	-0.00340169388801	-0.000295842590276	-0.00543337175623
-5.73161086242	-61.0	47.4158171542	-0.00325999897905	-0.000249522388913	-0.00530476821586
-1.96835982251	-61.0	62.1644783516	-0.00252526812255	0.00320277153514	0.00286438595504
-1.52126738792	-61.0	62.3587095960	-0.00219046487473	0.00332416174933	0.0030548425857
-1.78422120455	-61.0	62.1192154252	-0.00238088448532	0.0032248320058	0.00283603556454
-10.7229848556	-61.0	59.7649329358	-0.00720584206283	0.00179160153493	9.38402627071e-06
-11.1612367594	-61.0	58.6627266492	-0.00718734692782	0.00156217382755	-0.000651073001791
-10.6010872397	-61.0	58.7454655265	-0.00692267296836	0.00160855101421	-0.000498593435623
-10.2912326340	-61.0	50.1406589327	-0.00550502678379	0.000107041509182	-0.00449131242931
-11.7957306241	-61.0	58.4765978282	-0.0074652088806	0.0014932109043	-0.000874380755704
6.72028872806	-61.0	47.7220489574	0.00222310749814	-2.81153788819e-05	-0.00508974865079
7.01485243388	-61.0	47.8768417810	0.00235940166749	1.42537635384e-06	-0.00504048168659
-9.57007035601	-61.0	48.6744830199	-0.00504477182403	-0.000115640585136	-0.00505997892469
1.0462058095	-61.0	43.7669859360	-0.000244558177656	-0.000736830523238	-0.00664615537971
0.516374096184	-61.0	43.7293110225	-0.000463951640995	-0.000748600054067	-0.00666683446616
9.36525713572	-61.0	53.9038688140	0.0039425115101	0.00107740506064	-0.00251293065958
9.51947507031	-61.0	53.9770352263	0.00402483856305	0.00109023228288	-0.0024936448317
-4.20740350428	-61.0	58.7025748312	-0.00353309721686	0.00204052566551	0.000303074775729
-4.68786660813	-61.0	58.8544848071	-0.00383009528741	0.00203574588522	0.000364782143151
-1.85860459131	-61.0	63.3862801790	-0.00251317303628	0.00344083504751	0.00392430368811
-0.00300189982436	-61.0	65.4441935743	-0.000896494369954	0.00373489665799	0.00575379002839
-0.410920093295	-61.0	65.1460561998	-0.00127024122048	0.0037159177009	0.00551615795121
-1.09232759549	-61.0	62.1775609948	-0.00182827888057	0.00334797962569	0.00291401101276
-0.541405614536	-61.0	61.8441336977	-0.00134665158112	0.00332060595974	0.00263452716172
-1.20216184259	-61.0	61.8085521410	-0.00189690163825	0.00323880393989	0.00259306957014
-0.742141510938	-61.0	61.6698187963	-0.00150940695312	0.00325362547301	0.00248326198198
-0.628444050748	-61.0	62.0467056433	-0.00142857397441	0.003368136473	0.00280979159288
-10.0039907525	-61.0	50.6370684332	-0.00542623689398	0.000195301094209	-0.00424210960045
2.59711356405	-61.0	54.9112260943	0.000618475140072	0.00132616818883	-0.00165716628544
1.13134936678	-61.0	56.7206173824	-0.000144606092363	0.00175876112189	-0.00071919237962
1.54924864858	-61.0	56.6660943792	0.000102662328572	0.00174318370409	-0.000747208716348
1.42198311403	-61.0	56.8707572781	3.42542152794e-05	0.00179566594306	-0.000637797347736
-5.85050274554	-61.0	48.7515755583	-0.00339513178915	-2.80393760477e-05	-0.00472880154848
-1.65822764536	-61.0	45.7260109193	-0.00141966156662	-0.000460948067484	-0.00585422012955
-0.00942286012352	-61.0	63.7874972043	-0.000900779326912	0.00367734557949	0.00438793003559
-0.429499826106	-61.0	63.9306906170	-0.00128641468473	0.00367134413682	0.00450704339892
8.68541589004	-61.0	55.9494408864	0.00386371300556	0.00145997025538	-0.00144986680243
8.42844205816	-61.0	55.5693117659	0.00368802063167	0.00139166170266	-0.00161540985573
8.39008003548	-61.0	55.7563582741	0.00369250145741	0.00142743252218	-0.00151828606613
5.62553486435	-61.0	48.0427379424	0.00175938289613	1.65137462318e-05	-0.00489546684548
5.67403921253	-61.0	47.6745918436	0.00176529993769	-4.65210323455e-05	-0.00505662709475
5.84346325981	-61.0	47.7313905272	0.00184158887714	-3.51056223735e-05	-0.00503987725824
5.81302628241	-61.0	47.9971772750	0.00183977314737	1.04206701508e-05	-0.0049236654304
1.50753558242	-61.0	53.6491560205	-3.59556406693e-06	0.00104990636464	-0.00226764637046
1.59701068534	-61.0	53.3684136576	3.73781804228e-05	0.000991081469692	-0.0024021116551
-0.299259448226	-61.0	56.0632157366	-0.000994069851004	0.00158143241424	-0.00107520155143
-1.31273881052	-61.0	64.9674969007	-0.00207872595638	0.00364530063234	0.00530800223351
-1.73064948070	-61.0	64.9151556356	-0.00243794638664	0.00359719176777	0.00521405413747
-1.51227951333	-61.0	65.0562022318	-0.00225236080587	0.00363002112135	0.00535460561514
-11.8749258532	-61.0	56.5590451111	-0.00711366115138	0.00113607535604	-0.00180623296183
-11.8669893101	-61.0	56.1904087999	-0.0070422263816	0.00107039092109	-0.00197505671531
10.5539705688	-61.0	61.3540053859	0.00568825285882	0.00241468450986	0.00116071489174
10.4202316713	-61.0	61.6853585888	0.00568044371903	0.00247662165202	0.00137093605008
1.56018323797	-61.0	43.7962049545	-3.17705489579e-05	-0.000726797443349	-0.00663153920323
4.08370009002	-61.0	46.0258194766	0.00103416619822	-0.000342382641975	-0.00570888258517
4.03402818768	-61.0	45.8081056114	0.00100965448655	-0.000379185017664	-0.00580059317872
11.9834273067	-61.0	58.3251316616	0.00586894247681	0.0018537088763	-0.000689720269293
11.9565226559	-61.0	58.8314941705	0.00594558380544	0.00194358848967	-0.000429726380389
-9.70287559273	-61.0	54.6753839482	-0.00576995918527	0.000903847801965	-0.00237084180117
-9.60969472206	-61.0	54.3099194405	-0.00567561201751	0.000841658387799	-0.00253190356307
-10.7730253030	-61.0	57.6307522322	-0.00678149005398	0.00139253761154	-0.00109461054672
-9.71928039248	-61.0	57.9504245795	-0.00632068701088	0.00150928180665	-0.000752766907681
-9.69036750810	-61.0	58.1993952300	-0.00635411357507	0.00155773002189	-0.000618515303358
-7.99246067750	-61.0	56.9586132328	-0.00528475176543	0.00141509727109	-0.00102589011658
-7.96200952481	-61.0	57.2982190343	-0.00532485404983	0.00148322549649	-0.000843123416416
-7.53316590892	-61.0	57.2270860274	-0.00509649515152	0.00149384373799	-0.000829737517051
-8.77239756750	-61.0	58.1125585677	-0.0058755595237	0.00159420119599	-0.000519402499776
-9.24133127334	-61.0	57.9086000044	-0.00607388839126	0.00152815098409	-0.000698584888596
-9.21241838897	-61.0	58.1575706550	-0.00610590307042	0.00157711911015	-0.000562946603168
-9.84739579723	-61.0	56.7742868497	-0.00616851914674	0.00128274259623	-0.00137057178654
-7.24412300770	-61.0	59.7655506251	-0.00538461282849	0.00202124938369	0.000637606543023
-5.64992723412	-61.0	52.6104495627	-0.00359508488327	0.000672048830893	-0.00297224731185
-5.86086104694	-61.0	52.3388900374	-0.00367216556333	0.000613930518739	-0.00311300298199
-10.3996930509	-61.0	54.2182144364	-0.00603545596823	0.000793393061031	-0.00267165154219
-10.6973617412	-61.0	53.9982965923	-0.00614508101717	0.000742887961678	-0.00281041767448
4.45800401502	-61.0	48.3567553298	0.00125509593636	5.99447412242e-05	-0.00471599213779
3.29743854689	-61.0	65.0424520193	0.00187116465531	0.00347683904693	0.0050069806166
3.40093161279	-61.0	65.2210208170	0.00195773667656	0.0034873012919	0.00511653954163
3.64384430639	-61.0	65.0006892972	0.00211963802576	0.00343599985354	0.00489851925522
3.55065054602	-61.0	64.8403540323	0.00204269262031	0.00342577323318	0.00480054086074
-3.01383256145	-61.0	56.8625482811	-0.00262280390598	0.001679941779	-0.000703656114638
-6.03921873471	-61.0	61.9620354970	-0.00510782003403	0.00256476760842	0.00222312076949
1.06779414539	-61.0	53.5551849194	-0.000235064158915	0.00102637161035	-0.00231267162599
1.15726924832	-61.0	53.2744425566	-0.000191756669665	0.000967753643636	-0.00244644423947
7.43730359640	-61.0	58.4489136636	0.00357060995884	0.00196792115457	-4.42288546765e-06
7.92958242989	-61.0	58.3224401355	0.00380860990845	0.0019281039713	-0.000126277373056
6.05952321074	-61.0	59.8088069106	0.003025471	0.0022989877034	0.000923481187783
6.51601869582	-61.0	59.6867485483	0.00325757591054	0.00225054752082	0.000804677489214
7.09907928422	-61.0	58.7977073558	0.00344250630587	0.00204844097607	0.000226378760999
6.86873299657	-61.0	59.3376162988	0.003397481516	0.002164688427	0.000561633729376
12.2824945083	-61.0	54.5466715122	0.00541742658243	0.00119109079242	-0.00255838944577
5.72652990482	-61.0	50.5491656983	0.00193201354705	0.000461068091681	-0.00379944546148
5.61365470886	-61.0	50.3446641874	0.0018680189969	0.000423293909989	-0.00388559163548
11.3848927525	-61.0	51.5096339755	0.00461585680023	0.000665663566906	-0.00382728246041
11.6217054883	-61.0	51.9254068695	0.00477170012891	0.000738292408641	-0.00366920861416
11.3515100748	-61.0	51.7212848667	0.00462405383587	0.000701232173014	-0.00372865819372
10.9866724112	-61.0	51.2461324116	0.00440497184172	0.000617221521679	-0.00389962177724
11.1954020280	-61.0	51.5325453662	0.00453143473715	0.000667777494527	-0.00379515369423
2.64109213702	-61.0	63.7302888748	0.00133402261417	0.0034055269789	0.0041099274531
-2.42449597640	-61.0	58.6821871057	-0.00245633209124	0.002180385869	0.000354651041562
-2.60344321705	-61.0	44.4305168865	-0.00178378308192	-0.000679535674863	-0.00644018081948
-2.26478097099	-61.0	44.3955154824	-0.00164025626145	-0.000680407451	-0.00644345860928
-3.16505775862	-61.0	61.3966856655	-0.00327852857299	0.00281496881507	0.0021776179783
-2.72365209111	-61.0	61.2229053014	-0.0029641140718	0.00284127355553	0.00207158271223
-5.91914258421	-61.0	66.2872236153	-0.00576684018597	0.00333373504691	0.00526164425537
-6.19343891312	-61.0	66.1158629626	-0.00592866772786	0.00328211137094	0.00506078545004
-3.4461823089	-61.0	64.7678435383	-0.0037868807558	0.0033614046406	0.00478982180357
8.08814897082	-61.0	55.8777929819	0.00355759169906	0.00145458779298	-0.0014293998247
7.99947813189	-61.0	56.1727122815	0.00355044868775	0.00151231465861	-0.00127161538694
7.81956517230	-61.0	56.1194434085	0.00345339463092	0.00150500761811	-0.00128281430807
-8.22104772837	-61.0	54.5209486135	-0.00504266330972	0.000937239732593	-0.00227607088163
1.79176656296	-61.0	67.1537727940	0.000758731854148	0.0038110234309	0.00684967963025
1.49918659946	-61.0	66.7775385335	0.000480430520838	0.00378436548635	0.00662502693012
-1.13425352100	-61.0	60.5926685438	-0.00175459403545	0.00287371478043	0.00162843696307
-1.63000065459	-61.0	60.5492891848	-0.00211962661706	0.00280558830127	0.00159478397109
-1.52533151362	-61.0	60.7081231906	-0.00205816957168	0.00286790565588	0.0017122970894
-7.35767264778	-61.0	65.3761272459	-0.00656115170568	0.00305870897137	0.00421141134575
-7.16508892734	-61.0	65.5174599477	-0.00646601617336	0.00309902476147	0.00436290167272
-7.46253357425	-61.0	59.3763672586	-0.00542987976223	0.00192729907576	0.000376957497792
1.04480361130	-61.0	51.6596765883	-0.000262866436969	0.000637780467514	-0.00319968466647
-2.71360983522	-61.0	54.1968992300	-0.0022465090733	0.00108842574991	-0.00206665601581
-2.93837452830	-61.0	54.4288369750	-0.00238020834513	0.00113090185914	-0.00196019699797
-2.51114793237	-61.0	54.3428834475	-0.0021490091458	0.00112619006541	-0.00198842352256
1.07242042574	-61.0	64.5923527359	7.52224150347e-05	0.00367282191291	0.00502325501293
3.79857587562	-61.0	64.2710373227	0.00217888341285	0.0033240809571	0.00432248180732
3.60658135395	-61.0	64.4786018335	0.00205979659222	0.00337371509522	0.00451789377257
8.56702931173	-61.0	49.4652623554	0.00314837135375	0.000289988063741	-0.00445859972388
6.66885730500	-61.0	62.4538090061	0.00374703644775	0.00276742363349	0.00251903384924
6.53148492975	-61.0	62.9012739388	0.00373266940005	0.00285486783832	0.00283409538679
-7.75208033339	-61.0	51.1982556584	-0.00445414008573	0.000350265414454	-0.00377898593433
-7.07229966923	-61.0	52.3083916877	-0.0042443042621	0.000569631636608	-0.0032163253054
-7.27100644715	-61.0	51.8189577934	-0.00428996281698	0.000474599743029	-0.00345735391602
-7.09826953466	-61.0	51.9001787816	-0.00421695550904	0.000494503881782	-0.00340631348081
-5.85156682783	-61.0	58.5181514999	-0.00442265532911	0.0018695743056	6.80999437463e-05
-5.36773790941	-61.0	58.3559238759	-0.00413400866091	0.0018705263501	1.61732750712e-05
-5.45492131527	-61.0	58.1747049950	-0.00415423512459	0.00182454439346	-9.62555714068e-05
4.24240759996	-61.0	44.7932550218	0.00108324398752	-0.000544392154552	-0.00623747054487
4.19510127647	-61.0	44.4472124789	0.00105961866211	-0.000600640836637	-0.00638313684613
-3.46580310760	-61.0	46.3654566113	-0.00222004880197	-0.000383913196856	-0.00564214074984
-3.23860748710	-61.0	46.3357429452	-0.00212046527304	-0.000385217834264	-0.00564555078745
-6.88552958450	-61.0	52.8589790315	-0.00421102670953	0.00067750189919	-0.0029451448936
-10.6868977904	-61.0	55.8800879077	-0.00642177928239	0.00107745849527	-0.0019318832783
-10.3009011444	-61.0	55.8701707293	-0.00623512407765	0.00109422637615	-0.00188007135876
-10.7816983292	-61.0	52.7609061705	-0.00602311035618	0.000528148084413	-0.00338152167387
-3.96583832824	-61.0	60.8758263253	-0.00371024338529	0.00257976283319	0.00173819810152
-3.97655725070	-61.0	60.6500478421	-0.00368340546265	0.00252605439164	0.00157942401711
-0.895009429863	-61.0	65.1641934562	-0.00170856388286	0.00368967000395	0.00550301559269
-0.97506321534	-61.0	65.3403757016	-0.00178012088872	0.00369145860896	0.00563376396894
-1.30673535477	-61.0	65.2942197422	-0.00207420438528	0.00366302276962	0.00556525960565
3.02494736931	-61.0	58.4084859661	0.00110838620458	0.00214942428283	0.000224279283429
-6.28947282707	-61.0	61.3475611238	-0.00514467433095	0.0024193697609	0.00177188799717
-6.23307922553	-61.0	61.5896595051	-0.0051550664939	0.0024726097472	0.00194071244914
5.86080304137	-61.0	46.9324632446	0.00181703688577	-0.000171814361238	-0.00538425240666
5.60250290271	-61.0	47.2296224922	0.00171689782292	-0.000123562087538	-0.00524501316249
5.70099682177	-61.0	46.7280695433	0.00174116995186	-0.000208208497497	-0.00546450354159
5.34150918415	-61.0	46.9694607043	0.00159515393898	-0.000170561892446	-0.0053457710892
10.5361422846	-61.0	59.3130487060	0.00530639383942	0.00204928265885	5.69835756323e-05
10.6878744504	-61.0	58.8652384971	0.00530684785917	0.0019658554811	-0.000203095885809
3.64497496540	-61.0	62.3237212874	0.00192394840997	0.00302919256501	0.00286621460691
3.29503802724	-61.0	62.7570283259	0.00173401413485	0.00315839285031	0.00324111292139
-7.82774027355	-61.0	48.2354005675	-0.0042383777909	-0.000153746455908	-0.00509663624689
-7.80737671806	-61.0	48.6078031706	-0.00425787968561	-9.21549872146e-05	-0.00493237003684
-4.06762019598	-61.0	67.1910745279	-0.00449523841962	0.00362813752145	0.00643155770376
4.79711042046	-61.0	55.0812413056	0.00179803022183	0.00134340184741	-0.00162414647639
4.22921522310	-61.0	67.5935545422	0.00287012499757	0.00372885959223	0.00656968029216
5.14520929684	-61.0	53.2694494298	0.00183223409113	0.000974039256107	-0.00252277613617
5.31373186340	-61.0	53.5232140636	0.00193479575682	0.00102342537139	-0.00240886677057
8.69134574350	-61.0	52.9236649591	0.00351431057788	0.000900833692867	-0.00291061354801
8.54968313721	-61.0	52.8710738980	0.00344188604504	0.000891327974387	-0.00292299850844
11.5519035192	-61.0	60.1071595998	0.005974506028	0.00217465916649	0.000300786050502
11.4600144056	-61.0	59.7247186421	0.00585514958948	0.00210794177838	0.000117221177788
11.7742346274	-61.0	59.6767404531	0.006008121185	0.00209536543116	3.56404962076e-05
4.48407344343	-61.0	52.9166773773	0.00148115772754	0.000905670050997	-0.00266540260054
4.73589105647	-61.0	52.4907882471	0.00157863635104	0.000822292116936	-0.00287354085594
3.00191864708	-61.0	57.3663532968	0.00100251543336	0.00189073418733	-0.000372689391952
2.57544572750	-61.0	57.3421661117	0.00074934179429	0.00189617217984	-0.000382171274396
2.86252396775	-61.0	57.2092302303	0.000908583402634	0.00185620260891	-0.000458075664937
-9.08449268176	-61.0	52.8128091067	-0.00524169811979	0.000593909062445	-0.0031687177252
0.541403398591	-61.0	63.8901209160	-0.000397611409426	0.00367308221757	0.0044663278386
0.861571373035	-61.0	64.2105602862	-0.000110542714538	0.00367116811685	0.00472334958613
0.939506972483	-61.0	63.7393966367	-4.14453788835e-05	0.00363443582319	0.00431250734255
-3.62576670148	-61.0	61.5860247290	-0.00359922507778	0.00278816465288	0.00228308909573
-3.68221332015	-61.0	61.7808109357	-0.00366083835252	0.00282231415622	0.00242392276414
-4.03409239148	-61.0	61.7646496766	-0.00387933757156	0.00276733492501	0.00237439270131
9.54430322736	-61.0	59.5988689676	0.00484384223819	0.00212299451232	0.000365925952792
8.25363687531	-61.0	58.0233694655	0.00393217476085	0.00186181173194	-0.000324810738675
8.18162007925	-61.0	57.6312707262	0.00383895868436	0.00178852910176	-0.000527705997229
8.39400290457	-61.0	57.4723783504	0.00392469298095	0.00175331940409	-0.000634756870568
-8.57015407897	-61.0	58.4698002777	-0.00583863304928	0.00167529156897	-0.000296323734801
-8.36049040439	-61.0	58.3202466800	-0.00570416776463	0.00165920343716	-0.000346814893419
-6.61705954212	-61.0	53.2698710651	-0.00412477646023	0.000764143071137	-0.00273031112738
-6.83960450609	-61.0	53.4271885201	-0.00424857018515	0.000785805110354	-0.00267328624614
-6.27344025577	-61.0	54.2367353317	-0.00406147399917	0.000963515543845	-0.00223870412447
-6.45986885592	-61.0	54.2141325412	-0.00415062811226	0.000951520574745	-0.00226420490071
-6.37472611945	-61.0	53.6873708829	-0.00405133515596	0.000852848577779	-0.00251243612729
-6.59727108342	-61.0	53.8446883378	-0.00417665904388	0.000874586461578	-0.00245407177135
2.53825973111	-61.0	50.5222900410	0.000438975810539	0.000433858833276	-0.00372174521908
2.41678987702	-61.0	50.8592511292	0.000389090186218	0.000496480846778	-0.00356889981776
-8.85576685002	-61.0	59.2750042613	-0.00613930495456	0.00181251112372	0.000100411707535
-8.74342734549	-61.0	58.8681645276	-0.00600240565836	0.00174141302705	-0.000105506114778
0.874835333416	-61.0	50.1530311293	-0.000349906331394	0.000346246204572	-0.00388143956661
1.29647304581	-61.0	50.0966461871	-0.000152003878611	0.000340938509908	-0.00390556151979
0.999633620069	-61.0	50.0133488942	-0.00029155073571	0.000321758067003	-0.003943270538
5.47682143666	-61.0	48.4386330846	0.00171076518018	8.38379710331e-05	-0.00471741845831
5.55034916387	-61.0	48.8307849020	0.00176120735705	0.000153049448272	-0.00454988051206
2.23324979872	-61.0	55.8295252556	0.000461732241092	0.00153652357403	-0.00118776934687
1.99681879501	-61.0	56.0984081340	0.000339901540428	0.00160159030929	-0.00104709470179
-7.40983908473	-61.0	55.0859257089	-0.00472301943228	0.00107990216929	-0.00191822089255
-7.35336785925	-61.0	54.7100213927	-0.00464708125219	0.00100995134562	-0.00209839874879
-6.42735078389	-61.0	46.7144254972	-0.00352200982161	-0.000375429284759	-0.00565362628549
7.00754135913	-61.0	63.3443431022	0.00407446920872	0.00290081533603	0.00303099164739
6.64393250177	-61.0	63.7387191985	0.00391891552135	0.00298891658895	0.00335890892893
6.62090190039	-61.0	63.2971565616	0.00384164066054	0.00291673722677	0.00307578779757
-4.17027600210	-61.0	66.3714318769	-0.00447666598484	0.00350068579428	0.0058140270412
-3.91905645025	-61.0	66.7256106345	-0.00431865360588	0.00357304699719	0.00613530073315
1.58231980238	-61.0	58.2128018263	0.000192973559024	0.00215053581633	0.000111425768409
1.20039563766	-61.0	58.0598588885	-5.93814474996e-05	0.00211528991349	2.07081448025e-05
-4.97303895701	-61.0	59.3829896392	-0.00407266430557	0.00213056267239	0.000668093853164
-5.05748182427	-61.0	59.0213391334	-0.00406397879124	0.00204231729731	0.00043830863433
8.42984304553	-61.0	54.2434630279	0.0035313621629	0.00114359357394	-0.00226437393576
8.60424794490	-61.0	54.0478743182	0.0035936567001	0.00110650248826	-0.00237339292653
0.762067395441	-61.0	49.1327264186	-0.000401699100621	0.000157017755555	-0.0043344181031
0.749175127947	-61.0	49.4274421552	-0.000408200576203	0.000210439378861	-0.00420443760231
1.15663527547	-61.0	58.7525535151	-5.9707013861e-05	0.00231662695296	0.000426839425927
-2.73628836660	-61.0	45.1307076203	-0.00186242361087	-0.000571586831938	-0.0061446451582
-2.43666611948	-61.0	45.2435223100	-0.00173854082823	-0.000549437419977	-0.00608557229862
-2.65054461693	-61.0	44.8829419027	-0.0018180020852	-0.000609475187957	-0.00624785060063
-2.39883561842	-61.0	45.0313399519	-0.00171592039987	-0.000582562061027	-0.00617534341291
-5.40817566013	-61.0	63.9434450767	-0.00503998668864	0.00299581419677	0.00373876746744
0.299575531806	-61.0	65.9720009580	-0.000617748242803	0.00375698553398	0.00614513363689
-0.110298257801	-61.0	65.8512336077	-0.000993342371657	0.00374939688481	0.0060614249669
-7.25406508422	-61.0	62.6142940326	-0.00593029009178	0.00257259560749	0.00241627707146
-1.17303104067	-61.0	66.6537534721	-0.00196434697136	0.00376529037021	0.00659615406767
-0.950884453047	-61.0	66.6959933954	-0.00176260876469	0.0037789514754	0.00664620567113
-0.866124099941	-61.0	66.3750910658	-0.00168334716	0.00375716458075	0.00641879532486
-6.31116958282	-61.0	58.7592110543	-0.00470940163359	0.00188630109187	0.000162158350577
-7.25494465627	-61.0	58.1147237826	-0.00509970029816	0.00168849423062	-0.000313482625643
-7.27864430982	-61.0	57.6071631921	-0.00502797961235	0.00158488203306	-0.000595553545281
2.51251782778	-61.0	51.6419894371	0.000454936060123	0.000648067332804	-0.00321429781616
2.89639768090	-61.0	51.7430986943	0.000645042746328	0.000670410459861	-0.00317305861972
2.63932391855	-61.0	51.3116249045	0.000507267424837	0.000584957655519	-0.00336654973216
7.96935333224	-61.0	57.3062609245	0.00368521315977	0.00173097348306	-0.000679034099448
8.18173615756	-61.0	57.1473685487	0.0037714575883	0.00169578322675	-0.000784122152254
10.5454766610	-61.0	50.1819763297	0.00409756507725	0.000432631553849	-0.00432427832857
10.4465261719	-61.0	57.2086745805	0.00491653196514	0.00166963972151	-0.00102035712916
11.0988864713	-61.0	56.6205714752	0.00514900265262	0.00155750103295	-0.00140292826109
10.9041388121	-61.0	56.5451519837	0.00504173850641	0.00154547882266	-0.00141346629243
2.92661200782	-61.0	61.8955846383	0.00141464849003	0.00304209487513	0.00260144425556
2.87532847842	-61.0	61.7014796026	0.00136192713398	0.0030058324337	0.00245428597555
3.15181454784	-61.0	61.5562406266	0.00152954203077	0.00293439207599	0.00232707709074
-4.53294365750	-61.0	56.5051557756	-0.0034281029366	0.00151580083184	-0.000963480211794
-4.08077074666	-61.0	56.4745354016	-0.00317893596366	0.00153342681006	-0.000956314732321
3.94560239891	-61.0	48.6373736939	0.0010352138197	0.000104246988485	-0.00457976851612
7.73419702936	-61.0	53.7071315985	0.00313706579618	0.00104723102413	-0.00246449350379
7.47726746898	-61.0	53.8033567437	0.00302233314142	0.00106654758565	-0.00239952444099
2.25077407056	-61.0	52.2691967455	0.00034307219903	0.000770122278482	-0.00292260455899
2.42773386659	-61.0	52.6406641983	0.000442138290964	0.000845960166771	-0.00275123957545
3.92061414494	-61.0	51.4922641640	0.00113051268272	0.00062761164736	-0.00330875837244
3.63513536473	-61.0	51.7914175630	0.00100602442399	0.000683779129758	-0.00316493096761
-8.75995940608	-61.0	53.8307155384	-0.00521167553961	0.000788250355981	-0.0026617734693
7.91395580815	-61.0	46.5087302411	0.00267199100927	-0.000220570596866	-0.00568777322769
7.96954510117	-61.0	46.8602412062	0.0027147361543	-0.000160497715115	-0.00554150855169
2.78824478772	-61.0	52.8405060880	0.00063027755823	0.000888117356226	-0.00266194576398
3.99077492389	-61.0	61.8488982610	0.00209169951268	0.00289151375182	0.00247658253647
-1.98189010214	-61.0	61.9860271056	-0.00252032186836	0.00315868784674	0.00271424138919
-8.70978068521	-61.0	47.5590882177	-0.00457424670458	-0.000278676394373	-0.00546524301171
9.97450385907	-61.0	54.7730312729	0.00434153294191	0.00123236433137	-0.00216235895641
10.3088168259	-61.0	54.8752165729	0.0045160218142	0.00124934746418	-0.00215113675222
1.06272318096	-61.0	52.1788860085	-0.0002504013828	0.000741444586311	-0.00296043953858
5.22932416443	-61.0	63.2112019166	0.0029997501988	0.00301004946232	0.00327809993178
-0.706597499084	-61.0	64.2497616085	-0.00153917795978	0.00366850290447	0.00476964469999
-0.907957398803	-61.0	64.2072376428	-0.00171972648241	0.00364847155288	0.00472053233534
-6.51410979819	-61.0	45.7003631673	-0.00349991722032	-0.000537218642421	-0.00609731255099
-6.35418368355	-61.0	45.5598899037	-0.00342361838557	-0.000556778511964	-0.00614703586325
-11.8070353848	-61.0	52.4835283988	-0.00646041659638	0.000449405168183	-0.00363235990517
-11.7193353113	-61.0	52.0799983356	-0.00636972812936	0.000386756786611	-0.00380022381432
0.251788435246	-61.0	66.3744946343	-0.000658315198962	0.00378081086092	0.00644207186997
-0.15550538558	-61.0	66.4548163910	-0.00103218876757	0.00378351309337	0.00650531891733
-0.194434530754	-61.0	66.6820858609	-0.00106692581903	0.0037996689789	0.00666967220604
11.1651865468	-61.0	55.0167753350	0.004947620444	0.00127207592595	-0.00218771630898
10.7331488571	-61.0	54.8352085515	0.00471501378343	0.00124082365073	-0.00222039571963
10.8993596012	-61.0	54.7180020324	0.00477914139628	0.00121967657469	-0.00229629664682
-6.40594579572	-61.0	51.2969659355	-0.00383895542473	0.000405617931392	-0.00362974498421
8.69065446737	-61.0	47.7967808116	0.00308265630156	7.41857911635e-06	-0.00519422767684
2.72257723028	-61.0	61.8686581196	0.0012744308915	0.00306624127552	0.00259354244918
-4.54204050193	-61.0	45.3191397318	-0.00263841450214	-0.000567914452404	-0.00614336878061
-4.29903054948	-61.0	45.0801843354	-0.00252464413643	-0.00060188327916	-0.00623382162303
-4.69194773293	-61.0	45.2068196392	-0.00269721983932	-0.000587721937336	-0.00619950750843
-4.47857497478	-61.0	44.9804649873	-0.00259657297283	-0.000620022998191	-0.006285734009
7.46821343944	-61.0	63.2570240474	0.00432734843343	0.00286043947563	0.00288456631824
4.44525008425	-61.0	61.5519629535	0.00233359239064	0.00278092338704	0.00221844576299
4.92510351377	-61.0	61.3189081962	0.00258843251504	0.00268765748478	0.00200798828155
4.76230068438	-61.0	61.2194838795	0.00248032063246	0.00268199853599	0.00195664493367
-11.1154890052	-61.0	60.1915018028	-0.00750643527135	0.00184878369328	0.000149153769598
-0.368495720127	-61.0	53.3696134410	-0.000984436133876	0.000968009466305	-0.00241237157024
-0.316474657196	-61.0	52.9437514699	-0.000950815039687	0.00087940559024	-0.00261363270693
10.9894984642	-61.0	58.1007953071	0.00533066969365	0.0018239117926	-0.000644703453872
10.6562946091	-61.0	58.2396812083	0.00518589280546	0.00185344356578	-0.000523393217009
10.7962733017	-61.0	58.3919738550	0.00528183020651	0.00187888217624	-0.000465843942948
-1.13989928847	-61.0	47.2250533765	-0.00123100541532	-0.000204812226002	-0.0051946202293
0.688840440778	-61.0	45.1718342931	-0.000408654479543	-0.000519403838553	-0.00604910822585
0.621164557542	-61.0	44.9830340355	-0.000435248686699	-0.000550504308194	-0.00613042898476
-0.125881024721	-61.0	67.7315872530	-0.000996505492367	0.00390094588511	0.00742111215368
0.2221944189	-61.0	67.5417242363	-0.000670179841109	0.00388254411519	0.0072806738317
11.1734208376	-61.0	60.3453260765	0.00582270231098	0.00222287815996	0.000496581953485
0.402681352794	-61.0	46.1946524554	-0.000541831890587	-0.000356124539394	-0.00561345648021
-0.0823333264059	-61.0	46.1205341606	-0.000750013568904	-0.000374744413421	-0.0056513552554
-6.12121574585	-61.0	54.7152711818	-0.00404026079923	0.00106436363421	-0.00199155253358
-6.12674782195	-61.0	55.1292403659	-0.00409181928262	0.00114690151531	-0.00178509799298
-0.15848281306	-61.0	68.1057304552	-0.00102490524296	0.00394428661093	0.00768744014204
-0.559239307702	-61.0	43.8766385819	-0.000913663941901	-0.00073872046778	-0.00662038568407
-0.786509353808	-61.0	43.6909623673	-0.00100461416878	-0.000770080427174	-0.00670447619632
-0.346012776274	-61.0	43.6553119627	-0.000820879184175	-0.000770156562794	-0.00671096192673
-2.49739357018	-61.0	66.0870812670	-0.00310826837085	0.00361817912199	0.00598506070673
-2.67318393727	-61.0	66.4978382967	-0.0032757113222	0.00364819215611	0.00625448441133
0.196904638616	-61.0	68.3283082286	-0.000679129967466	0.0039743995294	0.00784088298678
0.659363919588	-61.0	68.3467082963	-0.00023164335289	0.00397619372234	0.00783029571176
-8.11658255422	-61.0	63.1771345340	-0.00654667615891	0.00260388571769	0.00257609016262
-7.70785328006	-61.0	63.5806123005	-0.00639204028994	0.00271082716063	0.00293642072938
-7.67667228039	-61.0	63.3338214448	-0.00632192473859	0.00266860192642	0.00278463098221
3.20426853116	-61.0	65.2166764048	0.00181183335371	0.00350643438287	0.00515740690753
3.00491243925	-61.0	64.8851029603	0.00164677028079	0.0034905441571	0.00495058996603
-5.21101648311	-61.0	58.1332914045	-0.00401478772983	0.00183310708962	-0.000100832985481
7.50182311303	-61.0	65.4013218634	0.00469548208639	0.00320205534808	0.0042310860008
7.23014235687	-61.0	65.3552962896	0.00452108727768	0.0032081506215	0.00426580337808
6.34903759801	-61.0	48.8298183536	0.00211756001227	0.000159824237926	-0.00458890711889
5.88070384145	-61.0	48.8994867173	0.00191221816931	0.000167955236975	-0.00453492812812
6.17927471266	-61.0	48.5163674076	0.00202578841709	0.000103756901808	-0.00471649272367
-10.0063917354	-61.0	51.0739416983	-0.00547313503921	0.000267843424808	-0.00404871534556
10.2438969928	-61.0	53.8454113281	0.00435435911641	0.00106553349178	-0.00263171223924
10.4921535718	-61.0	53.5859856640	0.0044405083172	0.00101966259535	-0.00278028449975
10.3255271917	-61.0	54.0334915419	0.00441636750475	0.00109892315231	-0.00255243433639
0.93342108012	-61.0	49.2176017093	-0.000323174172081	0.000174643544597	-0.00429615238681
1.21479834720	-61.0	48.8411559621	-0.000195018554223	0.000110346416477	-0.00446082744747
8.71816164788	-61.0	62.4683038280	0.00489868642762	0.00266743707471	0.00215556076728
-3.76588801860	-61.0	58.4630453040	-0.00324364914559	0.00201890175231	0.000181253970368
3.44728568801	-61.0	50.1361744910	0.000854460173286	0.000369894609321	-0.00390853965655
3.10054672790	-61.0	49.9575804158	0.000687947205734	0.000333979813149	-0.00398156885058
3.00913249275	-61.0	50.2995720618	0.000654780480545	0.000396421732148	-0.00382778071798
4.85320265553	-61.0	54.6628526232	0.00179222424049	0.00125613051932	-0.00183525448665
-6.20718898492	-61.0	65.1082707136	-0.00574978347868	0.00311218388379	0.00435970071703
2.94078883789	-61.0	54.6838396005	0.00079156953143	0.00127494963817	-0.00177485798486
-1.39942055228	-61.0	54.7432319406	-0.00157280720305	0.00124642916489	-0.00176195718814
2.02190497635	-61.0	43.8265286425	0.000159204020747	-0.000717395741958	-0.00661866972223
-0.354010367411	-61.0	62.8603333540	-0.00120725261513	0.00356162060052	0.00354689126834
-5.76309760062	-61.0	57.3750617059	-0.00420173630118	0.00163156411145	-0.00057356164325
-5.43987423674	-61.0	57.7549716063	-0.00408385135233	0.00173432275187	-0.000334988581017
-9.22984403201	-61.0	48.4863484711	-0.0048780576326	-0.000139537092764	-0.00510944472626
-0.76287799324	-61.0	65.2990547466	-0.00158942770213	0.00370356882922	0.00561778992414
4.14489208959	-61.0	64.3361500122	0.00241814367473	0.00329487537965	0.00429818872362
-7.84637507611	-61.0	59.3904548640	-0.00563501333818	0.00190268049482	0.000328210619045
-8.01183724909	-61.0	59.6667025800	-0.00577430799603	0.00194522086531	0.000461535411887
-5.87520046713	-61.0	56.9606756694	-0.00420173536986	0.00153700518422	-0.000809694000054
-8.04538735560	-61.0	58.5408159030	-0.00558248721063	0.00172213127371	-0.000180508664926
-8.07307573641	-61.0	58.7354305350	-0.00563215697184	0.00175853772089	-7.63470306993e-05
-2.96604171172	-61.0	63.3184138801	-0.00334292766638	0.00323340017349	0.00372581928968
-1.91983210783	-61.0	66.5889489146	-0.00263036251999	0.00371507066302	0.00645487010479
-1.81841189653	-61.0	66.7178431049	-0.00254471180961	0.00373464613222	0.00656417338178
-0.551100016124	-61.0	57.5397373576	-0.0011837015627	0.00195850129239	-0.000286345166387
-0.569430342971	-61.0	57.8900173185	-0.00120695191436	0.00205554976128	-8.99964506971e-05
0.730288735354	-61.0	57.3280176220	-0.000376654876163	0.00191742391326	-0.000392693415051
0.406232020765	-61.0	57.2760775311	-0.000578939856496	0.00190223276149	-0.00042345788097
1.13317843921	-61.0	59.6592473831	-3.2566513255e-05	0.00259866705164	0.000994322472252
-4.10191852382	-61.0	46.5744602314	-0.00250485423021	-0.000359903002391	-0.00558049464598
-3.92204800896	-61.0	46.9262647154	-0.00244204862975	-0.00029912480386	-0.00541987922043
3.8252584197	-61.0	44.2770958087	0.000905379944015	-0.000630679889582	-0.0064469948411
-6.55846546751	-61.0	45.5425708933	-0.00350985466503	-0.000562442117371	-0.00616837572306
-0.59931249006	-61.0	46.0679517352	-0.000971986330114	-0.000390384258935	-0.0056825876236
2.4852195942	-61.0	47.3315237879	0.000362261518603	-0.000138819712447	-0.00512189045548
2.54835845442	-61.0	47.8405564861	0.000395737937652	-5.02402945131e-05	-0.00490226410329
-3.84301236953	-61.0	46.2627190944	-0.00237915036269	-0.00040655763587	-0.00570304505527
-3.37022501015	-61.0	46.1877971700	-0.0021717522759	-0.000411368091591	-0.00571476342157
6.57354736171	-61.0	64.8711311704	0.00404042284936	0.0031732826028	0.00410834560171
1.46870006166	-61.0	68.2260182919	0.000533606042154	0.00394909596071	0.00765829021111
-9.46806299464	-61.0	59.8836452835	-0.00658103683963	0.00188936898485	0.000326956098434
-8.76259923054	-61.0	59.7549348617	-0.00618610484526	0.00191072141752	0.000385145453038
2.06812554773	-61.0	51.8412193242	0.000242442940362	0.000683704158291	-0.00311879673973
2.23275995083	-61.0	51.9229218733	0.000325306406012	0.000701140263118	-0.00308250589296
0.608081437666	-61.0	62.1386340154	-0.000349774229107	0.0034078056924	0.00289448071271
2.0233561391	-61.0	61.0051818731	0.000706912600435	0.0029427735135	0.00194859597832
3.27075771517	-61.0	51.9370527240	0.000834717415273	0.000710364431143	-0.00309033039957
2.01627322630	-61.0	52.0184679805	0.000220779504161	0.000718378520105	-0.00303679774515
0.920733145239	-61.0	49.6885605072	-0.00032886696863	0.000260592438281	-0.0040879547596
-1.10272000669	-61.0	66.8388461633	-0.00190276827198	0.00378507445566	0.00673697842285
-1.49288667674	-61.0	66.7521593882	-0.00225489563309	0.00375744677149	0.00663270801306
1.58385730145	-61.0	49.8320007483	-1.96900746232e-05	0.000295187201118	-0.00402352958918
1.82111537465	-61.0	49.7819702827	9.01523599168e-05	0.000288660259685	-0.00404644338414
-4.88947695403	-61.0	50.1857485758	-0.00305113429204	0.000244205468334	-0.00403607450426
-4.7116523377	-61.0	57.3387986345	-0.00362979108468	0.00169049378019	-0.000518073618878
-10.9057076091	-61.0	55.5617322027	-0.0064745824784	0.00100950989872	-0.00211486546323
-11.0572416822	-61.0	55.7189478859	-0.00657255901024	0.00103014544584	-0.00206375098787
9.48085409925	-61.0	48.7187496091	0.00349563639611	0.000173235312104	-0.0048621930182
9.20723049845	-61.0	48.4377008086	0.00335370609537	0.000122340483358	-0.0049601374194
-6.11290950709	-61.0	61.4471072798	-0.00506160361692	0.00245634675957	0.00186600117013
-7.14582628328	-61.0	51.6721951152	-0.00421763723716	0.000451935775345	-0.00351436412893
-7.49497972334	-61.0	51.4997312376	-0.00436376268044	0.00041085499106	-0.00362111162394
-4.94961658293	-61.0	63.0398509760	-0.00462188618258	0.00289160199463	0.00317822466604
-4.49374750624	-61.0	63.1009830353	-0.00434262584895	0.00296147004701	0.00330674950965
-2.20466105844	-61.0	67.7393204216	-0.00293886847794	0.0038299029693	0.00724141346291
-4.43458573671	-61.0	61.8086447725	-0.00413178838789	0.00272153457627	0.00235889479518
4.95009250556	-61.0	61.0427948853	0.00256724306382	0.00262904935516	0.00181868043728
7.71755372844	-61.0	61.1101276211	0.0041240202263	0.00246567325667	0.00151086354163
-8.37696566309	-61.0	58.5718518306	-0.00575861847028	0.00170710822567	-0.000211580991163
-8.40465404390	-61.0	58.7664664625	-0.00580896763131	0.00174319348298	-0.000108520987851
-6.52328279743	-61.0	59.1139097216	-0.00488286884502	0.00194405869115	0.000346601940691
-6.30335523573	-61.0	59.4028052427	-0.00481324270368	0.00202128989622	0.00054515094962
-0.370735785406	-61.0	61.5785830252	-0.00119262130465	0.00325443036854	0.00240972032771
-0.257038325216	-61.0	61.9554698722	-0.00110443506856	0.00336867105216	0.00273403595202
0.113706185656	-61.0	61.8881820834	-0.000781080161687	0.00335796247236	0.00267703155987
-4.81988730860	-61.0	51.8973957598	-0.00313758454286	0.000561932974961	-0.00325413490646
-4.82599422577	-61.0	52.2343164142	-0.00316622527316	0.000625917920843	-0.00309821707197
2.40098950385	-61.0	46.7956770827	0.000321099796565	-0.000231035024626	-0.00535209476948
0.905134409274	-61.0	57.0034066828	-0.000274800957413	0.00183171883691	-0.000568396877497
-6.36806642795	-61.0	54.4677520899	-0.00413427874446	0.00100490800105	-0.00213285814971
-6.77486490105	-61.0	54.9129143040	-0.0043884194456	0.0010747036431	-0.00194630282931
-6.45251939427	-61.0	55.2288635741	-0.00426739174873	0.0011518310057	-0.00176103611011
9.33789603939	-61.0	53.5490414384	0.00388871412724	0.00101334182546	-0.00267744460143
9.14658628359	-61.0	53.6458416460	0.00380851328373	0.00103117583785	-0.00261367741041
9.50987561601	-61.0	53.7834249051	0.00399753591046	0.0010553173488	-0.00258409208618
3.26932052345	-61.0	60.7459731248	0.00151535798796	0.00272737420164	0.00172980618663
9.54151873004	-61.0	52.4962735503	0.00386951141991	0.000825318391435	-0.00318532600068
9.45490076759	-61.0	52.6991185118	0.00385050429031	0.000861130829435	-0.00308380811475
9.77855965084	-61.0	52.4307869083	0.0039732735604	0.000814452592749	-0.0032383587677
9.28368912428	-61.0	56.3103097873	0.00420851819217	0.00151956162881	-0.00133114680648
9.29581878031	-61.0	56.7078220698	0.00427003623918	0.00159317185171	-0.00113125576172
-3.02588479795	-61.0	62.8560614083	-0.00334750302136	0.00314560718834	0.00334127340466
-9.33837873580	-61.0	57.0163077652	-0.00596154434606	0.00135413859971	-0.00117407506332
-4.61166546106	-61.0	64.9606454979	-0.00464102625847	0.00324926455505	0.00466962670907
1.05020737372	-61.0	57.2927929461	-0.000178939881152	0.00190741359256	-0.000410056934925
3.59267774787	-61.0	67.5359209742	0.0023428206332	0.00376382376999	0.00671667233109
3.87528988769	-61.0	67.7280301686	0.00260725361295	0.00377274281345	0.00676821125671
-6.69594401084	-61.0	54.5657720039	-0.00430737994611	0.0010102315573	-0.00211120885797
-7.02941112611	-61.0	54.6220472430	-0.00447784457356	0.00100692850538	-0.00211218628101
-3.04603455037	-61.0	47.9845104275	-0.00209976080805	-0.000105822145997	-0.00492282025516
-3.17921655077	-61.0	47.5421937352	-0.0021413222421	-0.000183564319741	-0.00512073887512
-3.23075591691	-61.0	47.7916357194	-0.00217423727736	-0.000142058095662	-0.00501420814544
-2.73820012378	-61.0	47.7782682972	-0.0019547669217	-0.00013589237642	-0.00500128045678
-2.10208277231	-61.0	65.7732918235	-0.0027654285077	0.00362423155457	0.00582019472495
-1.92138800489	-61.0	65.3739152522	-0.0026048317086	0.00360903190449	0.00554470904171
-1.69186611109	-61.0	65.7772977553	-0.00241384515539	0.0036611368414	0.00588603876531
-1.70301803752	-61.0	65.5149618484	-0.00242028711364	0.00364102772437	0.00568522838876
4.27012361500	-61.0	53.3490491234	0.00140136387199	0.000992076122202	-0.00245378259569
-3.25227738259	-61.0	49.3401281933	-0.00225057057105	0.000127919265651	-0.00433504814282
-3.02838445692	-61.0	49.6997244199	-0.00216366560198	0.000197114233742	-0.00416659889743
-1.7394438915	-61.0	48.3330528252	-0.0015260220971	-2.30878704315e-05	-0.0047273482196
-2.06818994873	-61.0	48.2829851129	-0.00167244451586	-3.73199291062e-05	-0.00475874496624
-10.9947479321	-61.0	52.4606058808	-0.0060842433013	0.000470962171676	-0.00354158924893
3.5585178122	-61.0	63.4921053046	0.00196356489323	0.00324203120545	0.00377506413497
-9.43080562877	-61.0	52.9905797319	-0.00542414700612	0.000613427255303	-0.00312378909439
12.3376250800	-61.0	56.9337688171	0.00580882886425	0.00160669744946	-0.00143362954259
12.3717492781	-61.0	56.4827557859	0.00575239490718	0.00152767309919	-0.00165669899434
2.19173667048	-61.0	60.6125494334	0.000788705074228	0.00281097879633	0.00165782868862
9.09380446118	-61.0	55.0766240278	0.00395306758583	0.00129322463181	-0.00192275398877
1.99975651951	-61.0	65.1530511575	0.00086658023065	0.00362112349831	0.00534480623901
2.37592677387	-61.0	65.2443428302	0.00117349310312	0.00359219475649	0.00534809334204
2.38486488419	-61.0	64.8393285997	0.00117031356785	0.00355534348637	0.00503527978435
8.08577733649	-61.0	54.0249170745	0.00334060913883	0.00110485719051	-0.00234028859995
7.70864344023	-61.0	53.8958897252	0.00314412591979	0.0010827378137	-0.00237241899595
8.26018223586	-61.0	53.8293283648	0.00340379308909	0.00106765737291	-0.00244808010757
3.67357335207	-61.0	67.1502534401	0.00235238182358	0.00370566919446	0.00642687827349
-0.780691227852	-61.0	64.0738883305	-0.00160522479564	0.00365313026123	0.00461494503543
6.75924224056	-61.0	54.4236053072	0.00273241638206	0.00119012629148	-0.00205060234293
7.19263288255	-61.0	54.7336989665	0.00297938100994	0.00124602566939	-0.00192794541363
-2.15183381868	-61.0	49.5779738505	-0.0017533977516	0.000191941173398	-0.00419061072171
-1.98670082627	-61.0	49.7220149488	-0.00168176135048	0.000221262540435	-0.00412164023146
-2.12823921858	-61.0	49.9690347386	-0.00175615842454	0.000263974769041	-0.00401572231203
-0.531118210583	-61.0	49.7978990606	-0.00100593431853	0.000260088825598	-0.00405454495922
9.27777408266	-61.0	52.5400605446	0.00375065184198	0.000832486548461	-0.00314037688076
9.60143296592	-61.0	52.2717289412	0.00387386861257	0.000785825599451	-0.00329382857308
9.40904079396	-61.0	52.1598317544	0.00377270812169	0.000765410542954	-0.00332669261843
-3.45561997316	-61.0	61.6901605384	-0.00350444321521	0.00283716316335	0.00237691099755
3.73400961428	-61.0	49.9261019308	0.000980464625172	0.000333714124281	-0.00400812644511
-1.39250336530	-61.0	47.5606977257	-0.00135052285623	-0.000151384927449	-0.00505502941087
-1.51965826070	-61.0	48.0043965988	-0.00141841440927	-7.68461250118e-05	-0.00486509641632
5.97496782217	-61.0	45.2300299875	0.00180953042582	-0.000458335038275	-0.00611517252401
5.59223494075	-61.0	45.3327507365	0.00165359966923	-0.00044466680265	-0.0060543329455
5.50294292691	-61.0	44.9514751061	0.00160750572104	-0.000508550554514	-0.00621227314696
-5.15055493929	-61.0	55.6765653811	-0.00365780829452	0.00130553916097	-0.00143670488615
0.0647319176921	-61.0	43.6461400845	-0.000650212692562	-0.000766655430198	-0.00670814234763
-10.2666882492	-61.0	60.6497101167	-0.0071675395593	0.00198345142417	0.00058513059048
-10.2467837429	-61.0	60.2697615378	-0.00707133579999	0.00191373680718	0.000381400226615
8.98672633071	-61.0	56.1538043926	0.00404009316117	0.00149429391604	-0.00137789151631
-1.64463191465	-61.0	61.8112494963	-0.0022482755594	0.00317257991992	0.00258266343735
8.03203770845	-61.0	54.4252622509	0.00335834384896	0.00118012540042	-0.00214300071821
8.38038657173	-61.0	54.0545808593	0.00348636438139	0.00110883568414	-0.00235069403425
3.08475973048	-61.0	63.7584529670	0.00165413273498	0.00334512651898	0.00406169053167
-12.0508485124	-61.0	55.3759457411	-0.00699018640444	0.000917077180929	-0.0023750513792
-4.74459573686	-61.0	56.9099800972	-0.00359227857552	0.00159315939527	-0.000756734923925
-4.92839613984	-61.0	56.8283627565	-0.00368106970564	0.00156443496235	-0.000812618585769
-2.87168497232	-61.0	53.8126471592	-0.0023042797111	0.001001997618	-0.00225940789096
-2.48505541635	-61.0	54.1134964634	-0.00212139426731	0.00107758608647	-0.00210013403557
0.617884907122	-61.0	54.5504082563	-0.000467380392365	0.00123940082267	-0.00183128693607
9.13036873379	-61.0	62.3933616222	0.00511262658983	0.00263926316984	0.00203074095771
8.88647587363	-61.0	62.0712242946	0.00492123095319	0.0025910101831	0.00188727129716
7.71710068024	-61.0	59.5414880939	0.00387918646447	0.00216987449676	0.00058433401864
-1.88389323339	-61.0	49.3145508751	-0.00162107497454	0.000149045430589	-0.00429950421676
-1.97254230599	-61.0	49.5028518572	-0.00166797474958	0.000181567666004	-0.00421860953793
11.9104361059	-61.0	59.2927251535	0.0060064420104	0.00202575698495	-0.000186601871974
-4.083683711	-61.0	63.0136317091	-0.00406887102872	0.00300335674547	0.0033109090291
1.89257415690	-61.0	59.5889074625	0.000491064682137	0.0025353457313	0.00095654616598
1.50820900417	-61.0	59.5598628336	0.000225314579438	0.00254914467223	0.000934139708988
1.70213856941	-61.0	59.4419142258	0.000350309623173	0.00250274711289	0.000860098050907
-4.13622923821	-61.0	54.3981684501	-0.00300175067969	0.00108124676626	-0.00202564429492
6.79105527374	-61.0	48.8667843154	0.00231636641547	0.000170140119735	-0.00459751067683
-1.76232697047	-61.0	66.5788183461	-0.0024911405053	0.00372460437939	0.00647073471919
-5.78083771027	-61.0	63.9189497140	-0.00527365412563	0.00295143062249	0.0036351995077
-0.351028725999	-61.0	66.1844090720	-0.00121275044512	0.00376225542277	0.00630442844704
-0.387377902393	-61.0	66.6127676490	-0.0012451269431	0.00379063305445	0.00661587296054
-0.529750735035	-61.0	66.3123898033	-0.00137620966416	0.00376532133669	0.00639214739203
10.0159541357	-61.0	54.3903620229	0.00431291898713	0.00116331223398	-0.00234962720424
-8.19499036932	-61.0	58.6169128648	-0.00567337870598	0.00172744703013	-0.000159921473823
-7.52027493023	-61.0	48.0269905626	-0.00408719107509	-0.000182007264812	-0.00516315782443
3.93050406916	-61.0	55.4000231957	0.00136652344372	0.00142203422729	-0.00143500464037
1.01911284396	-61.0	54.6267444412	-0.000248107564403	0.0012601147173	-0.00179204682354
-2.02043413636	-61.0	60.7176893200	-0.0024178812746	0.00280670053326	0.00171416322701
-2.34837259942	-61.0	61.0006219925	-0.00268048816361	0.00284014712088	0.00191785988864
-1.91576499539	-61.0	60.8765233257	-0.00236064963974	0.00286800507456	0.00183403480332
-5.42796188017	-61.0	46.3571299451	-0.00306898308918	-0.000416516966652	-0.00574494944885
-5.39128115273	-61.0	46.6686767994	-0.00306962383911	-0.000365689542377	-0.00560816191137
-5.08831271452	-61.0	46.5794974049	-0.00293342256919	-0.000375152536435	-0.00562938349321
2.92821491564	-61.0	54.2998744206	0.00076536583947	0.00119223585352	-0.00196395930834
4.94323779873	-61.0	47.0757131213	0.0014267739607	-0.000156352776685	-0.00528509356081
5.73106717405	-61.0	55.1980354813	0.00229099183343	0.0013551893644	-0.0016069218982
5.54027137952	-61.0	54.9858109223	0.00217308918945	0.00131457729731	-0.00170397514012
7.4404639657	-61.0	65.7818438694	0.0047210669145	0.00325808627531	0.00448561972007
7.33186439679	-61.0	65.5756898346	0.00461974041536	0.00323469378054	0.0043813274242
-3.08739176675	-61.0	45.9129245171	-0.00203953171149	-0.000451604108093	-0.00582174304873
10.5641029654	-61.0	59.7239851888	0.00539286760613	0.00212280312553	0.000271454569884
-0.12507355066	-61.0	53.6938849120	-0.000861648644786	0.00104128418025	-0.00225409423001
5.92850718592	-61.0	49.5739597040	0.0019690906629	0.000287268660031	-0.00424157828093
6.44051170125	-61.0	45.4587924456	0.00200939085335	-0.000415589980548	-0.00604173587635
12.2307518777	-61.0	54.1758954668	0.00534102413803	0.00112696981523	-0.00272301887162
-9.95660353383	-61.0	60.8075052671	-0.00703911064193	0.00203211396001	0.000740574614611
1.11119641798	-61.0	66.7070084827	0.00013037311146	0.0037914593704	0.00662240758538
5.71163315063	-61.0	48.1739225229	0.00180296821054	4.0032355173e-05	-0.00484252488241
0.564997990958	-61.0	50.3270129326	-0.000496182648931	0.000374847702915	-0.00380538729951
0.796139191199	-61.0	50.0044858035	-0.000386919477023	0.000317497557262	-0.00394807523116
11.0457125260	-61.0	51.8964199527	0.00450271042064	0.000728541577701	-0.00361485336907
-1.71876024098	-61.0	49.4585919735	-0.00154936197214	0.000178063157364	-0.00423113396391
4.48268595074	-61.0	64.3371332525	0.00264270137995	0.00326006370597	0.00422593997791
9.47779822450	-61.0	62.3300557536	0.00529170176014	0.00261666229926	0.00192501407582
0.906799113704	-61.0	52.5208411696	-0.000326360168401	0.000809018907603	-0.00280184648
11.6237000589	-61.0	55.2380015670	0.00519973132759	0.00131043384317	-0.00214292504825
2.63469881202	-61.0	54.1424640958	0.00060360255884	0.00115895678755	-0.00203688791953
-4.73331973296	-61.0	45.3736296237	-0.00272241490893	-0.000562149158213	-0.00612994423136
8.65168302597	-61.0	61.7867982695	0.00474357465282	0.00254914024845	0.00176167674363
2.32053730350	-61.0	44.5850140511	0.000281456770608	-0.000595065474045	-0.00629686657339
1.05552746024	-61.0	68.3110447613	0.000146992664668	0.00396766280755	0.00776964612305
3.44078183163	-61.0	57.2894328125	0.00125037599355	0.00185947015416	-0.000422121724114
3.08567293703	-61.0	57.1932158038	0.00103724573273	0.0018465060275	-0.000469569844427
2.33069980534	-61.0	57.1222029906	0.000589325558394	0.00184681254905	-0.000501974544022
2.49641829567	-61.0	48.2767534533	0.000378354568966	2.54118003795e-05	-0.0047122691758
1.99419686147	-61.0	58.2458532635	0.000456984300399	0.0021478170529	0.000132459070301
1.57820707687	-61.0	58.5502328587	0.000209129269933	0.00224593188614	0.000309513241518
0.713626042833	-61.0	66.9561091310	-0.000225387309911	0.00382217136212	0.00683738663793
8.51512890762	-61.0	64.5482579146	0.00515639223158	0.00302932248451	0.0034614643082
8.59074199255	-61.0	64.2531819632	0.00514675304294	0.00297789764591	0.00326344836503
8.18673118042	-61.0	61.1239376604	0.00438026851043	0.00244776532054	0.0014463114785
9.50853302835	-61.0	60.4125950884	0.00496382964775	0.00227241613902	0.000822873029392
7.67230499524	-61.0	47.0395529946	0.00259772175923	-0.000134015353979	-0.00544365542009
-2.97530804641	-61.0	45.4200018591	-0.001974030165	-0.000529054552317	-0.00602939445525
-2.83311819932	-61.0	44.9244724704	-0.00189671618864	-0.000605493783951	-0.00623676646501
-0.653440233315	-61.0	66.8605616028	-0.00149049656466	0.00380366179161	0.00678435247391
-5.39132492332	-61.0	45.2625698080	-0.00299746985547	-0.00058913679095	-0.00621455162764
8.715721804	-61.0	56.3947452493	0.00393772823736	0.00154326530173	-0.00122770760208
-11.1161145345	-61.0	55.5366695173	-0.00657097483054	0.000994659494609	-0.00215782411397
-11.0531925399	-61.0	55.2106523865	-0.0064893597737	0.000939868274145	-0.00230015744455
-6.63897927216	-61.0	65.3200780530	-0.00607655290514	0.00310950446874	0.00438386155292
-2.36851440744	-61.0	45.6123964400	-0.00172085920349	-0.000489456637297	-0.00592481298372
-2.28178695369	-61.0	45.1856852093	-0.00167085474823	-0.000556450395379	-0.00610518595204
-1.65731849204	-61.0	54.1303630006	-0.0016851820983	0.00110432726797	-0.0020693836268
-2.03095621315	-61.0	54.1352941359	-0.00188335566781	0.00109541288111	-0.00207635527477
-0.475943422481	-61.0	44.1663755381	-0.000884329492692	-0.00069280929165	-0.0064949193038
-0.631909487738	-61.0	44.1709577467	-0.000949681736529	-0.000694046786521	-0.00649599917233
9.00229227705	-61.0	52.7904085254	0.0036473183427	0.000876881240401	-0.00299978093244
2.56839031097	-61.0	55.9553634565	0.000656938587781	0.0015628481051	-0.00112523464486
8.75835501452	-61.0	64.6860136622	0.00532591063529	0.00304362829775	0.00348801794462
5.00361596912	-61.0	45.2738105428	0.00140740897041	-0.00045940693235	-0.00605649454519
5.10001483318	-61.0	44.9571403088	0.001441175933	-0.000510872108862	-0.00619429117069
10.7715692448	-61.0	60.1328382359	0.00557399122044	0.00219218363054	0.000455134519143
10.6675654678	-61.0	53.1973202164	0.00447646342218	0.000951696070842	-0.00297992373817
-5.67835695734	-61.0	49.0805262171	-0.00333921494894	3.19493301504e-05	-0.00457325996831
9.18843212168	-61.0	58.6582705680	0.00450762873515	0.00195819395594	-9.56388175837e-05
9.43455838070	-61.0	58.5984068366	0.0046240943484	0.001941424096	-0.000160912648425
-3.56609726388	-61.0	47.1826155146	-0.00229712435976	-0.000250579993008	-0.00529291899875
8.24984490645	-61.0	55.5833587166	0.00360136525705	0.00139648560435	-0.00159196741879
2.22992135803	-61.0	44.9359081119	0.000243122747634	-0.000539832923096	-0.00614690035582
1.96406377389	-61.0	44.8132478157	0.000131678869366	-0.000562326342333	-0.00619821995497
-1.72464602495	-61.0	65.2418784770	-0.00243595591746	0.00361971394159	0.00547158159316
-4.96530726993	-61.0	62.3597878136	-0.00453432975337	0.00276281125844	0.00268138153479
-6.86234386293	-61.0	63.3136899620	-0.00583362812176	0.00273676565848	0.00296620628797
-4.27693702236	-61.0	44.9083195753	-0.00250801327638	-0.000628404202871	-0.00630659004673
-3.93351920953	-61.0	45.1708040326	-0.00237303366885	-0.000582401931752	-0.00617729080841
-7.23618602368	-61.0	63.2711896037	-0.00604842603207	0.00269516604021	0.00285015115514
-4.91379735877	-61.0	57.0683728939	-0.00370430271141	0.00161795539316	-0.000680524681229
-5.20507080710	-61.0	52.4988486101	-0.00337072578259	0.000664953549858	-0.00299668684602
7.16878320954	-61.0	65.7358182957	0.00454488629475	0.00326441787183	0.00452139880508
7.15909267551	-61.0	66.0834850930	0.00459631439298	0.00330872507766	0.00474394857883
-5.94104998780	-61.0	59.5823733648	-0.00464539323002	0.00208895187825	0.000696315837558
3.16487538246	-61.0	61.1628763860	0.00149571325164	0.00284059136175	0.00203420477919
-3.28641766791	-61.0	54.2902259365	-0.00255260337144	0.00108941248618	-0.00204152241349
5.97794448666	-61.0	46.6844787960	0.00185790343676	-0.000212947124965	-0.00549603998661
5.28254495238	-61.0	45.4937908624	0.00152852607425	-0.000420483615017	-0.00597335305065
5.50431901364	-61.0	50.5626047127	0.00182980031241	0.000462270865683	-0.00378344929777
-3.29941079797	-61.0	48.9329129155	-0.00225374870934	5.46753399249e-05	-0.00451690144837
-8.44872005613	-61.0	62.7876392427	-0.00665329117328	0.00250621605664	0.00225113984197
5.19498928477	-61.0	50.3962308149	0.00167728192173	0.000430108397268	-0.0038448702544
5.54069622068	-61.0	49.6777801361	0.00179849751294	0.000302852335153	-0.00417799921706
5.79057447622	-61.0	47.5399896762	0.00181055965368	-6.85208578943e-05	-0.00511992536485
-1.99271046748	-61.0	52.0207773984	-0.00176822359208	0.000658816075884	-0.00307965558022
-0.551217416822	-61.0	44.2932072789	-0.000918233126868	-0.000673988950439	-0.0064421328716
2.72883514188	-61.0	64.6900332371	0.00143166945782	0.00350133841857	0.00485566910356
3.55693761352	-61.0	47.1433951136	0.000827463401947	-0.000159069459187	-0.00521814031526
6.31259428424	-61.0	54.1467873600	0.00248405267484	0.00113991368562	-0.00215831934474
6.65386377061	-61.0	54.0378329672	0.00264256843366	0.00111628673039	-0.00223145936616
3.86481737590	-61.0	45.9351399143	0.000939832651056	-0.000359651079634	-0.00574247771874
3.67877752171	-61.0	46.1119790399	0.000863227352966	-0.000331987626851	-0.00566298095509
2.53101510439	-61.0	45.2949292185	0.000370145280613	-0.000478591449792	-0.00599576067179
-0.532330703816	-61.0	66.1113006962	-0.00137873273343	0.00375265185721	0.00624425243586
-1.49512413115	-61.0	65.6452609802	-0.00224110553972	0.00366823165677	0.00581222679466
-1.37750600436	-61.0	68.0026688388	-0.00218586623669	0.00390140619129	0.0075458441861
-7.08014526575	-61.0	65.2529494035	-0.00635319249704	0.00306019349955	0.00421094102785
3.62910561937	-61.0	45.8942651747	0.000839233864099	-0.000368782842997	-0.00575501658022
-1.53452577877	-61.0	54.4168280145	-0.00163206667639	0.00117023242638	-0.00192621792667
7.36659927695	-61.0	48.0064752963	0.00252001476474	2.73080058832e-05	-0.00500677572563
6.39367409656	-61.0	47.6596752224	0.00207805470563	-4.20738033426e-05	-0.00509844347835
6.40604149684	-61.0	48.0050784555	0.00210011727177	1.74467058969e-05	-0.00494999950752
-11.8367956123	-61.0	54.0204099511	-0.00668155727908	0.000699430936947	-0.00295093865134
8.93576615949	-61.0	64.2462871190	0.00534664932638	0.0029648267664	0.00317973573692
1.75187440253	-61.0	49.9813676886	6.02072686888e-05	0.000324763881508	-0.00395757798105
5.91438089264	-61.0	46.2794311249	0.00181652721949	-0.000282412831439	-0.00566607853398
-10.0101835209	-61.0	54.0351452161	-0.0058274762705	0.000776583445258	-0.00270825391635
-4.87353702451	-61.0	44.5833179276	-0.00274607748725	-0.000687031191774	-0.00647734617814
8.99352203795	-61.0	64.5324974999	0.00543538015336	0.0030107665807	0.00333882821724
1.89901114244	-61.0	59.4138832191	0.00048128812341	0.00248314626515	0.000843771558721
6.10180132618	-61.0	47.5717650497	0.00194718525745	-6.00300190854e-05	-0.00512119475752
10.6408878887	-61.0	58.4727103550	0.00521675078198	0.00189576495904	-0.000400467601139
-5.36621650764	-61.0	46.9388424307	-0.00307325809263	-0.000321351719322	-0.0054897707887
-5.36150622276	-61.0	47.2352403393	-0.00308741605841	-0.000272708508419	-0.0053610005416
-5.03043337319	-61.0	47.0003479837	-0.00292996573262	-0.000305580877466	-0.00544402841479
9.12882464156	-61.0	53.4846245916	0.00378201133572	0.00100201042369	-0.00268781674094
1.86715757918	-61.0	56.4800453310	0.000281989137875	0.00169470836408	-0.000846185255796
3.65716447504	-61.0	49.5970696395	0.000934150884859	0.000273146346444	-0.00415199622512
4.00164751623	-61.0	49.7485614745	0.00109756900929	0.000303598935716	-0.004093344789
-4.19564883368	-61.0	60.7425123835	-0.00382964406163	0.002520468086	0.00162588525563
-4.42001623507	-61.0	60.9938410635	-0.00400219811127	0.00254938052967	0.00177987792995
7.85422824631	-61.0	56.3069749510	0.00349452532828	0.00154054281302	-0.00118981208652
2.58750806143	-61.0	56.3647126827	0.000691742636263	0.00165857595857	-0.000910950300749
-2.89428434852	-61.0	65.4724272155	-0.0034048568923	0.00351244164631	0.00544451875612
-2.73670949445	-61.0	65.0803004551	-0.0032629580237	0.00348843936808	0.00517500983551
-3.55088338892	-61.0	65.1854137802	-0.00389435118996	0.00340259727091	0.0050860773772
10.9124025448	-61.0	56.7441321480	0.00507602561265	0.00158109643962	-0.00131618545856
7.63299736342	-61.0	54.7283924610	0.0031963721849	0.001240764861	-0.00196337816305
2.11829224533	-61.0	46.3056601967	0.000196705033886	-0.000316619931255	-0.00556080183014
2.10646620734	-61.0	46.0314897222	0.000191051221918	-0.000362336752005	-0.00567827187479
-11.4630716342	-61.0	55.8412115745	-0.00678732246161	0.00103084766306	-0.00206968933344
11.7317419038	-61.0	56.8195244101	0.00549161108211	0.00158891256433	-0.00139615277294
-5.05691966030	-61.0	45.3162394779	-0.00285767344758	-0.00057589210337	-0.00617228262126
-1.97600457347	-61.0	50.2374251332	-0.00169417832512	0.000316582765663	-0.00389112299308
-3.59666769738	-61.0	53.9839200454	-0.00269003491849	0.00101434090175	-0.00220433599316
-8.37236710435	-61.0	57.3986537252	-0.00554794445634	0.00147950497922	-0.000842502224259
-8.84345500055	-61.0	57.2298172877	-0.0057540233247	0.00142095657066	-0.000994541798718
-8.44979751464	-61.0	56.7039978396	-0.00547118764371	0.00134123291355	-0.00121438934002
-8.88499257439	-61.0	56.5218756055	-0.00565587263554	0.00128404132556	-0.00136316276621
-9.46263334758	-61.0	58.0592486512	-0.00621302006766	0.00154417089652	-0.000654500501696
-3.97778399686	-61.0	59.0836342425	-0.00345352268778	0.00215130997822	0.000549495045561
3.04667828750	-61.0	53.7539567428	0.000800758891273	0.00107667897828	-0.00223111431114
-2.92624461244	-61.0	50.2732592024	-0.00214185100049	0.000304173474433	-0.00390641530976
4.83240098462	-61.0	60.3578600881	0.00240921345539	0.00249403924681	0.00137510267086
-6.79598395368	-61.0	56.9773835111	-0.0046817632392	0.00148641085252	-0.000884237873834
-2.73717442611	-61.0	62.2405045965	-0.00308951898478	0.00307824392803	0.00287181604654
3.22909292189	-61.0	48.7266555599	0.000715537113138	0.000112852045277	-0.00452581513673
7.89459411692	-61.0	55.0788228530	0.00336514646187	0.00130484707188	-0.00181189842988
0.390915847539	-61.0	59.6668308966	-0.000570457894355	0.00262056710199	0.000990767031908
1.76642605056	-61.0	64.1505107861	0.000664560473524	0.00357307982631	0.00458001811057
-3.49810878700	-61.0	54.6364480330	-0.00269027194008	0.00115564116277	-0.00187859905418
-5.81285089382	-61.0	60.8277310338	-0.00478473259136	0.00236102472991	0.00150240107905
6.34029636408	-61.0	52.8147106773	0.00238115875982	0.000883429136593	-0.00279496051371
-1.16940559881	-61.0	45.6071276621	-0.00120731873903	-0.000473359134048	-0.0058926967904
7.32020579212	-61.0	60.1932289833	0.00376675720327	0.00231137103401	0.0010155615164
0.124298567108	-61.0	51.9565913958	-0.000717480375897	0.000684837112203	-0.00306887179613
4.06870332015	-61.0	56.9249211239	0.00157176540233	0.00175722932909	-0.000637065328192
5.89201035459	-61.0	63.4504031289	0.00342986709438	0.0029942530673	0.00331806950271
-5.55896566193	-61.0	48.3772006262	-0.00324111105874	-8.5762971139e-05	-0.00487503781915
-0.222073888095	-61.0	54.1335938696	-0.000919019279536	0.0011353911832	-0.00204259040765
7.63745943554	-61.0	49.9384091086	0.00276585156098	0.000364214996807	-0.00418106932193
-1.62920003687	-61.0	57.0968128831	-0.00182772811968	0.00180377904326	-0.00054340576753
-2.32346386245	-61.0	65.4147327738	-0.00294118910097	0.00356955686584	0.00550950178877
-9.66973930599	-61.0	55.9069213938	-0.00593787012622	0.0011307396926	-0.00177401071414
0.228248194482	-61.0	49.4772015621	-0.000649230438285	0.000212417216972	-0.00418661627918
-9.35320994163	-61.0	58.7864454968	-0.0062984386459	0.0016883823555	-0.00025076259044
-4.93963954608	-61.0	64.4249660987	-0.00479960208759	0.00312841520645	0.00419711368158
10.2365250761	-61.0	56.6204276465	0.00472390418872	0.00156524276827	-0.00128864252474
9.02842217787	-61.0	51.9953789798	0.00357911316678	0.000734984700102	-0.00336712691933
1.17743373948	-61.0	57.0379442098	-0.0001080916918	0.0018400021363	-0.000548340496607
0.940486199331	-61.0	47.1519175373	-0.000315435114317	-0.000188383550267	-0.00519686052576
7.61531017583	-61.0	57.5393592492	0.0035357112065	0.00178477307782	-0.000520229747053
-8.10724266649	-61.0	61.6001638972	-0.00620922772214	0.00231088744476	0.00159571436234
-3.36504797707	-61.0	46.9562871300	-0.00219968217425	-0.000284970476059	-0.00538252014667
5.23066423415	-61.0	47.3170091528	0.00155900919344	-0.000112243120384	-0.00519207166508
4.68973002885	-61.0	50.8102962343	0.0014629883226	0.000503281014971	-0.00364067358896
-5.18906658838	-61.0	51.3501641649	-0.00327219488099	0.000449106941232	-0.00352658703923
-8.66819266971	-61.0	50.2771610730	-0.0047862380743	0.0001677202672	-0.00427107186988
0.903366417198	-61.0	66.3516066955	-6.5016465669e-05	0.0037693544291	0.00638584932312
3.26790595850	-61.0	65.8725660281	0.00190147699323	0.00357563351281	0.00562463607639
9.62938397520	-61.0	60.0143973186	0.00495849875733	0.00219669216312	0.000581683882046
3.25307132866	-61.0	62.1451308355	0.00165384274442	0.00304776080884	0.00276894937269
-0.534093693213	-61.0	63.1820277733	-0.00137444608845	0.00359641155228	0.0038352701813
2.33084375352	-61.0	51.3786053598	0.000359951023711	0.000595430086832	-0.00333266705275
5.13693606613	-61.0	54.9043599706	0.0019586882554	0.00130275066476	-0.0017264605267
-9.72900708524	-61.0	52.4889919290	-0.00550346309319	0.00051605491899	-0.00338462810032
9.42386462779	-61.0	54.5307871423	0.00404555723071	0.00119104143232	-0.00222016568296
8.98247754334	-61.0	62.8063141538	0.0051058079116	0.00271679763682	0.0023050212767
-6.97768629888	-61.0	55.4639734091	-0.0045595378615	0.00117373326793	-0.00168827956077
-4.55916669815	-61.0	53.9249960256	-0.00317522324622	0.000968033797108	-0.00227952003479
3.33740917981	-61.0	60.0799852648	0.00148057052866	0.00255489861593	0.00126971700229
-2.53234796274	-61.0	59.2980870930	-0.00259493454359	0.00234042014927	0.000735924928449
-3.21487375442	-61.0	53.1568509232	-0.00243750307709	0.000856079626828	-0.00258729560301
-3.84795502979	-61.0	57.5315285420	-0.00317245931365	0.00179017160553	-0.000363882340025
-2.17066325466	-61.0	47.6709679748	-0.00169890699908	-0.000144830715726	-0.00502890860662
-6.68871940003	-61.0	62.9802317020	-0.00566823780537	0.00269216508605	0.00278185610659
-8.37237629876	-61.0	53.8666061835	-0.00503232283518	0.000809749297332	-0.00260455370881
-1.2099712453	-61.0	60.9648596297	-0.0018415391678	0.00298654520884	0.00190875073895
-7.62840278198	-61.0	59.7476978491	-0.00558646209538	0.00198883377016	0.000569156138226
1.23767790764	-61.0	62.5296064259	0.000195819171495	0.00343451742083	0.00322346948087
6.18642294756	-61.0	58.8873441211	0.00296686170623	0.0021038139239	0.000361796002835
2.133211099	-61.0	55.3862608461	0.000385910272598	0.00143471010961	-0.0014140040148
-5.31780779226	-61.0	56.5035588522	-0.00384676107205	0.00147213030141	-0.00101356511004
-6.87427531388	-61.0	50.7925271334	-0.00401317235082	0.000302635453409	-0.0038920682855
3.25749009113	-61.0	64.0844265152	0.00179249339271	0.00336501491256	0.0042860195972
-5.52158015698	-61.0	62.5884398619	-0.00490507623181	0.00274036219344	0.00274823699147
2.27366784370	-61.0	58.5755254390	0.000658079108689	0.00222705234773	0.000327544548782
-7.11444151252	-61.0	49.2913038354	-0.00400106608868	3.67873944924e-05	-0.00457837432623
6.02821965378	-61.0	65.3202687984	0.00376021908596	0.00327682239003	0.00452881725505
-5.71331159647	-61.0	59.3219955965	-0.00447671022266	0.00205277395435	0.000561393215321
5.74788290868	-61.0	57.2410675286	0.00252020452172	0.00177712843288	-0.000537722022273
5.11528406150	-61.0	49.0206223011	0.00157468044199	0.000182693183888	-0.00444917473942
6.56907168970	-61.0	61.7879634525	0.00359322177246	0.00265326001681	0.00210589170456
-5.78663555723	-61.0	46.5884535785	-0.00323680625297	-0.000385146995541	-0.00566665502265
-1.57655848506	-61.0	52.6238223912	-0.00158355932217	0.000789207639173	-0.00278770108707
0.172840326909	-61.0	64.7424502440	-0.000735888490453	0.00371652119793	0.00519796088338
6.52345320516	-61.0	48.5094421938	0.00217774021439	0.0001056939509	-0.00473782187328
3.69871287784	-61.0	46.5775044035	0.000878850754816	-0.000253603386227	-0.00546409236267
-9.85698761701	-61.0	54.2336958003	-0.00578203145415	0.000818027707282	-0.00259731919505
-4.87208056524	-61.0	66.1168370201	-0.00497614173219	0.0033989509102	0.00544233666733
-4.31279452846	-61.0	61.4093173305	-0.00399971473962	0.00265350844711	0.00208493298851
-10.9309609564	-61.0	58.2619569075	-0.00698742130771	0.00150051817764	-0.000808087410405
-10.4638332852	-61.0	59.9940421381	-0.00712289800867	0.00184933363926	0.00018626153178
-1.31642217195	-61.0	51.0379033064	-0.00140528031625	0.00048047924065	-0.00351294944994
1.47717263229	-61.0	52.6631276937	-3.65646665159e-05	0.000843826215714	-0.00273490441032
4.36620736771	-61.0	58.6924290896	0.00192970270291	0.00215064338408	0.00035946292337
3.88169000817	-61.0	52.2084050257	0.00114539696369	0.000765777018387	-0.00297866505571
10.0064463000	-61.0	58.2590142688	0.00486074574292	0.0018675342435	-0.000419561372837
7.45071156295	-61.0	64.3001590911	0.00448433263227	0.00303433975205	0.00354759418406
-0.75888955568	-61.0	65.8348850732	-0.00158509495668	0.00372795457952	0.00602636672556
9.27378374750	-61.0	49.7096708817	0.00348410801962	0.000338861282216	-0.00441050296649
-4.17651518585	-61.0	49.1957109966	-0.00266556558199	8.36004692246e-05	-0.00443983636796
4.93964144450	-61.0	61.9924519783	0.00268158502877	0.00281888036989	0.00247053406201
10.9070060529	-61.0	53.5357216153	0.00463041383773	0.00101151142735	-0.00285098631866
-7.00151177352	-61.0	47.3808502127	-0.00381436804309	-0.000277758488664	-0.00540512055159
-7.14169916328	-61.0	64.5802320652	-0.00625275820494	0.00293753389269	0.00374325597659
-0.526042683879	-61.0	47.4753486277	-0.000964984646998	-0.000153081273311	-0.00507368845865
-1.88574070974	-61.0	54.4731451180	-0.00182321877219	0.00117319182027	-0.00190672161989
-0.848851018836	-61.0	55.7205012347	-0.00130255846307	0.00148666568566	-0.00125902192667
8.54422799307	-61.0	58.6949589135	0.00418200856075	0.00198167259805	6.97773066349e-06
-3.33915653125	-61.0	45.2339205292	-0.00212252140045	-0.000563868146855	-0.0061239534989
2.33433003541	-61.0	61.3487948671	0.000958424294367	0.00299614365213	0.00220516091213
0.48072495045	-61.0	45.7328641674	-0.000503275950905	-0.000431054155342	-0.00581084331498
6.97080829546	-61.0	51.3368730856	0.00256353872828	0.000609917391557	-0.00351217179559
6.81306499111	-61.0	56.0458976694	0.00293504353613	0.0015080794692	-0.0012407618342
-2.56716110030	-61.0	63.8388105684	-0.00308204861358	0.00337506248616	0.00421287678182
-0.585521541754	-61.0	58.4797275340	-0.00123883411288	0.00222639529966	0.000250457873335
-2.53013882833	-61.0	55.8833227380	-0.00226440373808	0.0014708560193	-0.00121023948304
10.5325128396	-61.0	55.2085548253	0.0046686748974	0.00130816258024	-0.0020174770616
-11.4325559020	-61.0	55.3193708102	-0.00668692868203	0.000940262922086	-0.00230567902327
-8.25051204581	-61.0	56.3639423385	-0.00531894247979	0.00128612190019	-0.00136440759525
8.18693921981	-61.0	61.5225453222	0.00444603618234	0.00252035097219	0.00168432109058
1.87313593698	-61.0	49.1501660697	0.000107153668068	0.000173941400135	-0.00432578707114
-1.31516327944	-61.0	49.7831867153	-0.00137118378188	0.000244465452852	-0.00407678866759
0.799224174599	-61.0	61.1658571462	-0.000216662301682	0.00311460345984	0.00207569240592
-8.13639943850	-61.0	57.9613669835	-0.00552599178627	0.00160285527818	-0.000510333746206
-7.25537472210	-61.0	54.0332942132	-0.00451722182333	0.000884741719346	-0.00241848453879
-2.33677846886	-61.0	67.0045875295	-0.00301356241107	0.00373181141913	0.00668817618862
-8.02622284836	-61.0	63.8498258678	-0.00664042728022	0.00273345923051	0.00302733690478
8.39895553481	-61.0	48.4993399145	0.00300339213572	0.00012288664584	-0.00486705172807
3.63507358256	-61.0	55.1453104084	0.00119019870181	0.00137015141081	-0.00155692978296
-5.32082350362	-61.0	49.6762196771	-0.00321605475619	0.000143576413393	-0.00428798887879
8.43273661078	-61.0	53.3792107251	0.00343875237741	0.000984150450677	-0.00267555029131
4.67491756319	-61.0	64.6762090728	0.00280119944364	0.00329076359048	0.0044243298471
-3.99424659091	-61.0	63.4651928627	-0.00405968120322	0.00309386430308	0.00367343984544
-2.76427711701	-61.0	60.7747222209	-0.00293403770775	0.00271839881316	0.0017367459368
-6.04133202446	-61.0	53.1458441261	-0.00383419566788	0.000761030358262	-0.00274641113356
-3.90007759985	-61.0	56.0701503879	-0.00303695490584	0.00145207892638	-0.00116259185597
0.64294165336	-61.0	55.5215195521	-0.000448235863587	0.00146316667087	-0.00134544528555
-8.39879568433	-61.0	48.5904065188	-0.0045189326629	-0.000106745079393	-0.00498926779255
-3.01138615531	-61.0	51.6842888179	-0.00225124950521	0.000569155614357	-0.00326855876483
4.96059557540	-61.0	66.0975974964	0.00315723428503	0.00346703850664	0.00533284759149
6.41075216798	-61.0	50.2444562617	0.00222843745723	0.000410118838772	-0.00396970938891
1.34578515267	-61.0	50.4224220161	-0.000126511309645	0.00040263417759	-0.00375989708118
4.53317836932	-61.0	53.5722173911	0.00154808966909	0.00103622418828	-0.00235546939075
10.4042990448	-61.0	51.9799721523	0.00421557202935	0.000738586240914	-0.0035071563907
-5.68358311491	-61.0	57.9568478916	-0.00424519274384	0.00176126754377	-0.000240403809585
9.06370199855	-61.0	55.7107924713	0.00401942897588	0.0014109009644	-0.00160745088942
7.11437941195	-61.0	47.2416025544	0.00236914260313	-0.000106159888674	-0.00532023562118
-1.23534579126	-61.0	64.2830473015	-0.00200866698287	0.00361728831194	0.00475683715194
-3.81069507806	-61.0	64.9089165405	-0.00406461395323	0.00333461142145	0.00481847114861
3.64664925631	-61.0	45.1798002091	0.000838900159579	-0.000486454373458	-0.00605989526957
-11.1496584414	-61.0	56.8397334725	-0.00681412266567	0.00122754392214	-0.00154675205704
-9.54341468893	-61.0	57.3529063307	-0.00612227944657	0.00140660512261	-0.00103258620948
9.26993861693	-61.0	61.4722402687	0.00502302544191	0.00247094244696	0.00146684667561
1.17557124698	-61.0	54.2432147440	-0.000168997590663	0.00117612234317	-0.00198000622913
-11.1434035680	-61.0	53.6095195546	-0.00630087032914	0.000658630917314	-0.00304375682026
-0.502214504325	-61.0	67.3453648677	-0.00135168049019	0.00385349849239	0.00713890837505
-9.08951701197	-61.0	59.9064673639	-0.00638800812885	0.00191807991359	0.000411192304455
2.30810941247	-61.0	59.9675621142	0.000804941169918	0.00261492654681	0.0012085698545
-6.04072898784	-61.0	65.3824751673	-0.0056868926622	0.0031734497752	0.00459663523361
8.86888391431	-61.0	57.0544754791	0.0041055008769	0.00166482909117	-0.000905282213353
-5.73447542920	-61.0	54.6468714815	-0.0038390844129	0.00106729613617	-0.00199723127298
2.80063762223	-61.0	50.0650472293	0.000551212986466	0.000351035763742	-0.00392926158383
6.50759156984	-61.0	54.8775438904	0.00265276618302	0.00128138391301	-0.00181118934415
5.16771556433	-61.0	45.8870039712	0.00148984312546	-0.00035563041456	-0.00580169726163
-9.72140059713	-61.0	61.9627262792	-0.00717787863687	0.00226239929907	0.0014514651848
-4.46760488171	-61.0	45.9016494626	-0.00263267522678	-0.000474433210911	-0.00588879687712
2.60529865166	-61.0	56.9925643480	0.000742486095987	0.00180923996959	-0.000574397796299
-0.196877880554	-61.0	57.0455725578	-0.000950834306423	0.00183322117664	-0.000553879479412
0.714511459737	-61.0	58.3391302148	-0.000368127482943	0.0022007341031	0.000178075468284
2.10092201124	-61.0	47.9721659383	0.000198567839107	-3.25233704643e-05	-0.00484170718119
-6.94683260385	-61.0	58.6293435244	-0.0050257248804	0.00181356829125	1.39650046549e-05
11.3649810445	-61.0	57.2692480594	0.00538223842159	0.00167121191043	-0.00111990584992
-10.6435922590	-61.0	51.2996893727	-0.00578759843484	0.00028863872285	-0.00401792209595
4.77549305880	-61.0	63.3059653925	0.0027309099678	0.00306978262961	0.00342638301663
2.9552464069	-61.0	67.2549716398	0.00177496101242	0.00376476417296	0.00668539758772
11.0998612519	-61.0	59.0845876065	0.00555481156334	0.00199885270558	-0.000154864072101
0.034867252974	-61.0	44.5770303573	-0.000677021045703	-0.000622149906121	-0.00631089275703
-3.53000394742	-61.0	66.4676810789	-0.00398013321683	0.00357115454972	0.0060440027155
8.33483500887	-61.0	50.9570031093	0.00316359545104	0.000548027281184	-0.00377885974012
-0.908379606569	-61.0	59.7396786287	-0.00152698298916	0.00260847783647	0.00103329424746
-7.18361582132	-61.0	61.2735025352	-0.00563293322921	0.0023237625137	0.00157120544463
-4.08666006569	-61.0	52.3304232660	-0.00281436601654	0.000666173815262	-0.00301503762603
6.94052575342	-61.0	62.9641068581	0.0039783809334	0.00283987750299	0.00279956054874
7.72205336384	-61.0	52.3948611765	0.00300461845472	0.000804418348707	-0.00307881366462
-4.51178231301	-61.0	47.6696052112	-0.00273647834547	-0.000185413096915	-0.00512575404719
-2.262343591	-61.0	46.2327665067	-0.00169428519439	-0.000387173233321	-0.00565434060991
4.29327871084	-61.0	47.9730829787	0.00116998294834	-8.52866378409e-06	-0.00487756123766
-4.92046026503	-61.0	59.9425158356	-0.00413097813725	0.00226052640937	0.0010273817461
5.51683134571	-61.0	51.7397337114	0.00190736074001	0.000680121884216	-0.0032515511848
7.10266914119	-61.0	53.7148495530	0.00283138314262	0.00105173990596	-0.00241568661295
-6.23654373429	-61.0	51.8319183884	-0.00380575796589	0.000508090946823	-0.00337323313579
-3.92893787199	-61.0	50.6739677244	-0.00263338699006	0.000355936324922	-0.00376775488257
9.99760265223	-61.0	50.6918450679	0.00389845483005	0.000513747858349	-0.00404343008995
-8.31298125127	-61.0	55.1890390725	-0.00517673837021	0.0010589058511	-0.0019603210967
-8.07949766999	-61.0	51.3823719306	-0.0046227471903	0.000373332499294	-0.00372407073155
-2.55281045878	-61.0	49.0016118320	-0.00191669072956	8.08516633697e-05	-0.00445869192481
-8.82860882157	-61.0	62.9087633065	-0.006897628773	0.00249984441325	0.00223231222481
0.110690615589	-61.0	50.7365303796	-0.000714499910828	0.000446187972557	-0.00362535775639
1.30665322138	-61.0	65.2244083456	0.00028055155417	0.00368420174345	0.00549988867715
-0.912936331772	-61.0	48.6542359273	-0.00116029835772	4.68893886136e-05	-0.00456681847572
-4.77094265336	-61.0	55.5926971611	-0.00345013896003	0.00130606011953	-0.00145671784412
1.48938211016	-61.0	67.3862871944	0.000499741814565	0.00384729076177	0.00706076296046
0.637871433826	-61.0	48.3260517994	-0.000455246015918	1.12070601972e-05	-0.00468894606456
-3.81592575684	-61.0	60.2819097880	-0.00353130372241	0.00245802057907	0.00133764115162
3.95033697120	-61.0	49.4138640210	0.00106225896161	0.000242661422817	-0.00423971796408
0.00921946483282	-61.0	62.1841274499	-0.00087409617845	0.00343530788086	0.00293747219257
7.5118375449	-61.0	58.9115963335	0.00367672555149	0.00205572764389	0.000247969990596
8.42718930316	-61.0	60.0930239192	0.00434084283188	0.00224797846749	0.000807583041023
6.02839443538	-61.0	60.2060431126	0.00306421844289	0.00238130334765	0.0011713943677
-9.85660935452	-61.0	49.9448459212	-0.00529030989856	8.47097762744e-05	-0.0045322147198
2.56839301562	-61.0	62.9884873058	0.00124776363373	0.00331058679149	0.00351278786547
3.99420749452	-61.0	61.1464162981	0.00201241369359	0.00274203647859	0.00197183177806
-8.59593830986	-61.0	52.3774664322	-0.0049649970606	0.000532994570676	-0.00331935053691
0.572558397643	-61.0	63.4942984094	-0.000369193236111	0.00364066427574	0.00411531422287
-1.72230138785	-61.0	62.7694229900	-0.00237583299167	0.00337055046111	0.00340040726587
5.35713711439	-61.0	56.0897041055	0.00218578381464	0.00154526077677	-0.00113139871974
2.08563618785	-61.0	66.1120863618	0.00096317921998	0.00369228608906	0.00604867888615
3.60377775993	-61.0	51.1199756861	0.000963255064562	0.000554992177058	-0.00347028067335
1.47092118405	-61.0	51.6949743233	-5.33728562004e-05	0.000649360241368	-0.00318334926851
5.66112144952	-61.0	53.9951610315	0.00214608665556	0.00111479160842	-0.00219750031829
2.80656387801	-61.0	52.3945353307	0.000623196188826	0.000798435125034	-0.00287081860006
-3.57602300133	-61.0	48.3907182748	-0.00235428847373	-4.53071224911e-05	-0.00476677296683
-9.17278501158	-61.0	51.3692458899	-0.0051237931475	0.000340225466061	-0.0038319430314
11.5109470339	-61.0	55.6257901759	0.00520140817389	0.00137885462027	-0.00194268941414
10.6253302064	-61.0	60.7425340500	0.00561027880758	0.00230416865088	0.000811379461084
9.72026380054	-61.0	53.4810339190	0.00406253151596	0.00100078934338	-0.00274709099904
-2.72917915058	-61.0	57.3934998447	-0.00250921212137	0.0018250553403	-0.000402049074182
-2.01050077449	-61.0	58.1989458920	-0.00214768457226	0.00207692733966	7.32302578399e-05
-1.62845935678	-61.0	44.5430710293	-0.00137648172677	-0.000648886605632	-0.00636074505746
3.86900718898	-61.0	66.5960821513	0.00243178056553	0.00361812743358	0.00598677247763
6.28876533419	-61.0	46.4544048017	0.00198143417947	-0.000249017350143	-0.00561000406742
3.03446818979	-61.0	57.7653290554	0.00105532375164	0.00198770244606	-0.000148780440213
7.77342024668	-61.0	56.6747948567	0.00350105646066	0.0016130770091	-0.000992344226688
2.07152755521	-61.0	64.5449506455	0.000916200166102	0.00356681295671	0.00485656969249
-10.7116245052	-61.0	52.3928979738	-0.00594565458596	0.000468521669973	-0.0035384115763
0.0352174934819	-61.0	53.0468400868	-0.000771407212596	0.00090644316515	-0.00256077363156
8.20933663824	-61.0	63.4737111904	0.00478811236098	0.00286209420301	0.00286878691986
-7.75543376656	-61.0	62.9318387601	-0.0062846778892	0.0025883410126	0.00250726658851
-9.37448773052	-61.0	60.9293620661	-0.00675580604002	0.00209272955544	0.000934583775233
1.32040729425	-61.0	59.0845731997	6.72827081871e-05	0.00241177761927	0.000631115050055
3.10341236023	-61.0	56.0889239235	0.000964912178461	0.00158684363123	-0.00106220226735
-6.04065692145	-61.0	64.4515868778	-0.00552663439885	0.00301660504192	0.0039463895373
-6.42406223548	-61.0	61.9353034721	-0.00532549293712	0.00252116355114	0.00213653570972
3.39524314474	-61.0	47.6539638227	0.000766471028328	-7.31565887691e-05	-0.00499485060573
11.3388043946	-61.0	54.5786712804	0.00497087044641	0.00119480537251	-0.00241699698381
-0.791792950386	-61.0	53.2726964352	-0.00120220531244	0.000939844292589	-0.00246500293724
-3.11196835804	-61.0	58.4417774661	-0.00285250740126	0.00206458009779	0.000193148385733
-5.07688815979	-61.0	52.8140042248	-0.00333508988842	0.000729774998035	-0.00284097995609
3.32289182538	-61.0	58.6079056478	0.00130800227635	0.00218506460078	0.000338798796292
-10.3381206501	-61.0	61.3612467477	-0.00737097114325	0.00211141281761	0.0009632424335
-1.85420127784	-61.0	60.2124204333	-0.00224492116831	0.0026755456347	0.00135326257441
-7.89994849537	-61.0	60.6562272334	-0.00590630993247	0.00214612297714	0.00106325303204
-1.41356037232	-61.0	46.8837271924	-0.0013430955587	-0.00026651614462	-0.00534890545532
-0.539903955435	-61.0	46.4409325334	-0.000953062437475	-0.000327919900883	-0.00552099104971
-0.139459084513	-61.0	61.1088551026	-0.000988093437627	0.00311373197474	0.00202640029602
5.50545770985	-61.0	61.1053049281	0.00289525464177	0.00259703188203	0.00180220347829
-9.05925881624	-61.0	49.2266062107	-0.00486658047885	-1.59163191711e-05	-0.00477001303807
8.07449125992	-61.0	62.4297659825	0.00453500077128	0.00268742837943	0.00225408584811
-9.10389200039	-61.0	53.2412283596	-0.00530140288174	0.000669287226629	-0.00297335162759
-1.96002566523	-61.0	61.6365807951	-0.0024717238266	0.00307465647347	0.00242781592533
5.08810012643	-61.0	52.6693419473	0.00176216650289	0.000856955884956	-0.00280341785401
4.47576141318	-61.0	55.5286696160	0.00166728964541	0.00144214066677	-0.00138562067878
-5.76461047617	-61.0	63.5262071403	-0.00520120374858	0.00288433744572	0.00336132175289
10.0228622403	-61.0	62.1440835664	0.00555403297767	0.00256791943684	0.00170887156855
2.95184019037	-61.0	47.3355077901	0.000566626316868	-0.000132838118589	-0.00512537313625
2.08658254073	-61.0	53.9383638618	0.000307638896629	0.0011145422468	-0.00213080225512
-8.43000916071	-61.0	59.1967979335	-0.00590342562646	0.00182510982268	0.000127051345771
-6.65356387020	-61.0	60.1910987808	-0.00514174019918	0.00215433328412	0.000980770098977
5.05999935787	-61.0	57.9406766925	0.00223035924137	0.00195057061501	-0.000110179556941
6.87430649837	-61.0	58.1877349571	0.00323849194683	0.0019349725917	-9.68328822637e-05
5.49853939676	-61.0	59.5869532850	0.0026842164807	0.00228469329886	0.000836109335069
-7.02576388371	-61.0	48.3218051880	-0.00388972344808	-0.000123978927149	-0.00499722966924
1.42787673470	-61.0	59.9032641926	0.000191993211047	0.00266118883155	0.00115973933134
7.43186214081	-61.0	48.5423356397	0.00258066575043	0.000119989046652	-0.00477880472317
-1.46485570975	-61.0	66.3847849759	-0.00222299201414	0.00372606748715	0.0063677621074
-10.6962159360	-61.0	59.1186600753	-0.00705028604716	0.00167270319071	-0.000324024935253
-4.82194329837	-61.0	58.5027131522	-0.00385356275365	0.00194487825502	0.000144219768117
-0.764231387452	-61.0	62.4206243883	-0.00155977369286	0.003443894675	0.0031387633644
1.60635396763	-61.0	56.1889602100	0.000118704629131	0.00162552564871	-0.000999060925096
2.59485339470	-61.0	54.5438584625	0.000600181228947	0.00124559237156	-0.00183955894317
4.27918904005	-61.0	62.9827903336	0.00238836067729	0.00306934583932	0.00327475159429
6.55850597553	-61.0	65.4788787256	0.00412187119946	0.00326415942982	0.00450200401247
-5.55226311486	-61.0	55.9047705471	-0.00389363290742	0.00133334030397	-0.00134562212043
-2.67150355063	-61.0	53.4722903316	-0.00218047271483	0.00093673489755	-0.00241672433913
-1.65166252892	-61.0	58.6959888401	-0.00196065590717	0.00223858188838	0.000372668087948
-7.41664010875	-61.0	47.6730702034	-0.00401628343388	-0.000237752930843	-0.00530916219577
1.94338747560	-61.0	46.7066932573	0.000122255602037	-0.000251422985457	-0.00538781844079
-4.52431974850	-61.0	63.5001106286	-0.00441139284521	0.00302675948478	0.00360039784573
-4.39941868621	-61.0	62.2128226001	-0.00416703568771	0.00280779995956	0.00265975133516
-6.59896494690	-61.0	49.4686281996	-0.00378211145289	7.85498850746e-05	-0.00446259928867
-6.27630286194	-61.0	50.9643158202	-0.00375088956207	0.000349228968844	-0.00377152417786
-8.01256974709	-61.0	50.4576443304	-0.00450512114912	0.000214737839997	-0.00413310760632
-8.09061438693	-61.0	49.3805706714	-0.0044466201216	3.03318738588e-05	-0.00461666379124
11.7345284806	-61.0	52.6246647520	0.00490670278668	0.000858117418829	-0.0033677702304
3.26024100269	-61.0	64.5976261217	0.00182058359496	0.00342854787596	0.00467959279194
-10.6997961752	-61.0	54.9399779635	-0.00628048414364	0.00090827292297	-0.00237632589415
-1.66777709779	-61.0	53.1002644926	-0.00164782477077	0.000885209243279	-0.00256516830996
-5.52991194667	-61.0	61.9701834767	-0.00481151044369	0.00262081180699	0.00231459015049
-7.14286505275	-61.0	46.1344125882	-0.00379553274252	-0.0004787039652	-0.00595477642491
-3.80363303312	-61.0	61.2626399595	-0.00366613268852	0.00268992339261	0.0020288110245
1.56450695296	-61.0	57.5725522218	0.000149762097863	0.00197660201229	-0.0002529254416
-8.08118211150	-61.0	53.3757645779	-0.00483556604013	0.000730564410333	-0.00280734361149
3.08027727994	-61.0	45.0797089796	0.000600587285589	-0.000508048920892	-0.00609331903979
3.75621383968	-61.0	65.4318360691	0.00223185215145	0.00347898318432	0.00518728792667
4.14718560407	-61.0	45.4196676416	0.00105170055758	-0.000442551943706	-0.00596885522828
7.98061999578	-61.0	48.2151985128	0.00280100479722	6.96849529049e-05	-0.00495888758451
-7.41173139647	-61.0	62.2745851614	-0.00595441134647	0.00249529955909	0.00216309120879
5.96200083216	-61.0	64.7263260096	0.00363762723282	0.00319237308577	0.00415548216552
6.17596074766	-61.0	66.5076403690	0.00404853839427	0.0034204989206	0.00525730522349
1.82748292565	-61.0	60.7469085424	0.000543868925888	0.00288964784704	0.00175688124727
4.26967000531	-61.0	46.4218956109	0.00112074636854	-0.000274031743174	-0.00554437329993
4.61223308284	-61.0	57.1314806124	0.001893106848	0.00178787577897	-0.000542390102055
6.82583227825	-61.0	57.3593975971	0.00310294795781	0.00177024409641	-0.000548362731934
-4.94151472299	-61.0	45.6531310230	-0.00282441801392	-0.00052116200095	-0.00602087704465
-11.1296912152	-61.0	54.1024206187	-0.0063622132875	0.000743196345866	-0.00281881843694
10.2119403139	-61.0	52.5521588593	0.00418874295428	0.00083727465244	-0.00322682224214
-6.51546491941	-61.0	65.6284768667	-0.0060548405163	0.00317268120125	0.00463033420965
11.1678375050	-61.0	58.4942382806	0.0054868562147	0.00189220614266	-0.000470949977171
4.20519143729	-61.0	54.0271967881	0.00141232984606	0.00113011081703	-0.00212543201633
-3.17882604004	-61.0	44.7347339864	-0.00203656242229	-0.000640058598947	-0.00633170362562
-2.02754666235	-61.0	45.6593159879	-0.00157618068624	-0.000476993242046	-0.00589367887005
-1.73131415182	-61.0	67.1046914575	-0.00247938092798	0.00378031143919	0.00685727829114
6.33686890737	-61.0	49.2343824439	0.00213443324901	0.00023051793687	-0.00441143475473
4.97561792859	-61.0	49.5869588782	0.00153673265595	0.000282296474325	-0.00419527944177
5.09128007802	-61.0	48.4246696734	0.00153904466424	7.78279354563e-05	-0.0047080242075
3.67005184660	-61.0	62.9189220762	0.00199350947514	0.0031343086157	0.00331721571274
7.10333104049	-61.0	60.6922790753	0.00372520252131	0.00241709523834	0.00134461547714
6.31264498131	-61.0	62.3062835254	0.00352202565409	0.00276474119164	0.00248206965625
5.99175497525	-61.0	47.2753228550	0.00188691157382	-0.000111921995995	-0.00524332327768
-5.30149309222	-61.0	66.4544382163	-0.00534620974213	0.00341353565454	0.00556112313643
10.6347821398	-61.0	56.2275922443	0.00486229686067	0.0014905371936	-0.00153437035624
-3.40524999123	-61.0	67.1113063041	-0.00393789820373	0.00366790522821	0.00654105376452
-5.70749617740	-61.0	47.0650351373	-0.00322921201587	-0.000306593254209	-0.00545549625531
5.22520509822	-61.0	62.5107610784	0.00291431276128	0.00288830860518	0.00279099983163
0.159916214167	-61.0	56.6267807770	-0.000729113235138	0.00172979233321	-0.000775141350459
-1.87669371108	-61.0	51.2372969529	-0.0016818807926	0.000508002238348	-0.00343636004254
-0.405384751463	-61.0	52.2862443907	-0.000985585502349	0.000742958625779	-0.00292272330262
-2.65834503416	-61.0	52.9568076686	-0.00214473181404	0.000830929435324	-0.00266203819774
3.68231138890	-61.0	59.6000854621	0.00163542223163	0.00240827747621	0.000945288164075
-8.78934049049	-61.0	54.8424014824	-0.00535808503628	0.000973104732111	-0.00218255119398
-0.0619768919409	-61.0	64.2716178174	-0.00095070025418	0.00370110664517	0.00480797095224
0.659857720435	-61.0	65.8152212117	-0.000291117932647	0.00374345923774	0.00601002713665
10.9173358852	-61.0	57.6462765632	0.00522013893351	0.00174309511203	-0.000865042617079
-11.5943813592	-61.0	57.1521456552	-0.00709095224738	0.00125981098972	-0.00147640996147
0.622698990619	-61.0	44.5912228091	-0.000430128682638	-0.000612787844148	-0.0062978095375
0.909298595148	-61.0	45.4953463065	-0.000318082718877	-0.000464428972919	-0.00590905547142
-11.7904510409	-61.0	55.6104771849	-0.00690507283434	0.000972215668298	-0.00222770962864
-0.561636619187	-61.0	44.6475451414	-0.000929328729399	-0.00061853294028	-0.00629078736529
-4.53445113985	-61.0	53.4205958571	-0.00311909080483	0.00086726230802	-0.0025219458621
9.61404378464	-61.0	48.3250910742	0.00352337327786	0.000109001579403	-0.00504513923079
-3.67213403741	-61.0	44.7484465923	-0.00224561383948	-0.000644798972644	-0.00634681154042
2.66996303371	-61.0	46.3519073570	0.000434087647591	-0.000302621978335	-0.00554505735636
9.24208551019	-61.0	63.9076293815	0.0054588560015	0.0028977105394	0.00290591758676
-0.0578901725074	-61.0	46.6066078712	-0.000746337347664	-0.000293682445772	-0.0054418342188
11.4440209960	-61.0	56.6940666667	0.00533017888665	0.00156828772742	-0.00141551170964
-9.70605103508	-61.0	55.3834164273	-0.00587431108579	0.00103272870183	-0.0020330902189
-4.69702432356	-61.0	67.2471206237	-0.00501110544428	0.00358730065636	0.00629724562168
-5.01787281516	-61.0	64.9539521295	-0.00492205517367	0.00320424744859	0.00456412276253
-4.23817981483	-61.0	63.9438571970	-0.00427277619019	0.00313750933856	0.00399266369641
-8.01411228902	-61.0	47.5256993079	-0.00426752446219	-0.000272102246527	-0.00542047759518
5.07216864239	-61.0	64.2847078378	0.00301999761723	0.0031963607762	0.00405927095562
-4.80794380988	-61.0	61.3545194086	-0.00428833207116	0.00257983501069	0.00198879675008
8.33661443786	-61.0	63.9968508177	0.00495276134461	0.00294489855878	0.00316344643943
0.421415038915	-61.0	66.6640104862	-0.000499323417898	0.00380088645034	0.00664523197338
2.32026144899	-61.0	61.9039529950	0.000996811548248	0.00313597219065	0.0026439728681
-2.98373631508	-61.0	49.0942312887	-0.00211699027568	8.92795796972e-05	-0.00443333853036
-3.33094313552	-61.0	56.6611509801	-0.00278287171386	0.00161576038226	-0.000823889917228
-10.4237841888	-61.0	58.3715637385	-0.00675614178181	0.00154884404037	-0.000657657685224
7.09231263142	-61.0	61.9659498445	0.00391326984391	0.00265444489196	0.00213713222183
-9.09751210783	-61.0	64.0273203020	-0.0073209926486	0.00268450565636	0.00284612295218
-3.85769905632	-61.0	54.1801376262	-0.00283981719986	0.00104607688263	-0.00211985898204
9.57595344119	-61.0	55.9676916897	0.00430576270446	0.00145292712841	-0.00153508142103
-9.70223745807	-61.0	59.1671970378	-0.00655331090093	0.00173953338526	-0.000107824504084
-0.33955316041	-61.0	50.4678865669	-0.000926102860831	0.000388331041904	-0.00375202228315
-2.52023261913	-61.0	51.9751976108	-0.002026012633	0.000637737626676	-0.00311691593379
0.63997685618	-61.0	52.1855646611	-0.000461459043436	0.000737806607503	-0.00295894336887
1.28969763603	-61.0	61.4313371110	0.00018771829491	0.00315347430296	0.00228798133321
5.35235938379	-61.0	59.0381944209	0.00252973521128	0.00217573274858	0.000513723178301
4.03163751118	-61.0	57.5729284331	0.00161474535707	0.00190654303879	-0.000277837883914
4.51699093557	-61.0	59.2411003331	0.00208329758607	0.00226772273891	0.000685726932716
6.05100664760	-61.0	58.2833172866	0.00281290733255	0.0019845420029	2.38103475567e-05
10.4983672670	-61.0	50.7623164295	0.00413278164342	0.000530387682375	-0.00406257109717
3.30414711625	-61.0	51.5403361558	0.000835650658701	0.000633551739156	-0.00327289057896
3.37479656801	-61.0	53.3342439467	0.000948430621065	0.000989904161543	-0.00243829190731
4.27929244210	-61.0	51.7571081173	0.00131576205604	0.000679786491673	-0.00319768046029
1.89385606185	-61.0	52.3859237914	0.000167885053088	0.00079096108675	-0.00286579481326
-7.93040477732	-61.0	54.770698229	-0.00493515236303	0.000996596761979	-0.00212491746061
7.89045793741	-61.0	55.5583572947	0.0034198500216	0.00139630504418	-0.00157286087051
-11.6269517586	-61.0	54.3843462553	-0.00663607334718	0.000769565289374	-0.00275850715116
2.64637021677	-61.0	59.5143432921	0.000981368590146	0.00246235984378	0.000909168797079
6.31092532464	-61.0	63.6238692171	0.0037041164469	0.00299222161993	0.00335110607557
-4.49097800472	-61.0	47.1124044759	-0.00269964523613	-0.000277923973044	-0.00536678778008
2.84043205858	-61.0	61.3180443582	0.00130013271701	0.00291958707385	0.00216393056326
1.29246511759	-61.0	64.2633355087	0.000266848539468	0.00363596412353	0.0047297142446
8.78655598502	-61.0	57.6117521355	0.00414404645562	0.0017712994013	-0.000604665547144
9.85398847496	-61.0	58.7986260644	0.00487060751766	0.00196924223565	-0.000112693378469
10.1141691862	-61.0	57.1156911509	0.00473699904978	0.00165690132417	-0.00102353049442
-10.4864231990	-61.0	57.8981636263	-0.00669236760587	0.00145746744238	-0.000909911235794
-3.95184522604	-61.0	54.9508089415	-0.00295558432117	0.00120524631348	-0.0017410722794
-3.42822457626	-61.0	55.1839667791	-0.0026988403406	0.00127693801187	-0.00160045025405
-2.33924107293	-61.0	54.7325547599	-0.00208126776852	0.00121682148892	-0.00179029791616
-1.32902432541	-61.0	55.3791429107	-0.00156111991964	0.00139375135768	-0.00144123856444
-1.49546222490	-61.0	56.5071915772	-0.0017124756705	0.00165977585129	-0.00085886643501
-7.72317476291	-61.0	64.8393616881	-0.00667500356212	0.00293476949446	0.00375118525699
-6.97225213195	-61.0	51.3434078039	-0.00410666596144	0.000397974101361	-0.00365047971718
-1.13159069816	-61.0	65.6519723566	-0.00192003534175	0.0036962358281	0.00585806090385
8.70722391542	-61.0	49.9051693656	0.00324581796303	0.000367095839465	-0.00427632639185
10.3887594279	-61.0	49.6100944735	0.00397401256487	0.000334587530233	-0.00455964822322
9.77463955409	-61.0	54.1712086206	0.00417021894827	0.00112457491923	-0.00242786854506
-4.43528392057	-61.0	50.4994025904	-0.00286008580588	0.000311824231176	-0.00387111096643
-6.47828762171	-61.0	47.6700198930	-0.00360375759192	-0.000221201291424	-0.00524265598506
-4.64309308895	-61.0	48.9408733028	-0.00286317057908	2.94050914817e-05	-0.00457582296804
-3.72549582257	-61.0	49.5763000078	-0.00247916742228	0.000160582858371	-0.00425024190918
-3.67723357786	-61.0	63.9574330442	-0.00389082334004	0.00321722170338	0.00411442527547
3.80261978150	-61.0	63.8489368063	0.00215213745832	0.00326402438805	0.00400421069935
-4.09943412011	-61.0	65.3415458561	-0.00431466614828	0.00336167751811	0.00507601769641
-2.95483531180	-61.0	59.6309870910	-0.00290596066043	0.00238922634162	0.000941197853535
4.35840478234	-61.0	62.0260750412	0.00233681104146	0.00288491114043	0.00256543210708
-3.10319765507	-61.0	66.1681194524	-0.00361189735122	0.00357169914059	0.00592145137489
-1.35706214041	-61.0	63.8033561640	-0.0021085718181	0.00356638920493	0.00433608796448
-0.995578153669	-61.0	64.7623820536	-0.00179870321881	0.00366583210416	0.00517452508211
-7.45928598526	-61.0	58.8322864292	-0.00533026363701	0.00181889161468	6.42951927148e-05
7.69058305216	-61.0	64.7872272487	0.00470766564831	0.00310048065148	0.00380069203675
-5.94287203920	-61.0	46.0232408228	-0.00327302282676	-0.00047784904018	-0.0059204865247
-5.96488233269	-61.0	56.2678237901	-0.00415355153382	0.00138725852594	-0.00118686968926
4.84986403361	-61.0	67.1066202735	0.00325258262455	0.00361156347208	0.00604729028419
-0.59317782871	-61.0	54.6094314313	-0.00112863001414	0.0012345748255	-0.00181423663162
-6.89459532535	-61.0	58.0842057750	-0.00490705529228	0.00170590053312	-0.000288542825729
11.9936618805	-61.0	53.5630478504	0.00514648202807	0.00102041161153	-0.00297322799452
-7.01742992342	-61.0	64.0824354171	-0.0060754744336	0.00286056380719	0.00344321131706
-10.0426581138	-61.0	57.1270352090	-0.00632687937468	0.00133817316964	-0.00122399954125
-6.95120660625	-61.0	59.1421450095	-0.005116622895	0.00191764452029	0.000310144707328
-1.04511014267	-61.0	47.6220534794	-0.00119784695562	-0.000135554742883	-0.00502025242895
0.388014957406	-61.0	47.3502657326	-0.000559674866963	-0.000161772768479	-0.00511528830975
1.04568257117	-61.0	52.8862782292	-0.000253157078987	0.000885656569153	-0.00263020466082
8.09938548951	-61.0	47.5639077612	0.00281171221286	-3.9702084905e-05	-0.0052488851361
-4.81965848585	-61.0	57.9897556877	-0.00377827975899	0.00182925304398	-0.000155751069542
8.46785794984	-61.0	62.1229891742	0.00470071192831	0.0026163298171	0.00199561263435
8.14131669210	-61.0	59.6832734837	0.00412496831268	0.00218124384992	0.000611935916822
8.9857512341	-61.0	59.0942139080	0.00447237212211	0.00204446096905	0.000168972517713
7.84866443887	-61.0	57.8828989001	0.00370371458121	0.00184542487841	-0.000357705284841
6.50453344157	-61.0	59.2527913827	0.0031895400025	0.00216392148286	0.00054791214643
-11.4758635180	-61.0	59.9910743440	-0.00764630036429	0.00179186218884	-3.7474965211e-05
-3.46371719520	-61.0	45.7467697366	-0.00219503650442	-0.000484001589939	-0.00590867176652
2.92185702879	-61.0	65.4839121788	0.00161146617029	0.00356318568811	0.00541778327897
-10.1156768129	-61.0	56.2059795730	-0.00620139855891	0.00116452970542	-0.0016905083321
-7.54879229628	-61.0	46.4483955148	-0.00399052584544	-0.000435615511378	-0.00584988901392
-3.36279795887	-61.0	62.2986788115	-0.00351815926842	0.00298138754442	0.00285608414561
-11.2379995207	-61.0	59.1048310992	-0.00732245855033	0.00164007325657	-0.000442161952378
-0.620774933267	-61.0	45.6082139833	-0.000972611363977	-0.000465717719635	-0.00588042614982
0.993351965285	-61.0	45.9964088308	-0.000285973103018	-0.000381389720133	-0.00569387711585
5.85023177956	-61.0	51.2455940607	0.00203284271993	0.000589198316447	-0.00349192298017
7.18307081546	-61.0	50.8976552836	0.00262881116942	0.000531503232196	-0.00372358830646
6.55046700787	-61.0	52.3220981467	0.00244220509194	0.000790574296843	-0.00303619075567
-7.42878879200	-61.0	55.7159424934	-0.00481758732349	0.0012014566455	-0.00160420325119
-3.09063917577	-61.0	61.7966927381	-0.00327984453179	0.00291953491978	0.0024896482937
5.96892370588	-61.0	61.0895478629	0.00315568875521	0.00256053125486	0.00173787935637
4.19309979958	-61.0	46.9749024911	0.00109984644223	-0.000181104798685	-0.00530522083864
5.79747018155	-61.0	55.6743237965	0.00237282109447	0.00145118380897	-0.00136848760303
6.51054813574	-61.0	56.4006885127	0.00282122450881	0.0015850138152	-0.00103548157495
10.1295534357	-61.0	59.2480028108	0.0050865826197	0.00204548845068	8.63220266183e-05
7.31918012224	-61.0	46.2529322787	0.00240816501901	-0.000271719851298	-0.00575627153739
0.116961099626	-61.0	48.4390697206	-0.000690840010066	2.40229528572e-05	-0.0046445261687
-2.02176131173	-61.0	48.9045000028	-0.00167119409889	7.30687461328e-05	-0.00448454311118
0.632555247311	-61.0	56.4630448827	-0.000446811114671	0.00169260334224	-0.000858311075717
0.353345042202	-61.0	53.4324325314	-0.000608837930486	0.000992228393443	-0.00237474078313
-9.49056888412	-61.0	48.2132435406	-0.00496977940202	-0.000188006437384	-0.00525317294523
-2.56275578413	-61.0	64.3915763058	-0.00310131860897	0.00343945040368	0.00466344505548
-2.67531251650	-61.0	62.7800210141	-0.00309495441616	0.00319547066465	0.00332055403851
-1.61597464354	-61.0	67.6631397433	-0.00239505758509	0.00384991546161	0.00727449450642
-11.3872382014	-61.0	53.0657538092	-0.00634201290086	0.000558565894607	-0.00331911374815
0.0169484371933	-61.0	54.6265249331	-0.000795573694631	0.00124892429449	-0.00179840321653
8.44167714891	-61.0	54.7759786689	0.00359839852899	0.00124266638886	-0.00200767745264
3.74290802076	-61.0	50.5564871691	0.0010073769372	0.000450072751846	-0.00372729287483
4.07313043481	-61.0	49.0064446549	0.00110429036431	0.000170867628185	-0.00442176032811
-9.94776300403	-61.0	62.4138301304	-0.00741081219167	0.00233088131063	0.00165699166246
1.72774339846	-61.0	55.0269953579	0.000148841965711	0.00135342415888	-0.00159323750995
0.62981599266	-61.0	57.8757937804	-0.000431786349509	0.00206789304502	-8.83940519998e-05
-0.312182306918	-61.0	58.9095746848	-0.0010665737791	0.002365950495	0.000509235425852
-1.18861400434	-61.0	57.5076354398	-0.00158236734569	0.00192934263032	-0.000310706760501
-0.490746416303	-61.0	56.5655422938	-0.00111849268433	0.0017030449817	-0.000813919410575
8.85513521630	-61.0	50.9065204878	0.0033975886181	0.000542278401554	-0.00384373101406
-8.78059309252	-61.0	55.4221080333	-0.00543583882973	0.00108163326513	-0.00189907255117
-9.04236484438	-61.0	57.5442042854	-0.00590814929456	0.0014699944295	-0.00085927429609
-7.76584416415	-61.0	56.5678087615	-0.00510999327525	0.00135093892459	-0.00120326376054
-9.22820077391	-61.0	56.0725266750	-0.00575094390661	0.00118249270599	-0.00163349835202
8.66842292533	-61.0	60.5185071694	0.00453814212233	0.00231825583614	0.00101659784559
7.83406109379	-61.0	60.8429157997	0.00414458569139	0.00241093058139	0.00133290013764
-0.366936071593	-61.0	51.6519932217	-0.000956629111897	0.000616741308477	-0.00321502704173
-1.44375674290	-61.0	50.2704101142	-0.00144454010297	0.000332608819008	-0.0038621944841
7.51779281550	-61.0	52.8741471989	0.00295171467587	0.000892740266863	-0.00284156249836
7.92631391219	-61.0	51.9155751541	0.00305757415481	0.000717574032024	-0.00331395259127
9.49762388683	-61.0	53.0769987864	0.00391164235771	0.000928544730414	-0.00291318399832
1.59067088450	-61.0	48.1917528909	-2.76393839158e-05	-2.16979557877e-07	-0.00474450504407
1.85180961112	-61.0	50.3000011576	0.00011110061314	0.00038528587902	-0.00381585443392
-1.76486176292	-61.0	50.0240363001	-0.00158808764536	0.000280923850369	-0.00398071995005
-0.221422524055	-61.0	49.5427647078	-0.000858158862684	0.000217881199205	-0.0041630724445
1.34607824264	-61.0	49.2679961327	-0.000133531008032	0.000189004844287	-0.004272937309
2.29125525086	-61.0	48.9478971247	0.000295285892207	0.00014228062355	-0.00441719824448
0.709841492574	-61.0	60.6576247024	-0.000305608293274	0.00295117287897	0.00168424739968
-4.81486899054	-61.0	55.0040074419	-0.00340983597562	0.0011800469365	-0.00175942352507
2.30792880381	-61.0	53.3887546994	0.000405038706958	0.00099913449958	-0.00239668646827
3.36727929703	-61.0	54.6777428391	0.00101779866964	0.00127140374389	-0.00178524653893
-11.5150122519	-61.0	58.0946658767	-0.00724346702918	0.00143760710489	-0.00100505026057
2.54447650383	-61.0	57.7437375126	0.00076043891022	0.0019982715603	-0.000156884649186
0.98007278381	-61.0	44.1884568330	-0.000276176986517	-0.000672006572131	-0.00646681990474
2.88994900917	-61.0	44.5658104656	0.000519068795256	-0.000592610042077	-0.00630971044302
-0.408784759741	-61.0	60.6013497549	-0.00119187904056	0.00293036759831	0.00163607159629
4.43886768056	-61.0	55.0322974194	0.00160694739316	0.00133738247678	-0.00163609173615
-8.98360310241	-61.0	58.5135498325	-0.00605748407543	0.00165854359511	-0.000336698780302
-7.70808953498	-61.0	57.6711436230	-0.00525821279734	0.00157157401554	-0.000611966766883
-5.93678958384	-61.0	53.5885185340	-0.00382732460275	0.000850168289617	-0.00252785044722
-7.28459475793	-61.0	53.5150301184	-0.00447193346918	0.000785835727584	-0.00266888365149
-7.10037984833	-61.0	54.9867516218	-0.00455822702497	0.00107459153514	-0.00193847087212
9.48238127400	-61.0	62.9845098093	0.00541743030772	0.00273112114519	0.00230662012473
-3.71478644380	-61.0	46.6388136124	-0.00233929767273	-0.000343106890796	-0.00553487287834
-10.8163999640	-61.0	60.4033589788	-0.00739975366741	0.00190506537911	0.000329167669406
-2.27658373584	-61.0	66.4035172254	-0.00293382280506	0.00366982119158	0.00625976826996
-2.45918811285	-61.0	67.5170398644	-0.00315312086605	0.00378674804233	0.00703606428578
-1.68758227338	-61.0	59.2556075274	-0.00203406228684	0.00240063224919	0.000718424387742
7.86820779454	-61.0	49.4238265825	0.00283285835758	0.000276392616797	-0.00442392239347
2.15041000155	-61.0	65.6058078063	0.00100046931766	0.00364348944277	0.00566229829565
2.34370941354	-61.0	64.1263159486	0.00112242274918	0.00349348899908	0.00447688437998
6.05216737609	-61.0	61.9235050503	0.00331941829063	0.00271331821568	0.002270686673
-1.08101866433	-61.0	61.3812498287	-0.00177041103598	0.00313153420575	0.00223979866132
6.85698355409	-61.0	49.2803058961	0.00237049162388	0.000242815673118	-0.00442059990019
-2.05542285791	-61.0	64.5234862690	-0.00270242197439	0.00352574209683	0.00485219201073
3.13445275471	-61.0	55.2256272209	0.000926244130824	0.00139234412927	-0.00150657072663
-6.43641366103	-61.0	49.9635002882	-0.00374560756609	0.000167992664501	-0.0042316284962
-5.48063495579	-61.0	48.8058543639	-0.00323259504512	-1.11329136416e-05	-0.00468222936615
-5.31398103668	-61.0	50.2833023606	-0.00325383571908	0.00025157482014	-0.00401658611372
-7.03438611297	-61.0	49.7917116014	-0.00400407705456	0.000124086582218	-0.00435109855607
-6.39843466086	-61.0	57.3153958376	-0.00452706962824	0.00157944136299	-0.000662732229102
8.80300205204	-61.0	52.4361721775	0.0035174426157	0.00081305031199	-0.00314567773603
5.55953191832	-61.0	65.0697404471	0.00342424330302	0.00327413086779	0.00448026973754
-2.23391205415	-61.0	46.7866689109	-0.00169904797804	-0.00029520469252	-0.00541436998174
-9.27724083094	-61.0	63.0632708941	-0.00719016883522	0.00249584252015	0.00221174792387
11.5568687049	-61.0	58.2926551605	0.00564849004149	0.00185177358799	-0.000635905948002
-1.83445557474	-61.0	47.9547302842	-0.00155776459724	-9.05191554921e-05	-0.00489527639002
-6.86370164309	-61.0	56.0096057479	-0.00457642925903	0.00128766521811	-0.0013992866734
4.12669541823	-61.0	55.8024204534	0.00150379200932	0.00150664465036	-0.00123380764853
4.58731246634	-61.0	50.3268096863	0.00139200419653	0.000413508299971	-0.00385375577025
10.7674459265	-61.0	51.6052280347	0.00434275111184	0.000676557887346	-0.00371485203505
-8.79688347525	-61.0	64.4531567931	-0.00724667310715	0.0027832693886	0.00319521105848
-6.87023012498	-61.0	54.2306072826	-0.00435331044719	0.000937999458984	-0.00228968798183
-6.41001599486	-61.0	52.8907360854	-0.00398685457185	0.000699766678736	-0.00289360200986
-6.26454022490	-61.0	49.1215842882	-0.00360616133548	2.6415076718e-05	-0.00459287781268
9.65214990337	-61.0	49.3089823476	0.00361944898032	0.000274913822068	-0.0046203318052
8.77493987712	-61.0	48.8186418306	0.00319194071926	0.000181555442396	-0.00475811213255
9.30700334030	-61.0	51.6135447221	0.00367094646208	0.000668772147037	-0.00356533215381
-0.350571310399	-61.0	55.6116920227	-0.00101495208219	0.00147123727947	-0.00130812637508
-6.51224039459	-61.0	55.6290918107	-0.00434840191156	0.00122904230375	-0.00156311073806
-6.50290921786	-61.0	58.4056713364	-0.00475356262177	0.00179878040217	-6.32264564047e-05
-7.62393822797	-61.0	49.1552593126	-0.00421906029806	2.73962655228e-06	-0.00467762257904
4.52645954292	-61.0	45.0970770200	0.00120553490706	-0.000492469291203	-0.00611623749137
1.20709615317	-61.0	58.4001580671	-4.13213674619e-05	0.00221209367737	0.000218022832996
4.31957362390	-61.0	60.2177033876	0.00209181569517	0.00250374432653	0.00131804565899
4.85370191974	-61.0	65.6135262112	0.00302070588805	0.0034083193168	0.00503215752542
-2.59844977407	-61.0	56.9320059695	-0.00238945474848	0.00171799340751	-0.000653652416077
-4.01195745683	-61.0	51.2506639883	-0.00270725460723	0.000461511226604	-0.00350975943729
-2.91533909693	-61.0	50.7505320300	-0.00215875823051	0.000393313792301	-0.00369096291251
-3.14704455471	-61.0	52.6659968881	-0.00237303553149	0.000758923939429	-0.00281701050699
-1.48811839414	-61.0	52.1043294252	-0.00152144441381	0.000686199869961	-0.00302782352082
-3.89316575146	-61.0	58.0653912740	-0.00326540716924	0.00191360292956	-5.94188677496e-05
0.316512339516	-61.0	62.5373232042	-0.000601695559453	0.0035119629465	0.00325440475717
9.52251709260	-61.0	54.9791020504	0.00414924882352	0.00127223797608	-0.00201421929523
6.85845088837	-61.0	65.1177363104	0.00425411155447	0.00319336168468	0.00420082220808
10.6930388109	-61.0	52.5102558938	0.00440831342712	0.000832059013192	-0.00329758320004
-9.43314773529	-61.0	50.9008546099	-0.00519433710724	0.000253720238106	-0.00406687706709
5.90860945266	-61.0	49.2804061947	0.001944331103	0.000235163082834	-0.00436960812658
5.19066359966	-61.0	50.7933039328	0.00169668579474	0.000502846727613	-0.00366690289229
7.21445882165	-61.0	50.0266391558	0.00258043874055	0.000376682466595	-0.00411390373483
2.68484036096	-61.0	60.8952174236	0.00115232449025	0.00283202016726	0.00185569410678
11.1385225224	-61.0	59.9623095430	0.00573302991688	0.00215517356992	0.00029941345565
4.50684603553	-61.0	56.0522119245	0.0017300528707	0.001554127899	-0.0011159646092
8.85467554890	-61.0	48.2495930973	0.00318553042598	8.60260552145e-05	-0.00501185981557
0.613267908799	-61.0	51.0010547754	-0.000474403816042	0.000503936782479	-0.0035015323665
0.577421875749	-61.0	49.7470064432	-0.000488643185236	0.000266847317107	-0.00406395224854
1.71829747207	-61.0	50.7374955008	5.37607811566e-05	0.000466488127131	-0.00361900031567
2.84698072864	-61.0	45.9337927375	0.000506928074174	-0.000370307156118	-0.0057260049507
-2.93894891902	-61.0	47.1744362999	-0.00202121352777	-0.00024156292784	-0.00527111487463
4.73443093492	-61.0	54.0162649176	0.00168123352341	0.00112496106885	-0.00214815977961
4.13067323812	-61.0	52.6841223382	0.0012927147327	0.000859692576341	-0.00276383198798
7.47350959616	-61.0	55.3489661302	0.00318742217496	0.00136150314938	-0.00164371018764
-8.71610560487	-61.0	48.1598547321	-0.00462440168485	-0.000182636329555	-0.00520472507924
1.88391174972	-61.0	66.5553612083	0.000809089804534	0.00374553096481	0.00640589743853
-5.50574725885	-61.0	57.0701558731	-0.00402191281319	0.001582398545	-0.000720945536159
-5.70630520908	-61.0	58.8798016529	-0.00440119486302	0.00195830105804	0.000295348116197
1.83076700813	-61.0	67.7763293503	0.000835592509247	0.00388217996806	0.00728446431458
-9.58994547688	-61.0	49.1135204535	-0.00509285042062	-4.51761661679e-05	-0.00487018562853
6.38267214808	-61.0	64.4996079979	0.00386903225444	0.00312815885991	0.00391081580892
-6.57049678359	-61.0	47.1494182326	-0.00361104798503	-0.000307747308398	-0.00547502189875
6.70732886199	-61.0	48.1428381427	0.00223919400014	4.40890726168e-05	-0.00490718940273
4.44651917755	-61.0	61.2014647964	0.00229135062546	0.00270796497352	0.00197361269966
-2.22009431816	-61.0	63.4696376706	-0.00280085322447	0.00338805140927	0.00395333953202
-0.440709672765	-61.0	65.5507836134	-0.00129636353813	0.00372850964777	0.00582813611254
-10.3785862362	-61.0	50.8442780334	-0.0056175943464	0.000220310350414	-0.00419036019593
-3.43055199986	-61.0	63.4063213220	-0.00367374415509	0.00316998804919	0.00372455990873
2.29299268997	-61.0	56.2159758081	0.000515053165145	0.0016269297339	-0.000987053150311
8.37486792513	-61.0	56.1683487753	0.0037377178669	0.00150563148782	-0.00130889436696
-3.04873953945	-61.0	65.1588970844	-0.00351017643698	0.00345908966847	0.00517350621521
7.39490431972	-61.0	54.4282715833	0.00304669910111	0.00118562148418	-0.0020920264069
-11.4396032746	-61.0	56.3685668240	-0.00686822179705	0.00112652464304	-0.00181980570778
12.0436999798	-61.0	56.4137707516	0.00558066228405	0.00151619035751	-0.00163988757413
-6.20016960752	-61.0	48.5697553801	-0.00353954476304	-6.60234145471e-05	-0.00483117531985
-2.18970331146	-61.0	50.4778603463	-0.00180359068327	0.0003573258291	-0.00378947192803
-11.0599329362	-61.0	56.0472316338	-0.00662891194224	0.0010889248224	-0.00190963281784
-9.13424225871	-61.0	56.7826268434	-0.00582125224173	0.00132064870559	-0.00126422639005
-8.26864512229	-61.0	57.1424660090	-0.00545294350013	0.00143563747406	-0.000963765487541
3.93029473785	-61.0	67.3523567678	0.00258855032735	0.00371588021517	0.00649413838983
-10.3438275374	-61.0	53.8123796931	-0.00595438620076	0.000724357087165	-0.0028515800368
0.0107599608615	-61.0	66.1499824631	-0.000881050829776	0.00376622006297	0.00628255493939
-4.78262486110	-61.0	56.1598664822	-0.00352099095471	0.00142710877117	-0.00116159603931
9.54015993157	-61.0	60.7138965102	0.0050330455415	0.00232611875981	0.000986950355582
9.27997159190	-61.0	62.0116476187	0.00512524554506	0.00256676250137	0.00177803891711
10.2169354227	-61.0	61.4035271786	0.00551783433184	0.00243151257746	0.0012527591316
6.39038444648	-61.0	45.8993157853	0.00200369651429	-0.000342062703567	-0.00585194444284
-4.81793855468	-61.0	44.8839606545	-0.00273613142781	-0.000639832695015	-0.0063450736925
5.57279184278	-61.0	49.9917301644	0.00182973279152	0.000359332421795	-0.00404061097652
0.78788271339	-61.0	54.9542884775	-0.000371463072952	0.00133246916812	-0.00163031718694
6.11393570004	-61.0	47.8529587307	0.00196508853696	-1.15683214972e-05	-0.0050005260855
0.828234086122	-61.0	61.7137649380	-0.000173757784069	0.00327912881039	0.00252526928671
7.60414162252	-61.0	46.6847714867	0.00254982057959	-0.000195020504179	-0.00559088774025
-0.940634519794	-61.0	44.0154148826	-0.0010756039992	-0.000722056778613	-0.00656913314015
-11.3661054905	-61.0	52.0681691316	-0.0062067466788	0.000395002047298	-0.00376143376343
-0.671722135766	-61.0	66.5709826718	-0.00150645175017	0.00377929932438	0.00657392479479
11.9050759036	-61.0	54.4432563574	0.00522281462327	0.00117198599037	-0.0025545747485
0.808057172928	-61.0	67.9655387628	-0.000105169026938	0.00392788555473	0.00754809519276
2.42390934653	-61.0	45.6103538808	0.000325513858115	-0.000428203202318	-0.00586028909311
-4.73896146599	-61.0	59.1848919486	-0.00390900252387	0.00210675597191	0.000563614303246
1.51756292467	-61.0	63.3801018637	0.000449831830338	0.0035313363187	0.00395283382386
-2.71105922021	-61.0	48.1459323095	-0.00195622746833	-7.21499018255e-05	-0.00483987526968
-4.51322919548	-61.0	60.7053327158	-0.00401347177103	0.0024743003305	0.00157158612274
-9.76605332048	-61.0	60.0693772700	-0.00677606277168	0.00190566573292	0.000370995461708
-8.38665721591	-61.0	59.7839490307	-0.00599451642483	0.00194181711413	0.000466921366751
-2.41100963130	-61.0	44.7039672372	-0.00171109219082	-0.000634261057712	-0.00631617614999
5.37945540053	-61.0	66.8918714812	0.0035900354851	0.00353686301969	0.00573845906183
-5.87442898905	-61.0	65.9673252975	-0.00567610561848	0.00328502804041	0.00505211157724
-8.21963728544	-61.0	62.5638242194	-0.00647406745702	0.00248266523704	0.00216640206054
-5.56018239804	-61.0	52.2580806799	-0.00352125428617	0.000608101778198	-0.0031309609767
-1.36814082234	-61.0	53.9122659790	-0.00152321893256	0.00106413383037	-0.00216898159124
-1.44359347363	-61.0	62.0691354812	-0.00210937741213	0.00327002163976	0.00280797411688
10.5508894948	-61.0	54.3461478270	0.00456342753023	0.00115424301475	-0.00243071629666
-4.29987580282	-61.0	56.8126485245	-0.0033379313536	0.00159733812325	-0.000784708012361
-8.68730818682	-61.0	60.8272507337	-0.00636538024992	0.00212084897794	0.00101612752769
2.16917118511	-61.0	44.1996544744	0.000219088760787	-0.000657584809233	-0.00646023685113
7.01918361156	-61.0	56.5040767143	0.00309516955167	0.00159495603293	-0.00101827085018
4.73619353793	-61.0	46.7152322162	0.00132743257564	-0.00021977587312	-0.00543269421905
-9.09279898883	-61.0	54.0648417702	-0.00539888301864	0.000817896914668	-0.00258766743354
3.86438557541	-61.0	44.6760948687	0.000925076601561	-0.000566412054468	-0.00627838959917
-5.18621680945	-61.0	52.1466520828	-0.00333270104602	0.000598425918724	-0.00315972114913
-5.46372613212	-61.0	65.7475922638	-0.00534872384742	0.00328635727055	0.00501486705616
3.92784159783	-61.0	64.6059222445	0.00229123607278	0.003355195513	0.00454365601763
9.49335129204	-61.0	57.3441714404	0.00446103094146	0.00170808646362	-0.00082829472376
9.52223084689	-61.0	56.8376503221	0.00440133176744	0.00161395291798	-0.00109148910269
5.25366949639	-61.0	46.4605649146	0.00154169125017	-0.000257982610492	-0.00556023418903
-11.0675389772	-61.0	57.3095796669	-0.00686362013221	0.00131766195409	-0.00130500912201
4.33235321492	-61.0	63.9839285046	0.00251306407154	0.00322339846753	0.00400141440332
-9.9518096638	-61.0	60.4330911975	-0.00695289811119	0.00196236325428	0.000533528975211
-8.92675737233	-61.0	61.8197611647	-0.00670826015994	0.00229076808318	0.00155189132784
-10.4267107552	-61.0	53.3053583220	-0.00592707935721	0.000633231014945	-0.00309317349456
-5.35293305784	-61.0	54.2341824624	-0.00360392127186	0.00100010610186	-0.00217522447929
2.09946839691	-61.0	49.5969808431	0.000216710730456	0.000257761334069	-0.00412987917662
2.76918989031	-61.0	50.7707787766	0.000554575992282	0.000482745119371	-0.00361296627671
3.06412673658	-61.0	49.3989179261	0.000656648888253	0.0002316890168	-0.00422812066972
-5.83808772145	-61.0	60.0317777621	-0.00466399546713	0.00219281367026	0.000987823586911
4.48478143426	-61.0	66.0825929946	0.00282101379707	0.00350217800587	0.00545769929886
3.54134366757	-61.0	61.0529921151	0.00172209739685	0.00277048395947	0.00193500996102
6.3961038873	-61.0	53.6891451255	0.00248338212259	0.00105054432061	-0.00238389568403
5.84071681522	-61.0	54.8328379121	0.00231181248091	0.00128013081849	-0.00179536244832
5.28821298000	-61.0	45.1861240414	0.00152389600407	-0.00047158729285	-0.00610420107841
11.2863364130	-61.0	52.0517278355	0.00463132560253	0.000756938185077	-0.00357256922871
-5.15503423933	-61.0	46.7916917415	-0.00297340238467	-0.000341785664205	-0.00554135721177
1.91932327160	-61.0	45.5324777053	0.000111224624561	-0.000446539081167	-0.00589112238958
-3.44181965886	-61.0	55.9269176586	-0.00277285091579	0.00144163926598	-0.00121828250121
0.558494654397	-61.0	56.9578919646	-0.000487067096401	0.00181894260459	-0.000595092307776
3.28467359365	-61.0	56.8944620638	0.00112742453348	0.00177040649578	-0.000635966251139
1.93736275912	-61.0	57.1073853368	0.000353935029125	0.00185005355161	-0.000509090081323
-4.90263901329	-61.0	60.6509137644	-0.00423345901072	0.00241840351373	0.00149557192344
0.496538202723	-61.0	59.0512995933	-0.00050331291277	0.00241900747642	0.000601939274929
-0.182963937532	-61.0	57.8447727491	-0.000956372881774	0.00205173296854	-0.000112426991109
5.48193119762	-61.0	53.1917485336	0.00199263216928	0.000957848678809	-0.002574123675
8.98939805245	-61.0	53.9788780898	0.0037711111363	0.00109223276377	-0.00244133500382
1.45758278491	-61.0	46.3104474368	-8.77728016349e-05	-0.000323660729919	-0.00555756734684
1.44451602699	-61.0	47.6026559047	-9.4287803222e-05	-0.00010465476953	-0.00500036450103
2.85436721826	-61.0	48.3805319875	0.000540147535503	4.76559071103e-05	-0.00467114290223
-6.93542918951	-61.0	62.1418231092	-0.00565664796159	0.00251249293797	0.0021749578882
11.9880391893	-61.0	57.5074850757	0.00573087204248	0.00170910567977	-0.00109744397923
10.8333623939	-61.0	57.1368563466	0.00509755546227	0.00165238510817	-0.00110957457218
4.87456588470	-61.0	51.8517087593	0.00160726881586	0.000699687865563	-0.00317414640449
5.02074635630	-61.0	56.6254753746	0.00206222920679	0.00166640966199	-0.000833058846183
-10.1480442137	-61.0	51.8521815678	-0.00562335550785	0.000394515518565	-0.00371690653265
-10.4964222812	-61.0	55.5209125463	-0.00627277651802	0.00102166761644	-0.00207493756898
-6.46108232298	-61.0	63.7424574937	-0.00566853163764	0.0028518573381	0.00335133937187
-2.33414622287	-61.0	59.8563346423	-0.00253212009557	0.00251731835306	0.00110427779146
-4.32419971327	-61.0	66.8342921787	-0.00465454719961	0.00355484848842	0.0061069522053
7.27393711556	-61.0	47.6844806571	0.00246152584441	-2.87845159619e-05	-0.00513977557421
2.99317665748	-61.0	66.5508023612	0.00173832161818	0.00367588968948	0.00617768010125
2.70285774764	-61.0	67.8874388474	0.00162937189452	0.00386114162393	0.00718854181468
6.98918030181	-61.0	61.2931245339	0.00375370518304	0.00253646611236	0.00173100654501
5.48996807434	-61.0	65.6897581733	0.00345926196314	0.00336958514526	0.0049108536914
-10.6819403556	-61.0	50.3108337501	-0.00569820823148	0.00012597523164	-0.00445890007541
-3.86508223215	-61.0	53.3663362683	-0.00277963094413	0.000878584163729	-0.00251479959115
10.3420751926	-61.0	58.7110890000	0.00510490452871	0.00194388569798	-0.000230921141338
11.5648947218	-61.0	59.3225627665	0.00583507912233	0.00203499291092	-0.000110277287604
-0.128592515526	-61.0	44.0019114077	-0.000736326677725	-0.000714076799341	-0.00655913865194
0.175241088111	-61.0	45.2582623846	-0.000627604778856	-0.000511870370246	-0.00601762114093
7.31678141085	-61.0	59.4067714303	0.00364669482224	0.00215952959843	0.000553478079382
-4.10848535155	-61.0	48.6335419181	-0.00260544498451	-1.33351568365e-05	-0.00468434859067
-4.55298112758	-61.0	48.2858700834	-0.00278676510789	-8.17611653474e-05	-0.00485884118825
-3.86994915969	-61.0	65.8915559769	-0.00419495534152	0.00346189946868	0.00553898373619
8.00037672319	-61.0	50.4555088267	0.00296961609274	0.000457597256172	-0.00397756323218
8.75880977938	-61.0	51.4455075459	0.00340194068849	0.000636516546365	-0.00359335076064
5.82506104594	-61.0	48.5021675684	0.00186810723972	9.80789845926e-05	-0.00470533687621
-5.00106430108	-61.0	47.4006232476	-0.00293820002116	-0.000239048167714	-0.00526873674244
-0.735247377083	-61.0	58.9042975965	-0.00135872291867	0.00235006399453	0.00050399400061
-1.04719583102	-61.0	60.2511413759	-0.00166364223696	0.00276834075339	0.00138250691816
1.32411316209	-61.0	60.8276265748	0.000177553025424	0.00296480301768	0.00181596458424
-7.48600320930	-61.0	60.5161483126	-0.0056550311856	0.00215102056973	0.00105059507769
-6.66098418797	-61.0	61.1492185151	-0.00531847169623	0.0023454639595	0.00158253498375
-7.69375793737	-61.0	61.4650198109	-0.00595310376957	0.00231810566038	0.00159527629148
-6.07305046543	-61.0	62.7997742904	-0.00527000334114	0.00272000860423	0.00278906174935
-5.56606840940	-61.0	53.1154771740	-0.00360038946383	0.00077174929902	-0.00272861146368
-4.57722568598	-61.0	51.4604397304	-0.00299013778567	0.000486230041133	-0.00344204506837
6.49883196847	-61.0	57.8721791476	0.00299799069762	0.00188382330816	-0.000241439091042
7.19638072275	-61.0	63.7315695977	0.00424414686859	0.00295482273214	0.00324071478099
-0.907761197526	-61.0	51.9073462018	-0.00122823950369	0.000658113975078	-0.00310655334033
3.71350547101	-61.0	58.1210667933	0.00148844264913	0.00204775016755	4.36156697106e-05
-1.05739094186	-61.0	68.2429843000	-0.00188968144357	0.00394245702773	0.00774793652818
7.55364642572	-61.0	51.3799178546	0.00283817504533	0.000619802682195	-0.00353083154187
-3.85734838120	-61.0	55.5541520526	-0.00296224304475	0.00133991846815	-0.00142936524935
-3.92842242838	-61.0	59.6898513352	-0.00351202837192	0.00230256817304	0.000937554810662
-1.33122425333	-61.0	46.2669939499	-0.0012923105387	-0.000367892236682	-0.00561292329803
-7.48259512221	-61.0	48.3925148698	-0.00409741094336	-0.000121249111544	-0.00500079011545
7.53087038463	-61.0	62.8017721767	0.00429049320519	0.0027788290754	0.00258600991219
0.340996311098	-61.0	54.2396498847	-0.000617508951109	0.00116701819934	-0.00198540580459
8.11947004895	-61.0	52.8725421654	0.00323807098903	0.000891800038517	-0.00288728973828
7.34643082965	-61.0	51.8658671311	0.00278153130785	0.000707275408786	-0.00329566653818
5.91120312019	-61.0	45.6690596250	0.00179573555943	-0.000385529943742	-0.00592582533136
7.54391806833	-61.0	55.8267728929	0.00327896163799	0.00145286228508	-0.00140857871156
5.61415438427	-61.0	52.7638189423	0.00202525849454	0.000874758581631	-0.00278182514012
10.1566197991	-61.0	50.1312941398	0.00391769269481	0.000419787684223	-0.00430725561455
-3.09428244624	-61.0	64.0570258914	-0.00348387635313	0.00331837171689	0.00430143484846
9.01975827296	-61.0	56.5432192698	0.00410952279344	0.00156655895989	-0.00118430855218
7.79144615277	-61.0	53.3211839770	0.00312575977296	0.000975089205895	-0.00265174009837
-11.6126859836	-61.0	54.9135036956	-0.00670884083956	0.000860544387251	-0.0025174273178
-3.41960645060	-61.0	62.8199222417	-0.00361166964285	0.00307180569507	0.00326034682803
-2.81613738251	-61.0	46.6189972630	-0.00194737187121	-0.000332085619448	-0.00550691084936
-1.86650985713	-61.0	66.1124857215	-0.00257124286145	0.00367432716303	0.00611166423187
-3.88651272397	-61.0	62.5018089411	-0.00388174317777	0.00293812295422	0.00294836843386
3.83326470140	-61.0	48.3080908653	0.000975599046797	4.52313142887e-05	-0.00472042011097
4.77469356093	-61.0	47.6520901709	0.0013715592213	-5.92042815697e-05	-0.00503116380423
6.44919831327	-61.0	49.6546854043	0.00220952555537	0.000305459689116	-0.00423280941322
-12.0248852328	-61.0	53.6988054447	-0.00672346912324	0.000638956844341	-0.00312049663626
-4.27200637006	-61.0	64.8430549701	-0.00438916077837	0.00327024189755	0.00466334633529
-0.647670182877	-61.0	52.7588562535	-0.00111665949225	0.000835371494759	-0.00270558008924
-6.29657562085	-61.0	59.8188534918	-0.0048809167929	0.00210825004615	0.000799243687652
-0.291572523549	-61.0	59.7201410326	-0.00107420084532	0.00263089570217	0.00102140649687
-10.2063495398	-61.0	49.4724192170	-0.00540101248771	4.54841369901e-07	-0.0047755939886
6.16597933051	-61.0	51.8130938635	0.00222069118172	0.000695247377735	-0.003249355359
6.72478404145	-61.0	53.3237149605	0.00261106994003	0.00097908033058	-0.00257759704255
6.64947077395	-61.0	50.8356148801	0.00237771100365	0.000517759064678	-0.00371898990124
-4.37541851878	-61.0	54.6941613414	-0.00315220304765	0.00113372539636	-0.00189068622421
-7.67827477219	-61.0	58.2371534136	-0.00533949956298	0.00168570165988	-0.000298638216918
-0.699428861201	-61.0	57.1553151844	-0.00126322789583	0.0018509660149	-0.000499335466884
1.22049380032	-61.0	55.2947658158	-0.000125722406665	0.00141359202098	-0.00145827885717
10.4793975194	-61.0	52.9046024288	0.00435374351218	0.000899898528587	-0.00309381540865
9.06445948190	-61.0	50.3080956847	0.00344059243798	0.000439761060989	-0.00412807567045
-4.16555894610	-61.0	45.4661194314	-0.00248416513205	-0.000539185421076	-0.00606132531539
-5.70301480440	-61.0	55.2902857701	-0.00389670580626	0.00119910307694	-0.00167209701613
-4.33192292159	-61.0	57.2912507294	-0.00341429444961	0.00170372938737	-0.000522735586856
-2.66202504631	-61.0	45.5594321324	-0.00184482277837	-0.000502215407323	-0.00595778552815
-3.44384260636	-61.0	50.9766223681	-0.00242109620012	0.00042380328523	-0.00360929081216
-7.38953053508	-61.0	51.1212560220	-0.00427978904918	0.000346774846548	-0.0037838735152
-3.37601340666	-61.0	50.4857683330	-0.00236320239492	0.000333768606652	-0.00382848037407
-5.72712379874	-61.0	51.6010842357	-0.00354583002627	0.000480455288198	-0.0034449165687
-6.73113294086	-61.0	52.0448894721	-0.00405821017921	0.000532141595613	-0.00331131904386
-3.57950100577	-61.0	51.9583304382	-0.00254285451956	0.000607857480645	-0.00316494423896
-4.75240930623	-61.0	49.5326282756	-0.00294736283831	0.000130869811983	-0.00431986618787
-5.04906166390	-61.0	46.1733790919	-0.00289595453069	-0.000439974071924	-0.0058025745675
8.26712753822	-61.0	64.8652209487	0.00506650237367	0.00308954203501	0.00371493026614
-0.852985029393	-61.0	51.3400650356	-0.00118850125	0.000547335599549	-0.00336578930728
10.2540153471	-61.0	51.3250099904	0.00407782010734	0.000624530308414	-0.00378643674776
-2.98920154846	-61.0	56.2392758177	-0.00255079986528	0.00153401226271	-0.00103754957672
0.471827042578	-61.0	64.3708776176	-0.000462032709038	0.00369946006685	0.00488133123145
11.8155734568	-61.0	54.9052108463	0.00524460338056	0.00125220196787	-0.00232619442977
-6.62831886703	-61.0	64.8586235751	-0.00597979221493	0.00303124543279	0.00407203519717
1.86707656340	-61.0	62.2852082583	0.000687996973284	0.00329313101247	0.00298223178834
-5.99301245773	-61.0	45.3959155236	-0.00326058268547	-0.000577071041334	-0.0061940420419
3.90267940871	-61.0	60.6463716085	0.00189598475117	0.00263861520216	0.00163000274915
-3.08809888934	-61.0	54.0530752774	-0.00243239174597	0.00104582705535	-0.00215023988858
-2.21988436367	-61.0	53.7772473687	-0.0019639339298	0.00101348024327	-0.00225567282178
-8.36746078514	-61.0	55.8156673886	-0.00529318256304	0.00117531092837	-0.00165546091739
-1.90591277513	-61.0	55.6090962241	-0.00189626647625	0.00142984359991	-0.00133591063786
12.0282862073	-61.0	56.9052981221	0.00565156294033	0.0016026959056	-0.00139913940802
-4.41604525214	-61.0	62.7093722104	-0.00424355594441	0.00290079251863	0.00302661722526
3.79064039576	-61.0	53.6554553600	0.00117730547208	0.00105528149288	-0.00229388684966
-8.88940308882	-61.0	51.8753085119	-0.00504682445899	0.000435723952251	-0.00357628986239
-7.75850231137	-61.0	51.8710116363	-0.0045222886838	0.000469156075269	-0.00347431725822
-8.35862564074	-61.0	50.8753119762	-0.00470186630264	0.000277597777313	-0.00397674366832
-2.64796719896	-61.0	49.5324318290	-0.00198090192862	0.000174307293491	-0.0042270780541
0.931452294627	-61.0	46.5888641352	-0.000316439953167	-0.000283670815406	-0.00543968938291
1.98921595418	-61.0	47.3147303446	0.00014465219283	-0.000147533253767	-0.0051259053871
-8.42011366927	-61.0	63.4223415516	-0.00677818804979	0.00262482487597	0.00265373778529
-9.37192494943	-61.0	62.4644057273	-0.00710182404146	0.00237897597253	0.0018301847158
1.17398697094	-61.0	55.8293098703	-0.000140755495522	0.00153928506188	-0.00118596747052
-5.16362521544	-61.0	63.4971620745	-0.00482021365315	0.00294677633792	0.00346941966563
10.0641596961	-61.0	55.5500807884	0.00448777806014	0.00137242709752	-0.00179651321378
-5.85872331894	-61.0	50.0486294401	-0.00348784890957	0.000196735767531	-0.00415512407199
-7.47224776583	-61.0	50.6207384466	-0.00427297735587	0.000256788684055	-0.00401555374265
-5.72929988072	-61.0	51.1204174875	-0.00350846583024	0.000392223824747	-0.0036643720232
11.2297761166	-61.0	60.7566118854	0.00593082886189	0.00229508150369	0.000705829646904
11.3193268334	-61.0	53.0989737197	0.00477059418336	0.000937021744903	-0.00310095772147
-10.1580818393	-61.0	54.5942076700	-0.00597397843376	0.000870146322995	-0.00246618478559
-1.16806975940	-61.0	54.3719267104	-0.00143322499935	0.00116926257033	-0.00194075598847
1.14999552274	-61.0	65.7586726524	0.000147043887409	0.0037219747901	0.00592409865931
-2.83244928620	-61.0	67.8512049405	-0.00351356808096	0.00380837288685	0.00720225414261
-5.65977564936	-61.0	61.3752305398	-0.00478941621259	0.00248829321936	0.00188781600446
4.61453149668	-61.0	48.7523147653	0.001338972128	0.000130870030262	-0.00454869447276
-7.58493098299	-61.0	49.6201316272	-0.0042391018942	8.20288987597e-05	-0.00446959678084
-0.740555302843	-61.0	48.0754041272	-0.00107121258043	-5.24194911122e-05	-0.00481662899256
-1.07146305296	-61.0	49.2076731936	-0.00124457268976	0.000143555051181	-0.00432649673894
2.32137568680	-61.0	67.4826451037	0.00125118729193	0.00382645311765	0.00698623154312
1.26060678986	-61.0	67.0139922615	0.000275373196928	0.00381530309096	0.00682541355491
3.99693712246	-61.0	56.3814959789	0.00148255575914	0.00163680291735	-0.000926852226257
-0.00893445610097	-61.0	60.1340903257	-0.000869934912771	0.00277977739461	0.00130250013899
-3.32141478544	-61.0	61.0340370978	-0.00333083164878	0.00270454678684	0.00189818139188
1.64118531147	-61.0	44.3281263137	-1.36933385875e-06	-0.00064280902734	-0.00640474725515
1.83666128102	-61.0	57.9655771733	0.000340123602655	0.00207638763823	-2.99212715618e-05
-7.84348974636	-61.0	52.9130550317	-0.0046710264869	0.0006544070784	-0.00300159328617
2.61509729581	-61.0	44.9088277051	0.000404835707741	-0.00054024416022	-0.00616102991626
4.18257839178	-61.0	65.0544444367	0.00250247796066	0.003389878897	0.00481119006872
1.15128720280	-61.0	48.0167787501	-0.0002243618801	-3.63935505447e-05	-0.00482109095901
1.17250098632	-61.0	48.4431485670	-0.000214773433981	3.88966072933e-05	-0.0046351631172
4.67918184396	-61.0	45.5657693007	0.00127742916811	-0.00041365987272	-0.00592162972316
-0.0804075821689	-61.0	49.0193460706	-0.000786805641837	0.000124830708955	-0.00439235847443
0.294827344071	-61.0	47.8642776120	-0.000605601584539	-7.43381751818e-05	-0.00489321071655
6.14553668918	-61.0	65.9022680061	0.00392260588706	0.00335070351139	0.00487572699785
5.97085997369	-61.0	64.0945229968	0.00356083922088	0.003093106905	0.00373403076082
10.2416680394	-61.0	62.8938797776	0.00582171464339	0.00269396812655	0.00209082802758
-9.27398912358	-61.0	50.1002750818	-0.0050432193093	0.000123632053146	-0.00440605822951
1.60323277944	-61.0	60.3355869737	0.000348797853803	0.00278481305577	0.00145914766472
0.397012099759	-61.0	48.9404251762	-0.000567870272789	0.000117384894111	-0.00442176777869
-0.827113067149	-61.0	50.7551223763	-0.00116354203783	0.000434978719568	-0.00363081181422
-12.0664164587	-61.0	57.8725892422	-0.00746978120878	0.00136610749178	-0.00122424238361
-4.36355133145	-61.0	59.9802428613	-0.00381348002702	0.00232590571977	0.00109834957402
-3.30985206781	-61.0	60.5127365809	-0.003251043614	0.00257708691061	0.00152570346836
3.37714498850	-61.0	49.7698435436	0.000810608093161	0.000302071392071	-0.00406978838146
2.94539530851	-61.0	63.3809209264	0.00153663300443	0.0033121232409	0.00378308794461
6.30524981424	-61.0	57.3483449647	0.00282875262201	0.00178283348214	-0.000515317835379
5.19375952116	-61.0	57.1068143773	0.00220733974129	0.00176511681639	-0.000581116590183
6.67927960468	-61.0	60.2008404201	0.00342096295208	0.00234403507784	0.00109760323539
5.42972540600	-61.0	60.1891949731	0.00272744242102	0.00241552246735	0.00121759448666
9.00671259977	-61.0	60.0391393087	0.00463702622801	0.00221891212277	0.000691867433488
7.85500231952	-61.0	60.0852641079	0.00403623934835	0.00226801866665	0.000882253807504
8.03302387406	-61.0	58.7966531972	0.00393238477409	0.00201611313969	0.000124579732073
8.71686729631	-61.0	61.3897893949	0.00471079908311	0.00247532315552	0.0015159137547
-2.40436847984	-61.0	55.2817429189	-0.00215187179856	0.00133751286194	-0.00151589140296
-12.0095644752	-61.0	58.7195588852	-0.00762605341151	0.00152709614486	-0.000800110108685
-6.44698731816	-61.0	54.8148943900	-0.00421406002715	0.00106990209315	-0.00196762965061
-11.1839663450	-61.0	60.8474786719	-0.00769829330966	0.00196665152907	0.000482262723381
-1.40176324899	-61.0	55.9356572894	-0.00162812368944	0.00152324745432	-0.0011571131181
-3.04010741821	-61.0	59.0472645255	-0.00288368877955	0.00222687609494	0.000565344409551
-5.50117202728	-61.0	64.6296966138	-0.00520225754008	0.00310106924735	0.00420879060403
0.580891893925	-61.0	51.6396860700	-0.000490744190756	0.000628130335826	-0.00321083236486
-1.42397275758	-61.0	58.1319478125	-0.00176978332456	0.00209076353349	4.11318760598e-05
-5.65606383950	-61.0	64.1682622591	-0.00523306662217	0.00300740683451	0.00384160503745
-11.1026145356	-61.0	59.5702074018	-0.00735732866451	0.00173401669599	-0.000173623717274
-6.25386873776	-61.0	46.4308646942	-0.00343011016957	-0.000417964212829	-0.00576462829486
1.30876567153	-61.0	61.9723000802	0.000231663958402	0.00329920719378	0.00273773027584
1.01656312421	-61.0	63.0915005011	2.10512480407e-05	0.00355630693957	0.00373394717462
3.58826821558	-61.0	61.6491434027	0.00181874609552	0.00289857643656	0.00236568623222
2.90615167611	-61.0	62.5415383960	0.00145559827797	0.00317766796798	0.00311365351081
-0.445678557637	-61.0	64.6525836759	-0.00130266300403	0.00370040349662	0.00511864293367
-7.07250330271	-61.0	46.7950157332	-0.00380697962828	-0.000373138434952	-0.00566413253546
-7.05242281738	-61.0	65.9056846559	-0.00647665793076	0.00317530753091	0.0046568387188
-9.23659223069	-61.0	59.3362581752	-0.00634831283242	0.00180008320604	6.80323573761e-05
-9.17075199061	-61.0	52.3381598590	-0.00522763142362	0.000507706834469	-0.00339440465905
-7.77304510318	-61.0	53.8822221684	-0.00474834255874	0.000835908285808	-0.00253831828013
-2.24756519445	-61.0	62.4804897203	-0.00276013766415	0.00321867829189	0.00311133544892
-1.05842859740	-61.0	62.9027726093	-0.00183068169281	0.00349898822606	0.0035607800819
0.041526753011	-61.0	63.3765119124	-0.000852082448546	0.00364331062883	0.00402020523325
0.764430656335	-61.0	64.8828420999	-0.000198891284526	0.00370370247401	0.00528385862708
5.28967277677	-61.0	55.4885368601	0.00209110067226	0.00142120325472	-0.00143830233719
5.59514619804	-61.0	56.6568906391	0.00237197102979	0.0016587744467	-0.0008443230181
6.65555524543	-61.0	55.5138118186	0.00279478682205	0.00140513340011	-0.00150171201676
1.98051519763	-61.0	52.9038193700	0.000223570503294	0.000897016085219	-0.00262392312288
-0.86009818174	-61.0	45.0886171926	-0.00106426863931	-0.000552468642127	-0.00610804976895
-2.96232230892	-61.0	44.1757970326	-0.00192631722894	-0.00072375650052	-0.00656286301091
-1.88768525686	-61.0	45.0940503297	-0.00150069128722	-0.000565521360841	-0.00613210722804
-4.94219799872	-61.0	62.0428905081	-0.00447329645976	0.00270383385941	0.00245754164644
2.64827498700	-61.0	65.9502278284	0.00141948251985	0.00363523629494	0.00582013046369
1.18270728672	-61.0	50.8783302161	-0.000200969705475	0.000487416662509	-0.00355487968773
3.28104156726	-61.0	52.3409975242	0.000856172817294	0.000789853453171	-0.00290367589332
1.93069284663	-61.0	51.5028223565	0.00016833578411	0.000616093457211	-0.00327295833267
4.14111605798	-61.0	50.9333924398	0.00121045927517	0.000523081980646	-0.00356814521365
0.872739697199	-61.0	50.5258407995	-0.000350392860128	0.000416434049839	-0.00371448672377
-1.16723371811	-61.0	67.3070765402	-0.00196980801411	0.0038287541829	0.00706847710535
-2.92353486873	-61.0	54.8920650181	-0.00240556243807	0.00123211240862	-0.00172900897451
6.14740716644	-61.0	54.5497845322	0.00243961787783	0.0012205169769	-0.00195195549168
5.38516260509	-61.0	54.4083247038	0.00204250635579	0.00119939201977	-0.00198303977959
5.97936787083	-61.0	53.5943608020	0.00227001099847	0.00103431404568	-0.00240646931343
8.7276944752	-61.0	55.3046234194	0.00380243663676	0.00133878155611	-0.00177498906851
-3.95065612927	-61.0	47.3513765670	-0.00247362372465	-0.000228896475164	-0.00523684406653
5.22480555141	-61.0	47.8489508694	0.0015756348148	-2.08272194868e-05	-0.00496255094185
2.58529629543	-61.0	52.0214613024	0.000501532165799	0.000723077449948	-0.0030407528393
1.45038357828	-61.0	52.1905008085	-5.69705262023e-05	0.000747762678657	-0.00295496103354
-7.57093222574	-61.0	64.2742021718	-0.00645615952089	0.0028469034005	0.0034239909146
-4.01638140765	-61.0	48.0506616566	-0.00253539369442	-0.000111888854008	-0.00493533816189
-3.91953777817	-61.0	45.8289619050	-0.00239401659928	-0.000477698427858	-0.00589351449162
-1.96189252713	-61.0	56.2153285607	-0.00196577934548	0.00157149136066	-0.00102224445436
3.21323948112	-61.0	67.7835671059	0.00205982872285	0.00382074760273	0.00699066370726
2.37192791413	-61.0	66.5342730609	0.00122466962785	0.00371520780027	0.00630089268088
-8.61437596554	-61.0	51.3420971177	-0.00486488267779	0.000351189519279	-0.00379064492881
-9.49327403955	-61.0	51.8767952556	-0.0053253066726	0.000417953444412	-0.00363625655882
-8.34360521845	-61.0	51.8747691802	-0.00479434523731	0.000452076637885	-0.00352477817796
-2.86572041700	-61.0	67.2301910793	-0.00348889362067	0.00372320995666	0.00674810586497
10.8677788115	-61.0	59.5543287823	0.00551920291036	0.00208675093018	0.000130302112666
-11.3928183876	-61.0	52.5036985833	-0.00627271551639	0.000465589051601	-0.00357088819146
6.12619836088	-61.0	62.8169767291	0.00348485354334	0.00286857550964	0.00285074161366
-9.58526484724	-61.0	56.4356502647	-0.00598314963281	0.00123288156465	-0.00150142691564
2.90581045844	-61.0	55.6876496043	0.000829281983897	0.00149787275586	-0.00126748578623
6.50084418732	-61.0	47.3135588526	0.00210838229395	-0.000100315177406	-0.00525325862691
1.25195916649	-61.0	49.7772929310	-0.00017457951617	0.000281118147541	-0.00404769973829
-2.39640514831	-61.0	48.5441477321	-0.0018290799344	2.77346089206e-06	-0.00465468689799
-5.83792717404	-61.0	66.7136255793	-0.00578971020877	0.0034105007071	0.00558232842013
-1.84423920170	-61.0	55.0020716475	-0.00182811112609	0.00129241414834	-0.0016425017966
11.0751160419	-61.0	55.9203241022	0.00503262504935	0.00143270054832	-0.00174208066892
-9.72026095151	-61.0	51.3655496778	-0.00537385698408	0.000324447901221	-0.00388893368654
11.6342926936	-61.0	54.0418096794	0.00503960251808	0.00110156089067	-0.00270560849458
-8.86870275508	-61.0	48.6646422562	-0.00473334547132	-0.000103823200334	-0.0049983561039
11.0071831149	-61.0	55.3825576858	0.00492244632915	0.00133730750531	-0.00199278141372
-11.2155550565	-61.0	51.0908853443	-0.00602382095531	0.000239941611653	-0.00417622737586
4.45653862051	-61.0	52.2292414179	0.00142699386925	0.00077121326467	-0.00298561621457
7.76205025031	-61.0	54.2292705963	0.00320525630377	0.00114513887092	-0.00221622688696
-5.62119709273	-61.0	47.7155635362	-0.0032289866358	-0.000197942645173	-0.00516766868532
5.61928843201	-61.0	62.9653651388	0.00320503395051	0.00293400557712	0.00303934235126
-0.83099321663	-61.0	53.8884505254	-0.00123837450519	0.00107066857163	-0.00217027589679
10.2550694576	-61.0	60.2888520047	0.00533314514905	0.00223101768643	0.000629250484053
-9.40635320788	-61.0	53.6613123210	-0.00549514079466	0.000733196444344	-0.0028115271125
0.37799506134	-61.0	56.0508776307	-0.000598690239713	0.00158813444432	-0.00107545231003
-1.72551560875	-61.0	47.3754468525	-0.00149303651415	-0.000188177771633	-0.00514420168474
10.9706265671	-61.0	61.1886565026	0.0058778678067	0.00237656710669	0.000989195657894
-2.11657879796	-61.0	52.8064504666	-0.00186359777581	0.000814055267256	-0.00271612848155
-2.45485743505	-61.0	51.4842455634	-0.00197160057724	0.000543396745343	-0.00334088597447
-2.19254820687	-61.0	53.3175417104	-0.00192644388881	0.000917553785257	-0.00247582187876
4.02721359798	-61.0	59.1201856593	0.00178377144039	0.0022697087843	0.000632057432085
10.1756737538	-61.0	53.5244004000	0.00428334297612	0.00100852991454	-0.00277432706207
0.347384626245	-61.0	61.4474032292	-0.000582830747589	0.00322474283166	0.00230304989964
4.64490768626	-61.0	66.5799862158	0.00300688738935	0.00355696538463	0.0057537839748
-9.27204254494	-61.0	54.5620369815	-0.0055498634465	0.000901180319488	-0.00237275892869
0.416349023672	-61.0	65.2788357278	-0.000513798324391	0.00372781092301	0.00561616988853
-10.1962607270	-61.0	61.8885041629	-0.00742024229839	0.0022179253865	0.0012940892484
10.4416225509	-61.0	57.9086865409	0.00502404663712	0.00179666280746	-0.000662740378175
-0.981070631865	-61.0	56.2633286115	-0.00139881379437	0.0016152295284	-0.000979453790933
-2.54225738438	-61.0	58.2789883725	-0.00248660519719	0.00206383573823	0.000111016721348
-2.16831674609	-61.0	57.2726300387	-0.00216480973177	0.00182441342622	-0.000456334353657
-3.28996463031	-61.0	57.4950822854	-0.0028479071334	0.00181681022514	-0.000362194812624
1.20441687977	-61.0	44.6885612565	-0.000186697696336	-0.000590595765971	-0.00625220267102
7.13626018586	-61.0	52.3584796616	0.00272396742366	0.000797484826762	-0.00305530242622
-1.94477304381	-61.0	44.0402429339	-0.00149600871373	-0.000731155683752	-0.00658540613949
-12.2121970840	-61.0	55.9058163029	-0.00715717440471	0.000999874668196	-0.00216338247992
7.60067371830	-61.0	61.6382966854	0.00414408650249	0.00256813783199	0.00185089709703
-8.17339251863	-61.0	64.4568175070	-0.00686718197539	0.00283094984479	0.00337562663481
-1.08683843119	-61.0	44.5292257905	-0.001148082898	-0.000643923762254	-0.00635268446058
-4.27510270360	-61.0	52.8874873964	-0.00294761965051	0.000769778853282	-0.00276250694878
4.01425528576	-61.0	62.4984468721	0.0021746668499	0.0030149302911	0.00295336917043
-0.304662218696	-61.0	51.0486684847	-0.000917576544452	0.000499889079947	-0.00348934740759
9.12411821426	-61.0	63.2979627901	0.00527577660978	0.00279710022733	0.00256844609976
9.55325429566	-61.0	59.2200071258	0.0047855284065	0.00205325661227	0.00015773960331
-2.94862266939	-61.0	55.4798125481	-0.0024642329663	0.00136186322197	-0.00143174570985
-4.20933514255	-61.0	44.4944501508	-0.00246230163611	-0.00069159490522	-0.00648105656728
-3.42870816170	-61.0	53.6712081717	-0.00258088670671	0.000955009425525	-0.00234911567532
4.72655689162	-61.0	46.1582085312	0.00130971882027	-0.000314051576424	-0.00567063409835
10.5918370980	-61.0	62.0675368480	0.00584792392328	0.00254024774767	0.00154975359328
3.11351605948	-61.0	46.4620548441	0.000625709886663	-0.000279274507193	-0.00550328241661
10.5814232932	-61.0	55.7010023527	0.00476063368842	0.00139622902498	-0.00178521010093
-3.06337727231	-61.0	66.6711350150	-0.00361414207146	0.00363707449287	0.00629964796826
6.70698306917	-61.0	58.7439028149	0.00322664203122	0.00205280585214	0.000233198778005
-8.13507301117	-61.0	46.9587658915	-0.00427929218858	-0.000364387437003	-0.00567617639899
6.61934017001	-61.0	66.3309381350	0.00429996149614	0.00336688989773	0.00503133516759
-6.13825423265	-61.0	59.0895270203	-0.00467084161937	0.00196884712204	0.000376091804355
-12.1296006119	-61.0	56.8816199138	-0.00729880575091	0.0011796336621	-0.00170355092268
-5.01161030158	-61.0	65.5571944035	-0.00499945599586	0.00329937017523	0.00500222947448
-4.87327242922	-61.0	66.7162715415	-0.00506528140977	0.00349100213498	0.00586996786296
3.46856468112	-61.0	66.8576219253	0.00215083407238	0.00368097517639	0.00627730460837
5.42080380429	-61.0	66.3493120575	0.00351355154999	0.0034652648028	0.00536761293188
-3.99471801732	-61.0	64.4139519434	-0.00415238924325	0.00324122351594	0.00440163211897
-8.53384246177	-61.0	47.2301711733	-0.00447248108685	-0.000327923597069	-0.00559245608747
3.36428238378	-61.0	44.6624359916	0.0007170480676	-0.000572844641283	-0.00627496046945
8.27289512533	-61.0	52.3962442841	0.00326448515989	0.000805129180662	-0.00312008149922
5.45855469013	-61.0	63.9102655446	0.0032216263935	0.0031043223571	0.00371762458235
-6.52666851265	-61.0	46.0764493680	-0.0035270631779	-0.000478425790789	-0.00593596696854
-1.95804564525	-61.0	68.0361208292	-0.00273103732616	0.00388085911982	0.00749422051013
3.88861073240	-61.0	66.0433740765	0.0023837373592	0.00354499090463	0.00559203652665
11.5486060557	-61.0	58.8159014016	0.00573570048437	0.00194501166698	-0.00036814698251
-5.15634861568	-61.0	57.4788799792	-0.0038911155425	0.00169287913013	-0.000469185935799
8.24910732290	-61.0	56.6954899480	0.00374419894069	0.00160802493338	-0.00102645170409
-10.6676067058	-61.0	60.8804136951	-0.00743305310607	0.00200234283693	0.000621108338237
5.60493096608	-61.0	46.0223145032	0.00167772336863	-0.00032885116525	-0.00576171185821
6.64314609728	-61.0	46.8338093878	0.00214786571451	-0.000180777380592	-0.00546703999862
0.0513719901757	-61.0	67.0754266794	-0.000836230465211	0.00383560988121	0.00695178611204
-8.56913300723	-61.0	62.1908210844	-0.0065908622928	0.0023863655515	0.00185622298159
-7.73263147385	-61.0	55.2477531355	-0.00490259611979	0.00109640543815	-0.00186983053572
-8.31603602027	-61.0	52.8679262093	-0.0048884479329	0.00062992941821	-0.00306666037068
6.86700646708	-61.0	64.3281144571	0.00413936981931	0.00307068927214	0.00369296572171
2.68864482482	-61.0	58.1801463953	0.000883153290488	0.00210527144372	9.30904061534e-05
1.02035487917	-61.0	57.7038333138	-0.00018619048933	0.00201845774427	-0.000182336458238
1.62033929817	-61.0	64.5063374014	0.000545863760635	0.00361611135304	0.00489090615883
-5.20907889522	-61.0	61.0279734762	-0.00447187619284	0.00246534217149	0.00171455740929
-7.57196988387	-61.0	47.0905951913	-0.00404372345656	-0.000334219657816	-0.00557385152206
5.48161944264	-61.0	61.9450260972	0.00299358158372	0.00276162661612	0.00236600241624
1.72759546875	-61.0	64.8590888060	0.00063772854628	0.00362750282511	0.00515818409622
-9.89683599968	-61.0	58.6333017065	-0.00654381792992	0.00162754545454	-0.000426729558967
-5.75920015776	-61.0	49.4419402217	-0.00339992018417	9.27486617002e-05	-0.0044185561128
6.44882472100	-61.0	61.1496423888	0.00343289412558	0.00254097161815	0.001715541468
-8.58464800142	-61.0	63.9359578351	-0.00699378782883	0.00270557147451	0.00293171871454
0.344722399587	-61.0	58.5688298596	-0.000612610660028	0.00226990110241	0.000309651863063
-10.6526870700	-61.0	51.8503571696	-0.00585437566042	0.000379631354008	-0.00377409113571
-4.15026074490	-61.0	53.8143677432	-0.00295895664021	0.000960162316915	-0.00231225835159
-6.65211336646	-61.0	66.1808653310	-0.00626259949058	0.00325491256081	0.00496572349221
-0.740010097984	-61.0	55.1896245011	-0.00122468348127	0.00136409979314	-0.00152716739103
-10.0365332683	-61.0	59.6655261539	-0.00682978983968	0.00181323720608	9.68735621427e-05
-0.864077026002	-61.0	50.1779052970	-0.0011690860847	0.000325338187395	-0.00389098655432
1.79931468838	-61.0	61.6859248885	0.000597649021074	0.00315980170853	0.00248671136796
-4.34639992166	-61.0	55.8050990023	-0.00324903009459	0.00137203524355	-0.00132319971453
6.75019766142	-61.0	46.3623584564	0.00217302818783	-0.000259838911006	-0.00567469652742
-5.46319167788	-61.0	53.6928853409	-0.00360483094119	0.000888177310117	-0.00244563538581
5.92617226975	-61.0	57.7459020021	0.0026770317927	0.00187712104525	-0.000270386401098
4.64879620838	-61.0	59.8109434197	0.00223180698231	0.00238752411678	0.00103528110776
4.21548459801	-61.0	58.1687605747	0.00178305001464	0.00203705136664	5.66732524021e-05
5.20617937083	-61.0	58.4894355567	0.00237820716575	0.00206412561238	0.000198179739527
11.0365401462	-61.0	50.8321836781	0.00438439240679	0.00054766680114	-0.00408931821585
-7.63585821271	-61.0	54.4148579164	-0.00474725756794	0.000941647449508	-0.00226907525212
-6.25808774605	-61.0	56.7941183027	-0.00437770783901	0.00147990928963	-0.000932040682528
-12.1483289685	-61.0	54.6038017874	-0.0069138687104	0.000781745358836	-0.00273502594791
2.98463102108	-61.0	59.0611244699	0.00114844902419	0.00231942767277	0.000619923870545
-4.56191311823	-61.0	46.5451389788	-0.00270326784812	-0.000372144742869	-0.00561596266925
10.1059155867	-61.0	56.0600427806	0.00457886839285	0.0014646674972	-0.00155102473218
10.2423287898	-61.0	54.5786506549	0.00444545783103	0.00119640538469	-0.00228517409414
0.411471120849	-61.0	44.1314622727	-0.000512859551236	-0.000687475083396	-0.00649634189904
4.51904686775	-61.0	54.5234183579	0.00160907150712	0.00123036582954	-0.00189224176574
3.98236406154	-61.0	54.6671480894	0.0013407402439	0.00126479461323	-0.00180480699055
0.245140504011	-61.0	67.9523011730	-0.000640679791104	0.00392873724923	0.00757186347619
-1.10653299082	-61.0	58.5517326348	-0.00159021758009	0.00222686631605	0.000289946823614
9.53127344939	-61.0	57.8799635414	0.00456102192402	0.00180655147415	-0.000554327329155
8.63188361728	-61.0	58.1324876907	0.00414208928123	0.00187309109606	-0.000309219583869
-3.78102453148	-61.0	67.5484836280	-0.00430359411985	0.00370188662782	0.00676237884909
-10.0071614718	-61.0	57.6033049589	-0.00639779679477	0.00142860098276	-0.000977919786237
1.90375483283	-61.0	63.7021784172	0.000769367150497	0.00351233710535	0.00418803142384
-6.51270865776	-61.0	56.4344433339	-0.0044577405788	0.0013918710174	-0.00114573689643
-8.17607332135	-61.0	65.0405494046	-0.00700735207647	0.00293498509564	0.00374889327213
-10.7045336701	-61.0	61.7920591764	-0.00767334271222	0.00216897646897	0.00111446657684
-2.50879460043	-61.0	61.6303148007	-0.00286550191231	0.0029791390989	0.0023979425896
8.32007264009	-61.0	49.0797842209	0.00300966063514	0.000221306370804	-0.00460810260847
-0.522901739371	-61.0	46.8608174442	-0.000953039969318	-0.00025744838058	-0.00533960293978
-6.61182002127	-61.0	48.6995078677	-0.00373223354109	-5.25508294231e-05	-0.00480225170031
9.94701717039	-61.0	57.6204662171	0.00473042577505	0.00175161997322	-0.000743448210414
-3.30081188259	-61.0	49.9611412726	-0.00230202358216	0.000239018438151	-0.00406074011698
12.2175427067	-61.0	55.2252620913	0.00548417912796	0.00130843406077	-0.00223177368753
12.1447762165	-61.0	55.7861475977	0.00553288450465	0.00140610616654	-0.00195569894277
-0.0468493415782	-61.0	53.4001395737	-0.000817333173472	0.00097967509646	-0.00239387364127
0.210165932712	-61.0	52.5290417743	-0.000678342650644	0.000801863381639	-0.00280234823003
-4.43348401650	-61.0	65.6927532584	-0.00459784269333	0.00337731535546	0.00525185232982
1.49265413273	-61.0	66.1599955177	0.000455166067695	0.00373177672736	0.0061783134006
-4.38055036550	-61.0	55.2371373706	-0.00320798298344	0.0012482102029	-0.00161728053354
-3.40387296550	-61.0	59.9729610603	-0.00323372217827	0.00242920988239	0.00115130166523
5.79071785116	-61.0	62.4016379085	0.00323339784518	0.00282056489959	0.00262865400873
0.144167187062	-61.0	50.1091803726	-0.00069347122917	0.000328111054841	-0.00390653684735
-2.70166955915	-61.0	65.7836448652	-0.00326417037286	0.00356658408418	0.00571848452091
5.43344690143	-61.0	51.1781607719	0.0018327353755	0.000575092388317	-0.00350345228799
-3.40085385378	-61.0	65.5295959754	-0.00380469858646	0.00346330972388	0.00537932105362
1.47603102287	-61.0	46.9438193918	-8.0705518485e-05	-0.000217002481804	-0.00528506888077
-1.52190149607	-61.0	63.2289375205	-0.00223321700469	0.00347720552236	0.00381932081655
7.81301614746	-61.0	63.8379643230	0.00462138140574	0.00294106430374	0.0031785259489
8.62510377047	-61.0	63.1444235538	0.0049664597027	0.00278875278309	0.00258128484711
-7.81300326923	-61.0	65.3565629867	-0.00685190269724	0.00301901460625	0.00406207842752
8.64603009877	-61.0	47.3992579037	0.00303710857406	-6.01625106356e-05	-0.00536185083911
-5.19126216961	-61.0	45.0024288011	-0.00289984955452	-0.000626732304227	-0.00631488719955
-8.22220662716	-61.0	48.0733880066	-0.00440003117546	-0.000187529964023	-0.00519968755543
-3.68591829791	-61.0	48.9374171944	-0.00242945901118	4.79760674352e-05	-0.0045312573202
-2.71738176437	-61.0	46.0158010826	-0.0018837810494	-0.000429384759627	-0.00576344924048
3.82975740412	-61.0	47.3582110161	0.000950658461079	-0.000119406089652	-0.00513137178496
-9.00916500026	-61.0	49.7403222830	-0.00489041069523	6.98933145031e-05	-0.00453966856003
-1.75779948013	-61.0	57.6933367970	-0.00194822484627	0.00195433571935	-0.000213820720091
-7.97173936668	-61.0	59.0352293339	-0.00563467945904	0.00182414066512	0.00010684299923
7.95907288622	-61.0	65.2732969961	0.00495294900611	0.00316454353742	0.0040417695418
10.8688599843	-61.0	50.3828456472	0.00426296144724	0.000470141181722	-0.00426985742524
4.31951053916	-61.0	63.5426057059	0.00246593402699	0.00315687479451	0.00368036096916
8.54613634719	-61.0	50.4173657976	0.00321482145227	0.000454700260889	-0.00403648801148
9.91596052540	-61.0	61.0765933947	0.00529701355845	0.00238093477674	0.00112525653094
-4.11756512575	-61.0	50.1065341122	-0.00268882722594	0.000247678894084	-0.00403181836009
-4.77113440216	-61.0	50.9206870566	-0.0030447402969	0.000380814890377	-0.00369841465726
-3.82288999509	-61.0	44.2537822272	-0.00229023071006	-0.000723350851331	-0.00656601181254
-0.0699718105379	-61.0	47.1182157563	-0.000758561945986	-0.00020759787003	-0.00522116525099
7.57210651425	-61.0	47.4166422003	0.00257554580458	-7.11316024535e-05	-0.00527484994382
-8.88624828878	-61.0	50.8548701667	-0.00494070304558	0.000260185828665	-0.00403433060274
-7.23744256373	-61.0	62.9471729558	-0.00598556175828	0.00263569061644	0.00263717747293
-6.45067193936	-61.0	57.8605335870	-0.00463838363066	0.00168915325776	-0.00036635476863
-6.84235804686	-61.0	57.5390680256	-0.0047921272926	0.00159798120148	-0.000584726687521
-11.5154571351	-61.0	57.6192058095	-0.00714544719085	0.00134982774034	-0.00123716751114
-0.316358871108	-61.0	45.1508743300	-0.000834685692098	-0.000535393541213	-0.00607092678547
1.64453875237	-61.0	62.8903359130	0.000540603592526	0.00344312004745	0.00351604726166
-2.13754024312	-61.0	63.9875708340	-0.00275552063249	0.00346317933872	0.0043997601606
-10.5996863218	-61.0	56.9848886000	-0.0065731368959	0.00128304376267	-0.00138396793045
1.64523316366	-61.0	55.6306761185	0.000121964912978	0.00149249343667	-0.00128765928093
-6.83068607854	-61.0	59.7145968145	-0.00515307066962	0.0020431925077	0.000665701634716
-3.53264176683	-61.0	52.3959368946	-0.00254720379598	0.000694655114785	-0.00295933452435
3.19432023056	-61.0	50.6892376837	0.000753582455218	0.000470803206554	-0.00365634146146
0.580593476386	-61.0	52.9761647384	-0.000490828766488	0.000899082690012	-0.00258969492279
-9.20103129721	-61.0	60.4126799596	-0.00655229855329	0.00200683879666	0.000675571500324
-9.58898172272	-61.0	61.4750641814	-0.0069930315949	0.00218055956066	0.00120080192573
-4.76251819316	-61.0	63.9499669127	-0.00462194578722	0.00307188765146	0.0038869548589
8.34364005138	-61.0	47.0159596287	0.00288346013986	-0.000129003281472	-0.00550268962979
-0.188346752095	-61.0	55.1102600039	-0.00091481936397	0.00135625107214	-0.00155991083011
1.97100068266	-61.0	48.5806060759	0.000145934609463	7.30490937713e-05	-0.00457596918568
0.895102426483	-61.0	59.3241402109	-0.000216324551729	0.00249941344373	0.000776125118136
1.80297984466	-61.0	58.8483518034	0.000375284580514	0.0023233005777	0.00049040192971
4.31592491634	-61.0	65.5686745669	0.00264332699589	0.00344689097255	0.00514392042533
4.52402104222	-61.0	51.3472115610	0.00141189794522	0.000602863321546	-0.00339242187329
3.00272460407	-61.0	51.1358480259	0.000676663883496	0.000553957303055	-0.00345154898241
-3.30449598645	-61.0	67.7094580595	-0.00391478044912	0.003758268198	0.0069952220656
-0.79436824408	-61.0	67.8079453578	-0.0016300851712	0.00389684084803	0.00745543185622
-6.50423982747	-61.0	62.4707986998	-0.00546747352928	0.00261526415125	0.00247862725519
2.02315142668	-61.0	54.4784545398	0.000291618547635	0.00123147817794	-0.00186680443585
2.80709706354	-61.0	46.8062097371	0.000497198256198	-0.000224630959565	-0.00535150663927
7.02922745811	-61.0	54.1421403460	0.00283750426024	0.0011337044416	-0.00220523169264
7.88806692422	-61.0	48.8350268673	0.00280105392449	0.00017489916354	-0.00468287849799
7.36533124581	-61.0	49.0842401725	0.00258534494787	0.00021301585366	-0.00453821057454
-4.3711934744	-61.0	59.4140168422	-0.00373202911578	0.00219330028631	0.000733109773137
6.70455242128	-61.0	56.9150510514	0.00298365810886	0.00168413622305	-0.000777626293711
-11.6480626515	-61.0	59.5605116353	-0.00763441389427	0.00170268747024	-0.000298166007269
3.36924297139	-61.0	55.6171171659	0.00107911112718	0.00147672672756	-0.00131126842462
2.90697829424	-61.0	56.5843441623	0.00088847335428	0.00170531822369	-0.000797578715719
9.60335350572	-61.0	50.2579602719	0.0036797861103	0.000435861118603	-0.00419838959351
5.95020689218	-61.0	56.2585006860	0.00251438515261	0.00156799308024	-0.00107459095307
1.33261115103	-61.0	67.8324424688	0.000380590267014	0.00390310632065	0.00739803351462
-3.50675677503	-61.0	59.3517820871	-0.00320986355655	0.00226145843044	0.000740936375223
6.01909951837	-61.0	59.4435119789	0.00295229908079	0.00222631753422	0.000705745944288
7.39984525281	-61.0	58.0077252686	0.00348882982507	0.0018824969884	-0.000245047849603
-7.34441692623	-61.0	56.2872144866	-0.00485723558813	0.00131796859205	-0.00130314554553
5.07667160571	-61.0	50.0500115208	0.0016049904516	0.000366437045159	-0.00399430422112
-11.1494210791	-61.0	54.6417628359	-0.0064489543438	0.000835509679746	-0.00257566547953
1.41083145521	-61.0	45.7632667047	-0.00010596588254	-0.000414659501985	-0.00579225225374
-0.214023490656	-61.0	47.9671098233	-0.000833844591398	-6.35732867522e-05	-0.00485489144921
2.71661161690	-61.0	65.0647647468	0.00143519509584	0.00354054081254	0.0051456275396
-10.7060557474	-61.0	56.4474144627	-0.00652777031064	0.00117940944619	-0.00166277773678
-0.235362514441	-61.0	62.5194475117	-0.00109526910819	0.003505110275	0.00323789892718
-2.81885411816	-61.0	60.2316074510	-0.0028982621152	0.00256582698785	0.00134943297599
8.97237110146	-61.0	53.1733849537	0.00367369852029	0.000945892359596	-0.00281910016201
-6.34754073097	-61.0	52.3772795384	-0.0039077391848	0.00060562195722	-0.0031290713232
-3.87149679064	-61.0	62.0712594085	-0.00381842744537	0.00285486713983	0.00262245489284
8.75456332403	-61.0	64.4351688211	0.00527637545019	0.00300236535259	0.00333641469479
-6.79411666642	-61.0	61.6044884464	-0.00547649618238	0.00242237863131	0.00185261876322
7.33548078778	-61.0	57.0389643479	0.00332501181401	0.00169358449057	-0.000762311392464
10.0616604248	-61.0	53.0542495907	0.00417480804026	0.000925171712879	-0.00298040616326
4.49148637570	-61.0	49.3486413031	0.00130629132036	0.000235660787439	-0.00428368197754
4.79871990791	-61.0	62.8271187459	0.00269399699755	0.00298580364324	0.00308003043756
-12.2103305696	-61.0	55.0540393416	-0.00701346760616	0.000853717443533	-0.00254399585538
-0.0770427204032	-61.0	45.6901625867	-0.00074137368938	-0.00044519585208	-0.00583604257554
10.1783685697	-61.0	59.7999946878	0.00520674325526	0.00214453344233	0.000375980191166
-5.48683877220	-61.0	60.4311977322	-0.00453335884959	0.00231046881527	0.00128496508114
6.37614997430	-61.0	51.3204813330	0.00228450982831	0.000604859786108	-0.00348499254324
6.76063765166	-61.0	51.8294856162	0.00250299181789	0.000699437689036	-0.00327517278492
6.11536413134	-61.0	50.7951119679	0.00212746602483	0.000507824588567	-0.00370817189105
-1.41477984829	-61.0	43.9445444927	-0.00127203948796	-0.000739032868296	-0.00661115208641
-5.47988532558	-61.0	45.7101416279	-0.00305776274763	-0.000520263216458	-0.00602706242353
-5.14518422442	-61.0	67.1909877107	-0.00535455951467	0.00354326935485	0.00612608669326
-8.55179119369	-61.0	53.2997557921	-0.00504899444059	0.000699617725331	-0.00288908719085
-9.94060134712	-61.0	53.4622060930	-0.00572027359158	0.000678162206896	-0.00296438182704
-8.81539111710	-61.0	61.3146231095	-0.00653759948909	0.00220396113582	0.00127657770645
-8.50764850488	-61.0	60.3245492924	-0.00616614893079	0.00203755963594	0.000757266534492
2.80036044440	-61.0	53.3158147377	0.000654963834677	0.000985440681688	-0.0024372166954
6.32539274334	-61.0	55.9004923497	0.00266892905347	0.00148784334306	-0.00128302490339
6.10294360282	-61.0	56.8426775755	0.00266098626889	0.00168454227969	-0.000774823362008
3.67500391145	-61.0	54.1389812941	0.00114650605246	0.00115572672803	-0.00205693161115
2.86949662844	-61.0	64.3544798622	0.00152495969087	0.00344786280766	0.00456819590181
2.92531117530	-61.0	47.8688309240	0.000563012377825	-4.10839238612e-05	-0.00489440420642
3.36471562480	-61.0	48.2188606885	0.000764761993196	2.47464831773e-05	-0.00474948016927
10.9860699717	-61.0	54.0757410179	0.00473610218614	0.00110632611904	-0.0026091216132
-1.46388952327	-61.0	48.6981874545	-0.00141141656786	4.5848039008e-05	-0.00456003192812
-0.403949234574	-61.0	48.5520876418	-0.000927762361243	3.65104933735e-05	-0.00460231397301
9.64197168116	-61.0	63.5278944231	0.00561261083931	0.00282047921792	0.00259064813145
0.716203828798	-61.0	53.8815059591	-0.000417574832682	0.00109300739132	-0.00215691234916
1.08417073909	-61.0	56.3257731519	-0.000181989002158	0.00165988237131	-0.000928278139327
8.18694592511	-61.0	60.8177829404	0.00433038268238	0.00239147921093	0.0012649516575
4.57002321673	-61.0	49.8861810577	0.00136437930632	0.000333083968144	-0.00404902081937
4.11965025375	-61.0	50.1387042810	0.00116692390293	0.000375691975933	-0.00392345152795
-5.09722014111	-61.0	48.5123101672	-0.00304284342565	-5.36470361112e-05	-0.00478891842067
-4.97719937555	-61.0	47.9277743328	-0.0029562220443	-0.00015051093942	-0.00503792660311
-2.61134121858	-61.0	63.2922794212	-0.00308553292416	0.00329228164628	0.00375386979431
-2.40469627507	-61.0	64.8894253720	-0.00299281394109	0.00351129379123	0.00508707202971
-7.30045416735	-61.0	61.7861384916	-0.00579625042155	0.00241240230389	0.00187378400005
-2.14474468196	-61.0	59.0162726370	-0.00231296475977	0.00229489244521	0.000564189220313
7.98659451562	-61.0	64.3691082277	0.00481289997697	0.00302068167366	0.00347193819471
1.62590325864	-61.0	65.6852188167	0.000560779473744	0.00368936825544	0.00580760929734
-10.9442500076	-61.0	61.3197689242	-0.00768603524193	0.0020676527638	0.000795280851889
4.56987756951	-61.0	57.7417224103	0.00193555292208	0.00192535272799	-0.000201028669835
-2.86847063980	-61.0	48.5985094596	-0.00204440928064	3.89155820812e-06	-0.00464731967077
8.95947637710	-61.0	54.4427635465	0.00381068978459	0.00117738242261	-0.00221675098874
7.76086202179	-61.0	50.8939685781	0.00289472774602	0.000533747836016	-0.00376430642791
-10.0989631668	-61.0	62.9519963135	-0.00762940989807	0.00242012785748	0.00192988559138
1.08185659619	-61.0	60.2815718791	-3.71412934328e-05	0.00280495360494	0.00141578295734
-9.85630419032	-61.0	61.1453044069	-0.00706213247031	0.00210156128742	0.000952536647674
-1.14517447820	-61.0	52.9166629269	-0.00137427938171	0.000858466257341	-0.00264032604173
0.770372719306	-61.0	62.6844920123	-0.000199192174478	0.00351413944736	0.00337874772958
1.56482271101	-61.0	54.5234054144	4.61218078271e-05	0.00124017067719	-0.00184284429997
-0.566809473774	-61.0	49.1055681603	-0.00101086869836	0.000133100067615	-0.00436177197844
-7.74737380682	-61.0	61.9391128877	-0.00607763184235	0.00240383576602	0.00188007787801
-0.0202167273297	-61.0	58.2357640133	-0.000855882535689	0.00216717459261	0.000112109133624
-2.92999333531	-61.0	57.8877182421	-0.00267957360484	0.00193681800738	-0.000126835060655
-0.912760136383	-61.0	58.0557602288	-0.00143578206189	0.00209137913771	1.74364026861e-06
0.0235339432247	-61.0	59.2715543303	-0.000837054278236	0.00248836050741	0.000734792090952
0.165541644054	-61.0	57.5293786102	-0.000730075524189	0.00196889741346	-0.000285908899968
-2.35208988562	-61.0	57.7811144230	-0.00232051662169	0.00194538163487	-0.000174112865352
9.83888238840	-61.0	51.7291499959	0.00392802013084	0.000691790017299	-0.00356321246363
-4.47604276121	-61.0	64.3764877901	-0.00448072468862	0.0031751927454	0.00426763668656
-4.63591606946	-61.0	52.5689257367	-0.00310004246421	0.000696187606081	-0.00293141254224
-11.0694711815	-61.0	51.5125599645	-0.0060055856593	0.000312352291076	-0.00397246470675
-7.81369596886	-61.0	56.0511390403	-0.00505601940677	0.00124772742856	-0.00147422868758
-3.55067057498	-61.0	58.7803636197	-0.00315870321356	0.00211445591412	0.000382368569262
-10.0786377359	-61.0	52.9537050554	-0.00572116440162	0.000584746885579	-0.00321249430999
-0.557321808649	-61.0	68.2842108787	-0.00140928057954	0.0039600697346	0.00780686410144
3.84750381622	-61.0	58.6240957521	0.0016210359754	0.00216174311936	0.000336494093062
6.93052211365	-61.0	52.8410973111	0.00266756676137	0.000887450238224	-0.00281765358523
2.43825908463	-61.0	62.4361077792	0.00112073135097	0.00323212961666	0.00307006458752
5.93112617861	-61.0	52.2813395388	0.00214282190427	0.000782718881965	-0.00302177784033
-7.02214931668	-61.0	63.6062074603	-0.00598560459912	0.00277501018718	0.00312362308614
3.61180765437	-61.0	49.0796704422	0.000897730933502	0.000179570197361	-0.0043786643073
-2.02675936491	-61.0	56.7350271711	-0.00203931098804	0.00169584807009	-0.000747051322833
-2.28698011306	-61.0	60.4362437428	-0.00257029384375	0.00268962071277	0.00150585814845
-1.37118997170	-61.0	60.0010907165	-0.00188105448615	0.00265838601626	0.0012089725351
-7.75241962379	-61.0	60.2024971288	-0.00573880597949	0.00206901016645	0.00081782072084
-8.01816111275	-61.0	61.1183806720	-0.0060624005273	0.00222603511065	0.00132000667509
9.36690247269	-61.0	50.7858255245	0.00362033746205	0.000524806731846	-0.00394232198596
-6.22570942761	-61.0	63.2799697008	-0.0054436288774	0.00279223220423	0.00308772781864
-9.25695233174	-61.0	55.0754704432	-0.00561446649954	0.000995993963443	-0.00212502176873
11.5912067124	-61.0	56.1897085355	0.00532464450225	0.00147817435209	-0.00168226950336
-1.36662960301	-61.0	45.0436586845	-0.00127819296904	-0.000566408329178	-0.00613925140351
-1.79302968188	-61.0	46.5208129383	-0.00149914214853	-0.000332696596161	-0.00551583059132
3.50592230953	-61.0	59.0906550646	0.00147021037992	0.00229484844021	0.000629249436315
-5.27647637275	-61.0	54.8294784521	-0.00362771027721	0.00112397025805	-0.00187538203318
-0.690152355202	-61.0	61.0119001236	-0.00143404875416	0.00305230915546	0.00194782204926
0.510371302593	-61.0	60.1857504648	-0.000472657731734	0.00279593956657	0.00134238984901
0.321972386818	-61.0	55.0551239441	-0.000629780464806	0.00135084590875	-0.00158275326248
-7.55101903717	-61.0	52.4585079774	-0.00448484811932	0.00058147998061	-0.00318667595275
5.25126640608	-61.0	61.5424228780	0.00280728051439	0.00270375586115	0.00212310184725
-8.64662625760	-61.0	56.9669075636	-0.00561179080978	0.00138125615194	-0.00110411434434
-8.74130564160	-61.0	56.1877988318	-0.00553232058883	0.0012278733775	-0.0015135591384
-7.32914784233	-61.0	56.8085767125	-0.00492761470377	0.00142221257556	-0.00102914811578
-8.56596430632	-61.0	57.7440617017	-0.00570511678234	0.00153524777852	-0.000685990788043
-10.1476813100	-61.0	55.1755538689	-0.00605361536145	0.000975165807176	-0.00219084741548
7.58381325995	-61.0	60.5766908635	0.00396772287786	0.00237225997262	0.00120959361084
9.03844826543	-61.0	60.9146879644	0.00480173155665	0.00237802253105	0.0011854832992
-9.42953606892	-61.0	49.6139661128	-0.00506725767627	3.97891744797e-05	-0.00463522458449
8.13057446053	-61.0	51.4362891317	0.00311057036743	0.000632134731859	-0.0035472237505
7.26820419404	-61.0	53.2949498572	0.00287143909372	0.000971782661509	-0.00262647937052
2.55810227814	-61.0	49.5213387845	0.000426964747021	0.000248824740993	-0.00416732626036
2.75998682878	-61.0	48.8241691900	0.000505786796566	0.000125275735627	-0.00447621941566
2.35783406956	-61.0	50.1775802992	0.000346754590282	0.000367644708604	-0.00387404463254
8.71950421653	-61.0	59.5920182198	0.0044137025252	0.00214492483065	0.000481966766529
8.39341028777	-61.0	59.2235960123	0.00418532500044	0.00208597909659	0.000319015642162
3.16434080283	-61.0	59.5572143771	0.00131319044158	0.00243585254066	0.000930674257688
-3.03827040692	-61.0	64.6347949180	-0.00347481877543	0.00339905265719	0.00476919300854
8.09512665098	-61.0	62.9413963977	0.00463244365528	0.0027758423239	0.00256419484504
6.81722668025	-61.0	65.8943023218	0.00435097655281	0.00330430199392	0.00470548728481
-11.6032143387	-61.0	53.5088971177	-0.00650122389197	0.000624167209025	-0.00314852665178
-12.0835718660	-61.0	57.3983492268	-0.00737961335108	0.0012771661859	-0.00145319302101
3.24935498779	-61.0	54.1827408554	0.000927692453843	0.00116646313109	-0.00202665734105
-8.51326905161	-61.0	49.0459363727	-0.00460746791214	-3.42688035744e-05	-0.0047999098897
-8.0473943442	-61.0	48.9297896423	-0.00439018430188	-4.37976559624e-05	-0.0048110447824
5.21121048520	-61.0	60.7045580550	0.00267306482419	0.00253817229532	0.00156942312606
8.71917533211	-61.0	63.6400973515	0.00510904705152	0.00287006306462	0.00286164926365
11.4871837314	-61.0	57.7726080358	0.00552548374981	0.00175984867383	-0.000886984867975
2.07754523729	-61.0	57.6432905984	0.000469629158033	0.00198508263566	-0.000212405255297
2.82275929614	-61.0	60.0237736895	0.00114846637007	0.00258593121544	0.00124279689044
8.49880937541	-61.0	51.9819413124	0.00333109567873	0.000730966043193	-0.00332828983665
-3.56665952509	-61.0	57.0654369332	-0.00295872264542	0.00169766275212	-0.000612250878476
-0.577829828798	-61.0	60.1696593210	-0.00130515859928	0.00277268956415	0.00132554443553
2.12455778139	-61.0	67.0114794763	0.00104288640432	0.00378045043908	0.00669028935954
-1.61019301851	-61.0	61.2893668130	-0.00217630038969	0.00303350365721	0.00215830979869
-11.9349530472	-61.0	53.2156192891	-0.00661522336304	0.000563806504942	-0.00332358432934
3.91584803553	-61.0	53.1947814868	0.0012142873602	0.0009614865412	-0.00251715397462
7.57793905453	-61.0	62.2362939963	0.00422670599073	0.00267693214118	0.00222429377027
-5.11652213101	-61.0	49.1692413197	-0.00309088616632	5.9281130234e-05	-0.00450085429475
5.31178534934	-61.0	52.2405809309	0.00184205500409	0.0007745664916	-0.00301213795319
4.79271402933	-61.0	53.1283385711	0.00164772418793	0.000947079097386	-0.00257609388791
-7.35053598433	-61.0	52.9648848338	-0.00444329623133	0.00068105669925	-0.00293393526226
-5.83199684854	-61.0	54.0967398406	-0.00382824824192	0.000953711103648	-0.00227464479394
-4.35755452492	-61.0	58.2840522131	-0.00356032908894	0.00193055812269	4.45739206043e-05
-4.32392740554	-61.0	57.7815975801	-0.00347316777334	0.00181664188858	-0.000245308066951
7.08616598331	-61.0	62.4723034130	0.00398711906746	0.00274541042745	0.00245878612623
-10.8541051043	-61.0	53.1990150691	-0.00611216761172	0.000599734950811	-0.00319293420762
-5.25093726068	-61.0	58.6860112842	-0.00412009377033	0.00195207982324	0.000220461544814
-0.934857206838	-61.0	46.6055091637	-0.00112785794772	-0.000306080066366	-0.00545787485316
-9.44497855777	-61.0	63.6420670005	-0.00742884678766	0.00259002367966	0.00251524755731
2.11896829081	-61.0	56.6429521264	0.000436977250502	0.00173184426967	-0.000760199734941
-1.78537667281	-61.0	59.7395406919	-0.00214771856554	0.00253844494	0.0010316245025
5.76095017419	-61.0	61.5049000893	0.00309548666701	0.00265585654415	0.00203478499316
6.25701391207	-61.0	60.6134497566	0.00324886571616	0.0024487611372	0.00140105793253
-0.904652708015	-61.0	63.5708951417	-0.00171139207669	0.00360331870615	0.00416747899726
-1.74677822429	-61.0	50.6911639405	-0.00160089123528	0.000406174454838	-0.00368060264736
9.68513992634	-61.0	61.8360322532	0.00531286839396	0.00252293911763	0.0015991134569
-2.48680870272	-61.0	50.0865399817	-0.00192814797629	0.000278669263935	-0.00397459976375
5.18794443944	-61.0	53.9829077251	0.00190780789126	0.00111544469837	-0.00218208529986
11.4334736894	-61.0	53.5793588387	0.00488438131288	0.00102066237014	-0.00289416778833
-4.82287278528	-61.0	54.3914441900	-0.00335224950686	0.00105309276842	-0.00206552236341
-5.54261202245	-61.0	65.2557483247	-0.00532601354644	0.00319949374534	0.00464425748214
0.914169458586	-61.0	67.3849664048	-2.81168813672e-05	0.00386091857217	0.00712661491707
-5.06832573399	-61.0	53.3112863304	-0.00337425852194	0.000827185285743	-0.00260438467376
2.63383192685	-61.0	55.3059440335	0.000658149889205	0.00141397165135	-0.00145900738426
-5.75838580955	-61.0	50.6356967410	-0.00348486960866	0.000303759879898	-0.0038854831364
-6.95433071343	-61.0	50.2921193674	-0.00400808639824	0.000212684870348	-0.00412239087746
-5.22673245379	-61.0	50.7766992799	-0.00324798189104	0.000342841114616	-0.00378933851607
-6.35635826149	-61.0	50.4639080542	-0.0037477419246	0.000257904117461	-0.00400244863704
-6.0445712761	-61.0	57.6811471267	-0.00439632683992	0.00167829950806	-0.000427753024269
5.09972326337	-61.0	64.8575620441	0.0030996366404	0.00327968876809	0.00444949092343
5.51708851210	-61.0	64.4592352067	0.00332291470841	0.00318534462713	0.00407941779122
-10.4755187124	-61.0	62.2738584293	-0.00766828516498	0.00227170018479	0.00144260388333
-2.17920811765	-61.0	47.2317343147	-0.00168890412897	-0.000219672205276	-0.00521995173767
-5.13989608063	-61.0	61.5900960265	-0.00452124932781	0.00258931680582	0.00210961489938
-9.75938382126	-61.0	63.3134085234	-0.00752773694694	0.00250862818211	0.0022330977954
-1.20322881681	-61.0	48.1499362793	-0.00128024048172	-4.65045995952e-05	-0.0047938642092
0.15969502918	-61.0	51.3543459451	-0.000695631373674	0.000566288363189	-0.00334470556118
-2.06961546788	-61.0	61.2436110758	-0.00251142540947	0.00295042805374	0.00211179559119
2.38363118162	-61.0	59.0640474580	0.000769622740336	0.00235555809923	0.000625121232588
1.34549815075	-61.0	45.2447147453	-0.000131070308271	-0.000499847636092	-0.00601420877501
-10.2729440191	-61.0	52.4081822517	-0.00574530940503	0.000484872318339	-0.00348120974377
-2.37946220422	-61.0	50.9410095134	-0.00191204692237	0.000440837029601	-0.00358614022844
-5.62486885839	-61.0	63.1207915108	-0.00505117885768	0.00282697123475	0.00310435332358
-4.96553427136	-61.0	62.6635978428	-0.00457861134782	0.00282038911246	0.00290111731738
8.02502997883	-61.0	61.9506720979	0.00442813802511	0.00260454881936	0.00197058473714
3.15076153380	-61.0	44.1707679391	0.000626147491857	-0.000653054739814	-0.0064808242023
2.97054618938	-61.0	60.4860899598	0.00129484967329	0.0026936174836	0.00155680731405
3.52199675859	-61.0	57.6966540258	0.00133481516968	0.00195375783369	-0.000195560016437
9.23868831146	-61.0	49.1098104545	0.00341956270859	0.00023635069374	-0.00467030657455
-6.53730914865	-61.0	64.2899244500	-0.00581511855125	0.00294101051986	0.00370740401559
10.1328773401	-61.0	49.2049544076	0.00382419116795	0.000263381167315	-0.00471145100892
3.27260076852	-61.0	46.9123951336	0.000700200966094	-0.000201478789677	-0.00531239667907
9.66254465647	-61.0	51.2404294361	0.00379830878228	0.000605725450441	-0.00376629037783
1.63906633277	-61.0	54.0717635511	7.49235914554e-05	0.00114151160233	-0.00206389487721
2.58679418390	-61.0	53.7715529282	0.000563201261684	0.00108016224112	-0.00221609906293
4.30050953310	-61.0	47.4855250187	0.00115931057371	-9.26511347643e-05	-0.00508840242401
0.146185171481	-61.0	55.5666057874	-0.00073092879029	0.00146842992399	-0.00132604653481
-9.24257655283	-61.0	55.5739985591	-0.00568085536361	0.0010888845427	-0.00188105460256
6.91182060464	-61.0	45.8560384119	0.00222016032785	-0.000343665858964	-0.0058998153545
-8.55328144527	-61.0	54.3644663814	-0.00518138706684	0.000894407334272	-0.00238636787981
-6.99799805124	-61.0	60.6669977904	-0.00541696278378	0.00222060270607	0.00122339546215
-6.41604946955	-61.0	60.6985542918	-0.0051009953022	0.00227771955542	0.0013332052622
-7.54182669344	-61.0	60.9430170434	-0.00576731096953	0.00222983164713	0.00130146392621
-5.30916457923	-61.0	59.6261881877	-0.00430107023567	0.00215391349047	0.00078975292854
3.60359629357	-61.0	52.7824512006	0.00103629252408	0.000878567283507	-0.00270421267487
-1.75310093548	-61.0	53.5712768011	-0.00171120057348	0.000981960212812	-0.00234239432029
-10.1992266970	-61.0	59.1429285565	-0.00680230278522	0.00170565373264	-0.000213921215618
-6.0274041762	-61.0	55.7578381677	-0.00411930400878	0.00127907167189	-0.00145729223732
-6.05898583187	-61.0	58.1819991483	-0.00448123971	0.00178311800119	-0.00014594507229
-7.55303013828	-61.0	50.1311576228	-0.00426741642877	0.000170054860064	-0.00424050632864
4.88318580407	-61.0	44.7392658052	0.00134762609378	-0.000548204989173	-0.00627916911617
4.17339361094	-61.0	59.6689445234	0.00193656561896	0.00238890899345	0.000970199063886
3.82849140186	-61.0	60.1488443262	0.00178999558557	0.00252886721864	0.00129787158221
4.72966318015	-61.0	65.1862736136	0.0028888923116	0.00335864839144	0.00476901372895
-3.51167180607	-61.0	51.4674764031	-0.00248092506081	0.000515157706104	-0.00338817667216
-1.40962919425	-61.0	51.5750130893	-0.00146608124487	0.000582987151574	-0.00327002909034
-3.07921535501	-61.0	52.1751428530	-0.00231101969257	0.000663291779347	-0.00304401689209
-2.94355695560	-61.0	51.1934347828	-0.00219355127774	0.00047646346502	-0.00349087547511
-4.07978665653	-61.0	51.7415180234	-0.00277109351009	0.000552806770429	-0.00328785041347
-2.52724546518	-61.0	56.4558483516	-0.00230775773525	0.00160604610574	-0.000908632006031
-2.59051583446	-61.0	52.4659536335	-0.0020848615095	0.0007334916736	-0.00289083505049
4.28999829969	-61.0	66.9384586906	0.00280163949355	0.00363270775415	0.00610440410674
8.18746990593	-61.0	49.9520683089	0.00301530817524	0.000370865309378	-0.00421478133649
0.432254523467	-61.0	63.0189230953	-0.000496499531437	0.00359133118764	0.0036904909648
3.63468003766	-61.0	55.9567097278	0.0012488985667	0.00154866965022	-0.00114114931785
2.65461744753	-61.0	44.0853070001	0.00042066531023	-0.00067091913661	-0.00651181861758
-1.66735031491	-61.0	64.1391006201	-0.00237605208531	0.003549950663	0.00458853691816
9.57657383324	-61.0	55.4112653335	0.00423146225512	0.00135085207876	-0.00180952611845
1.38039572513	-61.0	63.8171138448	0.000340303202393	0.00359399942681	0.00434327078983
7.15068847265	-61.0	64.7469706926	0.00437547499314	0.00312062120065	0.0038978245575
-1.13167117398	-61.0	59.1593352378	-0.00164667028002	0.00240930914879	0.000660040182993
3.36852283840	-61.0	63.2478119697	0.00181916600559	0.00323006743565	0.00361541542225
11.2020324609	-61.0	52.4999276562	0.0046440125443	0.000833120546304	-0.00336008612067
-9.59897984284	-61.0	50.4621186182	-0.00522526726127	0.000176111061592	-0.00427807029337
2.04502597146	-61.0	63.2381413173	0.000868300732691	0.00343341240659	0.00377904577181
0.417286764244	-61.0	46.5009409845	-0.000538734951988	-0.000305012188619	-0.0054815900512
6.93338126149	-61.0	50.3842474303	0.00247704447247	0.000438293995103	-0.00393758621067
4.84461088571	-61.0	63.8028271938	0.00282521103509	0.00314304232597	0.00376795441844
5.45025795917	-61.0	49.3797280724	0.00174244970549	0.000249081320362	-0.00430529983714
7.12074180351	-61.0	55.6482345681	0.00304501922801	0.0014245742932	-0.00146624410991
5.55012114624	-61.0	58.1396309747	0.00252325250767	0.00197411514819	-2.42790083576e-05
4.86223759543	-61.0	58.8392401387	0.00222979881801	0.00215786928311	0.000423990859417
5.00841760839	-61.0	59.3879990028	0.00238252710551	0.00227080704644	0.0007484810194
7.10973372787	-61.0	59.8285802389	0.00359877687879	0.00225047580898	0.000824401446152
5.69630115920	-61.0	58.6883898389	0.0026735519059	0.00208441051655	0.000283096946077
4.71605758247	-61.0	58.2904812745	0.00208052387461	0.00204244465567	0.000107470426883
5.40394113327	-61.0	57.5908721105	0.00237678922713	0.00186226924416	-0.000325150816934
2.50729133606	-61.0	60.4156018785	0.000983307720162	0.00272248359397	0.00151544180699
-3.41157954339	-61.0	57.9765547580	-0.00297454884276	0.00192638172302	-9.10436865524e-05
9.84309009542	-61.0	62.6156623511	0.0055464906618	0.00265591288917	0.00201612897217
-2.26021497245	-61.0	62.9695302292	-0.00280450447462	0.00330595788546	0.00352435396053
4.54185997241	-61.0	56.5183513256	0.0017928086454	0.00165481399745	-0.000871192140039
7.14297621102	-61.0	46.7468220214	0.00235687242821	-0.000190105609363	-0.00553414179012
3.65842923678	-61.0	56.7622860454	0.00132773572113	0.0017306774389	-0.000714776746463
9.19496251277	-61.0	47.9508219581	0.00331248342991	4.0337738028e-05	-0.00516983913258
1.55533125528	-61.0	51.2083468219	-1.83882857527e-05	0.000555158476345	-0.00340557820164
2.09080979147	-61.0	51.0525689854	0.00023717332806	0.000530434481334	-0.00347871659324
3.26955017334	-61.0	45.5829939878	0.000683672318701	-0.000423883378971	-0.00588155863807
-2.53715953886	-61.0	47.4565085725	-0.001854203525	-0.000187377489056	-0.00513418624178
6.98344466846	-61.0	55.1251791833	0.00291745224968	0.00132425792981	-0.00171929982025
-4.57766809827	-61.0	49.9873624382	-0.00289465487003	0.000215768261114	-0.00410812813789
-9.09639289954	-61.0	47.8328908669	-0.00476512173191	-0.000241714747972	-0.00538132665679
4.38340038213	-61.0	60.7585240793	0.00219824025407	0.00261866976507	0.00167512602638
-6.98142506931	-61.0	47.8370558642	-0.0038363148924	-0.00020305099315	-0.00520538119599
-7.14606679020	-61.0	48.7994437555	-0.00397799583152	-4.68018370157e-05	-0.00479704281315
-5.97963949150	-61.0	48.0445893782	-0.00340746692382	-0.000149848827277	-0.00504655204713
10.3302934061	-61.0	62.4775737948	0.00578706059605	0.00261871912517	0.001834971481
9.77965990820	-61.0	56.4380087171	0.00447178538889	0.00153704220429	-0.00132389517967
-6.62518849411	-61.0	51.5928405408	-0.00396716501564	0.000452924927231	-0.00351075502113
-8.08736437464	-61.0	49.8917113769	-0.00448882207274	0.000116423274449	-0.00439080689102
1.86486305412	-61.0	59.9503625515	0.000502202718053	0.00264543038793	0.00119556486607
6.88694026711	-61.0	48.5212662249	0.00233900290914	0.000111114008178	-0.00475360359997
-11.7753477738	-61.0	59.0927388845	-0.00759204523638	0.00160896941088	-0.000563321460504
11.8085755909	-61.0	53.1234764742	0.00500300712883	0.000943918654229	-0.00315034273081
2.19285221331	-61.0	68.0379685713	0.00118843559176	0.00390277733095	0.00740316975862
-10.0763676329	-61.0	49.0445166081	-0.00530266389251	-6.58357093926e-05	-0.00494920974597
0.3642009317	-61.0	60.9730085574	-0.00057469290914	0.00306974188425	0.00192193430848
4.91414103588	-61.0	55.7933327929	0.0019230437465	0.00149124313612	-0.00126574526075
-1.09027994033	-61.0	66.1056757030	-0.00188483227976	0.00372702046297	0.00620192894712
6.02103606185	-61.0	49.9124465014	0.00203018379398	0.000348197470885	-0.00409671105444
7.30364326027	-61.0	49.5779623472	0.00259018293582	0.000298505940009	-0.0043176645413
-6.00464338209	-61.0	47.4285104779	-0.00338059221394	-0.000252307043411	-0.00531637389213
-1.77069092493	-61.0	62.2976666712	-0.00238375132903	0.00326780229807	0.00298869493417
-10.5614814409	-61.0	59.5814789661	-0.00708206743002	0.00176666479092	-5.39764041605e-05
-10.8268858927	-61.0	58.7088421796	-0.00702885072678	0.00158915726934	-0.000561232678592
-10.4441449477	-61.0	49.8916264835	-0.00554853398353	6.32581723039e-05	-0.00461708754301
-11.4955876261	-61.0	58.6166111187	-0.00734536163509	0.00153540633619	-0.000742425734643
6.89683339186	-61.0	47.6714892096	0.00229722447693	-3.49850743078e-05	-0.00512193283066
-9.78580895949	-61.0	48.6602240429	-0.00513892900199	-0.000121940109238	-0.00508746039122
0.773101926443	-61.0	43.7678146434	-0.000357862532837	-0.000739739276469	-0.00664787646383
9.37485659001	-61.0	54.0974791353	0.00396983232349	0.00111246795859	-0.00242210342549
-4.45700816273	-61.0	58.8376968127	-0.00369604444131	0.00205127964728	0.000370046909666
-1.81619784592	-61.0	63.6091773508	-0.00248668598942	0.00347542739473	0.00412081414834
-0.139015978827	-61.0	65.1692398983	-0.00102160032839	0.00372481928207	0.00554038817063
-0.912811340068	-61.0	61.9353694688	-0.00166569638532	0.00330991041847	0.00270784087479
-10.1383203203	-61.0	50.3896913818	-0.00546151120216	0.000151294472744	-0.00436544930562
2.32957405340	-61.0	54.9377093469	0.000474656088045	0.00133289420046	-0.00164131796919
1.34145785611	-61.0	56.6741795168	-2.04716907319e-05	0.00174637814052	-0.000743268872611
-5.85038019037	-61.0	48.5604203762	-0.00338270911016	-6.05304376222e-05	-0.00481270067394
-1.68850155542	-61.0	45.9759927548	-0.00143923878204	-0.00042074607336	-0.00574758602306
-0.279668324078	-61.0	63.7449689377	-0.00114856252912	0.0036670549307	0.00434763310477
8.56867718719	-61.0	55.7423113233	0.00377920665778	0.00142252875958	-0.00154230103362
5.72692799613	-61.0	47.8659926946	0.00179636362009	-1.30428761622e-05	-0.00497640529647
1.77736170923	-61.0	53.5463641806	0.000134927933686	0.00102975126356	-0.00231776828878
-0.519021463238	-61.0	56.0462943444	-0.00112180819269	0.00157295598183	-0.00108651688788
-1.51828296908	-61.0	64.7294793903	-0.00225571612827	0.00361013319343	0.00509328534827
-12.0754839594	-61.0	56.3922796511	-0.00717947492376	0.00109433091711	-0.00191886001267
10.7007255891	-61.0	61.5960581992	0.00581355206668	0.00245439889841	0.00126576982439
1.31930969256	-61.0	43.7661572286	-0.00013133858738	-0.000733993947506	-0.00664507318288
4.25291090181	-61.0	45.8987851737	0.00110375578515	-0.000361997255823	-0.00576743297279
11.9913421832	-61.0	58.5690223800	0.00591611862183	0.00189680745825	-0.000568410614505
11.9755124301	-61.0	58.0812409433	0.00582240521908	0.00181061297189	-0.00081050285371
-9.69909972167	-61.0	54.4734174268	-0.00574013916776	0.00086749723414	-0.00246573891491
-10.5359975951	-61.0	57.4724681363	-0.00663384562358	0.00137607194483	-0.00113210140262
-9.94701455301	-61.0	58.0905711583	-0.00646147690713	0.00152290472761	-0.000718230556231
-7.77893184091	-61.0	57.1210882659	-0.00520369876176	0.00145884009544	-0.000914813543204
-8.99111631473	-61.0	58.0069220082	-0.00596647011116	0.00156117789447	-0.000608496775385
-10.1052971240	-61.0	56.6536350967	-0.00627291714773	0.00124740670435	-0.00146918708924
-7.22966495381	-61.0	60.0712672408	-0.00543299363926	0.00208335393108	0.000822736590635
-5.89086037714	-61.0	52.6350143792	-0.0037132455036	0.000668854336254	-0.00297675817274
-10.6487942706	-61.0	54.2784678398	-0.00616097729653	0.000793748651631	-0.00267568044364
4.72108445670	-61.0	48.1841535954	0.00136589480098	3.23864296661e-05	-0.00479925982654
3.49410162852	-61.0	65.0467964315	0.00201487680897	0.00345700304024	0.00496650021523
-2.92971037804	-61.0	56.6756921329	-0.00255693425424	0.00163960538339	-0.000802366877906
-6.02192156387	-61.0	62.2348653328	-0.00514419656247	0.00261906557716	0.00241150869988
9.87018046621	-61.0	49.7193080307	0.00375193310902	0.000346849526977	-0.00446085352451
0.897878835181	-61.0	53.3584219785	-0.000325443572365	0.000982933328487	-0.002407054184
7.67893485577	-61.0	58.3634816680	0.00368442595936	0.00194355938584	-7.68616664573e-05
6.29705762990	-61.0	59.7593335515	0.00314870500006	0.00227621942759	0.000870410527568
7.00248623140	-61.0	59.0610690525	0.00342901423573	0.00210430845618	0.000387166946894
12.2521555831	-61.0	54.7523348223	0.00543216522783	0.00122652202845	-0.00245833606459
5.83586560004	-61.0	50.3312251730	0.00196968461387	0.00042220990872	-0.00390183203854
11.5410007993	-61.0	51.6983734760	0.00470863934606	0.000699096301105	-0.00376128824428
11.2287847058	-61.0	51.3208944751	0.00452370988205	0.000632208248135	-0.0038935279008
2.43744904050	-61.0	63.5762384666	0.00117783341557	0.00341679668054	0.00401379307732
-2.58406552665	-61.0	58.7805897964	-0.00256759766489	0.00219462253153	0.000411608780269
-2.45951198446	-61.0	44.1843270202	-0.00171573809348	-0.000715723959729	-0.00654060766101
-2.93094216274	-61.0	61.2979969992	-0.00311207724735	0.00282761920244	0.00211774930358
-6.20674112393	-61.0	66.3738935011	-0.00598942534998	0.00332400086336	0.00523453159258
-3.49429683774	-61.0	64.5114434646	-0.00380414072424	0.00332117266953	0.00458172662184
7.96481505788	-61.0	55.9851807390	0.00350941275246	0.00147692661267	-0.00136398361064
-8.09933629720	-61.0	54.3368532555	-0.00496063893661	0.000907835667022	-0.00235235039145
1.65823621336	-61.0	66.9541191373	0.000629496818874	0.00379535090178	0.00672830827534
5.05873526089	-61.0	66.5886266263	0.00330435740761	0.00352563965134	0.00563545478508
-1.39951621583	-61.0	60.5166301110	-0.00194734148681	0.00282156351022	0.00157206133008
-7.44261630937	-61.0	65.6406377901	-0.00667698821053	0.00309804803692	0.0043609496206
-7.25858106159	-61.0	59.4598340093	-0.00533675774932	0.00195894995704	0.000454838969745
-2.10642810371	-61.0	59.4454559931	-0.00233367132023	0.00242135231383	0.000836643215735
1.04009958404	-61.0	51.3833619877	-0.00026680220617	0.000583468703553	-0.00332599063404
-2.73970235124	-61.0	54.4262862141	-0.00227519613691	0.00113694206811	-0.00195465073921
1.24368229875	-61.0	64.7138012607	0.000224851624807	0.00366444024257	0.0051041347906
3.60596324437	-61.0	64.3232920338	0.00204971991479	0.00335346558131	0.00440106261522
8.76864340379	-61.0	49.3583945384	0.00323010678403	0.000273637357168	-0.00452177086845
6.60065305328	-61.0	62.6651509257	0.00373868155293	0.00280914735049	0.00266784662381
-7.83276441588	-61.0	50.9880229685	-0.00447156932205	0.000311246811179	-0.00388046610169
-7.22344969853	-61.0	52.0469414599	-0.00428974023089	0.00051723519573	-0.00334900431335
-5.61164274157	-61.0	58.3973374664	-0.00427353521809	0.0018614087021	1.95873508346e-05
4.37323267015	-61.0	44.5933184131	0.0011349102715	-0.000575756188482	-0.00632573757321
-3.33418558455	-61.0	46.5134023864	-0.00216874969192	-0.000357624317985	-0.00557276699692
-6.92114963992	-61.0	52.5698419155	-0.00419876677915	0.000622638792265	-0.00308299786411
-10.5269608239	-61.0	56.0161652441	-0.00636761076748	0.00110991531983	-0.00184297095984
-10.5855285004	-61.0	52.8301970322	-0.00594098120928	0.00054640986491	-0.00332709494978
-3.74674674526	-61.0	60.7833617838	-0.00356230698526	0.00258644483984	0.00168968795333
-1.10719465196	-61.0	65.2055144112	-0.0018979535671	0.00367536698468	0.00551693513989
2.83663792295	-61.0	58.6206354326	0.00101346732117	0.00221288367175	0.000352601346094
-6.40964254551	-61.0	61.4901133491	-0.00523807713762	0.00243596825749	0.00184540753253
5.58385537648	-61.0	46.9760539919	0.00169964681845	-0.00016707109171	-0.0053530735895
10.5948823194	-61.0	59.1054739925	0.00530060147867	0.00201076455414	-6.22240113444e-05
3.46158855892	-61.0	62.5579747693	0.00182716432028	0.00309850461781	0.00306632742286
-7.93942636072	-61.0	48.4632245516	-0.00430525140837	-0.000118573399959	-0.00500627607107
-4.26023069883	-61.0	67.3981818826	-0.00468144891784	0.00364406546578	0.00652752071619
4.83370260966	-61.0	55.2940943772	0.00183548370842	0.00138740148395	-0.00151804229245
4.39214985348	-61.0	67.4758782972	0.00297674024478	0.00369985960424	0.00643940037116
5.07771883172	-61.0	53.4936308460	0.00181514234282	0.00101853057276	-0.00241317460313
8.56926305310	-61.0	53.0094183735	0.0034653050825	0.000916445220355	-0.0028602539096
11.6493001717	-61.0	59.8619965601	0.00597852561623	0.00212979642674	0.000154648907483
4.59146146373	-61.0	52.6842910446	0.00151979981456	0.000859955267515	-0.00277812941931
2.77876967780	-61.0	57.3823677233	0.000872665143106	0.00190085498616	-0.000361424434232
-8.86673358388	-61.0	52.8039422009	-0.00513904495165	0.00059970660368	-0.00315048592165
0.821984193352	-61.0	63.9502163613	-0.000145411642734	0.00365947582759	0.00450356723741
-3.85236004847	-61.0	61.6766751263	-0.00375407608226	0.00277459924109	0.0023286996875
9.31299760231	-61.0	59.6123759486	0.00472607975826	0.00213152822107	0.000408001273172
8.32704374661	-61.0	57.7653403280	0.00393242621794	0.00181071192492	-0.000471626466606
-8.55367882028	-61.0	58.2181951271	-0.00578400259838	0.00162761704996	-0.000430293905083
-6.84990952907	-61.0	53.1481161475	-0.00422391388565	0.000732832006179	-0.00280631589703
-6.36524268374	-61.0	53.9831157831	-0.00407858286053	0.000910396629479	-0.00236908206716
2.29535530023	-61.0	50.6335581064	0.000326436653268	0.000452562817372	-0.00366934854537
-8.90022535331	-61.0	59.0149236270	-0.006111335475	0.00175977789331	-5.05311909365e-05
1.07832976229	-61.0	50.1618942201	-0.000254165846854	0.000350471847923	-0.00387678388506
8.36541521967	-61.0	49.5721301724	0.00306632416323	0.000306514586555	-0.00439581926912
5.42950114074	-61.0	48.6577829789	0.00169937696774	0.000121668825159	-0.00462011760101
2.01636187271	-61.0	55.8947348475	0.000342083309079	0.00155320635531	-0.00115293823183
5.06563758094	-61.0	59.9207230453	0.00248513766564	0.00238296249881	0.00107691297308
3.51557236985	-61.0	66.3770720529	0.00213546701707	0.00361664453521	0.00592574803159
-7.48530645985	-61.0	54.8623430079	-0.00473084766418	0.00103346386459	-0.00203599710949
-6.68313889070	-61.0	46.5147735286	-0.00362072442658	-0.000411475833971	-0.00575749017298
6.77948699456	-61.0	63.4569161713	0.00395796401426	0.0029335541185	0.00314859929495
-3.96310320737	-61.0	66.4672540959	-0.00432529253885	0.00353281898424	0.0059368563816
-4.37744879684	-61.0	66.2756096579	-0.00462489947677	0.00346802850254	0.00569026824087
1.41217036155	-61.0	58.0335673908	7.52226260374e-05	0.0021044020541	7.03782416167e-06
-5.19623859501	-61.0	59.1714054652	-0.0041651725769	0.00206387089565	0.000518302142154
8.65370441870	-61.0	54.2367564868	0.00363891315646	0.00114110577852	-0.00228740181774
0.577821443268	-61.0	49.3425668644	-0.000487014942337	0.000192660969333	-0.00424306793138
0.909325640388	-61.0	58.7966775746	-0.000225049472647	0.00233508972451	0.000450970022939
-2.55371478421	-61.0	45.0891770526	-0.0017834919272	-0.000575583428144	-0.00615589460358
-5.25172343751	-61.0	64.0536816972	-0.00495496625081	0.00303194974549	0.00385408313014
0.133012179178	-61.0	65.7191472504	-0.000771166174673	0.00374571839347	0.00596093432978
-7.05067361282	-61.0	62.5892344830	-0.00580755900592	0.00258612888865	0.00244389008731
-1.02119548703	-61.0	66.5109007041	-0.00182509969454	0.00376054714434	0.00650586234406
-6.09149091410	-61.0	58.6389655333	-0.00457158964127	0.00187739077955	0.000115025875857
-7.26988864273	-61.0	57.8812425953	-0.00506845908239	0.00164052529726	-0.000444450852228
5.72750015280	-61.0	60.6481814814	0.00295825698413	0.00248953793198	0.00148144445848
2.74042338329	-61.0	51.5383056571	0.000562724366318	0.000629536923952	-0.00326455454342
7.90251025259	-61.0	57.1153207247	0.00362511677667	0.00169560243376	-0.000773519568611
0.815747025357	-61.0	47.6124828679	-0.000372494425392	-0.000110995883006	-0.00499822478741
10.6069334990	-61.0	50.0054706117	0.00410840893164	0.000403637241106	-0.00440841633826
10.4414116799	-61.0	57.4149602676	0.00494592729956	0.00170710647944	-0.000915120297577
11.0906227385	-61.0	56.4215913109	0.00511470343918	0.00152201403398	-0.00149960815907
0.260822603831	-61.0	63.8300254708	-0.000652887043543	0.00367932138033	0.00442254636437
3.07936325596	-61.0	61.7284061213	0.00149976531975	0.00298313819803	0.00246225576848
-4.30669279707	-61.0	56.3403415914	-0.00328671978787	0.00149150937796	-0.00103937427048
4.19492357334	-61.0	48.5293570643	0.00114346819464	8.76517660799e-05	-0.00463333399966
7.50282105811	-61.0	53.6145986170	0.00301581365056	0.00103091192432	-0.00249141873792
2.32064051171	-61.0	52.4382229614	0.000382511410862	0.000804484297987	-0.00284467055462
3.78112727763	-61.0	51.6566214094	0.00107074086554	0.000658445700537	-0.00323016243055
-8.80465877179	-61.0	53.6714069790	-0.00521304784343	0.000757603498641	-0.00274135242216
8.06860561702	-61.0	46.6597577209	0.00274574779905	-0.000192930441699	-0.00563449366018
3.04166235397	-61.0	52.8379067408	0.000757632835303	0.000888434005901	-0.00266708154231
3.82836137187	-61.0	62.0894678055	0.00201651756652	0.0029596069362	0.00267046364024
-2.16602872009	-61.0	62.0312900320	-0.00266136415303	0.00313640362583	0.00274167768657
-8.54874563764	-61.0	47.6935663457	-0.00451417081058	-0.000254490267253	-0.00539273908362
10.0830502263	-61.0	54.9904630719	0.00442217011005	0.00127108918969	-0.00206998712383
1.04950763856	-61.0	51.9359911889	-0.000258730404312	0.000692636705935	-0.00307268812321
5.29684632874	-61.0	63.4074705967	0.00306363683194	0.00303673977032	0.00340236886404
-0.833863670035	-61.0	64.3831109207	-0.00165405368898	0.0036639906466	0.00487418984994
-6.30982801423	-61.0	45.7176821777	-0.0034134904854	-0.000531492638402	-0.00607606256381
-11.7588492081	-61.0	52.2591848978	-0.00641005160287	0.000414572859881	-0.00372576038353
0.0374379860597	-61.0	66.5241346029	-0.000854077283293	0.00379052152857	0.00655526714399
10.9317142888	-61.0	54.9104470291	0.00482067791745	0.00125371525064	-0.00220889807679
-6.19818777192	-61.0	51.3945446830	-0.00375012750737	0.0004291718069	-0.00357077852823
8.46512280731	-61.0	47.9198246537	0.00299295666628	2.52540048677e-05	-0.00512320222333
2.77386075968	-61.0	62.0627631553	0.00132655492052	0.00310136983171	0.00274336221628
5.15627301327	-61.0	65.2928290921	0.00318652647547	0.00333842961118	0.00473285466433
-4.50066850190	-61.0	45.1523297473	-0.00261344434693	-0.000593490025494	-0.00621297955513
7.23559572371	-61.0	63.2317700332	0.00418937485665	0.00286867190152	0.00291433907114
4.73731169259	-61.0	61.4955971904	0.00250045210123	0.00274064624682	0.00214901193976
-0.0345263718774	-61.0	47.5415150152	-0.000748406921048	-0.000134732210427	-0.00503734732047
-11.3464897401	-61.0	60.4346167001	-0.00768424104899	0.00188117206562	0.000224538118346
-0.372662142256	-61.0	53.1336554262	-0.000982707832009	0.000918152101804	-0.00252459710464
10.8116800221	-61.0	58.1589447084	0.00525085628033	0.00183668453246	-0.000588135793805
-0.963217441509	-61.0	47.1142775408	-0.00115087942686	-0.00022098464251	-0.0052386764437
0.818817862136	-61.0	45.0431044339	-0.00035233568633	-0.000538507476449	-0.00610309652984
0.0144680639774	-61.0	67.5744053680	-0.000865340873133	0.0038850356359	0.00730846775696
11.4545068668	-61.0	60.3523226395	0.00597063824534	0.00221962714568	0.000448079779744
0.856561203267	-61.0	65.3958215068	-0.000116180199257	0.00371792563237	0.00567802786827
0.195622848239	-61.0	46.1714711723	-0.000630856433418	-0.000362660503015	-0.00562575366348
-6.06079366389	-61.0	54.9401874831	-0.00403622491285	0.00111193745397	-0.00187490473036
0.466138884433	-61.0	66.2248546657	-0.00046363400179	0.00376976327971	0.00632410496473
-0.26623011342	-61.0	67.8887691379	-0.0011290346738	0.0039171106182	0.00753210997209
-0.561843122007	-61.0	43.7091511578	-0.000911557057407	-0.000764524040278	-0.00669203931466
-2.69038161318	-61.0	66.2745775104	-0.0032782482449	0.00362136214972	0.00608655251563
9.19007909303	-61.0	51.1983655433	0.00357758649625	0.000595397257712	-0.00374187505804
0.444544789932	-61.0	68.3339246848	-0.000439443072537	0.00397538626567	0.00783458258957
-7.91860220709	-61.0	63.3799358927	-0.00647433847189	0.00265694013797	0.00275430874899
-1.27184385091	-61.0	62.4197525209	-0.00199039909057	0.003377369605	0.00311998976395
3.10077546527	-61.0	65.0381076072	0.00172540207859	0.00349704222754	0.00504623865709
-5.12383307725	-61.0	58.3145102854	-0.00399363460019	0.00187961116899	1.12271618491e-05
7.40010107312	-61.0	65.1809283184	0.00459688296542	0.00317418109626	0.0041158949025
-1.62795373529	-61.0	45.4760290838	-0.00140021194238	-0.000500865164213	-0.0059607475996
6.09021049591	-61.0	48.7951866095	0.00200042966753	0.000151521759108	-0.0045906426385
3.87915750764	-61.0	47.8340639721	0.000983534846455	-3.68711007468e-05	-0.00492703448981
-9.86966118473	-61.0	50.8844454847	-0.00539102358744	0.000239753149799	-0.00411854451522
4.15318847590	-61.0	61.6083287166	0.00216389400885	0.00282351230271	0.0022868742235
10.4851036038	-61.0	53.8418585119	0.00446852017194	0.00106486433651	-0.00266015762463
-8.06809844058	-61.0	52.3937894112	-0.00472050858662	0.000552953337319	-0.0032622970175
0.946313347614	-61.0	48.9228859727	-0.000317198748235	0.000121582117572	-0.00442579062656
8.51606343612	-61.0	62.6277578006	0.00481448648497	0.00270335120149	0.0022906223312
-3.95779884582	-61.0	58.5674528496	-0.00336967897601	0.00202880008146	0.000234786464716
3.23710082351	-61.0	50.1881221481	0.000758129404858	0.000377713353373	-0.00388136762194
4.94588707979	-61.0	54.4573170124	0.00182306533679	0.00121314707212	-0.00194041000213
-6.02398097084	-61.0	64.9706674265	-0.00560388946906	0.00310613308102	0.00431378744543
2.86465307471	-61.0	54.8847428417	0.000761383213103	0.00131914624944	-0.00167375430465
-1.26510761831	-61.0	54.9024262625	-0.00150581030175	0.00128581898753	-0.00168000801932
1.80105678337	-61.0	43.8262526804	6.7804910941e-05	-0.000719654664863	-0.00661852397025
-0.114877567066	-61.0	62.9351713308	-0.000991885899566	0.00358389387839	0.00361818494275
-5.58154858452	-61.0	57.5578706891	-0.00413140840828	0.00168233097065	-0.000457104470115
-9.35433175253	-61.0	48.6887419970	-0.00495053082705	-0.000109268985398	-0.00503296684474
-0.682824207763	-61.0	65.1228725013	-0.00151745602489	0.00370196811855	0.0054851481691
3.99118850686	-61.0	64.2187826117	0.00230574933812	0.00329501065426	0.0042439000681
5.16180200012	-61.0	63.0149332365	0.00293605891056	0.00298292282969	0.00315281632356
-8.02626406532	-61.0	59.4880092200	-0.00574794085696	0.00190924108028	0.000356367818313
-5.94464661671	-61.0	57.1922527228	-0.00427125161514	0.00158157397527	-0.000689350243192
-7.9234727227	-61.0	58.6593335732	-0.00554093159735	0.00175335316453	-9.73369023995e-05
-2.93027808924	-61.0	63.5473167565	-0.00333325914107	0.00327416486107	0.0039177662693
-1.97591703389	-61.0	66.7279736734	-0.00268429145217	0.00372542976402	0.00654774205759
-6.17156267708	-61.0	46.9140774658	-0.00342277344316	-0.000339019519743	-0.00555024668574
-0.702977236398	-61.0	57.6671345940	-0.00128431315534	0.00198934855871	-0.0002167046041
0.571549529612	-61.0	57.4162771265	-0.000474635249702	0.00194088136777	-0.000345261592884
0.945640453934	-61.0	59.8157075680	-0.000160237075761	0.00265733129345	0.00109514128417
-2.54674825770	-61.0	47.0496004893	-0.00184453523252	-0.00025616682251	-0.00531101925299
-4.11523293924	-61.0	46.8409931101	-0.00252261129208	-0.000316396413837	-0.00546585442498
3.63354695661	-61.0	44.2530850728	0.00082607899094	-0.00063601823058	-0.00645347125828
-6.71839158215	-61.0	45.6830441569	-0.00358628574759	-0.000542914902326	-0.00611893227324
-0.838335479068	-61.0	46.0663063215	-0.00107498746365	-0.000393947586417	-0.0056880377233
2.52894147285	-61.0	47.6055131702	0.000384361715987	-9.11768365768e-05	-0.00500387093052
-3.59742063065	-61.0	46.2175108362	-0.00227111019194	-0.000410062115407	-0.00571161741391
6.16385013985	-61.0	61.5169589617	0.00332585186698	0.00262930081226	0.00198925263248
6.42227524080	-61.0	64.9892154382	0.00396331585944	0.00320086022839	0.00421954877675
-6.14704028491	-61.0	49.6488356182	-0.00359052745625	0.000119960299344	-0.0043518524617
1.70052825207	-61.0	68.1894389690	0.000748196849599	0.00393856782466	0.00759764760733
-9.51734677832	-61.0	59.6787092537	-0.006563807372	0.00184750626795	0.00020454589685
-8.81130834673	-61.0	59.5350848956	-0.00616767071187	0.00186531024519	0.00025295803789
2.28461227227	-61.0	51.7456732170	0.000346367509337	0.000666631211061	-0.00316444202326
0.818750615015	-61.0	62.2538017906	-0.00016596649948	0.003419988323	0.00299278716557
1.75714731215	-61.0	61.1587311186	0.00052630121354	0.0030194290448	0.00206840713508
3.21325681566	-61.0	58.1963364996	0.00120124057867	0.00208765710704	9.71065237536e-05
4.06010101226	-61.0	51.3279069186	0.00118980777916	0.000597015372477	-0.00338729703799
3.48914345184	-61.0	51.9262137165	0.000940821308177	0.000709280138835	-0.00309973373078
1.85163882320	-61.0	51.9367654313	0.000137809722219	0.000700778036844	-0.00307349977084
0.920528812626	-61.0	49.5123174460	-0.000329061498633	0.000228207296459	-0.00416603963822
-1.32486659432	-61.0	66.7966062400	-0.00210416293703	0.00377061450854	0.00668430374935
1.65309827357	-61.0	49.6326033424	1.06340321508e-05	0.000259256659774	-0.00411210907623
-4.82169782373	-61.0	50.3745871313	-0.00303200213239	0.00027987852809	-0.00394763657823
-4.69330771961	-61.0	57.5276070344	-0.00364480679855	0.00173398398329	-0.000411096727476
-6.94093922429	-61.0	56.5235531219	-0.00468849018216	0.00138657563366	-0.00113925547339
6.46393567729	-61.0	58.3930619814	0.00304880458862	0.00199121446349	5.40215260116e-05
-10.8468347568	-61.0	55.7440105713	-0.00647600041702	0.00104509037919	-0.00202029501088
9.19110347591	-61.0	48.6266438680	0.00336092547514	0.000153998174937	-0.00487669184804
-6.16930310863	-61.0	61.2050088985	-0.00505158817396	0.00240260572173	0.00169756624382
-7.31856319577	-61.0	51.5909741270	-0.00429045269266	0.000432272034232	-0.00356521969661
-4.71653910046	-61.0	63.0825501058	-0.00448142550886	0.00292878481559	0.00325278262608
-2.37180027202	-61.0	67.9528969034	-0.00310638034716	0.00384878460318	0.00736546888947
-4.65334673893	-61.0	61.7646653181	-0.00425795791671	0.0026840409264	0.00229894346558
-8.34275915954	-61.0	54.7050439715	-0.0051253051497	0.000966564577539	-0.00219982396811
5.11289533495	-61.0	61.1422192020	0.00267467554659	0.00263567548245	0.00186906382442
7.49913815578	-61.0	61.0444015406	0.00399490166456	0.00246375286952	0.00150366395246
-6.61370381951	-61.0	51.1993871879	-0.00392735609785	0.000382229802199	-0.00368900597095
-8.58662933767	-61.0	58.7214054283	-0.0058940500021	0.00172293779906	-0.000161313510034
-6.51571734331	-61.0	59.3483628678	-0.00491895107552	0.00199309783056	0.000486878299853
-0.169999889004	-61.0	61.7528979266	-0.00102524738759	0.00331527739763	0.00255901995115
10.7445601166	-61.0	51.1713703481	0.00428648013622	0.000602284504566	-0.00390651915222
11.7024101773	-61.0	52.1524402629	0.00483539421111	0.000777511217166	-0.00357699929737
0.901158552719	-61.0	64.4709042111	-7.59971080697e-05	0.00368033023551	0.00493828253821
-1.13057941892	-61.0	56.8047849295	-0.00151100882795	0.00174693611916	-0.000694219837897
-4.65084092843	-61.0	52.0568203541	-0.00306824082509	0.000597122882027	-0.00317109934986
2.44149771555	-61.0	47.0575344056	0.000340683589457	-0.000186140066944	-0.00523968972266
-4.71419875203	-61.0	52.9565340136	-0.0031694478821	0.000769361271523	-0.00275291898288
0.921240877451	-61.0	56.7670552480	-0.000269728305284	0.00177070917562	-0.000695332128089
-6.18163782780	-61.0	54.4903548804	-0.00404458446428	0.00101718818769	-0.00210733618587
-6.71233680852	-61.0	55.1394338995	-0.00438571861014	0.00112210202496	-0.00182791007683
7.70083115518	-61.0	63.2822780616	0.00446492712945	0.00285291229375	0.00285409088247
-1.33906285998	-61.0	59.5569705036	-0.0018207632238	0.00251980451867	0.000913063413464
-6.55330729149	-61.0	48.1802069483	-0.0036704801023	-0.000138283488923	-0.0050254566595
9.35565768142	-61.0	53.7102584928	0.00391554459929	0.00104241038207	-0.00260336999781
3.43315612171	-61.0	60.5502686094	0.00159556802828	0.00266232597642	0.00158646912314
9.71864541497	-61.0	52.6553315175	0.00396944070235	0.000853917386848	-0.00312950019725
-3.69540342975	-61.0	50.1768588624	-0.00249648792669	0.000269879674306	-0.00398089969531
9.39608018002	-61.0	56.4695812389	0.00428634183481	0.00154760701116	-0.00126344384626
-3.00180533421	-61.0	63.0895110037	-0.00335052679293	0.0031902063638	0.00353422039188
-9.58949447051	-61.0	56.8949386027	-0.00606359401718	0.00131835904904	-0.0012719896622
-8.87202736920	-61.0	55.8144198976	-0.00553835555911	0.00115105684381	-0.00171637232415
2.12747817330	-61.0	62.7756143899	0.000912135001272	0.0033469311893	0.0033790434245
-4.56851551968	-61.0	65.1679989983	-0.00463481759652	0.00328536750749	0.00483294483274
0.889027941097	-61.0	57.2397581176	-0.000279825500911	0.00189383083489	-0.00044002578943
11.1673169063	-61.0	58.0426459059	0.00541031081229	0.00181135139428	-0.000701425655279
-0.399222795851	-61.0	57.4123401212	-0.001084422227	0.00192738883197	-0.000355460448191
3.68429918266	-61.0	67.7448295499	0.00245187128894	0.00378743186593	0.0068351784721
5.05886888181	-61.0	51.3317699747	0.00166496576276	0.000602193176746	-0.00341849960387
-6.83739299357	-61.0	54.6863947085	-0.00439146440476	0.00102768233046	-0.0020637921989
-2.95510165247	-61.0	47.7306927619	-0.00204936601222	-0.000147708342411	-0.00503001175821
-1.89976001746	-61.0	65.6469986235	-0.00259087234735	0.00363254034892	0.00575694441795
4.37668542313	-61.0	53.1490637101	0.00144221959636	0.000951872789301	-0.00255213747732
-3.15241686228	-61.0	49.5304762031	-0.00221331859939	0.000164053300978	-0.00424665072933
-1.90799685676	-61.0	48.4428786919	-0.00160522875376	-6.6293277996e-06	-0.00468399934471
-9.67362289379	-61.0	62.8197847278	-0.00735635031015	0.00242380541749	0.0019641853869
-4.08860410840	-61.0	46.3079273527	-0.00248732394539	-0.000403089565225	-0.00569496676326
-10.9778681580	-61.0	52.6916153087	-0.00610507791862	0.000510048063006	-0.00343614327721
3.79225139697	-61.0	63.3516439582	0.00210816389881	0.00318967388012	0.00362899224274
-9.30225177964	-61.0	52.8216760125	-0.00534422462806	0.000588113092817	-0.00318744545802
12.3533066945	-61.0	56.7272192954	0.0057827886194	0.00157047132961	-0.00153604650404
2.09390837490	-61.0	60.3734662393	0.000698202464264	0.00275165424682	0.00148789014202
9.15006054465	-61.0	55.2694619295	0.00400485703722	0.00132835062686	-0.00183409720194
2.22110889786	-61.0	65.0306890386	0.00104433496017	0.00358955282718	0.00521263573319
-2.30440552717	-61.0	65.8995850235	-0.00293958000839	0.00361697608605	0.0058803842403
-7.66648608690	-61.0	59.2929005080	-0.00552227953449	0.00189609860536	0.000298966042465
7.96557300061	-61.0	53.7996645800	0.00325848255306	0.00106345931999	-0.00243830913678
-3.69463235629	-61.0	52.7950678329	-0.00265354546718	0.000769094738644	-0.00277882558294
3.50105631309	-61.0	67.3270123986	0.00223715556785	0.00374094839208	0.00659676874056
-4.28233994405	-61.0	49.6859250690	-0.00274096662179	0.000168349026353	-0.00422756047919
-0.579331328133	-61.0	64.1164122963	-0.00142362038605	0.0036718165502	0.00466228323057
6.97736478279	-61.0	54.6109679438	0.00285970931873	0.00122442329302	-0.00197325786576
-2.16599233896	-61.0	49.7971369421	-0.00176765944343	0.000231676691328	-0.00409355061129
-0.359275818959	-61.0	50.0225428705	-0.000929016154259	0.000304434419377	-0.00395171856508
-5.80575431754	-61.0	56.7290986161	-0.00413315556943	0.00149234570563	-0.000929057656322
9.36439204511	-61.0	52.3372155831	0.00377011508681	0.000796656066086	-0.00324147660285
-3.39917335449	-61.0	61.4953743318	-0.00344282505102	0.00280190561898	0.00223459256813
3.65747055252	-61.0	50.0842268339	0.000950441462919	0.000362065824447	-0.00393614405766
-1.46842559517	-61.0	47.7855662392	-0.00138990103733	-0.000113906018669	-0.00495914369822
5.71623405122	-61.0	45.1071052143	0.00169929652475	-0.000481064169435	-0.0061554107815
-5.17988966913	-61.0	55.4469958278	-0.00364658934996	0.00125599768944	-0.00155665131751
0.259646265925	-61.0	43.6908074015	-0.000569986063056	-0.000757501227781	-0.00668635638431
-8.92399553220	-61.0	63.4867849453	-0.00708742300048	0.00259869359434	0.0025617997162
-10.3725408020	-61.0	60.4389223344	-0.00717532774433	0.00193774839863	0.000446522666607
9.17129806854	-61.0	56.1510383357	0.00413111923262	0.0014914222993	-0.00139894941822
5.79731563541	-61.0	59.1014121317	0.00278391409665	0.00216650706716	0.000519313151017
-4.3549664101	-61.0	50.9931383693	-0.00285358866677	0.000404733262258	-0.00364374439232
-1.49151234512	-61.0	61.6817348133	-0.0021185472142	0.00316233979538	0.00247945915908
-0.571471681808	-61.0	61.4042681239	-0.00135512801353	0.00318789458834	0.002263299888
-3.42363594694	-61.0	44.2457065840	-0.00212230160832	-0.00071920332266	-0.00655174301937
8.20598167236	-61.0	54.2501695691	0.00342354900204	0.00114618195221	-0.00224202126265
2.84473523353	-61.0	63.8843392830	0.00148855359294	0.00339531945065	0.00420134048909
1.92529691257	-61.0	67.3534264507	0.000890208350029	0.00382805685513	0.00696904538199
-12.2462426000	-61.0	55.4751931107	-0.00709950271994	0.000923250918277	-0.002361969091
6.73706155672	-61.0	62.2424670866	0.00375480437651	0.00272538815625	0.0023713435512
4.96796213293	-61.0	57.5023132406	0.00212889770046	0.00185804220382	-0.000352445902536
-4.75919451792	-61.0	56.6699699598	-0.00357006466947	0.00153947260696	-0.000887927075382
-2.68751731921	-61.0	53.9675122460	-0.00221843086183	0.00104032410309	-0.00217786151916
1.77840414116	-61.0	65.2754132764	0.000684402766638	0.00364999705926	0.0054742321372
0.447404469428	-61.0	54.6502365936	-0.000560209387913	0.00125997094437	-0.0017831051955
-7.92228644664	-61.0	55.5963029357	-0.00504374224693	0.00115455861669	-0.00171575637069
6.50837800899	-61.0	64.0205222257	0.00387808633968	0.00304365856573	0.00357081275433
8.92025985964	-61.0	62.3088498554	0.00498188938946	0.00263181258924	0.00202160142362
7.59007480021	-61.0	59.7757191941	0.00384750124067	0.00221975683235	0.000735703215469
5.82198879158	-61.0	59.8582802696	0.00290119694546	0.00232252897695	0.000975829316303
7.19567233703	-61.0	58.5343456591	0.00345598696731	0.00199288059957	6.76363779348e-05
-2.13767529840	-61.0	49.3588107588	-0.00173931289464	0.00015247995907	-0.00428738445044
11.9217031286	-61.0	59.0939659609	0.00597560172901	0.0019904198125	-0.000290158903226
-3.89641150998	-61.0	62.9078474535	-0.00393531285226	0.0030121775344	0.00325947976671
-3.04996426169	-61.0	62.6226118129	-0.00334254140034	0.00309849670157	0.00314941233955
-5.18269406539	-61.0	62.9971518462	-0.00476052053273	0.00285541731864	0.00310321291909
1.69570158387	-61.0	59.6169384692	0.000358880701242	0.00255600735545	0.000973147514742
-9.94021357745	-61.0	61.5665691556	-0.0072045205161	0.00217457930557	0.00117230089381
1.05702975162	-61.0	63.5285769121	6.04790293437e-05	0.00360425631516	0.00411955965683
-5.43883590022	-61.0	66.9550496871	-0.0055372659117	0.00348211848177	0.00587217509747
-10.8844882703	-61.0	59.9483869055	-0.00733063323423	0.0018165668007	7.17815637472e-05
2.67129370089	-61.0	61.6745530839	0.00122165388893	0.00302902469411	0.00244454899803
-4.29112518283	-61.0	54.2573491181	-0.00306873046793	0.00104612228461	-0.00210282159969
7.75930599927	-61.0	46.3577027614	0.00259878276847	-0.000248186843237	-0.00574126048014
6.60786470012	-61.0	48.8644500977	0.00223471969366	0.000168121492607	-0.00458799442276
-6.34985090927	-61.0	56.0300108866	-0.00431915232912	0.00131819979288	-0.00134286750108
-1.86374718177	-61.0	66.4499241558	-0.00257710786536	0.00370537885465	0.0063614109531
-5.99704753780	-61.0	64.0046909718	-0.00542424619198	0.00294397468679	0.0036443087738
-0.348448757219	-61.0	66.3854981791	-0.00120985379908	0.00377515633591	0.00645170733333
-7.64940372579	-61.0	53.3554024549	-0.00462821964175	0.000742619507946	-0.00277674687095
2.53074464988	-61.0	65.4579966218	0.0013037485769	0.00359699851833	0.00547954393551
9.86595749181	-61.0	54.5555994740	0.00426160823554	0.00119357765652	-0.00225461437367
-8.16730198851	-61.0	58.4222982329	-0.00562376854941	0.00169113848824	-0.000263235153398
-9.14586250610	-61.0	50.5140131580	-0.00502525037155	0.000195900269318	-0.00421064952388
-10.3752885868	-61.0	58.7820888733	-0.00681622559205	0.00162809132598	-0.000436594622442
-7.71605418638	-61.0	48.0075765835	-0.00417207088321	-0.000188835561858	-0.00518698059022
4.07172898391	-61.0	55.2686169290	0.00143178727012	0.0013919438934	-0.00150562438648
9.77060472259	-61.0	48.8108553501	0.00363077479415	0.000192520805285	-0.00484864832833
0.788365344817	-61.0	54.4505799189	-0.000375353789423	0.00121878087521	-0.00187954329886
-2.18038317936	-61.0	60.8534303814	-0.00254610762931	0.00282365782186	0.00181183742825
9.77560885242	-61.0	59.5853619865	0.00496134301648	0.00211481074803	0.000323198357364
3.36410632398	-61.0	56.3931542943	0.00113267940469	0.00165223190561	-0.000906314933673
-5.54136036737	-61.0	46.1872343045	-0.00310897594318	-0.0004455166345	-0.00582501804456
-5.31456339296	-61.0	46.5270255857	-0.00302883121185	-0.000387335341657	-0.0056649367325
3.01692460108	-61.0	54.4829363593	0.000821483961772	0.00123122986406	-0.00187537109014
4.78731260564	-61.0	47.1885588260	0.00136268709321	-0.000138623654493	-0.0052312258631
5.55596829737	-61.0	55.1897443953	0.00220033945516	0.00135588995181	-0.00160232675262
7.60354515295	-61.0	65.6217154083	0.00479495711625	0.00322939851321	0.0043454808183
-3.14302938966	-61.0	46.1580835039	-0.00207247515209	-0.000412705907365	-0.00571833224967
10.4774022498	-61.0	59.5206234194	0.00531235383824	0.00208785105497	0.000177000532858
-0.364329297999	-61.0	53.6055714557	-0.000986197032034	0.00101836910471	-0.00229946221225
6.10834692818	-61.0	49.5312604613	0.00204814225435	0.000281061802525	-0.00426924787462
0.791316243144	-61.0	56.0292728091	-0.00035819891491	0.00158613128588	-0.00108411547262
0.11418219668	-61.0	53.7821983682	-0.00073622103082	0.00106394896284	-0.00220909831114
6.23370159312	-61.0	45.3529547607	0.00192025653087	-0.000435388908954	-0.00607578689232
-2.26492642615	-61.0	58.5837844151	-0.00234520318918	0.00216529960744	0.000297815626254
4.88032064922	-61.0	52.2972854496	0.00163696217351	0.00078499445226	-0.00296874670312
12.1486703220	-61.0	54.0107827316	0.00527947256342	0.00109817599878	-0.00278800935484
0.609739857348	-61.0	46.2178337386	-0.000452771462733	-0.000349617825123	-0.00560152484104
-10.1608356964	-61.0	60.8604978990	-0.00715962518007	0.00202924781479	0.000725048652384
1.34013698556	-61.0	66.6009579297	0.000332696450641	0.00377456913702	0.00651916023344
4.78728967617	-61.0	60.9433705685	0.00245949020609	0.00262236176059	0.00176702521276
5.52414173258	-61.0	48.2194831902	0.00172224640846	4.61702584289e-05	-0.0048145186156
0.671340904546	-61.0	50.1441680386	-0.00044564055861	0.000341934908647	-0.00388646824285
10.9294057018	-61.0	52.0486436480	0.00446595810354	0.000753783679102	-0.00353314704262
-1.63011116839	-61.0	49.2702909914	-0.00150300911628	0.000145495054312	-0.00431215623394
-1.22156786158	-61.0	50.5759119463	-0.00134752946906	0.000394063245039	-0.00371972983703
3.69628122448	-61.0	48.7453903236	0.000926367472857	0.000120895652799	-0.00452679628506
4.29859567231	-61.0	64.4535174128	0.00253071403131	0.00329546933062	0.00435040984303
9.34047760795	-61.0	62.4778733891	0.00524371117353	0.00264707114547	0.00203874148428
0.73765950405	-61.0	52.6199015110	-0.000411463086493	0.000827338721137	-0.00275623006746
11.3986588047	-61.0	55.1231036409	0.0050749136135	0.00129047094379	-0.00216745235957
2.42989239383	-61.0	54.1681157097	0.000496730324812	0.00116444099694	-0.00202210177667
-4.58341250196	-61.0	45.4859497163	-0.00266352691688	-0.000542236957699	-0.00607374031097
8.45067416431	-61.0	61.7399978052	0.00462607759982	0.00254864851013	0.00176934886258
-1.27447409738	-61.0	53.3860182661	-0.00145561073441	0.000953878858127	-0.00242015416734
2.47465811416	-61.0	44.4878151782	0.000345861539245	-0.000609001435805	-0.00633920077235
-12.0958736221	-61.0	58.3365845378	-0.00758435018361	0.00145103852265	-0.00100628694054
-4.27095591202	-61.0	63.1194159647	-0.00420217541978	0.00299530941993	0.00335987121798
-10.0748414648	-61.0	55.7241762144	-0.0061033652164	0.00107822706923	-0.00191844021901
2.54974160538	-61.0	66.9704478637	0.00140539580025	0.00375316990539	0.00657606869936
-9.70665146378	-61.0	54.8773504696	-0.0058003407903	0.000940329337027	-0.00227548088878
-9.10535631148	-61.0	48.2839549452	-0.00480607897043	-0.000169782753801	-0.0051860017702
4.11158252977	-61.0	44.9931916305	0.00103126023896	-0.000512897211593	-0.00614932179451
3.30776159706	-61.0	65.3952452025	0.00189953146037	0.00351676065475	0.00526639353484
1.23687187124	-61.0	68.2625976147	0.000316840101732	0.00395854143426	0.0077146361582
3.22506761636	-61.0	57.3503388703	0.00113118346781	0.00188038591295	-0.000384648039471
2.37212177720	-61.0	57.3019645000	0.000625573855359	0.00189093069639	-0.00040330318734
4.88917257166	-61.0	56.2078458373	0.00194953137543	0.0015799064422	-0.00104879273567
2.42506115535	-61.0	48.4779071046	0.000349145353539	6.00783932896e-05	-0.00462393974885
9.61511884106	-61.0	62.1822381180	0.0053392178379	0.00258634379134	0.00181206478737
1.7524692432	-61.0	58.3920362619	0.000312532763928	0.00219579576515	0.000217090535443
0.882255850402	-61.0	66.8130590357	-7.45073484723e-05	0.0038064760156	0.00672117155045
8.40527176411	-61.0	64.4016365965	0.00506506348029	0.00300927297212	0.00339693110436
-1.90101133670	-61.0	63.1633830072	-0.00253762211651	0.00340255908668	0.00372744165361
-8.87081573278	-61.0	47.4246100896	-0.00463413866237	-0.00030267922557	-0.00553796160966
8.43749305974	-61.0	61.0720216190	0.00450678449124	0.00242824316956	0.0013754775282
8.07046856372	-61.0	60.4113954297	0.00420257309452	0.00232071033679	0.00104323111009
8.85269188762	-61.0	61.8335987337	0.00486108474433	0.00254996493459	0.00175315479282
9.28277757606	-61.0	60.4045132767	0.00484366063029	0.00227750581689	0.000854938523844
7.87048458532	-61.0	47.0607246914	0.00268368073739	-0.000127905266709	-0.00544848525897
-2.91886194899	-61.0	45.1722381880	-0.00194145611022	-0.00056760647567	-0.00613366020843
-3.57397719139	-61.0	58.3586377584	-0.00311741721816	0.00200835173018	0.0001271769288
-0.880573419064	-61.0	66.8810860866	-0.00169971538708	0.0037978941109	0.00678533827886
-5.55203748998	-61.0	45.1539701912	-0.00306041515432	-0.000608343281783	-0.00627084681764
8.80215459288	-61.0	56.1565704495	0.00394889246672	0.00149727996904	-0.00135732279159
-10.9645804614	-61.0	55.3794538341	-0.00647363811731	0.000974098569714	-0.00220880541019
-0.597390113771	-61.0	59.3032322107	-0.00128058949485	0.00248189037666	0.000751817016862
-6.39039699899	-61.0	65.2458740006	-0.00589697854593	0.00311880861409	0.00440373364836
2.23592447974	-61.0	58.0996702651	0.000598052574787	0.00210061785765	4.78068686789e-05
-6.80712477434	-61.0	49.0343747919	-0.00384371494874	-9.32426331701e-08	-0.0046689780429
9.03754837771	-61.0	54.8837861262	0.00390175660141	0.00125808187295	-0.00201109657064
0.152609536223	-61.0	60.5711580024	-0.000746862904634	0.00293370266445	0.00161606213078
-10.3457474240	-61.0	62.6451285082	-0.00769004225731	0.00234810914844	0.00168758188374
-0.998232349712	-61.0	52.4482967989	-0.00128676800523	0.000765267235693	-0.00285725318827
-5.29819988896	-61.0	57.9520725235	-0.00403580302373	0.00178705132566	-0.000211809587199
-2.31961745474	-61.0	45.3978675674	-0.00169337925036	-0.000523159978911	-0.00601534638554
-0.86899082618	-61.0	60.6687069767	-0.0015560752945	0.00292315543629	0.00168526382186
-1.31658113543	-61.0	47.3358292121	-0.00131146924105	-0.000188634585356	-0.00515076890588
-1.77931891280	-61.0	54.0111075909	-0.00174441211857	0.0010753372917	-0.00213042623363
1.48328334679	-61.0	48.7594259515	-7.33723572921e-05	9.90569169517e-05	-0.0044964547269
-0.556635493397	-61.0	44.0441260059	-0.000915766519029	-0.000712794833817	-0.00654873251915
4.58404124511	-61.0	62.4348295844	0.0025198450312	0.00293782004155	0.00283086183481
9.19115612021	-61.0	52.7429055062	0.0037312482018	0.000868546194397	-0.00303890835494
2.45013772473	-61.0	55.7643156638	0.000580259773415	0.00151972216554	-0.00122301303782
8.62498605112	-61.0	64.6948792326	0.00524849910289	0.0030495012179	0.00352525152266
9.99895698734	-61.0	63.2170777853	0.00575163168833	0.00275666452944	0.00232992903329
-8.58332171198	-61.0	49.5633398581	-0.0046833534725	4.99630295963e-05	-0.00457882368937
4.91037786376	-61.0	45.1184356196	0.00136561831459	-0.000485847122036	-0.00611924333498
2.83950523020	-61.0	54.1168124819	0.000709999469109	0.00115333369467	-0.00205209548585
1.07593872336	-61.0	52.4217808282	-0.000241843285039	0.000790700025391	-0.00284760305658
7.45171387984	-61.0	53.9921148704	0.00302908755839	0.00110233854502	-0.00230716099031
10.6508036810	-61.0	59.9273469582	0.00547404354438	0.00215767114423	0.000365785614122
10.8359273958	-61.0	53.0645276168	0.00453970395029	0.000929031171836	-0.00306009291671
-5.85062530070	-61.0	48.9427307404	-0.00340773584321	4.61954141429e-06	-0.0046447343193
12.3219434654	-61.0	57.1403183388	0.00583524629474	0.00164297630545	-0.00133076845668
-4.95725608432	-61.0	49.9969100203	-0.00307021453045	0.000208773912163	-0.00412429915741
9.39034743814	-61.0	58.8176282646	0.00463643856347	0.00198296504095	-3.69954541384e-05
3.12848749556	-61.0	62.9560818826	0.00163688976318	0.00321745802648	0.00341888167895
-3.72886307869	-61.0	47.0115363208	-0.00236124126241	-0.00028179079527	-0.00537420110777
-3.09795474486	-61.0	57.0494044293	-0.00268963701092	0.00172026350629	-0.000604040513281
8.28820692913	-61.0	55.3963122084	0.0035973621998	0.00136066332925	-0.00168865034357
8.21148288377	-61.0	55.7704052249	0.00360557693057	0.00143244373612	-0.00149470590986
2.16641649284	-61.0	44.6822129240	0.000216839544009	-0.000581142667215	-0.00625472329557
-0.842931778717	-61.0	65.4752369920	-0.00166134268511	0.00370603520423	0.00574808241799
-1.94301599232	-61.0	65.1008318808	-0.002618921455	0.00358582520857	0.00532934768125
-2.41741136014	-61.0	45.8269253126	-0.00174852309283	-0.000455559667898	-0.0058342195116
-0.079497433214	-61.0	56.0801371288	-0.000866001821123	0.00158936588559	-0.00106416258495
-1.86904516695	-61.0	46.9596780418	-0.00154456519522	-0.00026065018028	-0.0053284089081
-4.75572737947	-61.0	62.3935420397	-0.00441140541807	0.00279574957676	0.0027392860502
-9.55935947791	-61.0	53.1594834513	-0.0055045238696	0.000638661906123	-0.00306030968204
12.3128334335	-61.0	54.3410082020	0.0054029901512	0.00115576153621	-0.00265805749223
-6.68705803220	-61.0	63.3727077135	-0.00573923252523	0.00276389461942	0.00304658594541
-6.05651590555	-61.0	61.6892056612	-0.00507106957957	0.00250978465192	0.0020365389064
-4.09739259707	-61.0	45.0080389234	-0.00243602343835	-0.000610287999734	-0.00625498592854
11.2707286395	-61.0	59.5874407240	0.00573244318366	0.00208620796911	7.87653698353e-05
-2.65598626135	-61.0	66.7210990830	-0.0032738156151	0.00367554021068	0.00642141280696
-7.03762969367	-61.0	63.2546722105	-0.00592712312937	0.00270994566381	0.00288598937914
-4.72999695579	-61.0	57.1499902347	-0.00361512880772	0.00164724397473	-0.000624019943643
3.78927915441	-61.0	55.5314294624	0.0013006204972	0.00145245203748	-0.00136431143619
-0.344076761428	-61.0	62.1580418179	-0.00118484348059	0.00341715756804	0.00291181984358
-5.40899409109	-61.0	52.5858847461	-0.00347668468021	0.000675134011544	-0.0029684046749
3.32478422743	-61.0	63.6325666510	0.00181410182267	0.00329430238344	0.00392286898568
3.65649604690	-61.0	57.2285267546	0.00136820739135	0.00183873239439	-0.000460216862848
7.27738277845	-61.0	65.9419723305	0.00464637158439	0.00328593095765	0.00462597887963
-6.53084825155	-61.0	58.8794565754	-0.00484717823565	0.00189496320672	0.000207856690395
-6.09099312815	-61.0	59.4572476177	-0.00470666959882	0.00205000443384	0.000602833752055
4.16356180687	-61.0	53.5490345367	0.00136017694604	0.00103267317172	-0.00235501863062
3.22426583972	-61.0	61.3840751319	0.00155813677702	0.00288532557897	0.00219408259727
-3.13704670536	-61.0	54.4313877359	-0.0024848843459	0.00112467235886	-0.00196615979075
6.13775070626	-61.0	46.8888724973	0.00193407956976	-0.000176523593836	-0.00541639467701
5.09685407448	-61.0	45.4291854660	0.00144952663686	-0.00043283062405	-0.00599383143708
-6.39853935287	-61.0	45.4020976297	-0.00343373254873	-0.000581945991144	-0.00621801568195
5.61719420960	-61.0	50.7671062236	0.00189414748456	0.000500235881191	-0.00369681278244
-3.35213790290	-61.0	49.1497801835	-0.00228755408898	9.20380334719e-05	-0.00442332867533
-8.31456290135	-61.0	62.9743331752	-0.00661725038663	0.00255101104267	0.00239991163835
4.99853475185	-61.0	50.4343584281	0.001588154817	0.000435857917182	-0.00382023863494
5.74866744366	-61.0	49.6166589467	0.00188982649706	0.000293506018352	-0.00421428121626
5.62115042894	-61.0	47.4831909926	0.00173464580439	-7.99238696345e-05	-0.00513675808907
-2.03440272004	-61.0	52.3042297210	-0.00180050090421	0.000714396766853	-0.00294916494749
-1.95101821493	-61.0	51.7373250757	-0.00173658877611	0.000603776483331	-0.00320935971104
-3.05585262543	-61.0	53.6577820725	-0.00238912017085	0.000963956350461	-0.00234100758098
-0.593143167755	-61.0	62.7854953772	-0.00141990894917	0.0035318355076	0.00347315869294
-0.395251351566	-61.0	44.2886250703	-0.000852777215187	-0.000672750058584	-0.00644116662443
-10.1431222860	-61.0	51.2634379119	-0.00555576151237	0.000295862701023	-0.00397903798148
2.90904941324	-61.0	64.7320983134	0.00156878400594	0.00348472152837	0.00485308794305
3.41504367357	-61.0	47.2829990541	0.000768185884226	-0.000136733302497	-0.00515533052385
6.54111969833	-61.0	54.2362426705	0.00260588270612	0.00115556851961	-0.0021283281967
3.91448927823	-61.0	46.1528537796	0.000964266306255	-0.000322783540469	-0.00565058644861
2.76860398556	-61.0	45.4002551373	0.000470806466183	-0.000458947644802	-0.00595301901922
-0.35360869478	-61.0	65.9833199650	-0.00121564918663	0.0037508837413	0.00615589460358
4.76051823126	-61.0	54.8683882340	0.00176121585537	0.00129954656586	-0.00172947405372
6.46231680622	-61.0	63.1373969518	0.00372591218911	0.00290010380559	0.00300146453083
-1.48397220471	-61.0	65.9075968872	-0.00223367055878	0.00368734193034	0.00601150188595
6.64732180938	-61.0	45.5646301305	0.00209891516715	-0.00039564591134	-0.00600821757689
-0.260287172137	-61.0	52.7538475137	-0.000919331389014	0.000840955181047	-0.00270227831788
-7.24000066981	-61.0	58.3482049698	-0.00513147376478	0.00173654244281	-0.000181202063686
-1.50980808709	-61.0	68.1632304148	-0.00231755478308	0.00391670968384	0.00764593062922
4.24254889879	-61.0	50.5568814251	0.00124158430845	0.000453593995189	-0.00374026386999
-7.27272898619	-61.0	65.1116167018	-0.00644797179848	0.00301950378343	0.00406064325944
3.81514547356	-61.0	45.7174260491	0.000915808195714	-0.000396332325181	-0.00583430100232
6.86140289646	-61.0	49.8613827492	0.00240917410702	0.000345000065863	-0.00416516745463
0.458655077371	-61.0	50.5098578266	-0.000547185831238	0.00040794844972	-0.00372415408492
-5.56462788274	-61.0	63.8332084561	-0.00512333074585	0.00295970053412	0.00362413330004
3.42925831068	-61.0	53.8025755071	0.0010004643118	0.00108637462836	-0.00221477914602
-1.57089092624	-61.0	48.2232269584	-0.00144716864452	-3.95531533286e-05	-0.00477087264881
-1.53373348626	-61.0	54.5840376187	-0.00163890083786	0.00120731792413	-0.00184371694922
7.60032707801	-61.0	47.9307562402	0.00261745112948	1.68737151398e-05	-0.00505514116958
6.54374406427	-61.0	47.7726087053	0.00214879843406	-2.12020295294e-05	-0.00505793746561
7.45493484652	-61.0	50.4327380639	0.00271902955137	0.000450091203675	-0.00394932134077
-12.0819427100	-61.0	54.1234545809	-0.00681097758934	0.000705767713953	-0.00293928571045
-3.51206659182	-61.0	61.8849467451	-0.00356560689397	0.00287089683115	0.00251989718527
8.77621222099	-61.0	64.1047273300	0.00522731151432	0.00294650695287	0.00313074374571
-6.97308937079	-61.0	51.7534161033	-0.00414455262944	0.000471725361422	-0.00346368970349
1.51461632934	-61.0	50.0313981541	-5.02450966451e-05	0.000331355404342	-0.00393472565338
3.44306576518	-61.0	46.0711043003	0.000762249343097	-0.00034121851786	-0.00567598408088
-4.65481540244	-61.0	64.7532919974	-0.00464664027095	0.0032126349397	0.00450623873621
5.81813826705	-61.0	46.4800850948	0.00178254512139	-0.000249270378845	-0.0055758995004
-9.83436963115	-61.0	49.4470677496	-0.00523262051865	3.97316262024e-06	-0.00474847201258
-10.1505918313	-61.0	54.1579610330	-0.00591003661975	0.000792790204287	-0.00266845151782
4.06628059272	-61.0	67.7112307873	0.00276065501384	0.00375744723715	0.00669958256185
5.67119718700	-61.0	49.0037868251	0.00182357756421	0.000184474149137	-0.00447968253866
-2.03752184485	-61.0	67.5257439398	-0.00277448818088	0.00381219526753	0.00711532961577
-1.24520392163	-61.0	67.8421072628	-0.00205589924008	0.00388658698648	0.00744443340227
4.01696988279	-61.0	44.3011065446	0.000984640442766	-0.000625374668743	-0.00644093286246
-5.04849010009	-61.0	44.6576235811	-0.00282327877358	-0.000678006967064	-0.0064550912939
0.988620913769	-61.0	58.0861503862	-0.000195174638066	0.00212542386726	3.41919367202e-05
0.424896372094	-61.0	46.8861353362	-0.000539210741408	-0.000240216570091	-0.00531551847234
-8.57673676267	-61.0	64.8249999855	-0.00720444181934	0.0028663626872	0.00349280890077
-4.74983931901	-61.0	59.5945738132	-0.00397836510092	0.00219889543951	0.00081946112914
9.09532009798	-61.0	64.3878469081	0.00546701811254	0.00298344390467	0.00322755821981
3.84609039105	-61.0	66.9734944815	0.00246433005668	0.00366989686154	0.00625625485554
2.08944672993	-61.0	59.5608764557	0.000621194893029	0.00251421844587	0.000939486548305
-11.8552215615	-61.0	52.7078718997	-0.00651134131476	0.000484197720652	-0.00353893381543
5.39144381768	-61.0	50.3581032017	0.00176614499651	0.000424375029979	-0.00386993587017
7.13287147589	-61.0	48.0821943524	0.00242224219255	3.78739568987e-05	-0.00495903939009
6.24360412886	-61.0	47.5467417396	0.00200765556656	-6.29319401924e-05	-0.00513918977231
6.01062351822	-61.0	46.0787771550	0.00185040512588	-0.000315484794555	-0.00575624080375
10.5009091960	-61.0	58.3204177083	0.00512075005099	0.00187039887533	-0.000458607799374
-5.46799891249	-61.0	46.8103280132	-0.00311062065884	-0.00034399193828	-0.00555139221251
-5.26443410278	-61.0	47.0673568482	-0.00303576979786	-0.000298596132779	-0.00542819453403
9.32013439736	-61.0	53.3878243841	0.00386214721948	0.000984313315712	-0.00275127543136
-10.9380953974	-61.0	50.7127512759	-0.00585646927357	0.00018529490626	-0.00431076670066
-3.03175414384	-61.0	45.6677655302	-0.00200686580501	-0.000490253267344	-0.00592506257817
1.97727571730	-61.0	56.3020814204	0.000337873556418	0.0016505443491	-0.000940365949646
3.81054867605	-61.0	49.7679770277	0.00101033248939	0.000305517780362	-0.00407998962328
-4.18492991121	-61.0	60.9682908667	-0.00385702447966	0.00257289526053	0.00178442872129
-8.22267875013	-61.0	58.8115274968	-0.00572349689901	0.00176369166002	-5.6043110817e-05
8.18023000401	-61.0	58.2813986029	0.00393215240911	0.00191311177332	-0.000176471439772
8.03414120590	-61.0	56.3602438240	0.00359189976007	0.00154768850189	-0.00117877672892
2.68664289720	-61.0	56.1464112493	0.000734752102289	0.00160593434703	-0.00102676264942
-2.71877215648	-61.0	65.2880518119	-0.00325709627941	0.00351243512705	0.00533866044134
-3.39806778006	-61.0	65.0242436119	-0.00376837258227	0.00340025313199	0.00499683618546
11.1071502040	-61.0	56.8195516395	0.00518369488418	0.00159300793894	-0.00130583730061
6.68126563296	-61.0	60.7718685133	0.00350614753552	0.00245486665517	0.00144845177419
7.40790098231	-61.0	54.8564299892	0.00309933698736	0.00126745621674	-0.00188326009084
1.87610319850	-61.0	46.0775006334	9.24101186683e-05	-0.000357378361514	-0.00565775623545
7.93596930109	-61.0	61.1758537017	0.00425306428224	0.00246795080602	0.00151682028081
-11.6743677471	-61.0	56.7258105711	-0.00704782828689	0.00117776438128	-0.0016926266253
-11.6584946608	-61.0	55.9885379486	-0.00690638460219	0.00104632088915	-0.00203307927586
-0.702960602207	-61.0	49.5732552506	-0.00108193361666	0.000216035958147	-0.00415734294802
12.3901918617	-61.0	56.2382922765	0.00572252413258	0.0014849571744	-0.00177673494909
11.7601760854	-61.0	56.5867959601	0.00546880532056	0.00154764321633	-0.00151392619591
-4.88322696395	-61.0	45.2613095311	-0.00278112082742	-0.00058196450118	-0.00618633348495
-2.57951158556	-61.0	50.5058402147	-0.0019889017567	0.000354636489647	-0.00378947844729
-1.86152304873	-61.0	50.3339177313	-0.0016435154248	0.000336762983352	-0.00384458410554
-3.43578863047	-61.0	54.1490641371	-0.00261961715296	0.00105443119537	-0.00211685081013
-11.2676486076	-61.0	55.6938852005	-0.00666908267885	0.00101496092975	-0.00210757134482
-8.59964699999	-61.0	57.3219576478	-0.00564851611853	0.00145197683014	-0.000913195312023
-8.6936055152	-61.0	56.6118574794	-0.00557652208954	0.0013109134743	-0.00129258818924
-8.20598951409	-61.0	56.7961381997	-0.00536513188854	0.00137191987596	-0.00113654055167
-8.14508720870	-61.0	57.4753498027	-0.00544671341777	0.00150736630894	-0.000772180326749
-9.49154623195	-61.0	57.8102780007	-0.00618062028661	0.00149552989751	-0.000788895529695
-9.4337204632	-61.0	58.3082193017	-0.00624605827034	0.0015929316869	-0.0005189156509
-9.07637963357	-61.0	56.4318937316	-0.00573482131585	0.00125740724616	-0.00143381382804
-9.08726300110	-61.0	57.1376769276	-0.00585883669555	0.00139029906131	-0.00107619294431
11.7033077223	-61.0	57.0522528600	0.00551484245807	0.00163026561495	-0.00127772556152
7.17080072958	-61.0	57.6193318977	0.00331665412523	0.00181247235741	-0.000436280563008
-11.0100530109	-61.0	57.7890363280	-0.00693015847355	0.00140884355642	-0.00105900329072
10.4516406639	-61.0	57.0023888933	0.0048875133507	0.00163219694514	-0.00112504512072
-10.7459292119	-61.0	53.7181253447	-0.00612994888797	0.000692489673384	-0.0029443546664
10.8923348085	-61.0	60.3383295135	0.00567477941513	0.00222664279863	0.00054400524823
9.73428848065	-61.0	60.4206769001	0.00508384173736	0.00226768595167	0.000790062884334
9.50273353088	-61.0	61.0922814471	0.00508006196469	0.00239545898512	0.00120767811313
10.4072155485	-61.0	61.1119525725	0.00556429708377	0.0023749563843	0.00105471652932
10.1397377535	-61.0	61.7746589784	0.00554667692631	0.00249943812378	0.00147617142648
1.21138680635	-61.0	57.3458277747	-7.77546374593e-05	0.00192050170153	-0.000380087294616
-2.22838304070	-61.0	48.1230915340	-0.00173920381349	-6.78535216139e-05	-0.00483360793442
-4.69858394893	-61.0	44.5090122741	-0.00266903312877	-0.000696055532899	-0.00649984646589
5.33272499770	-61.0	49.7389013255	0.00170683534816	0.000312243937515	-0.0041422015056
1.24986034310	-61.0	54.8029089635	-0.000119161712064	0.0013012267882	-0.00170445756521
1.23770945561	-61.0	53.7519478603	-0.000143395402119	0.00106990791392	-0.0022180378437
1.41665966146	-61.0	53.1904631347	-5.90230156376e-05	0.000952392816544	-0.00248633651063
0.429920773823	-61.0	67.5090431046	-0.000475757697131	0.00387897505425	0.00724907591939
9.78321051438	-61.0	61.4313249692	0.00529106007889	0.00244804075919	0.0013497461332
10.0455082045	-61.0	60.7065776908	0.00529841659591	0.00231117662042	0.000895679928362
-7.33437170961	-61.0	55.3095084099	-0.00471551297233	0.00112671230454	-0.00179953721818
-5.12122020946	-61.0	55.9061349344	-0.00366949127056	0.00135546165984	-0.00131567043718
7.47412540517	-61.0	47.0183812978	0.002511826111	-0.000140038871905	-0.0054392805323
-7.49710435303	-61.0	63.7812887083	-0.00630755024031	0.00276485853828	0.00312060001306
2.36048129215	-61.0	46.5338197599	0.000301968044369	-0.000275632570265	-0.00546433031559
-0.360289501051	-61.0	46.0695971488	-0.000869009934831	-0.000386864325264	-0.00567761063576
6.72481948263	-61.0	64.7530469025	0.00411638105288	0.00314583675936	0.00399783439934
7.06018364062	-61.0	65.5296642608	0.00444409577176	0.00324182631448	0.00441611884162
-11.6798214146	-61.0	51.9008117735	-0.00632975017652	0.000358918332495	-0.00387465185486
-11.4269958042	-61.0	51.7048673581	-0.00619094399735	0.00033410298056	-0.00393007602543
10.0026903818	-61.0	53.8489641443	0.00424006115645	0.00106634537224	-0.00260401424021
-3.98133329359	-61.0	54.5389877822	-0.00293411919847	0.00111668498721	-0.00194843311328
-11.0116277061	-61.0	52.2295964528	-0.006063840352	0.000432070926763	-0.00364678236656
6.26833892941	-61.0	48.2375482057	0.00205116160214	5.62559034734e-05	-0.00484207551926
5.95999852350	-61.0	47.5967883599	0.00188661902212	-5.71157470404e-05	-0.0051034479402
-0.707183482079	-61.0	44.2977894875	-0.000983712379821	-0.000675243441947	-0.00644329655915
-4.21582473449	-61.0	61.8526242268	-0.00400394480675	0.00276025105268	0.00241812458262
10.4840198230	-61.0	50.3584820477	0.00408678455278	0.000461758172605	-0.00424000434577
-3.06979654057	-61.0	65.6568026192	-0.0035538286902	0.00351431197487	0.00554734561592
2.18090762940	-61.0	52.1001705296	0.000304096116452	0.000735896232072	-0.00300028873608
3.05237197851	-61.0	51.9478917314	0.000728354032617	0.000711356464308	-0.00308142392896
-9.86977521052	-61.0	53.9123293991	-0.00574521534145	0.000760264345445	-0.00274839205667
8.93751488576	-61.0	53.5814247992	0.00370156532153	0.00101993198041	-0.00262461183593
-1.01117558561	-61.0	43.6727735769	-0.00109765178058	-0.000775659747887	-0.00671732937917
-0.0507355127002	-61.0	68.3226917725	-0.000919060024898	0.00397214153782	0.00784168578684
-0.426307047567	-61.0	66.8400371189	-0.0012807630701	0.00380798382685	0.00677887490019
-0.711052712852	-61.0	66.2392814274	-0.00154182070401	0.00375410122797	0.00632937112823
0.874183049245	-61.0	68.3594919079	-2.42489822995e-05	0.00397608662024	0.00782189704478
2.29342622322	-61.0	45.1896032998	0.000269766082056	-0.000498205074109	-0.00603905785829
2.33682921617	-61.0	45.9854788110	0.000289465999231	-0.000367344619008	-0.00569926016033
-6.19270198001	-61.0	55.3182932486	-0.00414805021137	0.00118187768385	-0.00169482862111
0.397412260317	-61.0	62.0234662402	-0.000533806567546	0.00338940368965	0.00279495166615
-4.91872505353	-61.0	58.8712728015	-0.00396303413436	0.00202029920183	0.00035810036934
-3.87500969313	-61.0	66.9839671732	-0.00431251246482	0.00361335184425	0.0063330293633
-1.86048509335	-61.0	60.5819482586	-0.00228924443945	0.00278728059493	0.00161669321824
9.22335752100	-61.0	48.2487577492	0.00334666040726	9.07581343199e-05	-0.00504343723878
10.4992035397	-61.0	53.3301128160	0.00441303476691	0.00097460282268	-0.00289980089292
-5.45857834275	-61.0	47.4031238304	-0.0031393787358	-0.000246752082603	-0.00529380934313
5.89912456869	-61.0	48.1283618555	0.00188348209485	3.39084690495e-05	-0.00487095536664
8.81342843389	-61.0	52.8379115446	0.00356316706166	0.000885336310603	-0.00296103442088
8.53010322132	-61.0	52.7327294224	0.00341866724193	0.000866243557539	-0.00298556825146
9.83847388672	-61.0	52.2062422992	0.00397731782869	0.000775198917836	-0.00334676518105
-3.13696744827	-61.0	48.2383280931	-0.00215069204569	-6.3675288402e-05	-0.00481543550268
-4.66379226310	-61.0	60.3529784770	-0.00404718192294	0.00237872311845	0.00131979444996
-4.20636775615	-61.0	60.5167339003	-0.00380198122002	0.00246746884659	0.00146967102773
-4.65510255893	-61.0	61.0193912603	-0.00414599012583	0.00252660224214	0.00177324481774
-9.55082431769	-61.0	60.4497549605	-0.00674516055733	0.0019909136463	0.000626114197075
-8.71389011435	-61.0	59.9747848277	-0.00620471406728	0.0019561748486	0.000518581073266
-7.99741043285	-61.0	59.8453959400	-0.00580088654533	0.00198117247783	0.00056745915208
-10.1210266838	-61.0	60.1006007413	-0.00696814060211	0.0018896991387	0.000315643264912
-9.41877921096	-61.0	60.0885813134	-0.00659843347967	0.00193127093371	0.000450397375971
-7.28739997692	-61.0	57.3330837889	-0.0049883434549	0.00152936216909	-0.000744984834455
-2.74737444965	-61.0	44.6767067529	-0.00185230723582	-0.000643149192911	-0.00633986433968
-2.07004995752	-61.0	44.6067039445	-0.00156432238873	-0.000644849787932	-0.00634664064273
0.544996235263	-61.0	67.0991592263	-0.00037769813207	0.00383727345616	0.00695088645443
-4.98474616574	-61.0	53.8305983606	-0.00338026927784	0.000933296454605	-0.00234941788949
-7.67139625091	-61.0	51.4084883483	-0.00443680305034	0.000389587687096	-0.00367717281915
5.77550171541	-61.0	66.7361673746	0.00382957351394	0.00348122045398	0.00551681872457
0.55886301942	-61.0	45.3005641524	-0.000465186167276	-0.000500260328408	-0.00599521957338
-5.63154404450	-61.0	66.2005537296	-0.00554427225143	0.00334428623319	0.00528620788828
-6.18013670231	-61.0	65.8578324240	-0.00586963351816	0.00324024120346	0.00488655967638
-0.130182430541	-61.0	43.6014727676	-0.000730368774384	-0.00077581818914	-0.00673025567085
-2.51636201948	-61.0	61.1478136036	-0.00281403469853	0.00285429460928	0.00202345149592
-1.50627605758	-61.0	65.3829250733	-0.00224899337627	0.0036503362935	0.00561001477763
-5.09759776175	-61.0	56.9867555532	-0.00379261281341	0.00158899568487	-0.000737378257327
2.53482722147	-61.0	52.8431054353	0.00050258875126	0.000887601752765	-0.00265745981596
0.423511252948	-61.0	44.9229636372	-0.000518041721079	-0.00056250434136	-0.00615810183808
7.27774261250	-61.0	56.1337332932	0.00318174832501	0.00151702738367	-0.00123040913604
1.75703944106	-61.0	56.6580092415	0.000225199808483	0.00173952488694	-0.000751457642764
2.48837322565	-61.0	56.5830141161	0.000648126122542	0.00171210418921	-0.000794212101027
-7.67532707539	-61.0	48.7523817896	-0.00421036826447	-6.55550684314e-05	-0.00485851289704
-7.32449567407	-61.0	48.0464045418	-0.00400222372264	-0.000175144756213	-0.005139678251
-2.24395645263	-61.0	44.9735028512	-0.00164846924599	-0.000589548784774	-0.0061949766241
-3.39476023130	-61.0	65.9427510205	-0.00382955069654	0.00351583212614	0.00568923540413
-8.58287721092	-61.0	62.6009453101	-0.0066885012202	0.00246147508733	0.00210380717181
-7.80365712982	-61.0	62.4313912775	-0.00620940560475	0.00249159056693	0.00217789574526
-11.4462603811	-61.0	51.3583326825	-0.00615904014558	0.000277458078926	-0.00408577080816
-8.16095710872	-61.0	60.2804839588	-0.00597256049514	0.00205392413773	0.00079390022438
-8.85433990105	-61.0	60.3686146260	-0.00635936530307	0.00202187569812	0.000717794173397
-5.41225365241	-61.0	51.8406281786	-0.00341604533605	0.000534098071512	-0.00331496773288
-5.83086171673	-61.0	52.0427656955	-0.00363198714331	0.000559390697163	-0.00324836443178
-1.53531807128	-61.0	54.2496184103	-0.00162537081633	0.00113344949204	-0.00200829957612
-6.88756154532	-61.0	65.3942821053	-0.00625628093258	0.00310086179525	0.00436219526455
-5.50608861398	-61.0	49.2183216938	-0.00327036716044	5.94632292632e-05	-0.00450192857534
-7.45745655561	-61.0	62.6393535823	-0.0060528088361	0.00255950842984	0.00238766660914
8.03619641188	-61.0	57.4972011244	0.00374578149058	0.00176622311119	-0.00058419816196
7.04080257258	-61.0	66.2249978555	0.00454625859857	0.00333055760711	0.00486198673025
10.5345834255	-61.0	54.7599700740	0.00460952147841	0.00122795882635	-0.00223253015429
10.1659507796	-61.0	54.2251245718	0.0043640746735	0.00113332341425	-0.0024444013834
10.8670049136	-61.0	54.5255570357	0.0047380165197	0.00118565710727	-0.00238341558725
-4.45648144766	-61.0	44.8086002272	-0.00257980311289	-0.000646439788397	-0.0063584712334
1.32071642448	-61.0	59.5027871981	9.11892348086e-05	0.00254070013762	0.000895108969416
-3.97829091378	-61.0	57.0467261505	-0.00318785943091	0.00166928279214	-0.000640484504402
-3.85484869625	-61.0	56.6087292117	-0.00306958379224	0.00157588964794	-0.000873599434271
-5.29283313859	-61.0	47.6882212380	-0.00308250891976	-0.000196470384253	-0.00516013614833
-5.42117581690	-61.0	48.0442765465	-0.00315982522443	-0.000139263807796	-0.00501239299774
10.7808665813	-61.0	58.6250030017	0.00531324651092	0.00192109262571	-0.00034282085835
2.28956496605	-61.0	60.8516326276	0.000879591563717	0.00286749354564	0.0018311208114
-8.30680677790	-61.0	60.7492033303	-0.0061445129104	0.00213351403363	0.00104375020601
-9.03089795867	-61.0	60.8783063999	-0.00656065577641	0.0021064511966	0.000976718147285
-2.28259351349	-61.0	54.2594806808	-0.00202315603383	0.00111507938709	-0.0020225585904
0.920937477852	-61.0	49.8648035684	-0.000328609981807	0.000293160061119	-0.00400967942551
-11.1418046183	-61.0	55.0418509390	-0.00650540553033	0.000905840774067	-0.00239090481773
2.24275316933	-61.0	43.8268046045	0.000250520068221	-0.000715198577382	-0.00661926530302
-1.80740931358	-61.0	49.6468929556	-0.00159612903371	0.000210791593418	-0.00414996221662
-7.89365424518	-61.0	46.6672669463	-0.00415426492691	-0.000406539824326	-0.0057825515978
10.7176548857	-61.0	56.6687126564	0.00496853562072	0.0015692433808	-0.00132723432034
7.43041454002	-61.0	56.5234743810	0.00330746779218	0.00159041467123	-0.00104122492485
6.97424584736	-61.0	48.8691185331	0.00239795469679	0.000172175859916	-0.00460743391886
-6.55449502810	-61.0	54.4451492994	-0.0042235921137	0.000992660643533	-0.00215882225893
5.09916299181	-61.0	46.9628674167	0.00149059016258	-0.000174062530277	-0.00533920573071
-1.79775148418	-61.0	61.9407641792	-0.00237687933259	0.0031797606498	0.00268516363576
11.8487413130	-61.0	55.3528994930	0.00532496580854	0.00133044936229	-0.00211929879151
-8.89487556123	-61.0	54.3880518383	-0.00534723326564	0.000884820881765	-0.00241244235076
-8.71526004037	-61.0	53.9900240977	-0.00521049695089	0.000819053559098	-0.00258184061386
-9.52028972244	-61.0	54.1464214543	-0.00561154307798	0.000815787760075	-0.00259810662828
2.56777543599	-61.0	48.0755998020	0.000407429150073	-9.05240085558e-06	-0.00480045331642
-3.75754676429	-61.0	53.8187759538	-0.00275967246853	0.000974625116214	-0.00229173037224
-8.42856712778	-61.0	61.2272281390	-0.00630857143551	0.00221567857079	0.00130455114413
-9.20745601629	-61.0	61.3879981738	-0.00676656560972	0.00219015823677	0.00123537122272
-8.16739954341	-61.0	62.0773786877	-0.00634165247902	0.00239609321579	0.00187641649973
-8.96663034668	-61.0	62.3274529375	-0.00684355851263	0.00238239113241	0.00184639892541
-4.98893368878	-61.0	51.7379711654	-0.00320639996789	0.000527025840711	-0.00333717721514
-5.00114752310	-61.0	52.4118124742	-0.00326494383626	0.000654620176647	-0.00302537693642
8.91618612742	-61.0	47.6737369695	0.00317203183658	-1.0156190001e-05	-0.00526575697586
-3.70369899778	-61.0	65.3465839485	-0.00402144482359	0.00340620125644	0.00517303869128
-7.22142925866	-61.0	54.5576997776	-0.00456376746297	0.000986328581348	-0.00216091191396
-1.65114681142	-61.0	60.8996162701	-0.00216980045661	0.00291123706847	0.00185501866508
9.48427077282	-61.0	48.0010633262	0.00344209675677	5.29591634404e-05	-0.00517359841615
-7.43474235369	-61.0	63.2877069969	-0.00616942625493	0.00268078409135	0.0028135299217
-5.2351747551	-61.0	66.0047550431	-0.0052255266346	0.00334829627536	0.00526145100594
-5.82032656675	-61.0	65.6421946955	-0.00558102363721	0.00323652173392	0.00484027341008
3.79358698427	-61.0	64.9545821630	0.00222284393385	0.00341493496671	0.00483033433557
3.60719946352	-61.0	64.6339116332	0.00206992286257	0.0033936384134	0.0046341875568
9.09204746605	-61.0	58.0122409860	0.0043586557731	0.00183996418491	-0.000429103616625
8.62928901512	-61.0	56.6329200491	0.00392674701288	0.00158953457139	-0.00109703396447
8.98651680522	-61.0	58.4989128714	0.00437930971384	0.00193334219512	-0.000155316913151
9.47876932326	-61.0	58.3791854087	0.00461199181154	0.00189992506057	-0.000283900008071
9.88510441431	-61.0	56.8352586065	0.00458141602576	0.00160858570598	-0.00113662704825
9.1955573806	-61.0	56.9460629006	0.00425386475399	0.00163901492488	-0.00099799502641
8.46096206253	-61.0	57.1794163727	0.00391739001498	0.0016961642541	-0.000796110194642
9.77293705416	-61.0	57.1645151959	0.00457422062755	0.00167057325598	-0.000955248076934
9.16127824790	-61.0	57.4747777472	0.00431338744238	0.0017382040387	-0.000720351585187
5.46823583027	-61.0	45.5583962587	0.00160766311456	-0.000408082123613	-0.00595332402736
4.66677622916	-61.0	64.2207490921	0.00275232084095	0.00322459707968	0.00410261657089
-9.75237137130	-61.0	60.7545126352	-0.00691875768825	0.0020351766143	0.000755051209126
-3.76964582200	-61.0	45.3335691419	-0.00230975914747	-0.000554347818252	-0.00609980942681
-8.52065317850	-61.0	61.7206597610	-0.00646281149238	0.00230201054364	0.00158184859902
-9.31119875892	-61.0	61.9063297982	-0.0069393417798	0.00227975728922	0.001515303622
6.22044696990	-61.0	55.3486675776	0.00255611119792	0.00137865857687	-0.00155796424951
-6.38420955516	-61.0	53.3916259827	-0.00402495777234	0.000795756932348	-0.00265460810624
-6.82929948310	-61.0	53.7062608926	-0.00427398504689	0.000839160289615	-0.00253927684389
2.45796817385	-61.0	49.8494595419	0.000387047912227	0.000307902198983	-0.00402100197971
2.65823638242	-61.0	49.1932180272	0.000466542813228	0.000190386883332	-0.0043130684644
3.50378027402	-61.0	49.4261622513	0.000858629413415	0.000240818728344	-0.00422410201281
3.16426084087	-61.0	49.0707971688	0.000694347138051	0.000173581182025	-0.00437403423712
2.96399263230	-61.0	49.7270386834	0.000618687190581	0.000290417519864	-0.00408163899556
2.78116416198	-61.0	50.4110219755	0.00055075524142	0.000415196322137	-0.00377460476011
2.53822445381	-61.0	51.0849441519	0.000452619278803	0.000540598819498	-0.00346820731647
1.98913247572	-61.0	49.9313372231	0.000170290848473	0.000318104634061	-0.00398092390969
2.27452213458	-61.0	49.2866966674	0.000292650918709	0.000203170668101	-0.00426813727245
-6.16743794601	-61.0	60.2750706444	-0.00488866725937	0.00221378239803	0.0010998720536
-5.79110684745	-61.0	59.7074991120	-0.00458346772939	0.00212840922177	0.000790371908806
4.22509524919	-61.0	66.4706787425	0.00268332171254	0.00357451755553	0.00580023182556
1.70857555495	-61.0	59.2668899825	0.000341952807503	0.00245005916804	0.000748908612877
3.10548492519	-61.0	60.9416776402	0.00143290543929	0.00279392278753	0.00187595479656
5.90616605074	-61.0	55.2063265672	0.0023813766893	0.00135446805507	-0.00161197083071
6.26833033406	-61.0	53.2942102435	0.00238625262864	0.000975100672804	-0.00256497319788
5.77384189468	-61.0	54.4375529464	0.00224140752107	0.00120176328346	-0.00198725890368
5.52457446167	-61.0	54.7818774492	0.00214631855488	0.00127341155894	-0.0018049281789
6.13050602853	-61.0	54.9195070433	0.00246698199771	0.00129408261273	-0.00176798156463
6.08406887015	-61.0	54.0573320495	0.00236233160831	0.00112409587018	-0.00218900176696
6.76660784288	-61.0	53.8394232638	0.00267910235561	0.00107737467624	-0.00233411509544
5.28965180261	-61.0	44.7958449980	0.00151623832062	-0.000535810599104	-0.00626973062754
-11.8554544249	-61.0	55.2766983714	-0.00688120909035	0.000910594302695	-0.00238930224441
1.40394491054	-61.0	58.7084294555	0.00010325882613	0.00229690410197	0.000402641540859
11.1620193503	-61.0	51.7441962573	0.00453940313309	0.000703485566191	-0.0036964926403
-4.79643264360	-61.0	46.9333391193	-0.00282434746623	-0.000312606542138	-0.00546031910926
5.80799055104	-61.0	66.2168777689	0.00375203439035	0.00341743393801	0.00516985310242
-11.1016061049	-61.0	51.8656842810	-0.00606150971726	0.000369380053598	-0.00381953129545
-3.40333144908	-61.0	47.3536947084	-0.00223263516091	-0.000219171561184	-0.00521177612245
-3.50641018135	-61.0	47.8525786770	-0.00229933089577	-0.000136495495099	-0.00499902805313
-2.75464683241	-61.0	64.8725490984	-0.00326860137284	0.0034640324302	0.00500993337482
7.85809374454	-61.0	54.6003549328	0.00329276686534	0.00121447595302	-0.0020437669009
1.76171105494	-61.0	44.9442827074	4.61571617052e-05	-0.000543521076906	-0.00614202953875
4.19274635640	-61.0	49.7291459212	0.00118464103434	0.000301656225929	-0.00410709343851
-5.40032938699	-61.0	59.9931474561	-0.00441215047613	0.00222516153008	0.00101249932777
-0.98205112757	-61.0	64.0313643648	-0.00178462697659	0.00363059272058	0.00456471741199
-3.24668369305	-61.0	48.7160456474	-0.00222029723227	1.75209079316e-05	-0.00461025349796
-2.90435205156	-61.0	49.8689726368	-0.00211364473216	0.000230385543546	-0.00408651027828
-4.86206203608	-61.0	46.6319692242	-0.00283783534542	-0.000362925347872	-0.00559425959364
-2.52129859508	-61.0	47.8258438326	-0.00185996096116	-0.000124081241665	-0.00497294217348
11.8991690832	-61.0	59.4914843461	0.00603765714914	0.00206110300496	-8.2609927631e-05
-3.02293448222	-61.0	55.8577486458	-0.00253627682105	0.00144451996312	-0.0012389809126
-3.33978995359	-61.0	55.6005195368	-0.00268742023036	0.00137281056959	-0.00138381496072
-3.51347413616	-61.0	56.2994743930	-0.00284839631058	0.00152288924437	-0.00102471653372
-5.23061235665	-61.0	45.3711694247	-0.00293433945626	-0.000569828553125	-0.00615847902372
1.50250837196	-61.0	57.0673350395	9.01510284166e-05	0.00184527656529	-0.00053130852757
2.28927783349	-61.0	56.9424414812	0.000553779536858	0.00180294853635	-0.000599721970502
2.94627825770	-61.0	57.0360927373	0.000944095721934	0.00181218876969	-0.000553992285859
0.240914511917	-61.0	57.1358779357	-0.000681658100802	0.00186335202307	-0.000501163536683
8.89172397791	-61.0	64.6771480917	0.00540324207395	0.00303791533224	0.00345060764812
-5.00997113582	-61.0	60.2587779044	-0.0042328638956	0.00232137273997	0.00122436892707
9.66409355060	-61.0	53.8565913173	0.00407966179773	0.00106820336077	-0.00256515992805
2.54862087052	-61.0	64.6479681609	0.00129290414043	0.00351855042391	0.00485662184656
-1.66090675917	-61.0	66.7077125364	-0.0024043333251	0.0037434224505	0.00657886546105
0.0809677062356	-61.0	58.8667231181	-0.000793293002062	0.0023598195985	0.000485733355163
-0.14777370744	-61.0	58.5323571225	-0.000945621228311	0.00225346791558	0.000284300534986
0.295941941268	-61.0	58.1134133940	-0.000646809348837	0.00213482836261	4.41799165856e-05
-0.435883449543	-61.0	58.1129000430	-0.00112729426473	0.00212286948226	3.81812860724e-05
5.88365504510	-61.0	53.1808306275	0.0021888774354	0.000954543589614	-0.00259841652587
5.21269976196	-61.0	53.0452680136	0.00184935668949	0.000929936592001	-0.00263176625594
5.54974489508	-61.0	53.5527972812	0.0020542263519	0.00102821551263	-0.00240526767448
8.55479147111	-61.0	53.8589921496	0.00354884890839	0.00107191188727	-0.0024590624962
3.69883155347	-61.0	47.0037911730	0.000886465306394	-0.000181352108484	-0.00528107676655
-2.09048609821	-61.0	50.1409325350	-0.00174458115362	0.000296465645079	-0.00393771845847
-11.5916485146	-61.0	53.9173653214	-0.00655241124332	0.000692600442562	-0.00296376785263
-5.17488716038	-61.0	62.3260335874	-0.0046559702605	0.00273080472834	0.00262286607176
6.73497976174	-61.0	59.6141635451	0.00336559256539	0.00222554896027	0.000738662027288
7.84412656028	-61.0	59.3072569937	0.00391057319939	0.00212029437535	0.00043470095261
9.45368954280	-61.0	51.9824479257	0.0037754313089	0.000734295870643	-0.00341163366102
7.67431528672	-61.0	56.2537060779	0.00339709012769	0.00153338117525	-0.00120142754167
10.5846477748	-61.0	56.8355507749	0.00492806918919	0.00160059705377	-0.00122638233006
9.88989834256	-61.0	60.5636272955	0.00519086280838	0.00228942045942	0.000843275978696
9.64297202263	-61.0	61.2618032082	0.00518522271886	0.00242175348103	0.0012791082263
10.2263618765	-61.0	60.9092651316	0.00543083390221	0.00234305090271	0.000975797011051
9.96147413392	-61.0	61.6029919738	0.00541841937229	0.0024736886844	0.00141355826054
1.35694758915	-61.0	57.2065814071	6.89717171554e-06	0.00188268185593	-0.000455847970443
-2.37484081789	-61.0	47.9744676833	-0.00179976329673	-9.60380275501e-05	-0.00490322383121
-4.57753269829	-61.0	44.6588062507	-0.00262450706214	-0.000671314483043	-0.0064290901646
1.32718455853	-61.0	53.4712054975	-0.000100861179817	0.00101076334249	-0.00235264748335
0.487458504543	-61.0	67.3041011655	-0.000426601909567	0.00385759049095	0.00710029061884
-7.46592335336	-61.0	63.5344978526	-0.00623807543889	0.00272294459864	0.0029670454096
2.34865525416	-61.0	46.2596492855	0.000295547186397	-0.000321650877595	-0.00558188557625
-11.5534086094	-61.0	51.8028395658	-0.0062602609396	0.000346551183611	-0.00390223925933
-11.4366280927	-61.0	51.5316000203	-0.00617488240823	0.000305743102217	-0.00400797277689
-11.2643009545	-61.0	51.7852758195	-0.00612629204988	0.000351648690412	-0.00387469027191
10.0843205807	-61.0	54.0370443581	0.00430181715637	0.00109984632581	-0.0025242746342
9.83339196622	-61.0	53.8527777308	0.00415990455076	0.0010672416538	-0.00258440291509
-11.0566169055	-61.0	52.0476403669	-0.00606257980689	0.000400642049499	-0.00373323843814
6.08373174905	-61.0	48.1829550306	0.00196725409478	4.50856350653e-05	-0.00485630845651
-3.23227838594	-61.0	65.7997768199	-0.00369121227413	0.00351446168497	0.00561927305534
-9.69503246648	-61.0	54.0293754267	-0.00567844184116	0.000787914264947	-0.00267332745716
8.74615317843	-61.0	53.7202084744	0.00362539524212	0.00104576884769	-0.00254179420881
2.02756863908	-61.0	45.0669430036	0.00015778040688	-0.0005208850489	-0.00609020655975
-1.75581595238	-61.0	60.7407822643	-0.00223057135008	0.00284902588464	0.00173465721309
9.35381414691	-61.0	48.1249105377	0.00339444330893	7.1787100751e-05	-0.0051084542647
-5.37570574067	-61.0	47.5456725342	-0.00311099155806	-0.000221678274102	-0.00522697763517
8.67176582761	-61.0	52.7853204835	0.00349088199437	0.000875798228662	-0.00297316792421
9.64608171476	-61.0	52.0943451124	0.00387620949186	0.000754765409511	-0.00337896961719
-3.32168881481	-61.0	48.0454533850	-0.00222528260201	-0.00010021727212	-0.00490715960041
-3.19182557066	-61.0	48.4771868702	-0.00218530208804	-2.32050733757e-05	-0.00471296394244
-4.43508000963	-61.0	60.4348561887	-0.00392551347613	0.00242245383561	0.00139501853846
-4.83688169946	-61.0	60.3058781907	-0.00414046039805	0.00234975130297	0.00127232354134
-9.48480176433	-61.0	60.2691681369	-0.00667149573565	0.00196113297716	0.00053826731164
-9.65159784450	-61.0	60.6021337979	-0.00683166040108	0.00201306724921	0.000690797867719
-8.78411500770	-61.0	60.1716997269	-0.00628171069548	0.00198909314349	0.000618169957306
-8.07918377078	-61.0	60.0629399494	-0.00588634843007	0.0020176586695	0.000680640339851
-2.15700320508	-61.0	44.7901033979	-0.00160628487356	-0.000617260462604	-0.00627079932019
5.79174613322	-61.0	66.4765225717	0.00378810847178	0.00345045700669	0.00534354103729
0.491187136184	-61.0	45.1117638948	-0.000491718470585	-0.000531469937414	-0.00607665628195
-5.4333593998	-61.0	66.1026543863	-0.00538456114009	0.00334599148482	0.00527465296909
-6.00023163453	-61.0	65.7500135598	-0.0057248682715	0.00323811778799	0.00486415950581
7.35407857626	-61.0	56.3286038371	0.00324433064088	0.00155377283227	-0.00113601784687
7.47602894961	-61.0	56.1937196856	0.0032894667238	0.00152522255667	-0.00121556781232
1.62977390651	-61.0	56.8626721405	0.000158349444973	0.00179193599615	-0.000641792896204
2.38882552957	-61.0	56.7627277987	0.00060128205223	0.00175717193633	-0.000697280629538
-8.77475377880	-61.0	62.4641991238	-0.00676655396819	0.00242179026827	0.00197459990159
-7.63055684271	-61.0	62.5353724299	-0.00613158056512	0.00252541597001	0.00228245602921
-7.98552833662	-61.0	62.2543849826	-0.0062761567533	0.00244371360168	0.00202635489404
-8.23388194331	-61.0	60.5148436445	-0.00605813227594	0.00209383899346	0.000918732082937
-8.94261892986	-61.0	60.6234605129	-0.00645944988355	0.00206427322701	0.000847256567795
-5.62155768457	-61.0	51.9416969370	-0.00352389109321	0.000546817260329	-0.00328145571984
-5.20059367060	-61.0	51.7892996720	-0.00331121659838	0.00053062097868	-0.00332584325224
8.24857923721	-61.0	57.3383087486	0.00383187783882	0.00173091434408	-0.000690328655764
10.7007941696	-61.0	54.6427635549	0.00467386143282	0.00120668835007	-0.00230796518736
1.51464598971	-61.0	59.3848385903	0.000218103596126	0.00249515078031	0.000821757945232
-3.91656980502	-61.0	56.8277276811	-0.00312822149135	0.00162255240139	-0.000757645699196
-3.68416141620	-61.0	56.4541018024	-0.0029586260207	0.00154960202053	-0.00094924971927
-5.35700447775	-61.0	47.8662488923	-0.00312102446333	-0.000167916528881	-0.00508630042896
-8.36768695284	-61.0	60.9882157346	-0.00622613960877	0.00217471411452	0.00117402081378
-9.11917698748	-61.0	61.1331522868	-0.00666301418096	0.00214840658009	0.00110610295087
7.55236491337	-61.0	56.3885902295	0.00335238245316	0.0015617639292	-0.00112147431355
-8.80506780080	-61.0	54.1890379680	-0.00527854729444	0.000851945078466	-0.00249720551074
-8.47461015314	-61.0	61.4739439500	-0.00638529704884	0.00225896039046	0.00144301424734
-9.25932738760	-61.0	61.6471639860	-0.00685242144391	0.00223505147733	0.00137520267162
-8.34402636096	-61.0	61.8990192243	-0.00640276214108	0.00234891683795	0.00172836601269
-9.1389145528	-61.0	62.1168913678	-0.00689193606377	0.00233097164892	0.00167992454953
3.70039322390	-61.0	64.7942468981	0.00214597699232	0.00340404943563	0.00473315641284
9.03928213563	-61.0	58.2555769287	0.00436884025112	0.0018866113387	-0.000292808806989
9.28540839466	-61.0	58.1957131974	0.0044850083068	0.00187001028098	-0.000356063508661
9.12666285698	-61.0	57.7435093666	0.00433578062803	0.0017890445888	-0.000575378129724
8.54512553882	-61.0	56.9061682109	0.00392191903666	0.00164269469678	-0.00094731739955
9.23264306424	-61.0	58.4390491401	0.00449588987976	0.00191641214769	-0.00021936793928
9.82902073423	-61.0	56.9998869012	0.00457776524127	0.00163953064475	-0.00104618328623
9.17841781425	-61.0	57.2104203239	0.00428334949538	0.00168858154211	-0.000859738676809
6.06330651032	-61.0	55.2774970724	0.00246871914715	0.00136661867145	-0.00158479542006
6.17547649922	-61.0	55.1340873105	0.00251123332419	0.00133634451777	-0.00166331871878
-6.60675451913	-61.0	53.5489434376	-0.0041492190212	0.000817573920358	-0.00259668240324
2.71098040307	-61.0	49.7882491127	0.000503103772644	0.000299176841509	-0.00405102269724
2.22355032479	-61.0	49.8903983825	0.000278830091702	0.000313032680424	-0.00400071032345
2.91124861165	-61.0	49.1320075980	0.000580663327128	0.000181997515028	-0.00434324983507
2.46637925850	-61.0	49.2399573473	0.000379723263904	0.000196788983885	-0.00429043592885
3.33402055745	-61.0	49.2484797100	0.000776118424255	0.000207171498914	-0.00429898919538
-5.59571811722	-61.0	59.8503232840	-0.00449839513749	0.00217633042485	0.000901090854313
6.01833603963	-61.0	55.0629168053	0.00242430507205	0.00132413802203	-0.00169009855017
6.07599268958	-61.0	53.2375204355	0.00228755106218	0.000964864855632	-0.00258145923726
5.64920817817	-61.0	54.6097151978	0.00219402718358	0.00123740476556	-0.00189626216888
5.92895538242	-61.0	54.2474424979	0.00230210926384	0.00116269895807	-0.00208828574978
-4.82924733984	-61.0	46.7826541717	-0.00283109094016	-0.000337824953021	-0.00552731286734
-3.45487081521	-61.0	47.6031366927	-0.00226580305025	-0.000177966954652	-0.0051055024378
-5.20515026140	-61.0	60.1259626802	-0.00432315794751	0.00227278261445	0.00111814052798
-3.18136221790	-61.0	55.7291340913	-0.00261230813339	0.00140849640593	-0.00131138518918
-0.0334030006021	-61.0	58.6995401203	-0.000870386662427	0.00230644154362	0.000384375569411
-0.291828578492	-61.0	58.3226285827	-0.00103781477083	0.0021877377294	0.000160434341524
5.71669997009	-61.0	53.3668139543	0.00212183245458	0.000991171691567	-0.00250192382373
12.6977300684	-61.0	55.7598935460	0.00579741131514	0.0014020827366	-0.00205153785646
12.6976914455	-61.0	56.2421403613	0.00587349198759	0.0014857215574	-0.00182303017937
12.4223881083	-61.0	55.8930737988	0.00568422116339	0.00142480095383	-0.00194619747344
12.5450959308	-61.0	56.1191461383	0.00577937019989	0.0014642176684	-0.00185754685663
12.6795754842	-61.0	55.2800239303	0.00571516156197	0.00131908524781	-0.00227432046086
12.4542318959	-61.0	55.3725675070	0.00562028121203	0.00133445172105	-0.0021970202215
12.4178486508	-61.0	55.6530102602	0.00564511539415	0.00138305302244	-0.0020593078807
12.6432922722	-61.0	54.8011837006	0.00562665564939	0.00123644212727	-0.00249226321466
12.4406200139	-61.0	55.1328471993	0.0055780056864	0.00129291100893	-0.00230756867677
12.4579264522	-61.0	54.8963835648	0.00555162178352	0.00125209556427	-0.00242065289058
12.5889323084	-61.0	54.3240574790	0.00553212407976	0.00115424918476	-0.0027052660007
12.4352616072	-61.0	54.6573492282	0.00550621375442	0.00121078174561	-0.0025286951568
12.4656005324	-61.0	54.4516859181	0.00549139082432	0.00117551267613	-0.00262847309932
12.5165733141	-61.0	53.8493274368	0.0054317782633	0.00107260327786	-0.00291329598986
12.3518335739	-61.0	54.0485665769	0.00538100814447	0.00110570760444	-0.00279857567511
12.4339151296	-61.0	54.2136793121	0.00544285029173	0.00113447755575	-0.00273398286663
12.4261614209	-61.0	53.3769269277	0.0053256615065	0.000991444452666	-0.00311661162414
12.2336686946	-61.0	53.5880605509	0.00526294670999	0.00102612550836	-0.00299383164383
12.3111729154	-61.0	53.8119279915	0.005329514388	0.00106492207851	-0.00290178298019
12.3171503773	-61.0	52.9051968427	0.00521336728707	0.000910455361009	-0.00331609114073
12.1839195050	-61.0	53.3523860410	0.00520854210481	0.00098552252166	-0.00309485942125
12.0913763602	-61.0	53.1326003529	0.0051367287524	0.000947364664171	-0.00318276579492
12.1896441737	-61.0	52.4359328121	0.00509527465329	0.000829904107377	-0.00351116899401
11.9950657097	-61.0	52.6472350360	0.00503078987822	0.000863996450789	-0.00339050311595
12.0320892648	-61.0	52.8966408971	0.00507908593863	0.000906711211428	-0.0032822706271
12.0452775003	-61.0	51.9749173996	0.00497288722545	0.000750737381168	-0.00369966845028
11.9268756816	-61.0	52.4140149156	0.00497060548514	0.000823831534944	-0.00348714715801
11.9108165300	-61.0	52.1779026711	0.00493483198807	0.000783693394624	-0.00359146669507
11.8838708137	-61.0	51.5207573761	0.00484594888985	0.000672676484101	-0.00388242932968
11.7540135488	-61.0	51.7231410203	0.00480941543356	0.000705366430338	-0.00377596938051
11.8347182378	-61.0	51.9501744137	0.00487283617258	0.000744483550079	-0.0036842294503
11.7038336337	-61.0	51.0694545662	0.00471330108121	0.000594985380303	-0.00406122580171
11.6687024595	-61.0	51.4968023177	0.00474458560348	0.000666348671075	-0.00386672071181
11.5125944128	-61.0	51.3080628172	0.0046521439217	0.000632925191894	-0.00393222458661
11.5073139199	-61.0	50.6267583017	0.00457659550011	0.000518615706824	-0.0042339740321
11.3217412609	-61.0	50.8388409446	0.00451469048858	0.00055192806758	-0.00411853566766
11.4178635407	-61.0	51.0831963431	0.00458444282413	0.000594061217271	-0.0040211728774
11.2958396812	-61.0	50.1953461863	0.0044367662631	0.00044398981845	-0.00439989473671
11.2200518846	-61.0	50.6210633644	0.00444588065147	0.000514212239068	-0.00420339684933
11.1362118036	-61.0	50.3963943489	0.00438504898921	0.000475566484965	-0.00429325271398
11.0671793945	-61.0	49.7704301714	0.00429229997098	0.000370226625819	-0.00456103309989
11.0264689025	-61.0	50.1828349780	0.00431424379349	0.000438484770712	-0.00437526125461
10.8955056599	-61.0	49.9941474603	0.00423692725599	0.000405285391025	-0.00444402731955
10.8218620924	-61.0	49.3533993009	0.00414358917624	0.000297524151392	-0.00471700914204
10.6675036744	-61.0	49.5852003284	0.00409618997946	0.000334010226652	-0.00459925085306
10.7765907100	-61.0	49.7828883975	0.00416342960671	0.00036845356226	-0.0045240810141
10.5604946008	-61.0	48.9455011668	0.00399104133248	0.000226045449381	-0.00486753834412
10.5411626009	-61.0	49.3794943237	0.00402108533308	0.000297989987303	-0.00467615341768
10.4132215570	-61.0	49.1769242908	0.00394615996629	0.000262455840129	-0.00475158216432
10.2845233232	-61.0	48.5489208826	0.00383548345417	0.000156130830874	-0.00501199765131
10.2782163561	-61.0	48.9748232304	0.00386875704862	0.000226879914408	-0.00482616154477
10.0970800474	-61.0	48.7777737016	0.00377205386758	0.000191472528968	-0.00489412713796
9.99404417209	-61.0	48.1636053516	0.00367693067528	8.77521597431e-05	-0.0051505966112
9.87792932757	-61.0	48.3404521600	0.00364013598301	0.000115399801871	-0.00506298057735
9.95620979654	-61.0	48.5833342980	0.00369399646297	0.000157032874995	-0.00496506039053
9.68897764961	-61.0	47.7894146308	0.00351534853689	2.08373421628e-05	-0.00528356060386
9.72833752911	-61.0	48.1496722020	0.00355979567394	8.13884034869e-05	-0.00513158692047
9.66345102320	-61.0	47.9876583281	0.00351912737824	5.34203572897e-05	-0.0051956451498
9.36897585448	-61.0	47.4260690790	0.00335059477948	-4.46855010523e-05	-0.00541116343811
9.36340795219	-61.0	47.7791694786	0.00337327714078	1.40942920552e-05	-0.00525862909853
9.22401975952	-61.0	47.6406269843	0.00330299208872	-1.11597319119e-05	-0.0053061558865
9.50806208222	-61.0	47.8042901627	0.00343789509498	2.04918414966e-05	-0.00526068126783
9.03413622635	-61.0	47.0739492135	0.00318277068436	-0.000108736392576	-0.00553342327476
8.92433747833	-61.0	47.3235197319	0.003151985351	-6.87536012265e-05	-0.0054171201773
9.05941549266	-61.0	47.4607592648	0.00321940449066	-4.37373491877e-05	-0.00536946812645
8.68742615523	-61.0	46.7361656536	0.00301338755526	-0.00017070469039	-0.00564945675433
8.75418734261	-61.0	47.1513092503	0.00306768133305	-0.000100187804492	-0.00547706428915
8.60299231892	-61.0	46.9596601128	0.00299094012007	-0.000134614674607	-0.00554706435651
8.32687730098	-61.0	46.4107813449	0.00284149218351	-0.000230856836424	-0.00576012022793
8.42649705691	-61.0	46.7941466226	0.00290566449985	-0.000165054298122	-0.00560405245051
8.28897983973	-61.0	46.6160456686	0.00283688679338	-0.000197031797143	-0.00566963851452
7.95559742477	-61.0	46.1005823598	0.00266853906214	-0.000288536975859	-0.00586470542476
8.10496984391	-61.0	46.4562590674	0.0027500432916	-0.000226622010814	-0.00572407012805
7.95032003503	-61.0	46.3052315877	0.00267671537586	-0.000254278886132	-0.00577718578279
7.57483871226	-61.0	45.8062853442	0.00249498803169	-0.000343436899129	-0.00596323050559
7.54309850862	-61.0	46.1024376623	0.00249529141001	-0.000294156488962	-0.00583516294137
7.76316144714	-61.0	46.1548229037	0.00259028864093	-0.000282270542812	-0.0058279694058
7.18320368243	-61.0	45.5266249539	0.00232003792189	-0.000395574024878	-0.00605636043474
7.34955487725	-61.0	45.9586174907	0.00240756920539	-0.000320946768625	-0.00588353583589
7.14587511846	-61.0	45.7601705573	0.00231396709569	-0.000356930395355	-0.0059548728168
6.77830531564	-61.0	45.2601407343	0.00214241282083	-0.000444995501311	-0.0061448616907
6.94786528037	-61.0	45.6243647648	0.00222607632168	-0.000382163067115	-0.00600038049743
6.81561588273	-61.0	45.4786606241	0.00216567213647	-0.000408117921324	-0.00605436228216
6.36211245874	-61.0	45.0084794017	0.00196271413006	-0.000491278013214	-0.0062285233289
6.40194366853	-61.0	45.2422649422	0.00198637880385	-0.000452112377388	-0.006131505128
6.60875377666	-61.0	45.3481026271	0.00207535992377	-0.000432269938756	-0.0060979151167
5.93971476588	-61.0	44.7745918337	0.00178276014049	-0.000533847836778	-0.00630658539012
5.93398388531	-61.0	44.9982359590	0.00178627797868	-0.000497119384818	-0.0062115015462
6.19271765626	-61.0	45.1211607322	0.00189632188994	-0.000474332395243	-0.00617200974375
5.50630108482	-61.0	44.5557591618	0.00160005304497	-0.000573207333218	-0.006380204577
5.72089466164	-61.0	44.8854837820	0.00169570907019	-0.000517568492796	-0.00624957634136
5.50760353733	-61.0	44.7298536738	0.00160443480127	-0.000544846639968	-0.00630641775206
5.06555231697	-61.0	44.3539629176	0.00141577015165	-0.000609185488429	-0.00644886586815
5.08409629570	-61.0	44.5955809619	0.00142778456211	-0.000570021977182	-0.00634702388197
5.28732929497	-61.0	44.6238705582	0.00151176785585	-0.000563862791751	-0.00634257355705
4.61942611846	-61.0	44.1699153707	0.0012303419644	-0.00064186664531	-0.00651241932064
4.86373494455	-61.0	44.4997327394	0.00133560039103	-0.000587182934396	-0.00638010445982
4.60875837759	-61.0	44.4267590434	0.0012297014473	-0.00060082541313	-0.00640307413414
4.16350374895	-61.0	44.0018652895	0.00104163750075	-0.000671784277074	-0.00657147075981
4.38305963536	-61.0	44.3386279186	0.00113572739065	-0.000616626290139	-0.00643407693133
4.20492824168	-61.0	44.1925219843	0.00106079876423	-0.000641262275167	-0.00649148784578
3.70310579570	-61.0	43.8518722650	0.000851690478157	-0.00069879781222	-0.0066252714023
3.78306787315	-61.0	44.0886466817	0.000886440684553	-0.000660899851937	-0.00652618193999
3.97477933624	-61.0	44.1126574176	0.000965428829659	-0.00065564509714	-0.00652001705021
3.24071506322	-61.0	43.7204329930	0.00066133425571	-0.000722950033378	-0.00667354138568
3.31152755399	-61.0	43.9773323708	0.000691672204994	-0.000682186684571	-0.00656529702246
3.55292026540	-61.0	44.0184909376	0.00079127214849	-0.000673771544825	-0.00655169272795
2.77261362721	-61.0	43.6063478476	0.000468869606266	-0.000744584016502	-0.00671667372808
3.07936981457	-61.0	43.9160633470	0.000595801975578	-0.000693730253261	-0.00658819172531
2.83129777143	-61.0	43.8733328774	0.000493456551339	-0.000702547607943	-0.00660360185429
2.29489018722	-61.0	43.5090641252	0.000272580829915	-0.00076390983304	-0.00675482582301
2.59543115380	-61.0	43.8205665911	0.000396132556489	-0.00071288034087	-0.00662399549037
2.38949901470	-61.0	43.6913153933	0.00031128860428	-0.000734856817871	-0.00667767133564
1.81126783120	-61.0	43.4298246296	7.39184906706e-05	-0.000780746224336	-0.00678747566417
1.92686617697	-61.0	43.6466176830	0.000120623088151	-0.000746214820538	-0.00669514853507
2.14771436995	-61.0	43.6468936451	0.00021171598928	-0.000744017714169	-0.00669553084299
1.32942597522	-61.0	43.3697732967	-0.000124084894196	-0.000794865540229	-0.00681407609954
1.44424991367	-61.0	43.5817366477	-7.82693969086e-05	-0.000761137111112	-0.00672325119376
1.68512345908	-61.0	43.6117843736	2.10139769479e-05	-0.000754021806642	-0.00670995563269
0.849765243967	-61.0	43.3284610631	-0.00032137267408	-0.000806330528576	-0.00683472910896
0.931141828195	-61.0	43.5573031149	-0.000290138705168	-0.000770402082708	-0.0067364089191
1.20424571125	-61.0	43.5564744075	-0.000177227630047	-0.000767562538385	-0.00673502404243
0.370106669126	-61.0	43.3053940174	-0.000518946675584	-0.000815206498373	-0.00684955669567
0.69157345962	-61.0	43.5412374362	-0.000389057880966	-0.000775531167164	-0.00674531934783
0.434845629361	-61.0	43.5027338152	-0.000494804757182	-0.000784342351835	-0.00676449202001
-0.110081065862	-61.0	43.3004770893	-0.000717132585123	-0.000821515161078	-0.00685856398195
0.194841154759	-61.0	43.4957365711	-0.000594040262513	-0.000788177829236	-0.00677053909749
-7.3193473588e-05	-61.0	43.4510692542	-0.000674045237247	-0.000797280867118	-0.00679245823994
-0.590111412406	-61.0	43.3137173088	-0.000915754120797	-0.000825225142762	-0.00686169834808
-0.456000973349	-61.0	43.5069896441	-0.000863840745296	-0.000794180203229	-0.00677640968934
-0.240170627616	-61.0	43.4531504490	-0.000773468811531	-0.000799806904979	-0.00679549667984
-1.06950170165	-61.0	43.3451129555	-0.00111473666038	-0.000826309260447	-0.00685892021284
-0.695848087637	-61.0	43.5181463023	-0.000963502679951	-0.000795394647866	-0.00677644927055
-0.920514319438	-61.0	43.4999575118	-0.00105631630868	-0.000800929381512	-0.00678915949538
-1.54984009618	-61.0	43.3949218298	-0.00131485692691	-0.000824732880574	-0.00685013318434
-1.36177361649	-61.0	43.6560801986	-0.00124307337683	-0.00078261498129	-0.00673321029171
-1.15997148515	-61.0	43.5201947408	-0.00115610519424	-0.000800816633273	-0.00678620534018
-2.03295747199	-61.0	43.4637691503	-0.00151702167932	-0.000820401415695	-0.00683511653915
-1.86756012406	-61.0	43.7335354123	-0.00145553424954	-0.000777220353484	-0.00671440083534
-1.60256352629	-61.0	43.6856861917	-0.00134396879002	-0.000781142560299	-0.00672711618245
-2.51533829521	-61.0	43.5515835039	-0.00171991053503	-0.000813259219285	-0.00681379437447
-2.10979084670	-61.0	43.7728171361	-0.00155753956642	-0.000774342450313	-0.0067051704973
-2.36716031702	-61.0	43.8448591793	-0.00166695564985	-0.000766670447774	-0.00668288720772
-2.98882918256	-61.0	43.6567062695	-0.0019202119438	-0.000803435454145	-0.00678654154763
-2.85862736282	-61.0	43.8891013068	-0.00187351473141	-0.000766346987803	-0.00668179383501
-2.60722220059	-61.0	43.8933663006	-0.0017686446663	-0.000762388168368	-0.00667058164254
-3.45343946205	-61.0	43.7785534456	-0.00211801542901	-0.000790998106822	-0.0067535052076
-3.09198992096	-61.0	43.9456081711	-0.00197289558128	-0.000760787341278	-0.00666672876105
-3.32264673997	-61.0	43.9805629468	-0.00207055173814	-0.000758499314543	-0.00666122604162
-3.91416330052	-61.0	43.9182234064	-0.00231556012295	-0.000775832799263	-0.00671434681863
-3.75343788112	-61.0	44.0499212917	-0.00225335475989	-0.000753629952669	-0.00665035052225
-3.55381085705	-61.0	44.0458834701	-0.00216962699778	-0.000751588318963	-0.0066431411542
-4.37359450009	-61.0	44.0768430712	-0.00251410715282	-0.000757782545406	-0.00666867243126
-4.17613192448	-61.0	44.2445976979	-0.00243817316368	-0.000729521329049	-0.00658674957231
-3.98290935075	-61.0	44.1242637361	-0.00235233688727	-0.000745336699765	-0.00662910938263
-4.82575094659	-61.0	44.2525693106	-0.00271121039987	-0.000737032096367	-0.00661693653092
-4.40598494977	-61.0	44.3289112680	-0.00253818882629	-0.000719710253179	-0.00656200759113
-4.65060935296	-61.0	44.3361923296	-0.00264131347649	-0.000721902877558	-0.00657157879323
-5.26828942808	-61.0	44.4442600193	-0.00290595693514	-0.000713719287887	-0.00655942270532
-5.04781488194	-61.0	44.5017975205	-0.00281582120806	-0.000701926648617	-0.00652206363156
-4.87286180636	-61.0	44.4274918670	-0.00273880106397	-0.000710935331881	-0.00654430128634
-5.70668279988	-61.0	44.6543501102	-0.00310088181868	-0.000687524036039	-0.00649531418458
-5.33939416653	-61.0	44.7745867585	-0.00295167113654	-0.000664020655677	-0.00642146682367
-5.51978182672	-61.0	44.8503574535	-0.00303165055811	-0.000654847070109	-0.00639956723899
-5.26800813177	-61.0	44.6021841484	-0.00291330250911	-0.000689536216669	-0.006491468288
-6.13505903951	-61.0	44.8801506044	-0.0032934944611	-0.000658765784465	-0.00642535323277
-5.95837142690	-61.0	45.0810320414	-0.00322922016494	-0.000625392363872	-0.00632742699236
-5.73788394303	-61.0	44.9600593752	-0.00312948669307	-0.000640975660644	-0.00636565452442
-6.55552833582	-61.0	45.1227279046	-0.00348485796712	-0.000627299014013	-0.00634913286194
-6.16860352198	-61.0	45.1970215903	-0.00332465465181	-0.000610430724919	-0.00629106955603
-6.37136696954	-61.0	45.2001126433	-0.00341097638011	-0.000612808275037	-0.00630321586505
-6.96748282810	-61.0	45.3818936227	-0.00367484358139	-0.0005931367632	-0.00626660278067
-6.74140369926	-61.0	45.4672156426	-0.00358354952186	-0.00057675485732	-0.00621361332014
-6.58147758462	-61.0	45.3267423791	-0.00350738875568	-0.000596214667894	-0.00626298971474
-7.36495781830	-61.0	45.6536288325	-0.00386076793075	-0.000556796614546	-0.0061789569445
-7.15544889839	-61.0	45.8253243186	-0.00378180877306	-0.000527154537849	-0.00608910853043
-6.94321216309	-61.0	45.5996401029	-0.00367741729133	-0.000559129519388	-0.00617092801258
-7.75140657376	-61.0	45.9398958192	-0.00404429854825	-0.00051802006783	-0.00608549639583
-7.35105759861	-61.0	45.9645663584	-0.00387429189868	-0.000508350727614	-0.00604368606582
-7.55402122038	-61.0	46.1215578217	-0.00397144304588	-0.000486880744575	-0.00599149102345
-8.12861156725	-61.0	46.2421480853	-0.00422640657052	-0.000476593821077	-0.00598562275991
-7.74478394218	-61.0	46.2685423250	-0.00406310381368	-0.000466784724267	-0.00594298914075
-7.91721491663	-61.0	46.3779780407	-0.00414469838142	-0.000452277046861	-0.00590953649953
-8.49442156010	-61.0	46.5588770605	-0.00440618349239	-0.000432715925854	-0.00587971322238
-8.22427778605	-61.0	46.6789660964	-0.00429807975888	-0.000409835047321	-0.00580470031127
-8.10356840305	-61.0	46.5332166238	-0.004235714674	-0.000430820306065	-0.00585768418387
-8.84930575981	-61.0	46.8906757896	-0.00458397576585	-0.000386293715565	-0.00576744833961
-8.40368299552	-61.0	46.8403815858	-0.00438727531582	-0.000387285923352	-0.00575005589053
-8.60306772081	-61.0	46.9760842267	-0.00448364717886	-0.000369087356376	-0.00570856640115
-9.19107627154	-61.0	47.2356336812	-0.00475880457088	-0.000337583827786	-0.00564933707938
-8.77844039823	-61.0	47.1464510298	-0.00457257172093	-0.000345070060575	-0.005650264211
-8.94692703373	-61.0	47.2436704880	-0.00465327361599	-0.000332452473231	-0.0056233163923
-9.51868589863	-61.0	47.5925854888	-0.0049301981926	-0.000286747002974	-0.00552565604448
-9.22609723059	-61.0	47.6222930974	-0.00480487057939	-0.00027728031273	-0.00548484968022
-9.11330864721	-61.0	47.4181527088	-0.00473935669288	-0.000307651673211	-0.00556292338297
-9.83259602956	-61.0	47.9619619732	-0.00509845837951	-0.000233710728935	-0.00539613282308
-9.58432113627	-61.0	47.9949038967	-0.00499243987724	-0.000224319461267	-0.00535724684596
-9.38723314398	-61.0	47.8047275598	-0.00489020626992	-0.000251110264799	-0.00542087480426
-10.1306210482	-61.0	48.3409845817	-0.00526247965172	-0.000178886286449	-0.00526160094887
-9.73706826620	-61.0	48.1817530778	-0.00507545797154	-0.000197317262064	-0.00529100047424
-9.88468830388	-61.0	48.4052433290	-0.00515993637964	-0.000164398690686	-0.00520847924054
-10.4137634630	-61.0	48.7306444208	-0.00542283337563	-0.000122148674564	-0.00512160314247
-10.1751995647	-61.0	48.7894886618	-0.00532285030931	-0.000108466738311	-0.00507075898349
-10.0299202280	-61.0	48.5973423792	-0.00524113466963	-0.000136432237923	-0.0051395399496
-10.6832479753	-61.0	49.1328162469	-0.00558029580861	-6.32094743196e-05	-0.0049753235653
-10.3780496643	-61.0	49.2009309988	-0.00545139191672	-4.65599514428e-05	-0.00491247372702
-10.3130587109	-61.0	48.9869796944	-0.00540226092562	-7.95239757281e-05	-0.00499903829768
-10.9372340808	-61.0	49.5450088565	-0.00573389790952	-2.4423341074e-06	-0.00482348445803
-10.5095878356	-61.0	49.4055643613	-0.00552966073155	-1.63513868756e-05	-0.00483711017296
-10.6284855396	-61.0	49.6151679946	-0.005603317637	1.489846818e-05	-0.00475831050426
-11.1745113637	-61.0	49.9650769862	-0.00588294910267	5.98000333412e-05	-0.00466676102951
-10.8698234278	-61.0	50.0322323240	-0.00575357954949	7.69024263718e-05	-0.00460229953751
-10.7509257239	-61.0	49.8226286908	-0.00567886559293	4.57015630673e-05	-0.00468091992661
-11.3953134849	-61.0	50.3931443231	-0.00602758675814	0.000123515361338	-0.00450498936698
-10.9846068881	-61.0	50.2447700943	-0.005827288609	0.00010863137868	-0.00452201860026
-11.1126844090	-61.0	50.4457288572	-0.00590627500787	0.000138154209708	-0.00444844877347
-11.6000686382	-61.0	50.8300476222	-0.00616813218221	0.000188809950487	-0.00433773687109
-11.3574175641	-61.0	50.8502359161	-0.00606094580144	0.000197676883545	-0.00429926393554
-11.2186877346	-61.0	50.6611688819	-0.00597742013633	0.000170456420165	-0.00436606165022
-11.7892477649	-61.0	51.2773273310	-0.00630505755544	0.000255866383668	-0.00416424823925
-11.4560930522	-61.0	51.0716388134	-0.00613052770495	0.00023096910445	-0.0042135566473
-11.5714457146	-61.0	51.2053624825	-0.00619808351621	0.000249675125815	-0.00416869111359
-11.9605777615	-61.0	51.7298033287	-0.00643680244684	0.000323860062053	-0.00398642010987
-11.7786803448	-61.0	51.7024033971	-0.00635077385232	0.000324281892972	-0.00397502630949
-11.6522675396	-61.0	51.6044311894	-0.00628154957667	0.000311853858875	-0.00400240020826
-11.6618998280	-61.0	51.4311638517	-0.00626541813836	0.000283712928649	-0.00408020615578
-12.1137267607	-61.0	52.1858652400	-0.00656305626035	0.000392483983887	-0.00380490184762
-11.8990864839	-61.0	52.1081645249	-0.00645533204079	0.00038617264363	-0.00381087418646
-11.8595725872	-61.0	51.9289779627	-0.00641516083851	0.000358491524821	-0.00388512108475
-12.2505193241	-61.0	52.6511529908	-0.00668546231464	0.00046255523921	-0.00361744430847
-11.9713170975	-61.0	52.3375696120	-0.00651714578271	0.000420907716034	-0.00371864903718
-12.0195032742	-61.0	52.5619131129	-0.00656792428344	0.00045547625632	-0.00362550164573
-12.3698076062	-61.0	53.1228729979	-0.0068033109419	0.000533658778295	-0.00342510966584
-12.1238334161	-61.0	53.0516059909	-0.00668033445254	0.000530721852556	-0.00342214899138
-12.0839676733	-61.0	52.7977322962	-0.00662824232131	0.000491297978442	-0.00352951255627
-12.4701293552	-61.0	53.5946156513	-0.00691524893045	0.000604871718679	-0.00323056289926
-12.2236455926	-61.0	53.5290021812	-0.00679185567424	0.000603806402069	-0.00322395912372
-12.1786794998	-61.0	53.2874091034	-0.00673760706559	0.00056665786542	-0.00332499784417
-12.5521644009	-61.0	54.0678589976	-0.00702199572697	0.000676632276736	-0.00303352298215
-12.2691385145	-61.0	53.7648491560	-0.00684629799798	0.000639880250674	-0.00312563660555
-12.2976672531	-61.0	53.9771737241	-0.00689019076526	0.000672836613376	-0.00303550483659
-12.6162363049	-61.0	54.5437783481	-0.00712403608486	0.000749741215259	-0.00283358525485
-12.3673894788	-61.0	54.4546587985	-0.0069938423112	0.000746932520997	-0.0028341722209
-12.3341963495	-61.0	54.2144851953	-0.00694213714451	0.000709526240826	-0.00293564912863
-12.6622701404	-61.0	55.0217797320	-0.00722160004079	0.000824934977572	-0.00263070943765
-12.3949208345	-61.0	54.6931816144	-0.0070434724912	0.00078449951252	-0.00273272697814
-12.4259216350	-61.0	54.9183003915	-0.00709351757541	0.000819950655568	-0.00263801566325
-12.6902000904	-61.0	55.5011797267	-0.00731477560475	0.000903123058379	-0.00242493883707
-12.4444158870	-61.0	55.1576935240	-0.00714087858796	0.00085876416415	-0.00253511266783
-12.4623719022	-61.0	55.3682704086	-0.00718417344615	0.000893146614544	-0.00244493572973
-12.6999862222	-61.0	55.9812929098	-0.00740398559719	0.000985071528703	-0.00221543130465
-12.4547798503	-61.0	55.8235031814	-0.00725861545652	0.000971535919234	-0.00224195187911
-12.4718026082	-61.0	55.6081915853	-0.00722928671166	0.00093337870203	-0.00234036473557
-12.6916145440	-61.0	56.4614328395	-0.00748923188075	0.00107079697773	-0.0020007789135
-12.4551335269	-61.0	56.0636093749	-0.00730161136016	0.00101353367791	-0.00213499926031
-12.3867769646	-61.0	56.3068410490	-0.00731344195083	0.00106068258174	-0.00201368308626
-12.6650970253	-61.0	56.9409130353	-0.007570378948	0.00115975050721	-0.00177967862692
-12.4051114323	-61.0	56.7914590988	-0.00741472002119	0.00114716577809	-0.00179737899452
-12.3780531061	-61.0	56.5467889674	-0.0073543637991	0.00110430421773	-0.00190362345893
-12.6204715794	-61.0	57.4190479604	-0.00764659233391	0.00125103536993	-0.00155136804096
-12.3873225117	-61.0	57.0309056765	-0.00745349563658	0.00119206286035	-0.00168412481435
-12.3643081387	-61.0	57.2892703329	-0.00749457161874	0.00124108640011	-0.0015600026818
-12.5578020096	-61.0	57.8951540011	-0.00771713675931	0.00134374713525	-0.00131568009965
-12.3289018859	-61.0	57.7649932287	-0.0075763668865	0.00133165286388	-0.00132949231192
-12.3374795896	-61.0	57.5278732210	-0.00753072043881	0.00128693983424	-0.00144309608731
-12.4771779177	-61.0	58.3685504448	-0.00778132677078	0.00143703923095	-0.00107270793524
-12.2930720665	-61.0	58.0024112847	-0.00760952662677	0.00137800606899	-0.00120906392112
-12.3078006482	-61.0	58.2344089325	-0.00766735663638	0.0014206932392	-0.001100840047
-12.3781282894	-61.0	58.8411159871	-0.00783880054951	0.00153083528858	-0.000821429828648
-12.2198662127	-61.0	58.6617898815	-0.00771854864433	0.00150534347631	-0.000874280172866
-12.2630207861	-61.0	58.4703027077	-0.00769723393023	0.00146724819206	-0.000977060873993
-12.2598263206	-61.0	59.3146128867	-0.00788899231702	0.00162539409939	-0.00056076614419
-12.1655655724	-61.0	58.8983660347	-0.00774489250034	0.00155238679145	-0.000746010686271
-12.0484572217	-61.0	59.0849560344	-0.00772846350446	0.00159327348229	-0.000627453264315
-12.1240071280	-61.0	59.7813292847	-0.00793046317995	0.00171921157744	-0.00029488329892
-11.9207867779	-61.0	59.5556636460	-0.00777273532003	0.00168755766936	-0.000362187915016
-11.9844293390	-61.0	59.3217772706	-0.00775063363835	0.00164073007181	-0.000494617095683
-11.9721367710	-61.0	60.2376811036	-0.00796257983893	0.00181170017458	-2.59953339992e-05
-11.7630047628	-61.0	60.0007791273	-0.00779696181417	0.00177848071326	-9.85219230643e-05
-11.8491043295	-61.0	59.7854977729	-0.00779016176239	0.00173400924541	-0.000228855147725
-11.8019818977	-61.0	60.6907593508	-0.00798542518169	0.00190443522297	0.000250112236245
-11.6828539172	-61.0	60.2272182722	-0.00780972000211	0.00182471191511	3.72793329007e-05
-11.6181670283	-61.0	60.4489894502	-0.00782963540405	0.00186925474554	0.000168123020558
-11.6137585322	-61.0	61.1391256800	-0.00799828581512	0.00199726759456	0.000532835663762
-11.4468686199	-61.0	60.8819534028	-0.00784560106695	0.00195862655528	0.000437450478785
-11.5281303174	-61.0	60.6755224169	-0.00783770997077	0.0019160239026	0.000308586138999
-11.4096882337	-61.0	61.5775455542	-0.0080005414784	0.00208924454637	0.000819010951091
-11.3487388447	-61.0	61.1037139871	-0.00784844812006	0.00200499407947	0.000579666928388
-11.2288806760	-61.0	61.3398591132	-0.00784333143383	0.00205527967773	0.000736258516554
-11.1884135036	-61.0	62.0091100234	-0.00799173023552	0.00218109530397	0.00111079216003
-11.0031434256	-61.0	61.7925954443	-0.00783550087363	0.00215165945701	0.00103965227026
-11.1230015943	-61.0	61.5564503181	-0.00784075073898	0.00210122973658	0.000880191044416
-10.9508879197	-61.0	62.4318001967	-0.00797129143029	0.00227252417244	0.00140695320442
-10.8877403007	-61.0	62.0074655124	-0.00782715436071	0.00219796621241	0.00118770427071
-10.7732328219	-61.0	62.2483651389	-0.00782580114901	0.00224910792895	0.00135138828773
-10.6974668718	-61.0	62.8450129677	-0.00793869141489	0.00236345175654	0.00170721905306
-10.6512026225	-61.0	62.4561357468	-0.00781165016815	0.00229464448057	0.00149993575178
-10.5863169783	-61.0	62.6417707862	-0.00782340113074	0.00233273464255	0.00162204692606
-10.4278193516	-61.0	63.2491781306	-0.00789319910109	0.00245403731242	0.00201208377257
-10.3315342601	-61.0	63.0005434495	-0.00777328992262	0.00241435086355	0.00189541804139
-10.4549263887	-61.0	62.8471095468	-0.00780302705243	0.00237851007842	0.00177408126183
-10.1441569344	-61.0	63.6410784638	-0.00783453229815	0.00254361587577	0.00231912429444
-10.1933536492	-61.0	63.1993139063	-0.00774651160464	0.00245951395482	0.00204796111211
-10.0235639764	-61.0	63.3800200112	-0.00769636407495	0.00250352034345	0.00220005656593
-9.84662661975	-61.0	64.0208443578	-0.0077621252276	0.00263219675981	0.00262840022333
-9.72093679959	-61.0	63.7374122336	-0.00761394854635	0.00258874800056	0.00249556452036
-9.87813943133	-61.0	63.5730829950	-0.0076626422815	0.00254831486382	0.00235402933322
-9.53528615388	-61.0	64.3885825956	-0.00767528545111	0.00271983793937	0.00293986173347
-9.39516603005	-61.0	64.1166846870	-0.00752034084871	0.00267991912551	0.00281608803198
-9.56889925503	-61.0	63.9240580363	-0.00757322274148	0.00263299513608	0.00265021435916
-9.20995371141	-61.0	64.7445270103	-0.00757317524403	0.00280660018325	0.0032536345534
-9.23591378187	-61.0	64.2977064198	-0.00747201079503	0.00272382958792	0.00297222239897
-9.08559946558	-61.0	64.5106246654	-0.00743626290932	0.00277295475826	0.00314675876871
-8.87028550555	-61.0	65.0888962504	-0.00745469843969	0.00289255590178	0.00356985256076
-8.91957765944	-61.0	64.6854829679	-0.00738015258685	0.00281633785926	0.00330389942974
-8.80950430315	-61.0	64.8714045641	-0.0073602469638	0.00285775540397	0.00345252710395
-8.51850181151	-61.0	65.4194016204	-0.00731966411695	0.00297711370513	0.0038861555513
-8.43556798792	-61.0	65.1486082424	-0.00719758728519	0.00293478020467	0.00373989460059
-8.63589970858	-61.0	65.0408335329	-0.00729586556554	0.00290076201782	0.00361106754281
-8.15538159308	-61.0	65.7354892569	-0.00716759357601	0.00306005426683	0.00420158822089
-8.25748459249	-61.0	65.3096592081	-0.00712523283437	0.00297675468028	0.00389676564373
-8.07594956643	-61.0	65.4676659991	-0.00704833585769	0.00301849329844	0.00405393633991
-7.78054239686	-61.0	66.0375873600	-0.00699732871726	0.00314143882133	0.00451609864831
-7.89096292001	-61.0	65.6226285953	-0.00696672918275	0.00305996066891	0.00421132566407
-7.70576944008	-61.0	65.7646659971	-0.00687999418005	0.00309918145649	0.00436142226681
-7.39238747621	-61.0	66.3267907600	-0.00680703297257	0.00322149926797	0.00483029335737
-7.32090186671	-61.0	66.0442885202	-0.00669004954398	0.00317793875001	0.00466594193131
-7.5159986127	-61.0	65.9117650872	-0.00678958883509	0.00313963671215	0.00451720459387
-6.99198250050	-61.0	66.6019894696	-0.00659604463726	0.00329989078455	0.005142419599
-7.12254459675	-61.0	66.1862816942	-0.00658839335665	0.00321811530739	0.0048227920197
-6.92238987129	-61.0	66.3238720318	-0.00648209871724	0.00325760780834	0.00497806072235
-6.58202317709	-61.0	66.8612600971	-0.00636463519186	0.0033759099897	0.00544943101704
-6.72043737006	-61.0	66.4570591434	-0.00637113442644	0.00329638551921	0.00513159157708
-6.49775124880	-61.0	66.5535732284	-0.00623472686857	0.00333051150665	0.00526726478711
-6.16404502465	-61.0	67.1038078574	-0.00611288519576	0.00344913336448	0.00574913620949
-6.10539964147	-61.0	66.8494556208	-0.00601427350193	0.00341140246019	0.00559316761792
-6.28980661642	-61.0	66.6795895817	-0.00611264770851	0.00336833624169	0.00541867176071
-5.73860692515	-61.0	67.3295362023	-0.00584041047841	0.0035193702206	0.0060400115326
-5.89547082804	-61.0	66.9659931793	-0.0058830906637	0.00344736687839	0.00573930423707
-5.69592519114	-61.0	67.0867052332	-0.00575768435374	0.00348296272568	0.00588512187824
-5.30191381354	-61.0	67.5403513774	-0.00554390251637	0.00358699238859	0.00632306514308
-5.33365411191	-61.0	67.3138010029	-0.00552430469543	0.00354815716855	0.00615509646013
-5.48047994981	-61.0	67.1958319911	-0.00561498804018	0.00351766869426	0.00602766312659
-4.85878469362	-61.0	67.7338063433	-0.00522586051375	0.00365099613555	0.00659339642152
-4.88839008042	-61.0	67.4434847236	-0.00519699137658	0.00360311171971	0.00638022832572
-5.11247003085	-61.0	67.4154182671	-0.00537002412602	0.00358147942461	0.00629349937662
-4.41039012543	-61.0	67.9095952468	-0.00488697737455	0.00371094839647	0.00684856809676
-4.66655050301	-61.0	67.5353450042	-0.0050342855975	0.00363428867422	0.00651009753346
-4.44815369064	-61.0	67.6108756336	-0.00486843986437	0.00366229168139	0.00662626558915
-3.95057367840	-61.0	68.0699199505	-0.00452227611095	0.00376737699844	0.00708981370553
-3.98206648177	-61.0	67.7698986555	-0.00450390717015	0.00372021575458	0.00686784274876
-4.22166956545	-61.0	67.6947477828	-0.00469406321645	0.00369169609621	0.00674922578037
-3.48526840259	-61.0	68.2124077954	-0.00413630483672	0.00381915899925	0.00731145450845
-3.74879384162	-61.0	67.8462505084	-0.00431573577225	0.00374783365987	0.00698352837935
-3.51052956910	-61.0	67.9267377242	-0.00412024464458	0.00377573352307	0.00710116000846
-3.02003746484	-61.0	68.3356951045	-0.0037345807068	0.00386536517181	0.00750897452235
-3.04258293185	-61.0	68.0637991693	-0.00372332474217	0.00382524752058	0.00730927521363
-3.27860628197	-61.0	67.9929257288	-0.00392499146983	0.00380040332675	0.00720445206389
-2.55152408693	-61.0	68.4410499892	-0.00331546925008	0.00390619458631	0.00768198538572
-2.80936403349	-61.0	68.1208960580	-0.00351944216527	0.00384716922417	0.00740057649091
-2.57903952640	-61.0	68.1717420395	-0.00331458915025	0.00386723922566	0.00748356012627
-2.07634402526	-61.0	68.5291179055	-0.00287723797373	0.00394156109542	0.0078293774277
-2.13695147309	-61.0	68.2615931678	-0.00291322497651	0.00390231865458	0.00762762315571
-2.34382878648	-61.0	68.2199812049	-0.00310227973387	0.00388636277057	0.00756218796596
-1.59141744926	-61.0	68.5998964481	-0.00241851527244	0.00397117901593	0.00794910639524
-1.89705756430	-61.0	68.3013487426	-0.00269097392447	0.00391873437911	0.00769360223785
-1.67293878522	-61.0	68.3649035354	-0.00248274439946	0.00393666187301	0.00777029898018
-1.10291106277	-61.0	68.6520190953	-0.00194726116024	0.00399428233504	0.00803712010384
-1.2017774144	-61.0	68.4357189987	-0.00203490653075	0.0039628976956	0.00787350349128
-1.42798598701	-61.0	68.3958420561	-0.00225058454089	0.00395005336031	0.00782197713852
-0.617200429448	-61.0	68.6849936393	-0.00147242844105	0.00401044636965	0.00809107813984
-0.958320380855	-61.0	68.4569418133	-0.00180036877282	0.0039727780968	0.00790860597044
-0.708285814247	-61.0	68.4775551027	-0.00155811582226	0.0039815781638	0.00793852750212
-0.131863918286	-61.0	68.6993154110	-0.000994740985334	0.0040195886977	0.00811093300581
-0.466123946051	-61.0	68.4893377187	-0.0013224411523	0.00398786505684	0.00795643404126
-0.212830798076	-61.0	68.5085781656	-0.0010752704693	0.00399404298514	0.00797453522682
0.353780710862	-61.0	68.6950714535	-0.000516687287018	0.00402182713151	0.00809631962329
0.277895678366	-61.0	68.5167187196	-0.000596015888732	0.00399861857295	0.00797235872597
0.0302555270496	-61.0	68.5111022635	-0.000837872328702	0.00399673450738	0.00797510799021
0.838960242956	-61.0	68.6722589032	-4.22190933023e-05	0.00401700427756	0.008047436364
0.520365288501	-61.0	68.5099616824	-0.000359990721336	0.00399769144133	0.0079556312412
0.735184418157	-61.0	68.5227452939	-0.000150674386532	0.00399829866365	0.00794977042824
1.32610706192	-61.0	68.6305756029	0.000427893566666	0.00400505354628	0.0079643400386
1.15914950544	-61.0	68.4582355729	0.000255154474871	0.00398514606059	0.00786261633039
0.977805094441	-61.0	68.5066827195	8.34627498989e-05	0.00399395171553	0.00791659206152
1.81426568441	-61.0	68.5697430374	0.000889579649083	0.00398595770821	0.00784767698497
1.6354092719	-61.0	68.3959929352	0.0007043115329	0.00396738154814	0.00775395520031
1.40358108148	-61.0	68.4325722580	0.000487183424411	0.00397741328925	0.00781359989196
2.29487999057	-61.0	68.4909377482	0.00133214844391	0.00396024761721	0.00770141696557
2.12520581609	-61.0	68.2850925124	0.00115174963139	0.00393813056871	0.00759039912373
1.87904383547	-61.0	68.3608277113	0.000930339680053	0.00395610975102	0.00768896797672
2.76621106672	-61.0	68.3950827482	0.00175217329524	0.0039283069782	0.0075290100649
2.61711635696	-61.0	68.1663021025	0.00158702535555	0.00390299852006	0.00740358931944
2.36211358980	-61.0	68.2415669645	0.00136470235884	0.00392366107553	0.00751208886504
3.23283316574	-61.0	68.2816444226	0.00215221033432	0.0038900275249	0.00733162462711
2.85145803930	-61.0	68.1140040608	0.00178983982187	0.00388522585854	0.0073120566085
3.10664890604	-61.0	68.0620681900	0.0020075973589	0.00386533979326	0.00721208378673
3.69814215088	-61.0	68.1496396914	0.00253354106098	0.00384500483051	0.00710984598845
3.33884592113	-61.0	68.0009481815	0.0022000814788	0.0038443300873	0.00710835121572
3.57437577190	-61.0	67.9815794035	0.00239868997596	0.00382801168598	0.00702974013984
4.16249738089	-61.0	67.9984838856	0.00289470050484	0.00379276624881	0.00686552049592
3.80738539634	-61.0	67.9106552662	0.00258302595466	0.00380348716863	0.00691354228184
3.99837610138	-61.0	67.8938558850	0.00273886672221	0.00378862349316	0.00684488005936
4.61747628816	-61.0	67.8308458163	0.00322793563828	0.00373360840604	0.00660610385239
4.39256331523	-61.0	67.6959538145	0.00302063580602	0.00373152433895	0.00658793188632
4.22962868485	-61.0	67.8136300596	0.00291297049262	0.00376078370027	0.0067189396359
5.06170739754	-61.0	67.6477087112	0.00353115983307	0.00366715504788	0.00633675092831
4.84509461292	-61.0	67.4240267036	0.00331611908041	0.00365553586744	0.00626021483913
4.61623752285	-61.0	67.6086557154	0.00317928404547	0.00370125938207	0.00645765289664
5.50272321339	-61.0	67.4459616126	0.00380757893436	0.00359264365397	0.00605864822865
5.06556994837	-61.0	67.3282154446	0.00346050201915	0.00362235959619	0.00612512743101
5.33036563183	-61.0	67.2208410484	0.0036296506878	0.00358230876736	0.00596889527515
5.93546076768	-61.0	67.2276580584	0.00405290257186	0.00351566518657	0.00578258233145
5.55079248359	-61.0	67.1148693533	0.00376125914045	0.0035462602973	0.00582972634584
5.74881564103	-61.0	67.0370173000	0.0038797731977	0.00351617927663	0.00571814086288
6.35689232422	-61.0	66.9945404624	0.00427119340748	0.0034466967918	0.00551575608552
6.16131548497	-61.0	66.8105378573	0.00410256907344	0.00345027633011	0.0054540624842
5.96108596884	-61.0	66.9248013600	0.00399661809206	0.0034819196444	0.0055831912905
6.77031400449	-61.0	66.7448987096	0.0044761672616	0.00339318090118	0.00525385700166
6.37038812557	-61.0	66.6896549273	0.00421129353344	0.00341970426962	0.00532168615609
6.59207783674	-61.0	66.6013038103	0.00433406420052	0.00339386519045	0.00520922476426
7.17612846111	-61.0	66.4782241009	0.00467846309766	0.00335053168237	0.00498638022691
6.79635272673	-61.0	66.4725910894	0.00443798815832	0.00336867221631	0.005077322945
7.00708392802	-61.0	66.4196209497	0.00456050038338	0.00335207115859	0.00499218888581
7.57156381554	-61.0	66.1961473796	0.00487566459924	0.00330667803064	0.00471179233864
7.32681102565	-61.0	66.1401518182	0.00471132481471	0.00330828293227	0.00473825726658
7.20852092272	-61.0	66.2816645807	0.00466204900295	0.0033290409483	0.00485619716346
7.95277129706	-61.0	65.9016881741	0.00506155751646	0.00325662060641	0.00443309592083
7.68384674931	-61.0	65.8359945298	0.00488157151267	0.00325609883294	0.00445986399427
7.52076556206	-61.0	65.9961229909	0.00480767386034	0.00328317424282	0.00460022967309
8.3220180536	-61.0	65.5934360641	0.00523375812918	0.00320101925172	0.00414989329875
8.04881213060	-61.0	65.5114300705	0.00505002401769	0.00319725228474	0.00416780216619
7.87104826396	-61.0	65.6856392766	0.00497149024159	0.00322872726247	0.00431988621131
8.68027384498	-61.0	65.2705364449	0.00539139611647	0.00314052239992	0.00386243104003
8.38480891271	-61.0	65.1495390014	0.00518905557692	0.00313059706241	0.00386180868372
8.23078158671	-61.0	65.3535770251	0.00513289123774	0.00316735543311	0.00402531726286
9.02596242445	-61.0	64.9343159958	0.00553376972675	0.00307617569342	0.00357281859033
8.56102420310	-61.0	64.9845434819	0.00526450946927	0.00309855910018	0.00371767580509
8.73995345955	-61.0	64.8993726239	0.0053556477651	0.0030790863093	0.00362212467007
8.87332242295	-61.0	64.8905070534	0.00543370749801	0.00307352212258	0.0035841173958
9.35896662934	-61.0	64.5848554811	0.00566116161644	0.00300868786871	0.00328177446499
9.14453910036	-61.0	64.5746999819	0.0055326493457	0.0030131933745	0.00332787795924
9.04274104033	-61.0	64.7193505737	0.00550103792921	0.00304027204402	0.00343945156783
9.67798395280	-61.0	64.2235410019	0.0057737599127	0.00293880258687	0.00299084489234
9.38143262006	-61.0	64.1563363544	0.00558805326	0.00293575064279	0.00302167446353
9.30804991395	-61.0	64.3964451177	0.00559319136664	0.00297849532217	0.00318198394962
9.98287580177	-61.0	63.8506172195	0.0058722612448	0.00286682415754	0.0027004883159
9.53690705071	-61.0	63.9733641963	0.00564130535349	0.00290005281568	0.00287690013647
9.73685013619	-61.0	63.7834967170	0.00571773340926	0.00286183832213	0.00271882326342
10.2740529299	-61.0	63.4655097879	0.00595742883161	0.00279287830926	0.00241050124168
9.88619094492	-61.0	63.5935943560	0.00576422736049	0.00282500335015	0.00257363775745
10.0646835980	-61.0	63.4381860371	0.00583351310343	0.00279336399399	0.00244280532934
10.5520828015	-61.0	63.0670749642	0.00603005895391	0.00271686259657	0.00212025083601
10.3278286535	-61.0	63.0814559341	0.00590792112052	0.00272463983856	0.00217878678814
10.2064731275	-61.0	63.2430549379	0.00587326008826	0.00275583006442	0.00229841773398
10.8146347509	-61.0	62.6583537909	0.00609007198364	0.00263946386985	0.00183205225039
10.4639641900	-61.0	62.8781874729	0.005941813346	0.00268583116122	0.00203306693584
10.5082768734	-61.0	62.6700344815	0.00592364789918	0.00264828372747	0.00190570869017
11.0604122118	-61.0	62.2415768604	0.00613790145144	0.00256114336662	0.00154741446022
10.7654735018	-61.0	62.2596742841	0.00598091166466	0.00257032853551	0.00162055587862
10.6347016559	-61.0	62.4646927575	0.00595122249797	0.00260930322111	0.00176295731217
11.2910560487	-61.0	61.8139533284	0.00617443909869	0.00248139258474	0.0012643665541
10.8847558394	-61.0	62.0482995221	0.00600276933983	0.00253052893095	0.00147817283869
10.9392000849	-61.0	61.8125601977	0.00598457176238	0.0024877646938	0.00133688014466
11.5041410576	-61.0	61.3800314615	0.0061998651363	0.00240110326558	0.000985742895864
11.1854624519	-61.0	61.3926848152	0.00603240309283	0.00240873615257	0.00105745345354
11.0505119629	-61.0	61.5963856635	0.00600099097937	0.00244732177816	0.00119563087355
11.7009565279	-61.0	60.9373693736	0.00621485244483	0.00231980346143	0.000709793297574
11.4168209761	-61.0	60.9590179409	0.00606900732964	0.0023279148154	0.000777871813625
11.2872462013	-61.0	61.1750402495	0.00604320410639	0.00236836983822	0.000919461890589
11.8813340193	-61.0	60.4859672226	0.00621975492686	0.00223749037832	0.00043642782839
11.5117488132	-61.0	60.7340506736	0.00607469351962	0.00228653405793	0.00063941301778
11.6241141883	-61.0	60.5319060506	0.00609405618161	0.00224903342314	0.000510628393386
12.0430132727	-61.0	60.0318520946	0.00621500937268	0.00215524318628	0.000169045801158
11.8069673314	-61.0	60.0604067362	0.00609796820208	0.00216300738975	0.000228703735047
11.7095706790	-61.0	60.3055697758	0.00609464291483	0.00220772670582	0.00037522756611
12.1876402528	-61.0	59.5709137581	0.00620103580877	0.00207230867818	-9.50989706325e-05
11.8831936078	-61.0	59.8327212864	0.0060938722454	0.00212175701745	9.62874182733e-05
12.0081280635	-61.0	59.6474651794	0.00612311111763	0.00208758492954	-2.24248033192e-05
12.3158052791	-61.0	59.1001516620	0.00617792643607	0.00198810407892	-0.000357809796697
12.0877173199	-61.0	59.2155200683	0.00608282163739	0.00201038108207	-0.000257886218606
12.0764502971	-61.0	59.4142792609	0.00611420255154	0.00204564537853	-0.000154487017426
12.4253378298	-61.0	58.6269716051	0.006146278698	0.00190394278616	-0.000615117198322
12.1823204271	-61.0	58.7155492748	0.00603918125853	0.00192120438442	-0.000527676485945
12.1475008998	-61.0	58.9780210653	0.00606943015009	0.00196786201559	-0.000389112916309
12.5158836864	-61.0	58.1546822385	0.00610677339137	0.00182039418723	-0.000865622598212
12.2321261903	-61.0	58.4799725246	0.00602189637721	0.00187925761566	-0.000654548348393
12.2242113137	-61.0	58.2360818062	0.00597446644679	0.00183627940714	-0.000774932967033
12.5883947607	-61.0	57.6799754015	0.00605952879414	0.00173681904562	-0.00111146073323
12.2712111588	-61.0	57.7125783251	0.00590678583831	0.00174377416261	-0.00104218546767
12.2649477792	-61.0	57.9994562589	0.00595334917307	0.00179433135781	-0.000899395381566
12.6429075729	-61.0	57.2028666190	0.00600477168337	0.00165318185464	-0.0013528909767
12.3029728073	-61.0	57.4745818820	0.00588198238984	0.00170176674146	-0.00116437592078
12.4699249454	-61.0	57.2909985136	0.00593385845423	0.00166897743475	-0.00128143117763
12.6793441834	-61.0	56.7240380375	0.00594277493656	0.00156956771389	-0.00158977787942
12.5083479803	-61.0	56.8454219284	0.00587850390002	0.00159089686349	-0.00150366174057
12.4926663658	-61.0	57.0519714502	0.00590500514954	0.00162705651019	-0.00140124640893
12.5220366579	-61.0	56.6057059937	0.00584602169693	0.00154901226051	-0.00162126787473
12.5404792415	-61.0	56.3612424843	0.00581561727449	0.00150636734907	-0.00174133712426
