12.6977423816	-35.0664460634	55.7626926308	0.0101678455248	0.00212158705108	-0.000713428133167
12.6978086857	-34.9345375247	56.2337945546	0.0101719759405	0.00233566970564	-0.000353336392436
12.4563211429	-34.9789374308	56.0752234615	0.00999073218554	0.00226300628856	-0.000472178740893
12.5112441920	-35.0385213227	55.8624238476	0.0100298495963	0.00216637295671	-0.000635467353277
12.6797395216	-35.1992492144	55.2883956627	0.0101479692385	0.00190579204354	-0.00107553531416
12.5067356305	-35.1049546920	55.6251618144	0.0100238900632	0.00205845804885	-0.000816815998405
12.5466213158	-35.1613051840	55.4239100572	0.0100509040058	0.00196700356901	-0.000970941968262
12.6439129686	-35.3316921260	54.8153852643	0.0101125026122	0.00169035035651	-0.00143609719817
12.4749972244	-35.2810227153	54.9963474452	0.00999046955258	0.00177214294672	-0.00129686493892
12.5331463856	-35.2276523397	55.1869559295	0.01003714744	0.00185911019798	-0.00115180283319
12.5903905172	-35.4637290223	54.3438249204	0.0100615452975	0.00147536222357	-0.00179489061702
12.4526714688	-35.3470960153	54.7603713739	0.00996909756213	0.00166458950844	-0.0014767156681
12.3737021613	-35.4118142467	54.5292348331	0.00990517064929	0.00155902421102	-0.00165241467766
12.5190014579	-35.5956841700	53.8725565358	0.00999495293945	0.00126032717526	-0.00215270742774
12.2867713506	-35.5461689499	54.0493966075	0.0098278587684	0.00133996258955	-0.0020172232762
12.3425158704	-35.4777549323	54.2937323845	0.00987605098635	0.00145156518556	-0.0018315971829
12.4300182822	-35.7269155479	53.4038730432	0.0099129807204	0.00104629236739	-0.00250770011917
12.2465608343	-35.6121593303	53.8137166776	0.00979081168771	0.00123232218903	-0.00219614827074
12.2118752790	-35.6902478446	53.5348291264	0.00975574925542	0.00110497465357	-0.00240764254704
12.3242170021	-35.8564962014	52.9410849951	0.00981638766825	0.000834811478853	-0.00285724084824
12.1631434616	-35.7554669718	53.3019036720	0.00971114356071	0.000998512725346	-0.00258395564742
12.0979937593	-35.8242613150	53.0562095892	0.00965324789286	0.000886121299118	-0.00276964041404
12.2016858859	-35.9845767046	52.4836546264	0.00970529578626	0.000625633343589	-0.00320162530988
12.0409661229	-35.8886016150	52.8264228034	0.00960139650851	0.000781016307883	-0.00294304569252
11.9684933212	-35.9406427720	52.6405615285	0.00953949149698	0.000695854541846	-0.00308307283558
12.0617211111	-36.1118282156	52.0291849444	0.00957910809666	0.000417683710111	-0.00354258716106
11.8513149446	-36.0638888993	52.2003967881	0.00943171046674	0.000494417734444	-0.00341396406293
11.9030088148	-36.0043604476	52.4129984013	0.00948040746152	0.000591689604335	-0.00325428694487
11.9040404480	-36.2382239124	51.5777717416	0.00943763740361	0.000211011720239	-0.00387992546894
11.7768201349	-36.1273969761	51.9735822282	0.00936484802514	0.000390532106394	-0.00358399446122
11.7190917711	-36.1934143340	51.7378059501	0.0093093411997	0.00028266501613	-0.0037603545934
11.7298800569	-36.3626342966	51.1334489408	0.00928207207471	7.48433421904e-06	-0.00421048887074
11.5596186788	-36.3203380337	51.2845070225	0.00916488375515	7.50076869735e-05	-0.00409827008843
11.6359138063	-36.2562775814	51.5132943522	0.00923497602344	0.00017978377582	-0.00392792234197
11.5394395685	-36.4849190782	50.6967175778	0.00911269336939	-0.000192673614947	-0.00453381286934
11.4686843567	-36.3818652350	51.0647670179	0.00908390246332	-2.57351894106e-05	-0.00426149554551
11.4362711691	-36.4363625569	50.8701337255	0.00904743466526	-0.00011459698726	-0.00440566102043
11.3313611363	-36.6057889049	50.2650396252	0.00892837159336	-0.000390597153455	-0.0048516751267
11.2057665393	-36.5436882503	50.4868276776	0.00885061174631	-0.000290825119009	-0.00468875421211
11.3367706902	-36.4970954482	50.6532305420	0.0089592449367	-0.000214071507799	-0.00456597609445
11.1062727574	-36.7246465970	49.8405478677	0.00872978381813	-0.000585335015785	-0.00516236247495
10.9567305678	-36.6713606489	50.0308548255	0.00863287691027	-0.00050022470532	-0.00502355583012
11.0971756840	-36.6037973435	50.2721523446	0.00875484012067	-0.000389348773751	-0.00484664458781
10.8648883929	-36.8410760152	49.4247285172	0.00851760432124	-0.000776186469011	-0.00546466885135
10.8402877922	-36.7300906543	49.8211048062	0.00853047519922	-0.000596543075517	-0.00517678027973
10.7913528957	-36.7915188007	49.6017185689	0.00847699865699	-0.000696592614986	-0.00533633166924
10.6081867996	-36.9546924928	49.0189553828	0.0082927858457	-0.000962526712101	-0.0057574766688
10.5156580261	-36.8909794357	49.2465020152	0.00824303925037	-0.000860322092194	-0.00559365749359
10.6664528624	-36.8491973089	49.3957238968	0.00836754404008	-0.000791216734797	-0.00548572419211
10.3366662249	-37.0653736935	48.6236653802	0.0080558443442	-0.00114418263547	-0.00604033097625
10.2482011098	-37.0022339905	48.8491643195	0.00800992827863	-0.00104301469401	-0.005879227072
10.3839409094	-36.9469039391	49.0467716462	0.00812812987715	-0.000952145317569	-0.0057375067845
10.0504307921	-37.1731363185	48.2387988625	0.00780694885179	-0.00132117269095	-0.00631314888597
10.1084389202	-37.0569694991	48.6536803605	0.00788842514157	-0.00113294215407	-0.00601878017187
9.99671830271	-37.1060717418	48.4783152078	0.00778919644654	-0.00121346919332	-0.00614339625463
9.74972330696	-37.2779061487	47.8646208976	0.00754642346874	-0.00149345840327	-0.00657553924248
9.70289696281	-37.1930324677	48.1677411870	0.00754096545279	-0.00135704909917	-0.00636259140447
9.85031741488	-37.1590838466	48.2889862621	0.0076624113135	-0.0013006508816	-0.00627727992833
9.43405997259	-37.3798140495	47.5006641090	0.00727398507297	-0.0016613106709	-0.00682758819312
9.54862788763	-37.2447675579	47.9829730073	0.00740800099447	-0.00144225091208	-0.00649200752378
9.37324451752	-37.3038565913	47.7719407453	0.00725622614846	-0.00153953838162	-0.00663884123787
9.10308836141	-37.4788705852	47.1468907670	0.00698951352388	-0.00182485557161	-0.00706905685365
9.02385882613	-37.4069448844	47.4037682701	0.00695774098858	-0.00170979602262	-0.00689205387607
9.21190314437	-37.3540097835	47.5928222018	0.00711766583845	-0.00162226660177	-0.00676254741848
8.75850239296	-37.5744824570	46.8054197963	0.00669468892738	-0.0019832958933	-0.00729806581512
8.85425558958	-37.4558211534	47.2292101663	0.00681269168854	-0.00179061607923	-0.00701065314934
8.67540051766	-37.5049275553	47.0538301596	0.00666032359004	-0.00187193066813	-0.00712872529402
8.40243813314	-37.6660589959	46.4783607288	0.00639170594513	-0.0021359291859	-0.00751284323633
8.32164370787	-37.6007569653	46.7115822669	0.00635855458677	-0.00203098589554	-0.00735566997901
8.50049877979	-37.5516505634	46.8869622736	0.00651151267812	-0.00194945721887	-0.00723994337022
8.03378865838	-37.7538787543	46.1647187348	0.00608029449359	-0.00228358642198	-0.00771343056113
7.93936524051	-37.6925841835	46.3836279159	0.00603652838618	-0.00218442315236	-0.00756752630696
8.14053946827	-37.6455918052	46.5514578385	0.0062054679729	-0.00210573617369	-0.00745986541733
7.65230314065	-37.8379216651	45.8645654816	0.0057614389807	-0.00242703943513	-0.00789907295257
7.75187195021	-37.7355481647	46.2301851261	0.00587942264974	-0.00225659762509	-0.00766443088651
7.62232499581	-37.7842510316	46.0562463157	0.00576280336827	-0.00233806646429	-0.0077745760791
7.25930072128	-37.9178158741	45.5792290209	0.00543904071674	-0.00256587122567	-0.00806805677712
7.42838173512	-37.8253074183	45.9096163633	0.005602422636	-0.00240786815993	-0.00786375347525
7.25845387554	-37.8565184774	45.7981482952	0.00546460365877	-0.00246119475923	-0.00792980473489
6.85488464415	-37.9934797180	45.3090010070	0.00511797284707	-0.00269850459881	-0.00822041090578
6.83889679784	-37.9210843471	45.5675559030	0.00513404514641	-0.00256978510879	-0.00806108303368
7.05946189393	-37.8953404409	45.6594984255	0.00530368462205	-0.00252705719322	-0.00801078882068
6.43810264267	-38.0650556956	45.0533725159	0.0048045180738	-0.00282080867328	-0.00836285483092
6.63353895054	-37.9579097811	45.4360364961	0.00497327093035	-0.00263103912584	-0.00813612062484
6.41013544883	-37.992440946	45.3127109071	0.00480281934142	-0.00268690939993	-0.0082071274519
6.01074121727	-38.1322129421	44.8135252069	0.00449866661802	-0.00292504462413	-0.00850594881922
5.98123839893	-38.0682624071	45.0419199745	0.00448269210756	-0.00280951755121	-0.00837216340005
6.19878479395	-38.0271769140	45.1886538786	0.004644039087	-0.00274294824339	-0.00828118063509
5.57587060915	-38.1945140088	44.5910213971	0.00419374275953	-0.00301454425789	-0.0086603956297
5.76531473352	-38.1006750101	44.9261606781	0.00432654470205	-0.00285996636376	-0.00844939891249
5.54792867778	-38.1318246918	44.8149118151	0.00417022267357	-0.0029065751005	-0.00852853059769
5.13283984350	-38.2521085150	44.3853267323	0.00387404742651	-0.00309387338348	-0.00881917215884
5.32908047313	-38.1617114068	44.7081735473	0.00401258654892	-0.0029513866175	-0.00860905181617
5.19083823786	-38.1961086664	44.5853261916	0.0039134491235	-0.00300502148457	-0.00869365222752
4.68195555211	-38.3049684633	44.1965412025	0.00353991379961	-0.00316916359589	-0.00897219963372
4.77534296129	-38.2389141073	44.4324496167	0.00360663747415	-0.00306690344587	-0.00882022827864
4.96672922159	-38.2238003756	44.4864272300	0.00374910840765	-0.00304540805519	-0.00877150800079
4.22522800395	-38.3528789910	44.0254321749	0.00319520500489	-0.00324080069549	-0.00911479350179
4.30461993631	-38.2774547083	44.2948046132	0.00325236842036	-0.00312485452741	-0.00894260685891
4.54866141381	-38.2640788063	44.3425756917	0.00343710370362	-0.0031046802178	-0.00889371708035
3.75954262244	-38.3961346487	43.8709476831	0.00283930823207	-0.0033081411384	-0.00924550648779
4.07465860762	-38.3001913833	44.2136022025	0.00307777896523	-0.00316023943014	-0.00901041552424
3.8296762793	-38.3266593931	44.1190735959	0.00289068790153	-0.00320168701001	-0.00908696185797
3.28496159019	-38.4346121667	43.7335279759	0.00247309240513	-0.00336949224584	-0.00936318561435
3.36857390826	-38.3691066003	43.9674764277	0.00253564515151	-0.00326911779121	-0.00921262614429
3.59402125323	-38.3471544728	44.0458768828	0.00270960130729	-0.00323422625661	-0.00914885848761
2.80579720423	-38.4678917529	43.6146723112	0.00210063485429	-0.00342374038883	-0.00946642737836
2.88217822252	-38.4030214011	43.8463521388	0.00215784762986	-0.00332438200712	-0.00931811332703
3.12973310424	-38.3870766992	43.9032975029	0.00235051987693	-0.00329822069034	-0.00926770269871
2.32384048774	-38.4958531887	43.5148100404	0.00172373733949	-0.00347017985769	-0.00955498963594
2.38023315539	-38.4292528571	43.7526683676	0.00176512892358	-0.00336834019981	-0.0094042411074
2.64194694642	-38.4183263800	43.7916915000	0.00197028741241	-0.00334960734472	-0.00936581101269
1.83941819145	-38.5184851228	43.4339817042	0.00134298938792	-0.00350856105797	-0.00962895620614
2.13859705664	-38.4419028435	43.7074898446	0.0015753331827	-0.0033895582892	-0.00944462697953
1.95188504378	-38.4713724205	43.6022413555	0.00142935966142	-0.00343594537117	-0.00951901543885
1.35271028719	-38.5357640620	43.3722712071	0.000958776450716	-0.00353863439523	-0.00968833174556
1.48754195718	-38.4698459987	43.6076928616	0.00106168352067	-0.00343721359968	-0.00953625701368
1.70918721527	-38.4813479014	43.5666146380	0.00123797589913	-0.00345304375514	-0.00955226458609
0.862506263952	-38.5477083580	43.3296130073	0.000570297881495	-0.00356035633013	-0.0097332270816
1.24362030252	-38.4771447172	43.5816260102	0.000868439965416	-0.0034501447808	-0.00956224370748
0.978602928396	-38.4697847205	43.6079117126	0.000657107913867	-0.00344076496549	-0.00955576263368
0.368893875525	-38.5542967841	43.3060829140	0.000177765294211	-0.00357358972542	-0.00976365618408
0.439934438886	-38.4795060986	43.5731925051	0.000228158867685	-0.00345905171707	-0.00959483068436
0.732410730121	-38.4744256313	43.5913370310	0.000461221294245	-0.00344948098063	-0.00957446731627
-0.126446512512	-38.5554896118	43.3018228148	-0.000217385517317	-0.00357821001671	-0.00977948866785
0.192607432006	-38.4814532405	43.5662384266	3.06673573505e-05	-0.00346343778074	-0.00960610434413
-0.0324564472642	-38.5096321557	43.4655994439	-0.000146722974023	-0.00350770656951	-0.00967465899885
-0.621131664896	-38.5512980842	43.3167925563	-0.000613133772276	-0.00357415480539	-0.0097806379199
-0.280375466204	-38.5088784175	43.4682913659	-0.000345094158547	-0.00350778689608	-0.00967870559543
-0.47871690463	-38.5134688982	43.4518967921	-0.000503340619616	-0.00351571291685	-0.0096930693835
-1.11289007111	-38.5418015704	43.3507086771	-0.00100754399318	-0.00356152770109	-0.00976733863354
-0.885512074009	-38.4711465082	43.6030481849	-0.000833935278933	-0.00345258042216	-0.00960539281368
-0.72538938263	-38.5100396206	43.4641442122	-0.000701179727912	-0.00351151567884	-0.00968993734568
-1.60106756026	-38.5270879236	43.4032574158	-0.00140002579428	-0.00354042812251	-0.00973980687559
-1.13050631712	-38.4650880361	43.6246855852	-0.00103112473153	-0.00344412494451	-0.00959515199065
-1.43896632876	-38.4607790571	43.6400747962	-0.00127906084526	-0.00343838287517	-0.00958882924169
-2.08651579748	-38.5071716917	43.4743868152	-0.00179115869105	-0.00351087423041	-0.00969810038805
-1.95184992507	-38.4476970171	43.6867963674	-0.00169207714498	-0.00341936573386	-0.00956280529499
-1.68205948387	-38.4521318255	43.6709577661	-0.00147515558638	-0.00342567986809	-0.00957130175084
-2.56991085948	-38.4820084382	43.5642555778	-0.00218143407255	-0.00347277615219	-0.00964210461825
-2.19411176371	-38.4364282613	43.7270419239	-0.00188787304796	-0.00340237678029	-0.00953812897205
-2.42002019192	-38.4438288978	43.7006110794	-0.00206763087772	-0.00341398199089	-0.00955515541136
-3.05068567098	-38.4515758983	43.6729432205	-0.00257031642832	-0.00342608126812	-0.00957174133509
-2.84595157894	-38.3941998211	43.8778577817	-0.00241646566428	-0.00333773135208	-0.00944148004055
-2.66105920759	-38.4299347433	43.7502330597	-0.00226268544793	-0.00339274131693	-0.00952339265496
-3.52861930169	-38.4158142622	43.8006633493	-0.00295759434812	-0.0033706901595	-0.00948687363416
-3.08559112597	-38.3776606834	43.9369261308	-0.00261089229025	-0.00331219285727	-0.00940246134996
-3.33000884418	-38.3519221312	44.0288495314	-0.00281069311313	-0.00327228591777	-0.00934175308794
-3.99920243713	-38.3750338124	43.9463078130	-0.00333953509107	-0.00330708362162	-0.00938821211457
-3.81235459669	-38.3173218818	44.1524218508	-0.00320183346048	-0.00321817514487	-0.0092570791021
-3.56820319435	-38.3326969959	44.0975107291	-0.00300430040807	-0.00324231479317	-0.00929531548172
-4.45988689681	-38.3295210042	44.1088535563	-0.00371405598707	-0.00323569960892	-0.0092764403671
-4.04466880183	-38.2957861997	44.2293350010	-0.00339092942886	-0.00318441027775	-0.0092042433098
-4.26725263285	-38.2758562038	44.3005135579	-0.00357183068991	-0.00315304775722	-0.00915467366576
-4.91321740808	-38.2790725252	44.2890266958	-0.00408316077664	-0.00315623520873	-0.00915111321956
-4.72509721661	-38.2337297433	44.4509652027	-0.00394364679232	-0.00308644864708	-0.00904851965606
-4.49553874462	-38.2518872789	44.3861168610	-0.00375791126862	-0.00311528565362	-0.00909511465579
-5.35961869014	-38.2236718965	44.4868860840	-0.00444716215134	-0.00306868017651	-0.00901215150952
-4.95006315752	-38.2072620328	44.5454927400	-0.00412724586204	-0.00304461247288	-0.0089821210131
-5.18727436137	-38.1799056907	44.6431939618	-0.00432051625103	-0.00300125055946	-0.00891279336065
-5.79841756740	-38.1634298068	44.7020364042	-0.00480544008315	-0.00297321076505	-0.00885978899896
-5.62917767127	-38.1291813896	44.8243521802	-0.00467983167619	-0.00292053981684	-0.00878267455846
-5.40863286419	-38.1509861362	44.7464780849	-0.0045013781637	-0.00295539898798	-0.00883957371116
-6.22949178139	-38.0983729732	44.9343822387	-0.00515781715512	-0.0028698660899	-0.0086940554902
-5.84654161426	-38.0978726930	44.9361689535	-0.00485759694129	-0.00287079252303	-0.00870286207646
-6.04881769443	-38.0821927777	44.9921686509	-0.00501983333379	-0.00284541654401	-0.00866018794477
-6.65159725830	-38.0286927214	45.1832402807	-0.00550323957577	-0.00275895372033	-0.00851544365287
-6.41336772044	-38.0139706466	45.2358191194	-0.0053204856813	-0.00273708370514	-0.00848688185215
-6.26244503892	-38.0484554610	45.1126590679	-0.00519471056759	-0.00279172626324	-0.00857377797365
-7.0619509029	-37.9549044182	45.4467699350	-0.00583935016766	-0.00264131091535	-0.00832520797849
-6.62177536946	-37.9780448800	45.3641254287	-0.00549133820459	-0.0026798187755	-0.00839440338314
-6.82766719891	-37.9359329940	45.5145250213	-0.00566133158281	-0.00261277286336	-0.00828653201461
-7.46016639550	-37.8771730710	45.7243818892	-0.00616576289758	-0.00251723290421	-0.00812382530421
-7.22907894526	-37.8486153111	45.8263738889	-0.00599306169897	-0.00247358786874	-0.00806181598455
-7.02955697096	-37.8980929627	45.6496679903	-0.00582694960758	-0.00255235889927	-0.00818852707744
-7.84802250814	-37.7951833636	46.0172022727	-0.00648385612294	-0.00238622864708	-0.00791041459888
-7.42533602244	-37.8087402433	45.9687848453	-0.00615416374058	-0.00240983511321	-0.0079579828307
-7.61936947506	-37.7677179716	46.1152929585	-0.00631345249712	-0.00234419968911	-0.00785091146827
-8.22336459284	-37.7093976125	46.3235799553	-0.00679178675637	-0.00224900664762	-0.00768623966724
-7.81088288530	-37.7256132839	46.2656668431	-0.00647068675607	-0.00227682245895	-0.00774077884853
-8.00131317203	-37.6920800652	46.3854283387	-0.0066248299554	-0.0022229172755	-0.00765133788809
-8.58591663783	-37.6199116153	46.6431728027	-0.00708928285167	-0.00210581324063	-0.00745153613389
-8.32756796273	-37.6004808998	46.7125682149	-0.00689556729048	-0.0020765052177	-0.00741272326559
-8.18509817872	-37.6484232664	46.5413454770	-0.00677575729787	-0.00215302011929	-0.00753680150956
-8.93673231282	-37.5264370068	46.9770106900	-0.00737714441493	-0.00195616739802	-0.00720557617024
-8.50624586009	-37.5546605746	46.8762122335	-0.00704234512523	-0.00200310721993	-0.00729208672419
-8.66970246128	-37.5015744885	47.0658053981	-0.00717864697799	-0.00191823369823	-0.00715344725177
-9.27443355235	-37.4292762068	47.3240135473	-0.00765418959782	-0.00180059496779	-0.00694913882762
-9.03047971705	-37.3997193574	47.4295737235	-0.00747484760359	-0.00175499566831	-0.00688408594579
-8.84177082441	-37.4539354570	47.2359447963	-0.00731994910166	-0.00184189260472	-0.00702757341787
-9.59841752987	-37.3285497573	47.6837508669	-0.00791985355318	-0.00163933180738	-0.00668257009238
-9.19603579413	-37.3502107509	47.6063901752	-0.00761067774147	-0.00167565094307	-0.00675285607576
-9.36618406301	-37.2995535295	47.7873088234	-0.00774977682158	-0.00159443554003	-0.0066181323491
-9.90638391474	-37.2250258736	48.0534790230	-0.00817219074816	-0.00147364358418	-0.00640793843195
-9.52455278143	-37.2483533097	47.9701667511	-0.0078795813024	-0.00151240080595	-0.00648207822815
-9.69931850468	-37.2070891752	48.1175386599	-0.00801941473037	-0.0014460667735	-0.00637026689947
-10.1987921165	-37.1187311856	48.4331029085	-0.00841150712222	-0.00130358117167	-0.00612531788647
-9.84891416745	-37.1547961662	48.3042994064	-0.00814191158861	-0.00136231875513	-0.00623109191656
-10.0204215105	-37.1126248743	48.4549111633	-0.00827857851982	-0.0012945929775	-0.00611656578258
-10.4768207767	-37.0093378967	48.8237932260	-0.00863867625594	-0.00112868461292	-0.0058338730596
-10.1631851781	-37.0586426460	48.6477048356	-0.00839530397207	-0.00120821571909	-0.00597267132252
-10.2726663455	-37.0205434515	48.7837733874	-0.00848392210901	-0.00114723609295	-0.00587055599317
-10.7405020000	-36.8968431783	49.2255600776	-0.00885365530849	-0.00094904267462	-0.00553363375366
-10.4424681347	-36.9145257660	49.1624079787	-0.00862846989185	-0.000978033989668	-0.00559086166322
-10.4078958361	-36.9651547183	48.9815902917	-0.00859439373016	-0.00105869094841	-0.00572274858132
-10.9891562729	-36.7815288921	49.6373968141	-0.00905583892018	-0.000765187316574	-0.00522538460791
-10.7107118713	-36.7603312782	49.7131025777	-0.00885195098817	-0.000732024665922	-0.00518115144223
-10.5708590634	-36.8574375421	49.3662944925	-0.00873325672001	-0.000886853551492	-0.00543828401715
-10.5813580654	-36.8000437809	49.5712722109	-0.00874987244606	-0.000795468338765	-0.00528931245208
-11.2214788867	-36.6640544829	50.0569482754	-0.00924407597631	-0.000578305975068	-0.00491097383201
-10.8309479743	-36.7021290647	49.9209676260	-0.00894950050861	-0.000639251957182	-0.0050251558423
-10.9537529342	-36.6481566461	50.1137262639	-0.00904785469174	-0.000553295132704	-0.00487980805337
-11.4383505511	-36.5440038386	50.4857005763	-0.0094190761447	-0.000387847831007	-0.00458939513192
-11.1791128930	-36.5259454459	50.5501948362	-0.00922982301563	-0.000359131052392	-0.00455197039992
-11.0658107400	-36.5889076172	50.3253299386	-0.00913843419403	-0.000459080416476	-0.00472089322284
-11.6383186773	-36.4222023964	50.9207057272	-0.0095796296373	-0.000195337430341	-0.00426297076046
-11.2838597407	-36.4651615732	50.7672800957	-0.00931405369192	-0.000262784829829	-0.00438884086907
-11.3977086082	-36.4199553952	50.9287307313	-0.0094027845189	-0.000191347891814	-0.00426599942148
-11.8208703555	-36.2991035834	51.3603443449	-0.00972536671907	-1.73463672581e-06	-0.00393313635141
-11.5344867089	-36.3066496147	51.3333942332	-0.00951456092298	-1.25167271108e-05	-0.00396339502186
-11.4929459346	-36.3589662897	51.1465489654	-0.00947903934866	-9.50614848989e-05	-0.00410237303004
-11.987415392	-36.1737544268	51.8080199043	-0.00985746085644	0.000194251610083	-0.00359759409912
-11.6217515842	-36.2445596559	51.5551440862	-0.00958411488682	8.51075019455e-05	-0.00379693391733
-11.7049948257	-36.1818946101	51.7789478210	-0.00965024344623	0.000183335272595	-0.00362900085747
-12.1368631224	-36.0468477176	52.2612581515	-0.00997513812035	0.000391231209505	-0.00325855915435
-11.7842164869	-36.1186546170	52.0048049394	-0.00971294660121	0.000282174354652	-0.00345967779867
-11.8903526768	-36.0638902819	52.2003918503	-0.00979422684759	0.000367096741684	-0.00331175629981
-12.2682865825	-35.9192345688	52.7170193971	-0.0100779309869	0.000587681424804	-0.00291885645129
-11.9920121142	-35.9429057709	52.6324793895	-0.00987558718771	0.000554910278879	-0.00298990006559
-11.9605648517	-36.0002470187	52.4276892188	-0.00984940491617	0.00046584077063	-0.003141799476
-12.3822853308	-35.7903778675	53.1772219018	-0.0101666618139	0.000784354808275	-0.00257777562365
-12.0532106981	-35.8789587083	52.8608617560	-0.00992348231375	0.000653522729408	-0.00281985662878
-12.1022233530	-35.8195925476	53.0728837586	-0.00996194593608	0.00074484187644	-0.00266255880706
-12.4791707372	-35.6597831015	53.6436317805	-0.0102422116324	0.000982318539172	-0.00223490037024
-12.1938729016	-35.6897066141	53.5367620926	-0.0100340470672	0.000943913881201	-0.00232008774765
-12.1549801544	-35.7547032856	53.3046311228	-0.010003073141	0.000844261434395	-0.00249102618545
-12.5584393631	-35.5280868176	54.1139756516	-0.0103049380705	0.00118113448843	-0.00189238530584
-12.2379828947	-35.6240237281	53.7713438280	-0.0100686820224	0.00104412750807	-0.00214778073132
-12.2790048761	-35.5596617114	54.0012081736	-0.0101010287181	0.001142174704	-0.00197974778712
-12.6197556642	-35.3961613668	54.5851379757	-0.0103550562635	0.00138113473076	-0.00155334221199
-12.3450735934	-35.4236799648	54.4868572685	-0.0101546188816	0.00134971481748	-0.00162746594287
-12.3141715198	-35.4936724924	54.2368839558	-0.0101291732863	0.00124269211665	-0.00180827174336
-12.6634241311	-35.2638443247	55.0576988402	-0.0103937499225	0.00158488331363	-0.00121668633074
-12.3712502868	-35.3577682529	54.7222562397	-0.0101766847074	0.00145101861563	-0.00145804986823
-12.3947511594	-35.2876638129	54.9726292397	-0.01019741036	0.00155960116535	-0.00127862440422
-12.6895487705	-35.1310443742	55.5319843779	-0.010421352461	0.00179407466203	-0.000880347040948
-12.4357280368	-35.1511770475	55.4600819731	-0.0102355116978	0.00177384435665	-0.000930489040911
-12.4122271642	-35.2212814875	55.2097089732	-0.0102139767259	0.00166346388869	-0.00110924860928
-12.6980862666	-34.9982505467	56.0062480477	-0.0104378899559	0.00200784066692	-0.000543338479474
-12.4443851389	-35.0847830385	55.6972034341	-0.010246486403	0.00187968940008	-0.000761184375733
-12.5418201519	-35.0291574585	55.8958662197	-0.0103216078132	0.00196493207477	-0.000620207749307
-12.6891372317	-34.8658364135	56.4791556662	-0.0104430047795	0.00222520460375	-0.000205117030418
-12.5107471374	-34.9117275141	56.3152588781	-0.0103088077158	0.00215751351789	-0.000319293758366
-12.5417047151	-34.9627810423	56.1329248489	-0.0103269610554	0.00207269703969	-0.000450620544143
-12.6627466845	-34.7335947746	56.9514472335	-0.0104357898235	0.00244578579441	0.00013642583508
-12.4326082720	-34.7697139868	56.8224500472	-0.0102644311264	0.00239494768903	4.90011625516e-05
-12.5019342322	-34.8457128662	56.5510254780	-0.0103082535788	0.00226643704809	-0.000149349347339
-12.6187236702	-34.6012485779	57.4241122219	-0.0104151293635	0.00266837584786	0.000482647359604
-12.4150089172	-34.7035105355	57.0588909448	-0.0102573111653	0.0025053860154	0.000221763912123
-12.4584074102	-34.6424897399	57.2768223577	-0.0102942176163	0.00260520237498	0.000379786186386
-12.5567561424	-34.4687641529	57.8972708824	-0.0103800622746	0.00289152213372	0.000833246856928
-12.3101307247	-34.5216627529	57.7083473109	-0.0101948194206	0.00281137507409	0.000702592427842
-12.4319737545	-34.5763707054	57.5129617664	-0.0102801807225	0.00271624326706	0.000554112310056
-12.4765257471	-34.3362903337	58.3703916653	-0.0103298351169	0.00311429612339	0.00118694815319
-12.2344377791	-34.3890980724	58.1817925985	-0.0101478341967	0.00303368247114	0.00105627882294
-12.2745597377	-34.4553225742	57.9452765209	-0.0101732779294	0.00292268372141	0.000879208033439
-12.3789571865	-34.2055396570	58.8373583678	-0.0102647570893	0.00333361513913	0.00153851846699
-12.1897647036	-34.3229893227	58.4178952762	-0.0101185813546	0.00314442254603	0.00123370077927
-12.1426777473	-34.2574780888	58.6518639686	-0.0100869899616	0.0032539900858	0.00141001981683
-12.2644736049	-34.0767907578	59.2971758651	-0.0101849362254	0.00354903307743	0.00188676826656
-12.0427607238	-34.1273448830	59.1166254178	-0.0100179817528	0.00347115308978	0.00176140316762
-12.0898476801	-34.1928561169	58.8826567254	-0.0100506050512	0.00336204259656	0.00158452196047
-12.1320792751	-33.9488260153	59.7541928025	-0.010089494288	0.00376265915111	0.00223452132195
-11.9811228260	-34.0632402207	59.3455706403	-0.00997394602746	0.00357813527808	0.00193535862491
-11.9106294293	-33.9996362447	59.5727276977	-0.00992269907147	0.00368426530622	0.00210853666067
-11.9816518711	-33.8216549470	60.2083751894	-0.00997824594378	0.00397446192801	0.0025814329274
-11.7693896804	-33.8721954554	60.0278733737	-0.00981829687953	0.00389630137943	0.00245587783866
-11.8398830770	-33.9357994314	59.8007163164	-0.00987069122493	0.00379057857208	0.00228248466738
-11.8145115068	-33.6963811185	60.6557817197	-0.00985211785883	0.00418269494548	0.00292421481572
-11.6897305597	-33.8088841121	60.2539853138	-0.00975845381618	0.00400155223906	0.00262896181084
-11.6797033803	-33.7423323939	60.4916700218	-0.00975058134645	0.00411038193852	0.00280749145895
-11.6309028672	-33.5730579686	61.0962215409	-0.00971128139645	0.00438732048497	0.00326241319999
-11.5922949633	-33.6803876119	60.7129013861	-0.00968384556472	0.00421319203451	0.00297723454423
-11.4753051749	-33.6349071951	60.8753314460	-0.00959443859756	0.00428963685408	0.00310430233367
-11.4299638647	-33.4511387779	61.5316472216	-0.00955513399094	0.00458929594606	0.00359737011604
-11.2660147113	-33.5111216401	61.3174227138	-0.00943208951503	0.00449494365603	0.00344486976974
-11.3791201234	-33.5735527337	61.0944545225	-0.00952000077814	0.00439133448526	0.00327279791236
-11.2132109215	-33.3315811993	61.9586385740	-0.00938484724611	0.00478709628806	0.00392631441355
-11.1612850412	-33.4505803422	61.5336416350	-0.00935004279017	0.00459514604881	0.00361138838343
-11.0472018868	-33.3900267545	61.7499044483	-0.00926029868424	0.00469538522884	0.00377825344913
-10.9817348662	-33.2148834188	62.3754163614	-0.00920134782791	0.00497994106263	0.00424770405516
-10.9352459239	-33.3310278846	61.9606146979	-0.00917171407491	0.00479291938245	0.00394072569907
-10.8391792871	-33.2669553658	62.1894451220	-0.00909454654902	0.00489819515496	0.00411578034982
-10.7342074090	-33.1003608045	62.7844256981	-0.00900364480913	0.00516898743808	0.00456330412999
-10.7197061404	-33.2092762985	62.3954417912	-0.0089992498979	0.00499342754483	0.00427471380681
-10.6335002761	-33.1552962544	62.5882276627	-0.00892938952893	0.00508198468015	0.00442210026085
-10.4704744322	-32.9880651214	63.1854817093	-0.00879167579114	0.00535417161882	0.00487286457792
-10.3589802901	-33.0541927136	62.9493117371	-0.00871004071087	0.00524945231155	0.0047028302215
-10.5054566537	-33.0984788479	62.7911469716	-0.00882663857192	0.00517571438104	0.00457875197753
-10.1916969635	-32.8785885589	63.5764694325	-0.0085664447397	0.0055345450528	0.00517468666658
-10.2233289511	-32.9987363070	63.1473703320	-0.00860058795661	0.00534086162224	0.00485579529777
-10.0331273649	-32.9428362669	63.3470133326	-0.00844816863537	0.00543373962864	0.00501214619726
-9.89693764274	-32.7716760465	63.9582998340	-0.00832725130022	0.00571053242311	0.00546941673383
-9.89003995441	-32.8888379193	63.5398645740	-0.0083320653066	0.00552264414728	0.00516106840223
-9.82057439479	-32.8285197395	63.7552866447	-0.00827254261822	0.00562041718513	0.00532310968265
-9.58747586100	-32.6679175156	64.3288660158	-0.00807521957904	0.005881188903	0.00575535977259
-9.49624000179	-32.7378416895	64.0791368231	-0.00801017973572	0.00577048864216	0.00557574583218
-9.66891137127	-32.7756343118	63.9441631722	-0.00814909860492	0.00570743065327	0.00546893337741
-9.26509899253	-32.5679354655	64.6859447661	-0.00781186809763	0.00604553334415	0.00603075232357
-9.16758077283	-32.6355516323	64.4444584560	-0.0077417306602	0.00593873532489	0.00585793703794
-9.33850699146	-32.6869846267	64.2607691903	-0.00788137596101	0.00585411768407	0.00571596063673
-8.92784476705	-32.4711048648	65.0317683401	-0.00753565412015	0.00620458368212	0.00629728566855
-9.00300108940	-32.5864424022	64.6198485634	-0.00760693009943	0.00601943209767	0.00599324237555
-8.79666657989	-32.5360540593	64.7998069312	-0.00743859820068	0.00610261689872	0.00613327184692
-8.57670078092	-32.3777274340	65.3652591644	-0.00724744936451	0.00635785842314	0.00655408436432
-8.62403716263	-32.4883542200	64.9701634999	-0.00729681132361	0.00618092203513	0.00626454409212
-8.53221729943	-32.4261640241	65.1922713424	-0.00721730384976	0.00628114165738	0.00642995676026
-8.21235301057	-32.2879896945	65.6857510910	-0.00694786338136	0.00650505395606	0.00680060172454
-8.21210492915	-32.3486400251	65.4691427675	-0.00695430813357	0.00640846695751	0.0066435164772
-8.35378674101	-32.3804974060	65.3553664073	-0.00707056513056	0.00635606143624	0.00655549066141
-7.83512638783	-32.2019851486	65.9929101836	-0.00663723051548	0.00664601894096	0.00703654205427
-7.85334672592	-32.2628825820	65.7754193501	-0.00665856944397	0.00654896860942	0.0068786884658
-8.02623930254	-32.3045901050	65.6264639107	-0.00680127320811	0.00648070825264	0.00676453998312
-7.44681394181	-32.1201176825	66.2852939910	-0.00631709583104	0.00678008701652	0.0072607868351
-7.46794655873	-32.1800137435	66.0713794875	-0.00634076492861	0.00668474240229	0.00710597867146
-7.66206677957	-32.2209399228	65.9252145613	-0.00650088349357	0.00661770347506	0.00699377432466
-7.04597342357	-32.0421057797	66.5639079295	-0.00598632683977	0.00690773595124	0.00747406529263
-7.03816415889	-32.1037743834	66.3436629165	-0.005986971315	0.00681001180783	0.00731622055173
-7.27098619009	-32.1401039078	66.2139146151	-0.00617821747437	0.00675008865073	0.00721529731527
-6.63516762576	-31.9684798543	66.8268576633	-0.00564711075276	0.00702809076756	0.00767493946478
-6.83433821721	-32.0656951291	66.4796602531	-0.00581857934594	0.00687229260802	0.00742029258981
-6.63383557032	-32.0276630237	66.6154892010	-0.00565264513716	0.0069343559444	0.00752376159653
-6.21556904831	-31.8994314489	67.0734591111	-0.00530048133805	0.0071408492513	0.00786286965013
-6.26626504539	-31.9561632739	66.8708454504	-0.00534773711115	0.00705065717921	0.00771697144955
-6.42695400025	-31.9921204636	66.7424269156	-0.00548163382336	0.00699242996052	0.00762067968026
-5.78471798581	-31.8345998293	67.3050006097	-0.00494447629899	0.00724659301341	0.00803885981441
-5.85569158086	-31.9306825895	66.9618478947	-0.0050124223344	0.00709432596341	0.00779304467142
-5.75827538527	-31.8891097067	67.1103224761	-0.00492889527231	0.00716064590961	0.00790116842836
-6.05361004822	-31.9226776378	66.9904370077	-0.00517194252461	0.00710532395169	0.00780809251592
-5.34537077465	-31.7744696433	67.5197512741	-0.00458140252158	0.0073445350863	0.00820160470903
-5.34983218492	-31.8395442988	67.2873417900	-0.00459185289219	0.00724180648103	0.00803681835532
-5.54014388138	-31.8577839700	67.2222001072	-0.00474845664576	0.0072116907686	0.0079860733822
-4.89721787943	-31.7190486740	67.7176833072	-0.0042110835202	0.00743465451524	0.00835109967738
-5.12870235859	-31.8107483489	67.3901844681	-0.00440893694758	0.0072886752896	0.00811468902975
-4.95425523038	-31.7808061653	67.4971208381	-0.00426379730925	0.00733693689108	0.00819408521056
-4.43913676410	-31.6683062674	67.8989061877	-0.00383264943957	0.0075169922784	0.00848745182157
-4.49403783695	-31.7508984833	67.6039339883	-0.00388546893373	0.00738670723513	0.00827862136066
-4.72729083620	-31.7542067174	67.5921188663	-0.00407612416893	0.00738016469404	0.00826580729336
-3.97519731212	-31.6227484878	68.0616125435	-0.00344949914142	0.00759073067456	0.00860932469368
-4.26299693216	-31.7267712369	67.6901027254	-0.00369441416115	0.00742584979162	0.00834347773343
-4.03008257909	-31.6932202537	67.8099276652	-0.00350084179081	0.0074796564877	0.0084316264838
-3.50476360250	-31.5822674629	68.2061876323	-0.00306114275008	0.00765603361651	0.00871702004224
-3.79728597752	-31.6717852524	67.8864812414	-0.00330842565745	0.0075143170543	0.00848892237991
-3.56092061545	-31.6528440924	67.9541282413	-0.00311321555637	0.00754495710135	0.00853962823749
-3.02686853699	-31.5467871876	68.3329029014	-0.00266683031805	0.00771300122142	0.00881076324731
-3.08699923925	-31.6148705243	68.0897481274	-0.00272158719599	0.00760598992929	0.00864011514932
-3.32336460132	-31.6338116843	68.0221011275	-0.00291694351472	0.00757561344653	0.00859018694609
-2.54689876877	-31.5166712856	68.4404596945	-0.002271033125	0.00776103092358	0.00888961739838
-2.84675309246	-31.5984269225	68.1484752770	-0.00252320524305	0.00763233052567	0.00868345052004
-2.61471825658	-31.5709062945	68.2467632339	-0.00233068550006	0.00767585774884	0.00875395722687
-2.06571091698	-31.4919317850	68.5288150537	-0.00187450111844	0.00780010968447	0.00895358994603
-2.37509900008	-31.5572224434	68.2956341307	-0.00213298387825	0.00769760087132	0.00878961663693
-2.16558194776	-31.5374137238	68.3663795579	-0.00195955811068	0.00772877410054	0.00884000770748
-1.58133667068	-31.4722145675	68.5992336875	-0.00147566245869	0.00783074926585	0.009003627114
-1.73364863136	-31.5421793926	68.3493593120	-0.00160503061488	0.00772136542946	0.00882955268025
-1.92414209997	-31.5262972505	68.4060812483	-0.00176052935421	0.00774622755125	0.00886856112629
-1.09438160431	-31.4578693610	68.6504665677	-0.00107504089829	0.00785237085074	0.00903890281916
-1.49076686779	-31.5336467702	68.3798329637	-0.00140489067417	0.00773453339934	0.00885107647628
-1.25181011712	-31.5329569907	68.3822964617	-0.00120841502212	0.00773532642052	0.00885277800262
-0.605758806519	-31.4484907756	68.6839615156	-0.000673426722642	0.00786558445543	0.00906043779105
-0.76404868337	-31.5210960753	68.4246568738	-0.000806814467069	0.00775274634361	0.00888111628592
-1.00786582900	-31.5270240029	68.4034857039	-0.00100754701998	0.00774412462488	0.00886713620275
-0.1161208327	-31.4444801463	68.6982851917	-0.000271478376817	0.00786973163486	0.00906729046255
-0.519423362462	-31.5177778491	68.4365076819	-0.000605603447184	0.00775713473558	0.00888826884329
-0.274556253093	-31.5167882847	68.4400418402	-0.000404337886721	0.00775771960616	0.00888930354267
0.373719379859	-31.4457414505	68.6937805339	0.000130100757815	0.00786492601037	0.00905978959054
0.241423327043	-31.5110292657	68.4606097655	1.96190067072e-05	0.00776403862983	0.00889945961535
-0.0296349011394	-31.5160992170	68.4425027963	-0.000203112562303	0.00775764323771	0.00888924580067
0.862975831104	-31.4523004946	68.6703553763	0.000530577322934	0.00785110890865	0.00903795659542
0.486250825012	-31.5129828427	68.4536327047	0.000220450659981	0.00775946583599	0.00889217108488
0.732593965363	-31.5115517262	68.4587438349	0.000422494631493	0.00775992125273	0.00889292359352
1.35084907842	-31.4641802930	68.6279275251	0.000929237809032	0.00782822351903	0.00900182686746
1.21318466233	-31.5255445627	68.4087694188	0.000815850973595	0.00773418787867	0.00885198172182
0.976931567741	-31.5161602332	68.4422848815	0.000622587453108	0.00775082362816	0.00887844990939
1.83652752882	-31.4813961491	68.5664423245	0.0013253352372	0.00779623445123	0.00895152613521
1.45662907332	-31.5328186661	68.3827904781	0.00101487780921	0.00772055378184	0.00883037410676
1.70882658426	-31.5343332443	68.3773812704	0.00122090592049	0.0077155274339	0.00882261991501
2.31922171119	-31.5039052463	68.4860526918	0.00171813892666	0.00775525113568	0.00888728536665
2.16186936804	-31.5490048199	68.3249827862	0.00159028475173	0.00768742430955	0.00877847895026
1.95097294611	-31.5442698968	68.3418932257	0.00141842477024	0.00769736478105	0.008793938905
2.79895890384	-31.5316731220	68.3868817073	0.00210762023926	0.00770536065102	0.00880933739245
2.60254550446	-31.5918778311	68.1718648889	0.00194894801825	0.00761524494737	0.00866399798542
2.40233180639	-31.5615674173	68.2801163667	0.00178600463551	0.00766481878236	0.00874292198569
3.27831595969	-31.5648883491	68.2682558960	0.00249576452188	0.00764627102762	0.00871733762324
3.12975375912	-31.6306156079	68.0335156860	0.00237698666751	0.00754747586325	0.00855734106153
2.84173173558	-31.6070773336	68.1175809515	0.00214327173308	0.00758826173842	0.00862158741802
3.75250190375	-31.6032536290	68.1312370394	0.00287858420052	0.00757864583284	0.00861229375005
3.36982143930	-31.6486391493	67.9691458953	0.00257144356146	0.00751575734466	0.00850760098547
3.63447986945	-31.6594957031	67.9303724889	0.00278519140556	0.00749437790364	0.00847504660487
4.21868704962	-31.6464748474	67.9768755449	0.00325372908264	0.00750323012471	0.00849515199661
3.86852892722	-31.6798097482	67.8578223280	0.00297409575433	0.00745892804116	0.00841958262026
4.06967464608	-31.6750934268	67.8746663330	0.00313542434014	0.00746226450428	0.00842703785747
4.68016408855	-31.6948327043	67.8041689132	0.00362382479943	0.00741979898885	0.00836537778378
4.44921140402	-31.7140937522	67.7353794565	0.00344054284506	0.0073950951919	0.00832202844322
4.30171814646	-31.6979964591	67.7928697889	0.00332205626182	0.0074226479046	0.00836517289281
5.13344410617	-31.7479661544	67.6144065913	0.00398609368131	0.00732943927869	0.00822401605546
4.73212228686	-31.7907135759	67.4617372289	0.00366935995407	0.00727281952277	0.00812521856278
4.93337509787	-31.7988184299	67.4327913217	0.00382987060584	0.00725639378652	0.00810087937862
4.67855301774	-31.7395425938	67.6444907363	0.00362449232489	0.0073516224511	0.00825391430408
5.57705851799	-31.8056482354	67.4083991594	0.00433947658166	0.00723305158317	0.00807172060013
5.36755477456	-31.8637347380	67.2009473643	0.00417731935158	0.00714959483594	0.00793014559895
5.15724141270	-31.8264840111	67.3339856745	0.00400887569413	0.00720997527242	0.008027353324
6.01288943778	-31.8681095983	67.1853228633	0.00468577770516	0.00713080121204	0.00790778826922
5.58721945164	-31.8937408370	67.0937827249	0.00435250252485	0.00710021005943	0.00785090308636
5.83771267751	-31.8975094178	67.0803235080	0.00455003324896	0.00708983559161	0.00783695373684
6.43822765810	-31.9349648508	66.9465541043	0.00502325687557	0.00702375872061	0.0077331084758
6.22847397476	-31.9632968684	66.8453683271	0.00486110709608	0.00698477495462	0.00766512705013
6.05378594641	-31.9299594164	66.9644306558	0.00472185062245	0.00703743472695	0.00775181269273
6.85383765434	-32.0063325581	66.6916694352	0.00535301538184	0.00691201677546	0.00754709308967
6.43767841383	-31.9976809878	66.7225679008	0.00502738775685	0.00693035731092	0.0075752385892
6.66394241125	-32.0350497764	66.5891079415	0.00520714139566	0.00687177153304	0.00747747393325
7.25964220193	-32.0822507498	66.4205330363	0.00567553751171	0.00679558189586	0.00734936539084
6.87023873136	-32.0720354352	66.4570163029	0.00537125533447	0.00681448774412	0.00738090230152
7.09770766376	-32.1063834126	66.3343449550	0.00555166276172	0.00676136510447	0.00729060452431
7.65336628602	-32.1623034256	66.1346306229	0.00598958367482	0.00667499052361	0.00714065041393
7.29715471405	-32.1452969227	66.1953681333	0.00571071263403	0.00670221820474	0.00718905311078
7.48757544622	-32.1801994089	66.0707163967	0.00586247770116	0.00664947740734	0.0070976074785
8.03603806475	-32.2466368271	65.8334399033	0.00629646889865	0.00654954649508	0.00692017935216
7.80047646570	-32.2565533214	65.7980238522	0.0061144484207	0.0065354811959	0.00689850049093
7.68178727850	-32.2213217143	65.9238510203	0.00601806817576	0.0065878611058	0.00699008535594
8.40575191312	-32.3347616755	65.5187083018	0.00659492937848	0.00641926983371	0.00668897619471
8.14366345197	-32.3465144395	65.4767341446	0.00639271410182	0.006401931867	0.00666309706867
7.98887664711	-32.2997453457	65.6437666224	0.00626626051962	0.00647126697004	0.00678526796401
8.76208342468	-32.4264745557	65.1911623011	0.00688467733562	0.00628369906917	0.00644746888429
8.47579829151	-32.4452034549	65.1242733752	0.0066648973152	0.00625550048426	0.00640408881009
8.32493599718	-32.3914223879	65.3163486145	0.00653983699158	0.00633531762287	0.00654492340982
9.1056534371	-32.5218688351	64.8504684459	0.00716604944319	0.00614218180999	0.00619530724362
8.65079970476	-32.4919893533	64.9571808809	0.00680799689144	0.00618592835963	0.00628046691418
8.81879663783	-32.5404118667	64.7842433333	0.00694613019004	0.00611378019676	0.00615239189938
9.43467237770	-32.6203763314	64.4986559594	0.00743731996045	0.0059951688163	0.00593388918787
9.15530457822	-32.6374238098	64.4377721079	0.00722331274301	0.00596866942942	0.00589468982071
8.98730764516	-32.5890012964	64.6107096556	0.00708486745134	0.00604120781645	0.00602350058034
9.75055060039	-32.7223713167	64.1343881546	0.00769934151322	0.00584180140868	0.00566220423207
9.31578324087	-32.6873159817	64.2595857796	0.0073562678881	0.005893683061	0.00576183153316
9.49132290070	-32.7313739338	64.1022359506	0.00749992905185	0.00582730164751	0.00564357452095
10.0532174661	-32.8278731057	63.7575960512	0.00795169919729	0.00568193010986	0.00538017554209
9.75920708254	-32.8390487888	63.7176828970	0.00772608118132	0.00566392438486	0.00535654090345
9.64662803059	-32.7834671293	63.9161888239	0.00762925762683	0.00574846705422	0.00550440745428
10.3402750417	-32.9360403472	63.3712844743	0.00819212757051	0.00551671767607	0.0050900708884
9.90653064208	-32.8924342581	63.5270205067	0.00784938037395	0.00558250863105	0.00521340221167
10.0570203406	-32.9517723152	63.3150988744	0.00797604583204	0.00549164088443	0.00505416374654
10.6113974014	-33.0466713226	62.9761738480	0.0084200790152	0.00534645747393	0.00479246629402
10.3471950993	-33.0658719767	62.9076000831	0.00821969565004	0.00531595619395	0.00474684871733
10.1967054009	-33.0065339197	63.1195217155	0.00809341203421	0.00540747540072	0.00490683643147
10.8671524624	-33.1599699092	62.5715360387	0.00863576959819	0.00517089245841	0.00448684953153
10.4785980287	-33.1217189128	62.7081467402	0.00833043176681	0.00522951409221	0.00459615187719
10.6064388159	-33.1783605873	62.5058550455	0.00843830686063	0.00514155579731	0.00444310903549
11.1069089391	-33.2756743024	62.1583060629	0.00883844867349	0.00499049946666	0.0041739679873
10.7307176330	-33.2357970699	62.3007247504	0.00854328647256	0.0050520976074	0.00428772950545
10.8505115116	-33.2764511987	62.1555314331	0.00864183530211	0.00498866057023	0.00417692912742
11.3310823646	-33.3940567890	61.7355114680	0.00902830064297	0.00480490038171	0.00385312386788
11.0373244977	-33.3900032870	61.7499882606	0.00880282279104	0.00481067970395	0.00386969721876
10.9659640015	-33.3346960815	61.9475139947	0.00873959995806	0.00489749293774	0.0040190811269
11.5394766535	-33.5151035585	61.3032015767	0.00920500978827	0.00461418041959	0.0035243940074
11.1459563685	-33.4501277027	61.5352582047	0.00889500044286	0.00471610575914	0.00370642426424
11.2676003761	-33.5125519133	61.3123145955	0.00899705663323	0.00461769243702	0.00353645067662
11.7302216336	-33.6375968469	60.8657255470	0.00936684012413	0.00442032469437	0.00319115212187
11.3673658030	-33.5734476488	61.0948298257	0.00908175017685	0.00452146166936	0.00337076094002
11.4938347094	-33.6223722674	60.9200990449	0.00918478239328	0.00444404408336	0.00323658552952
11.9043570019	-33.7620153600	60.4213737141	0.00951453391463	0.00422266079113	0.00285213417374
11.6236315340	-33.7388834540	60.5039876641	0.00929842796177	0.00425904942676	0.00291975960135
11.5848166977	-33.6839440046	60.7001999835	0.00926205795258	0.0043463758193	0.00306883687153
12.0621379431	-33.8885272085	59.9695456838	0.00964818429202	0.00402098894119	0.00250695552677
11.7859629101	-33.8691296367	60.0388227261	0.00943675171584	0.00405156100169	0.00256438553333
11.7067422655	-33.8017096877	60.2796082583	0.00936905108392	0.00415905378759	0.00274836015888
12.2024575647	-34.0161744675	59.5136626160	0.00976676959544	0.00381689239293	0.00215829093941
11.8606124660	-33.9327920709	59.8114568895	0.00950004998595	0.00394990015775	0.00239047571085
11.9361742184	-34.0029353859	59.5609450504	0.00956415105611	0.00383771420456	0.00219877273776
12.3250790938	-34.1444770176	59.0554392230	0.00987000390887	0.00361120235175	0.00180757208727
12.0906529042	-34.1334690824	59.0947532770	0.0096922442317	0.00362852634862	0.00184132088907
12.0018532125	-34.0668947157	59.3325188725	0.00961963273585	0.00373527989723	0.00202386756428
12.4308330850	-34.2741757587	58.5922294331	0.0099585428834	0.00340278213844	0.00145281502046
12.1475938192	-34.1977883482	58.8650416134	0.00974007789046	0.00352524151094	0.00166531035211
12.2277119794	-34.2610150488	58.6392319685	0.00980476569384	0.00342361768708	0.00149179587606
12.5199299720	-34.4058415833	58.1219943452	0.0100324880332	0.0031907542143	0.00109254545532
12.2764725342	-34.3263739201	58.4058074282	0.00984541513026	0.00331844110042	0.00131287786644
12.3308349718	-34.3862453134	58.1919810237	0.0098894527182	0.00322201056406	0.00114875263534
12.5913414246	-34.5382858960	57.6489789429	0.0100909546018	0.00297705526464	0.000730136875063
12.3711199691	-34.4525307149	57.9552474469	0.00992270093411	0.003115122905	0.000967271218542
12.4168771886	-34.5015421770	57.7802065107	0.00995890144259	0.00303605385125	0.000832823221572
12.6447504673	-34.6707955647	57.1757301260	0.0101336492226	0.00276288273744	0.000367612170521
12.3657749732	-34.6000785591	57.4282908604	0.00992348231375	0.00287677394226	0.000564372807276
12.3771858828	-34.6522787841	57.2418614854	0.00993308331817	0.00279235630296	0.000421567296144
12.4480181587	-34.5676764665	57.5440126197	0.00998428463936	0.00292924535461	0.000651798327453
12.6802172481	-34.8031165526	56.7031551693	0.0101606296375	0.00254869507626	5.77047421757e-06
12.3936186777	-34.7810635463	56.7819159062	0.0099464925006	0.0025838506408	6.93332403898e-05
12.3994376778	-34.7186311925	57.0048885982	0.00995056331158	0.00268498202786	0.00023993459763
12.4068533310	-34.8470087883	56.5463971847	0.00995611678809	0.00247697997838	-0.000111087938421
12.4519446920	-34.9134855743	56.3089800920	0.00998890306801	0.00236922106706	-0.000293274584692
4.52128317919	-34.7915408201	56.7444970709	0.00403919583187	0.00297102541663	-1.27596031234e-05
4.45096012038	-34.8985513073	56.3623167598	0.00399490166456	0.00280366442166	-0.000350809103111
4.02385660571	-34.7759978692	56.8000076099	0.00363840279169	0.0030699474737	2.41233119596e-05
4.29537065897	-34.7470923014	56.9032417807	0.00385287962854	0.00307527626865	0.000121722165204
3.98822486345	-34.8466200881	56.5477853997	0.00361893884838	0.00296019716188	-0.000202820971026
4.21137602396	-34.9014749100	56.3518753215	0.00380424084142	0.00283385254443	-0.000369517307263
4.54671913406	-34.8520875595	56.5282587161	0.0040663741529	0.00286784325726	-0.000201571921934
-4.28851025609	-35.3105092141	54.8910385210	-0.00424217898399	0.00204852130264	-0.00165323063266
-4.28647356672	-35.3775051605	54.6517672838	-0.00423206202686	0.00192293303553	-0.00185881869402
-4.10999351689	-35.4223128852	54.4917396959	-0.00408406835049	0.00186086411122	-0.00201246840879
-4.05215576707	-35.2611762063	55.0672278346	-0.00405868981034	0.00217481842265	-0.00152082974091
-3.80929115984	-35.2977741021	54.9365210638	-0.003858350683	0.00214240816422	-0.00165741739329
-3.85587420361	-35.4166796472	54.5118584028	-0.00387894641608	0.00190602894872	-0.00202124426141
-3.78262657157	-35.3566500509	54.7262498183	-0.00382863800041	0.00203315610997	-0.00184367294423
0.64039849777	-33.2733258879	62.1666932575	0.00035160841071	0.00527563178912	0.00447815330699
0.358276753143	-33.2645487898	62.1980400365	0.000102205827716	0.00528838299215	0.0045038992539
0.387806556963	-33.1380524084	62.6498128273	0.000124748446979	0.00544555578381	0.0048303110525
0.712574415726	-33.2081722739	62.3993847361	0.000411799614085	0.00535544008017	0.00464603677392
0.244128933113	-33.1921742829	62.4565204182	4.32986624332e-09	0.00537818251178	0.00469204131514
0.590265512832	-33.1496933932	62.6082378813	0.0003020807344	0.00542973075062	0.00479834200814
-1.96696750425	-36.3439712667	51.2001026188	-0.00201260135509	0.000169417486177	-0.00476615922526
-1.41319790082	-36.3526383737	51.1691486652	-0.00150852557272	0.000168658312759	-0.00482123624533
-1.59557238883	-36.2909389172	51.3895038671	-0.00168542424217	0.000289337214781	-0.00466169556603
-1.4867339752	-36.4327637967	50.8829864404	-0.00156345998403	5.72360931983e-06	-0.00500898063183
-1.98970539940	-36.4070210214	50.9749249237	-0.00202087895013	4.32869601354e-05	-0.00491759041324
-1.85895363584	-36.2914994743	51.3875018776	-0.00192524376325	0.00027917206171	-0.00464558787644
-1.74830737890	-36.4632264640	50.7741911999	-0.00179451599251	-6.07929287071e-05	-0.00506749935448
-6.91073182832	-33.9691272647	59.6816883405	-0.0061493339017	0.00395004916936	0.00238419929519
-6.6458850413	-34.0884645382	59.2554837920	-0.005963973701	0.00378636037931	0.00205787573941
-6.58201093382	-33.9983542647	59.5773061976	-0.00590019673109	0.00392889557406	0.00231335638091
-6.92586332975	-34.1099755920	59.1786585998	-0.00618190830573	0.00373217253946	0.00198921910487
-7.06237458010	-34.0464926332	59.4053834527	-0.00627726688981	0.00382051593624	0.00216330820695
3.07279423627	-37.0244834090	48.7697021108	0.00243649818003	-0.00109234824777	-0.00625733006746
3.68300995628	-37.0394743925	48.7161628839	0.00293783540837	-0.00112023204565	-0.00624741986394
3.46484208512	-37.0807072613	48.5689026382	0.00274950801395	-0.00119078846183	-0.006357380189
3.17152520548	-36.9596404903	49.0012839632	0.00253201578744	-0.00097926647868	-0.00610214425251
3.41479075891	-36.9376220776	49.0799211515	0.00273928395472	-0.000941833597608	-0.00603352300823
3.62432243897	-36.9715956432	48.9585869886	0.00290501606651	-0.00100229575764	-0.00609598681331
3.22199727055	-37.0787196832	48.5760011313	0.00254955817945	-0.00118686864153	-0.00637013325468
6.52311114446	-33.6223915759	60.9200300862	0.005363302771	0.0045527680777	0.00335526932031
6.82165460315	-33.5948353440	61.0184452001	0.00559170125052	0.00457996828482	0.00342092104256
6.93789959094	-33.7150650851	60.5890532673	0.00570918573067	0.00439578667283	0.00309050898068
7.01385188746	-33.6442491261	60.8419674069	0.00575297512114	0.00449814228341	0.00328125641681
6.67213155176	-33.7287650271	60.5401249032	0.00550449592993	0.00438819313422	0.00306071271189
6.51668627899	-33.6805799863	60.7122143345	0.0053715496324	0.00446728710085	0.00319707230665
7.79122185166	-35.6128979626	53.8110787051	0.0065029184334	0.00129095383454	-0.00228311913088
7.85181526187	-35.7802753414	53.2133023521	0.00652341078967	0.00100254639983	-0.00274279410951
7.58630124273	-35.6679675964	53.6144014415	0.00634270533919	0.00120405119378	-0.00244648591615
8.01163987081	-35.6338987925	53.7360757410	0.00666394317523	0.00124753033742	-0.00233121938072
7.62283330662	-35.7484882682	53.3268276136	0.00635767308995	0.00106429948937	-0.002667325316
8.05606100716	-35.7477226857	53.3295618369	0.0066806091927	0.00105220533442	-0.00264338520356
8.06569256772	-35.6928633597	53.5254880010	0.00669594435021	0.00114539999049	-0.00249186321162
-1.64401873846	-34.3348803300	58.3754273928	-0.00184321717825	0.00403981376439	0.00146693689749
-1.93850132729	-34.3367271692	58.3688315386	-0.00212194118649	0.00399819761515	0.00145363598131
-2.13854248840	-34.2835853647	58.5586236977	-0.00229383818805	0.00403168937191	0.00161524687428
-2.00017870038	-34.2055205907	58.8374264617	-0.00214653229341	0.00413850927725	0.00186042522546
-1.72517212045	-34.2136848882	58.8082682563	-0.0018922467716	0.00416146731004	0.00184365583118
-1.63317903103	-34.2716636836	58.6012011299	-0.00181844260078	0.00410957913846	0.00166669813916
-6.67871991801	-36.2302696465	51.6061798340	-0.00592762837186	0.000193695625057	-0.00404195860028
-6.69968645458	-36.3005073898	51.3553307508	-0.00592928100377	7.17974835425e-05	-0.00422596884891
-7.19312033798	-36.2228839762	51.6325572278	-0.0063195284456	0.00019024615176	-0.00398161262274
-6.95852147512	-36.1922633796	51.7419165014	-0.006147894077	0.000250037235674	-0.00391837256029
-7.10327644577	-36.2989288977	51.3609682225	-0.00623696390539	6.30018184893e-05	-0.0041897543706
-6.91177586779	-36.3179974038	51.2928664151	-0.00608761562034	3.56648633897e-05	-0.0042549748905
-0.141818763494	-35.0291514162	55.8958877993	-0.000356548378477	0.00325451768003	-0.00099895184394
-0.0236671324491	-35.1859278570	55.3359719391	-0.000225041381782	0.00293286540546	-0.00157240603585
0.252909515707	-35.1677961869	55.4007279038	7.92920473032e-05	0.00296934880316	-0.00150532636326
-0.271353078888	-35.0900203156	55.6784988728	-0.000499117479194	0.00312960147858	-0.00122286623809
0.313282001731	-35.0909927975	55.6750257231	0.000146363541717	0.00312892859802	-0.00122533692047
-0.190519381036	-35.1437250895	55.4866961088	-0.000409286149079	0.00302105071023	-0.00141965714283
0.101009872437	-35.0291346219	55.8959477790	-8.8119355496e-05	0.00325654982589	-0.0009990533581
-3.08043027833	-32.6337756373	64.4508012953	-0.00281276204623	0.00607584742829	0.00608138367534
-2.55108015203	-32.5866535092	64.6190946100	-0.00236441940069	0.00615342147648	0.00621167197824
-2.76005709542	-32.6479389322	64.4002180993	-0.00254615000449	0.00606232509017	0.0060524623841
-3.00220631177	-32.4797204120	65.0009985284	-0.00273040356115	0.00629942491651	0.00647306954488
-3.15988490918	-32.5505346650	64.7480904822	-0.00286954361945	0.00619396008551	0.00629064673558
-2.68865831662	-32.4999829235	64.9286324162	-0.00247085047886	0.00627531437203	0.00642796885222
-6.76168674421	-35.0847726350	55.6972405891	-0.00613411981612	0.00217396207154	-0.000825299764983
-7.21292652192	-35.1026808353	55.6332827312	-0.00646519940346	0.00210802443326	-0.000861418433487
-7.21556560242	-35.1661933852	55.4064521957	-0.00646525807679	0.00200078380294	-0.00104415696114
-6.99802126631	-35.0614184486	55.7806483978	-0.00630835909396	0.00219397619367	-0.000749228114728
-6.84426413024	-35.1772762768	55.3668704402	-0.00619237683713	0.00201029190794	-0.0010910378769
-6.78079479426	-35.1425644845	55.4908411266	-0.00614684028551	0.00207443675026	-0.000992859248072
-7.02320017933	-35.1954132167	55.3020956548	-0.00632316665724	0.00196558330208	-0.00113596802112
-0.831474509236	-37.5002171252	47.0706531243	-0.000884310575202	-0.00191201176494	-0.00745588773862
-0.938844300077	-37.3775749597	47.5086608581	-0.000984594342299	-0.00170708785299	-0.00718314992264
-0.572297500104	-37.4500118534	47.2499576663	-0.000669766275678	-0.00182730297092	-0.00734450342134
-0.698559248361	-37.3540482108	47.5926849615	-0.000782724237069	-0.00166627927683	-0.0071317194961
-0.478452778316	-37.3882250208	47.4706249256	-0.000594104465563	-0.00172313419171	-0.00720732891932
-1.07027627412	-37.4411716386	47.2815298620	-0.00109013414476	-0.00181449356023	-0.00732378615066
3.63165247902	-35.8872017556	52.8314223014	0.00319679593667	0.00103039504029	-0.00340280914679
3.82546096079	-35.9917709890	52.4579607535	0.00333071034402	0.000810222059954	-0.0036636730656
3.89268772984	-35.8638977033	52.9146510597	0.00342227821238	0.0010575321503	-0.00330844381824
4.02266007084	-35.9037912067	52.7721742618	0.00351947778836	0.000969967979472	-0.00340316793881
4.01077730186	-35.9664411312	52.5484245316	0.00349244382232	0.000848435040098	-0.003574708011
3.68509330462	-35.9525177723	52.5981508131	0.00322366203181	0.000896526384167	-0.00357414176688
1.98286531741	-32.7543800443	64.0200712705	0.00147268408909	0.00593085680157	0.00577982468531
2.16670795799	-32.6932750614	64.2383033520	0.00162278814241	0.00601160386577	0.00592971779406
2.38431190506	-32.8468839157	63.6897003012	0.00181908998638	0.0057973517105	0.00553529709578
2.49777832942	-32.7849960428	63.9107284184	0.00190838065464	0.0058793653734	0.00568929035217
2.14395128184	-32.8228551197	63.7755174295	0.0016141301021	0.00583480251953	0.00560259120539
2.40266681904	-32.7216185538	64.1370765936	0.00182288233191	0.00596831273288	0.00585223408416
-5.27923523817	-36.5757969806	50.3721536406	-0.00475655309856	-0.000368219916709	-0.0050593316555
-4.79178552849	-36.6750044140	50.0178413786	-0.00434037018567	-0.000531205849256	-0.0053497152403
-5.00230862154	-36.5569415074	50.4394946166	-0.00453907717019	-0.000328068708768	-0.00503579434007
-4.76482900812	-36.6087990165	50.2542892267	-0.0043345503509	-0.000413848843891	-0.0051868641749
-5.06263951424	-36.6865806878	49.9764975436	-0.00455626100302	-0.00055708369473	-0.00535602448508
-5.30889296924	-36.6368915202	50.1539588563	-0.00476555619389	-0.000475636828924	-0.00521098263562
6.86482418783	-34.4124293741	58.0984665211	0.00579233793542	0.00333607872017	0.00113531691022
7.33716847493	-34.3805194853	58.2124304095	0.00614587357268	0.00335584999993	0.00122289324645
7.02483986867	-34.2797512794	58.5723168594	0.00589174358174	0.0035326431971	0.00151319697034
7.28320575757	-34.3061038818	58.4782004221	0.00609306246042	0.00347578315996	0.00143504457083
6.80776137773	-34.3297901875	58.3936064732	0.00573481852189	0.00346914958209	0.00137304794043
7.15871169279	-34.4234308152	58.0591756601	0.0060171908699	0.00329922651872	0.00110172200948
2.19046603267	-33.9563179446	59.7274359121	0.00184301985428	0.00441867252812	0.00258625601418
2.53594808958	-34.0834362654	59.2734419093	0.00218755053356	0.00423838756979	0.00220335647464
2.27875080764	-34.0746884341	59.3046841638	0.00195389380679	0.00427490379661	0.00223873089999
2.45994494695	-33.9404270229	59.7841892040	0.00208051828668	0.00441434932873	0.00262167328037
2.63813407396	-34.0040770217	59.5568677795	0.00225603324361	0.00432255957276	0.00243151793256
2.18505997379	-34.0237912462	59.4864598350	0.00185543019325	0.00434204656631	0.00239129317924
-4.76969978219	-33.2409818946	62.2822075193	-0.00430827401578	0.00515449047089	0.00445459177718
-5.24274977121	-33.2980866713	62.0782618882	-0.00470544863492	0.00504883052781	0.00428353343159
-5.08846508860	-33.3638839087	61.8432717546	-0.00459219515324	0.00496233720332	0.00411427114159
-4.62081882935	-33.3093396531	62.0380726674	-0.00419858982787	0.0050651631318	0.0042790719308
-5.06106810679	-33.2561631514	62.2279887449	-0.00454967562109	0.00511839380488	0.0044025182724
-4.80878613620	-33.3585263566	61.8624058694	-0.00436250865459	0.0049854083918	0.00414019310847
5.59941396814	-36.4510624835	50.8176339876	0.00464345933869	-0.000108953274321	-0.00468072015792
5.39108632514	-36.3323898469	51.2414648325	0.0045112548396	0.000107249514258	-0.00439648563042
5.83606248701	-36.4272885460	50.9025409071	0.0048364805989	-7.16655922588e-05	-0.00460112793371
5.82706436916	-36.3568619200	51.1540645714	0.00484871771187	5.28650671185e-05	-0.00442196102813
5.35350359897	-36.4038661700	50.9861922500	0.00446158042178	-1.98053367058e-05	-0.00458212289959
5.63185127430	-36.3278645150	51.2576267320	0.00470304768533	0.000109084481664	-0.00436385488138
-9.78039454074	-34.8631278532	56.4888290958	-0.00833102501929	0.00235617510043	-0.000152200358571
-9.71732914826	-34.7007116834	57.0688868449	-0.00828991923481	0.00262287771329	0.000292556185741
-10.0073145670	-34.8100295366	56.6784659407	-0.00849710777402	0.00243258220144	-8.64723460836e-06
-9.98697043080	-34.7261478680	56.9780433284	-0.00848521385342	0.00256963120773	0.000219909154112
-9.51464977855	-34.8064127846	56.6913829122	-0.00814051553607	0.00246050651185	4.28756402471e-06
-9.56962414381	-34.7457898506	56.9078933907	-0.00818171631545	0.00255649420433	0.00017045896675
9.66340392192	-34.6661016293	57.1924941810	0.00791436899453	0.00280071422458	0.000407667102991
9.70878042511	-34.7447948995	56.9114467875	0.00795175228268	0.00267201126553	0.000188486796105
10.1836388764	-34.7235668656	56.9872611945	0.00830271374434	0.00269589899108	0.00024606907391
9.85221996642	-34.6041490411	57.4137534245	0.00805096141994	0.00289620715193	0.00057897035731
9.97762402137	-34.7722276373	56.8134727241	0.00815180316567	0.00262116640806	0.000111754474347
10.1133259127	-34.6457282889	57.2652561109	0.00824716780335	0.002823329065	0.000462092284579
-9.82739321888	-35.5464286387	54.0484691474	-0.0083318380639	0.00123784632888	-0.00201269821264
-9.37778153974	-35.5344760592	54.0911569314	-0.00800923258066	0.00127247907221	-0.00199501449242
-9.61530523621	-35.4029195475	54.5610016160	-0.00818772055209	0.0014803793747	-0.00162956444547
-9.56304310639	-35.5745737098	53.9479510365	-0.00813990924507	0.00120019621681	-0.00209753401577
-9.42285988191	-35.4667599375	54.3330002231	-0.00804590061307	0.00138243800029	-0.00180905521847
-9.82551274821	-35.4342789938	54.4490035936	-0.00833683647215	0.00142151117325	-0.00170928321313
-9.87030109120	-35.4898082019	54.2506849933	-0.00836593285203	0.00132911768742	-0.00185840157792
5.18080806536	-32.3817594872	65.3508589743	0.00406554713845	0.00639161607251	0.00663266144693
5.39960854785	-32.4271882616	65.1886133513	0.00424535293132	0.00632126675919	0.00651196204126
5.36270888779	-32.5057711511	64.9079601747	0.00422482844442	0.00620857579634	0.00631330534816
4.99029570243	-32.4723709509	65.0272466038	0.00392200984061	0.00626493431628	0.00640821224079
5.13825016792	-32.5204305841	64.8556050566	0.00404646666721	0.00619244016707	0.00628213444725
5.01912738948	-32.4101130598	65.2495962150	0.00393867818639	0.00635409262031	0.00656514102593
1.14531455259	-36.2557202076	51.5152849728	0.000879793369677	0.000386449450161	-0.00459118792787
1.31422147242	-36.2093808483	51.6807826848	0.00104404205922	0.00048052254715	-0.00446878466755
1.10196113061	-36.1099344194	52.0359485021	0.000859940308146	0.00069980637636	-0.00423795590177
0.970858166186	-36.2080600459	51.6854998362	0.000722788448911	0.000490505888592	-0.00448534777388
0.925423472453	-36.1550438460	51.8748434072	0.000686410639901	0.000605440931395	-0.00435861339793
1.33654354690	-36.1529305666	51.8823908335	0.00107420946006	0.00060020777164	-0.00432901736349
-5.084241628	-37.3919066741	47.4574761638	-0.00441025104374	-0.00174773472827	-0.0070646815002
-5.40868995211	-37.5167355907	47.0116586048	-0.00464099552482	-0.00195106677711	-0.00734372157604
-5.53134258498	-37.3949413048	47.4466381972	-0.00476598320529	-0.00175356387626	-0.00704727927223
-5.19619258482	-37.5214489453	46.9948251954	-0.00447078375146	-0.00195863470435	-0.00736550753936
-5.56252509765	-37.4608681875	47.2111850447	-0.00477575091645	-0.00186070532072	-0.00720293121412
-5.02042350340	-37.4741814478	47.1636376863	-0.00434086658061	-0.00188182387501	-0.0072627090849
-5.34164699017	-37.3819243053	47.4931274811	-0.0046180463396	-0.00173197931144	-0.00702674873173
6.71042785268	-37.0048353898	48.8398736080	0.00534938648343	-0.00106752861757	-0.00596682913601
6.89613862184	-37.1155963091	48.4442988960	0.00545755960047	-0.00125098438002	-0.00622274447232
6.91223933308	-36.9679819531	48.9714930245	0.0055154482834	-0.00100606516935	-0.00586863793433
6.69932919689	-37.0803533207	48.5701667118	0.0053177322261	-0.00119307881687	-0.00614737579599
7.10263096355	-36.9998119308	48.8578145330	0.00565126817673	-0.00105886766687	-0.00593704776838
7.08613741907	-37.0742885574	48.5918265807	0.00561555614695	-0.00118225533515	-0.00611681723967
-5.17304092078	-34.6885973649	57.1121522681	-0.00492180977017	0.00300134974532	0.000316958670737
-5.57311138550	-34.6104384455	57.3912912661	-0.00521946838126	0.00307757942937	0.000556260696612
-5.32899398560	-34.6256765755	57.3368693732	-0.00503399549052	0.00308232591487	0.000509369710926
-5.28031643830	-34.7620579381	56.8497930781	-0.00501222163439	0.00286864349619	9.44476487348e-05
-5.67844663786	-34.7445150837	56.9124461298	-0.00531421136111	0.00284933368675	0.000154343855684
-5.72767998159	-34.6704263198	57.1770488578	-0.00534439412877	0.00296386680566	0.00037732734927
-5.51117120247	-34.7619206412	56.8502834242	-0.00518858944997	0.00284050358459	9.90383996395e-05
4.79661410779	-33.2215768369	62.3515112966	0.00388633273542	0.00520600238815	0.0044863326475
4.31183949317	-33.2097239413	62.3938430668	0.00348590337671	0.00524242781103	0.00453543523327
4.52225011760	-33.3379688546	61.9358255192	0.00368674239144	0.00505629880354	0.00418967008591
4.77794710290	-33.2884389279	62.1127181147	0.00388547731563	0.00511337863281	0.00431098230183
4.21060999803	-33.2721508355	62.1708898734	0.00341528281569	0.00516096130013	0.00437534740195
4.56477575939	-33.1878727302	62.4718831065	0.00368949933909	0.00526243355125	0.00458325492218
4.27153862326	-33.3291209447	61.9674251976	0.00347799109295	0.00508022960275	0.00422271667048
2.87201984484	-37.6910896379	46.3889655788	0.00216853083111	-0.00221027713269	-0.00775518361479
3.29039945163	-37.8051725898	45.9815264649	0.00248824269511	-0.00239105476066	-0.00797909032553
2.97960193861	-37.8057532371	45.9794527247	0.0022432806436	-0.00239396141842	-0.00800020527095
3.34559768341	-37.7250792106	46.2675742477	0.00254048127681	-0.00226233806461	-0.00779962958768
3.11608394453	-37.6736230260	46.4513463356	0.00236496445723	-0.00218068156391	-0.00770153710619
2.77662650406	-37.7527791867	46.1686457616	0.00208662543446	-0.00231026438996	-0.00789636746049
-8.54566730137	-33.3538223802	61.8792057849	-0.00733101880178	0.00481943879277	0.00399078382179
-8.83054175414	-33.4137181863	61.6652921919	-0.0075581963174	0.00471571553499	0.00381797156297
-8.73411919529	-33.4757753719	61.4436593863	-0.00749024981633	0.00462154997513	0.00365624995902
-8.48195379455	-33.4905695982	61.3908228635	-0.00729715405032	0.00460777571425	0.00362778408453
-8.68655916704	-33.3750976560	61.8032226571	-0.00744265224785	0.00478127459064	0.00392763502896
-8.34725587555	-33.3916842251	61.7439849105	-0.00718134455383	0.00476732710376	0.00389859988354
-8.34731375142	-33.4481278969	61.5424003683	-0.0071880640462	0.00467925984412	0.00374754634686
-2.01992649348	-33.3504871726	61.8911172406	-0.00200051232241	0.00513917533681	0.00425887713209
-2.40226449975	-33.2505088104	62.2481828200	-0.00231786607765	0.00525186304003	0.00451173493639
-2.30183130664	-33.3235816234	61.9872084879	-0.00224177190103	0.005161723122	0.00432249577716
-1.88618069827	-33.3029691305	62.0608245338	-0.00187759939581	0.00520414253697	0.00438695959747
-1.96942665103	-33.2537795614	62.2365015665	-0.00194387719966	0.00526371784508	0.00451386254281
-2.14314856807	-33.2192095141	62.3599660212	-0.00208994327113	0.00530211767182	0.00460009137169
-0.0722315178018	-32.6033269479	64.5595466146	-0.000271443510428	0.00615426059812	0.00618839077652
-0.31228807189	-32.5995503977	64.5730342938	-0.000474812550237	0.00615911697969	0.00619856780395
0.0907750061193	-32.6678926555	64.3289548019	-0.000134023764986	0.00606539333239	0.0060255639255
-0.119732776469	-32.7287617531	64.1115651674	-0.000314074975904	0.00598229002208	0.00587342912331
-0.445085659913	-32.6646157988	64.3406578614	-0.000589496514294	0.00606892770156	0.00603535911068
-0.344032640141	-32.7080744378	64.1854484366	-0.000504806346726	0.00600985204801	0.00592599157244
9.52354592195	-34.1526956970	59.0260867966	0.00776219693944	0.00362621876411	0.00183181464672
9.30016182119	-34.1231232507	59.1317026759	0.00759011739865	0.00367868551984	0.00191691983491
9.26496824672	-34.0523643013	59.3844132097	0.00755371991545	0.00379114691168	0.00211223145016
9.67992917807	-34.1219869503	59.1357608917	0.00787600874901	0.00367120699957	0.00191370758694
9.47694352403	-34.0216571977	59.4940814369	0.00770948082209	0.00383426528424	0.00219264579937
9.64738200399	-34.0630410629	59.3462819183	0.00784381944686	0.00376515649259	0.00207608309574
-0.0788588022098	-36.8862387749	49.2634329469	-0.00026629192871	-0.000842463748995	-0.0060840123333
-0.217951885117	-36.7640559138	49.6998003080	-0.000391859764932	-0.00061739195371	-0.00580773921683
0.128161106441	-36.8667726020	49.3329549930	-8.37381376186e-05	-0.000806053343695	-0.00603813305497
-0.275487393991	-36.8332295640	49.4527515570	-0.000441179028712	-0.000746188161429	-0.00596479838714
0.0384976567374	-36.7613007840	49.7096400572	-0.000163094315212	-0.000611042021774	-0.00580020574853
0.153059627417	-36.8106306308	49.5334620330	-6.13411248196e-05	-0.000702530145645	-0.00591084640473
-4.51012763765	-34.0834399812	59.2734286385	-0.00427866214886	0.003991458565	0.00213846052065
-4.11274182095	-34.2162019905	58.7992786052	-0.00398615468293	0.0038510451559	0.00176047184505
-4.6259266869	-34.1501408590	59.0352112178	-0.0043884026818	0.0038839939516	0.00194016529713
-4.20588025692	-34.0998955591	59.2146587175	-0.00403370242566	0.00400188146159	0.00210080249235
-4.35288917353	-34.2293792172	58.7522170813	-0.00418582139537	0.00380276679061	0.00171437766403
-4.53498076195	-34.1965397795	58.8695007874	-0.00432572886348	0.00382791389711	0.00180651480332
-4.06886104651	-34.1593798504	59.0022148201	-0.00393568957224	0.00393545255065	0.00193050492089
6.84982721320	-32.7900206457	63.8927834081	0.00544977281243	0.00576432934031	0.00554595002905
6.51128059538	-32.9272557766	63.4026579406	0.00520675489679	0.00557126104832	0.00519867707044
7.05183114571	-32.8419685066	63.7072553335	0.00561820110306	0.00568408565596	0.00540631916374
6.58406644052	-32.8123971573	63.8128672953	0.00524365156889	0.00573723064736	0.00549465371296
6.74792088101	-32.9465300608	63.3338212115	0.00539775565267	0.00553726544604	0.00514211086556
6.99263756806	-32.9166699922	63.4404643137	0.00558530958369	0.00557549484074	0.00521350232884
6.49843693994	-32.8713412435	63.6023527019	0.00518629234284	0.00565316993743	0.00534419203177
-9.22231167790	-34.0192126086	59.5028121122	-0.00790947582573	0.00374236446805	0.00216760998592
-9.05218077124	-34.1750480868	58.9462568329	-0.00779136456549	0.00350158801302	0.00174777326174
-9.46289636061	-34.1175642950	59.1515560893	-0.00809504464269	0.00357470382005	0.00189144175965
-8.92102324641	-34.1190635100	59.1462017499	-0.00768994819373	0.00359725789167	0.00190524512436
-9.41160143908	-34.0444871546	59.4125458766	-0.00805299077183	0.00369382090867	0.00209202617407
-9.29938012341	-34.1638552267	58.9862313333	-0.00797517970204	0.00350786722265	0.00177067506593
-8.98663969063	-34.0506119010	59.3906717820	-0.00773454317823	0.00370307220146	0.00209030881524
-7.47556593626	-36.9802975875	48.9275086161	-0.0063785687089	-0.00108172686305	-0.00591257121414
-7.57406354049	-37.0623005982	48.6346407206	-0.00643615191802	-0.00121597037651	-0.00611197529361
-7.02925949276	-37.1196663148	48.4297631613	-0.00600373279303	-0.00130785501096	-0.00628813356161
-7.33975979236	-37.1346837315	48.3761295303	-0.00624006893486	-0.00133315927815	-0.00630653183907
-7.00978778847	-37.0480680617	48.6854712083	-0.00600484199822	-0.00119056284893	-0.00611163908616
-7.20184965120	-37.0032814882	48.8454232566	-0.00616312446073	-0.00111802120227	-0.00598761951551
9.22794138113	-36.2794801696	51.4304279656	0.00744812330231	0.000137768656714	-0.00402590073645
9.52322448166	-36.2939913728	51.3786022399	0.00766369746998	0.000112656780402	-0.00405556196347
9.59434168011	-36.1717478179	51.8151863646	0.00774303264916	0.000315159792081	-0.00372991315089
9.34395962648	-36.1706083507	51.8192558903	0.00755801098421	0.000318389444146	-0.00373405194841
9.74117055693	-36.2357935642	51.5864515564	0.0078379670158	0.000208531972021	-0.00389613537118
9.23446966091	-36.2177300031	51.6509642747	0.00746676605195	0.000240563822445	-0.00386248668656
-6.34395021970	-32.7813854208	63.9236234971	-0.00551244895905	0.00577189400792	0.00559527846053
-6.41000582079	-32.7151618199	64.1601363574	-0.00555641716346	0.00587085727602	0.00576450582594
-5.81049733823	-32.7414798744	64.0661433058	-0.00507576810196	0.00584718119353	0.00571952667087
-5.92246875635	-32.8060435200	63.8355588570	-0.00517578609288	0.00574687775224	0.00554789463058
-6.12565210287	-32.6867371010	64.2616532109	-0.0053231199272	0.00592144671828	0.00584912765771
-6.13432851419	-32.8005370021	63.8552249925	-0.00534618739039	0.00574891036376	0.00555385928601
-1.09611346368	-35.7689673227	53.2536881332	-0.0013033982832	0.00146971235517	-0.00336014432833
-0.652230387142	-35.6620960975	53.6353710804	-0.000871699885465	0.00175612582825	-0.00308779557236
-0.557544742527	-35.8050878937	53.1246860939	-0.000761151371989	0.00141058478039	-0.00348726147786
-0.886613269295	-35.8309400548	53.0323569470	-0.00108649302274	0.00133458652999	-0.00354118552059
-0.923397525773	-35.6668959735	53.6182286659	-0.00114716030657	0.00172772002406	-0.00308631267399
-0.473926322712	-35.7300510858	53.3926746936	-0.000682924990542	0.00159640971106	-0.00328584015369
-1.0310634399	-35.7119468706	53.4573326051	-0.00124837900512	0.00161084614228	-0.00320659787394
-2.88493652974	-37.0496217022	48.6799224920	-0.00267748301849	-0.00115776935127	-0.00638275919482
-3.46077269139	-37.1213891056	48.4236103372	-0.00314550660551	-0.00128684262745	-0.00651904288679
-3.35988439724	-37.0126194059	48.8120735505	-0.00308336177841	-0.00109855772462	-0.00626987125725
-2.90555473501	-37.1330884807	48.3818268546	-0.00267956336029	-0.00130216882098	-0.00657518999651
-3.19248044728	-37.1659841740	48.2643422358	-0.00291347620077	-0.00136078870855	-0.00663718767464
-3.08707565211	-36.9992364048	48.8598699828	-0.00285726273432	-0.00107219535857	-0.00625433400273
-3.43539723128	-37.0603894191	48.6414663605	-0.00313668954186	-0.00118193915114	-0.006377607584
-4.23897559764	-35.9935137317	52.4517366723	-0.00406095571816	0.000742293603253	-0.00364060793072
-4.83087037455	-35.9718481376	52.5291137944	-0.00454498967156	0.000744217424653	-0.00351824914105
-4.86472633495	-36.0474471599	52.2591172860	-0.00455383723602	0.000601504230872	-0.00372030446306
-4.30939172806	-36.0753200433	52.1595712738	-0.0040975138545	0.000581768807024	-0.00385357928462
-4.61381415297	-36.0977703982	52.0793914349	-0.00433957017958	0.000522038491908	-0.003881637007
-4.50271120581	-35.9539381946	52.5930778765	-0.00428564706817	0.000799775647465	-0.00350397173315
7.49798907882	-35.1131749895	55.5958036089	0.00632197549567	0.00215326971374	-0.000880467239767
7.43032907651	-34.9504841557	56.1768423009	0.00627026939765	0.00242871255614	-0.000414249225287
7.22680103196	-34.9931758978	56.0243717936	0.00611968291923	0.00237016868778	-0.000542374618817
7.27191262886	-35.0759776236	55.7286513441	0.00615406082943	0.00222881231457	-0.000780335569289
7.65761736454	-34.9780832492	56.0782741100	0.00644003553316	0.00236998358741	-0.000488684512675
7.69729009904	-35.0622704116	55.7776056728	0.00647032307461	0.00222774362192	-0.000728995015379
4.50007029311	-34.1604086236	58.9985406300	0.0038824796211	0.00392390135676	0.00190880708396
4.98908137447	-34.1369615073	59.0822803312	0.00427164090797	0.00390901090577	0.0019633367192
4.45502247025	-34.2405784155	58.7122199445	0.00386769929901	0.00381524208933	0.00167391065042
4.74571148600	-34.1110357443	59.1748723418	0.00406862003729	0.00396927259862	0.00204536807723
4.67422208914	-34.2791558077	58.5744435438	0.00405544787645	0.00373555882834	0.00155435840134
5.04024365934	-34.2089533838	58.8251664866	0.00433110399172	0.00379971275106	0.00175265537109
4.88228211700	-34.2507112079	58.6760314005	0.00421535642818	0.00375471543521	0.00163383048493
5.47185491068	-35.5374525260	54.0805266930	0.00475938851014	0.00155264453497	-0.00222045788541
5.57106345029	-35.3967027506	54.5832044623	0.00485481880605	0.00179899169598	-0.0018022749573
5.71197523602	-35.5536875949	54.0225443039	0.00494217127562	0.00150509632658	-0.00224770745263
5.86895893460	-35.5099861505	54.1786208909	0.00506904767826	0.00157232605852	-0.00210973317735
5.38935378244	-35.4300729200	54.4640252856	0.00471085077152	0.00175462348852	-0.00191414461005
5.77317434563	-35.4506400191	54.3905713605	0.00500349793583	0.0016857762821	-0.00194503017701
5.31629149331	-35.4850575789	54.2676515041	0.00464677531272	0.00166094431188	-0.00208115717396
11.2870204478	-35.4920964351	54.2425127317	0.00909380055964	0.00142811494879	-0.00186902214773
10.7513373134	-35.5449957248	54.0535866973	0.00869382265955	0.00134406937286	-0.00201636995189
11.2391173607	-35.5738515530	53.9505301677	0.00905014015734	0.00129436480347	-0.002091931412
10.9568851601	-35.6001968038	53.8564399864	0.00883921049535	0.0012521998724	-0.00216522929259
11.0770103954	-35.4494556656	54.3948011942	0.00894287135452	0.00149888801388	-0.00175335526001
10.8072197867	-35.4732271295	54.3099031088	0.00874198693782	0.00146161043085	-0.00181984715164
1.68161327890	-31.9767318227	66.7973863473	0.00119655870367	0.00704445363954	0.00772800529376
2.02963607283	-31.8425789452	67.2765037670	0.00148242525756	0.00724112428725	0.00805414933711
1.57532804786	-31.9186731125	67.0047388839	0.00110904534813	0.00713208224624	0.00787362363189
2.15762342715	-31.9385425960	66.9337764427	0.00158791581634	0.0070957345888	0.00781397800893
1.70812601517	-31.8475289014	67.2588253523	0.00121851207223	0.0072373826988	0.00804757885635
1.95435332976	-31.9997373503	66.7152237490	0.00142129953019	0.00700724544004	0.00766610587016
2.37130685074	-35.7139946181	53.4500192211	0.00213933642954	0.0015031399671	-0.0030720164068
2.33484955742	-35.6501406394	53.6780691451	0.00212264736183	0.00164817366749	-0.00289318314753
2.78975770472	-35.6983487408	53.5058973543	0.00252048042603	0.00149473408237	-0.00297648855485
2.53250185180	-35.6135092279	53.8088956147	0.00231223041192	0.00170645304024	-0.00276206689887
2.71825395598	-35.6459603158	53.6929988721	0.00247073499486	0.00161483651027	-0.00283412076533
2.55774928489	-35.7246395169	53.4120017254	0.0023058752995	0.00146145559847	-0.003079704009
5.86184165350	-37.3041215112	47.7709946030	0.00460312468931	-0.00156419770792	-0.00670601380989
5.63328167828	-37.1898968746	48.1789397334	0.00445896573365	-0.00137629080564	-0.00645751738921
5.40544789624	-37.3069595162	47.7608588708	0.0042471550405	-0.00157032872085	-0.00673716841266
5.86084787950	-37.2294029778	48.0378465080	0.00462466711178	-0.00144127046224	-0.00653556315228
5.38329959597	-37.2306825585	48.0332765767	0.00425153411925	-0.00144437234849	-0.00656556570902
5.63763590360	-37.3420842789	47.6354132897	0.00441788323224	-0.0016271835193	-0.00680341152474
-10.3499152487	-36.2415496718	51.5658940293	-0.00865323562175	9.89964828477e-05	-0.0038420218043
-10.5323081412	-36.3030800904	51.3461425343	-0.00878000073135	-1.32073830628e-06	-0.00399543205276
-10.3864163201	-36.3690784577	51.1104340796	-0.00866512674838	-0.000106159270217	-0.00417516147718
-10.1550855393	-36.2535423670	51.5230629750	-0.00850914884359	8.16394385765e-05	-0.0038826377131
-10.0247558400	-36.3020166402	51.3499405706	-0.00840774085373	4.7142789299e-06	-0.00401630392298
-10.1349554503	-36.3662690350	51.1204677320	-0.008480633609	-9.98812683974e-05	-0.00417956523597
-1.22599809928	-31.9435462440	66.9159062714	-0.00121016334742	0.00710626970977	0.00783337745816
-1.59153530775	-31.8574243547	67.2234844473	-0.00150764011778	0.00723574403673	0.00804639607668
-1.15301795778	-31.8055754780	67.4086590071	-0.00114203151315	0.00731513882056	0.00817609205842
-1.50935011488	-31.9282779230	66.9704359892	-0.0014440563973	0.00712865265086	0.00787053536624
-1.04694387582	-31.8798030482	67.1435605421	-0.00105830747634	0.00720257032663	0.00799186527729
-1.38683798381	-31.8278383975	67.3291485805	-0.00133658375125	0.0072810780257	0.00812051445246
8.21323721036	-33.4300144805	61.6070911412	0.00664049992338	0.0047805882059	0.00382625171915
8.12046892938	-33.5032773097	61.3454381796	0.00658320169896	0.00467174407095	0.00363204721361
8.07758329968	-33.3740361734	61.8070136665	0.00652432907373	0.00486871227622	0.00397940026596
7.71640315617	-33.4623924654	61.4914554808	0.00626175478101	0.00474521331489	0.00375243229792
7.81679246164	-33.3893896816	61.7521797084	0.00632489984855	0.00485226279125	0.00394517788664
7.89668469649	-33.5160378414	61.2998648521	0.00641255872324	0.00465880474076	0.0036035280209
-2.20094042463	-34.6426009836	57.2764250584	-0.00243995524943	0.00357488542795	0.000440745061496
-2.33816760301	-34.5792655533	57.5026230240	-0.00255217612721	0.0036345908884	0.000654468953144
-2.62539444153	-34.6956070266	57.0871177621	-0.0028364949394	0.00341563741677	0.000263697438641
-2.66337159106	-34.6323382780	57.3130775785	-0.00285714422353	0.00349976262078	0.000476490473375
-2.55317503935	-34.5781286395	57.5066834305	-0.00274663418531	0.00359619036317	0.000657130847685
-2.33902676374	-34.6845169345	57.1267252340	-0.00257572042756	0.00348903704435	0.000298338622088
-0.68733365543	-33.9159645728	59.8715550972	-0.000862127519213	0.00454564206302	0.00274607003666
-1.15281914424	-33.9765134652	59.6553090528	-0.00130819436163	0.00446045119315	0.00256449985318
-0.875072211457	-33.8624870336	60.0625463087	-0.00103370856959	0.00459380494431	0.00289469421841
-1.28632800710	-33.9080156911	59.8999439602	-0.00142288429197	0.00452452665195	0.00275777745992
-1.13317643450	-33.8645096121	60.0553228138	-0.00127451133449	0.00457962788641	0.00288431043737
-0.750512736458	-33.9814844722	59.6375554564	-0.000927900488023	0.00447658263147	0.00255752005614
-0.948267363093	-33.9905486190	59.6051835036	-0.00111684121657	0.00445781508461	0.0025280341506
1.24447498065	-34.3570488428	58.2962541328	0.00105104863178	0.00407593697309	0.00140250381082
1.67559747551	-34.3101028749	58.4639183041	0.00145742238965	0.00407830206677	0.0015418092953
1.29934949758	-34.3103066125	58.4631906697	0.00109488505404	0.00411863764748	0.00155073276255
1.74557779996	-34.3709415456	58.2466373371	0.0015396992676	0.00400277646258	0.00134639942553
1.57953576264	-34.4197896743	58.0721797347	0.00139260583092	0.00397014291957	0.00119175936561
1.48900024109	-34.2937329650	58.5223822679	0.00127481808886	0.00411649374291	0.00159832253121
1.31601323928	-34.4048754081	58.1254449709	0.00113161548506	0.00401831138879	0.00124577910174
1.77999400027	-37.4412335701	47.2813086782	0.00130276777782	-0.00180447578896	-0.00726497825235
2.31685379370	-37.4413560324	47.2808713127	0.00174578884616	-0.0018030074425	-0.0072376402095
1.91511748518	-37.5070135310	47.0463802465	0.00140924891457	-0.00191337091383	-0.00740343052894
2.16626492619	-37.3795180255	47.5017213375	0.00162840855774	-0.00170002703089	-0.00710913911462
1.89030659653	-37.3845207328	47.4838545259	0.00139910494909	-0.00170915352646	-0.00713445153087
2.19898747511	-37.4988048798	47.0756968578	0.00164316163864	-0.00189877324738	-0.00737080955878
1.43442340505	-37.9190470071	45.5748321173	0.00100157537963	-0.00258309021592	-0.00832817144692
1.50658787401	-38.0510482524	45.1033990986	0.00106074265204	-0.00279091252014	-0.00861405022442
1.61692607565	-37.9641385630	45.4137908465	0.00114881806076	-0.0026535266079	-0.00841916911304
1.21545358122	-37.9483727037	45.4700974866	0.000824589049444	-0.00263071712106	-0.00840085651726
1.22903119420	-38.0233687283	45.2022545419	0.000836827908643	-0.00274899741635	-0.008564456366
-2.35761813639	-37.8256630768	45.9083461544	-0.00211207056418	-0.00244679511525	-0.00816503167152
-2.39304448717	-37.9855568090	45.3372971108	-0.00211675884202	-0.00270106643438	-0.00852301623672
-2.60251289144	-37.8656835737	45.7654158082	-0.00230609695427	-0.00251104845665	-0.00825057551265
-2.15669233059	-37.8908125712	45.6756693886	-0.00193803501315	-0.00255055818707	-0.0083138262853
-2.22143917143	-37.9525749093	45.4550896096	-0.00198193802498	-0.00264873099513	-0.00845117494464
-2.60070091206	-37.9400480217	45.4998284941	-0.00229279557243	-0.00262924726121	-0.00841783639044
2.43621235111	-35.0123454647	55.9559090547	0.00230731372721	0.00296252965927	-0.000831713783555
2.28979844820	-34.8847429757	56.4116322296	0.002163721947	0.00321386754513	-0.000396744377213
2.01013227818	-34.9021787998	56.3493614292	0.00190260354429	0.00324122258462	-0.000470229919301
1.96270828491	-34.9772377272	56.0812938316	0.00186266133096	0.00312101887539	-0.00073848827742
2.15951732898	-35.0289763225	55.8965131338	0.0020516065415	0.0029877666384	-0.000908104819246
2.53237174506	-34.9515236693	56.1731297524	0.00239158421755	0.0030510565266	-0.000616347882897
-2.03896362911	-35.3139484312	54.8787556028	-0.00231104390696	0.00241422792897	-0.0018925529439
-1.81072413762	-35.1656623216	55.4083488515	-0.00210888916627	0.00276992004365	-0.00141237105709
-1.66451989565	-35.2271560283	55.1887284702	-0.00195989455096	0.00266801426187	-0.00163687521126
-2.19248752169	-35.2556095224	55.0871088485	-0.00246356939897	0.00251067383215	-0.00168335333001
-1.77863964140	-35.3012990832	54.9239318458	-0.00206280662678	0.00248708855361	-0.00187679403462
-2.06760496278	-35.1894283607	55.3234701404	-0.00235346774571	0.00267157983035	-0.00147187593393
-6.74097605121	-34.6118625305	57.3862052483	-0.00610197428614	0.00295691448264	0.000554682861548
-6.80020971808	-34.5447509468	57.6258894756	-0.00614021299407	0.003059476614	0.000749301572796
-6.93184777986	-34.6719444701	57.1716268926	-0.00624873489141	0.00284322514199	0.000380707817385
-7.05609340578	-34.5331745383	57.6672337919	-0.00633046170697	0.00305657298304	0.000781457289122
-7.18830749620	-34.5796768057	57.5011542652	-0.00643271720037	0.00297128385864	0.000647202541586
-7.17244159289	-34.6379641921	57.2929850283	-0.00642506824806	0.00287847965956	0.000479540467495
-6.64356531293	-35.7528813232	53.3111381315	-0.00598718691617	0.00102753436659	-0.00274587469175
-6.92523078779	-35.6438035680	53.7007015429	-0.00621248269454	0.00120121310465	-0.00242023728788
-6.91743685051	-35.7803809172	53.2129252956	-0.00618785200641	0.000964525039308	-0.00280195521191
-6.67203656052	-35.6790032427	53.5749884190	-0.00601931195706	0.0011551217176	-0.00253695226274
-7.12034527351	-35.6890180509	53.5392212469	-0.00635133357719	0.00111190823372	-0.00253361952491
-7.07896480653	-35.7472463924	53.3312628841	-0.00631284713745	0.00101350538898	-0.00269849644974
2.73098928351	-33.3025934110	62.0621663892	0.00217640586197	0.00518383458257	0.00435003591701
2.54762507842	-33.1566523789	62.5833843610	0.00199598795734	0.00538011454046	0.00473640626296
2.77827872609	-33.2008805962	62.4254264423	0.0021993604023	0.00531444186345	0.004614116624
2.32167883441	-33.1890306723	62.4677475989	0.00180750270374	0.00534505164251	0.00465946923941
2.45205312291	-33.2943343221	62.0916631352	0.00193567306269	0.0052051525563	0.0043810182251
2.33481721369	-33.2438978389	62.2717934324	0.00182686222252	0.00527390884236	0.00451644463465
2.86811243317	-33.2570303278	62.2248916865	0.0022853766568	0.00523764966056	0.00446463236585
3.34694251288	-36.5067468833	50.6187611309	0.00278480374254	-0.000161088464665	-0.00502225011587
3.89772430458	-36.5132188411	50.5956469962	0.00324631063268	-0.000184965480003	-0.00498749315739
3.40351864362	-36.4241251611	50.9138387103	0.00285421172157	-7.15424084774e-06	-0.00481546763331
3.62040091125	-36.5348092404	50.5185384273	0.00300857261755	-0.000218978035264	-0.00506546767429
3.67551076668	-36.4010882107	50.9961135333	0.00309041165747	2.88987794193e-05	-0.00473252730444
3.90273574357	-36.4436758608	50.8440147830	0.00326924747787	-5.66385097045e-05	-0.00481607485563
-2.94680618322	-33.7157155180	60.5867302929	-0.00287360162474	0.00462844315916	0.00324387405999
-3.61407083703	-33.6949994453	60.6607162668	-0.00343992072158	0.00460322480649	0.00327515276149
-3.11379334475	-33.7848575178	60.3397945792	-0.00303364917636	0.00452771037817	0.00304499780759
-3.43079953007	-33.6332696259	60.8811799074	-0.00327061419375	0.00469812192023	0.00345236598514
-3.41333876669	-33.7613372502	60.4237955351	-0.0032848676201	0.00453268969432	0.00309892604128
-3.14915826995	-33.6484844805	60.8268411410	-0.00303329550661	0.0046988078393	0.00342150498182
9.56109666063	-35.2312585366	55.1740766550	0.00784205365926	0.00187862815801	-0.00116695754696
9.35732239515	-35.3361895477	54.7993230438	0.00768626481295	0.00170958042145	-0.00146175955888
9.11169367838	-35.3219007745	54.8503543766	0.00750640407205	0.00173950975295	-0.00142708432395
9.54345950893	-35.2935071469	54.9517601897	0.0078258421272	0.00177608511876	-0.00134001823608
9.10880958952	-35.2412307602	55.1384615705	0.00750868534669	0.00187363731675	-0.00120227050502
9.37056121024	-35.1956178082	55.3013649708	0.00770331406966	0.00194213900249	-0.00107061490417
-8.89130428825	-36.0722318212	52.1706006386	-0.0076051466167	0.000398313917685	-0.0034679712262
-8.37116074243	-36.0611745594	52.2100908594	-0.00722421053797	0.000429716747021	-0.00346884923056
-8.94266525984	-35.9946352699	52.4477311790	-0.00765229389071	0.000525419134647	-0.00325781642459
-8.49242458173	-35.9837920633	52.4864569166	-0.00732381129637	0.000555572740268	-0.00325397006236
-8.63840485264	-36.0833019143	52.1310645918	-0.00741792842746	0.000385947612813	-0.00351198553108
-8.74967272539	-35.9556023191	52.5871345745	-0.00751579273492	0.000595226068981	-0.00316361919977
3.87039110363	-32.2498201291	65.8220709676	0.00299776019529	0.00660999771208	0.00699934316799
3.87254762249	-32.1782897886	66.0775364691	0.00299547589384	0.00671413959935	0.00717832101509
3.59302629975	-32.1432063682	66.2028343992	0.00276668765582	0.00677075609565	0.00727300718427
3.66886271258	-32.2830143798	65.7035200721	0.00283578597009	0.00656574591994	0.00692146830261
3.43263876684	-32.2605628286	65.7837041836	0.00264176120982	0.00660270825028	0.00698382686824
3.37748934568	-32.1910504138	66.0319628080	0.0025932576973	0.00670476164669	0.0071589499712
-8.95006244622	-36.6169131015	50.2253103517	-0.00756565062329	-0.000497022876516	-0.00489516742527
-8.46164732867	-36.7325603689	49.8122843966	-0.00717856455594	-0.000682197569404	-0.00522206211463
-8.74650754145	-36.7569185953	49.7252907312	-0.00738801807165	-0.00072359846672	-0.0052678133361
-8.44100782415	-36.6417733389	50.1365237897	-0.00718022277579	-0.000533417623956	-0.00498972460628
-8.65790572337	-36.5897819972	50.3222071527	-0.00735221756622	-0.000450240157079	-0.00484210019931
-8.97289853907	-36.7039683238	49.9143988434	-0.00756733119488	-0.000638741301373	-0.00511873327196
-2.35004828226	-35.8415281077	52.9945424724	-0.0024773941841	0.0012026670156	-0.00343990325928
-2.97198984612	-35.8964930296	52.7982391798	-0.00301682204008	0.00103198480792	-0.00351973809302
-2.58266178621	-35.7930783349	53.1675773753	-0.00270049413666	0.00128601759207	-0.00327925407328
-2.75599120339	-35.9555492309	52.5873241753	-0.00281093618833	0.000926241395064	-0.00370394974016
-2.45969306757	-35.9328134442	52.6685234135	-0.00255261245184	0.000996822956949	-0.0036753625609
-2.88131112372	-35.8087418783	53.1116361490	-0.00296130171046	0.00122369057499	-0.00328795448877
-4.43558786829	-32.2517820325	65.8150641697	-0.00388996675611	0.00661446060985	0.00701610464603
-4.57152103263	-32.1795205119	66.0731410289	-0.0039932965301	0.00672241346911	0.00719556305557
-3.97365654667	-32.2014407294	65.9948545379	-0.00350476731546	0.0066971196793	0.00715439300984
-4.36796664913	-32.1273512159	66.2594599434	-0.00382073759101	0.00680466601625	0.00733236875385
-4.06572330909	-32.1405589487	66.2122894688	-0.00357401138172	0.00678821001202	0.00730589823797
-4.11398350465	-32.2451488638	65.8387540578	-0.00362498918548	0.00662920530885	0.00704080844298
2.14289243996	-36.5994862171	50.2875492247	0.00172370311338	-0.000314446719131	-0.00534198945388
1.63176305214	-36.5619105185	50.4217481484	0.00127784174401	-0.000236184190726	-0.0052877208218
1.93875449428	-36.5459348898	50.4788039649	0.00155344849918	-0.000209361009183	-0.00523058185354
2.03119798759	-36.6676894017	50.0439664225	0.00161362823565	-0.000441650016	-0.00550865614787
1.75849157776	-36.6823292001	49.9916814283	0.0013718897244	-0.000466553494334	-0.00555962743238
1.62196796356	-36.6274887623	50.1875401347	0.00125937000848	-0.000361725746188	-0.00544073199853
8.34084549598	-36.5697109706	50.3938893909	0.00671402551234	-0.000342860119417	-0.00481309182942
8.04388941258	-36.5557355777	50.4438015082	0.00649474700913	-0.000318394158967	-0.00478978734463
8.24290547317	-36.6934533896	49.9519521800	0.00660609733313	-0.000548920826986	-0.005132291466
7.76717572431	-36.5980094657	50.2928233369	0.00627447804436	-0.000388094078517	-0.00491037638858
8.34465556982	-36.6376603221	50.1512131354	0.00669820187613	-0.000456153647974	-0.0049866521731
7.75552003401	-36.6685120863	50.0410282632	0.00624588923529	-0.000506410782691	-0.00508949859068
7.97756515859	-36.7113261008	49.8881210686	0.00640130136162	-0.000578484730795	-0.00518788769841
-0.836512529655	-37.9694014325	45.3949948840	-0.000847815303132	-0.00267248810269	-0.00849215872586
-0.21578470478	-37.9787846983	45.3614832205	-0.000339377380442	-0.0026852611918	-0.00850569084287
-0.39652486955	-38.0359509546	45.1573180192	-0.000482480274513	-0.0027761508245	-0.00863412767649
-0.704026396099	-38.0317155510	45.1724444607	-0.000733644992579	-0.00277052214369	-0.0086284764111
-0.686989438212	-37.9007284011	45.6402557104	-0.000731553533114	-0.00256288563833	-0.0083396518603
-0.340913660737	-37.8937318026	45.6652435622	-0.000447981845355	-0.00255056447349	-0.00832061097026
3.57579467985	-33.5707729874	61.1043821879	0.00295246648602	0.00479374453425	0.003603894962
3.31153512205	-33.5640636157	61.1283442297	0.00272663752548	0.00481829978526	0.00363255734555
3.21357028807	-33.6245053235	60.9124809876	0.00265740486793	0.00474671786651	0.0034724723082
3.35780148780	-33.6865725784	60.6908122201	0.00279608252458	0.00465775933117	0.00329694780521
3.62893446325	-33.6809238392	60.7109862887	0.00302493828349	0.00464635435492	0.00330150872469
3.66839453625	-33.6239193635	60.9145737018	0.00304376729764	0.00471830228344	0.00345581234433
-7.25968560502	-33.1316135755	62.6728086589	-0.00629424722865	0.00520900590345	0.00463871425018
-7.07217631860	-33.0052921751	63.1239565176	-0.00612742220983	0.00540867308155	0.00497986003757
-7.33831060715	-32.9949347826	63.1609472049	-0.00633749226108	0.00541607104242	0.00499553699046
-7.47156380479	-33.1011106994	62.7817475020	-0.00645759701729	0.00524844974279	0.00470996461809
-7.04758056847	-33.0838690151	62.8433249460	-0.00611913995817	0.00528950802982	0.00477407826111
-7.47871605890	-33.0397468069	63.0009042611	-0.0064548891969	0.00534268049523	0.00487148482352
-6.88979885430	-33.4551701156	61.5172495872	-0.00605099601671	0.00473242485896	0.00379229150712
-7.15504897352	-33.4407791994	61.5686457166	-0.00625739851967	0.00474151363596	0.00381952873431
-6.92955031957	-33.5793755064	61.0736589056	-0.00610213261098	0.00454230280593	0.00345501163974
-6.80882286332	-33.5209141375	61.2824495090	-0.00599785707891	0.00463718315586	0.00361843616702
-7.24941968723	-33.5110881574	61.3175422951	-0.00634200265631	0.00462978566065	0.00362615962513
-7.1908625494	-33.5652221315	61.1242066732	-0.0063044084236	0.00455009611323	0.00348236435093
1.13966421894	-33.6064372211	60.9770099248	0.000825137016363	0.0048722345382	0.00358978426084
1.54926995767	-33.6841086867	60.6996118332	0.00120638625231	0.0047685909085	0.00336890341714
1.26550847041	-33.5468366329	61.1898691682	0.000931223621592	0.0049372301437	0.00374699872918
1.24084081630	-33.6787423419	60.7187773504	0.000926162640098	0.00478707021102	0.00339159974828
1.67753929502	-33.6173676920	60.9379725285	0.001310607302	0.00484005827457	0.00354658695869
1.52126180187	-33.5489900058	61.1821785508	0.00116037635598	0.00492632202804	0.00373494322412
-0.710348795262	-34.7543384218	56.8773627792	-0.000968778971583	0.00366497831419	3.19577738992e-05
-0.999688056013	-34.6196472194	57.3584027878	-0.00125802191906	0.00380464317277	0.000519304769114
-0.999943450566	-34.7480490530	56.8998248106	-0.00127358362079	0.00363902421668	5.81889471505e-05
-0.701835779952	-34.6209742440	57.3536634142	-0.000948537141085	0.00383544689976	0.000514447398018
-0.553423552509	-34.6930769670	57.0961536892	-0.000797242275439	0.00376019184478	0.000254954997217
-1.13339757320	-34.6829728443	57.1322398417	-0.00140405807178	0.00370766106062	0.000294305093121
0.557044288569	-32.2915058153	65.6731935169	0.000262212066446	0.0065928758122	0.00696227001026
1.17997390049	-32.2850365816	65.6962979230	0.000782172661275	0.00659815687686	0.0069706114009
1.00057123754	-32.2300408429	65.8927112755	0.00063256022986	0.00667891930789	0.0071098911576
1.09102019587	-32.3478407895	65.4719971804	0.000708442472387	0.00650883140042	0.00681553874165
0.736098512024	-32.2277626195	65.9008477876	0.00041222028085	0.00668393727392	0.00711882859468
0.636401513235	-32.3606106241	65.4263906283	0.000328141759383	0.00649353209883	0.00678942073137
0.870941682676	-32.3766006726	65.3692833121	0.000524557603057	0.00646940292791	0.00674684392288
-3.64625334317	-36.5431934029	50.4885949897	-0.00342723703943	-0.000265968963504	-0.00512029696256
-3.08259460589	-36.5008907166	50.6396760121	-0.00295850052498	-0.000170844126842	-0.0050634923391
-3.29125127768	-36.4463220004	50.8345642842	-0.0031499164179	-7.47645972297e-05	-0.00491122016683
-3.40424541692	-36.5988614552	50.2897805173	-0.00320998881944	-0.000361647980753	-0.00527704786509
-3.57978116742	-36.4648100662	50.7685354778	-0.00339022371918	-0.000118982803542	-0.00493168039247
-3.12419585928	-36.5755548049	50.3730185540	-0.00297712208703	-0.000311413576128	-0.00524245854467
7.90546792209	-36.0900083816	52.1071129227	0.00650465302169	0.000471642852062	-0.00357895484194
7.61099400634	-36.1225939113	51.9907360312	0.00627637421712	0.000421646720497	-0.0036820997484
7.63404878442	-36.2134417397	51.6662795012	0.00627288362011	0.000265650596702	-0.00392157770693
8.1034581945	-36.1478794329	51.9004305967	0.00664028897882	0.000369785731891	-0.00372303207405
7.87581691940	-36.2443586417	51.5558619939	0.00644754758105	0.000209196965443	-0.00398985808715
8.04196993268	-36.2070149547	51.6892323048	0.00658094184473	0.000270311516942	-0.00388282467611
-4.05530986225	-37.6149228266	46.6609899050	-0.00353380921297	-0.00210921862163	-0.00763598596677
-3.60161111712	-37.7118540364	46.3148070130	-0.00314679532312	-0.00226532830857	-0.00787567812949
-3.58631186844	-37.6235274040	46.6302592714	-0.00315112923272	-0.00212261127308	-0.00767397368327
-3.81600053257	-37.5821015122	46.7782088849	-0.00334615050815	-0.0020556638483	-0.00756996124983
-3.88556104072	-37.7226371347	46.2762959473	-0.00337493815459	-0.00228277244605	-0.00789063889533
-4.03363491939	-37.6797566774	46.4294404378	-0.0035032206215	-0.00221386644989	-0.00778648816049
5.90001795527	-36.7825559564	49.6337287271	0.00478620547801	-0.000689699663781	-0.00547874113545
5.80786155430	-36.7184719414	49.8626002093	0.00473227957264	-0.000578843057156	-0.00532910134643
5.37988338421	-36.8410051099	49.4249817503	0.00435940828174	-0.000786439399235	-0.00565635925159
5.37426948899	-36.7613608509	49.7094255325	0.00437752529979	-0.000648993242066	-0.00546533381566
5.64381713769	-36.8774405278	49.2948552577	0.00455758301541	-0.000850356474984	-0.00572485150769
5.87262947700	-36.8425939989	49.4193071467	0.00474739633501	-0.000792112550698	-0.00562578067183
5.56935976764	-36.7234921337	49.8446709510	0.00454285740852	-0.000585256551858	-0.00535883707926
3.22901806452	-35.3259491725	54.8358958126	0.0029847624246	0.0022130405996	-0.00179940531962
3.60389379075	-35.3102164977	54.8920839369	0.00330237578601	0.00218704063445	-0.00171144795604
3.07363963798	-35.2788401409	55.0041423540	0.00285796076059	0.00233190436848	-0.00166552106384
3.18819932163	-35.2117391207	55.2437888547	0.00296332244761	0.00244420929812	-0.00143767753616
3.64355610747	-35.2432060361	55.1314070140	0.00334273930639	0.0023099121172	-0.00149643747136
3.44588562219	-35.1965006457	55.2982119796	0.00318220746703	0.00243008555844	-0.00136514788028
3.43134629012	-35.3312016252	54.8171370530	0.00315533950925	0.00217168987729	-0.00179471692536
0.617205683665	-35.7028354040	53.4898735570	0.000436723668827	0.00166362605523	-0.0032024178654
1.14728772274	-35.6857487597	53.5508972869	0.00097494723741	0.00167667970527	-0.00312012829818
0.825431011979	-35.7487237378	53.3259866509	0.000642355473246	0.00154297472909	-0.00331842130981
1.10768139087	-35.7410259697	53.3534786796	0.000925724802073	0.00154657196254	-0.00327785708942
0.721667178007	-35.6598325288	53.6434552542	0.000548239040654	0.00176528492011	-0.00307562039234
0.97067322335	-35.6516167027	53.6727974903	0.000803024275228	0.00177140370943	-0.00303635583259
5.71468286241	-34.5196964826	57.7153697050	0.00492894789204	0.00326305394992	0.000827467942145
5.39587607351	-34.5677417428	57.5437794902	0.00469021871686	0.00322039215825	0.000684083264787
5.41192495301	-34.6402710844	57.2847461273	0.00471474882215	0.00310413888656	0.000465956924018
5.89188612931	-34.5610809849	57.5675679112	0.00507261930034	0.00318106473424	0.000704786507413
5.65058980118	-34.6732044582	57.1671269351	0.00490390136838	0.00302630127408	0.000369166955352
5.84929019210	-34.6367606841	57.2972832712	0.00505142845213	0.00306485686451	0.000479885231471
5.52976469217	-34.5332183208	57.6670774257	0.00478808302432	0.00326039805077	0.000787458091509
-10.4921680483	-34.1724970428	58.9553677041	-0.00886338204145	0.00344556127675	0.00170558178797
-11.0457202972	-34.2004413893	58.8555664668	-0.00927470717579	0.0033810918685	0.00160866405349
-10.9753112758	-34.1369150209	59.0824463538	-0.00922286789864	0.00348670687526	0.00178201543167
-10.8032893654	-34.2434709989	58.7018892897	-0.00909432023764	0.00331944436766	0.00150269188453
-10.7094905112	-34.1279420409	59.1144927110	-0.00902488548309	0.00351009122096	0.0018169976538
-10.5581578485	-34.2202059600	58.7849787142	-0.00891257729381	0.00336594507098	0.00157454458531
-3.65077253562	-32.9611011787	63.2817815048	-0.0033330891747	0.00559660978615	0.00522763980553
-3.81096970743	-33.0253353412	63.0523737813	-0.00347683741711	0.00550075806677	0.00505592720583
-4.15821964813	-32.9090581602	63.4676494280	-0.00374751212075	0.00565287424251	0.00534565001726
-3.73277721166	-32.8976903622	63.5082487065	-0.00339213199914	0.00568318599835	0.00538879353553
-4.07908823928	-33.0141193126	63.0924310264	-0.00369830965064	0.00550633808598	0.00507593434304
-4.18708699821	-32.9598041889	63.2864136113	-0.00377929257229	0.00557943293825	0.00521324854344
-3.96497730620	-32.8968811781	63.5111386495	-0.00358529784717	0.0056767272763	0.00538349896669
-5.70027197255	-33.6256841590	60.9082708609	-0.00513760652393	0.00454684672877	0.00338006741367
-5.89484646928	-33.7633234942	60.4167018064	-0.00531946867704	0.00433149049059	0.00299344747327
-5.96546297915	-33.6204488266	60.9269684764	-0.00534819252789	0.00453741243109	0.00338337826543
-6.16505209575	-33.7331418982	60.5244932206	-0.00552749168128	0.00435749394819	0.00306607084349
-5.52158694181	-33.6974974557	60.6517948012	-0.00500887259841	0.00445445068181	0.00319024082273
-5.64755562900	-33.7601832124	60.4279170985	-0.00512226019055	0.00435401406139	0.00301193166524
-6.10198441055	-33.6695266842	60.7516904137	-0.0054658013396	0.00445611728355	0.00324344751425
9.87394082340	-33.3953622561	61.7308490853	0.00791237223893	0.0048066242598	0.00387988425791
9.73113816587	-33.3278167209	61.9720831396	0.00779105070978	0.00491253193468	0.00406355597079
9.28466916099	-33.3917588485	61.7437183984	0.00745930802077	0.00481871515512	0.00390281016007
9.39386356611	-33.4412068699	61.5671183218	0.00755203934386	0.00474092969671	0.00376791600138
9.42562481541	-33.3282450357	61.9705534439	0.0075562573038	0.00491483788937	0.00406926171854
9.61579878765	-33.4353674787	61.5879732903	0.00772128766403	0.00474716257304	0.00377852609381
5.67850016630	-37.6575866036	46.5086192728	0.00435620592907	-0.00213586026803	-0.00749867083505
5.69962340730	-37.8092526433	45.9669548455	0.00432898709551	-0.00237652356736	-0.00782550405711
5.44314510718	-37.7008367071	46.3541546174	0.00416460959241	-0.00220629107207	-0.00760437548161
5.46241567919	-37.7840234787	46.0570590047	0.00415696948767	-0.00233800988644	-0.00778298452497
5.90996865976	-37.6861786979	46.4065046505	0.00452366052195	-0.00218015396968	-0.00755112152547
5.92240511710	-37.7686618659	46.1119219075	0.0045081502758	-0.00231116171926	-0.00772920856252
-10.9531599099	-34.9437739791	56.2008072176	-0.00917460862547	0.00217638514005	-0.000377707357984
-10.9451756620	-35.0042992330	55.9846455966	-0.00916497502476	0.00207879045047	-0.000539138447493
-11.4255378717	-35.0000490608	55.9998247828	-0.00951313693076	0.00206497544423	-0.000531552534085
-11.1882394386	-34.9111377288	56.3173652542	-0.00934714544564	0.00221929536201	-0.000293577642879
-11.4017027415	-34.9442445425	56.1991266338	-0.00949977338314	0.00215631444007	-0.000384127430152
-11.1751719720	-35.0335242335	55.8802705948	-0.00932946242392	0.00202189781703	-0.000618149584625
5.46798615752	-33.6592060792	60.7885497170	0.00453319959342	0.00455567007884	0.00329002458602
5.24647845858	-33.6061939470	60.9778787607	0.0043415222317	0.00464391801506	0.00344248581678
5.34071473211	-33.7132910719	60.5953890289	0.00444435700774	0.00448640994728	0.00314633478411
4.89991100317	-33.6577977535	60.7935794518	0.00407325150445	0.00459250807762	0.00331467273645
5.15291655882	-33.7389416940	60.5037796642	0.00429939245805	0.00446223467588	0.00308244000189
4.91674258335	-33.7133090142	60.5953249493	0.00410122843459	0.004513961263	0.00316174025647
5.03906866410	-33.6235953058	60.9157310505	0.00417780410498	0.0046317060478	0.0034028138034
8.98312577075	-33.0311787389	63.0315045039	0.00716007594019	0.00537375500426	0.0048671499826
8.84802603365	-33.0994463720	62.7876915287	0.00706822425127	0.00527136726305	0.00468994770199
8.82123582069	-32.9565377135	63.2980795947	0.00702078361064	0.00548823084682	0.00506712449715
8.38037511364	-33.0471126394	62.9745977163	0.00669561652467	0.00535637466237	0.00483860541135
8.53111322085	-33.1006414631	62.7834233460	0.00682285521179	0.00527350511402	0.00469400268048
8.49262158123	-32.9732623992	63.2383485741	0.0067688561976	0.00546617805958	0.00503031304106
9.75168105153	-35.6079188297	53.8288613224	0.00795154366642	0.00125076901168	-0.0022029785905
9.49383518042	-35.6769980842	53.5821496992	0.00775331258774	0.00113976292778	-0.00239797565155
9.28926685948	-35.5732029219	53.9528467073	0.00761519325897	0.00131649174727	-0.0021185206715
9.28397444332	-35.6461312173	53.6923885096	0.007602696307	0.00119482271839	-0.00231900019571
9.68809565870	-35.6664653669	53.6197665468	0.0078976675868	0.00115441717207	-0.00236453255638
9.57540110999	-35.5626735092	53.9904517529	0.00782693363726	0.00132873817347	-0.00208267662674
6.54746794156	-36.0687426123	52.1830620990	0.00548112625256	0.000542269204743	-0.00360882771201
6.92567436404	-35.9677426370	52.5437762965	0.00579210510477	0.000707342464011	-0.00330967223272
7.05264664987	-36.0479032605	52.2574883555	0.00587108777836	0.000563858135138	-0.0035171629861
6.44485880882	-35.9887288068	52.4688256901	0.00542080868036	0.000686948536895	-0.00340140005574
6.83309025194	-36.1033359275	52.0595145445	0.00569148315117	0.00047329775407	-0.00368047133088
6.65384026027	-35.9375336350	52.6516655894	0.00559176225215	0.000769663718529	-0.00324692204595
-10.5165233925	-33.7103551355	60.6058745160	-0.00886984169483	0.00419078208506	0.00294702150859
-10.6549632557	-33.7817343514	60.3509487451	-0.00897727254778	0.0040717702359	0.00274935574271
-10.1845785311	-33.8325105795	60.1696050731	-0.00862401444465	0.00400436203927	0.00263392319903
-10.2183361364	-33.7137925645	60.5935979838	-0.00864391773939	0.00419395091012	0.00295134074986
-10.1463962055	-33.7765411023	60.3694960632	-0.00859254784882	0.00409546867013	0.00278606149368
-10.4239316153	-33.8483666963	60.1129760847	-0.00880520045757	0.00397120136768	0.00258082710207
-5.75253484764	-35.5670192353	53.9749313027	-0.00534280203283	0.00141904631164	-0.00228982465342
-5.50947773933	-35.4613283189	54.3523988611	-0.00517226196826	0.00163087132387	-0.0020024147816
-5.18775857769	-35.5655856873	53.9800511169	-0.00490992097184	0.0014712845441	-0.00233465828933
-5.74767942650	-35.4974390396	54.2234320016	-0.00534870708361	0.00154433783609	-0.00208886270411
-5.54469402192	-35.6074751582	53.8304458636	-0.00517792487517	0.00136318942532	-0.00242392462678
-5.24591145710	-35.5024981576	54.2053637230	-0.00496465107426	0.00158145069145	-0.00214517046697
-5.34135263749	-35.6092998872	53.8239289743	-0.00502129318193	0.00137721037026	-0.00244732154533
5.50197691809	-35.0943230789	55.6631318612	0.00481983600184	0.00233952468261	-0.000905636698008
5.66808566944	-34.9710844910	56.1032696750	0.00494456803426	0.00253345258534	-0.000526913790964
5.75007594014	-35.1169049481	55.5824823281	0.00500915991142	0.00227595842443	-0.000960948236752
5.41175594845	-35.0127874696	55.9543304658	0.00474974466488	0.00248938379809	-0.000663344224449
5.87029797401	-35.0009211725	55.9967100982	0.00509968213737	0.00246308255009	-0.000608783622738
5.91208398127	-35.0737468762	55.7366182993	0.00513254245743	0.00233506504446	-0.000824504299089
2.97313719849	-34.2861643484	58.5494130414	0.0026341821067	0.00393765000626	0.00157784309704
3.39940899022	-34.3049080967	58.4824710832	0.00300775282085	0.00385581073351	0.00150815304369
2.93527846409	-34.2066894320	58.8332520286	0.00257714791223	0.00404280563816	0.00182105752174
3.44938669190	-34.2317388673	58.7437897595	0.00302871898748	0.00394661398605	0.00172873167321
3.14803464005	-34.3400524028	58.3569557044	0.00280234054662	0.00384368258528	0.00140667904634
3.23141390489	-34.1833760528	58.9165140972	0.00282750837505	0.00403634039685	0.00188104389235
10.7610368724	-35.0383320616	55.8630997799	0.00873230211437	0.00217449152842	-0.000625281594694
10.3326313314	-35.0307421752	55.8902065170	0.00841629877687	0.00219295336865	-0.000604761356954
10.3967913595	-35.1548585961	55.4469335855	0.00846037548035	0.00198873435147	-0.000947516527958
10.6934827152	-35.1111841811	55.6029136390	0.00868057087064	0.00205627991818	-0.000826102099381
10.2492594085	-35.0812065824	55.7099764914	0.00835387036204	0.0021117576398	-0.000744653458241
10.5428617536	-35.0059242350	55.9788420179	0.00857177283615	0.00223026750609	-0.000535869388841
-1.21945165973	-36.9060397331	49.1927152388	-0.0012676777551	-0.000886345340405	-0.00611847033724
-1.70419824863	-36.8885481833	49.2551850596	-0.00169249763712	-0.000859660678543	-0.00606372999027
-1.44719147341	-36.8602204621	49.3563554926	-0.00147188687697	-0.000805437739473	-0.0060074464418
-1.22853263654	-36.9844321389	48.9127423612	-0.00126777379774	-0.00102727254853	-0.00629650661722
-1.60931066926	-36.9491578383	49.0387220060	-0.00160228041932	-0.000967626227066	-0.00620589032769
-1.45071180842	-36.9851252361	48.9102670139	-0.00146050588228	-0.00103036616929	-0.00629262672737
10.0939453434	-35.9223413695	52.7059236802	0.00815877784044	0.000725905178115	-0.00305022625253
9.89978363208	-35.8537333278	52.9509524008	0.00802688952535	0.000840996974148	-0.00286902324297
10.2752974691	-35.7793571287	53.2165816830	0.00831455457956	0.00096115435008	-0.00266026263125
10.4744807293	-35.8507238836	52.9617004156	0.00845060311258	0.000842219102196	-0.00285034021363
10.3844144730	-35.9185160526	52.7195855265	0.00837343931198	0.000730794796254	-0.00303468084894
10.0217590422	-35.7823985102	53.2057196063	0.00812748912722	0.000958170683589	-0.00267313839868
0.0963655283216	-31.9549373610	66.8752237108	-0.00011410980369	0.00708811124787	0.00780156254768
0.0109470262573	-31.8889159418	67.1110144937	-0.000182754389243	0.00718732085079	0.00796573981643
0.360838253841	-31.9572155844	66.8670871987	0.000105000719486	0.00708362134174	0.00779377110302
0.199046890301	-31.8126509138	67.3833895936	-2.4781544198e-05	0.00730159366503	0.00815319549292
0.533815788648	-31.9027987905	67.0614328912	0.000249489065027	0.00716409087181	0.00792688503861
0.448759080152	-31.8462213164	67.2634952985	0.000180557486601	0.00724962493405	0.00806781928986
-3.03568532053	-32.0489078071	66.5396149747	-0.00271624233574	0.00693786656484	0.00755529431626
-2.53416791014	-31.9877913691	66.7578879674	-0.00229658465832	0.00703408848494	0.00771466363221
-2.73675027649	-31.9513503945	66.8880343055	-0.00246097426862	0.00708806561306	0.00780336745083
-2.96642265836	-31.9747546662	66.8044476209	-0.00265251728706	0.00705089792609	0.00774191645905
-2.80691237818	-32.0776878868	66.4368289756	-0.00252970401198	0.0068964031525	0.00748652359471
-2.62815583456	-32.0428664440	66.5611912715	-0.00237884209491	0.00695027178153	0.00757595803589
6.67551786813	-33.2195897495	62.3586080374	0.00539501709864	0.00513875810429	0.00442835874856
6.34868785149	-33.3121664663	62.0279769060	0.00515579804778	0.00501459557563	0.0041934014298
6.88707765575	-33.3317458767	61.9580504402	0.005585687235	0.00496670464054	0.00412485236302
6.57305338522	-33.3604837754	61.8554150877	0.00534412544221	0.00493556074798	0.00405788840726
6.97704184866	-33.2501951113	62.2493031739	0.00563930068165	0.0050842743367	0.00433860952035
6.41676220645	-33.2424781542	62.2768637352	0.00519484467804	0.00511383265257	0.00437578186393
4.21830378763	-37.5754670702	46.8019033208	0.00325023732148	-0.00201492267661	-0.00741063337773
3.98685721467	-37.5270367550	46.9748687322	0.00307806883939	-0.00193751894403	-0.00732002360746
4.04435578636	-37.4536670306	47.2369034621	0.00313859293237	-0.00181705132127	-0.00715380115435
4.48371587320	-37.5438625188	46.9147767184	0.00346465199254	-0.00196194043383	-0.00732269696891
4.50599982052	-37.4619736482	47.2072369706	0.00350116891786	-0.00182840786874	-0.00714037800208
4.28479744607	-37.4317933682	47.3150236850	0.00333381188102	-0.00178001134191	-0.00708864675835
0.180109161083	-34.2190556291	58.7890870389	-2.6997860914e-05	0.00426855590194	0.00185376650188
0.404630582635	-34.0850792048	59.2675742684	0.000186575882253	0.00439089396968	0.00225737318397
0.117179675765	-34.0906919997	59.2475285725	-9.35602729442e-05	0.00438917661086	0.00224281125702
0.461195724951	-34.2125472252	58.8123313387	0.000252697209362	0.00426866719499	0.00187160202768
0.524374805979	-34.1470273257	59.0463309795	0.000308838061756	0.00432848744094	0.00207077688538
0.0540005947368	-34.1562118991	59.0135289317	-0.000154022476636	0.00432746252045	0.00204659602605
-11.1620375570	-35.7430073584	53.3464022916	-0.00928370747715	0.00088461471023	-0.0024935149122
-10.6206431404	-35.7905165244	53.1767266985	-0.0088891191408	0.000820370158181	-0.00263849203475
-10.6796220635	-35.7284814455	53.3982805516	-0.0089354980737	0.000918855133932	-0.0024717990309
-10.8258417917	-35.8300420182	53.0355642207	-0.0090352287516	0.000752664462198	-0.00273553817533
-11.1085947922	-35.8050246758	53.1249118722	-0.00924163218588	0.000787008262705	-0.00265900697559
-10.939417405	-35.7087014003	53.4689235704	-0.00912439171225	0.000944503000937	-0.0024104968179
-0.619851365499	-32.2099101442	65.9646066277	-0.000719336676411	0.00671275658533	0.0071716462262
-1.04301380011	-32.2534565456	65.8090837658	-0.00107507884968	0.00664820428938	0.00706284679472
-0.534432863435	-32.2759315635	65.7288158448	-0.000650671427138	0.00661702593789	0.00700724311173
-0.71348708689	-32.3396747593	65.5011615741	-0.000803399016149	0.00652475561947	0.00684848381206
-0.937244425997	-32.3312944083	65.5310913988	-0.000990626052953	0.00653598736972	0.00686905533075
-0.847245364856	-32.2246513767	65.9119593691	-0.000909977883566	0.00669080484658	0.00713495444506
-8.59025066889	-34.9306874923	56.2475446703	-0.00746936257929	0.00230444828048	-0.000343257794157
-8.11550869339	-34.9885646053	56.0408406955	-0.00712458137423	0.0022368945647	-0.00051275966689
-8.54123953846	-35.0232693444	55.9168951987	-0.00743215251714	0.00215480965562	-0.000603272172157
-8.12319569292	-34.9232446505	56.2741262482	-0.00713074626401	0.00234419945627	-0.000327873101924
-8.33213355078	-34.8946746979	56.3761617931	-0.0072825960815	0.00237843673676	-0.000244749826379
-8.29853776740	-35.0212882960	55.9239703713	-0.00725667597726	0.00217182305641	-0.000601844978519
-5.43180052124	-35.0063255531	55.9774087390	-0.00514100678265	0.0024414670188	-0.000645173538942
-5.18075336066	-35.1337876935	55.5221868091	-0.0049487631768	0.00225123390555	-0.00104573194403
-5.61371945300	-35.0383853412	55.8629094957	-0.00527889980003	0.00236543174833	-0.000734319211915
-5.13984530937	-35.0693270198	55.7524035007	-0.00491876993328	0.00236889254302	-0.00085110560758
-5.42079514340	-35.1510499180	55.4605360070	-0.00513097317889	0.00219247071072	-0.00108419789467
-5.25614238172	-35.0200794222	55.9282877777	-0.00500754173845	0.00243932125159	-0.000694832182489
-5.61082333211	-35.0979775580	55.6500801501	-0.00527621759102	0.00226324284449	-0.000914028089028
-0.71406579838	-33.5561518839	61.1566004147	-0.000861162377987	0.00493519799784	0.00373615254648
-0.488168560661	-33.4681556373	61.4708727239	-0.000652973831166	0.00504122069106	0.00397214619443
-0.0585502520172	-33.5565450342	61.1551963066	-0.000266171729891	0.00494380900636	0.00373781006783
-0.206859118939	-33.4939176010	61.3788657109	-0.000400162476581	0.00501453084871	0.00390468235128
-0.496517826372	-33.6109673539	60.9608308789	-0.000666324864142	0.0048775812611	0.0035906911362
-0.160695345813	-33.6144458018	60.9484078506	-0.000359509431291	0.00487812142819	0.00358249619603
-0.644347380369	-33.5054589689	61.3376465397	-0.000795255473349	0.00499510671943	0.00387209397741
1.11233958992	-34.7362036166	56.9421299408	0.000986127415672	0.00365108507685	0.000101659781649
0.519143644841	-34.7442838793	56.9132718595	0.000360094185453	0.00370112643577	6.72955939081e-05
1.04738339475	-34.8238019844	56.6292786271	0.000928794033825	0.00353340758011	-0.000218744185986
0.599966925536	-34.8037897829	56.7007507754	0.000451316911494	0.003611728549	-0.00015204322699
0.784292065054	-34.8464821386	56.5482780764	0.000652090588119	0.00353038706817	-0.000307598966174
0.889588698929	-34.7033736089	57.0593799683	0.000749784579966	0.00372225209139	0.000218612360186
0.653406581614	-34.6952820942	57.0882782351	0.000499621906783	0.00375538668595	0.00024663968361
-3.50372169898	-35.0690020177	55.7535642226	-0.00362376845442	0.00262117572129	-0.000949812994804
-3.25149438982	-34.9552304439	56.1598912720	-0.00341116962954	0.00287089310586	-0.000590065435972
-3.52573508202	-34.9576989884	56.1510750416	-0.00363978906535	0.00281431269832	-0.000583813758567
-3.65157933349	-35.0172995765	55.9382157982	-0.00374518544413	0.00268694129772	-0.000771506631281
-3.30203279270	-35.0789384159	55.7180770861	-0.0034556700848	0.0026404785458	-0.000996764632873
-3.15985606105	-35.0176901391	55.9368209319	-0.0033358829096	0.00277894409373	-0.000803523871582
0.625495850481	-37.3740496024	47.5212514201	0.000339520571288	-0.00169518601615	-0.00715960143134
0.354022895094	-37.3397428977	47.6437753654	0.000110069238872	-0.00163795845583	-0.00709013827145
0.589995209921	-37.4750622269	47.1604920467	0.000308777933242	-0.00186487240717	-0.00738320220262
0.0133235923975	-37.4484433942	47.2555593064	-0.00017623079475	-0.0018224605592	-0.00733607634902
0.107168314185	-37.3866565616	47.4762265657	-9.84958387562e-05	-0.00171826628502	-0.00719824573025
0.289726271252	-37.4871749257	47.1172324082	5.70109950786e-05	-0.00188613054343	-0.00741673773155
0.717437756843	-37.4279823744	47.3286343773	0.000416171504185	-0.00178568006959	-0.00727607309818
0.766199225897	-37.1251018915	48.4103503876	0.000466115423478	-0.00126688939054	-0.006603800226
1.17309654639	-37.1791247736	48.2174115229	0.000811652396806	-0.00136022467632	-0.00671048508957
1.30578064571	-37.1122631424	48.4562030628	0.000929798465222	-0.00124362984207	-0.0065562617965
0.854698913761	-37.0577164944	48.6510125201	0.000545493268874	-0.00114817009307	-0.00645077088848
1.15122377536	-37.0612057358	48.6385509436	0.00080104341032	-0.00115402648225	-0.00644828565419
0.91337614257	-37.1683726029	48.2558121323	0.00059043924557	-0.00134204165079	-0.0066956365481
10.9649346337	-34.4859005349	57.8360695183	0.00887214299291	0.00306794117205	0.00089507055236
11.2219609219	-34.5217089485	57.7081823268	0.00906583946198	0.00300768157467	0.000793625018559
11.1852862262	-34.3833315167	58.2023874402	0.00903034117073	0.00323081435636	0.0011735863518
10.9701143352	-34.4153734439	58.0879519860	0.00887158699334	0.00318138371222	0.00108867581002
11.3609404673	-34.4728676477	57.8826155439	0.00916710030288	0.00308531103656	0.000925810541958
11.3140168287	-34.4259743605	58.0500915697	0.0091293649748	0.00316118542105	0.00105494738091
8.14816648699	-34.5699409163	57.5359252988	0.00677969213575	0.00301075121388	0.000680796685629
8.47875797660	-34.6258945202	57.3360909991	0.00703142862767	0.00290572899394	0.000522338668816
8.39333597486	-34.4457053072	57.9796239028	0.00694971159101	0.00319854728878	0.00103046710137
8.20147254042	-34.4992319352	57.7884573743	0.0068120919168	0.00312159536406	0.000880684005097
8.66707977660	-34.5599702144	57.5715349487	0.00716604478657	0.00300426967442	0.000707737461198
8.62778648734	-34.4594628141	57.9304899496	0.00712673272938	0.00316696567461	0.00099021429196
8.26065721038	-34.6239974184	57.3428663628	0.00686873402447	0.00291843269952	0.000527636206243
-11.2209267206	-34.5233780856	57.7022211230	-0.00939447805285	0.00284857396036	0.000737620401196
-10.7439614995	-34.5568961820	57.5825136358	-0.00904325395823	0.00281263724901	0.000662329606712
-10.9092800840	-34.4980853861	57.7925521924	-0.00916669797152	0.00290172244422	0.000815315346699
-11.0671611516	-34.6313620274	57.3165641877	-0.0092764031142	0.0026786965318	0.000453992834082
-10.8402469886	-34.6081322981	57.3995275069	-0.0091115841642	0.00272556673735	0.000522225280292
-11.1603001471	-34.5806546722	57.4976618850	-0.00934721156955	0.0027575516142	0.000586679554544
-8.54334321286	-35.2862733589	54.9775951468	-0.00742362532765	0.00171894626692	-0.00133856153116
-8.53436093405	-35.3543642695	54.7344133232	-0.0074133425951	0.00160600012168	-0.00152839906514
-8.08812987489	-35.2954511156	54.9448174442	-0.00709425611421	0.00172752782237	-0.00137935485691
-8.35041968895	-35.3992216203	54.5742084990	-0.00727769872174	0.00154002488125	-0.00165990495589
-8.32022768328	-35.2568167819	55.0827972073	-0.00726410513744	0.00177948828787	-0.00126315187663
-8.10303359372	-35.3706460241	54.6762641997	-0.00710054300725	0.00160057644825	-0.00158977601677
7.63928813162	-37.4252760303	47.3382998920	0.00591695820913	-0.00175307644531	-0.00693641230464
7.14503555929	-37.3711975953	47.5314371596	0.00556383514777	-0.00166842609178	-0.00681590149179
7.56883178587	-37.3523422517	47.5987776726	0.0058898110874	-0.00163523387164	-0.00676494976506
7.17206073836	-37.4440668030	47.2711899894	0.00555928004906	-0.00178651884198	-0.00698459614068
7.43501310942	-37.4719860114	47.1714785308	0.0057470346801	-0.00183020008262	-0.00704718474299
7.33286793578	-37.3239451846	47.7001957693	0.00572174880654	-0.0015905277105	-0.00670179864392
8.11584249321	-33.8151718539	60.2315290932	0.00664020935073	0.00419571902603	0.00278648966923
8.38114227040	-33.9288756629	59.8254440610	0.00686368206516	0.00401100469753	0.00246882415377
8.18275308289	-33.9804760498	59.6411569650	0.00672152405605	0.00393831403926	0.00233083358034
8.36136311473	-33.8604649486	60.0697680409	0.00683645904064	0.00411751074716	0.00265693082474
7.86690760416	-33.8816154348	59.9942305899	0.00646192021668	0.00410313857719	0.00261004595086
7.94967080271	-33.9638759623	59.7004429917	0.00654067285359	0.00397324562073	0.00238150893711
-6.65999385693	-37.6695783953	46.4657914452	-0.00559107679874	-0.00219351472333	-0.00765030179173
-6.41503551302	-37.5456802219	46.9082849217	-0.00542800081894	-0.00199670554139	-0.00736282393336
-6.85770995146	-37.6188872979	46.6468310789	-0.00575671391562	-0.00211228872649	-0.00751904398203
-6.59615457370	-37.5095040068	47.0374856900	-0.00557788414881	-0.00193841895089	-0.00726652424783
-6.83326538909	-37.5357048899	46.9439111076	-0.00575670646504	-0.00197981623933	-0.00731843290851
-6.39608650172	-37.6584405743	46.5055693774	-0.00538738304749	-0.00217669759877	-0.00763503182679
-6.30780010226	-37.5973296209	46.7238227826	-0.00533218123019	-0.00207953108475	-0.00749223586172
1.27297184336	-35.3123406387	54.8844977188	0.00116092769895	0.00255546811968	-0.00195698114112
1.89196406236	-35.3041619742	54.9137072350	0.00177874101792	0.00248073064722	-0.00187235360499
1.75975910003	-35.3636719616	54.7011715656	0.00164132169448	0.00236955424771	-0.00208118767478
1.59530617885	-35.2208951838	55.2110886292	0.00149699684698	0.00271015707403	-0.00161938997917
1.33420894032	-35.2441255106	55.1281231763	0.0012307188008	0.0027000871487	-0.00172070588451
1.47088841252	-35.3638933023	54.7003810633	0.00135520752519	0.00241062324494	-0.00211024843156
1.78667290411	-35.2572670368	55.0811891544	0.00168234168086	0.00260011362843	-0.00172601081431
9.15776325856	-37.0022537640	48.8490937001	0.00719756679609	-0.00105311139487	-0.00588702782989
8.55892948601	-36.9992444543	48.8598412348	0.00675109215081	-0.00105249288026	-0.00588990794495
9.03520895428	-36.9211909019	49.1386039216	0.00713158445433	-0.000921773375012	-0.0056850858964
8.74245041554	-36.9315738709	49.1015218898	0.00690967589617	-0.000940568279475	-0.00571705866605
8.91346882054	-37.0670874017	48.6175449940	0.0069943042472	-0.00116065016482	-0.00605253875256
8.62510471807	-37.0604875879	48.6411157576	0.00678091915324	-0.00115214474499	-0.00604062853381
-2.40301548894	-37.6679816607	46.4714940689	-0.00217318441719	-0.00219262274913	-0.00781015353277
-2.67742052852	-37.6318823142	46.6004203064	-0.00240495032631	-0.00213453243487	-0.0077220746316
-2.67528442464	-37.5430250904	46.9177675342	-0.0024176100269	-0.00198921863921	-0.00752119161189
-2.25235232055	-37.6081029915	46.6853464590	-0.0020576256793	-0.00209468510002	-0.00767889758572
-2.33594020042	-37.5630620400	46.8462069999	-0.00213352777064	-0.00202111760154	-0.00757566327229
-2.48674736486	-37.5338978825	46.9503647055	-0.0022629883606	-0.00197362620384	-0.00750596635044
-3.86506486460	-34.5798795171	57.5004302961	-0.00386743969284	0.00336190010421	0.000647297187243
-3.96549962669	-34.6984629574	57.0769180092	-0.00397068448365	0.00316300499253	0.000271022232482
-4.08617873270	-34.5858067939	57.4792614503	-0.00404855050147	0.00331777147949	0.000628465902992
-3.80492176630	-34.6450428097	57.2677042510	-0.00383076560684	0.00327290338464	0.000439964875113
-4.17172523353	-34.6522134247	57.2420949117	-0.0041294186376	0.0032020509243	0.000419880496338
4.24564142459	-37.9258814595	45.5504233590	0.0032137085218	-0.00257511809468	-0.00817677378654
4.27035080010	-37.8563209867	45.7988536191	0.0032408258412	-0.00246472144499	-0.00802259426564
4.44852513994	-37.9528948411	45.4539469959	0.0033644894138	-0.00261597405188	-0.00822075456381
4.55625464877	-37.8418362844	45.8505846985	0.00346037675627	-0.00243892241269	-0.00796984136105
4.64140889808	-37.9097448309	45.6080541753	0.00351462513208	-0.00254575791769	-0.00811183080077
5.11254472675	-36.0290569960	52.3247964427	0.00437103724107	0.000669789034873	-0.00362699246034
5.47308445517	-35.9250834468	52.6961305471	0.00468205101788	0.000843302696012	-0.00331088760868
5.09210191109	-35.9710325061	52.5320267639	0.00436964770779	0.000778203189839	-0.00347248185426
5.26156546797	-35.9281176461	52.6852941211	0.00451474543661	0.000848695985042	-0.0033391751349
5.32843799248	-36.0255363752	52.3373700884	0.00454330770299	0.000666307169013	-0.0035967042204
5.47493187768	-35.9817532301	52.4937384639	0.00466978969052	0.000739663373679	-0.00346484594047
3.72486470259	-32.5530177224	64.7392224202	0.00290276296437	0.00617734575644	0.0062407660298
3.53616453301	-32.5750408961	64.6605682282	0.00275001558475	0.00615015160292	0.00619068043306
3.70978780268	-32.6841111654	64.2710315520	0.00290442747064	0.00599230546504	0.0059093143791
3.89352465330	-32.5941575570	64.5922944393	0.00304512679577	0.0061152135022	0.00613169930875
3.53493785575	-32.6406889333	64.4261109527	0.00275566591881	0.00605745939538	0.00602472340688
3.88370579818	-32.6588741078	64.3611639007	0.00304432865232	0.00602378463373	0.00596796907485
-1.00894234525	-32.8788248391	63.5756255745	-0.00108060811181	0.00577442254871	0.00549246743321
-1.29973541105	-32.8625974130	63.6335806679	-0.00132881861646	0.00579223129898	0.00553115038201
-0.913378388786	-32.9693736466	63.2522369764	-0.00100344629027	0.00565571524203	0.00526274833828
-1.07010916541	-33.0379858584	63.0071933630	-0.00114304490853	0.00556387938559	0.00508614443243
-1.27669266595	-33.0315231038	63.0302746294	-0.00132131308783	0.0055687292479	0.00510051613674
-1.44537167403	-32.9740597823	63.2355007776	-0.00146223057527	0.00564111256972	0.00524548441172
-1.44391771559	-32.9087501938	63.4687493078	-0.00145575136412	0.00572804082185	0.00541214458644
-8.24047993394	-34.6013514848	57.4237446970	-0.00721101788804	0.00286222947761	0.000580762338359
-8.24144944482	-34.7529348905	56.8823753912	-0.00721576949582	0.00261594844051	0.000154042514623
-7.98691226364	-34.7138954287	57.0218020403	-0.00702877342701	0.00269587244838	0.000263844849542
-7.98538041654	-34.6437135224	57.2724517057	-0.00702523766086	0.00280998763628	0.000462504278403
-8.43693619744	-34.7271346584	56.9745190772	-0.00735802389681	0.00264614773914	0.000226786316489
-8.39463013671	-34.6636356254	57.2013013378	-0.00732590025291	0.00275189080276	0.000405052764108
2.67964276461	-36.0890895011	52.1103946390	0.00231533800252	0.000679638178553	-0.00404746364802
2.41237293056	-36.1222200308	51.9920713184	0.00206834170967	0.000624243868515	-0.00415975647047
2.30400451848	-36.0196088148	52.3585399470	0.00199683941901	0.000844841881189	-0.00390756316483
2.22684689376	-36.0767356251	52.1545156248	0.0019123556558	0.000728005252313	-0.00406242674217
2.58541134472	-36.0248351851	52.3398743389	0.00224875239655	0.000817885564175	-0.00389111647382
-8.41411130415	-32.8773874779	63.5807590076	-0.00717350654304	0.00556973973289	0.0052570104599
-8.83051913864	-33.0235921566	63.0585994406	-0.00751679716632	0.00532976863906	0.00485363742337
-8.69637727800	-32.8664337638	63.6198794150	-0.00739459227771	0.00558071583509	0.00527328858152
-8.53630632448	-33.0085033896	63.1124878942	-0.00728451507166	0.00536088179797	0.00490672141314
-8.97543637743	-32.9739354402	63.2359448566	-0.00762506294996	0.00540477689356	0.00497801136225
-8.39276229679	-32.9535153548	63.3088737330	-0.00716542126611	0.00545079028234	0.00505794072524
-8.91657357735	-32.9132338199	63.4527363576	-0.00757260480896	0.00550206378102	0.00514048384503
-0.212737318064	-36.3407312034	51.2116742737	-0.000396914052544	0.000214918152778	-0.00482854945585
-0.577366323837	-36.2354827905	51.5875614626	-0.000744651712012	0.000431841268437	-0.00457260431722
-0.0665103199912	-36.2907191617	51.3902887084	-0.000260527158389	0.000320485065458	-0.0047102519311
-0.362790496044	-36.2033365924	51.7023693128	-0.000543214497156	0.000504117284436	-0.00449924450368
-0.453876930651	-36.3003028846	51.3560611266	-0.000624330539722	0.000296635989798	-0.00473017804325
-0.147570557457	-36.2479055308	51.5431945330	-0.000337565375958	0.000410724431276	-0.00460811471567
-8.22985055141	-33.7621075816	60.4210443513	-0.00713417120278	0.00419420050457	0.00290519860573
-8.39631354399	-33.8083918699	60.2557433219	-0.0072664716281	0.00411378918216	0.00277270446531
-8.07892112901	-33.8767967357	60.0114402296	-0.00703192222863	0.00402251211926	0.00259811547585
-8.00366799003	-33.7907228359	60.3188470147	-0.00696429749951	0.00416072504595	0.00283620529808
-8.28737022413	-33.8646179272	60.0549359741	-0.00718941586092	0.00403089867905	0.00262361974455
-7.97801884407	-33.8390024481	60.1464198282	-0.0069504561834	0.00408681435511	0.00270531699061
9.79212714522	-36.6246306392	50.1977477171	0.00778091093525	-0.000431997381384	-0.00491331377998
9.68336092476	-36.7627043834	49.7046272021	0.00766167324036	-0.00065854715649	-0.0052709938027
9.31128073893	-36.6310879414	50.1746859236	0.00742182927206	-0.000444426608738	-0.00494000082836
9.38312890150	-36.7623983964	49.7057200130	0.00743839889765	-0.000659808167256	-0.00527542782947
9.58182534123	-36.5929086476	50.3110405444	0.00763323996216	-0.000380782556022	-0.00483526475728
9.76867168473	-36.6886670332	49.9690463100	0.00774598820135	-0.000536975974683	-0.00507919071242
9.22498229826	-36.7063071854	49.9060457665	0.00733667891473	-0.000568478950299	-0.00513526331633
-4.92628998846	-37.0968893253	48.5111095524	-0.00435010483488	-0.00125780620147	-0.00637006759644
-5.42322993038	-36.9959409449	48.8716394826	-0.0047718482092	-0.00109233695548	-0.00609128084034
-5.19398475306	-37.0943821893	48.5200636095	-0.00456574233249	-0.00125570816454	-0.00634619127959
-4.90950740583	-37.0490732230	48.6818813464	-0.00434754183516	-0.00117707799654	-0.00625603878871
-5.16041958781	-36.9987499847	48.8616071975	-0.00456100376323	-0.00109445385169	-0.00611673947424
-5.43879140749	-37.0436815712	48.7011372456	-0.00477312272415	-0.00117270799819	-0.00620658369735
5.10066940814	-32.9188498994	63.4326789309	0.00407496793196	0.00562279485166	0.00526331970468
4.61374314436	-32.8734259308	63.5949073899	0.00367155508138	0.00570164807141	0.00539653236046
5.12664837781	-32.8586276304	63.6477584628	0.00408564740792	0.00570790562779	0.00541770178825
4.92554255714	-32.8186791718	63.7904315293	0.00391625100747	0.00577048584819	0.00552687235177
4.81595293837	-32.9272921876	63.4025279013	0.00384533219039	0.00561943231151	0.00525105791166
4.7476003325	-32.8340716233	63.7354584883	0.00377421593294	0.00575354229659	0.00549314916134
-7.60021625250	-32.6195574443	64.5015805560	-0.00649763131514	0.00599107099697	0.00596489896998
-7.21373659492	-32.5235143610	64.8445915677	-0.00617703609169	0.00614839792252	0.00622925721109
-7.31937097958	-32.6281450059	64.4709106933	-0.00627447525039	0.00598345324397	0.00595396663994
-7.19483180193	-32.5776103552	64.6513915886	-0.00616856198758	0.00606457656249	0.00608996162191
-7.38697625471	-32.5079775775	64.9000800804	-0.00631384365261	0.00616946956143	0.00626272661611
-7.56005935419	-32.5514692410	64.7447527106	-0.00645739817992	0.00609829928726	0.00614324118942
-6.52911361385	-32.2935934632	65.6657376316	-0.00559869082645	0.00651813391596	0.00684642931446
-6.30800692971	-32.2493515505	65.8237444627	-0.00541484821588	0.00659027276561	0.0069671603851
-6.21085792843	-32.3993439478	65.2880573294	-0.00535441702232	0.00635937321931	0.00658611301333
-6.00830659629	-32.3572476233	65.4384013454	-0.00518525158986	0.00642781984061	0.00670090783387
-6.06731988012	-32.2726380347	65.7405784476	-0.00522282766178	0.00655762571841	0.00691543333232
-6.45113254649	-32.3590291222	65.4320388495	-0.00554360821843	0.00641760416329	0.0066812299192
-8.06035934428	-34.2580154019	58.6499449933	-0.00705639226362	0.00342353922315	0.00154525064863
-7.62648288984	-34.3372043978	58.3671271509	-0.00673881778494	0.0033260716591	0.00133240967989
-7.81800471358	-34.4069059188	58.1181931470	-0.00688765849918	0.00320214149542	0.00113272678573
-8.35679578733	-34.3669091393	58.2610387882	-0.00728524196893	0.00323222856969	0.00123538530897
-8.14638022321	-34.4326044562	58.0264126564	-0.00713325990364	0.00313979806378	0.001055495115
-8.22558455221	-34.3008086823	58.4971118488	-0.00718317599967	0.0033455225639	0.00142223760486
-7.79677161682	-34.2748774812	58.5897232815	-0.006860521622	0.00341343833134	0.00150411901996
-7.33801754097	-36.6008328677	50.2827397581	-0.00635443767533	-0.000452187348856	-0.00495818303898
-7.35346015759	-36.6905834074	49.9622021163	-0.00634743832052	-0.000602251442615	-0.00518722785637
-6.88019438403	-36.7006990098	49.9260749649	-0.00598223181441	-0.000612870266195	-0.00524728838354
-6.86707511792	-36.6531093354	50.0960380879	-0.00598256010562	-0.000532663660124	-0.0051269615069
-7.08579929075	-36.6077620930	50.2579925249	-0.00616030534729	-0.000459839357063	-0.00499447900802
-7.10892298404	-36.7023433576	49.9202022944	-0.00615774607286	-0.000618738529738	-0.00523472949862
-6.48967293428	-34.3825522902	58.2051703923	-0.00588763738051	0.0033437400125	0.00122145330533
-6.10283227405	-34.2971770864	58.5100818344	-0.00557970674708	0.00351183419116	0.00147490215022
-6.42654223704	-34.4336753947	58.0225878760	-0.00584639841691	0.00326911965385	0.00107418186963
-6.19251680799	-34.4458350646	57.9791604837	-0.00567027833313	0.00327201327309	0.00104119861498
-5.97693923315	-34.3437700904	58.3436782486	-0.00549038732424	0.00345201836899	0.00134186889045
-6.42648903796	-34.3237176330	58.4152941678	-0.00583147630095	0.00344125297852	0.00139224110171
-6.06546369063	-34.4012743963	58.1383057275	-0.00556708406657	0.00335413590074	0.00117280671839
-11.3560843647	-35.3215847587	54.8514830047	-0.00944345444441	0.00155095767695	-0.00137826427817
-11.3186538936	-35.3899025012	54.6074910672	-0.00941311195493	0.00144313217606	-0.00155865109991
-10.8386009882	-35.3286821410	54.8261352108	-0.00906981434673	0.00155873771291	-0.0014046105789
-11.1136705670	-35.2861961777	54.9778707939	-0.00927019119263	0.00161713245325	-0.00128800433595
-10.9335849587	-35.3782135284	54.6492373985	-0.00913583487272	0.00147551915143	-0.00153478467837
-11.0863693180	-35.4071571579	54.5458672932	-0.00924462638795	0.00142368802335	-0.0016086359974
-4.38021018013	-32.5427065780	64.7760479358	-0.00387956155464	0.00617979699746	0.00627872720361
-4.25973144097	-32.6109768183	64.5322256488	-0.00378916831687	0.00608192104846	0.00610809773207
-3.99829859509	-32.5874043682	64.6164129706	-0.00357016082853	0.00612259143963	0.0061758030206
-4.03414202744	-32.5222178919	64.8492218147	-0.00359157775529	0.00621751602739	0.00634072488174
-4.21901840623	-32.5161879248	64.8707574113	-0.00374338915572	0.00622251909226	0.00635093124583
-1.80523517016	-33.6470716795	60.8318868590	-0.00185483740643	0.00478778127581	0.00347019918263
-1.82951352209	-33.4921460948	61.3851925185	-0.00185312377289	0.0049719135277	0.00388762843795
-1.38389950128	-33.5659738274	61.1215220450	-0.0014660396846	0.00490271020681	0.00369971897453
-1.98829196427	-33.5286421039	61.2548496289	-0.00199877563864	0.00492003280669	0.00378569192253
-1.56610793559	-33.5059551109	61.3358746038	-0.0016214348143	0.00496645923704	0.00385683146305
-2.03728687977	-33.5844689544	61.0554680201	-0.00205103890039	0.00484980037436	0.00363378180191
-1.47891430849	-33.6268129905	60.9042393197	-0.00155908381566	0.00482777506113	0.00353339128196
8.42306427882	-34.8402758687	56.5704433260	0.00700355647132	0.00255968864076	-8.42766748974e-05
8.46595524698	-34.9193478413	56.2880434239	0.00703798048198	0.00242818216793	-0.000307702022837
8.59741535827	-34.7862431266	56.7634174051	0.00713031506166	0.00264065922238	6.98705989635e-05
8.84662521645	-34.8047862668	56.6971919043	0.00731587130576	0.00260085542686	1.8991631805e-05
8.85539410302	-34.8861585343	56.4065766632	0.00732521992177	0.00246756221168	-0.000209966456168
8.65945531834	-34.9250764534	56.2675840950	0.00718127284199	0.00241101509891	-0.000321581726894
10.6580042761	-33.7663123365	60.4060273698	0.00856840144843	0.00421895412728	0.00286455196328
10.2225660990	-33.8774421991	60.0091350033	0.00825341884047	0.00404808623716	0.00257189222611
10.3184071131	-33.7586264041	60.4334771283	0.00830938108265	0.00423421477899	0.00289231329225
10.7335823937	-33.8477132399	60.1153098576	0.00863659568131	0.00408960040659	0.00264249043539
10.5343211556	-33.9048199187	59.9113574333	0.00849307421595	0.00400104699656	0.00249133864418
10.1912624998	-33.8095806280	60.2514977573	0.00822016689926	0.00415547471493	0.00275682727806
6.97407268251	-36.4159124308	50.9431698901	0.00572094507515	-7.12824767106e-05	-0.00448937667534
6.72384153379	-36.5253672764	50.5522597271	0.00549927121028	-0.000256110652117	-0.00478505296633
7.21226072556	-36.5261112492	50.5496026815	0.00587313156575	-0.000262547517195	-0.00475679244846
7.21235863437	-36.4502953734	50.8203736663	0.00589367141947	-0.000133292385726	-0.00456295162439
6.94032836311	-36.5595438347	50.4302005904	0.00565606635064	-0.000316964025842	-0.00485783675686
6.74913837796	-36.4536598464	50.8083576914	0.00553835136816	-0.000133055291371	-0.00460091559216
-4.95311400202	-37.8142062909	45.9492632468	-0.00421298434958	-0.00242794421501	-0.00806371122599
-4.69206647486	-37.8464575352	45.8340802314	-0.003997921478	-0.00247961166315	-0.00814830604941
-5.14075835426	-37.8464386366	45.8341477263	-0.00435525598004	-0.0024786060676	-0.00813224632293
-4.70477477644	-37.9236538344	45.5583791629	-0.00399184273556	-0.00260165659711	-0.00832734815776
-4.89922777594	-37.9561667865	45.4422614767	-0.00413979310542	-0.0026523610577	-0.00839693658054
-5.15437997611	-37.9166395960	45.5834300143	-0.00435086572543	-0.00258940481581	-0.00829627551138
2.36762189012	-32.1830183199	66.0606488577	0.00176469457801	0.00673259515315	0.0072026187554
1.82249022788	-32.2557461994	65.8009064309	0.00131587218493	0.00663402350619	0.00703264167532
2.45643188553	-32.2607268802	65.7831182848	0.00184032786638	0.00661854958162	0.00700711132959
2.09488183926	-32.1600127923	66.1428114559	0.00153924163897	0.00676975492388	0.00726549001411
2.00463761121	-32.3014645485	65.6376266124	0.00146801955998	0.00656593684107	0.00691520376131
1.91592415766	-32.2010921325	65.9960995269	0.00139216182288	0.00671211956069	0.00716685131192
2.29455769141	-32.3023605444	65.6344266271	0.00170811184216	0.00656079826877	0.00690686050802
-3.76487275513	-33.3499754058	61.8929449795	-0.00349479285069	0.00505489576608	0.00420432072133
-3.42105370701	-33.2240891560	62.3425387287	-0.00318250549026	0.00524295307696	0.00454974966124
-3.66447066118	-33.1873922111	62.4735992462	-0.00338102923706	0.00528198480606	0.00463775731623
-3.32375079527	-33.2966496417	62.0833941369	-0.00311291054823	0.0051497630775	0.00436178408563
-3.97678527749	-33.2962531211	62.0848102817	-0.00366206280887	0.00511718261987	0.00433908309788
-3.47311381777	-33.3571682855	61.8672561231	-0.0032503742259	0.00506096798927	0.00419597467408
-3.86032670764	-33.2336105298	62.3085338222	-0.00355324987322	0.00520929228514	0.00450911838561
5.45542163474	-33.9541261825	59.7352636338	0.00459755212069	0.00413345824927	0.00247206399217
5.47053021807	-34.0294232057	59.4663456938	0.00462860846892	0.00402307370678	0.00225841486827
5.76772377905	-34.0510101831	59.3892493461	0.00486920541152	0.0039681843482	0.00218886695802
5.94507568748	-34.0030728760	59.5604540144	0.00499743362889	0.00402586022392	0.0023198206909
5.66335826399	-33.9194035064	59.8592731914	0.00475434120744	0.00416856538504	0.00256329053082
5.85606445099	-33.9495814935	59.7514946662	0.00491441274062	0.00411090999842	0.00247285747901
-1.49059977417	-32.5618586815	64.7076475662	-0.00146986334585	0.00620371056721	0.00628878781572
-1.9275858275	-32.6147639206	64.5187002837	-0.00184264278505	0.00612375326455	0.0061506726779
-1.51252003953	-32.6953646075	64.2308406877	-0.00149800896179	0.00601724721491	0.00595232797787
-1.38252390060	-32.6350684954	64.446183945	-0.00138355989475	0.00610246090218	0.00610559992492
-1.76952463292	-32.5434653663	64.7733379775	-0.00170360994525	0.00622644089162	0.00633216928691
-1.72188099278	-32.6738705542	64.3076051636	-0.00167375942692	0.00604412984103	0.00600418960676
0.711801444443	-32.7044688304	64.1983256058	0.000393954280298	0.00601344136521	0.00592821650207
1.36204384387	-32.7388011779	64.0757100791	0.000946936605033	0.00596095342189	0.00583203649148
1.22526248916	-32.7915512743	63.8873168773	0.000833309837617	0.00589108979329	0.00570133235306
1.21583363003	-32.6734173969	64.3092235827	0.000820401473902	0.00605183793232	0.00599916279316
0.775063594306	-32.7796402538	63.9298562365	0.000449421379017	0.00591121520847	0.0057380925864
1.00391162244	-32.7951880108	63.8743285330	0.000644999730866	0.00588844995946	0.00569570437074
0.967702608205	-32.6617386372	64.3509334388	0.000610070885159	0.00607008347288	0.00603230530396
-5.61656507559	-35.8219710717	53.0643890296	-0.00519459601492	0.000968344626017	-0.00302564678714
-5.46390703766	-35.8919725592	52.8143837172	-0.00506198918447	0.000850994081702	-0.00323479669169
-6.10933330966	-35.8277901243	53.0436066989	-0.00557124568149	0.000926648790482	-0.0029978249222
-5.80611160021	-35.9297598909	52.6794289611	-0.00531931128353	0.000761948642321	-0.00330688105896
-6.11446020237	-35.8919482003	52.8144707133	-0.00556334434077	0.000812151061837	-0.00317512522452
-5.86103687168	-35.8031549619	53.1315894218	-0.00538613693789	0.0009861899307	-0.00295079709031
-9.75644179723	-35.0447036148	55.8403442328	-0.00830649863929	0.00206135539338	-0.000648862915114
-9.64322115017	-35.2267744256	55.1900913371	-0.00821683276445	0.00176825746894	-0.00114820001181
-9.95024065192	-35.1131429845	55.5959179123	-0.00844255276024	0.00194174156059	-0.000834145059343
-9.91769749028	-35.1855933665	55.3371665483	-0.00841566827148	0.00182480562944	-0.00103173253592
-9.46674429154	-35.1695643079	55.3944131861	-0.00809297524393	0.00186932785437	-0.000994341447949
-9.47872066330	-35.0787764271	55.7186556177	-0.00810551643372	0.00201759440824	-0.000744717777707
-9.51426587787	-33.2885313630	62.1123879893	-0.0080747064203	0.00489302538335	0.00412028841674
-9.91801456448	-33.3659268248	61.8359756256	-0.00839238334447	0.00475923810154	0.00389547180384
-9.3683675102	-33.3841044292	61.7710556099	-0.0079705202952	0.0047454321757	0.00387249095365
-9.76766397528	-33.4323254896	61.5988375372	-0.00828182417899	0.00465730438009	0.00372539553791
-9.78883873401	-33.2933498479	62.0951791146	-0.00828720722347	0.00487830862403	0.00409470265731
-9.53677494959	-33.4357608010	61.5865685678	-0.0081046577543	0.004658466205	0.00372687377967
-9.41281600980	-33.3343085526	61.9488980265	-0.00800036452711	0.00482311705127	0.00400315690786
-6.10577147418	-36.0965656512	52.0836941028	-0.0055158501491	0.000449440733064	-0.00373363262042
-5.48421884872	-36.1026088368	52.0621112972	-0.00503146508709	0.000467558013042	-0.00380736659281
-6.11062689532	-36.1661458469	51.8351934039	-0.00550488568842	0.000326389796101	-0.00391978165135
-5.85971471334	-36.2164690852	51.6554675528	-0.00529924919829	0.000247429532465	-0.004076234065
-5.54651069005	-36.1847005802	51.7689264994	-0.00506150396541	0.000316965131788	-0.00402087485418
-5.79256745088	-36.0647971462	52.1971530495	-0.00528046768159	0.00052045553457	-0.00367634743452
3.64778394962	-33.1381681401	62.6493994997	0.00292100803927	0.00536633562297	0.00474667456001
3.49275916082	-33.0136315687	63.0941729688	0.00277036288753	0.00554111832753	0.00507433339953
3.74109093050	-32.9825042892	63.2053418243	0.00297183566727	0.00557596376166	0.00514593487605
3.92373751588	-33.1093729049	62.7522396253	0.00314529123716	0.00539542594925	0.00481147225946
3.97170997705	-33.0397490709	63.0008961753	0.00317250145599	0.00548949977383	0.00499015673995
3.50543298775	-33.0739693424	62.8786809199	0.00279087619856	0.00545852957293	0.00491817528382
8.21578624733	-32.7615791579	63.9943601503	0.00651468941942	0.00578611996025	0.00558974593878
8.03697544544	-32.7054037343	64.1949866631	0.00636550830677	0.00587131595239	0.00573938619345
7.72506667227	-32.7057738742	64.1936647349	0.00612214952707	0.00587410340086	0.00574473617598
7.63969909311	-32.7908573975	63.8897950091	0.0060703237541	0.00574940349907	0.00552564579993
7.84189412825	-32.8485324472	63.6838126887	0.00623882003129	0.00566099118441	0.00537107046694
8.11768086314	-32.8402233286	63.7134881122	0.00645244028419	0.00566984061152	0.00538678374141
-2.54111254708	-33.0242105503	63.0563908917	-0.00240589561872	0.00554666342214	0.00509603694081
-2.74126441520	-32.9860664762	63.1926197278	-0.00257096183486	0.00559216272086	0.00518933683634
-2.75434579811	-32.9131873545	63.4529023052	-0.00257259421051	0.00569159490988	0.00537635665387
-2.48586507710	-32.9201667528	63.4279758827	-0.00234602158889	0.00568942446262	0.00536476867273
-2.34991542273	-32.9887711530	63.1829601678	-0.00223858421668	0.00560008035973	0.00519174383953
-0.784617434192	-37.1707402540	48.2473562356	-0.000868562958203	-0.00135238538496	-0.00672255037352
-0.398288892536	-37.1835989730	48.2014322392	-0.000535781786311	-0.00137281173375	-0.00675220834091
-0.791515359248	-37.0889555057	48.5394446225	-0.000880134175532	-0.00120947067626	-0.00653910031542
-0.318854557308	-37.1192813904	48.4311378914	-0.000469899881864	-0.00126026046928	-0.00660838047042
-0.565520080561	-37.0637547457	48.6294473368	-0.000685930543114	-0.00116374634672	-0.00648395810276
-0.598567953001	-37.2114121637	48.1020994154	-0.000706286751665	-0.00142191036139	-0.0068142786622
4.88321518807	-32.0916123862	66.3870986208	0.00380475819111	0.00682066613808	0.00737032527104
4.90742351192	-32.1767474513	66.0830448169	0.00382956024259	0.00669532036409	0.00715622259304
5.17530734242	-32.2143524463	65.9487412632	0.00404647225514	0.00663485284895	0.00705525092781
5.27422530329	-32.0352622120	66.5883492427	0.00411301571876	0.00689571164548	0.00750273093581
5.46849025417	-32.0995461858	66.3587636221	0.0042714048177	0.00679697748274	0.00733730057254
5.42791485378	-32.1804948309	66.0696613180	0.00424510985613	0.00667909299955	0.00713465502486
5.05530989675	-32.0575120455	66.5088855519	0.00394013337791	0.00686734868214	0.00745179783553
-4.04003746340	-37.2088137807	48.1113793545	-0.00360521906987	-0.00143951177597	-0.0066912220791
-4.60214072053	-37.2958572258	47.8005099080	-0.00404378352687	-0.00158795795869	-0.00686424225569
-4.31024340442	-37.3313534633	47.6737376311	-0.00379952043295	-0.00164549646433	-0.00696399435401
-4.50288079850	-37.1995514632	48.1444590601	-0.00398457702249	-0.00142700609285	-0.00664208875969
-4.03544309719	-37.2907700018	47.8186785649	-0.0035841926001	-0.00157674378715	-0.006883663591
-4.29715668818	-37.1944128590	48.1628112180	-0.00381838786416	-0.0014170340728	-0.0066422666423
-4.59866780367	-37.2378407617	48.0077115655	-0.0040537500754	-0.0014915332431	-0.00672714272514
-4.72557158387	-33.7859325856	60.3359550514	-0.00438445387408	0.00438906811178	0.00297720357776
-4.25109532498	-33.7062419846	60.6205643408	-0.00397596787661	0.00453792139888	0.00321815232746
-4.87743786750	-33.7141517498	60.5923151794	-0.00449223676696	0.0044781556353	0.00317055243067
-4.30512095389	-33.7721809423	60.3850680631	-0.00403593014926	0.00444319052622	0.00303264660761
-4.48635912698	-33.6452156933	60.8385153810	-0.00415673851967	0.00460405927151	0.00337679055519
-4.75114107634	-33.6526235398	60.8120587863	-0.0043757436797	0.0045743137598	0.00334549625404
-4.43269871903	-33.8167614957	60.2258518012	-0.00415159668773	0.0043709021993	0.00290271290578
2.95483113617	-38.1513849386	44.7450537907	0.00220935884863	-0.00293779489584	-0.00875960569829
3.29405160555	-38.0553882639	45.0878990576	0.0024749992881	-0.0027861520648	-0.00852765515447
2.79006371104	-38.1060251239	44.9070531291	0.00208053155802	-0.0028685675934	-0.00866991840303
2.87159372842	-38.0344934618	45.1625233508	0.00214572274126	-0.0027564112097	-0.00850825104862
3.08685152976	-38.0243205513	45.1988551740	0.00231457129121	-0.00273900688626	-0.00847274530679
3.19245644358	-38.1241370542	44.8423676635	0.0023947856389	-0.00289388978854	-0.00868503376842
-2.72836038521	-33.9356652677	59.8011954725	-0.00273444131017	0.00437505263835	0.00263264798559
-2.33325068509	-34.0705365863	59.3195121919	-0.00241658976302	0.00425487011671	0.00225465069525
-2.79477749112	-34.0170814407	59.5104234260	-0.00281325168908	0.00426884926856	0.00239467807114
-2.36979001834	-33.9315127120	59.8160260287	-0.00241587078199	0.00441388320178	0.00265768752433
-2.19483741370	-34.0070273502	59.5463308921	-0.00227629579604	0.00434251269326	0.00244573946111
-2.64678550684	-34.0802371355	59.2848673731	-0.00269910390489	0.00420839525759	0.00221476564184
-5.42154176988	-34.0178299594	59.5077501452	-0.00499559612945	0.00399551261216	0.0022965518292
-5.78620949072	-34.1469833906	59.0464878906	-0.00530823692679	0.00377007573843	0.00191565626301
-5.68442247442	-34.0149315269	59.5181016897	-0.00520280888304	0.00397637626156	0.00229600281455
-5.81535991833	-34.0767861585	59.2971922912	-0.0053177177906	0.00387274078093	0.00211577373557
-5.51874166692	-34.1265257330	59.1195509536	-0.00509468326345	0.00382589246146	0.00198208726943
-5.38756106420	-34.0731649766	59.3101250835	-0.00498022558168	0.00391735089943	0.00213945261203
-8.82855946016	-35.6028470072	53.8469749742	-0.00760823022574	0.00117937824689	-0.00220270548016
-8.46658102765	-35.5505316594	54.0338155022	-0.0073505686596	0.00128139730077	-0.00207461044192
-8.50008818566	-35.7159640585	53.4429855052	-0.00735995732248	0.00100311310962	-0.00252740341239
-8.75123367134	-35.6790801704	53.5747136770	-0.00754577806219	0.00105536379851	-0.00241450709291
-8.27964001976	-35.6009543793	53.8537343597	-0.00721066165715	0.00120499311015	-0.00222244486213
-8.30131200607	-35.6706260268	53.6049070471	-0.00721982493997	0.00108699849807	-0.0024132465478
-8.67517373980	-35.5651782789	53.9815061467	-0.00750033790246	0.00124815374147	-0.00210590451024
-9.59581508079	-34.5500743404	57.6068773557	-0.00820304173976	0.00287252152339	0.000706657534465
-9.38766409152	-34.4099830327	58.1072034548	-0.00804898329079	0.00310848746449	0.00109475827776
-9.75258025149	-34.4978967850	57.7932257678	-0.00831799488515	0.00294974329881	0.000846189097501
-9.30442210785	-34.4632603248	57.9169274114	-0.00798868946731	0.00302661280148	0.000950302986894
-9.38178688403	-34.5331100386	57.6674641478	-0.00804628524929	0.00291007850319	0.000756938883569
-9.69371375004	-34.4337578180	58.0222935072	-0.0082746045664	0.00305599696003	0.00102257158142
11.3134987672	-34.8880429915	56.3998464588	0.00914270430803	0.00241382303648	-0.000213630526559
11.5729462891	-34.8342795569	56.5918587255	0.00933526363224	0.00249941274524	-6.79570730426e-05
11.3054400364	-34.9651291273	56.1245388312	0.00913609657437	0.00228853756562	-0.000425393867772
11.8587654846	-34.8762251305	56.4420531052	0.00954761635512	0.00243013422005	-0.000185482873349
11.9038568456	-34.9427019165	56.2046360125	0.00958037097007	0.00232207588851	-0.000367975153495
11.4878173375	-35.0085738189	55.9693792181	0.00927039980888	0.00221666134894	-0.000545634247828
11.7316779322	-34.9957238710	56.0152718894	0.0094514908269	0.00223644077778	-0.000511905236635
3.85702805020	-35.6352045770	53.7314122249	0.00345116760582	0.00151421979535	-0.00266541913152
3.88824275041	-35.5741600199	53.9494285005	0.00349082541652	0.00163183559198	-0.00248331413604
3.59860544818	-35.6484271662	53.6841886920	0.00323210516945	0.00151422258932	-0.00273394491524
3.51393675771	-35.5420122416	54.0642419941	0.0031857304275	0.00173884234391	-0.00243087252602
3.70997922533	-35.5330617825	54.0962079196	0.00335191260092	0.00173351797275	-0.00238165282644
3.47664108745	-35.5972830335	53.8668463088	0.00314161204733	0.00163105432875	-0.00259904307313
-5.72204683374	-32.9686291659	63.2548958362	-0.00503819994628	0.00551059190184	0.00513246329501
-5.25898912693	-33.0411385286	62.9959338265	-0.00467369239777	0.00542125478387	0.00496128154919
-5.51157041664	-33.0679476866	62.9001868335	-0.00488359062001	0.0053718839772	0.00488084135577
-5.31648869535	-32.9342342180	63.3777349357	-0.00470329122618	0.00557588366792	0.00523820053786
-5.70839819933	-33.0328657544	63.0254794484	-0.00503740319982	0.00541588338092	0.00496487691998
-5.58937326624	-32.9256257352	63.4084795172	-0.0049238819629	0.00557906506583	0.00524996733293
-5.18562171546	-32.9859124716	63.1931697442	-0.00460480619222	0.00550480978563	0.00510854413733
-6.35986640596	-33.2233761130	62.3450853107	-0.00559270847589	0.00510575110093	0.00443483237177
-6.54122053783	-33.3427850362	61.9186248706	-0.00575689366087	0.00491862464696	0.00410888018087
-6.56855074588	-33.2727828888	62.1686325402	-0.00576718756929	0.00502249971032	0.00429446995258
-6.16036048912	-33.2510703112	62.2461774601	-0.0054376674816	0.00507331965491	0.0043698484078
-6.30853962991	-33.3510191972	61.8892171530	-0.00557306688279	0.00491751218215	0.00409691082314
-6.18368797542	-33.3116350170	62.0298749394	-0.00546662695706	0.0049821860157	0.00420752866194
-9.54132489112	-35.8445325123	52.9838124559	-0.0081036305055	0.000757563451771	-0.00282608880661
-10.0513636918	-35.8450719202	52.9818859994	-0.00847319979221	0.00074455345748	-0.00280572567135
-9.48996391953	-35.9221290637	52.7066819155	-0.00805910862982	0.000631571514532	-0.00303620193154
-9.83844792948	-35.8049575036	53.1251517727	-0.00832216348499	0.000814878556412	-0.00270735262893
-9.98537864382	-35.9170864619	52.7246912076	-0.00841943733394	0.00062894023722	-0.00300034345128
-9.72338926538	-35.9542147838	52.5920900580	-0.008225729689	0.000573897676077	-0.0031109417323
8.83315049339	-35.9405247432	52.6409830600	0.00722485175356	0.000708899635356	-0.00313537032343
8.68835208561	-35.8140328260	53.0927399071	0.00713915051892	0.000924513558857	-0.00279778451659
8.91793257229	-35.8416476144	52.9941156630	0.00730453105643	0.000873759854585	-0.00286442646757
8.60822891540	-35.9435456484	52.6301941130	0.00705757457763	0.000707474828232	-0.00315239350311
8.49657705789	-35.8402494465	52.9991091195	0.00699281040579	0.000884188630152	-0.00287689641118
8.48945147940	-35.8964112184	52.7985313627	0.00697789993137	0.000789324520156	-0.00302980514243
8.92556847953	-35.8947290298	52.8045391793	0.00730131426826	0.000784446718171	-0.00300813675858
-1.54270324340	-36.0844889609	52.1268251398	-0.00167414639145	0.000726753147319	-0.00415414758027
-1.05492107245	-36.1373898773	51.9378932952	-0.00120655726641	0.000631316157524	-0.00431622983888
-1.11773618092	-35.9968541978	52.4398064363	-0.00128697114997	0.000939944642596	-0.00396028533578
-1.44875341227	-36.0097824629	52.3936340610	-0.00160021043848	0.000895071716513	-0.00397103186697
-1.35418621351	-36.1437580238	51.9151499149	-0.00148719421122	0.000606959743891	-0.00431524869055
-1.03214245205	-36.0688757191	52.1825867174	-0.00119433761574	0.000782340532169	-0.00414705229923
-0.0322301993974	-35.5051415139	54.1959231648	-0.000232435413636	0.00216885376722	-0.00263771903701
0.0693316191442	-35.3957134559	54.5867376576	-0.000123557983898	0.00244102999568	-0.00229045702145
-0.351811781236	-35.5066188917	54.1906468152	-0.000571504468098	0.00215748744085	-0.00263776769862
-0.123444400819	-35.3484807687	54.7554258261	-0.000332454423187	0.00255442783237	-0.00213435757905
-0.518148922284	-35.4412842779	54.4239847219	-0.000752267951611	0.00231128698215	-0.00242776027881
-0.404029176537	-35.3671412230	54.6887813463	-0.000635139527731	0.00249898340553	-0.00219109794125
0.0637118974685	-35.4499685531	54.3929694532	-0.000130043292302	0.00230705854483	-0.00246501201764
0.883684162558	-36.5327273368	50.5259737970	0.000607895606663	-0.000172799453139	-0.00525702349842
1.11753780538	-36.4838694160	50.7004663715	0.000825301744044	-7.82330171205e-05	-0.00513331126422
0.984513267283	-36.3971823348	51.0100630899	0.000713456422091	9.6828189271e-05	-0.0049361246638
0.593172305118	-36.5105230315	50.6052748874	0.000345021224348	-0.00012784259161	-0.0052151568234
0.731042687689	-36.3987159564	51.0045858700	0.000479637441458	9.59147510002e-05	-0.00494993058965
0.606471644476	-36.4410606888	50.8533546830	0.000361591257388	1.08331732918e-05	-0.00505312299356
-3.28103049456	-34.3391983469	58.3600059038	-0.00332145253196	0.00379590922967	0.00141012796666
-3.69386673424	-34.3299971556	58.3928673016	-0.00366781814955	0.00374844251201	0.00142814591527
-3.6285289804	-34.4552299254	57.9456074093	-0.00364433345385	0.00358224054798	0.00104169722181
-3.75201023545	-34.3949309536	58.1609608800	-0.00373245193623	0.00364907295443	0.00122717628255
-3.51114744901	-34.3207136785	58.4260225767	-0.00351202930324	0.00378734851256	0.00146119261626
-3.43074373205	-34.4552050747	57.9456961617	-0.00347841787152	0.0036136682611	0.00104473752435
-3.30928139008	-34.3979300835	58.1502497017	-0.00336097413674	0.0037121870555	0.00122675846796
-3.74617543334	-38.0621062767	45.0639061546	-0.00319716264494	-0.00282117631286	-0.00867248047143
-3.79474510041	-37.9468426308	45.4755620330	-0.0032581591513	-0.00263978494331	-0.0084075126797
-4.20677633940	-37.9837320105	45.3438142483	-0.00358166103251	-0.00269734719768	-0.0084811784327
-3.99975985616	-37.9487684492	45.4686841099	-0.00342260603793	-0.00264258682728	-0.00840641837567
-3.64064764709	-38.0037864726	45.2721911692	-0.00312334438786	-0.00272972858511	-0.0085415057838
-3.96519533730	-38.0664482765	45.0483990126	-0.00337191601284	-0.00282762339339	-0.00867755524814
-4.14928121934	-38.0397772862	45.1436525494	-0.00352449109778	-0.00278548663482	-0.00861181784421
-3.20005100239	-36.1449288779	51.9109682934	-0.00314773665741	0.000511769962031	-0.00415575271472
-3.07697126726	-36.2869604881	51.4037125426	-0.00300505710766	0.000238773354795	-0.00453184917569
-2.88837002735	-36.1211295105	51.9959660338	-0.00288345338777	0.000577247526962	-0.00412616645917
-2.66514055722	-36.1698502555	51.8219633730	-0.00267473096028	0.000490971666295	-0.00427371636033
-2.79609400499	-36.2738329976	51.4505964372	-0.00276416633278	0.000276852195384	-0.00452485540882
-3.30227356627	-36.2279349922	51.6145178848	-0.00321386195719	0.000343305960996	-0.00435964111239
-2.70403195209	-36.2253668582	51.6236897922	-0.0026952540502	0.000377334392397	-0.00441110506654
-2.23600295184	-35.4681365429	54.3280837753	-0.00246656406671	0.00204292801209	-0.00236441590823
-2.40933236903	-35.6306074389	53.7478305753	-0.00258677802049	0.00165948295034	-0.00283475476317
-2.48869263780	-35.4841180137	54.2710070938	-0.00269413762726	0.00196954933926	-0.00238426122814
-2.07087898999	-35.5386328094	54.0763113949	-0.00229654996656	0.00190897937864	-0.00260022212751
-2.56926412957	-35.5655675356	53.9801159444	-0.00274767749943	0.00178121693898	-0.0026224674657
-2.19966794110	-35.6071382756	53.8316490155	-0.00240018288605	0.00173765979707	-0.00279028038494
-3.78820735000	-36.8923113886	49.2417450408	-0.003465781454	-0.000894436845556	-0.00595705071464
-4.28080870210	-36.7803422135	49.6416349519	-0.00389826786704	-0.000706173537765	-0.00565037177876
-4.02024993203	-36.7688295918	49.6827514577	-0.00368610257283	-0.000681111647282	-0.00564248347655
-3.76007884798	-36.8280880494	49.4711141093	-0.00345663260669	-0.000781202747021	-0.00580504490063
-4.30002518780	-36.8425930022	49.4193107066	-0.00389955658466	-0.000815396837424	-0.00580032961443
-4.05573191633	-36.8930459366	49.2391216550	-0.00368705694564	-0.000899570703041	-0.0059400331229
-2.37274457233	-37.3221894896	47.7064661084	-0.00220066448674	-0.00162053178065	-0.00703010801226
-1.81471973304	-37.3109511758	47.7466029437	-0.00173251854721	-0.00159856665414	-0.00702076777816
-2.35742942758	-37.2384774789	48.0054375755	-0.00220072641969	-0.00147852441296	-0.00684020807967
-2.13894463791	-37.3593578661	47.5737219066	-0.00199897750281	-0.00168192246929	-0.00712148938328
-1.89452193896	-37.2500910451	47.9639605531	-0.00180794938933	-0.00149546063039	-0.00688132317737
-2.12930586091	-37.2152763364	48.0882987987	-0.00201158667915	-0.00143738847692	-0.00679529597983
-1.93991266342	-37.3474799297	47.6161431083	-0.00183331104927	-0.00166095676832	-0.00709999166429
-5.69914527909	-36.4086702700	50.9690347500	-0.00512935034931	-8.62404995132e-05	-0.00459448574111
-5.74802148094	-36.4786944397	50.7189484295	-0.00515140453354	-0.000210315396544	-0.00477087311447
-6.22689514105	-36.3849670678	51.0536890434	-0.0055470126681	-6.04470988037e-05	-0.00448686163872
-5.95501642251	-36.3650525629	51.1248122755	-0.00533997360617	-1.75926688826e-05	-0.00445846421644
-6.02015418949	-36.4900480643	50.6783997702	-0.00536225456744	-0.000237126630964	-0.00477670924738
-6.25917487375	-36.4425110247	50.8481749118	-0.00555922975764	-0.000160977419	-0.00463372655213
-4.07225600071	-35.6499933837	53.6785950582	-0.00400898372754	0.00142345449422	-0.00269420840777
-4.32490781907	-35.6425956068	53.7050156899	-0.00421512871981	0.00141138886102	-0.00264491210692
-4.44926584293	-35.6845737023	53.5550939202	-0.00430597737432	0.00131841318216	-0.00275303982198
-4.09934812656	-35.7098320075	53.4648856876	-0.00401729671285	0.00130369723774	-0.00286415521987
-4.28837994863	-35.7290273248	53.3963309828	-0.0041664596647	0.00124816852622	-0.0028981231153
-4.51897574178	-36.3152225399	51.3027766433	-0.00420742621645	0.000123355071992	-0.00446316041052
-5.10201920598	-36.3607332690	51.1402383251	-0.00466705625877	1.85529097507e-05	-0.00452497554943
-4.73148230280	-36.2535785517	51.5229337439	-0.00439555989578	0.000227626820561	-0.00428182957694
-5.04468632610	-36.2853470568	51.4094747973	-0.00463960878551	0.000156589972903	-0.00433429284021
-4.87396879120	-36.4119019654	50.9574929806	-0.00447122147307	-6.55489857309e-05	-0.00467822607607
-4.59470134129	-36.3925980557	51.0264355152	-0.00424965424463	-2.10103717109e-05	-0.00465498818085
7.31479541484	-34.7918975132	56.7432231673	0.00617613829672	0.0026971118059	4.13584966736e-05
7.11110665119	-34.6587271748	57.2188315186	0.00601171376184	0.00292691471986	0.000424347032094
7.48860426781	-34.7319357245	56.9573724123	0.00630155252293	0.00278428755701	0.000216091037146
7.07865332606	-34.7633663840	56.8451200572	0.00599715253338	0.00275923544541	0.000120858712762
7.35675079794	-34.6640957262	57.1996581209	0.00619672052562	0.00290234340355	0.000410316919442
7.04352403862	-34.7059074944	57.0503303772	0.00596567196772	0.00285515817814	0.000287165603368
6.64550063661	-34.1024158404	59.2056577127	0.00556594086811	0.00382935022935	0.00202252599411
6.66060291172	-33.9757153898	59.6581593221	0.00555050652474	0.00401987601072	0.00237805349752
7.11109000672	-34.0134482125	59.5233992409	0.00590696092695	0.00393710331991	0.00226210709661
6.91374141241	-34.1243688088	59.1272542543	0.00577729847282	0.00377907184884	0.00195515202358
6.95119261505	-33.9661309859	59.6923893359	0.00577374175191	0.00401771161705	0.00239769811742
6.52565898406	-34.0328915559	59.4539587288	0.00545814959332	0.00394214969128	0.00222110399045
7.13495177734	-34.0778113886	59.2935307551	0.00593816675246	0.00383747066371	0.00208161422051
7.56245518116	-35.2779580717	55.0072926010	0.00636431854218	0.00187176803593	-0.00134949549101
7.67524156642	-35.4464741414	54.4054494951	0.00643548881635	0.00157984730322	-0.00182238884736
7.40543238261	-35.4144697265	54.5197509768	0.00623775273561	0.00164692837279	-0.00174413481727
7.32544870231	-35.3291580011	54.8244357103	0.00618494255468	0.00179687270429	-0.00150513136759
7.85197939517	-35.3926569455	54.5976537659	0.006571367383	0.00166386179626	-0.00166334433015
7.80686779827	-35.3098552197	54.8933742154	0.00654381327331	0.00180611026008	-0.00143101834692
-5.91528545026	-36.8946906606	49.2332476408	-0.00518576195464	-0.00092694174964	-0.00580651592463
-6.40734097015	-36.7934403763	49.5948557991	-0.00559496507049	-0.000762391777243	-0.00551714375615
-6.17565358182	-36.8917306688	49.2438190400	-0.00539120053872	-0.000924844527617	-0.00578007800505
-6.14697283860	-36.7964003680	49.5842843999	-0.00539079634473	-0.000763925316278	-0.00554420752451
-5.89972397315	-36.8469500342	49.4037498778	-0.0051846425049	-0.000846154638566	-0.00568914227188
-6.42046023626	-36.8410300507	49.4248926761	-0.00559430057183	-0.000842510256916	-0.00563559494913
2.36084838816	-37.1279244881	48.4002696855	0.00182289525401	-0.0012708469294	-0.00653761951253
1.89700640296	-37.0878540946	48.5433782337	0.00143646157812	-0.00120083312504	-0.00647385278717
2.48747700613	-37.0559885492	48.6571837527	0.00194051966537	-0.00114585738629	-0.00636788224801
2.07498737589	-37.1423975593	48.3485801455	0.00158031040337	-0.00129583396483	-0.00658647809178
2.01671799702	-37.0221270455	48.7781176948	0.00154679315165	-0.00108550686855	-0.00631956756115
2.32048647171	-37.0071926009	48.8314549969	0.00180720409844	-0.00105983484536	-0.00626796716824
-2.00607818749	-32.2627211390	65.7759959322	-0.00187996844761	0.00662850635126	0.00703340349719
-1.88608537337	-32.3345627787	65.5194186474	-0.00178528926335	0.00652476446703	0.00685489363968
-2.26469615536	-32.2484568123	65.8269399562	-0.00209430395626	0.00664710532874	0.00706619163975
-2.03803793060	-32.3916710950	65.3154603749	-0.00191686383914	0.00644047278911	0.00671015586704
-2.44958772735	-32.2992969306	65.6453681049	-0.00225256942213	0.00657046400011	0.00693641835824
-2.33367728977	-32.3762990636	65.3703604873	-0.00216267234646	0.0064593385905	0.00674486812204
5.68579306616	-34.3241192150	58.4138599464	0.00486786477268	0.00356702343561	0.00140376901254
6.17785561840	-34.2233094168	58.7738949401	0.00522919977084	0.00367878074758	0.00168760761153
5.86299633307	-34.3655037173	58.2660581527	0.0050144395791	0.00348794204183	0.00128053431399
5.88066205742	-34.2017224394	58.8509912878	0.00499305874109	0.00373494205996	0.00175529217813
6.22901790326	-34.2953012933	58.5167810955	0.00528369331732	0.00356496148743	0.00147959182505
5.6346307813	-34.2521273385	58.6709737910	0.00481184152886	0.00368022266775	0.001614348148
6.06881364080	-34.3460315750	58.3356015177	0.00516997789964	0.00350007577799	0.00133484241087
8.54455004881	-34.2210978074	58.7817935449	0.0070342477411	0.00354848243296	0.00165740249213
8.07426276748	-34.1792133198	58.9313810009	0.00667253183201	0.00363350682892	0.00178117596079
8.49607475577	-34.1508812386	59.0325670051	0.00698731932789	0.00366071751341	0.00185333553236
8.34851349195	-34.2757338400	58.5866648570	0.00689422665164	0.00347011070699	0.00150762032717
8.26576679538	-34.1288226508	59.1113476757	0.00680957408622	0.00370421586558	0.00191841076594
8.12876416122	-34.2556811619	58.6582815645	0.00672556459904	0.00351116317324	0.0015665681567
3.23571213085	-33.9164593364	59.8697880845	0.00275308918208	0.00437486823648	0.0026595282834
3.51476572002	-33.9117420909	59.8866353897	0.00299057806842	0.00435597030446	0.00266182073392
3.65485408272	-33.9592908048	59.7168185544	0.00312301423401	0.00428138207644	0.00252072862349
3.15338346019	-33.9842054015	59.6278378517	0.00270130462013	0.00429726531729	0.00246880785562
3.34733291660	-34.0402512659	59.4276740502	0.00288462894969	0.00420685345307	0.00229902053252
3.64086481331	-34.0209637164	59.4965581557	0.00312899402343	0.00420204177499	0.0023438159842
-0.129499662649	-38.1829173556	44.6324380156	-0.000253585225437	-0.00300515233539	-0.00895310007036
0.128290311678	-38.3317737032	44.1008082030	-3.35661388817e-05	-0.00323431496508	-0.00927579961717
-0.288010812832	-38.2497377405	44.3937937839	-0.000376027339371	-0.00310952588916	-0.00910348258913
0.10958363733	-38.2037929130	44.5578824536	-5.86322275922e-05	-0.00303655257449	-0.00899396464229
0.266811736487	-38.2609714707	44.3536733191	7.24106212147e-05	-0.00312440888956	-0.00911606289446
-0.130026271255	-38.3080611403	44.1854959274	-0.000243430695264	-0.00319898803718	-0.0092292688787
4.14447496769	-34.5382244057	57.6491985512	0.00369065185077	0.00342117506079	0.000775104272179
4.51029980731	-34.4390287678	58.0034686865	0.00396340154111	0.00352046382613	0.00107708445285
4.35321169971	-34.5902983899	57.4632200362	0.00387091375887	0.00331303616986	0.000613047450315
4.22118035098	-34.4730295416	57.8820373514	0.00373763684183	0.00350751844235	0.00097622157773
4.61189601726	-34.4986539464	57.7905216199	0.00405867351219	0.00341842393391	0.000894615543075
4.58504047145	-34.5633510024	57.5594607057	0.00405108649284	0.00332327885553	0.000696575676557
5.41305245740	-33.1314376814	62.6734368523	0.00436814082786	0.00530963111669	0.00470059504732
5.99805357191	-33.0320196585	63.0285012195	0.00481815170497	0.00543314684182	0.00494102481753
5.52537092866	-33.0251442436	63.0530562728	0.00443759653717	0.0054577938281	0.00497398432344
5.65216321018	-33.1626552035	62.5619457019	0.00456722918898	0.00525638461113	0.00461071031168
5.94467930380	-33.1403062967	62.6417632262	0.00479720020667	0.00527831353247	0.00465966388583
6.01363017741	-33.0851906247	62.8386049118	0.00484112836421	0.0053557343781	0.00480175297707
5.76352825221	-33.0031395719	63.1316443861	0.00462478026748	0.00548197608441	0.00502353580669
5.42226845822	-33.0730506939	62.8819618073	0.00436383998021	0.00539264641702	0.00485270749778
4.91356855384	-36.2452999713	51.5525001026	0.00415334943682	0.000279556406895	-0.0042163496837
4.79413620579	-36.1459727243	51.9072402702	0.00408434309065	0.000467297126306	-0.003969153855
4.41390718040	-36.2467445946	51.5473407335	0.00374690699391	0.000294434052194	-0.00426939642057
4.65186636793	-36.2832038144	51.4171292341	0.00393102550879	0.000218599961954	-0.00433936947957
4.59900351344	-36.1383255672	51.9345515458	0.00392830651253	0.000489770493004	-0.00396886048838
4.41496501386	-36.1795234336	51.7874163084	0.00376658048481	0.000420268363087	-0.00409544166178
4.88938000363	-36.1866432018	51.7619885649	0.00415001809597	0.000388275308069	-0.00406623911113
-7.78301213063	-37.3792143719	47.5028058146	-0.00652650278062	-0.00172719371039	-0.00688849715516
-7.23639609489	-37.3410098219	47.6392506362	-0.006113845855	-0.00166688661557	-0.0068223439157
-7.58375688324	-37.4482084632	47.2563983457	-0.00635776948184	-0.00183798791841	-0.00706844031811
-7.45031717542	-37.2890182225	47.8249349196	-0.00629069050774	-0.00158299470786	-0.00668266834691
-7.29434008524	-37.4199354108	47.3573735330	-0.00614076945931	-0.00179353985004	-0.00701318774372
-7.73196048259	-37.2969817138	47.7964938791	-0.00650555035099	-0.00159552018158	-0.00668740831316
10.9996594863	-34.0641782386	59.3422205765	0.00886319391429	0.00374340638518	0.00204889755696
11.0713309540	-34.1453851609	59.0521958539	0.00892534200102	0.00361318397336	0.0018261699006
10.8362772804	-34.1827537453	58.9187366239	0.0087522007525	0.00355568039231	0.00172801956069
10.5408889437	-34.1020850858	59.2068389793	0.00852170120925	0.00368780759163	0.00195354013704
10.7150379659	-34.0500887388	59.3925402186	0.00864709354937	0.00376851134934	0.00209240731783
10.6802445722	-34.1503373710	59.0345093892	0.00863169226795	0.00360919465311	0.00181925529614
-6.50398867596	-37.2143481918	48.0916136007	-0.00557371601462	-0.00146096164826	-0.00655362568796
-6.00239476242	-37.2940395405	47.8070016412	-0.00516177900136	-0.0015898734564	-0.00677770655602
-6.21415275807	-37.3106971861	47.7475100497	-0.00532452017069	-0.00161745713558	-0.00680563459173
-6.23943882878	-37.1939907420	48.1643187786	-0.00537129351869	-0.00142678071279	-0.00652019446716
-5.99965825668	-37.2369726458	48.0108119792	-0.00517279142514	-0.00149645516649	-0.00663962867111
-6.39536007188	-37.2765340460	47.8695212642	-0.00547445751727	-0.00156214123126	-0.00671198265627
-8.30437180098	-36.3438764866	51.2004411192	-0.00713101495057	-3.98714364565e-05	-0.00422298116609
-8.30527084480	-36.4016741701	50.9940208211	-0.00712181441486	-0.00013580765517	-0.00437450176105
-8.56004885116	-36.4285582364	50.8980062987	-0.00730720069259	-0.000184168879059	-0.00442869542167
-8.42726079213	-36.2926998223	51.3832149204	-0.00723083829507	4.27942832175e-05	-0.00408042734489
-8.67361095111	-36.2997023928	51.3582057401	-0.00741243828088	2.6693676773e-05	-0.00408362643793
-8.74152657792	-36.3676341416	51.1155923516	-0.00745210936293	-8.64313333295e-05	-0.00425808504224
9.64266735907	-34.2930507138	58.5248188792	0.00786814745516	0.0034003329929	0.00144290726166
9.75639868870	-34.4451153467	57.9817309045	0.00796794053167	0.00315441959538	0.00102082372177
9.98784620487	-34.3976409823	58.1512822059	0.00813656486571	0.00322533771396	0.00114967790432
9.48243111546	-34.3417023413	58.3510630668	0.00775337871164	0.00332685047761	0.00131032906938
9.58137778965	-34.4016107507	58.1371044617	0.00783336628228	0.00322850653902	0.00114318041597
9.86067837798	-34.3230862124	58.4175492413	0.00803451333195	0.00334736495279	0.00135710451286
-1.02969467361	-38.1705941493	44.6764494668	-0.000984301208518	-0.00298909354024	-0.00893825665116
-0.880704297248	-38.2416499378	44.4226787936	-0.000855859136209	-0.00309913652018	-0.00909429695457
-1.04793118181	-38.3175621839	44.1515636289	-0.000982354162261	-0.0032170584891	-0.0092647112906
-1.30343837317	-38.1769888494	44.6536112522	-0.00120551895816	-0.0029997525271	-0.00895417109132
-1.35639119345	-38.3132532048	44.1669528398	-0.00123158656061	-0.00321121956222	-0.00925778783858
-1.47840448137	-38.2466338305	44.4048791769	-0.00133849377744	-0.00310840643942	-0.00910990405828
-0.953692580937	-33.3025571141	62.0622960212	-0.00105882878415	0.00523131806403	0.00440362328663
-0.619524905228	-33.2079744012	62.4000914242	-0.000759283197112	0.00535390991718	0.00465197209269
-0.672538706891	-33.3269614513	61.9751376738	-0.000811438134406	0.00520668085665	0.00434233946726
-0.850025752828	-33.1920513158	62.4569595863	-0.00096075667534	0.00537052704021	0.00469164317474
-0.51429377139	-33.2776095513	62.1513944596	-0.000669255096	0.00526909297332	0.00447188224643
-0.949150310843	-33.2374223569	62.2949201540	-0.0010504911188	0.00531200133264	0.00457319244742
0.407697848297	-35.9920830533	52.4568462382	0.000202777897357	0.000977781834081	-0.0039751585573
-0.0546718197295	-35.9100851813	52.7496957811	-0.000252065045061	0.00117015570868	-0.00377263315022
0.4465699966	-35.9390044938	52.6464125223	0.000244689115789	0.00110022700392	-0.00383927626535
0.225330585266	-35.8902481392	52.8205423601	2.76570699498e-05	0.00121745828073	-0.00371904624626
0.242066246532	-36.0098931370	52.3932387964	3.96801879106e-05	0.000938182754908	-0.00402377126738
0.0314038999683	-35.9697817466	52.5364937620	-0.000166580299265	0.00103079585824	-0.00392505293712
9.33496544554	-33.6587295037	60.7902517724	0.00754477037117	0.00440488895401	0.00318377860822
9.31900853980	-33.7235214318	60.5588520293	0.00754349445924	0.00430444907397	0.00300872931257
9.88093443501	-33.6929337110	60.6680938891	0.00796673260629	0.00434272689745	0.00307930470444
9.73772469932	-33.6344297408	60.8770366401	0.00784818641841	0.00443613668904	0.00324047543108
9.53245598089	-33.7613742935	60.4236632375	0.00771226780489	0.00424132868648	0.00290142046288
9.75378982177	-33.7438879349	60.4861145182	0.00787792727351	0.00426486786455	0.00294409622438
9.51290689842	-33.6356825950	60.8725621608	0.00767677975819	0.0044376142323	0.00324207078665
-2.70136438185	-36.7539679689	49.7358286826	-0.00257726572454	-0.000629976275377	-0.00570025108755
-2.19409940121	-36.7898838768	49.6075575830	-0.00213294569403	-0.00068700441625	-0.00581365311518
-2.14152033452	-36.7130683014	49.8818989234	-0.00210017315112	-0.00054495583754	-0.00563660496846
-2.65976312846	-36.6793038806	50.0024861407	-0.00255617173389	-0.000492480467074	-0.00552564347163
-2.47305744204	-36.8002368778	49.5705825794	-0.00237223180011	-0.000710162625182	-0.00582287972793
-2.38018452124	-36.6610242258	50.0677706221	-0.00231747422367	-0.000452856300399	-0.00550005538389
10.4870582559	-36.3288814668	51.2539947614	0.00836891308427	5.55593396712e-05	-0.00412833876908
10.8549955007	-36.1807081118	51.7831853150	0.00867245346308	0.000299463834381	-0.0037308158353
10.5409259420	-36.1852885850	51.7668264822	0.00843954086304	0.000291348958854	-0.003746769391
11.0215925836	-36.2981109624	51.3638894199	0.00877110846341	0.000108062631625	-0.00404143380001
10.8029751838	-36.3342283212	51.2348988528	0.00860140100121	4.800271563e-05	-0.0041388864629
11.0978877111	-36.2340505101	51.5926767496	0.00884111784399	0.000213061124668	-0.00387077173218
10.3857535674	-36.2503274307	51.5345448905	0.00831128843129	0.000184288190212	-0.00392185430974
4.55086555933	-35.2799655193	55.0001231454	0.00407220749184	0.00211628363468	-0.00153217418119
4.61420398197	-35.4432994700	54.4167876072	0.0041023446247	0.00180534331594	-0.00201998790726
4.82185877242	-35.3101234844	54.8924161272	0.00428279815242	0.00202936888672	-0.00160204689018
4.42021146457	-35.4031304943	54.5602482348	0.00395388389006	0.00190232996829	-0.00191775290295
4.92986882135	-35.3757405635	54.6580694162	0.00436027208343	0.00189759919886	-0.00179044588003
4.42933306788	-35.3409107484	54.7824616129	0.0039693522267	0.00201806100085	-0.00172845635097
4.85680653222	-35.4307252223	54.4616956347	0.00429582269862	0.00180367869325	-0.00196052575484
4.52236220209	-37.0580497714	48.6498222450	0.00361501332372	-0.00115428154822	-0.00622809166089
4.30795438390	-37.1905658138	48.1765506651	0.00340934586711	-0.00137861410622	-0.00654623145238
4.26494306080	-37.1018536299	48.4933798934	0.00339655159041	-0.00122841144912	-0.00634736148641
4.81774910256	-37.0882027733	48.5421329525	0.00384361040778	-0.00120599055663	-0.0062763816677
4.59830249690	-37.2089653978	48.1108378649	0.00363695342094	-0.00140932493377	-0.006567588076
4.83989740282	-37.1644797309	48.2697152467	0.00384085718542	-0.00133454392198	-0.0064497529529
1.57881917172	-32.9034766976	63.4875832230	0.00114116864279	0.00573645159602	0.00541109032929
1.87668649086	-32.9192016766	63.4314225837	0.00139619130641	0.00571031402797	0.00536439288408
1.69216803880	-33.0163301794	63.0845350737	0.00124734768178	0.00558547023684	0.00512093259022
1.49400183550	-32.9623510354	63.2773177307	0.00107305042911	0.00565986009315	0.00526304822415
1.90804566034	-32.9855206339	63.1945691647	0.00142909213901	0.0056216600351	0.00519451033324
4.61409261554	-36.5683174277	50.3988663296	0.00382078043185	-0.000299068255117	-0.00505765574053
4.51688487407	-36.7284028909	49.8271325325	0.00369788357057	-0.000582519802265	-0.00545418821275
4.36778915454	-36.5993979900	50.2878643214	0.00361122889444	-0.000350585673004	-0.00515532307327
4.83740728458	-36.6864503247	49.9769631261	0.0039689252153	-0.00051238812739	-0.00532658724114
4.32077148436	-36.6681643731	50.0422700962	0.00355409318581	-0.000473078369396	-0.00532590504736
4.84654639196	-36.6119351410	50.2430887821	0.00399698782712	-0.000380755780498	-0.0051443958655
-5.05282160823	-32.5216653621	64.8511951353	-0.00442863302305	0.00619630841538	0.00631166808307
-4.86124943087	-32.3731719396	65.3815287871	-0.00425314065069	0.00642379978672	0.00669635785744
-5.36817137577	-32.4892106200	64.9671049285	-0.00468178931624	0.00623844470829	0.0063844025135
-5.22745558979	-32.3573971956	65.4378671587	-0.00455044116825	0.00644121086225	0.00672556925565
-4.84619202018	-32.4806641771	64.9976279390	-0.00425423542038	0.00626224186271	0.00642292574048
-5.43437644288	-32.4130515509	65.2391016040	-0.00472600059584	0.00635270681232	0.00657702423632
-4.83569633221	-32.4281301222	65.1852495634	-0.00423900224268	0.00634138006717	0.00655718520284
-0.53806980495	-36.5841618051	50.3422792677	-0.000686615996528	-0.000276826729532	-0.00539366807789
-1.08047368678	-36.6238994992	50.2003589315	-0.00117299263366	-0.000359959434718	-0.00547400955111
-1.031334094	-36.5480370457	50.4712962655	-0.00113643566146	-0.0002125606552	-0.00529907085001
-0.614744073434	-36.6514866523	50.1018333847	-0.000752082210965	-0.000407346320571	-0.00554785877466
-0.869865875662	-36.6727249032	50.0259824887	-0.000979677774012	-0.000450460007414	-0.00559224840254
-0.763219310606	-36.5259847794	50.5500543591	-0.000895056466106	-0.000165553297848	-0.00525486422703
5.75689867371	-33.3627264296	61.8474056086	0.0046948287636	0.00496520427987	0.00407870858908
5.69821989771	-33.4339372791	61.5930811461	0.00466401781887	0.00486563751474	0.00389073207043
5.41427358906	-33.4619415408	61.4930659257	0.00444213720039	0.00483931461349	0.00382581260055
5.53245693505	-33.3153870242	62.0164749135	0.00450379773974	0.00504256458953	0.00421224301681
5.27467917737	-33.3510315931	61.8891728820	0.00430363090709	0.00500319106504	0.00412689009681
5.24660142934	-33.4232101626	61.6313922763	0.00429751956835	0.0049024396576	0.00393561786041
6.76507675809	-35.4919937473	54.2428794740	0.00575075438246	0.00154661526904	-0.00199811020866
6.83307199683	-35.6578163263	53.6506559773	0.00577938184142	0.00125340174418	-0.00246213492937
6.44638748786	-35.5536968779	54.0225111502	0.00550248660147	0.0014568620827	-0.00219383533113
6.97310403089	-35.5156726439	54.1583119862	0.0059041925706	0.00149418157525	-0.00205326033756
7.03799260577	-35.6027466925	53.8473332409	0.00594164384529	0.00133974850178	-0.00229503097944
6.56158603416	-35.6245128514	53.7695969593	0.0055793877691	0.00132557447068	-0.00238652527332
6.57778964432	-35.5062861000	54.1918353572	0.00560799008235	0.00153244915418	-0.0020502761472
6.56743043974	-35.1046361866	55.6262993337	0.00562719115987	0.00222787703387	-0.000888238020707
6.81592208352	-35.2383956764	55.1485868700	0.00580979837105	0.00198211963288	-0.00126706680749
6.82685211240	-35.1499983811	55.4642914960	0.00582099612802	0.00213227956556	-0.00101024704054
6.37135883678	-35.1426041172	55.4906995815	0.00547921424732	0.00217812182382	-0.00100781023502
6.41043453034	-35.2016503618	55.2798201364	0.00550693646073	0.00207369728014	-0.00117911107372
6.56445532290	-35.2504259512	55.1056216028	0.00562057038769	0.0019784423057	-0.00131385261193
-9.27673733133	-33.7060905899	60.6211050362	-0.00792790018022	0.00423797732219	0.00301345298067
-9.07238136241	-33.6431048087	60.8460542546	-0.00776655785739	0.00434539373964	0.00319191929884
-9.13122243471	-33.5803237051	61.0702724816	-0.00780591275543	0.00444249482825	0.00335813779384
-9.39605243295	-33.5699228914	61.1074182452	-0.00800784677267	0.00444982433692	0.00337425176986
-9.50517683677	-33.6720597253	60.7426438381	-0.00809926260263	0.00428381189704	0.0030951355584
-9.52649230296	-33.6240970722	60.9139390279	-0.00811187550426	0.00435937941074	0.0032230571378
3.45196708743	-37.5026043817	47.0621272083	0.00265753897838	-0.00190014299005	-0.00730270519853
3.50946565912	-37.4292346573	47.3241619382	0.00271649914794	-0.00177893810906	-0.00713638635352
3.01458334066	-37.3789689840	47.5036821999	0.00232488336042	-0.00169692095369	-0.00705754663795
2.88553694909	-37.4440055624	47.2714087056	0.002210077364	-0.00180558604188	-0.00720988819376
3.30004563238	-37.3679204343	47.5431413060	0.00255859480239	-0.00167771300767	-0.00701427599415
3.17752546983	-37.5267598021	46.9758578495	0.00243381992914	-0.00194102188107	-0.00737419631332
2.99628988997	-37.4957922505	47.0864562482	0.00229239510372	-0.0018908403581	-0.00731742102653
2.48877727940	-36.3055790283	51.3372177560	0.00209121312946	0.000249091914156	-0.00461015664041
2.29422933284	-36.2549253765	51.5181236552	0.00193011481315	0.000357082637493	-0.00450309179723
2.12524216166	-36.4007923127	50.9971703118	0.00174706534017	7.00785312802e-05	-0.00487233372405
2.41482507223	-36.3797464672	51.0723340458	0.00200855755247	0.000104523198388	-0.00479764537886
1.96439546523	-36.3374537904	51.2233793201	0.00161591893993	0.000200090813451	-0.00473244022578
2.05627870805	-36.2712903581	51.4596772925	0.00171265169047	0.000331474264385	-0.004564139992
-10.7689460297	-36.0883038299	52.1132006074	-0.0089745670557	0.000340276339557	-0.00341994222254
-10.8793593766	-36.0009185156	52.4252910155	-0.00906216725707	0.000478500121972	-0.00318487430923
-10.5156314915	-36.1046135424	52.0549516341	-0.00878838635981	0.000317229802022	-0.00347383739427
-10.6741607253	-35.9613930219	52.5664534933	-0.00891602132469	0.00054484262364	-0.00308886449784
-10.4029770260	-35.9938820698	52.4504211794	-0.00871626008302	0.000496995460708	-0.00318613951094
-10.3690917696	-36.0624449037	52.2055539153	-0.00868550129235	0.000387043925002	-0.00336893345229
6.24120858014	-32.2646339705	65.7691643912	0.0048962389119	0.00654079718515	0.00690487818792
6.11774031182	-32.4164224270	65.2270627607	0.00481540989131	0.00632224045694	0.00652209902182
6.39580522235	-32.3993058582	65.2881933636	0.00503304041922	0.00634201802313	0.00655966065824
5.93274685818	-32.2917072628	65.6724740613	0.00465535093099	0.00650698877871	0.00684275804088
5.89893982932	-32.3709936526	65.3893083836	0.00463683018461	0.00639241049066	0.0066425036639
6.44646030977	-32.3316575944	65.5297943056	0.00506500899792	0.00643961457536	0.00673072924837
0.634366459514	-33.8320123094	60.1713846093	0.000384680810384	0.00463905790821	0.00298097054474
0.508522208046	-33.8916128975	59.9585253660	0.000271332246484	0.0045800912194	0.00281526334584
1.09502542280	-33.8858356457	59.9791584082	0.000821544381324	0.00456705503166	0.00282101146877
0.654398332015	-33.9530507643	59.7391044130	0.00041505615809	0.00451421365142	0.0026384931989
0.924309434076	-33.8149165480	60.2324409000	0.000653112365399	0.00464892573655	0.00302361650392
0.915717338261	-33.9479482236	59.7573277729	0.000662141421344	0.00451015448198	0.00264834053814
-4.68773444794	-34.4383727742	58.0058115205	-0.00450151553378	0.00345440092497	0.00107948924415
-5.05100955140	-34.5047059537	57.7689073081	-0.004800056573	0.00330657185987	0.000875345838722
-4.77430492650	-34.5016187958	57.7799328723	-0.00458221882582	0.00334704434499	0.000886414025445
-4.86160962950	-34.3908072988	58.1756882184	-0.00462985038757	0.0035036704503	0.00122057308909
-5.03096135100	-34.4135121302	58.0945995349	-0.00476786773652	0.00344861019403	0.00115002377424
-5.11159193954	-34.4557903242	57.9436059850	-0.0048388466239	0.0033743341919	0.00102225283626
0.195742728452	-34.4241349021	58.0566610640	-2.17123988477e-06	0.00407545361668	0.0011951882625
-0.0892563735499	-34.5143811747	57.7343529475	-0.000297715771012	0.00398571044207	0.000889106711838
-0.47833085142	-34.4298272382	58.0363312920	-0.000699176394846	0.00405669026077	0.00117517530452
-0.0398824118261	-34.3626965720	58.2760836713	-0.000246280862484	0.00413510063663	0.00139821658377
-0.355528221256	-34.4964125403	57.7985266417	-0.000576374994125	0.00399590004236	0.00095057481667
-0.307565761074	-34.3669035037	58.2610589153	-0.000520422472619	0.00412540882826	0.00138393510133
0.0859091054135	-34.4800968447	57.8567969830	-0.00011440738308	0.00402143504471	0.00100669148378
-1.88508818590	-34.8880199800	56.3999286429	-0.00217892206274	0.00327045377344	-0.000425381411333
-1.84114857213	-34.9631156502	56.1317298207	-0.00214145239443	0.00315097882412	-0.00069550331682
-1.64372096096	-34.8546787669	56.5190044041	-0.00194020953495	0.00337259145454	-0.000314676930429
-1.20360565580	-34.9405644760	56.2122697286	-0.00150028674398	0.00330904498696	-0.000643288018182
-1.62315259352	-35.0115510629	55.9587462039	-0.00192870746832	0.00310690328479	-0.000880910665728
-1.35496113253	-34.8704232253	56.4627741954	-0.00165162794292	0.00340064661577	-0.000381086720154
-1.34910108723	-35.0024479114	55.9912574592	-0.00165199139155	0.00317400065251	-0.000862928747665
3.36346608677	-31.8017489839	67.4223250577	0.00256956741214	0.00728273810819	0.00812781509012
3.19230037060	-31.8637773385	67.2007952197	0.00243201898411	0.0071922224015	0.00797767005861
3.82522116989	-31.9300203636	66.9642129872	0.00294674490578	0.00708155985922	0.00779857998714
3.27756577538	-31.9484330693	66.8984533239	0.00250333128497	0.00706409616396	0.00776551896706
3.52990440956	-31.9795976570	66.7871512251	0.00270921178162	0.00701323756948	0.00768217071891
3.62812451692	-31.8126055377	67.3835516512	0.00278398697264	0.00726156914607	0.00809495616704
3.79912732085	-31.8565743125	67.2265203126	0.00292335101403	0.00719210458919	0.00798183213919
-6.37997005224	-34.9788726705	56.0754547483	-0.00585203478113	0.00238669617102	-0.000527750176843
-6.05394250248	-34.8583753321	56.5058023854	-0.00560517981648	0.00262066465802	-0.000179358961759
-6.28792279610	-34.8449471672	56.5537601170	-0.00577956065536	0.00261909747496	-0.00013421769836
-6.02691699602	-34.9598561627	56.1433708474	-0.0055884947069	0.00245381332934	-0.000482816365547
-6.44227821363	-34.9056130384	56.3370962914	-0.00589683977887	0.00250341370702	-0.000309857627144
-6.18627336325	-34.9805145665	56.0695908338	-0.00570788281038	0.00240277242847	-0.000538959051482
-6.02288914002	-34.9146958523	56.3046576703	-0.00558425858617	0.00253005488776	-0.000348190544173
-9.57401638155	-36.8512501693	49.3883922527	-0.00799056421965	-0.000878142309375	-0.00546622136608
-9.52306267189	-36.7628303011	49.7041774961	-0.00796787906438	-0.000735922832973	-0.0052411579527
-10.0404634228	-36.8339603399	49.4501416430	-0.0083417147398	-0.000850300944876	-0.0053999889642
-9.91471922535	-36.7268190054	49.8327892663	-0.00826555769891	-0.000678693002556	-0.00512903137133
-9.84004253231	-36.8678823942	49.3289914493	-0.00818645581603	-0.000904729473405	-0.0054964479059
-9.70001541281	-36.7279160394	49.8288712880	-0.00810562539846	-0.000680101104081	-0.00514223147184
-10.0509624249	-36.7765665788	49.6551193615	-0.00835890974849	-0.000758485926781	-0.00525134056807
10.9925125207	-35.2601475047	55.0709017690	0.00889442954212	0.00180955335964	-0.00123519264162
11.5006771012	-35.2659984677	55.0500054727	0.00926923193038	0.00179698783904	-0.00125117029529
11.3245736821	-35.1582743063	55.4347346204	0.00914470944554	0.00197367626242	-0.000955714145675
11.2025225730	-35.3027882742	54.9186133066	0.00904671195894	0.00173831824213	-0.00135176628828
11.0746422238	-35.1876817341	55.3297080925	0.00895879790187	0.00192740827333	-0.0010361719178
11.4617573665	-35.1975507257	55.2944616940	0.00924427807331	0.00190886110067	-0.00106368912384
-4.55073494489	-34.9938211030	56.0220674894	-0.00446277996525	0.00258061778732	-0.000647216918878
-4.29127283700	-34.9832128743	56.0599540202	-0.00425852555782	0.00263861194253	-0.000626629800536
-4.22674670164	-35.1116850833	55.6011247026	-0.00420758826658	0.00242234487087	-0.00103725166991
-4.14963928047	-35.0344369060	55.8770110499	-0.00414713937789	0.00257188826799	-0.000797104206868
-4.63998956220	-35.0563675386	55.7986873621	-0.00453313114122	0.00245885853656	-0.000838143227156
-4.46106496280	-35.1026287226	55.6334688479	-0.00439263414592	0.00240317638963	-0.000993414781988
4.48532804848	-35.8611896746	52.9243225909	0.00391024909914	0.00102092931047	-0.00323470775038
4.2331251672	-35.7370216929	53.3677796681	0.00373610341921	0.00127944268752	-0.00291496631689
4.63074458978	-35.7547168648	53.3045826258	0.00405387859792	0.00121371808928	-0.0029219686985
4.65642887745	-35.8184131254	53.0770959809	0.0040592267178	0.00109075929504	-0.00309777981602
4.18274774312	-35.7974050197	53.1521249295	0.00367972184904	0.00116599013563	-0.00309070548974
4.31272008411	-35.8372985231	53.0096481316	0.00377585086972	0.00107889226638	-0.00318740820512
4.44941455246	-35.7238019549	53.4149930183	0.00391501467675	0.00128707964905	-0.00285378354602
8.35115905058	-37.2303164793	48.0345840023	0.00651900749654	-0.00143085524905	-0.00646209856495
7.86982880634	-37.1882679410	48.1847573535	0.00617214571685	-0.00136595754884	-0.00636775279418
7.92463877518	-37.2593835770	47.9307729392	0.00618928205222	-0.0014815236209	-0.00653817644343
8.17836129208	-37.2791536916	47.8601653872	0.00637269346043	-0.00151166098658	-0.00658262008801
8.03598926706	-37.1608150752	48.2828033029	0.00630621798337	-0.00132003764156	-0.00629792828113
8.24927171948	-37.1687284952	48.2545410884	0.00646364176646	-0.00133144797292	-0.00631333701313
-2.04652475354	-37.7354182680	46.2306490430	-0.00186951307114	-0.00230111368001	-0.00796801876277
-1.46761044500	-37.7219575898	46.2787228937	-0.0013930699788	-0.00227790349163	-0.00794468261302
-1.59354369744	-37.7889624137	46.0394199511	-0.00148918444756	-0.00238640536554	-0.00809257756919
-1.84559894773	-37.8005677624	45.9979722772	-0.00169528496917	-0.00240563275293	-0.00811607390642
-1.63232618903	-37.6684336924	46.4698796698	-0.00153579341713	-0.00219140457921	-0.0078241461888
-1.89586158515	-37.6755395987	46.4445014331	-0.00175318983383	-0.00220369291492	-0.00783652812243
11.3953884766	-35.7230360520	53.4177283858	0.00914753973484	0.00104980438482	-0.00249643647112
11.1131562760	-35.7493813027	53.3236382045	0.00893583614379	0.00100690219551	-0.00256929430179
11.2234181413	-35.8962544582	52.7990912208	0.00899558793753	0.000766117649619	-0.002965395106
11.0443991600	-35.8338967533	53.0217973097	0.00887309852988	0.000868353992701	-0.00279843132012
11.6386323190	-35.7687798172	53.2543577959	0.00932105444372	0.000975191534963	-0.00261961040087
11.5734826167	-35.8375741603	53.0086637131	0.00926309265196	0.000862646207679	-0.00280561926775
11.5010098150	-35.8896153173	52.8228024381	0.00920163467526	0.000777423789259	-0.00294618448243
1.40440160389	-37.6685927671	46.4693115459	0.000980854500085	-0.00218070321716	-0.00778109906241
1.32611267188	-37.7359454670	46.2287661894	0.000915123266168	-0.00229034060612	-0.00793175864965
1.69481064435	-37.6421979817	46.5635786368	0.00121987750754	-0.00213642790914	-0.00771083170548
1.55116374541	-37.7832263523	46.0599058847	0.00109770637937	-0.00236552278511	-0.00802612490952
1.89148691994	-37.6950129639	46.3749537004	0.00137770303991	-0.00222148979083	-0.00781751051545
1.80878505562	-37.7614030072	46.1378464028	0.00130758655723	-0.0023291700054	-0.00796687789261
7.70416274705	-33.1326358262	62.6691577637	0.00618548225611	0.00524004222825	0.00462950067595
7.97105019576	-33.1245314599	62.6981019291	0.00639210315421	0.00524675333872	0.00464423839003
8.12178830297	-33.1780602836	62.5069275587	0.00651990901679	0.00516342744231	0.00449912250042
8.02113589625	-33.2479145108	62.2574481758	0.00645541213453	0.00506030023098	0.00431654974818
7.57166971710	-33.2026061539	62.4192637362	0.00609592813998	0.00513861002401	0.00444815354422
7.76034505821	-33.2632680191	62.2026142176	0.00625544274226	0.00504325004295	0.00428249547258
2.57690117178	-32.4541357819	65.0923722073	0.0019488678081	0.00633959053084	0.00652085896581
2.83309793983	-32.3583357897	65.4345150369	0.0021551840473	0.00647212937474	0.00675443187356
2.75645302862	-32.5044682371	64.9126134390	0.00210076710209	0.00626523653045	0.00639005610719
3.12446091631	-32.4844297541	64.9841794496	0.0024033470545	0.00628694333136	0.00643063429743
3.06372501701	-32.3705019647	65.3910644120	0.0023457033094	0.00645073410124	0.00671813823283
3.12880253501	-32.4276816811	65.1868511388	0.00240287021734	0.00636771228164	0.00657306052744
2.67122374571	-32.3999694538	65.2858233792	0.00202385848388	0.00641518738121	0.00665422715247
2.96547614868	-32.5047244260	64.9116984785	0.00227367435582	0.00626110751182	0.00638390798122
-0.26988298829	-37.6871274395	46.4031162874	-0.000402738631237	-0.00221748719923	-0.00786546710879
0.340730895125	-37.6579203115	46.5074274588	0.000102861733467	-0.00216758274473	-0.00779101392254
-0.141446103802	-37.6309647966	46.6036971549	-0.000298902537907	-0.00212528533302	-0.0077403136529
-0.0466378153072	-37.7474020248	46.1878499113	-0.000214565327042	-0.00231449608691	-0.00799484457821
0.2676610518	-37.7139654113	46.3072663880	4.39325631305e-05	-0.00225912546739	-0.00791558343917
0.117747111951	-37.6118802535	46.6718562376	-8.37947736727e-05	-0.00209302105941	-0.00769434124231
-4.88699502022	-32.6897537527	64.2508794548	-0.00431572878733	0.00594984646887	0.00588624039665
-5.13599131247	-32.7499187788	64.0360043615	-0.00452808802947	0.00585380708799	0.00572261912748
-4.55988669301	-32.7170228080	64.1534899715	-0.00405096262693	0.0059185908176	0.00582709396258
-4.97507815971	-32.8230909073	63.7746753312	-0.00440726941451	0.0057506901212	0.0055394093506
-4.57718784754	-32.8190127086	63.7892403265	-0.0040799761191	0.00576913682744	0.00556397996843
-4.75659669153	-32.8289905014	63.7536053522	-0.00422898773104	0.00574894994497	0.00553196156397
-4.52303487495	-32.7741748059	63.9493756932	-0.00402879947796	0.0058360924013	0.00568137038499
5.91461497532	-32.7247849837	64.1257679152	0.00469683902338	0.00587986176834	0.00573840457946
6.00910555725	-32.5730117267	64.6678152618	0.00474947411567	0.00609744619578	0.00612512230873
6.24099183985	-32.6293185415	64.4667194947	0.00494180573151	0.00601097429171	0.00597511138767
5.75340541470	-32.6061658417	64.5494077081	0.00455038249493	0.00605502352118	0.00604687584564
6.18934900363	-32.7035033905	64.2017736053	0.0049122706987	0.00590441375971	0.00578580982983
5.67643879122	-32.6768118094	64.2971006808	0.00449910247698	0.00595477316529	0.00586810009554
0.425654492584	-32.9476281378	63.3298995080	0.000153513828991	0.00569006148726	0.00531661137938
0.0601122124804	-32.8605211443	63.6409959133	-0.000161658230354	0.00580549845472	0.00554008269683
0.217502590635	-32.9995169148	63.1445824473	-2.57147676166e-05	0.0056230975315	0.00518617220223
0.333882144932	-32.8748234700	63.5899161784	7.35194116714e-05	0.00578620517626	0.00550210056826
-0.0112172925244	-32.9779232441	63.2217026997	-0.000223757844651	0.00565108237788	0.0052423812449
-0.0959340525678	-32.9039573080	63.4858667572	-0.000296232727123	0.0057477960363	0.00543064018711
-3.08561871211	-35.3691633825	54.6815593483	-0.00324336020276	0.00211697188206	-0.00195618555881
-2.86412880196	-35.2211677499	55.2101151789	-0.0030727724079	0.00245310924947	-0.00150256615598
-3.29172535430	-35.2662393082	55.0491453279	-0.00343372602947	0.00228749751113	-0.00160728010815
-2.73376323278	-35.2788615321	55.0040659569	-0.00295141129754	0.00236156629398	-0.00170456490014
-2.83292902615	-35.3531819117	54.7386360297	-0.00302699697204	0.00219166302122	-0.00193341588601
-3.26506076602	-35.3251152569	54.8388740824	-0.00340328086168	0.00217606266961	-0.00179765594658
-3.10793599958	-35.2140320745	55.2355997339	-0.00328364758752	0.00242178258486	-0.00145608896855
3.42176916438	-34.9555253210	56.1588381394	0.00316299987026	0.00287232641131	-0.00058100244496
3.21806593236	-34.8307041526	56.6046280264	0.00297832069919	0.00311932805926	-0.000177020614501
3.45740090664	-34.8849031021	56.4110603496	0.00318668666296	0.00298624369316	-0.000347097666236
3.18990507119	-34.9706899177	56.1046788655	0.0029683560133	0.00288844294846	-0.000643933657557
3.05413502338	-34.8715011584	56.4589244344	0.00284342607483	0.00308332266286	-0.000319133832818
3.02994622108	-34.9261971123	56.2635817417	0.00282821012661	0.0029958228115	-0.000503832765389
-3.24253614211	-32.1637293574	66.1295380092	-0.00289785210043	0.00676282681525	0.00726396683604
-3.16537673867	-32.3200425859	65.5712764790	-0.00284945825115	0.00653090141714	0.00687239645049
-3.44660485083	-32.2270438319	65.9034148862	-0.00307278824039	0.00666549056768	0.00710098957643
-2.96773918111	-32.2633029644	65.7739179843	-0.00267991679721	0.00661747483537	0.00701867043972
-3.01376319976	-32.1925094372	66.0267520100	-0.00271132658236	0.00672226212919	0.00719562871382
-3.36793241914	-32.2776067160	65.7228331571	-0.00301291747019	0.00659104855731	0.00697527313605
1.40105916337	-35.0927954536	55.6685876659	0.00130760599859	0.00300698587671	-0.00118486653082
1.24149989045	-34.9630754614	56.1318733520	0.00114155292977	0.00327627011575	-0.000723919190932
1.13996192484	-35.1160257804	55.5856222129	0.00103714666329	0.00300022796728	-0.00128401583061
1.44612925306	-35.0185137788	55.9338793614	0.00135335908271	0.00314232683741	-0.000915414246265
0.911868150781	-35.0590014150	55.7892806608	0.00079665746307	0.00314390496351	-0.00108914193697
0.978408560754	-34.9857556156	56.0508728014	0.000866329937708	0.00327345705591	-0.000817667867523
-2.98866843910	-37.3840001061	47.4857139068	-0.00270404457115	-0.00172719347756	-0.00714850518852
-3.32275061387	-37.4997668740	47.0722611643	-0.00295876944438	-0.00192001531832	-0.00740039162338
-3.26027900662	-37.3331837886	47.6672007550	-0.00293825147673	-0.00164361984935	-0.00702042225748
-3.55243927801	-37.4583409822	47.2202107778	-0.00315506220795	-0.00185254518874	-0.00729588465765
-3.52397688453	-37.3705449413	47.5337680668	-0.00314865633845	-0.00170716317371	-0.00709465285763
-3.09092584585	-37.4523355420	47.2416587786	-0.00277650449425	-0.00184108072426	-0.00730079924688
2.31428197159	-36.8318338717	49.4577361725	0.00183081394061	-0.000746427976992	-0.00586883537471
2.68657603918	-36.7452742473	49.7668776883	0.00216641626321	-0.000591973366681	-0.00564277777448
2.78174015839	-36.8614068641	49.3521183425	0.00222419435158	-0.000802824099083	-0.00590461725369
2.40457074969	-36.7648336068	49.6970228330	0.00192047702149	-0.000625086133368	-0.00570843461901
2.51601865476	-36.8774538344	49.2948077343	0.00199533044361	-0.000829923490528	-0.00595999509096
2.84431653787	-36.7951276174	49.5888299378	0.00229069404304	-0.000684053055011	-0.00574684329331
-5.62274850367	-37.6520509889	46.5283893255	-0.00478031532839	-0.0021683613304	-0.00765444058925
-5.54160738438	-37.7608533019	46.1398096360	-0.00469180289656	-0.00234189536422	-0.00791543908417
-5.96433937214	-37.7192356437	46.2884441296	-0.00503468001261	-0.0022746308241	-0.00779918441549
-5.87605297268	-37.6581246902	46.5066975349	-0.00497896876186	-0.00217756722122	-0.00765748973936
-5.51561750917	-37.7005033190	46.3553452892	-0.00468467362225	-0.00224591675214	-0.00777388364077
-5.77954237258	-37.7751923532	46.0885987386	-0.00487651163712	-0.00236395956017	-0.00793981458992
4.21300403635	-33.7565446760	60.4409118714	0.00353434146382	0.00450411811471	0.00306938844733
3.90394373621	-33.8397574294	60.1437234663	0.00329914479516	0.00441688625142	0.00284959329292
4.04403209892	-33.8873061433	59.9739066310	0.00342954648659	0.0043418398127	0.00271022343077
4.45513774598	-33.8502872083	60.1061171130	0.00375988287851	0.00435807788745	0.00279868673533
4.23968711354	-33.9014201241	59.9234995569	0.00359611446038	0.00430611940101	0.00266285147518
3.99073449457	-33.7788510614	60.3612462092	0.00335514778271	0.00449093012139	0.003016280476
4.43741042334	-33.7893707621	60.3236758495	0.00372879835777	0.00444284686819	0.00296949618496
-4.91475250120	-31.9704775139	66.8197231646	-0.00425125053152	0.00704050948843	0.00771585060284
-5.33628481474	-32.0699490827	66.4644675616	-0.00460566487163	0.0068816030398	0.00745330145583
-5.02474735291	-32.0921952050	66.3850171251	-0.00435418263078	0.00685075530782	0.00740510364994
-5.43621543653	-32.0064581340	66.6912209501	-0.00467999652028	0.00697937281802	0.00761173339561
-5.14848754448	-31.9466455800	66.9048372143	-0.00443930085748	0.00707547692582	0.00777054158971
-4.82119296942	-32.0400259089	66.5713360396	-0.00418228143826	0.00693364487961	0.00754224415869
-5.33879924094	-31.9648852512	66.8396955315	-0.0045962203294	0.00704524107277	0.007719644811
1.96625215654	-32.4802322705	64.9991704625	0.00144261610694	0.00631173886359	0.0064694932662
1.86903349756	-32.5534785183	64.7375767205	0.00136480631772	0.00621017673984	0.00628801109269
1.49955356233	-32.4422558052	65.1348006956	0.00105154362973	0.00637094257399	0.00657351827249
1.53898064313	-32.5491997201	64.7528581425	0.00108801259194	0.00622026901692	0.00630526291206
1.77065465027	-32.4251699465	65.1958216196	0.00127736537252	0.00639209942892	0.00661116605625
1.44328337798	-32.4968288130	64.9398970965	0.00100599578582	0.00629462813959	0.00643809465691
-2.65164960268	-38.1813072394	44.6381884308	-0.00229540467262	-0.00300815771334	-0.00896034017205
-2.13692279441	-38.1722422393	44.6705634312	-0.00188112526666	-0.00299374223687	-0.00894355401397
-2.20196515167	-38.3024029696	44.2057036800	-0.00191431457642	-0.00319582014345	-0.00923562422395
-2.61276595123	-38.2740686839	44.3068975575	-0.00224915076979	-0.00315219955519	-0.00917010381818
-2.37240550156	-38.1450670210	44.7676177821	-0.00207562954165	-0.0029515333008	-0.00888115074486
-2.05418799839	-38.2402184036	44.4277914157	-0.00180438649841	-0.00309937540442	-0.00909619498998
-2.42787357987	-38.3098036061	44.1792728355	-0.00209486484528	-0.00320742558688	-0.009251720272
-7.22225329895	-34.8433167572	56.5595830100	-0.00647146627307	0.00253918441013	-0.000112509296741
-7.24680058716	-34.9109292329	56.3181098823	-0.00649089645594	0.0024255681783	-0.000307278154651
-6.97628641945	-34.8105603738	56.6765700934	-0.0062890779227	0.0026130778715	-2.12215854845e-05
-7.03980444286	-34.9327886072	56.2400406887	-0.00633908994496	0.00240571470931	-0.000374932104023
-6.86577808214	-34.8828831616	56.4182744230	-0.00620986660942	0.00250306539237	-0.000233578233747
-7.22598783712	-35.9405134650	52.6410233392	-0.00639340141788	0.000673227361403	-0.0032195893582
-6.69077113965	-36.0204455283	52.3555516847	-0.00597745133564	0.000557541032322	-0.00347812543623
-7.22070540469	-36.0122624007	52.3847771404	-0.00637774122879	0.000550123048015	-0.00341483717784
-6.95466036338	-35.9142068507	52.7349755334	-0.0061947372742	0.000730470113922	-0.00316790025681
-6.97542811790	-36.0520194571	52.2427876532	-0.00618667667732	0.000491137674544	-0.00354094221257
-6.68591571851	-35.9508653326	52.6040523837	-0.00598635571077	0.000679115066305	-0.00328912888654
-6.76492799226	-35.3856821326	54.6225638122	-0.00612125685439	0.00165904324967	-0.00169690942857
-7.24115893229	-35.4741163457	54.3067273368	-0.00646421592683	0.00147470540833	-0.00192216027062
-6.75230723738	-35.4657290495	54.3366819660	-0.00610459828749	0.00152139831334	-0.0019270562334
-7.21280555367	-35.3855452702	54.6230526064	-0.00645087379962	0.00162811239716	-0.0016722783912
-6.97730168863	-35.4989853355	54.2179095159	-0.00626757787541	0.00144865596667	-0.00200797268189
-7.02926172795	-35.3417137672	54.7795936886	-0.0063193757087	0.00171560770832	-0.00155647099018
6.51358643247	-34.8155788482	56.6586469706	0.0055763553828	0.00271565117873	-4.05731043429e-05
6.54063182095	-34.9551921195	56.1600281447	0.00560483336449	0.00248196464963	-0.000450592517154
6.75494189671	-34.9177525882	56.2937407565	0.00576428696513	0.00252803997137	-0.000335018004989
6.30277421073	-34.9203343464	56.2845201914	0.00542407203466	0.00255967141129	-0.000354628835339
6.72232785248	-34.8465297170	56.5481081537	0.00573580246419	0.00264839897864	-0.000127325969515
6.30408995071	-34.8478059229	56.5435502755	0.00542057910934	0.00267996988259	-0.00013999066141
3.52377455415	-33.2928292996	62.0970382159	0.00284684868529	0.00516330637038	0.00434698304161
3.28160796497	-33.1911363021	62.4602274924	0.00262368889526	0.005308796186	0.00462202634662
3.85552231017	-33.1857610098	62.4794249649	0.00310306157917	0.00529371155426	0.00461510987952
3.37144167205	-33.2472860337	62.2596927366	0.00270975125022	0.00523043610156	0.00447214813903
3.75429281503	-33.2481879040	62.2564717715	0.00303098629229	0.00521325832233	0.00445555243641
3.43721778205	-33.1503574473	62.6058662595	0.00274709635414	0.00535763986409	0.0047225644812
1.69306729002	-33.2803235875	62.1417014731	0.00127615849487	0.00524731026962	0.00443975068629
1.32591246301	-33.1457096138	62.6224656649	0.000942855840549	0.00542530184612	0.0047968570143
1.81844633297	-33.1771733106	62.5100953194	0.00137267366517	0.00537451216951	0.00470431288704
1.43731395856	-33.2781702147	62.1493920904	0.00105251511559	0.00525643443689	0.00445150537416
1.25373654506	-33.2108632278	62.3897741863	0.000885603425559	0.00534427678213	0.00463009113446
1.60889600252	-33.1408144199	62.6399485003	0.00118759390898	0.00542594725266	0.00480331573635
1.83158471225	-33.2320404772	62.3141411529	0.00139065110125	0.00530433095992	0.00456176325679
2.28852179623	-33.5554501243	61.1591066989	0.00184054358397	0.00488557992503	0.00369410030544
2.34532345110	-33.6900521240	60.6783852716	0.00191836303566	0.00471967598423	0.00332674384117
2.70206362516	-33.6201985778	60.9278622223	0.0022151991725	0.00478352420032	0.00350411119871
2.18904595794	-33.6216744377	60.9225912939	0.00176607747562	0.00481047714129	0.00351865938865
2.54427512769	-33.5576034972	61.1514160816	0.00206442154013	0.00486984988675	0.00367928016931
2.60273299295	-33.6788410266	60.7184249050	0.00214194040745	0.00471740169451	0.00334788579494
6.08146368840	-35.8678871916	52.9004028870	0.00516798999161	0.00091715407325	-0.00310087972321
5.9291993611	-35.7049164179	53.4824413646	0.00508342077956	0.00121803744696	-0.00266017881222
6.29044513985	-35.8166920198	53.0832427863	0.00533907301724	0.000998800736852	-0.00294306059368
5.83723303057	-35.8285571969	53.0408671539	0.00498771574348	0.00100004312117	-0.00301288231276
6.20138160597	-35.7320309470	53.3856037607	0.00528716808185	0.00115417246707	-0.00271460600197
5.78462498116	-35.7511243648	53.3174129830	0.00496301986277	0.00114309170749	-0.00280189164914
-1.22216203814	-35.4104467575	54.5341187233	-0.0014907940058	0.00232046307065	-0.00228553824127
-1.19451531233	-35.5385287576	54.0766830086	-0.00144206080586	0.00201678089797	-0.00268837204203
-1.48248602585	-35.4230961056	54.4889424802	-0.0017512786435	0.00225661718287	-0.00230315863155
-1.08968531475	-35.4683942677	54.3271633298	-0.00134652736597	0.00219724164344	-0.00248030293733
-1.57768605171	-35.5062417201	54.1919938567	-0.00183007330634	0.0020494046621	-0.00255460222252
-1.38041361271	-35.5377565587	54.0794408617	-0.00162867386825	0.0019985481631	-0.0026699162554
-3.26117618006	-35.5241310948	54.1281032327	-0.00336247170344	0.00177383399568	-0.0024145161733
-3.22777556284	-35.6703025926	53.6060621693	-0.00329885701649	0.00147655874025	-0.00285175885074
-3.51386586601	-35.5401125656	54.0710265513	-0.00357223302126	0.0017075156793	-0.00243320176378
-3.08905798588	-35.5895991459	53.8942887648	-0.00319954566658	0.00166118901689	-0.00263135111891
-3.63146627503	-35.6057540246	53.8365927692	-0.00365582178347	0.00156083353795	-0.0026148785837
-3.46759089076	-35.6492436395	53.6812727162	-0.00350805628113	0.00149213895202	-0.00276170391589
-0.993922546643	-35.2621606478	55.0637119720	-0.00127187068574	0.00269333668984	-0.0018083921168
-1.14012678861	-35.2006669411	55.2833323533	-0.00142974720802	0.00281010032631	-0.00158543745056
-0.714427248226	-35.1313971074	55.5307246163	-0.000981649616733	0.00301090232097	-0.00136138859671
-0.747326077506	-35.2459651032	55.1215532029	-0.00101155333687	0.00275754649192	-0.00176628632471
-1.01227952429	-35.1300700828	55.5354639899	-0.0012998356251	0.00297777727246	-0.00134251487907
-0.633593550374	-35.1851018813	55.3389218524	-0.000892377400305	0.00290399580263	-0.00155705073848
-2.32936481380	-31.7319689744	67.6715393773	-0.00210798415355	0.00742603139952	0.00835458096117
-2.74071222382	-31.7105680471	67.7479712604	-0.00244486099109	0.00745788682252	0.00840454734862
-2.62944899821	-31.8218497233	67.3505367023	-0.00236201076768	0.00728656630963	0.00812791567296
-2.79872761944	-31.7792034968	67.5028446544	-0.00249802414328	0.00735148182139	0.00823265127838
-2.50867738794	-31.6830474192	67.8462592173	-0.00225194427185	0.0075012659654	0.00847517047077
-2.43659515608	-31.7990230555	67.4320605162	-0.00220130826347	0.00732242316008	0.00818662252277
6.82042275580	-37.6117630634	46.6722747735	0.00523594440892	-0.00205886247568	-0.00737030338496
6.57490674235	-37.6473310738	46.5452461649	0.00503904558718	-0.00211652251892	-0.00745146907866
6.32422363339	-37.5274852994	46.9732667879	0.00488903792575	-0.00192484015133	-0.00718975765631
6.33841099332	-37.6022088794	46.7063968593	0.00487546622753	-0.00204469799064	-0.00735518708825
6.75830318671	-37.5265466797	46.9766190012	0.00521866185591	-0.00192176189739	-0.00717868516222
6.53253476011	-37.4907375437	47.1045087725	0.00505953282118	-0.00186486646999	-0.00710220867768
1.49918713049	-35.8789851401	52.8607673567	0.00128065433819	0.00120059656911	-0.0036180424504
1.99634460105	-35.8051177759	53.1245793718	0.00176872115117	0.00133369769901	-0.00336937140673
1.97403685688	-35.9162813440	52.7275666284	0.00172006897628	0.00108801852912	-0.00367110781372
1.70639308987	-35.9241514973	52.6994589384	0.00146768742707	0.00108675123192	-0.00371817266569
1.55584812805	-35.8220022113	53.0642778168	0.00134735298343	0.00132762233261	-0.00346039421856
1.79804139600	-35.7880018240	53.1857077715	0.00158627924975	0.00138798716944	-0.0033435865771
2.07081054385	-35.8626212790	52.9192097178	0.00182340666652	0.00119994522538	-0.00351759116165
3.75378051126	-36.7766154743	49.6549447347	0.00305858789943	-0.000659640529193	-0.00563188642263
3.82647138774	-36.7152718712	49.8740290315	0.00313428929076	-0.00055078137666	-0.0054806927219
3.52605933855	-36.8015203035	49.5659989161	0.00286317663267	-0.000701807322912	-0.00570879969746
3.59616566460	-36.6680958874	50.0425146877	0.00295425881632	-0.000462573894765	-0.00538796931505
3.34537016460	-36.7572594695	49.7240733231	0.0027223683428	-0.000620646693278	-0.00561954872683
3.40943757379	-36.7021576015	49.9208657088	0.00278926827013	-0.000521810492501	-0.00548452837393
3.95890695367	-36.2400796403	51.5711441419	0.00337246782146	0.000323970190948	-0.00429886998609
3.77640214395	-36.1265545338	51.9765909507	0.00325151742436	0.000549772812519	-0.00402517663315
3.57996472513	-36.1410828244	51.9247041986	0.00308150495403	0.000530839548446	-0.00408427091315
3.72571430228	-36.2623024072	51.4917771171	0.00317077734508	0.000290391210001	-0.00437955046073
3.52799528926	-36.2121399658	51.6709286935	0.00301745976321	0.000394735310692	-0.00427250843495
3.95996478713	-36.1728584793	51.8112197168	0.00339222676121	0.000452110893093	-0.00412575667724
-3.30331379889	-31.8875635655	67.1158444089	-0.0029223987367	0.00718187261373	0.00795542635024
-3.65763536677	-31.7907599375	67.4615716517	-0.00320474407636	0.00732927396894	0.00819271057844
-3.42127000470	-31.7718187775	67.5292186516	-0.00300910812803	0.00735996756703	0.00824358686805
-3.24292003825	-31.8215130673	67.3517390455	-0.00286693056114	0.00728398840874	0.0081216134131
-3.53263108312	-31.9064078611	67.0485433530	-0.00311268027872	0.00715130567551	0.00790470372885
-3.65697121649	-31.8555005424	67.2303552059	-0.00321012339555	0.00722894305363	0.00803037639707
-0.855800675468	-34.2311201096	58.7459996087	-0.0010583618423	0.0042251762934	0.00181014963891
-0.588381641099	-34.1044688598	59.1983255009	-0.000783003342804	0.004362271633	0.00219899904914
-0.557948399407	-34.2324471342	58.7412602352	-0.000763805292081	0.00424172263592	0.00181001878809
-0.416373616505	-34.1653964725	58.9807268839	-0.00061887834454	0.00431077368557	0.00201747217216
-0.906574606976	-34.1655177454	58.9802937663	-0.00109925365541	0.00428565219045	0.00201057852246
-0.786136267734	-34.1135330065	59.1659535481	-0.00097587343771	0.00434389244765	0.00216919090599
1.39743470458	-34.0749471387	59.3037602188	0.00113890739158	0.00435212813318	0.00226727616973
1.16675704181	-34.1987703651	58.8615344104	0.000943223189097	0.00424311449751	0.00190135894809
1.13632380012	-34.0707920907	59.3185996761	0.000890492694452	0.00437392061576	0.00228647678159
0.994749017221	-34.1378427524	59.0791330273	0.000765930628404	0.00431538140401	0.00209015910514
1.47981216359	-34.1356094167	59.0871092262	0.00122964463662	0.00428245682269	0.00208431435749
1.35640778532	-34.1821967176	58.9207260086	0.00112241134048	0.00424465350807	0.00194699852727
6.91643541969	-36.6935690607	49.9515390690	0.00559986988083	-0.000544780341443	-0.00519560789689
6.92244222312	-36.8280485544	49.4712551628	0.00556525867432	-0.000771830382291	-0.00552761554718
7.13902654784	-36.7971853232	49.5814809886	0.00574012612924	-0.000720541691408	-0.00544053222984
7.17671209184	-36.7306390958	49.8191460863	0.00578834954649	-0.000608728383668	-0.00527360476553
6.72683840858	-36.7964493337	49.5841095225	0.00542427785695	-0.000717925431672	-0.00546076102182
6.68475024934	-36.7292264332	49.8241913100	0.00541144283488	-0.000603885331657	-0.00529765058309
-3.70297864927	-33.9915592683	59.6015740418	-0.0035874096211	0.00420399522409	0.00243406859227
-3.93227696268	-33.8737911727	60.0221743831	-0.00375027023256	0.00433827517554	0.00276194675826
-3.67751926343	-33.8741900198	60.0207499293	-0.00353631027974	0.00436167279258	0.0027709454298
-3.94169976017	-33.9870427894	59.6177043234	-0.00378638971597	0.00418491335586	0.0024379780516
-3.59915875546	-33.9341280413	59.8066855667	-0.00348506728187	0.00429045408964	0.00260327383876
-4.05985472782	-33.9183717260	59.8629581213	-0.00386763829738	0.0042659281753	0.00263023097068
-2.88465074741	-33.3928641190	61.7397710036	-0.00275576417334	0.00504495901987	0.00412144884467
-2.50468057699	-33.4807314678	61.4259590434	-0.0024431552738	0.00495256530121	0.00389907089993
-3.03401376991	-33.4533827629	61.5236329898	-0.00289488839917	0.00495813321322	0.00395472999662
-2.62780694797	-33.4173299095	61.6523931804	-0.00253887381405	0.00502663338557	0.0040646106936
-2.89198744472	-33.5301826791	61.2493475745	-0.00278763892129	0.00486748386174	0.00375306047499
-2.55367549249	-33.5365583183	61.2265774346	-0.0024957889691	0.00487967533991	0.00374737335369
2.63672571459	-37.8782537733	45.7205222382	0.00196666317061	-0.00251159141771	-0.0081796515733
2.11833866291	-37.9151467475	45.588761616	0.00155196513515	-0.0025731807109	-0.00828847195953
2.54603736876	-37.9375584544	45.5087198056	0.0018920279108	-0.00260609341785	-0.00831474643201
2.19345730253	-37.8482318466	45.8277434049	0.00161439285148	-0.00246635149233	-0.00813813135028
2.43375028004	-37.8252797230	45.9097152751	0.00180787581485	-0.00242837937549	-0.00807503331453
2.30019359979	-37.9568595472	45.4397873315	0.00169605086558	-0.00263807503507	-0.00837040133774
1.76706064071	-36.8648931710	49.3396672464	0.00135347084142	-0.00080352142686	-0.00597737170756
1.30190513260	-36.8192203442	49.5027844849	0.000953227572609	-0.000718431372661	-0.00589675549418
1.66502884918	-36.9254475783	49.1234015061	0.00125746044796	-0.000912567193154	-0.00612012529746
1.39076038477	-36.9401172208	49.0710099257	0.00101844279561	-0.000938400859013	-0.00616643298417
1.58464300898	-36.8125327044	49.5266689127	0.00120153301395	-0.000707195547875	-0.00586787611246
1.28638679034	-36.8884330450	49.2555962679	0.000932753668167	-0.000844864407554	-0.00605430174619
8.70084751731	-35.0986421337	55.6477066655	0.00721242511645	0.00212315050885	-0.000810252851807
8.36263451644	-35.0565507752	55.7980329458	0.00696304626763	0.00220598164015	-0.000697753450368
8.44197998545	-35.2249251000	55.1966960713	0.00701783783734	0.00192259810865	-0.00117146375123
8.17501896291	-35.1131388442	55.5959326994	0.00682380143553	0.00211994489655	-0.000862116459757
8.66094532222	-35.1732396158	55.3812870865	0.00718127423897	0.00200076634064	-0.00102089135908
8.22013055980	-35.1959405700	55.3002122500	0.00685508688912	0.00197979621589	-0.00109548773617
8.55613458780	-35.0622793873	55.7775736168	0.00710599357262	0.00218874798156	-0.000710358901415
10.4645580839	-35.3266643431	54.8333416319	0.00850139278919	0.0017057742225	-0.00142052047886
9.98648365156	-35.3379864406	54.7929055693	0.00814892817289	0.00169400079176	-0.00145664357115
10.2499964312	-35.2978729875	54.9361679018	0.00834533665329	0.00175598403439	-0.00134309427813
10.4047775275	-35.3930765765	54.5961550840	0.00845261197537	0.00159724825062	-0.00160358648282
10.0114851043	-35.3861483327	54.6208988116	0.00816386844963	0.00161408632994	-0.00158911652397
10.1587505274	-35.4180330576	54.5070247941	0.00826964899898	0.00155927124433	-0.00167493557092
9.27477576224	-35.0187802802	55.9329275709	0.00763644045219	0.00223631015979	-0.000578142411541
9.54452101889	-34.8897264406	56.3938341406	0.00783454533666	0.00244025932625	-0.0002156902774
9.81336461515	-34.9171591784	56.2958600772	0.00803345441818	0.00238880282268	-0.000291175063467
9.86887623816	-34.9814242750	56.0663418751	0.00807467475533	0.00228249444626	-0.00046966059017
9.32600161741	-34.9434996147	56.2017870904	0.00767396762967	0.00235837628134	-0.00036713067675
9.49662518788	-35.0477648102	55.8294113922	0.00779978651553	0.00218259193935	-0.000656916643493
9.78550431524	-35.0318886821	55.8861118495	0.00801287963986	0.00220167823136	-0.00061041029403
8.49817316666	-35.3976291793	54.5798957883	0.00704889558256	0.00163122988306	-0.00165450992063
8.36511552831	-35.5262644009	54.1204842825	0.0069386488758	0.00141878169961	-0.00201778789051
8.57229822797	-35.5471512893	54.0458882525	0.00708947889507	0.00137734715827	-0.00206833914854
8.72002259231	-35.4266137093	54.4763796096	0.00721018249169	0.00157566391863	-0.0017286472721
8.32143533791	-35.4514463751	54.3876915175	0.00691378396004	0.00154654867947	-0.00181080063339
8.79944006977	-35.5032075240	54.2028302714	0.00726169440895	0.0014449757291	-0.00193909020163
7.69951062380	-36.9673766295	48.9736548947	0.00611468032002	-0.00100394163746	-0.005835195072
7.64364596615	-37.0953369370	48.5166537963	0.00603202171624	-0.0012150030816	-0.00614868290722
7.95691364723	-37.0145543576	48.8051630084	0.00629417179152	-0.00108079903293	-0.00594274327159
7.80980642687	-37.0678840712	48.6146997458	0.00616628210992	-0.00116913102102	-0.00607729936019
7.47067468868	-36.9932934627	48.8810947760	0.00593330338597	-0.00104737409856	-0.00590670807287
7.45418114420	-37.0677700893	48.6151068238	0.00589741673321	-0.00117041065823	-0.00608790758997
-9.22109058987	-36.1983582716	51.7201490301	-0.0078308628872	0.000184040094609	-0.00378460017964
-9.16922633038	-36.0425366695	52.2766547517	-0.00781230907887	0.000441037933342	-0.00337370089255
-8.97747305899	-36.1836243964	51.7727700127	-0.007653712295	0.000212635684875	-0.00375915528275
-9.39819451966	-36.1441774327	51.9136520259	-0.00796770211309	0.000269727112027	-0.00363174895756
-8.86496592317	-36.1312033139	51.9599881645	-0.007578083314	0.000301402120385	-0.00362646556459
-9.40265167623	-36.0746223896	52.1620628941	-0.00797923002392	0.000383516715374	-0.00344697665423
4.3773146107	-32.2584229726	65.7913465264	0.00340894423425	0.00658728461713	0.00696448562667
4.31025166983	-32.3371601958	65.5101421578	0.00336054014042	0.00647455453873	0.00676834303886
4.11164319905	-32.2111057385	65.9603366483	0.00319108692929	0.00666155247018	0.00709005119279
3.90795828914	-32.3158303297	65.5863202512	0.00303255813196	0.00651359511539	0.0068328185007
4.10824238522	-32.3588178276	65.4327934730	0.00319845741615	0.00644747260958	0.00671934755519
4.62093421737	-32.1490748012	66.1818757100	0.00359802693129	0.00674176914617	0.00723261618987
4.37105824330	-32.0170968533	66.6532255240	0.00339017505758	0.00694126402959	0.00756871793419
4.35526280572	-32.1017575671	66.3508658319	0.00338164786808	0.00681666471064	0.00735759688541
4.76882060221	-32.0298393954	66.6077164451	0.00370979262516	0.00691417790949	0.00752756930888
4.60258643063	-32.0098658291	66.6790506102	0.00357568007894	0.00694720400497	0.00758132943884
-7.42845858550	-36.8696974708	49.3225090327	-0.00636651134118	-0.000899752834812	-0.00563713954762
-7.63190027792	-36.8151786137	49.5172192368	-0.0065336166881	-0.000811511359643	-0.00548558402807
-7.76239788284	-36.9897762088	48.8936563973	-0.00659601902589	-0.0010984292021	-0.00591858429834
-7.94067002425	-36.8490786003	49.3961478559	-0.0067614945583	-0.000869415525813	-0.00555179221556
-7.99497379551	-36.9265757991	49.1193721461	-0.00678664352745	-0.000996317015961	-0.00574493920431
-7.39018399355	-36.9307570987	49.1044389332	-0.00632390705869	-0.000999991898425	-0.00579357100651
4.70683518582	-35.2209172909	55.2110096755	0.00419970508665	0.00220504635945	-0.00133942987304
4.22980984883	-35.1438131481	55.486381614	0.00382546242326	0.00240727770142	-0.00113504496403
4.17198723797	-35.2046991695	55.2689315377	0.00377617729828	0.00230433349498	-0.00133014505263
4.60854157407	-35.1419438102	55.4930578207	0.00412601605058	0.00235932739452	-0.00110313703772
4.43071679197	-35.1193130496	55.5738819658	0.00398606946692	0.0024233055301	-0.0010445631342
4.31430948129	-35.2517045549	55.1010551612	0.00388662330806	0.00219829054549	-0.00146470044274
-9.08331949539	-36.9488356985	49.0398725053	-0.00760477827862	-0.00103481125552	-0.00574057875201
-8.57541834659	-36.9665050742	48.9767675922	-0.00721843354404	-0.00106282182969	-0.00581252807751
-8.80597478811	-36.9133661018	49.1665496365	-0.00740288710222	-0.000977350166067	-0.00566472997889
-8.83827202969	-37.0716950865	48.6010889766	-0.00739600323141	-0.00123234430794	-0.00606538308784
-8.60307532921	-37.0476878688	48.6868290399	-0.00722294533625	-0.0011938494863	-0.00601676199585
-9.03049806706	-37.0263187901	48.7631471782	-0.00755006633699	-0.00115932663903	-0.00594059331343
-3.78744584259	-35.8883253488	52.8274094684	-0.00371510069817	0.000980618991889	-0.00340296677314
-3.59708327413	-35.9408228759	52.6399183004	-0.00354135408998	0.000891535135452	-0.00356895010918
-3.69276560645	-36.0236784445	52.3440055555	-0.00359969609417	0.000720687501598	-0.0037823470775
-3.98992948124	-36.0447797869	52.2686436180	-0.00384230120108	0.000660041405354	-0.00380622711964
-3.98658010853	-35.8967428641	52.7973469140	-0.00387828215025	0.000948038999923	-0.00340356002562
-4.18324895899	-35.9233979382	52.7021502207	-0.0040332460776	0.000881088722963	-0.0034550386481
-8.39248412607	-34.1555575662	59.0158658351	-0.00729661714286	0.00356671190821	0.00182087079156
-7.97633093806	-34.1146822539	59.1618490931	-0.00697987386957	0.00365514517762	0.00194606580772
-8.29636063838	-34.2180415872	58.7927086171	-0.00722965877503	0.00347297335975	0.00165057019331
-7.86754770299	-34.1921103860	58.8853200498	-0.00690571032465	0.00353976828046	0.0017337667523
-8.22827876487	-34.1016481206	59.2083995692	-0.00716849323362	0.00366114871576	0.0019746334292
-1.85328115070	-35.7444002024	53.3414278485	-0.00204176851548	0.00146510265768	-0.00322442525066
-1.71447539315	-35.8026764169	53.1332985112	-0.00189626135398	0.0013442003401	-0.00339999119751
-2.26338357366	-35.7602926597	53.2846690724	-0.00241968012415	0.00138904538471	-0.003224193817
-2.14041485502	-35.9000277690	52.7856151106	-0.00227064266801	0.00109243066981	-0.00362115423195
-1.83599243011	-35.8775774141	52.8657949496	-0.00199353834614	0.00116530526429	-0.00359136704355
-2.05371914573	-35.7368234965	53.3684875126	-0.00223186309449	0.00146250287071	-0.00318160443567
10.3704123707	-36.4699715467	50.7501016189	0.00824945513159	-0.000176013636519	-0.00450132973492
10.1403382536	-36.4855889339	50.6943252362	0.00807516556233	-0.000202584618819	-0.00454554567114
10.5473312083	-36.4066972946	50.9760810908	0.00839562434703	-7.16635477147e-05	-0.0043328627944
9.93003644961	-36.4538669422	50.8076180635	0.00792720913887	-0.000151189247845	-0.00446619978175
9.91216351655	-36.3809942126	51.0678778120	0.00793155562133	-3.12897755066e-05	-0.00427541835234
10.1301095918	-36.3227964040	51.2757271285	0.00810630712658	6.47717897664e-05	-0.00411790004
2.74471098742	-36.5608027839	50.4257043434	0.00225587165914	-0.000250669545494	-0.0052044163458
2.60963338709	-36.6281753528	50.1850880255	0.00212447717786	-0.000374833849492	-0.00537467049435
2.2351846043	-36.5259802005	50.5500707126	0.00181897298899	-0.000175645633135	-0.00516222277656
2.52476751487	-36.5049343549	50.6252344466	0.00207724003121	-0.00014062023547	-0.00508940080181
2.32762809761	-36.6477347123	50.1152331702	0.00187599787023	-0.000407635670854	-0.00544170150533
8.90123505959	-36.4788915532	50.7182444528	0.00715685263276	-0.000192878171219	-0.0045583229512
8.30768020281	-36.4888917597	50.6825294295	0.00671071885154	-0.000207552060601	-0.00460656732321
8.49011192229	-36.4273578438	50.9022934151	0.00686316238716	-0.000105414583231	-0.00443968223408
8.84610285025	-36.5428045922	50.4899835991	0.00709907710552	-0.000298968807328	-0.00472557777539
8.80349141896	-36.4172413656	50.9384236942	0.00709963124245	-8.99567603483e-05	-0.00440140115097
8.60844636005	-36.5708165041	50.3899410567	0.00691410060972	-0.000345261738403	-0.00480585498735
0.64290202856	-35.3441288259	54.7709684790	0.000496394641232	0.00254565896466	-0.00210457178764
0.726702656753	-35.2787644686	55.0044126122	0.000590503273997	0.00269268499687	-0.00187939533498
1.01516891684	-35.2589854446	55.0750519835	0.000898370635696	0.00270884274505	-0.00179470004514
1.15184838904	-35.3787532362	54.6473098705	0.00102826219518	0.0024162249174	-0.00218636845239
0.871517785094	-35.3842774801	54.6275804281	0.000735664623789	0.00243156263605	-0.00222445908003
2.05971129555	-35.3703532311	54.6773098891	0.00192873342894	0.00230822851881	-0.00207075756043
2.48010791106	-35.3003752332	54.9272313101	0.00233007548377	0.00238879257813	-0.00179788912646
2.35236459978	-35.3676190609	54.6870747826	0.00220245518722	0.00226754136384	-0.00202917587012
2.32076469158	-35.2537224654	55.0938483377	0.00219039013609	0.00251389970072	-0.00166121474467
2.08662509963	-35.2639483062	55.0573274779	0.00197017588653	0.00253417110071	-0.00171896675602
9.08747768837	-33.6884062000	60.6842635713	0.00736080249771	0.0043638064526	0.00310905836523
9.16498113294	-33.5612441134	61.1384138807	0.00739779742435	0.00455908663571	0.00345071521588
8.87046709756	-33.6473458840	60.8309075570	0.00718754855916	0.00443218508735	0.00322517682798
8.93292987374	-33.5766548458	61.0833755507	0.00722266547382	0.00453983992338	0.00341460108757
9.28137604698	-33.6005673632	60.9979737028	0.00749382283539	0.00449611898512	0.00334205734544
-7.70786727488	-32.7358561461	64.0862280497	-0.00659754034132	0.00580732524395	0.00565774925053
-7.98591591143	-32.7399725479	64.0715266145	-0.00681887101382	0.00579476868734	0.00563525827602
-8.07796326732	-32.6753321883	64.3023850417	-0.00688432436436	0.00589424837381	0.00580000504851
-7.52657227999	-32.6765731779	64.2979529360	-0.00644588051364	0.0059036789462	0.00581969460472
-7.76726065461	-32.5998974131	64.5717949533	-0.00662842066959	0.00601858831942	0.00600918708369
-7.92113024857	-32.6298863965	64.4646914411	-0.0067544253543	0.00596863683313	0.00592490052804
0.768054914646	-34.3835715155	58.2015303017	0.000580211577471	0.00409032311291	0.00132450135425
0.813516338236	-34.3156247815	58.4441972088	0.000616075238213	0.00415355805308	0.00154343713075
1.04870344386	-34.3110324949	58.4605982327	0.000848998897709	0.00414068996906	0.00155380286742
1.06536718556	-34.4056012905	58.1228525339	0.000883090076968	0.00404363591224	0.00124767015222
-0.586582954042	-33.8544316223	60.0913156348	-0.000762685376685	0.00461247144267	0.00292111304589
-0.273000146547	-33.8483085733	60.1131836666	-0.00046764180297	0.00462583918124	0.00294046383351
-0.0852615905206	-33.9017861126	59.9221924551	-0.000290927360766	0.0045734453015	0.00279018632136
-0.226836373422	-33.9688367742	59.6827258064	-0.000426722952398	0.0045047882013	0.00259870034643
-0.462023479043	-33.9734290609	59.6663247825	-0.000652024813462	0.00449500884861	0.00258402270265
-1.72619835431	-32.2813727106	65.7093831766	-0.00164778297767	0.00660354597494	0.0069893989712
-2.10480913630	-32.1952667441	66.0169044855	-0.00195697601885	0.00672693457454	0.00720101455227
-1.56665658985	-32.2213954110	65.9235878180	-0.00151048484258	0.00669233780354	0.00714033795521
-1.69143305114	-32.1597784841	66.1436482711	-0.00161032157484	0.00678224908188	0.00729317963123
-1.94702956490	-32.1449642288	66.1965563256	-0.00182193424553	0.00680255051702	0.00732813542709
2.82259383275	-32.0657256946	66.4795510908	0.00213521323167	0.00689776288345	0.00748435035348
2.52563790796	-32.0401717255	66.5708152661	0.0018912947271	0.00693991919979	0.00755435647443
2.68391785685	-32.2020805676	65.9925694014	0.00202559307218	0.00670023215935	0.00714812148362
2.32236781057	-32.1013664797	66.3522625725	0.00172552594449	0.00685262633488	0.00740661704913
2.85939551286	-32.1447343278	66.1973774009	0.00216768682003	0.00678116595373	0.00728692440316
10.0438795288	-33.3396391921	61.9298600283	0.00803325045854	0.00489192269742	0.00402512960136
10.0478176440	-33.4910997367	61.3889295119	0.00806163158268	0.00465613044798	0.00361946132034
10.5204744947	-33.4264828718	61.6197040294	0.00841285753995	0.00475414283574	0.00378260551952
10.3415379153	-33.4860456772	61.4069797242	0.00828545819968	0.00466181803495	0.00362667697482
10.3293201198	-33.3305215374	61.9624230808	0.008250746876	0.00490474049002	0.00404335092753
10.4491139985	-33.3711756662	61.8172297635	0.00834929291159	0.0048408890143	0.00393216079101
9.92854015059	-33.4471899499	61.5457501790	0.00796301849186	0.00472559779882	0.00373987527564
-6.52011825072	-35.4265624179	54.4765627933	-0.00593623286113	0.00160644040443	-0.0018292068271
-6.27302462174	-35.3970423827	54.5819914903	-0.00575503287837	0.00167755887378	-0.00175967207178
-6.61813669221	-35.2844101956	54.9842493013	-0.00602019298822	0.00184502976481	-0.00141258107033
-6.42711020028	-35.2927820295	54.9543498946	-0.00587813323364	0.00184629030991	-0.00144725444261
-6.29354653287	-35.3393007369	54.7882116538	-0.00577539671212	0.00177674624138	-0.00159053027164
-6.79707274130	-35.3025471356	54.9194745159	-0.00615116441622	0.00179982394911	-0.0014557641698
-9.50928401277	-33.1563002911	62.5846418175	-0.00805909093469	0.00510330265388	0.00447157910094
-9.20426991334	-33.1597873915	62.5721878876	-0.00782238412648	0.00510525982827	0.00447642290965
-9.68588274389	-33.2200244308	62.3570556042	-0.00820157583803	0.00499768834561	0.00429435120896
-9.18577404042	-33.2227456919	62.3473368146	-0.00781414378434	0.00500611960888	0.00431029079482
-9.30986001968	-33.2609831355	62.2107745162	-0.00791402161121	0.00494221644476	0.00420299405232
-12.0771755655	-34.8019043034	56.7074846307	-0.0100023308769	0.00235739862546	-2.47910975304e-05
-11.9205672227	-34.7542017254	56.8778509808	-0.00989193096757	0.00244260509498	0.000104381673736
-12.2304600533	-34.6785620358	57.1479927294	-0.010124460794	0.00255410955288	0.000292898592306
-12.0403979819	-34.6919271790	57.1002600749	-0.00998437777162	0.0025398505386	0.000264097412582
-12.2563875205	-34.8155817108	56.6586367473	-0.0101318620145	0.00232689222321	-6.52192611597e-05
-7.31927366125	-36.5012664521	50.6383340998	-0.00636061886325	-0.000284768291749	-0.00470239436254
-7.58445766061	-36.6328334896	50.1684518228	-0.00653536524624	-0.000509087287355	-0.00502298586071
-7.83470779529	-36.4970710383	50.6533177203	-0.00675154058263	-0.000286694063107	-0.00465475860983
-7.87258790242	-36.5759464462	50.3716198349	-0.00676491297781	-0.000418406794779	-0.00485657155514
-7.62222180390	-36.4672253296	50.7599095372	-0.00659695267677	-0.000233196260524	-0.00459200888872
-7.31679679377	-36.5500121752	50.4642422314	-0.0063487761654	-0.000366652442608	-0.0048287245445
-0.836220670656	-31.6616767844	67.9225829127	-0.000873046403285	0.00753522804007	0.00853276439011
-0.556241290787	-31.6635961353	67.9157280882	-0.000642365426756	0.00753166293725	0.00852707307786
-0.92163917272	-31.5956553652	68.1583736956	-0.000940108380746	0.00763733452186	0.00869669858366
-0.432954917725	-31.5887378733	68.1830790239	-0.000537557876669	0.00764672737569	0.00871198344976
1.34443814019	-34.7972713108	56.7240310330	0.00123278959654	0.00352927763015	-0.000115936054499
1.36398290350	-34.6423800072	57.2772142598	0.00122809235472	0.00373890902847	0.000438038521679
1.59649149608	-34.7776507008	56.7941046400	0.00148372317199	0.00351589731872	-3.99245800509e-05
1.60254970671	-34.6577096702	57.2224654637	0.00146870268509	0.00368179101497	0.000384822371416
1.65324317453	-34.7168965765	57.0110836552	0.00152972503565	0.0035931202583	0.000177073612576
1.18664344437	-34.6768429352	57.1541323742	0.00105401780456	0.00371995777823	0.000315491080983
11.2913736510	-34.7947935769	56.7328800824	0.00912587810308	0.00256538181566	4.27839295298e-05
11.0238673982	-34.9256431473	56.2655601881	0.00892800185829	0.00235523749143	-0.00031547958497
10.7459650892	-34.8051273927	56.6959735977	0.00872153230011	0.00255438638851	1.79381859198e-05
10.9648085203	-34.7676574474	56.8297948305	0.00888309534639	0.00261251581833	0.000119878524856
10.8056922794	-34.8932353207	56.3813024260	0.00876658875495	0.00241041067056	-0.000225333569688
4.47896734706	-36.8970861282	49.2246923994	0.00362204550765	-0.000877403712366	-0.00585719803348
4.80510365279	-36.9347778210	49.0900792107	0.0038748299703	-0.000944313767832	-0.00592079060152
4.25066110552	-37.0249483576	48.7680415800	0.00340415537357	-0.0010969726136	-0.0061718262732
4.80346714728	-37.0112975010	48.8167946391	0.00385284330696	-0.00107531214599	-0.00609953328967
4.19197358821	-36.9570696083	49.0104656847	0.00337355514057	-0.000979750300758	-0.00601924303919
3.53683615888	-34.6550995595	57.2317872874	0.00321575556882	0.00333854625933	0.000404302874813
3.59961348012	-34.5741200075	57.5209999731	0.00324991764501	0.00344940181822	0.000663903716486
3.21714126482	-34.5056517710	57.7655293892	0.00290881493129	0.00360887264833	0.00088474835502
3.26186944234	-34.6715228289	57.1731327538	0.00298724765889	0.00336071196944	0.000348599249264
3.44853806932	-34.5314495432	57.6733944885	0.00311251007952	0.00353546207771	0.000800322042778
3.11185717165	-34.6109320154	57.3895285165	0.00284512666985	0.00347665604204	0.000545742572285
3.07932292919	-34.5608252209	57.5684813539	0.00280453334562	0.00355396675877	0.000708652718458
-11.1586095831	-34.4557577086	57.9437224693	-0.0093516074121	0.00296119321138	0.000920403748751
-11.7100923946	-34.4283633699	58.0415593932	-0.00975899305195	0.00298615428619	0.000972964975517
-11.7502143532	-34.4945878716	57.8050433156	-0.00978498347104	0.00287593249232	0.000795429805294
-11.4333162701	-34.4143911967	58.0914600119	-0.00955562666059	0.00301876245067	0.00102088111453
-11.5671947778	-34.5275224182	57.6874199351	-0.00964859407395	0.00282865436748	0.000714674999472
-11.4096296461	-34.5383269947	57.6488321619	-0.00953227840364	0.00281695602462	0.000691458000802
-0.999346668413	-38.0388407316	45.1469973870	-0.000973849731963	-0.00278261792846	-0.00864652264863
-1.27309036797	-38.0452354317	45.1241591725	-0.00119635951705	-0.00279339007102	-0.00866180844605
-1.27786657244	-37.9133794437	45.5950734152	-0.0012152075069	-0.0025847342331	-0.00836977828294
-0.982309710525	-37.9078535817	45.6148086367	-0.00097330857534	-0.00257513532415	-0.00835707969964
-1.39223911007	-37.9910559206	45.3176574265	-0.00129990279675	-0.00270821270533	-0.00854185037315
-2.11265571224	-36.1150257802	52.0177650706	-0.00219309492968	0.000633105344605	-0.00418522814289
-2.03958704655	-36.0435692485	52.2729669695	-0.00214301934466	0.000788569275755	-0.00400863913819
-1.73516462163	-36.0211188936	52.3531468085	-0.00186677125748	0.000854722573422	-0.0039775185287
-1.64059742287	-36.1550944545	51.8746626624	-0.00175165489782	0.000571116397623	-0.00432422058657
-1.90397866989	-36.1556550116	51.8726606729	-0.00199382589199	0.00055822764989	-0.00430556992069
3.95371124802	-37.3276596584	47.6869297916	0.00309335114434	-0.00160885090008	-0.00687965378165
4.03625328733	-37.1574644000	48.2947700001	0.0031983978115	-0.00132267875597	-0.00649056304246
4.36961272342	-37.2645761679	47.9122279717	0.00344064412639	-0.00150268373545	-0.00670912489295
3.74429122127	-37.2663454354	47.9059091594	0.00293793901801	-0.00150667515118	-0.0067569501698
3.81808541617	-37.1986972688	48.1475097544	0.00301234889776	-0.00139251013752	-0.00659951614216
4.19415290773	-37.3057859959	47.7650500145	0.00329071260057	-0.00157180347014	-0.00681391777471
6.09924098933	-37.2661637901	47.9065578926	0.00479833129793	-0.00150117231533	-0.00660798093304
5.87602901343	-37.3788450912	47.5041246744	0.00459162006155	-0.00168628024403	-0.0068741813302
6.10016247005	-37.4157375713	47.3723658167	0.00475302152336	-0.00174534216058	-0.0069473949261
6.30847359677	-37.3789898156	47.5036078013	0.00492443656549	-0.00168480642606	-0.00685647968203
6.30210787646	-37.3068390676	47.7612890444	0.0049421642907	-0.00156718504149	-0.00669230008498
-4.15226147554	-36.2106804416	51.6761412799	-0.00393326953053	0.000334374664817	-0.00422821333632
-4.45668390045	-36.2331307965	51.5959614410	-0.00417747395113	0.000277741259197	-0.00425587780774
-4.02054775536	-36.3500987751	51.1782186603	-0.00378819159232	7.88108736742e-05	-0.00460140407085
-4.31990293894	-36.3721503006	51.0994632123	-0.00403001299128	2.64555928879e-05	-0.00462888134643
-3.95732016463	-36.2725852135	51.4550528089	-0.00375546771102	0.000226826246944	-0.00440877582878
-7.45490434531	-34.4033278196	58.1309720729	-0.00661658821627	0.00323313451372	0.00114829151426
-7.14861429248	-34.2559439767	58.6573429404	-0.00637067575008	0.00348843960091	0.00157155736815
-7.00519019832	-34.3615629052	58.2801324816	-0.00627488736063	0.00333341863006	0.00127397384495
-7.19794318877	-34.4011096012	58.1388942816	-0.00642403401434	0.00325582269579	0.00115825748071
-7.43367124855	-34.2712993819	58.6025022074	-0.00658748857677	0.00344369676895	0.00152203044854
-6.94200630200	-34.3027282480	58.4902562571	-0.00622015167028	0.00343093764968	0.00144292379264
0.368105437653	-38.0572182244	45.0813634843	0.000141166121466	-0.00280648935586	-0.00866571068764
-0.0711173169887	-38.0524594010	45.0983592821	-0.000216143816942	-0.00280089350417	-0.00866501498967
0.368071822755	-37.9839388073	45.3430756882	0.000137311086291	-0.00269103818573	-0.00850503891706
-0.0155061081753	-37.9102402490	45.6062848251	-0.000180037750397	-0.00257567875087	-0.0083517357707
0.167965982991	-38.0733349584	45.0238037201	-2.03756480914e-05	-0.00283267092891	-0.00870588142425
0.215241646862	-37.9383680016	45.5058285658	1.03229931483e-05	-0.00261949165724	-0.00840875413269
-7.47927103884	-35.9706387698	52.5334329651	-0.00657739164308	0.000611513038166	-0.00328337354586
-7.21322599753	-35.8725832197	52.8836313582	-0.00639446033165	0.00079069507774	-0.0030348401051
-7.72958305413	-35.8754149196	52.8735181444	-0.00677681853995	0.000764067575801	-0.0030074371025
-7.37475395355	-35.8394486949	53.0019689467	-0.0065193483606	0.000840403081384	-0.0029326279182
-7.68143268848	-35.9345628049	52.6622756969	-0.00673285732046	0.000665353087243	-0.00317161297426
-7.56440841276	-35.8325001455	53.0267851947	-0.00666069239378	0.000843979185447	-0.00290083931759
-3.73249454425	-33.4928504450	61.3826769820	-0.00349590927362	0.00486378418282	0.00382253550924
-4.09655106903	-33.3703502189	61.8201777895	-0.00377613399178	0.00500869937241	0.00413723196834
-3.59287960932	-33.4312653834	61.6026236309	-0.0033657818567	0.00495488848537	0.00399361085147
-4.08119553899	-33.4363420589	61.5844926468	-0.0037764441222	0.00491891847923	0.00396101409569
-3.95848623755	-33.4826053403	61.4192666419	-0.00368341780268	0.00486334087327	0.00384127534926
-10.8184099903	-33.7139444140	60.5930556642	-0.009098675102	0.00417679361999	0.00292351841927
-10.3817828710	-33.6460026272	60.8357049029	-0.00876463577151	0.0042981095612	0.00312561565079
-10.8396662622	-33.5764271165	61.0841888695	-0.00910979509354	0.00439845025539	0.00329044903629
-10.5489045322	-33.5765987333	61.0835759524	-0.00888840481639	0.00440530106425	0.00330359814689
-10.9527716744	-33.6388582101	60.8612206783	-0.00919807329774	0.00429484853521	0.00311822094955
-4.78906522177	-33.9275136229	59.8303084895	-0.00446853181347	0.00418393453583	0.00257614604197
-5.06991339323	-33.9024557345	59.9198009481	-0.00468972837552	0.0041943625547	0.00263651111163
-5.04771195716	-33.7726883915	60.3832557446	-0.00464325025678	0.00438178237528	0.0030011641793
-5.17368064435	-33.8353741483	60.1593780420	-0.00475852098316	0.00428187148646	0.00282116769813
-4.60297280868	-33.8752981374	60.0167923664	-0.00430492218584	0.00427443161607	0.00273117306642
11.4255780289	-34.6686290463	57.1834676919	0.00922322459519	0.0027687472757	0.000388062471757
11.8366403684	-34.7829757159	56.7750867288	0.00953116826713	0.00258144619875	7.02329343767e-05
11.2242560422	-34.7138940128	57.0218070972	0.00907460507005	0.00269706943072	0.000265707174549
11.8424593685	-34.7205433622	56.9980594207	0.00953484885395	0.00268257083371	0.000241215340793
11.6553665934	-34.6706543567	57.1762344405	0.00939444545656	0.00276410090737	0.000380013923859
1.15779402664	-31.6511399187	67.9602145762	0.000768481404521	0.00754108373076	0.00854204129428
1.43819712421	-31.6837294433	67.8438234166	0.000998101895675	0.00748857064173	0.00845729093999
1.08296802330	-31.5841305028	68.1995339186	0.000708231003955	0.00764477532357	0.00870885327458
1.57141862883	-31.5950294105	68.1606092482	0.0011081249686	0.00762328505516	0.00867465510964
-3.26327322569	-38.1268386800	44.8327190001	-0.00279724923894	-0.00292300130241	-0.00882924254984
-2.92031970749	-38.2281733286	44.4708095408	-0.00250394572504	-0.00308099715039	-0.00906372163445
-3.16473742570	-38.2024347764	44.5627329414	-0.00270473049022	-0.00304086809047	-0.00900251045823
-2.67995925781	-38.0991716657	44.9315297654	-0.00233154534362	-0.00287990737706	-0.00877485983074
-3.15774543943	-38.0685188759	45.0410040147	-0.00272254273295	-0.00283179315738	-0.00869856029749
-2.88761568270	-38.0536628784	45.0940611487	-0.00250695249997	-0.00280855759047	-0.00866934284568
-6.62890253410	-32.7417513845	64.0651736269	-0.00573612935841	0.00582455471158	0.00568682234734
-6.71318399870	-32.8789498874	63.5751789736	-0.0058228415437	0.0056127733551	0.0053260945715
-6.81604731345	-32.8103333901	63.8202378925	-0.00589563837275	0.00571459438652	0.00550081301481
-6.47977491386	-32.8581730471	63.6493819745	-0.00563265290111	0.00565139902756	0.0053899558261
-6.3532252275	-32.8271265666	63.7602622620	-0.00552643509582	0.00570225389674	0.00547597650439
-8.92425102620	-33.7865922798	60.3335990008	-0.00766644207761	0.00412448588759	0.00281077693217
-9.23705375630	-33.8590826208	60.0747049255	-0.00790961831808	0.00399659806862	0.00260181026533
-9.01334185901	-33.7190144378	60.5749484363	-0.00772827584296	0.00422765593976	0.00298980297521
-9.44613733337	-33.7479693545	60.4715380197	-0.00805998127908	0.00416517350823	0.00289333448745
-9.41291828348	-33.8124239626	60.2413429908	-0.00803940277547	0.00406384421512	0.00272082374431
-9.03818706273	-33.8327854529	60.1686233826	-0.00775692099705	0.0040465798229	0.00268102553673
-7.25365793909	-33.2854060185	62.1235499339	-0.00631174771115	0.00497410679236	0.00423087459058
-7.45041783700	-33.1720647143	62.5283403062	-0.00645071780309	0.0051401280798	0.00452323677018
-7.02643460068	-33.1548230299	62.5899177502	-0.00611275015399	0.00518214842305	0.00458757160231
-7.01573802792	-33.2297947873	62.3221614740	-0.0061154756695	0.00506852893159	0.00438928091899
-7.42784044490	-33.2263166981	62.3345832212	-0.00644052773714	0.00505768600851	0.00438034068793
-7.28199915186	-33.9123672866	59.8844025479	-0.00642660167068	0.00401297258213	0.00252902554348
-6.67486216601	-33.9257920001	59.8364571424	-0.00596016645432	0.00403263047338	0.00251303706318
-6.74504580458	-33.8343807204	60.1629259984	-0.00599960470572	0.0041667134501	0.00276418938302
-7.04578675959	-33.8166530116	60.2262392441	-0.00623019691557	0.00417457474396	0.00280181341805
-7.24041450379	-33.8538945357	60.0932338010	-0.00638618413359	0.00410554930568	0.00269194226712
-7.15522581229	-33.9739303687	59.6645343975	-0.00633803755045	0.00392617518082	0.00236267084256
-8.31986209138	-33.2486216124	62.2549228128	-0.00714298058301	0.00499146804214	0.00428112968802
-8.75500121998	-33.2584229521	62.2199180281	-0.00748311728239	0.0049622701481	0.00423529837281
-8.57423283835	-33.2310784781	62.3175768640	-0.00733935693279	0.00501074269414	0.00431618979201
-8.69065611253	-33.3078357421	62.0434437782	-0.00743848271668	0.00488668819889	0.00410677306354
-8.35135282104	-33.3244223111	61.9842060316	-0.00717655709013	0.00487213535234	0.00407795468345
-4.72417582853	-37.7748731008	46.0897389258	-0.00403870409355	-0.0023658121936	-0.00798054225743
-5.04151145994	-37.6707652438	46.4615527007	-0.00431450502947	-0.00219910172746	-0.00772430049255
-5.17286770794	-37.7748542022	46.0898064207	-0.00439634500071	-0.00236499169841	-0.00796314887702
-4.81038791511	-37.7042423356	46.3419916586	-0.00412269961089	-0.00225293450058	-0.00781242689118
-5.14687783273	-37.7145042193	46.3053420738	-0.00438887439668	-0.00226891809143	-0.00782250612974
6.60901300772	-33.5496297985	61.1798935767	0.00541447941214	0.0046560773626	0.00354962632991
6.04818243309	-33.6097129691	60.9653108246	0.00498472806066	0.00459483778104	0.00340491556562
6.11062104279	-33.5286965752	61.2546550887	0.0050153657794	0.00470945192501	0.00362208811566
6.39366535253	-33.5058030348	61.3364177329	0.00523458234966	0.00472990050912	0.00367453997023
6.30404468357	-33.6353744409	60.8736627112	0.00519348308444	0.00454437406734	0.0033268511761
-7.76510501285	-36.1405808543	51.9264969489	-0.00676301913336	0.000313273631036	-0.00372074125335
-7.77578343678	-36.0702032013	52.1778457096	-0.00678229657933	0.000431971740909	-0.00353154703043
-8.21097935419	-36.1655645641	51.8372694138	-0.00709041347727	0.000259348744294	-0.00375755643472
-8.19884210645	-36.0206362012	52.3548707101	-0.00710285268724	0.000502514070831	-0.00337074231356
-8.34482237735	-36.1201460521	51.9994783853	-0.00719632115215	0.000331914459821	-0.00362808164209
-7.94891958889	-36.1803707205	51.7843902838	-0.00689340662211	0.000241159184952	-0.00381423486397
-7.97794508642	-36.0341272364	52.3066884414	-0.00693772407249	0.000486570352223	-0.0034211112652
3.17852433263	-33.3711221716	61.8174208158	0.00257104518823	0.00507557811216	0.0041534435004
3.02216296488	-33.4334139592	61.5949501456	0.00245067477226	0.00500231143087	0.00399403925985
2.76640963343	-33.4312605864	61.6026407629	0.00223094341345	0.00501737231389	0.00400917697698
2.61013214027	-33.3628829001	61.8468467853	0.00208350340836	0.00511136930436	0.00419564871117
3.02619145053	-33.3255789058	61.9800753365	0.00243253819644	0.00514180306345	0.00427922746167
1.97596680991	-33.4186947518	61.6475187436	0.00154259940609	0.00506657967344	0.00406874949113
1.72021347846	-33.4165413790	61.6552093609	0.00131779140793	0.00507819931954	0.00408175773919
1.56393598530	-33.3481636927	61.8994153832	0.0011714551365	0.00516663072631	0.00426567113027
2.07544264821	-33.3524704384	61.8840341486	0.0016191105824	0.00514517119154	0.00424031866714
1.95820673899	-33.3020339552	62.0641644458	0.00150978018064	0.00521232979372	0.00437593506649
0.514554246302	-33.3329264760	61.9538340141	0.000243061134825	0.00520420260727	0.00432444317266
0.670831739462	-33.4013041623	61.7096279918	0.000385690189432	0.00512069882825	0.00414347089827
0.95295348409	-33.4100812604	61.6782812128	0.000637743156403	0.0051058800891	0.00411604251713
1.05242932239	-33.3438569470	61.9147966178	0.000720314332284	0.00518375867978	0.004287999589
0.868851908885	-33.2765499601	62.1551787138	0.000553194724489	0.00526899611577	0.00446659792215
1.78165373932	-33.9586356956	59.7191582300	0.00147135695443	0.0044483076781	0.00259396620095
1.69985091940	-33.8923680697	59.9558283226	0.00138203811366	0.00452691456303	0.00278565939516
1.83756407205	-33.8268153168	60.1899452972	0.00149386329576	0.00459147756919	0.00296574924141
2.12211090256	-33.8284520084	60.1840999701	0.0017508091405	0.00457102712244	0.0029513805639
2.26785310660	-33.8847366577	59.9830833655	0.00189468183089	0.00449509732425	0.00278750876896
1.99296813344	-33.9681008809	59.6853539966	0.0016669165343	0.00442150235176	0.00255947792903
-1.73828143592	-34.3951131252	58.1603102670	-0.00194701983128	0.0039602550678	0.00127121747937
-1.25191973795	-34.3427588730	58.3472897393	-0.00146560382564	0.00407826714218	0.00145038787741
-1.12483255224	-34.4070096321	58.1178227425	-0.0013517763	0.00402559293434	0.00124390027486
-1.29988219813	-34.4722679096	57.8847574657	-0.00153749261517	0.00393470097333	0.00102455855813
-1.58200394276	-34.4634908115	57.9161042447	-0.00181244197302	0.00390532473102	0.0010497624753
-1.43295913966	-34.3300496397	58.3926798583	-0.00163937662728	0.00407101819292	0.001487227506
-0.571874224793	-34.9506972624	56.1760812057	-0.000828432443086	0.0033728661947	-0.000699889089447
-0.43363504622	-34.8868453805	56.4041236412	-0.000676476047374	0.00349138351157	-0.000463340693386
-0.419517380162	-35.0139077224	55.9503295628	-0.000662566279061	0.00327034620568	-0.00093873689184
-0.173316668955	-34.8906643957	56.3904843011	-0.000391339126509	0.00349840312265	-0.000480133545352
-0.0471544288372	-34.9530220287	56.1677784690	-0.000252397672739	0.00339597719721	-0.000714545778465
-0.168342683746	-32.5385189135	64.7910038803	-0.00035139566171	0.00624424451962	0.00635108631104
0.302226515022	-32.5398174516	64.7863662444	4.61788440589e-05	0.00624206196517	0.0063451952301
0.234720394263	-32.6068611713	64.5469243884	-1.13665510071e-05	0.00614917371422	0.0061777937226
-0.0137046317224	-32.4762740445	65.0133069841	-0.000219501453103	0.00633154064417	0.00650607515126
0.244706816399	-32.4816356574	64.9941583663	-1.81776806585e-06	0.00632364628837	0.00649108644575
1.39786242694	-31.9742911869	66.8061029039	0.000962527701631	0.0070509146899	0.00773867825046
1.32509343453	-32.0960930930	66.3710960966	0.000902089290321	0.00687160622329	0.00743782939389
1.77688770885	-32.0553554247	66.5165877691	0.00127544195857	0.00692703248933	0.00753139518201
1.23967493246	-32.0300716738	66.6068868794	0.000831561512314	0.00696963258088	0.00760283134878
1.59793002725	-32.0964347648	66.3698758400	0.00112787995022	0.00686849793419	0.00743257952854
-4.39311086864	-31.9404396381	66.9270012924	-0.00382180791348	0.00709186447784	0.00780326733366
-4.49271577191	-31.8658062203	67.1935492133	-0.0038957556244	0.00720698013902	0.00798926316202
-4.90041589938	-31.8990566381	67.0747977212	-0.00423206016421	0.00715191150084	0.0078966608271
-4.57312132432	-31.9924369670	66.7412965465	-0.00397445028648	0.00700975488871	0.00766825070605
-4.72596877116	-31.8691144545	67.1817340912	-0.00408662529662	0.00720004877076	0.00797607284039
-0.168107197198	-31.9526591376	66.8833602229	-0.00033330367296	0.00709230592474	0.00780888460577
0.181784030386	-32.0209587802	66.6394329279	-4.51691594208e-05	0.00698956195265	0.00763728888705
-0.261742918589	-32.0824237526	66.4199151693	-0.000415758957388	0.00689974566922	0.00748747494072
-0.329236419367	-32.0129226680	66.6681333287	-0.000469268590678	0.00700276531279	0.00766020733863
0.00272980693075	-32.0847019760	66.4117786571	-0.000195794127649	0.00689589558169	0.00748044066131
2.64618190623	-37.1107061878	48.4617636149	0.00206470186822	-0.001241276972	-0.00648124422878
2.23369227598	-37.1971151978	48.1531600077	0.00170655979309	-0.00139019684866	-0.00669994438067
2.67897326847	-37.2456267565	47.9799044412	0.00207032379694	-0.00147280411329	-0.00678179878742
2.39933800939	-37.2488253279	47.9684809716	0.0018378472887	-0.00147853163071	-0.00680580222979
2.79538494051	-37.1649424621	48.2680626354	0.00217989482917	-0.0013348920038	-0.00659365952015
-3.33776008488	-34.0400693242	59.4283238422	-0.00328994495794	0.00418027117848	0.00230708229356
-3.83506889765	-34.0479856531	59.4000512388	-0.00371281499974	0.00411433586851	0.00226546917111
-3.49252789293	-33.9950709050	59.5890324821	-0.00341021432541	0.0042216964066	0.00243198871613
-3.45413193401	-34.1062011105	59.1921388909	-0.00340672396123	0.00408087251708	0.00210863328539
-3.69804968724	-34.1074699444	59.1876073414	-0.00361333042383	0.00405020825565	0.00209621642716
11.2679093443	-36.0923287706	52.0988258194	0.00899471435696	0.000445359473815	-0.00349163892679
10.6532192113	-36.1095842033	52.0371992739	0.00853746011853	0.000415807851823	-0.0035433950834
11.0420115407	-36.0394394597	52.2877162152	0.00883750803769	0.000531324127223	-0.00335157592781
11.2101809804	-36.1583461284	51.8630495413	0.00893943198025	0.000337244709954	-0.00366837345064
10.7729263031	-36.0448739238	52.2683074150	0.0086379237473	0.000522139947861	-0.00336880004033
3.78079886580	-37.9098174768	45.6077947256	0.00285964924842	-0.00255371700041	-0.00817523803562
3.80177088408	-37.9905976073	45.3192942596	0.0028697301168	-0.00268090958707	-0.00835094321519
4.07339858589	-37.8827823307	45.7043488188	0.0030870384071	-0.0025084761437	-0.00809496175498
4.05678475240	-38.0191879347	45.2171859473	0.00306299771182	-0.00272380094975	-0.00839527603239
4.25157292573	-37.9793561852	45.3594421957	0.00321339280345	-0.00265952921472	-0.00829352997243
2.53987112018	-31.8009060312	67.4253356028	0.001899650204	0.00729717640206	0.00814748276025
2.32818060016	-31.8600077929	67.2142578824	0.00172710756306	0.00721107888967	0.00800528097898
1.87868318818	-31.7689940982	67.5393067920	0.00135868752841	0.00735406018794	0.00823904201388
2.4230148128	-31.7153394022	67.7309307063	0.00180366146378	0.00742864282802	0.00836174562573
2.22280111473	-31.6850289884	67.8391821841	0.00164017395582	0.00747756985947	0.00844062212855
2.01190469281	-31.6802940654	67.8560926236	0.00146789092105	0.00748747074977	0.00845621433109
-3.68785459655	-36.6178574912	50.2219375316	-0.00344443949871	-0.000403478421504	-0.00530048692599
-3.86339034705	-36.4838061022	50.7006924921	-0.00362368742935	-0.000163253818755	-0.00495373643935
-4.16274553062	-36.5058576276	50.6219370441	-0.0038669698406	-0.000212879022001	-0.00498199928552
-3.97093111742	-36.6317118223	50.1724577774	-0.00367741123773	-0.000435458787251	-0.00531119154766
-4.20453336711	-36.5770190465	50.3677891196	-0.00388400722295	-0.000342881074175	-0.00515602389351
-3.01120172003	-36.4230153501	50.9178023209	-0.00291524268687	-2.10738162423e-05	-0.00487772515044
-2.84414630163	-36.5522481546	50.4562565907	-0.00274178269319	-0.000260503904428	-0.00520750228316
-2.73032445775	-36.4098878597	50.9646862155	-0.00267470814288	1.37912766149e-05	-0.00486897164956
-2.56456769441	-36.5339684998	50.5215410721	-0.00250315968879	-0.000218584638787	-0.00518394913524
-2.52144573119	-36.4620558961	50.7783717998	-0.00248060142621	-8.00398483989e-05	-0.00501301186159
-10.4124775589	-36.6167693805	50.2258236410	-0.00865150801837	-0.000503066112287	-0.00482072960585
-10.5352825188	-36.5627969619	50.4185822789	-0.00874981749803	-0.000416993250838	-0.00467477552593
-10.3901168169	-36.4918333652	50.6720236957	-0.00865218415856	-0.000303036998957	-0.00449609616771
-10.0127444110	-36.5500890233	50.4639677738	-0.00836538244039	-0.000395031471271	-0.00466566719115
-10.1468805536	-36.6067343099	50.2616631791	-0.00845634564757	-0.000486473873025	-0.00480668572709
-10.1386559472	-36.4890239425	50.6820573481	-0.00846706796438	-0.000297416670946	-0.00450044637546
-11.2182285055	-33.8222695610	60.2061801394	-0.00940325111151	0.00399095658213	0.00261493818834
-11.2082013260	-33.7557178427	60.4438648474	-0.00939459353685	0.00409929361194	0.00279359286651
-11.0008964406	-33.8697574337	60.0365805938	-0.00924029946327	0.00391964614391	0.00249763927422
-11.0912115375	-33.7102374259	60.6062949073	-0.00930511765182	0.00417591724545	0.00292077357881
-10.7258182131	-33.8519559748	60.1001572329	-0.00903281290084	0.0039562927559	0.00255778548308
7.21920660864	-36.3734494487	51.0948233976	0.00591909093782	-1.8609015342e-06	-0.00436442624778
7.19311297678	-36.2972956908	51.3668011043	0.00591866252944	0.000129284875584	-0.00416804244742
6.95050180078	-36.2618805294	51.4932838234	0.00574270635843	0.000194873588043	-0.00409122370183
6.75598635223	-36.3768139217	51.0828074227	0.00556416250765	-4.97749226724e-07	-0.00440312502906
6.73327025555	-36.3011936661	51.3528797640	0.00556645682082	0.000131021850393	-0.00420876406133
7.65366965637	-36.0412436891	52.2812725388	0.00632612407207	0.000560280110221	-0.00346219632775
7.90772032366	-35.9367545770	52.6544479394	0.00653741043061	0.000733344524633	-0.00316661619581
8.14613384453	-36.0665292108	52.1909671043	0.00668962812051	0.000507256772835	-0.00350396288559
8.22361792645	-36.0074981230	52.4017924178	0.00675941351801	0.000606124929618	-0.00334182451479
7.74127196803	-35.9749683898	52.5179700365	0.00640544341877	0.000671924557537	-0.00327887688763
8.10484049045	-35.9603636931	52.5701296675	0.0066800317727	0.000688627536874	-0.00322050903924
-2.89837527680	-34.3454427337	58.3377045225	-0.00299236434512	0.00384530983865	0.0014005296398
-2.74734350212	-34.2925803876	58.5264986156	-0.00284517672844	0.00393500225618	0.00156920135487
-2.92251453584	-34.2242161630	58.7706565608	-0.00298044504598	0.00399651378393	0.00177344714757
-3.18687836926	-34.2271922545	58.7600276624	-0.00321058928967	0.00395704712719	0.00175587809645
-3.29195761171	-34.2759997515	58.5857151731	-0.00331389624625	0.003878606949	0.00160414737184
-3.09009155277	-34.3532161565	58.3099422982	-0.00316116050817	0.00380597729236	0.00137136795092
-2.24435227301	-33.7282674974	60.5419017948	-0.00226055644453	0.00466455658898	0.00323408911936
-1.73658689962	-33.8110131112	60.2463817456	-0.00182047940325	0.00460274610668	0.0030196052976
-1.58343532702	-33.7675070322	60.4017605992	-0.00167409260757	0.00466137984768	0.00314500881359
-2.05276906767	-33.7932569416	60.3097966373	-0.00210244697519	0.00460134632885	0.0030596840661
-2.10839240751	-33.6674120992	60.7592425030	-0.002128403401	0.00474613718688	0.00340588157997
-1.55001983623	-33.7097561353	60.6080138027	-0.00163491035346	0.00472876243293	0.00330527173355
9.15400061735	-33.0940931549	62.8068101609	0.0073039396666	0.00527653703466	0.00469729676843
9.12721040439	-32.9511844965	63.3171982269	0.0072569064796	0.00549425138161	0.00507471850142
9.44721435361	-33.0861898128	62.8350363829	0.00752903474495	0.00528652919456	0.00471182120964
9.45170901971	-32.9645241460	63.2695566213	0.00751046510413	0.00547253433615	0.00503284903243
9.60219871818	-33.0238622031	63.0576349889	0.00763748213649	0.0053813001141	0.00487324269488
6.27167733260	-36.5155977548	50.5871508757	0.00515230698511	-0.000233341022977	-0.00479150190949
6.21927087913	-36.6006605015	50.2833553516	0.00508767133579	-0.000379841687391	-0.00500872917473
6.69694518865	-36.5921527555	50.3137401588	0.00545995449647	-0.00037030808744	-0.00495529128239
6.50575520350	-36.4862687673	50.6918972597	0.00534185161814	-0.000185916447663	-0.00470060296357
6.46526001831	-36.6278101281	50.1863923998	0.00527095794678	-0.000429159146734	-0.00505964178592
-4.28307443425	-37.4908504577	47.1041055083	-0.00374376447871	-0.00190778076649	-0.00733818346635
-4.03673652051	-37.5380630372	46.9354891529	-0.00353431748226	-0.00198435154743	-0.00745900301263
-4.51115362577	-37.5376289939	46.9370393076	-0.00391811178997	-0.00198434968479	-0.00743656698614
-4.45579916235	-37.6183735831	46.6486657746	-0.00385646009818	-0.0021150407847	-0.0076272119768
-4.25437090732	-37.6357182024	46.5867207059	-0.00369049259461	-0.00214295485057	-0.00767595460638
-3.28715441041	-37.8276127417	45.9013830654	-0.00286999484524	-0.00245072809048	-0.00814904924482
-3.35334911125	-37.6764201387	46.4413566474	-0.00295130908489	-0.00220794556662	-0.00780296931043
-3.51656539325	-37.8262424775	45.9062768660	-0.00305632944219	-0.00244856532663	-0.00813959538937
-3.12366044711	-37.7178460305	46.2934070339	-0.00275637605228	-0.00227455096319	-0.00790428556502
-3.09415016257	-37.7939658739	46.0215504503	-0.00271896575578	-0.0023968454916	-0.00807774718851
-3.65259828353	-37.7755298695	46.0873933234	-0.00317607726902	-0.00236754794605	-0.00801968574524
-11.5794905344	-35.3630627533	54.7033473097	-0.00960295367986	0.00147601438221	-0.00148367183283
-11.3745072078	-35.2593564298	55.0737270364	-0.00945997517556	0.00164995912928	-0.00121433287859
-11.8578380627	-35.3400507886	54.7855328978	-0.00980558432639	0.00150105252396	-0.0014193947427
-11.6334458478	-35.2241775019	55.1993660648	-0.00964925996959	0.00169523037039	-0.00112007802818
-11.8813389353	-35.2699463486	55.0359058978	-0.00982624385506	0.00161114998627	-0.00123733037617
9.14270162363	-36.5188289929	50.5756107397	0.00732632866129	-0.000259361258941	-0.00465437676758
9.41324622593	-36.4806496991	50.7119653605	0.00753723876551	-0.000196127279196	-0.00454775290564
9.10009019234	-36.3932657663	51.0240508348	0.00732631795108	-5.10097634105e-05	-0.00432877056301
9.39537329287	-36.4077769695	50.9722251090	0.00754208257422	-7.5621988799e-05	-0.0043579894118
-7.59779519259	-35.5858070163	53.9078320845	-0.00671484135091	0.00126340100542	-0.00221608765423
-7.69001133431	-35.4698841414	54.3218423521	-0.00679303333163	0.001455566613	-0.00188659643754
-7.45684750704	-35.4348128517	54.4470969583	-0.00662564579397	0.0015286616981	-0.00179952627514
-7.221343642	-35.5482529170	54.0419538678	-0.00644236290827	0.00134866731241	-0.00213263370097
-7.75045642166	-35.5488824575	54.0397055089	-0.00683011766523	0.00131823588163	-0.00210468610749
-7.41645812772	-35.5934673999	53.8804735718	-0.00658101774752	0.00126001867466	-0.00224796286784
1.18321013152	-36.5532380513	50.4527212453	0.00087676208932	-0.000214987187064	-0.0052917371504
0.658844631263	-36.5798916669	50.3575297612	0.000400375720346	-0.000264140893705	-0.00537365721539
1.02720078076	-36.6803443727	49.9987700974	0.000723727978766	-0.00045825887355	-0.00559159461409
0.779268931353	-36.6568362081	50.0827278282	0.000503763672896	-0.0004127418797	-0.00554669974372
1.17341504294	-36.6188162951	50.2185132317	0.000860599509906	-0.000341668113833	-0.00544390408322
-6.16675080563	-33.1149898275	62.7321791875	-0.00542033324018	0.00527580361813	0.0047298502177
-6.59494865145	-33.1326434511	62.6691305317	-0.00576600432396	0.00523235509172	0.00466496078297
-6.58425207869	-33.2076152085	62.4013742555	-0.00576924718916	0.00511982431635	0.00446696951985
-6.17606182194	-33.1859026309	62.4789191754	-0.00543938530609	0.00516965053976	0.00454207416624
-6.38888709413	-33.0894150547	62.8235176616	-0.00559447286651	0.00530539732426	0.0047878343612
-4.44655386451	-34.9254468487	56.2662612546	-0.00437845941633	0.00271349283867	-0.000436829053797
-4.89804004024	-34.8837218582	56.4152790778	-0.00472778920084	0.00271805142984	-0.000289511546725
-4.60343700590	-34.8682256266	56.4706227620	-0.00449769245461	0.00278619164601	-0.000251043122262
-4.79527058971	-34.9986015130	56.0049945965	-0.00465314462781	0.00253711873665	-0.000650224799756
-4.91156766206	-34.9493539154	56.1808788736	-0.0047416142188	0.00260539446026	-0.000492333841976
8.32549194190	-32.6965290777	64.2266818655	0.00658867461607	0.00588219286874	0.00575674511492
8.73481159906	-32.8146239861	63.8049143352	0.00692775752395	0.00570286577567	0.00544085260481
8.40619735960	-32.8313486719	63.7451833146	0.00667542545125	0.0056801722385	0.00540388841182
8.77119150260	-32.7283240241	64.1131284855	0.00694068381563	0.00583238899708	0.00566534372047
8.60319456954	-32.6799015107	64.2860660331	0.0068017593585	0.00590555183589	0.00579459825531
5.8706810141	-37.1519391536	48.3145030230	0.00465531647205	-0.00131292990409	-0.00635655550286
5.37098443031	-37.0769417767	48.5823507975	0.00428548594937	-0.00118760159239	-0.00621286500245
5.6365546893	-37.0368575146	48.7255088765	0.00450591882691	-0.00112046767026	-0.00610243016854
5.39313273058	-37.1532187343	48.3099330917	0.0042812731117	-0.00131546368357	-0.00638767238706
5.88037488700	-37.0750342204	48.5891634987	0.00468558445573	-0.00118471030146	-0.00617700209841
5.82624778701	-36.4969932498	50.6535955364	0.00480939121917	-0.000193977437448	-0.00477825291455
5.77384133353	-36.5820559965	50.3498000124	0.00474430993199	-0.000341897975886	-0.00499521708116
5.34938837560	-36.5504297224	50.4627509915	0.00441728066653	-0.000279972678982	-0.00495046935976
5.34368889896	-36.4735708738	50.7372468792	0.00443432852626	-0.000143753903103	-0.00475895078853
5.53533954688	-36.5870761889	50.3318707540	0.0045546120964	-0.000347285327734	-0.00502634560689
0.701264981154	-33.5292824367	61.2525627261	0.000421570875915	0.00497048487887	0.00380443176255
0.983386725782	-33.5380595348	61.2212159471	0.000676668365486	0.00495491502807	0.00377635331824
0.958719071674	-33.6699652438	60.7501241294	0.000668065506034	0.00480582844466	0.00342159415595
0.567452103448	-33.5831327718	61.0602401008	0.000304020650219	0.00491103902459	0.0036622309126
0.70355935124	-33.6357705366	60.8722480835	0.000431817868957	0.00484977848828	0.00351865892299
0.0976425717825	-34.6578471598	57.2219744293	-9.76294832071e-05	0.00382707570679	0.000381595891668
-0.0202170484806	-34.7119812484	57.0286383985	-0.00022405089112	0.00375992874615	0.000184602744412
0.303825725898	-34.7853393720	56.7666451000	0.000129594598548	0.00365607300773	-8.58322891872e-05
0.0831760860308	-34.7770617184	56.7962081485	-0.000110892215162	0.00367270829156	-5.56202321604e-05
0.357265381976	-34.6768316833	57.1541725597	0.000181786410394	0.0037972885184	0.000312917341944
0.231851952471	-35.6452231835	53.6956314874	4.34201829194e-05	0.0018167947419	-0.00305209541693
0.0905744350625	-35.7146555497	53.4476587510	-0.000104428443592	0.00164455384947	-0.00325018190779
0.543180633092	-35.7564215058	53.2984946222	0.000356235104846	0.00153471773956	-0.0033538530115
0.286958420243	-35.7698553155	53.2505167302	9.49052846408e-05	0.00150724488776	-0.00339855556376
0.439416799119	-35.6675302968	53.6159632255	0.000257403444266	0.00175690662581	-0.00311028328724
3.94460731519	-37.6043124968	46.6988839401	0.00303003727458	-0.00206347508356	-0.0074932272546
4.13708092478	-37.7329823350	46.2393488037	0.00315733905882	-0.00226928386837	-0.00776213407516
4.44146597372	-37.6211382606	46.6387919263	0.00341463461518	-0.00208720494993	-0.00749541074038
3.89967943647	-37.6799241018	46.4288424934	0.00298163178377	-0.00218592095189	-0.00766252493486
4.42298477345	-37.7184976327	46.2910798831	0.00338051700965	-0.00224369647913	-0.0077099641785
1.50165787078	-35.6169369394	53.7966537879	0.00133945362177	0.0018117132131	-0.00288996100426
1.35551305105	-35.7316370934	53.3870103807	0.00117227807641	0.00155233417172	-0.00323107489385
1.59770631899	-35.6976367061	53.5084403355	0.00141546898521	0.00161302415654	-0.00311245257035
1.21850488354	-35.6422278264	53.7063291915	0.00105392199475	0.00177632435225	-0.00298983370885
2.92367799078	-35.3370162543	54.7963705204	0.00271959626116	0.0022390964441	-0.00186736986507
2.79593467951	-35.4042600820	54.5562139928	0.00259554898366	0.00211996864527	-0.0020942913834
3.00931330284	-35.4474367510	54.4020116034	0.002774145687	0.00199850741774	-0.00220348709263
3.21834691723	-35.4402441690	54.4276993964	0.00295600155368	0.00198389682919	-0.00215705996379
3.28138464293	-35.3893777386	54.6093652194	0.00301922205836	0.0020780407358	-0.00199266010895
-1.83645874745	-34.7125678455	57.0265434091	-0.00210878346115	0.00354817602783	0.000195666885702
-1.68115304164	-34.6632360952	57.2027282316	-0.00194945430849	0.00364449294284	0.000367196829757
-2.07614867813	-34.5852159770	57.4813715107	-0.00231114169583	0.00367518863641	0.000635676144157
-1.82956526909	-34.5911333722	57.4602379566	-0.00207887776196	0.00371181941591	0.000616788922343
-2.07700783886	-34.6904673582	57.1054737208	-0.0023338845931	0.00353252328932	0.00027545215562
0.896587787982	-33.0242340896	63.0563068229	0.000562792585697	0.00558712985367	0.00511585688218
0.499644011265	-33.0192678381	63.0740434355	0.000219018023927	0.00559662049636	0.00513345329091
0.616023565562	-32.8945743933	63.5193771666	0.000316244520945	0.00575887877494	0.00544934440404
0.981405124199	-32.9653597517	63.2665723152	0.000633061630651	0.00566282775253	0.00526468316093
0.844871593699	-32.9101221503	63.4638494631	0.000513273465913	0.00573671329767	0.00540706794709
0.702102967133	-33.0309088229	63.0324684895	0.000394781964133	0.00558029022068	0.00510146608576
-0.879579624065	-37.7104304046	46.3198914121	-0.000907032052055	-0.00225745793432	-0.00792086310685
-0.45868852561	-37.6484755398	46.5411587864	-0.000562049332075	-0.00215507508256	-0.00778221990913
-0.70995601459	-37.7719093665	46.1003236910	-0.000761365809012	-0.00235641095787	-0.00805591978133
-0.363880237115	-37.7649127680	46.1253115428	-0.000475806795293	-0.00234395661391	-0.00803763698786
-0.735074997842	-37.6408647369	46.5683402252	-0.000792719423771	-0.00214359327219	-0.00776690989733
-11.0537681049	-36.0563131207	52.2274531405	-0.00918481312692	0.000387937441701	-0.00332384230569
-10.6900402197	-36.1600081475	51.8571137590	-0.0089104110375	0.000226431060582	-0.00361224939115
-10.8724331122	-36.2215385661	51.6373622640	-0.00903774145991	0.000126454178826	-0.00376635370776
-11.1403987878	-36.1980155058	51.7213731935	-0.00923595298082	0.000161820047651	-0.00369335897267
-11.2236420294	-36.1353504601	51.9451769282	-0.0093022659421	0.000260615721345	-0.00352512323298
-4.52871177457	-35.3374450000	54.7948392858	-0.00442889053375	0.00196632556617	-0.00171464937739
-4.29439397492	-35.2211160458	55.2102998365	-0.00425538932905	0.00221339380369	-0.00137560488656
-4.74854488677	-35.2302591747	55.1776458045	-0.00461089331657	0.00213420530781	-0.00136919587385
-4.77784209292	-35.2999690887	54.9286818260	-0.00462774466723	0.00200379919261	-0.00157981994562
-4.52871223608	-35.2120596851	55.2426439819	-0.00444063078612	0.00219666562043	-0.00132942327764
-10.0345725974	-34.2189319727	58.7895286690	-0.00852392148227	0.00338797480799	0.00159667385742
-9.97648548700	-34.1456966326	59.0510834551	-0.00847913790494	0.00350826699287	0.00179706572089
-10.1788104516	-34.0921691507	59.2422530331	-0.00862866546959	0.00358673231676	0.00193428457715
-10.4327143868	-34.1139698677	59.1643933297	-0.00881849229336	0.00354233221151	0.00186561676674
-10.2813817241	-34.2062337868	58.8348793329	-0.00870701577514	0.0033988263458	0.00162237265613
7.00623308175	-33.4495089042	61.5374681993	0.00570464832708	0.00478820782155	0.00380692142062
6.69220881121	-33.4782468029	61.4348328467	0.00546407792717	0.00475776568055	0.0037392617669
7.18448331030	-33.5016227877	61.3513471867	0.00585543597117	0.00470415735617	0.00366182299331
7.09975375072	-33.5714873487	61.1018308974	0.00580424815416	0.00460315262899	0.00347592472099
6.81211386236	-34.5363492738	57.6558954506	0.00577100785449	0.00314396852627	0.000777797831688
6.40050665903	-34.5003045341	57.7846266639	0.00545254489407	0.00323257548735	0.000883147062268
6.58932496232	-34.3887176079	58.1831514004	0.00557817332447	0.00339290942065	0.0012058330467
6.42912069985	-34.4394478896	58.0019718227	0.00546437501907	0.00332588586025	0.00106016418431
6.58872823044	-34.5462603406	57.6204987837	0.00560289155692	0.00314492709003	0.000749003316741
6.94027527738	-34.4823582356	57.8487205873	0.00586042180657	0.00322060589679	0.000933571194764
4.52318107293	-34.7071231226	57.0459888478	0.00402838597074	0.00310683948919	0.00025098581682
4.9718983931	-34.7196020571	57.0014212248	0.00438411533833	0.00302832596935	0.000219394496526
4.97058265312	-34.7921304806	56.7423911407	0.00439256755635	0.00291077373549	-3.57895510206e-06
4.75500984467	-34.6801757352	57.1422295173	0.00420762645081	0.00311871478334	0.000337666715495
4.77452954802	-34.8121183807	56.6710057832	0.00424145068973	0.00290300720371	-7.03082041582e-05
0.0602288930998	-36.5639750784	50.4143747200	-0.000143094264786	-0.00023338542087	-0.00534847099334
-0.186083543478	-36.4911934227	50.6743092045	-0.000368885928765	-9.08231304493e-05	-0.0051809665747
-0.324549256107	-36.6375876425	50.1514727055	-0.000491042505018	-0.000378271390218	-0.00551858451217
-0.473024493279	-36.5120857696	50.5996936799	-0.000631147820968	-0.000134771966259	-0.00522753922269
-0.0680997142529	-36.6348325127	50.1613124547	-0.000259403139353	-0.000371452071704	-0.00551224220544
5.62301574492	-34.405098767	58.1246472607	0.00483590597287	0.00344936433248	0.00116693123709
5.39465019315	-34.2917223883	58.5295628991	0.0046323062852	0.00364300096408	0.00150319957174
5.23668865082	-34.3334802124	58.3804278129	0.0045173629187	0.00359602482058	0.00138308422174
5.43809757469	-34.4186206052	58.0763549814	0.00469435984269	0.00344683392905	0.00112872826867
5.29582461042	-34.3884611708	58.1840672470	0.00457636266947	0.00350720225833	0.00121963035781
-11.2520874002	-34.1508871942	59.0325457351	-0.00942878425121	0.00345516158268	0.00173292576801
-11.5420385829	-34.1640224794	58.9856340021	-0.00964427739382	0.00342489592731	0.00168532063253
-11.3594363712	-34.2810727739	58.5675972360	-0.00950575247407	0.00323925307021	0.00137994240504
-11.5891255393	-34.2295337133	58.7516653097	-0.00967753306031	0.00331623479724	0.00150816154201
-11.0800654899	-34.2574431721	58.6519886710	-0.00929931551218	0.00328715308569	0.00145442073699
2.83083878160	-36.1982181229	51.7206495609	0.00241966079921	0.000451196247013	-0.00430978275836
2.96068429022	-36.3294164500	51.2520841071	0.00249870447442	0.000187329831533	-0.00462451903149
2.56356894755	-36.2313486527	51.6023262404	0.0021755641792	0.000395187933464	-0.00441945763305
2.68416468694	-36.3561697433	51.1565366310	0.00225102179684	0.000143414654303	-0.00471628969535
3.03495740027	-36.2562170582	51.5135105064	0.00258220802061	0.000328009977238	-0.00443495577201
2.75299353836	-33.1234881420	62.7018280641	0.00216564093716	0.0054171658121	0.00481566647068
2.51172239151	-33.0021796207	63.1350727832	0.00194426684175	0.00558533193544	0.00513543700799
2.29639364668	-33.1116382182	62.7441492207	0.00177521398291	0.00544651178643	0.00486038019881
2.69759745611	-33.0455044292	62.9803413243	0.00210733967833	0.00552241271362	0.00501854345202
2.30272093778	-33.0444697821	62.9840364925	0.0017720652977	0.00553460698575	0.00503301434219
7.73401043114	-36.5171902548	50.5814633755	0.00627148710191	-0.000251750840107	-0.00470577832311
7.73410833995	-36.4413743791	50.8522343603	0.00629167910665	-0.000123554535094	-0.00451086880639
8.19315583888	-36.4133824509	50.9522055325	0.00664432765916	-8.01003916422e-05	-0.00441611325368
7.94978284307	-36.3961375233	51.0137945597	0.00646589649841	-4.90045385959e-05	-0.00438286084682
-1.28354315851	-36.5738757300	50.3790152501	-0.00136097590439	-0.000266753311735	-0.00535074714571
-1.59097235922	-36.6720896340	50.0282513070	-0.00162243121304	-0.000459154078271	-0.0055674938485
-1.12207494017	-36.6985635875	49.9337014733	-0.00120265583973	-0.000502374314237	-0.00564550049603
-1.38654465068	-36.7205774881	49.8550803996	-0.00143513188232	-0.000547138683032	-0.00568794645369
-1.54511656220	-36.6043383973	50.2702200096	-0.00159112876281	-0.000329858012265	-0.00541121233255
-5.82213930886	-33.5520456299	61.1712656076	-0.00522088073194	0.00464692292735	0.00357576459646
-5.37826327153	-33.6290942589	60.8960919324	-0.00487978570163	0.00456347269937	0.00338408956304
-5.40035220608	-33.4914987039	61.3875046290	-0.00487009482458	0.00476072821766	0.00375774200074
-5.67448082429	-33.4938800845	61.3789996984	-0.0050914469175	0.00474090268835	0.00373971834779
-5.25196648036	-33.5675660490	61.1158355392	-0.00476526608691	0.00466047646478	0.00355746643618
0.238351338416	-31.6558580343	67.9433641632	1.25157448565e-05	0.00754037825391	0.00854099355638
0.600371788359	-31.5761772897	68.2279382511	0.000312433112413	0.00766081456095	0.0087345354259
0.474804189394	-31.6269246471	68.0466976890	0.000207904988201	0.00758344726637	0.00861030910164
0.0829704198261	-31.5826783576	68.2047201516	-0.00011291221017	0.00765389017761	0.00872348621488
-3.20739836605	-36.7248829815	49.8397036377	-0.00301505089737	-0.000586805981584	-0.0055969003588
-2.92734880840	-36.7015763312	49.9229416744	-0.00278150918894	-0.000538783613592	-0.00556076923385
-3.23030380287	-36.7979957702	49.5785865351	-0.00301883090287	-0.000718756054994	-0.00577018270269
-2.74064312197	-36.8225093283	49.4910381131	-0.00259764888324	-0.000754627864808	-0.00585965672508
-2.98562355975	-36.8488361083	49.3970138988	-0.00280116125941	-0.00080558215268	-0.00590679422021
-3.44041740461	-33.1356030591	62.6585605032	-0.00318400189281	0.00536268949509	0.00478098448366
-3.09969753870	-33.2448604897	62.2683553939	-0.0029138836544	0.00522965239361	0.00450582057238
-2.94328693237	-33.1962534672	62.4419519027	-0.00277296663262	0.00530134048313	0.00463822530583
-3.19979865894	-33.1183803781	62.7200700783	-0.00297829322517	0.0053959605284	0.0048336237669
-3.04164563071	-33.1406911628	62.6403887043	-0.002847855445	0.00537195848301	0.00478032696992
-4.61355409595	-33.1178164991	62.7220839319	-0.00415788218379	0.00533728208393	0.00478545948863
-4.83267061237	-33.1341145939	62.6638764503	-0.00434086332098	0.00530437659472	0.00473413569853
-4.45734454423	-33.2482701758	62.2561779435	-0.00405229860917	0.00515962578356	0.00444768741727
-4.41314845978	-33.1281932371	62.6850241532	-0.00399428419769	0.00533124711365	0.0047658556141
-4.89759382167	-33.1950936741	62.4460940210	-0.00440487917513	0.00521393911913	0.0045708543621
-4.34088597438	-33.1856275845	62.4799014840	-0.00394458603114	0.00525339785963	0.0046176109463
-2.96456011348	-32.7184356425	64.1484441339	-0.00272569106892	0.00595796387643	0.00586887309328
-3.36438792725	-32.6210313753	64.4963165168	-0.00304817897268	0.0060880035162	0.00610699038953
-3.40619133182	-32.7739442519	63.9501991005	-0.00310231326148	0.00586822535843	0.00571607565507
-3.11161958646	-32.7839214242	63.9145663423	-0.00285704247653	0.005861914251	0.00569832976907
-3.55289976788	-32.6597496991	64.3580367888	-0.00320989778265	0.00602790340781	0.00600364245474
-3.57255879444	-32.7226284626	64.1334697765	-0.00323434476741	0.00593705289066	0.0058426912874
-11.8204075916	-35.4083685311	54.5415409604	-0.00977521575987	0.0013947209809	-0.00159748864826
-11.4886781902	-35.5056184664	54.1942197629	-0.00953085441142	0.00125291210134	-0.0018589629326
-11.7895055179	-35.4783610587	54.2915676477	-0.00974970683455	0.00128567998763	-0.00178032403346
-11.3097754877	-35.4486351525	54.3977315982	-0.00940404087305	0.00134960911237	-0.00171346066054
4.21809335297	-34.2028107834	58.8471043450	0.00366340647452	0.00389481941238	0.00179208710324
3.99034796880	-34.1638020415	58.9864212803	0.00346391065978	0.003974116873	0.00191423657816
4.50878236872	-34.0732681122	59.3097567423	0.00386556750163	0.00404535513371	0.00216202205047
4.27555136253	-34.0485927465	59.3978830481	0.00366715318523	0.00410212529823	0.00224106060341
4.06590707849	-34.0961516774	59.2280297234	0.00350721692666	0.00405816547573	0.00211020559072
5.43017285059	-37.6261058943	46.6210503775	0.00417545018718	-0.00208744639531	-0.0074427309446
5.42700464300	-37.5448797434	46.9111437734	0.00419598771259	-0.00195726659149	-0.00726533681154
5.65867558662	-37.4998318248	47.0720291970	0.00438765157014	-0.00188341317698	-0.00715416902676
5.88280904324	-37.5367243050	46.9402703393	0.00454877410084	-0.00194160663523	-0.00722537050024
5.89699640317	-37.6114478850	46.6734004106	0.00453669158742	-0.00206108391285	-0.00738885533065
-10.7154146486	-34.9765597915	56.0837150305	-0.00900063477457	0.00213307654485	-0.000463638425572
-10.9584784252	-34.8833982873	56.4164346881	-0.00918229669333	0.00227394956164	-0.000216651766095
-10.4961392372	-34.8803747516	56.4272330301	-0.0088476203382	0.00229792599566	-0.000203408999369
-10.5340707833	-34.9400943364	56.2139487987	-0.00887177139521	0.00219954783097	-0.000364597741282
-10.7188369125	-34.8443539599	56.5558787146	-0.00901089049876	0.00234717060812	-0.000108984881081
0.867389839872	-38.1797867449	44.6436187681	0.000550992845092	-0.00299542420544	-0.00891998503357
1.24345072491	-38.3261637985	44.1208435767	0.00085960899014	-0.00321920402348	-0.00922838971019
0.978433350792	-38.3188038018	44.1471292791	0.000647466571536	-0.00320958532393	-0.00922191608697
1.37102732039	-38.1782444788	44.6491268615	0.00095520663308	-0.00299008795992	-0.00889825727791
0.824478484366	-38.2530820366	44.3818498693	0.000520359782968	-0.00310922088102	-0.00908242724836
1.09347064057	-38.1505649547	44.7479823047	0.000731522508431	-0.0029487060383	-0.00884808506817
1.42827820656	-38.2801410957	44.2852103726	0.00100489426404	-0.00314721302129	-0.00911976210773
8.36230998159	-33.4896788682	61.3940040420	0.00676736189052	0.00468616932631	0.0036624816712
8.73160856204	-33.4081969755	61.6850108019	0.00703662680462	0.00480253295973	0.0038718546275
8.31942435188	-33.3604377319	61.8555795290	0.006709034089	0.00488371774554	0.00400959141552
8.57584266033	-33.3493902401	61.8950348569	0.00690520601347	0.00489526754245	0.0040327636525
8.60875170797	-33.4730557293	61.4533723953	0.00695420941338	0.00470583653077	0.00370103027672
5.49154276526	-37.9296051141	45.5371245926	0.00414538616315	-0.00256945914589	-0.00809559412301
5.72235374046	-37.9617470752	45.4223318743	0.00431009102613	-0.00262166443281	-0.00815325323492
5.93990013548	-37.9206615820	45.5690657784	0.00447912560776	-0.00255552469753	-0.00805629696697
5.47056666361	-37.8609587055	45.7822903374	0.00414429232478	-0.00246005156077	-0.00794858671725
5.93055610151	-37.8455970927	45.8371532403	0.0044919596985	-0.00243398780003	-0.00789468549192
-10.6816443620	-34.4892758050	57.8240149821	-0.00899981893599	0.00292490818538	0.000845891074277
-10.2593824298	-34.5349053747	57.6610522333	-0.00868897419423	0.00286800181493	0.000734077941161
-10.3722585416	-34.6125191147	57.3838603048	-0.00876941345632	0.00273751304485	0.000521551875863
-10.4280965658	-34.4956004119	57.8014271004	-0.00881353206933	0.00292475614697	0.000836032268126
-10.6126112666	-34.5993227170	57.4309902966	-0.00894550792873	0.00274904561229	0.000551645294763
4.44217020164	-33.6621084309	60.7781841752	0.00369911082089	0.00461626378819	0.00332053308375
4.01232585306	-33.7070999909	60.6175000323	0.00335404137149	0.00458498951048	0.00321404193528
4.22392170015	-33.6089156763	60.9681582989	0.00350489118136	0.00470262439921	0.00347437127493
4.05178592607	-33.6500955153	60.8210874454	0.00337213277817	0.00465840985999	0.00336891016923
4.45900178183	-33.7176196917	60.5799296727	0.00372747844085	0.00453929416835	0.00316734844819
5.4472258696	-35.2303011592	55.1774958600	0.00477375742048	0.00210708309896	-0.0013172631152
5.58528292877	-35.1676151124	55.4013745984	0.00488228350878	0.00220377393998	-0.00112138548866
5.24696293708	-35.0634976339	55.7732227361	0.00462385080755	0.00242023658939	-0.000825138995424
5.15750615282	-35.1980542496	55.2926633944	0.00455214548856	0.00219423091039	-0.00123881234322
5.05921254107	-35.1190807689	55.5747115396	0.00447850488126	0.00234475592151	-0.00100476387888
8.17833698950	-33.6450009377	60.8392823653	0.00665565486997	0.00445424858481	0.00324816000648
8.33265289991	-33.7723532726	60.3844525979	0.00679838238284	0.00425425590947	0.00289834593423
7.83819738934	-33.7935037589	60.3089151469	0.00642281956971	0.0042391163297	0.00285237724893
8.36231593970	-33.6990688370	60.6461827250	0.00680744461715	0.00436595454812	0.00309703405946
7.84656283958	-33.7173381227	60.5809352762	0.00641421321779	0.00435493746772	0.00306003959849
7.95455275661	-33.6577614694	60.7937090378	0.00648566987365	0.00444189272821	0.00321919820271
3.51785093599	-32.9343558228	63.3773006330	0.00277899275534	0.00564900459722	0.00527725974098
3.25677147914	-32.8905624376	63.5337055798	0.00255546881817	0.00571654271334	0.00539795355871
3.07118709391	-32.9886160180	63.1835142216	0.00241399789229	0.00558801367879	0.00515280105174
3.28219299324	-33.025820876	63.0506397286	0.00259640533477	0.00553119787946	0.00505012832582
3.07474170826	-32.9361224394	63.3709912880	0.00240961601958	0.00565920164809	0.0052872588858
0.166426912415	-33.7825849363	60.3479109419	-5.57562489121e-05	0.00469692330807	0.00312298722565
0.354165468442	-33.8360624755	60.1569197304	0.000122247540276	0.00463972333819	0.00297302682884
0.769952694472	-33.7593661260	60.4308352644	0.000503939518239	0.00471290154383	0.00318035320379
0.27654063245	-33.7304344217	60.5341627798	4.48555438197e-05	0.00475183641538	0.0032658954151
0.514792974038	-33.7251714188	60.5529592185	0.000265100621618	0.00475491490215	0.00327800121158
11.5085780691	-35.5456832590	54.0511312178	0.00925195775926	0.00133990205359	-0.00201453804038
11.6446256320	-35.3844975651	54.6267944103	0.00936727784574	0.00160309125204	-0.0015752321342
11.7865074669	-35.5133385098	54.1666481791	0.00946064200252	0.00139260233846	-0.00192651816178
11.3464711039	-35.4212873716	54.4954022443	0.0091440398246	0.0015437892871	-0.00167566072196
11.8422519867	-35.4449244923	54.4109839562	0.00950833316892	0.0015042721061	-0.00174035853706
6.24622919127	-36.0354941169	52.3018067255	0.00525730662048	0.00061118172016	-0.00354305515066
6.63446063439	-36.1501012376	51.8924955799	0.00552846631035	0.000396903371438	-0.00381906400435
6.08714400827	-36.0966845482	52.0832694708	0.0051195169799	0.000507856486365	-0.00371978455223
6.41722908917	-36.1894143742	51.7520915206	0.0053517408669	0.000333707459504	-0.0039392169565
6.14919140422	-36.1563850427	51.8700534188	0.0051527810283	0.000399694312364	-0.00387316942215
5.59897107859	-35.6133036949	53.8096296609	0.00484524108469	0.00140518578701	-0.00242791045457
5.45439669864	-35.6595116418	53.6446012793	0.00472472468391	0.00133105751593	-0.00257214484736
5.13961399112	-35.6034638053	53.8447721239	0.00448944233358	0.00145788153168	-0.00244020787068
5.26738085249	-35.6373551064	53.7237317627	0.00458309333771	0.00138531427365	-0.00252575427294
5.20328733588	-35.5446736789	54.0547368611	0.00454956106842	0.00156123470515	-0.00226444075815
10.6906627342	-35.6249277994	53.7681150020	0.00864035263658	0.00121300457977	-0.00223489594646
10.4227223579	-35.6380764951	53.7211553747	0.00844160746783	0.00119327777065	-0.00227388413623
10.2327693238	-35.5825713394	53.9193880736	0.0083082607016	0.00128669152036	-0.00212505762465
10.5409973608	-35.4979581252	54.2215781244	0.00854371394962	0.00142314389814	-0.00188978388906
10.2949703606	-35.5229146063	54.1324478345	0.00836028717458	0.0013845100766	-0.00196096394211
7.23222345480	-35.9936685953	52.4511835884	0.00601872289553	0.000652985298075	-0.00335951661691
7.01583949400	-35.8319413718	53.0287808148	0.00588745810091	0.000941321777645	-0.00293320533819
6.83341706520	-35.8832989697	52.8453608223	0.00573948677629	0.000858323357534	-0.00308626983315
7.25729216683	-35.8573924099	52.9378842505	0.00606470555067	0.000888504262548	-0.0029876253102
7.31982576646	-35.9273932959	52.6878810861	0.00609831744805	0.000765245989896	-0.00317461113445
-10.0791546919	-33.9563447590	59.7273401464	-0.00854977034032	0.00380896567367	0.00230485014617
-9.97789807878	-33.8309066089	60.1753335395	-0.00846787728369	0.00401383265853	0.00264715822414
-9.82553480572	-33.9367951004	59.7971603557	-0.00835829786956	0.00384960370138	0.00236793723889
-9.81210957172	-33.8648618962	60.0540646566	-0.00834449566901	0.00396527955309	0.00256267026998
-10.2554334886	-33.9027322029	59.9188135610	-0.00868025887758	0.00388910598122	0.00244192662649
-8.09950150276	-36.3932614432	51.0240662742	-0.00696950638667	-0.00011829680443	-0.00436597224325
-7.88701551137	-36.3634157345	51.1306580911	-0.00681568635628	-6.44495885354e-05	-0.00430214032531
-8.22149145009	-36.2842870954	51.4132603735	-0.00707921758294	6.08772388659e-05	-0.00407144520432
-7.95943168478	-36.2990932518	51.3603812436	-0.0068812710233	4.17157098127e-05	-0.00412796949968
-6.26525928799	-35.5466694953	54.0476089452	-0.00573263317347	0.00141507282387	-0.00219152960926
-6.01816565900	-35.5171494602	54.1530376422	-0.00555064668879	0.00148648454342	-0.00212505809031
-5.81518025442	-35.6271855788	53.7600515042	-0.00538132153451	0.0013058698969	-0.00245731021278
-6.23705951198	-35.6151254561	53.8031233711	-0.00570228276774	0.00129613070749	-0.00238901167177
-5.96029182641	-35.6643683742	53.6272558066	-0.00548572698608	0.00122833868954	-0.00255112210289
-5.25596094256	-35.8496407996	52.9655685730	-0.00490868277848	0.000942303566262	-0.0031373812817
-5.12996711905	-35.7832773544	53.2025808771	-0.00482404883951	0.00107404810842	-0.00296386773698
-5.50797920459	-35.7236404069	53.4155699753	-0.00512955104932	0.00115482474212	-0.00275901844725
-5.30463782016	-35.7254651359	53.4090530859	-0.0049718557857	0.00116716313642	-0.00278326449916
-5.65309077658	-35.7608232023	53.2827742776	-0.00523440074176	0.00107667513657	-0.00285077514127
-10.4550338178	-35.0624376917	55.7770082438	-0.00880796834826	0.00200428557582	-0.000694115762599
-10.6856991403	-35.0977671573	55.6508315811	-0.00897208787501	0.00193796644453	-0.000788654957432
-10.5260865355	-35.0006195902	55.9977871777	-0.00886261090636	0.00210173637606	-0.000527566007804
-10.9374267108	-35.0663100458	55.7631784077	-0.0091555211693	0.00197880342603	-0.000704476435203
2.81658386710	-35.1108334854	55.6041661237	0.0026477498468	0.00270475191064	-0.00113813427743
2.35905378052	-35.0825926463	55.7050262632	0.00223733554594	0.00284762284718	-0.00107917236164
2.89186704671	-35.0496327984	55.8227400057	0.00271440087818	0.00280416151509	-0.00092723738635
2.54268096398	-35.1312817378	55.5311366506	0.00240316684358	0.00271812384017	-0.00123000738677
2.73190819661	-35.0051399931	55.9816428819	0.00257282354869	0.00291609601118	-0.000787763507105
5.22605475524	-34.0004497356	59.5698223728	0.00442610261962	0.00408470025286	0.00234800507315
4.98268486676	-33.9745239727	59.6624143834	0.00422359025106	0.00414179777727	0.00242937169969
4.96490449301	-33.8987156913	59.9331582453	0.00418903166428	0.00425042584538	0.00264419522136
5.18335114583	-33.8634319249	60.0591716966	0.00435616634786	0.00428381050006	0.00273562571965
5.41888280116	-33.8904300363	59.9627498704	0.00455216923729	0.00422801543027	0.00265222368762
-8.81805755456	-32.7218344217	64.1363056367	-0.00747500406578	0.00580704538152	0.00564704090357
-8.62783893659	-32.6681477762	64.3280436566	-0.00731907598674	0.00589543953538	0.00579556310549
-9.07809511008	-32.7050497864	64.1962507627	-0.00767821492627	0.00582931516692	0.00567979644984
-8.70083438195	-32.6032284491	64.5598983961	-0.00736985635012	0.00599718047306	0.00596199790016
5.41307168843	-34.9402590460	56.2133605499	0.00474779447541	0.00261242454872	-0.000443212484242
5.67071714940	-34.8260276439	56.6213298432	0.00493699358776	0.00277552404441	-8.98944417713e-05
5.43073656125	-34.8656226936	56.4799189513	0.00475629232824	0.00273551023565	-0.0002159828
5.87161371399	-34.9283927490	56.2557401823	0.00509771285579	0.00258525903337	-0.000391635054257
5.87292945397	-34.8558643254	56.5147702664	0.00509395916015	0.00270600849763	-0.000174439366674
3.28636140880	-35.9159565328	52.7287266685	0.00289414566942	0.000997256371193	-0.00352163985372
3.22739801270	-35.7859880796	53.1928997158	0.00287962541915	0.00126871676184	-0.0031708960887
3.47398472516	-35.7796576912	53.2155082457	0.00309261679649	0.00125994114205	-0.00312340515666
3.68202990310	-35.8268184288	53.0470770400	0.00325585994869	0.00114741828293	-0.00323041528463
3.14235253592	-35.8561583820	52.9422914927	0.00278645008802	0.00113080476876	-0.00337571767159
3.47443547787	-35.9154384978	52.7305767934	0.00305543816648	0.00098498922307	-0.00349821243435
3.81774560105	-35.0499207927	55.8217114547	0.00349368108436	0.00263864221051	-0.000864782312419
3.64734521941	-34.9323523961	56.2415985853	0.00334865157492	0.00287245004438	-0.000493800558615
3.87049637992	-34.9872072180	56.0456885071	0.00353485695086	0.00274060829543	-0.000659910903778
3.37984938396	-35.0181392117	55.9352171011	0.00313092046417	0.00276997429319	-0.000789510726463
3.56225250490	-35.0641014237	55.7710663440	0.00328371324576	0.00265563372523	-0.000927658635192
-6.14611928362	-33.8937893164	59.9507524413	-0.00554237654433	0.00411931751296	0.00262112636119
-6.21630292219	-33.8023780368	60.2772212973	-0.00558064412326	0.00425082165748	0.00287279719487
-5.85791990886	-33.8936025048	59.9514196259	-0.00531565444544	0.00414175447077	0.00263213599101
-5.69880645544	-33.8294193509	60.1806451752	-0.00517696002498	0.00424875039607	0.0028175082989
-10.8570238314	-35.2664538121	55.0483792425	-0.00908622238785	0.00165855884552	-0.0012385515729
-10.4947698674	-35.3720572541	54.6712240926	-0.00882040895522	0.00150034867693	-0.00152647134382
-10.3597525821	-35.2708154387	55.0328020046	-0.00872851070017	0.00166947219986	-0.00125659059267
-10.6229610662	-35.2336945223	55.1653767060	-0.00891948025674	0.00172017479781	-0.00115355185699
-10.2954837540	-35.3433559441	54.7737287710	-0.00867873523384	0.00155376293696	-0.00145307614002
-10.6769382231	-35.3584711628	54.7197458471	-0.00895201601088	0.00151620188262	-0.00148675905075
2.72719704055	-34.2343391373	58.7345030810	0.00240205205046	0.00403464864939	0.00174413772766
2.93995321650	-34.3677021081	58.2582067568	0.0026293923147	0.00383732421324	0.00132602476515
2.6344232503	-34.3732393976	58.2384307228	0.00236081168987	0.00387499062344	0.00131628499366
2.54966129142	-34.2942352285	58.5205884697	0.0022614391055	0.00398460635915	0.00156580086332
-0.996190951274	-37.1216248947	48.4227682333	-0.00105432095006	-0.0012679786887	-0.00661030551419
-1.04352859674	-37.2676083016	47.9013989228	-0.00108265946619	-0.00152071251068	-0.00693701580167
-1.18234366181	-37.1727449716	48.2401965299	-0.00120981223881	-0.00135809672065	-0.00672254804522
-0.803243545027	-37.2440815527	47.9854230262	-0.000879409664776	-0.00147918064613	-0.0068863844499
-1.15996757933	-37.2277486669	48.0437547611	-0.00118554499932	-0.00145294517279	-0.0068463482894
-2.61863701825	-37.1056691705	48.4797529624	-0.002442776924	-0.00125243724324	-0.00652534747496
-2.55517749757	-36.9454903146	49.0518203048	-0.00241668289527	-0.00097151909722	-0.00615769717842
-2.80015793535	-36.9718170946	48.9577960906	-0.00262020830996	-0.00102089170832	-0.00620611989871
-2.39051345157	-37.0824680280	48.5626141856	-0.00225341157056	-0.00121018406935	-0.00648195901886
-2.37758004746	-36.9921571177	48.8851531511	-0.00225715432316	-0.00105193909258	-0.00627446128055
7.83224772416	-37.3782002558	47.5064276579	0.00607842206955	-0.00167527759913	-0.00682352483273
8.08597024106	-37.3979703704	47.4358201058	0.00626114057377	-0.00170517747756	-0.00686929468066
7.98198261412	-37.5159532887	47.0144525404	0.00613934407011	-0.00189717265312	-0.00715062301606
8.16083768604	-37.4668468868	47.1898325471	0.00629142066464	-0.00181595794857	-0.0070341611281
7.69842904772	-37.4978440155	47.0791285161	0.00593467475846	-0.00187024695333	-0.00710710464045
-0.948197025881	-36.8152221631	49.5170637031	-0.00103763956577	-0.000717942486517	-0.00591732515022
-1.21266673639	-36.8372360638	49.4384426293	-0.00126872246619	-0.000761013943702	-0.00596155552194
-0.750610732527	-36.8631575625	49.3458658481	-0.000859652936924	-0.000804338487796	-0.00602964265272
-0.994007899522	-36.9614477406	48.9948294979	-0.00106568436604	-0.000984276062809	-0.00624896632507
-0.768012620835	-36.9362469806	49.0848322122	-0.000870052375831	-0.00093726371415	-0.00619512377307
9.48995558532	-37.0838936664	48.5575226199	0.00741879176348	-0.00118275126442	-0.00608891667798
9.65405206696	-36.9267317909	49.1188150326	0.00759103754535	-0.000926149426959	-0.00569021096453
9.35382004371	-36.9264258038	49.1199078435	0.00736754154786	-0.000928046240006	-0.00569312088192
9.74909665486	-37.0008428026	48.8541328478	0.00763866398484	-0.00104564218782	-0.00587753765285
9.63737603739	-37.0499450454	48.6787676950	0.00753972679377	-0.00112630065996	-0.00600248156115
9.23207990997	-37.0723223036	48.5988489158	0.00723034515977	-0.00116641703062	-0.00606190925464
9.80346386562	-35.9237867096	52.7007617514	0.00794446002692	0.000725548074115	-0.00306047219783
10.1683876148	-36.0532797139	52.2382867360	0.00819043628871	0.000509113247972	-0.00340055930428
9.86638636330	-36.0542728133	52.2347399525	0.00796743202955	0.000508690020069	-0.00340962968767
9.72347847301	-35.994255043	52.4490891321	0.0078731123358	0.000609142356552	-0.00325212464668
10.2880947066	-35.9885694344	52.4693948771	0.00829048175365	0.000615561148152	-0.0032248031348
11.2681151668	-34.0937956377	59.2364441512	0.00906852819026	0.00369422836229	0.00196344475262
11.1110834167	-33.9413925367	59.7807409402	0.00893380120397	0.00393820134923	0.00238092849031
10.9118221786	-33.9984992155	59.5767885159	0.00878974795341	0.0038487506099	0.00222937203944
11.3915036460	-33.9628930934	59.7039532377	0.00914824102074	0.00390260084532	0.00231730542146
11.4670653984	-34.0330364084	59.4534413986	0.00921260938048	0.00379035272636	0.00212530139834
-3.48687287888	-32.1468499146	66.1898217336	-0.00309797166847	0.00678548356518	0.00730190984905
-3.21354150799	-32.0093822992	66.6807775027	-0.0028594317846	0.00699630519375	0.00765161216259
-3.05403122781	-32.1123155199	66.3131588575	-0.00273717008531	0.00684204557911	0.00739612057805
-3.44285879222	-32.0282265949	66.6134764469	-0.00305018248037	0.00696564279497	0.00760062644258
-3.57893964130	-32.0859681339	66.4072566645	-0.00316785997711	0.00687657669187	0.00745320599526
7.83477236685	-32.6407237940	64.4259864502	0.00619678059593	0.00596906477585	0.0059110224247
8.25638683458	-32.5753035738	64.6596300936	0.00651451479644	0.00606286572292	0.00607226556167
7.99480923527	-32.5788511307	64.6469602474	0.0063114031218	0.00605916138738	0.00606793398038
8.42438376765	-32.6237260871	64.4866925459	0.00665320083499	0.00599012244493	0.00594378914684
1.42437516321	-31.8450882655	67.2675419088	0.00098517909646	0.00724395969883	0.00805822107941
1.13338970142	-31.9720129635	66.8142394160	0.000744097225834	0.00705661950633	0.00774821965024
1.04189451071	-31.9153179462	67.0167216206	0.000669146364089	0.00714191235602	0.0078898826614
1.17661332527	-31.8720113854	67.1713879093	0.00078083446715	0.00720572657883	0.00799524504691
-2.07571168177	-31.8993132245	67.0738813412	-0.00191080057994	0.00717061338946	0.00793952401727
-1.99352648890	-31.9701667927	66.8208328831	-0.00184786424506	0.00706371059641	0.00776360463351
-2.48235171573	-31.9248615896	66.9826371800	-0.00224875146523	0.00712985917926	0.00787231419235
-2.16381865537	-32.0208499756	66.6398215159	-0.00199263636023	0.0069865048863	0.00763587327674
-2.28949787360	-31.9020349217	67.0641609939	-0.00208768295124	0.00716554839164	0.00793105084449
-2.37375727380	-32.0163776391	66.6557941460	-0.00216615688987	0.00699195358902	0.0076450034976
-0.0654258352189	-31.8103726904	67.3915261057	-0.00024321678211	0.00730612501502	0.00816080998629
-0.34409312687	-31.8120512757	67.3855311583	-0.000473605556181	0.00730443140492	0.00815825164318
-0.414654921432	-31.9469012488	66.9039241116	-0.000537535233889	0.00710138678551	0.00782429147512
-0.517998424782	-31.8843594950	67.1272875179	-0.000620530860033	0.00719546852633	0.00797973386943
0.0799310896685	-32.3465094294	65.4767520377	-0.000138103219797	0.00651553366333	0.00682923616841
-0.0054874123958	-32.2804880102	65.7125428206	-0.000208104684134	0.00661046197638	0.00699408864602
0.438039536579	-32.2190230378	65.9320605792	0.000163747085026	0.0066980868578	0.00714361900464
0.173566811059	-32.2167448144	65.9401970914	-5.69231633563e-05	0.00670231319964	0.00715144677088
0.33834253779	-32.3518710424	65.4576034200	7.84632429713e-05	0.00650724302977	0.00681402394548
6.98331410238	-33.1832373492	62.4884380387	0.00563037116081	0.00518296426162	0.00451533775777
6.71304901390	-33.0865080380	62.8338998643	0.00539742317051	0.0053329099901	0.0047773513943
6.42303446017	-33.1755203920	62.5159986000	0.00518575310707	0.00521136261523	0.00455214781687
6.49198533377	-33.1204047200	62.7128402857	0.00522914435714	0.00528968451545	0.00469489023089
6.89351285987	-33.1204328378	62.7127398651	0.0055467961356	0.00527807325125	0.00468321470544
-9.30224403836	-33.1008817367	62.7825652261	-0.00789294578135	0.00519619695842	0.0046278857626
-9.78385686891	-33.1611187760	62.5674329427	-0.00827252306044	0.00508933374658	0.00444608274847
-9.86047824849	-33.0809495508	62.8537516043	-0.00832530390471	0.00521573796868	0.00465490948409
-9.67027666236	-33.0250495106	63.0533946049	-0.00817258376628	0.00530880549923	0.00481149274856
-9.44716127715	-33.0512250202	62.9599106421	-0.00800115149468	0.00527176912874	0.00475254096091
6.70419188204	-34.7796693028	56.7868953471	0.00571710430086	0.00275960774161	6.80875091348e-05
6.28244206662	-34.7146650531	57.0190533817	0.00539189996198	0.00289978412911	0.00025321499561
6.28595398027	-34.7809455087	56.7823374688	0.00540132587776	0.00279148202389	5.73904362682e-05
6.51325957524	-34.6849411604	57.1252101415	0.00556355435401	0.0029286397621	0.000343240972143
6.66906259460	-34.7222104132	56.9921056671	0.00568530056626	0.0028559747152	0.000235734434682
5.18796431255	-37.4267310148	47.3331035186	0.00404383381829	-0.00176738225855	-0.00701814424247
4.92370404261	-37.3147670427	47.7329748474	0.00386713654734	-0.00158470461611	-0.00678453873843
5.16529894854	-37.2702813758	47.8918522292	0.00406929571182	-0.00151047040708	-0.00666884472594
5.41963525617	-37.3816830962	47.4939889422	0.0042368802242	-0.00169279694092	-0.00690421508625
4.96944660137	-37.3861571508	47.4780101758	0.00388405611739	-0.0017020633677	-0.00694136228412
10.5349697361	-33.6997086190	60.6438977894	0.00846552010626	0.00432499684393	0.00304718315601
10.9501450168	-33.7887954547	60.3257305188	0.00879318360239	0.00418143393472	0.00279784132726
10.6854802718	-33.6361505892	60.8708907527	0.00857088528574	0.00442409189418	0.00321560073644
10.9860608587	-33.6390119944	60.8606714487	0.00880024489015	0.00441824179143	0.00320173590444
11.1513446014	-33.7428760624	60.4897283485	0.00894000846893	0.00425331993029	0.00291806436144
11.1125297651	-33.6879366130	60.6859406679	0.0089032324031	0.0043404805474	0.00306722288951
0.976995342727	-35.8515950003	52.9585892846	0.000778310350142	0.00129056209698	-0.00358623382635
1.13344628912	-35.9701572764	52.5351525841	0.000911930517759	0.00101028068457	-0.00388429756276
0.942012541213	-35.9137851646	52.7364815549	0.000734756002203	0.00114655087236	-0.00375137315132
1.40979068343	-35.9460465182	52.6212624349	0.00118142529391	0.00105315668043	-0.00380147714168
1.25924572161	-35.8438972323	52.9860813133	0.00105616578367	0.00129489775281	-0.00354513456114
3.89532244426	-34.3171410628	58.4387819184	0.0034287055023	0.00377414352261	0.00145822146442
3.66757706008	-34.2781323210	58.5780988537	0.0032270939555	0.0038568994496	0.00158221670426
3.36622500824	-34.3864458564	58.1912647986	0.0030032065697	0.00375053938478	0.00125760387164
3.82540260683	-34.3897192288	58.1795741827	0.00339063233696	0.00368158961646	0.00123820744921
3.59762181273	-34.4122436286	58.0991298979	0.00320638855919	0.00368172139861	0.00117284525186
11.1047329609	-34.2123711444	58.8129601986	0.00895662605762	0.00350576569326	0.00164266210049
11.2833860640	-34.2472378234	58.6884363451	0.00909375119954	0.00344853498973	0.00154449813999
11.6275365578	-34.1808176975	58.9256510804	0.00934706442058	0.00355322938412	0.00172012089752
11.5387368661	-34.1142433307	59.1634166759	0.00927441287786	0.00366021040827	0.00190302787814
11.5064546209	-34.2379394412	58.7216448528	0.00926058273762	0.00346212461591	0.00156630086713
10.0586766751	-33.2063343277	62.4059488298	0.00802172161639	0.00509865349159	0.00438007060438
9.75320261202	-33.2093238803	62.3952718561	0.00778712099418	0.00509544461966	0.00437868898734
10.1865174622	-33.2629760021	62.2036571352	0.00812974572182	0.00501035433263	0.00422658212483
9.59556352082	-33.2725219717	62.1695643869	0.00767702190205	0.00499908905476	0.00421399902552
-9.96516475930	-35.6663342005	53.6202349983	-0.00842359289527	0.00103777146433	-0.00233094440773
-10.2370594448	-35.6444135381	53.6985230781	-0.00862094387412	0.00106598809361	-0.00226287869737
-9.74842408424	-35.6302164738	53.7492268793	-0.00826976448298	0.00110309105366	-0.00224145222455
-10.2643516124	-35.5788906877	53.9325332580	-0.0086443098262	0.00117168261204	-0.00208661565557
-10.0556820690	-35.5454509659	54.0519608361	-0.00849602743983	0.00123233580962	-0.00200309487991
-11.4716388286	-35.9358595630	52.6576444180	-0.00949744135141	0.000573349592742	-0.00299021974206
-11.8281088604	-35.8434251588	52.9877672899	-0.00976167619228	0.000712756824214	-0.00273426203057
-11.5491931779	-35.8713167268	52.8881545473	-0.00955760013312	0.000673852977343	-0.00281749549322
-11.7476489430	-35.9601325673	52.5709551166	-0.00969676114619	0.000531277037226	-0.00304387044162
4.39796646924	-36.5239373932	50.5573664530	0.0036566092167	-0.00021499072318	-0.00496790930629
4.87672370666	-36.5364745442	50.5125909137	0.00404240144417	-0.000246838899329	-0.00495614809915
4.87102423001	-36.4596156956	50.7870868014	0.00405928259715	-0.000108855419967	-0.00476543046534
4.64690477027	-36.4260432157	50.9069885154	0.00388704892248	-4.28501734859e-05	-0.0047018872574
4.40297790823	-36.4543944129	50.8057342398	0.00367996306159	-8.86020352482e-05	-0.00479542138055
-7.85842265383	-37.4659318761	47.1931004423	-0.00656516384333	-0.00186532409862	-0.007099295035
-8.00662625318	-37.3147051268	47.7331959757	-0.00671223551035	-0.00162341748364	-0.00671740295365
-8.15357050191	-37.4663218680	47.1917076142	-0.00679155159742	-0.00186476437375	-0.00708706444129
-8.31702710310	-37.4132357819	47.3813007788	-0.00692821899429	-0.00177968142089	-0.00694792205468
-8.25638899462	-37.3304054327	47.6771234546	-0.00689981365576	-0.00164786959067	-0.00674433307722
-1.86406776646	-31.6558109843	67.9435321989	-0.00171956222039	0.00754463253543	0.00854667276144
-1.40441306901	-31.6022730722	68.1347390277	-0.00133786187507	0.00762768974528	0.00868069659919
-1.83386328828	-31.5870807095	68.1889974661	-0.00169025780633	0.00765136256814	0.00871767941862
-1.50912173869	-31.6465033066	67.9767739051	-0.00142668036278	0.00755921285599	0.00857073627412
-1.68470798732	-31.6654478189	67.9091149324	-0.00157247169409	0.00752987060696	0.0085232919082
2.22015963745	-35.4271290483	54.4745391132	0.00206873985007	0.00215834146366	-0.00223342142999
1.76785134592	-35.4936886070	54.2368264037	0.00162510189693	0.00207091937773	-0.00249196588993
1.63863564571	-35.4300845591	54.4639837174	0.00151108507998	0.00223511108197	-0.00230689393356
2.03293220454	-35.4738700312	54.3076070315	0.00188320048619	0.0020810214337	-0.00240091816522
-0.253761185811	-32.4724974943	65.0267946632	-0.000421762728365	0.00633677374572	0.00651645613834
-0.51823391133	-32.4702192709	65.0349311753	-0.000644614978228	0.0063394382596	0.00652258750051
-0.656572748373	-32.5278603392	64.8290702172	-0.000763621239457	0.00625781575218	0.00637832516804
-0.541196825858	-32.5998077644	64.5721151271	-0.000668830471113	0.00615798588842	0.00619808398187
-8.77233931587	-34.9922006674	56.0278547592	-0.00759978638962	0.00219354149885	-0.000513146282174
-9.05245022372	-34.8685501385	56.4694637912	-0.00780475139618	0.00238166609779	-0.000167007339769
-9.04047385197	-34.9593380193	56.1452213597	-0.00779411569238	0.00223375041969	-0.000418984272983
-8.56323332820	-34.8636060210	56.4871213536	-0.00745045719668	0.00241596740671	-0.000155548463226
-8.75872008081	-34.8378057889	56.5792650396	-0.00759238936007	0.00244730059057	-8.24145317893e-05
0.710729481425	-32.0255152270	66.6231599037	0.000393563619582	0.00698024686426	0.00762098981068
0.619234290712	-31.9688202097	66.8256421083	0.000318767561112	0.00706496322528	0.0077624740079
0.53167525797	-32.0892584228	66.3955056329	0.000243877075263	0.00688719889149	0.00746485311538
0.26720253245	-32.0869801994	66.4036421450	2.40952194872e-05	0.00689171487466	0.00747289694846
6.84697240814	-37.6947163577	46.3760130082	0.00522613665089	-0.00219293520786	-0.00755655672401
7.37570056220	-37.6669528235	46.4751684876	0.00562956184149	-0.00214673927985	-0.00749874953181
7.03036885249	-37.5739319636	46.8073858444	0.00540694827214	-0.00199720310047	-0.00728391995654
7.24615360780	-37.7156556904	46.3012296772	0.00551434699446	-0.00222683651373	-0.00760865723714
7.29332122355	-37.6018511720	46.7076743858	0.00559337204322	-0.00204134383239	-0.00734811276197
7.07622574822	-37.7468667495	46.1897616091	0.00537649495527	-0.00227821455337	-0.00767669267952
-1.42393161282	-31.9942993422	66.7346452063	-0.00137731106952	0.00702961487696	0.0077066719532
-0.858181870406	-32.0083662212	66.6844063530	-0.000908421119675	0.00700967758894	0.00767266610637
-0.961525373756	-31.9458244674	66.9077697593	-0.000991009059362	0.00710317306221	0.00782797113061
-1.33862726553	-32.0597967803	66.5007257847	-0.00131043617148	0.00693208118901	0.00754405325279
-1.13805050802	-32.0684176034	66.4699371309	-0.00114417867735	0.00691985990852	0.00752318650484
-0.978079569952	-32.0537335732	66.5223800957	-0.001010366017	0.00694200955331	0.00755992997438
-8.76645874244	-35.3157299358	54.8723930863	-0.00758277252316	0.00165927154012	-0.00141369504854
-8.74938460335	-35.1662107723	55.4063900988	-0.00757759483531	0.00190781650599	-0.000998627510853
-8.55232549168	-35.2181824483	55.2207769705	-0.00743341585621	0.00183166621719	-0.0011483586859
-9.00554276769	-35.2241360050	55.1995142678	-0.00775933265686	0.00179985677823	-0.0011536704842
-8.96190520967	-35.2835953938	54.9871593079	-0.00772506231442	0.00170359027106	-0.00131923367735
-7.87955349484	-34.9500530865	56.1783818339	-0.00695343874395	0.00231555150822	-0.000407657760661
-7.64845371742	-34.9811217634	56.0674222734	-0.00678496062756	0.00227971258573	-0.000500663591083
-7.65636282873	-35.0442435243	55.8419874132	-0.00679006101564	0.00217422493733	-0.000680810771883
-7.87642466814	-35.0801585361	55.7137195140	-0.0069493711926	0.00209992844611	-0.000777497480158
-8.05489556932	-35.0480967320	55.8282259570	-0.00707961013541	0.00214204401709	-0.000682386395056
-7.63159342875	-34.8481893329	56.5421809539	-0.00677184993401	0.00250053382479	-0.000120854390843
-7.40049365134	-34.8792580099	56.4312213934	-0.00660312268883	0.00246620853432	-0.000213274091948
-7.12997948363	-34.7788891508	56.7896816044	-0.00640127202496	0.00265242974274	7.25040808902e-05
-7.58599410542	-34.7805799186	56.7836431478	-0.00673684850335	0.00261474470608	7.20451789675e-05
-7.37057329667	-34.7449088728	56.9110397401	-0.00657721795142	0.00268908380531	0.00017264924827
4.88259472148	-34.9737773201	56.0936524283	0.00433906307444	0.00261801900342	-0.000567341397982
4.69484432547	-35.0293604551	55.8951412317	0.00419415254146	0.00254638632759	-0.000748696736991
4.36886337911	-34.9685162183	56.1124420774	0.00393455056474	0.00269646430388	-0.000574756064452
4.51701954336	-35.0067296945	55.9759653769	0.00405354611576	0.00260955584235	-0.000687413907144
4.70420648921	-34.9191288678	56.2888254721	0.00419629458338	0.0027340229135	-0.000405327300541
0.465233038944	-32.6043831591	64.5557744317	0.000183849857422	0.00615195091814	0.00618211878464
0.475219461079	-32.4791576453	65.0030084096	0.000192355801119	0.00632642023265	0.00649535050616
0.721134202705	-32.5616529659	64.7083822646	0.000399890966946	0.00620994530618	0.00628647115082
0.70975963052	-32.4951476939	64.9459010934	0.000389805412851	0.00630287127569	0.0064529562369
-5.42848101593	-32.2005646084	65.9979835415	-0.00469555286691	0.00667833723128	0.00711890216917
-5.19820802135	-32.1440778319	66.1997220291	-0.00450147176161	0.00676854187623	0.00726892752573
-5.60967610497	-32.0583407609	66.5059258541	-0.00482676038519	0.00689662108198	0.00747534027323
-5.69441515285	-32.1716093751	66.1013950890	-0.00490845693275	0.00671949284151	0.00718478485942
-5.75450473178	-32.1039132806	66.3431668551	-0.00494952080771	0.00682395510376	0.00735536636785
4.33438411027	-35.5390429178	54.0748467220	0.00386197865009	0.00165292900056	-0.00233153998852
4.36852630062	-35.4772582514	54.2955062449	0.00390076613985	0.00176755781285	-0.00214493763633
4.74144802350	-35.5636431059	53.9869889075	0.00418286817148	0.00156646908727	-0.00236263917759
4.51945879532	-35.5868677370	53.9040437966	0.00400133663788	0.00154312164523	-0.00245251762681
4.80512136826	-35.5048529795	54.1969536448	0.0042436751537	0.00167078420054	-0.00218439148739
-1.67204883818	-38.1156130671	44.8728104748	-0.00151226611342	-0.00290466961451	-0.008818378672
-2.16523244954	-38.0901066656	44.9639047658	-0.00191607885063	-0.00286540063098	-0.00875945109874
-1.84701494638	-38.1852580482	44.6240783994	-0.00164473999757	-0.0030136606656	-0.00897352118045
-1.99362713379	-38.0571247659	45.0816972646	-0.00178146560211	-0.00281342398375	-0.00868685450405
-1.79119758028	-38.0614335559	45.0663087288	-0.00161626015324	-0.00281989970244	-0.00869744922966
4.05899611315	-32.8902326483	63.5348833988	0.00321980332956	0.00569427618757	0.00537213077769
3.73444152512	-32.8266730694	63.7618818950	0.00294292881154	0.00579203711823	0.00554563291371
3.99680175223	-32.9604733249	63.2840238395	0.00317977485247	0.00559837184846	0.0051937783137
3.50510324883	-32.8594351581	63.6448744354	0.00275766849518	0.00575272226706	0.00546944746748
3.90562097169	-32.8523657476	63.6701223300	0.00308779091574	0.00575152272359	0.00547431269661
-7.97480167868	-34.4987278780	57.7902575784	-0.00701027037576	0.00304470025003	0.000871945114341
-7.38946501251	-34.4708111222	57.8899602777	-0.00657371338457	0.0031303758733	0.000957280572038
-7.71970216128	-34.5410899156	57.6389645872	-0.0068241218105	0.00299381837249	0.000754548760597
-7.52167910293	-34.5173133897	57.7238807510	-0.00667572719976	0.00304615823552	0.000823643815238
4.10985066301	-38.1557062480	44.7296205428	0.00310043385252	-0.00293687079102	-0.0086907884106
4.39886250909	-38.2120035281	44.5285588282	0.00332117197104	-0.00302354013547	-0.00879201199859
3.95291600783	-38.1951630849	44.5887032683	0.00298132654279	-0.00299892947078	-0.00878894608468
3.90983870327	-38.2518474399	44.3862591431	0.00294969556853	-0.00308659975417	-0.00891653075814
4.30471309554	-38.1728842070	44.6682706894	0.00324857723899	-0.00296275177971	-0.00871368963271
6.31972881258	-37.0033152824	48.8453025628	0.00504844076931	-0.00106492056511	-0.00598318781704
6.72363414444	-36.9321417379	49.0994937932	0.00538152130321	-0.000946111802477	-0.00579131115228
6.30472095418	-36.9302920477	49.1060998297	0.0050585702993	-0.0009423038573	-0.00580964423716
6.51072400824	-37.0445131055	48.6981674805	0.00518360221758	-0.00113371363841	-0.00607117591426
6.52803032989	-36.9005425172	49.2123481529	0.00524023035541	-0.000892762909643	-0.00572540378198
-5.71740880381	-35.3074539126	54.9019503123	-0.0053460909985	0.00188551028259	-0.0015336072538
-5.77510855069	-35.4114585438	54.5305052006	-0.00537976296619	0.00169546529651	-0.00183591654059
-5.28092129271	-35.3524184735	54.7413625946	-0.00501037854701	0.00185038661584	-0.00169838860165
-5.27334058128	-35.4165176618	54.5124369221	-0.00499728508294	0.00173525640275	-0.00188950321171
-5.49166586930	-35.2999707841	54.9286757710	-0.0051758363843	0.00192183849867	-0.00152666401118
-5.79563046182	-35.3537168980	54.7367253642	-0.00540104648098	0.00179606548045	-0.0016649060417
10.2793363440	-36.5542100404	50.4492498557	0.00816084537655	-0.00031426618807	-0.004722869955
10.6863292987	-36.4753184011	50.7310057104	0.00848214980215	-0.000183107651537	-0.00451189884916
10.6010842439	-36.6078544716	50.2576626016	0.00838555581868	-0.00039976768312	-0.00485958531499
10.7415293600	-36.5402911662	50.4989601207	0.00850702356547	-0.000288719864329	-0.00468190340325
10.4232580777	-36.5900044054	50.3214128377	0.00825830735266	-0.000371875968995	-0.00481460057199
-4.35019503537	-35.4492486710	54.3955404607	-0.00427199713886	0.00177888246253	-0.00207009469159
-4.77580540355	-35.3669650351	54.6894105888	-0.00461876625195	0.00188112538308	-0.00178290123586
-4.76822469213	-35.4310642234	54.4604849163	-0.0046044588089	0.0017634879332	-0.00197606836446
-4.56064302676	-35.4550583406	54.3747916406	-0.00443788571283	0.0017426488921	-0.00206711352803
8.69575668759	-37.3157396087	47.7295013976	0.00674645323306	-0.00156609108672	-0.0066681643948
8.44203417070	-37.2959694941	47.8001089496	0.00656401924789	-0.00153659877833	-0.00662112841383
8.88380100583	-37.2628045078	47.9185553293	0.00690568005666	-0.00147851009388	-0.00653757760301
8.80130870057	-37.1921441116	48.1709138872	0.00686866976321	-0.00136486708652	-0.00636387336999
8.51294459810	-37.1855442978	48.1944846508	0.00665539968759	-0.00135670660529	-0.00635068072006
-10.0684566718	-33.4363955343	61.5843016631	-0.00851299706846	0.00464271381497	0.00370055274107
-10.0896314305	-33.2974198927	62.0806432405	-0.00851949863136	0.00486459257081	0.00406982237473
-10.3183230992	-33.4403145690	61.5703051106	-0.00870478339493	0.00463012745604	0.0036784124095
-10.4950016747	-33.3795893645	61.7871808411	-0.00883659999818	0.00472357403487	0.0038320266176
-10.3989350379	-33.3155168457	62.0160112652	-0.00875886995345	0.00482866540551	0.00400716764852
9.28496822371	-33.7910509898	60.3176750364	0.00752869807184	0.00419995887205	0.00282614259049
8.82484715203	-33.7854222477	60.3377776869	0.00717708282173	0.00421975180507	0.00285152625293
9.05831290001	-33.8186500872	60.2191068314	0.00736069912091	0.00416218396276	0.00275591178797
8.85451019181	-33.7121378121	60.5995078140	0.00718688545749	0.00433244975284	0.00305003253743
-3.83307443023	-35.1462373019	55.4777239219	-0.00389072438702	0.00242279935628	-0.00117534794845
-3.59020982300	-35.1828351977	55.3470171511	-0.00369018968195	0.00239573651925	-0.00131216947921
-3.75596700907	-35.0689891246	55.7536102692	-0.00383047899231	0.00257628271356	-0.000932580674998
-3.40642046828	-35.1306279640	55.5334715571	-0.00354116642848	0.00252584228292	-0.0011582695879
-1.46332423849	-33.9605091723	59.7124672419	-0.00159593857825	0.0044566905126	0.00260313297622
-1.60455380189	-34.0182676409	59.5061869969	-0.00173783127684	0.00438362685964	0.00243179989047
-1.46796049335	-34.0899411744	59.2502100913	-0.00162404600997	0.00431887758896	0.00222465558909
-1.24570193373	-34.0950268390	59.2320470035	-0.00141462113243	0.00433187233284	0.00221515400335
-1.12526359448	-34.0430421001	59.4177067853	-0.00129184999969	0.00439360737801	0.00237154145725
2.01550882946	-34.2006256738	58.8549083078	0.00174754904583	0.00415982957929	0.00187076209113
1.92605424110	-34.3247214600	58.4117090714	0.00169808638748	0.00403140857816	0.0014888253063
1.79288106050	-34.2009255785	58.8538372198	0.00154036819004	0.00418353872374	0.00187706470024
2.09517036228	-34.2692695962	58.6097514420	0.001840086421	0.00407299026847	0.00165732926689
1.66947668223	-34.2475128794	58.6874540022	0.00143583933823	0.00414629653096	0.0017376258038
3.33742120541	-33.8559363579	60.0859415791	0.00282353674993	0.00444286130369	0.0028268287424
2.79784981856	-33.8647496696	60.0544654656	0.00235876510851	0.00447666924447	0.00282362219878
2.97603894558	-33.9283996685	59.8271440411	0.0025316758547	0.00438331672922	0.00263586640358
3.15307898831	-33.8006787291	60.2832902533	0.00265024625696	0.00452771503478	0.00298925954849
2.90951715637	-33.7972539230	60.2955217036	0.00243854243308	0.0045507545583	0.00300861522555
8.02130377946	-36.9542923183	49.0203845776	0.0063615841791	-0.000981308170594	-0.00579248042777
7.56125751515	-36.8703382145	49.3202206626	0.00603966182098	-0.00084324501222	-0.00560177350417
7.98058113949	-36.8858063969	49.2649771538	0.00635196035728	-0.000868338102009	-0.00562425097451
7.53506482091	-36.9330314233	49.0963163452	0.00600074417889	-0.000947422697209	-0.0057570328936
7.82098818373	-36.8466060016	49.4049785658	0.00624337838963	-0.000803623290267	-0.00553269637749
-1.47923323865	-32.4287159817	65.1831572081	-0.0014511612244	0.00639270991087	0.00662285136059
-1.24418506356	-32.5774274271	64.6520449031	-0.00126278039534	0.00618434045464	0.00625164667144
-1.63118579588	-32.4858242980	64.9791989356	-0.00158285500947	0.00630979286507	0.00647839391604
-1.21392210008	-32.4465765449	65.1193694825	-0.00122931262013	0.00636933511123	0.00657991459593
-1.12850359802	-32.5125979641	64.8835786996	-0.00116123410407	0.00627641472965	0.00641502300277
-0.460738702574	-33.7948310341	60.3041748781	-0.00064157723682	0.00467810593545	0.00308848801069
-1.03242573311	-33.8029766616	60.2750833514	-0.00117364735343	0.00465047219768	0.00305859535001
-0.686447463099	-33.7392020716	60.5028497443	-0.000847922463436	0.00473190052435	0.0032400675118
-0.999010242316	-33.7452257646	60.4813365549	-0.00113662774675	0.00471474742517	0.00321915396489
0.388709994835	-33.3925270642	61.7409747708	0.000133468623972	0.00513373082504	0.00416968250647
-0.0164762560134	-33.3086361024	62.0405853486	-0.000228847493418	0.00523498468101	0.00439143693075
0.106588250207	-33.3837499661	61.7723215498	-0.000118757772725	0.00514498539269	0.00419464474544
0.118284681645	-33.2517748710	62.2436611748	-0.000109939021058	0.00530458148569	0.00453864131123
0.414717258155	-37.1937292962	48.1652525135	0.000162570955581	-0.00138732441701	-0.00676527386531
0.601206166105	-37.0607934407	48.6400234262	0.000326127745211	-0.00115406850819	-0.00646480359137
0.227469602896	-37.1143353768	48.4488022258	2.03144350053e-06	-0.00124945142306	-0.00659203063697
0.659883394914	-37.1714495492	48.2448230384	0.000373196060536	-0.00134796486236	-0.00670991465449
0.381154412482	-37.0756254976	48.5870517941	0.000135262918775	-0.00118083553389	-0.00650288723409
-3.37789544843	-34.8956169626	56.3727965620	-0.00351296714507	0.00294840382412	-0.000386129599065
-2.94574214489	-34.8238559557	56.6290858725	-0.00313847581856	0.00315251201391	-0.000162769691087
-3.24375849594	-34.8322641529	56.5990565968	-0.00339395971969	0.00307951821014	-0.000181247582077
-2.85917215193	-34.9060387597	56.3355758584	-0.00307221384719	0.0030345863197	-0.000444522476755
-3.01201642746	-34.9556081134	56.1585424523	-0.00320766144432	0.00291792280041	-0.000604321947321
-2.23280518587	-34.3438181599	58.3435065718	-0.00239621894434	0.00394773483276	0.00142338860314
-2.12306994063	-34.4594202555	57.9306419445	-0.0023248353973	0.00382558186539	0.00105394097045
-1.87648653159	-34.4653376507	57.9095083904	-0.00209507695399	0.00385839608498	0.00103889068123
-2.21635100258	-34.4051050897	58.1246246796	-0.00239705643617	0.00387664069422	0.00122830364853
7.81671159151	-33.0657976892	62.9078653956	0.00626026373357	0.00533762201667	0.00480272015557
7.65317132421	-33.0002565676	63.1419408299	0.00611978443339	0.00543843070045	0.0049787745811
7.41733111285	-33.1438723832	62.6290272027	0.00596332317218	0.00522984704003	0.00460728257895
7.39178271143	-33.0172830035	63.0811321305	0.00591832678765	0.00541836302727	0.00494059268385
7.32752987035	-33.0810678719	62.8533290291	0.00588039727882	0.00532522844151	0.00477489549667
1.45918521854	-37.1693629708	48.2522751043	0.00105592585169	-0.0013429063838	-0.00667713116854
1.63716619147	-37.2239064355	48.0574770161	0.00120185583364	-0.00143680907786	-0.00679050618783
1.09308753403	-37.2820588830	47.8497897036	0.00073773751501	-0.00153752439655	-0.00694185495377
1.52685359522	-37.2806192728	47.8549311684	0.00110400561243	-0.00153409631457	-0.00692141568288
1.06678071541	-37.2254724313	48.0518841738	0.000718379160389	-0.00144051003736	-0.00681732036173
1.30536462131	-37.2911226014	47.8174192807	0.000916599004995	-0.00155249121599	-0.00695393420756
2.42316485368	-37.6573778754	46.5093647306	0.00181119295303	-0.00215789955109	-0.00770738301799
2.92021340734	-37.6216596344	46.6369298771	0.002214751672	-0.0020973936189	-0.00759961036965
2.51035856802	-37.5963542421	46.7273062783	0.00188730959781	-0.0020580147393	-0.00756836496294
2.73897782747	-37.5906920828	46.7475282759	0.00207262625918	-0.00204773084261	-0.00754251796752
2.58075596687	-37.7008157951	46.3542293032	0.00193439377472	-0.00222752918489	-0.00779383862391
1.64170436361	-37.5042195793	47.0563586453	0.00118386861868	-0.00190970266704	-0.00741009647027
1.61689347495	-37.3817267811	47.4938329247	0.00117168261204	-0.00170519668609	-0.00714116496965
1.39540450105	-37.3922301096	47.4563210370	0.000985946273431	-0.00172348332126	-0.00717384414747
1.27506932013	-37.4370991632	47.2960744171	0.00088297954062	-0.00179914326873	-0.00727757113054
1.39493149230	-37.4807568572	47.1401540816	0.000980649376288	-0.00187159329653	-0.00736897112802
0.915056062165	-37.6345065189	46.5910481468	0.000578400911763	-0.00212707440369	-0.00772408954799
1.11772083559	-37.6901418109	46.3923506753	0.000744934892282	-0.00221696845256	-0.00783920567483
1.48641880806	-37.5963943256	46.7271631227	0.00105088797864	-0.00206234049983	-0.00761936418712
0.99234121766	-37.5763537621	46.7987365640	0.000643147912342	-0.00203130254522	-0.00759396096691
1.23964593675	-37.5729316035	46.8109585590	0.000848091207445	-0.00202471925877	-0.00757766980678
0.0500460475815	-37.2442034178	47.9849877935	-0.000149562678416	-0.00147574418224	-0.00688357045874
-0.137201607678	-37.1648094984	48.2685375057	-0.00031183034298	-0.00133901287336	-0.00670898845419
-0.416915003371	-37.2569402717	47.9394990298	-0.00054842006648	-0.00149950699415	-0.00691560795531
-0.196808533327	-37.2911170817	47.8174389939	-0.000359154626494	-0.00155712699052	-0.00699034845456
-9.27194827356	-35.8873435669	52.8309158325	-0.00790402293205	0.000694106565788	-0.00295339827426
-9.62043228352	-35.7701720069	53.2493856896	-0.00816718954593	0.000877408485394	-0.00262310705148
-9.40369160845	-35.7340542802	53.3783775707	-0.00801334064454	0.000942840997595	-0.00253491965123
-9.14110425298	-35.7701897929	53.2493221684	-0.00782014708966	0.000891122035682	-0.00264402944595
-9.07895573911	-35.8483106162	52.9703192279	-0.0077676079236	0.000763792719226	-0.00285779219121
11.0433085966	-34.5604195366	57.5699302263	0.00893450900912	0.00294694537297	0.000689386914019
10.5231717851	-34.4762622596	57.8704919301	0.00854205992073	0.00308929942548	0.000926736043766
10.8419866100	-34.6056845032	57.4082696316	0.00878668949008	0.00287615694106	0.000566951115616
10.5528302152	-34.5653158718	57.5524433152	0.00856957305223	0.00294535956345	0.000680940633174
10.7914620100	-34.4540840320	57.9496998856	0.00874071661383	0.00312120723538	0.000984625308774
6.56778951918	-32.2019813727	65.9929236688	0.00514667201787	0.00662715593353	0.0070573175326
6.03516234730	-32.1336826881	66.2368475424	0.00472196703777	0.00673602428287	0.00723979668692
5.99458694691	-32.2146313333	65.9477452383	0.00469694286585	0.00661820406094	0.00703637860715
6.26607865063	-32.1065047471	66.3339116174	0.00490139238536	0.00677207903937	0.00730395922437
6.49234264805	-32.1438735357	66.2004516581	0.00508210295811	0.00671354215592	0.00720561016351
6.50830039849	-32.2545816649	65.8050654826	0.00510529289022	0.0065510799177	0.00692516425624
8.25147966360	-34.8990068311	56.3606898888	0.00687855156139	0.00247092009522	-0.000252772966633
8.38293977489	-34.7659021164	56.8360638701	0.00697006704286	0.00268285325728	0.000126079743495
7.9707119405	-34.7838468556	56.7719755157	0.00666474783793	0.00267306668684	7.18660376151e-05
8.02419137556	-34.8714077377	56.4592580797	0.00670896377414	0.0025270069018	-0.000177245834493
8.16483900867	-34.7640050145	56.8428392338	0.00680789910257	0.00269589107484	0.000129983629449
-8.46434123188	-33.7449000523	60.4824998132	-0.00731167709455	0.00421021785587	0.0029424878303
-8.55343206469	-33.6773222104	60.7238492486	-0.00737269455567	0.00431232107803	0.00312177743763
-8.36010773625	-33.6293353332	60.8952309529	-0.00721899373457	0.0043957773596	0.00325958384201
-8.07555672296	-33.6476928439	60.8296684147	-0.00700209615752	0.00437985360622	0.00322193652391
-8.07169567792	-33.7272310184	60.5456035059	-0.00700882356614	0.00425624381751	0.00300636445172
7.53711362926	-34.3331214135	58.3817092377	0.00628997478634	0.00341889122501	0.00135558890179
7.76901226801	-34.3594613045	58.2876381983	0.00646921433508	0.00336499419063	0.00127871870063
7.79689816430	-34.4330406106	58.0248549623	0.00650039920583	0.0032470561564	0.00107019231655
7.41261956447	-34.4504483468	57.9626844757	0.00621314579621	0.00324088637717	0.00102296459954
7.62586438012	-34.4634242438	57.9163419864	0.0063756480813	0.00320801441558	0.000984879094176
-11.9304567152	-35.0667617537	55.7615651652	-0.00987467262894	0.0019337501144	-0.000710540101863
-11.6590627552	-35.091097347	55.6746523321	-0.00967612862587	0.00190752395429	-0.000772250758018
-11.8484995593	-34.9998686093	56.0004692524	-0.00982007477432	0.00204557692632	-0.000535837898497
-11.6443196899	-34.9727801828	56.0972136330	-0.00967384502292	0.00209902809002	-0.000462394760689
-11.4177889204	-35.0620598737	55.7783575939	-0.00950322858989	0.00196525151841	-0.000694866350386
-6.42827712065	-34.6977077443	57.0796151988	-0.00587517209351	0.00284680677578	0.000302300497424
-6.56150281372	-34.5588573046	57.5755096265	-0.00596256693825	0.0030580884777	0.000709124666173
-6.69314087549	-34.6860508278	57.1212470435	-0.00607206253335	0.00284117134288	0.000338422338245
-6.24353017076	-34.6370471454	57.2962601951	-0.00573122128844	0.00296298973262	0.000479749520309
-6.32747738466	-34.5710169744	57.5320822342	-0.00578768877313	0.00306064658798	0.000674020149745
9.46491064359	-34.7254605714	56.9804979592	0.00777023239061	0.00270987814292	0.000242653783062
9.60835018490	-34.5848147131	57.4828045962	0.00786849670112	0.0029334705323	0.000634120893665
9.17673429737	-34.6133940318	57.3807356005	0.0075497017242	0.00289996620268	0.000556326995138
9.23762235555	-34.6978614780	57.0790661501	0.00760031305254	0.00276140030473	0.000319929531543
9.37336502077	-34.5889370696	57.4680818943	0.00769410608336	0.00293336668983	0.000623857718892
9.36390087443	-35.8288603432	53.0397844887	0.00763585278764	0.000888324575499	-0.0028152987361
9.53701708608	-35.7943765676	53.1629408300	0.00776874553412	0.000943555729464	-0.0027168430388
9.52931676168	-35.9256470012	52.6941178528	0.00774196814746	0.000724929443095	-0.00307252677158
9.73127756436	-35.7838438503	53.2005576776	0.00791340880096	0.000958729709964	-0.0026833799202
9.37153678167	-35.8819417586	52.8502080049	0.0076329279691	0.000799593341071	-0.00295894150622
1.28403923625	-36.4176930493	50.9368105382	0.000985234975815	5.18548622495e-05	-0.00496952934191
1.72405521648	-36.4884045018	50.6842696363	0.00137209438253	-9.46468135226e-05	-0.00510961655527
1.56320852006	-36.4250659795	50.9104786445	0.00123774737585	3.29314098053e-05	-0.00497040338814
1.40726868576	-36.5699583743	50.3930058061	0.00107602740172	-0.000249372853432	-0.00531923910603
-4.83999921126	-33.0720186757	62.8856475868	-0.00433621741831	0.00539337610826	0.00489681400359
-4.42047705866	-33.0660973189	62.9067952897	-0.00398974912241	0.00541911274195	0.00492818979546
-4.52847581759	-33.0117821951	63.1007778745	-0.00406990759075	0.00549239804968	0.0050659449771
-4.76663179978	-33.0167926187	63.0828835045	-0.00426676077768	0.0054759606719	0.00504400767386
-11.1781415178	-34.7738901644	56.8075351270	-0.00934896431863	0.00244239415042	7.13202098268e-05
-11.4238154195	-34.8097913282	56.6793166849	-0.00952547881752	0.00237356149592	-2.92760232696e-05
-11.4070212568	-34.8838688508	56.4147541043	-0.00950796063989	0.00225394917652	-0.000224755422096
-10.9539164412	-34.8117177097	56.6724367512	-0.00918346922845	0.00239035487175	-2.51563524216e-05
8.73004467156	-34.1720023141	58.9571345925	0.00716710975394	0.00361906760372	0.00179102900438
8.58248340774	-34.2968549156	58.5112324444	0.00707321660593	0.00342739117332	0.00144572800491
9.01387552377	-34.2791274985	58.5745446482	0.00739504396915	0.00344024389051	0.00148969562724
8.95072766663	-34.2009034248	58.8539163399	0.00733743887395	0.00356612424366	0.00170756061561
8.81693392021	-34.3106124225	58.4620984912	0.0072511062026	0.0033969336655	0.0014045634307
-11.6905413448	-35.6849365771	53.5537979390	-0.00966931693256	0.000964016537182	-0.00232314458117
-11.4307359985	-35.6478319681	53.6863143998	-0.00948278885335	0.0010292128427	-0.00223402166739
-11.6516485976	-35.7499332486	53.3216669692	-0.00963815301657	0.000862853194121	-0.00249492865987
-11.3727329151	-35.7778248166	53.2220542266	-0.00943456497043	0.000824785616715	-0.00257786479779
-11.2035555279	-35.6815015411	53.5660659248	-0.00931681971997	0.000981569406576	-0.00232990877703
2.71164419389	-38.1754859458	44.6589787650	0.00201892037876	-0.00297681149095	-0.0088268769905
2.79763177029	-38.2874774345	44.2590091624	0.00208807131276	-0.0031485655345	-0.00906805787235
3.04518665201	-38.2715327326	44.3159545265	0.00228120060638	-0.00312229245901	-0.00901811011136
2.67953469013	-38.2401277655	44.4281151232	0.00199449108914	-0.00307675264776	-0.00897070579231
3.11403692643	-38.1935978761	44.5942932995	0.00233371229842	-0.00300192995928	-0.00884248316288
9.19913340292	-35.9982058054	52.4349792663	0.00748513173312	0.000607336871326	-0.003277878277
9.09165923958	-36.0570841086	52.2246996123	0.00739434640855	0.000509991194122	-0.003439422464
8.72401385877	-36.0033171814	52.4167243522	0.00713228993118	0.00060485949507	-0.00330878887326
8.86973059030	-36.0570647597	52.2247687154	0.00722989952192	0.000512525206432	-0.00344736035913
9.04135342290	-35.9545005628	52.5910694184	0.00737644266337	0.000682436744682	-0.00316554051824
-7.88636563340	-32.8078430776	63.8291318656	-0.00674807839096	0.00569093739614	0.00546218501404
-7.33878234537	-32.8082092353	63.8278241596	-0.00631291838363	0.00570389442146	0.00548454374075
-7.42702200195	-32.7444437076	64.055558187	-0.00637503154576	0.00580044556409	0.00564712705091
-7.50205331917	-32.8664683402	63.6197559279	-0.00645041745156	0.00560950348154	0.00532534113154
-7.70998672832	-32.8550235056	63.6606303372	-0.00661404337734	0.0056218104437	0.00534634850919
-2.42648724554	-36.3313099348	51.2453216616	-0.00242544221692	0.00017829486751	-0.00470020109788
-2.21760851898	-36.3834779712	51.0590072458	-0.00222890055738	8.25943570817e-05	-0.00484442291781
-2.08685675542	-36.2679564241	51.4715841998	-0.00213596969843	0.000318494130624	-0.00457082316279
-2.33442519264	-36.2828437954	51.4184150165	-0.00235450617038	0.000278455379885	-0.00458775227889
8.88891910788	-35.7749272302	53.2324027493	0.00729355122894	0.000986437313259	-0.00268375920132
8.63032515679	-35.6805920577	53.5693140798	0.00711595872417	0.00115086673759	-0.00243469653651
8.85217458243	-35.7095765877	53.4657979011	0.00727588264272	0.00109703349881	-0.00250631337985
8.46756359348	-35.7735290624	53.2373962058	0.00698200985789	0.000997723313048	-0.00269600725733
8.47719515404	-35.7186697364	53.4333223699	0.00699734641239	0.00109030795284	-0.002545240568
6.61014463868	-37.8081786661	45.9707904781	0.00500903651118	-0.00237695360556	-0.00780694419518
6.36496064566	-37.6851621737	46.4101350940	0.00486812647432	-0.00217736838385	-0.00753741199151
6.37739710300	-37.7676453417	46.1155523510	0.00484991818666	-0.00230979640037	-0.0077177551575
6.83070973477	-37.7824347598	46.0627330006	0.00518142152578	-0.00233592116274	-0.00775243667886
-6.93150684065	-37.6954357761	46.3734436568	-0.00579666160047	-0.00223344587721	-0.00770131964236
-6.53037654378	-37.7989904448	46.0036055544	-0.00546040805057	-0.00239883665927	-0.00796713400632
-6.96469340100	-37.7634142694	46.1306633234	-0.00580701604486	-0.00234073610045	-0.00786465872079
-6.46988339092	-37.7349890525	46.2321819553	-0.00542766833678	-0.00229791831225	-0.00781577453017
-6.76517142669	-37.8128919210	45.9539574249	-0.00564046530053	-0.00241968897171	-0.00799177400768
-5.93967183089	-33.4886447521	61.3976973140	-0.00530299264938	0.00473313825205	0.00374262733385
-6.331827168	-33.5376623102	61.2226346064	-0.00562401954085	0.00463814102113	0.00359331606887
-6.22385174686	-33.5958881551	61.0146851605	-0.00554884737357	0.00455778511241	0.00343963457271
-6.18012225107	-33.4801524493	61.4280269669	-0.00549328420311	0.00473217060789	0.00375534966588
7.66054815692	-34.2085778588	58.8265076473	0.00636350084096	0.00360725959763	0.00170530797914
8.02944942984	-34.1080592387	59.1855027191	0.00662686489522	0.00374648999423	0.00198023463599
7.89244679568	-34.2349177498	58.7324366079	0.00654366379604	0.00355464057066	0.00162799376994
7.62339263294	-34.1356678361	59.0869005853	0.00632266467437	0.00372248282656	0.0019103466766
7.79636714966	-34.0914591512	59.2447887458	0.00644665816799	0.00378269143403	0.00203066691756
6.14186499667	-32.7733998749	63.9521433039	0.00488589890301	0.00580408424139	0.00560706062242
5.62237547794	-32.8211608104	63.7815685344	0.00447871908545	0.00574805261567	0.00549877528101
5.62895478425	-32.7467082938	64.0474703794	0.00447183195502	0.00585512723774	0.00569010479376
5.83455383182	-32.8593784076	63.6450771157	0.0046553267166	0.00568732246757	0.00539387203753
6.05623549609	-32.8323439611	63.7416287105	0.00482771638781	0.00572069361806	0.00545730115846
7.70698140956	-37.2341508412	48.0208898528	0.00603417726234	-0.00144189374987	-0.00648137135431
7.47101755947	-37.2057537742	48.1223079495	0.00586559344083	-0.00139689189382	-0.00641872780398
7.81833190143	-37.1355823394	48.3729202165	0.00615077558905	-0.00128012336791	-0.0062414794229
7.46270661877	-37.1354683575	48.3733272945	0.00588222406805	-0.00128172128461	-0.00625071302056
-8.57353521853	-35.4286781972	54.4690064385	-0.0074369139038	0.00148024933878	-0.00173327489756
-8.98059199321	-35.4132774234	54.5240092021	-0.00773121695966	0.00148807046935	-0.00167652848177
-8.95292293086	-35.3516863044	54.7439774842	-0.00771493278444	0.00159128243104	-0.00150760891847
-8.78212793068	-35.4433248168	54.4166970829	-0.00758637767285	0.00144660484511	-0.00176611740608
-3.43507144372	-37.8891084481	45.6817555424	-0.00297873723321	-0.00254861707799	-0.00828505959362
-3.01265621305	-37.8568318445	45.7970291267	-0.00264174467884	-0.00249722413719	-0.00822210218757
-3.28097399040	-37.9460522900	45.4783846785	-0.00284374738112	-0.0026388973929	-0.00841823685914
-3.01084423367	-37.9311962925	45.5314418125	-0.00262752035633	-0.00261540431529	-0.00839036423713
-8.09711215370	-35.2273602050	55.1879992679	-0.00710417469963	0.00184097175952	-0.00118748447858
-7.87991806414	-35.3411894471	54.7814662602	-0.00694060046226	0.00166240287945	-0.0015160109615
-7.64675423687	-35.3061181574	54.9067208663	-0.00677322922274	0.00173539400566	-0.0014265262289
-7.65557583424	-35.2330668230	55.1676184894	-0.00678351800889	0.00185802369379	-0.00121886166744
-7.87299859314	-35.2054692848	55.2661811258	-0.00694272341207	0.00189081439748	-0.00113295926712
0.626554412627	-38.0458638871	45.1219146891	0.00035025642137	-0.00278742937371	-0.00863380264491
0.426448572863	-38.1352600381	44.8026427210	0.000192901890841	-0.00292839901522	-0.0088354293257
0.58367667202	-38.1924385958	44.5984335864	0.000323197891703	-0.00301659060642	-0.00895660370588
0.852668828228	-38.0899215139	44.9645660219	0.000535097089596	-0.00285540684126	-0.0087233800441
-6.42499311897	-37.4621543116	47.2065917444	-0.00545495469123	-0.00186263537034	-0.00716067897156
-6.03716932407	-37.4880388211	47.1141470675	-0.00514461193234	-0.00190461275633	-0.00724314386025
-6.13663864753	-37.5499799256	46.8929288370	-0.00520868087187	-0.00200408231467	-0.00738677475601
-6.21774480705	-37.438769584	47.2901086286	-0.00529787410051	-0.0018250758294	-0.00711513543501
5.19164958388	-37.5881298470	46.7566791180	0.00400267681107	-0.00202839286067	-0.00737362122163
4.95084792538	-37.6294448536	46.6091255230	0.00380653492175	-0.00209654844366	-0.00747903669253
5.21408836349	-37.7525427694	46.1694901093	0.00397713668644	-0.00229042186402	-0.00772983720526
4.93236672511	-37.7268042256	46.2614134798	0.00376903731376	-0.00225222902372	-0.00769239524379
-7.39419517080	-37.5898353230	46.7505881320	-0.00617947662249	-0.00206411443651	-0.00742459623143
-7.10477837281	-37.5615622706	46.8515633192	-0.00596176506951	-0.00202024332248	-0.00736856414005
-7.16240949552	-37.7127231720	46.3117029571	-0.00597209250554	-0.00225975783542	-0.00773392803967
-7.35644294814	-37.6717009003	46.4582110703	-0.00613175053149	-0.00219399482012	-0.00762620521709
7.09068399068	-33.8260290041	60.1927535566	0.00585210230201	0.00422207033262	0.00278202886693
7.36465447114	-33.8112401944	60.2455707344	0.00606117025018	0.00423168577254	0.00281558767892
7.21599873852	-33.6917170899	60.6724389647	0.00592074403539	0.00441841920838	0.00314642232843
7.37301992138	-33.7350745582	60.5175908637	0.00605180766433	0.0043465141207	0.00302391964942
6.87427840282	-33.7762329909	60.3705964610	0.00567301176488	0.00430741347373	0.00292479270138
-3.91961394862	-34.9064620636	56.3340640585	-0.00395794538781	0.0028314741794	-0.000398427306209
-4.34397489801	-34.8576173980	56.5085092928	-0.00429285876453	0.00284350430593	-0.000226352844038
-4.04545820009	-34.9660626518	56.1212048151	-0.00406233593822	0.00270813447423	-0.000584339781199
-4.07239945486	-34.8392765388	56.5740123615	-0.00407501729205	0.00291791139171	-0.000176783913048
-10.9140875003	-36.3733784899	51.0950768218	-0.00905230455101	-0.000115857037599	-0.00416327128187
-10.9133613811	-36.5103404539	50.6059269503	-0.00903566740453	-0.000334012875101	-0.00452181091532
-10.7681956792	-36.4393768572	50.8593683671	-0.00893736630678	-0.000220520916628	-0.0043423245661
-11.1405124016	-36.4021721046	50.9922424835	-0.00921552814543	-0.00016249694454	-0.00422944501042
8.64965060565	-34.0281267706	59.4709758192	0.00708442926407	0.00384743348695	0.00219024554826
8.41934264526	-34.0060681829	59.5497564898	0.00690598553047	0.00388979492709	0.00225549703464
8.59795267710	-33.8860570816	59.9783675657	0.00702147325501	0.00407024286687	0.0025816897396
8.83141842508	-33.9192849211	59.8596967102	0.00720475474373	0.00401155790314	0.00248577841558
8.83514002623	-33.9862689319	59.6204681005	0.00721842329949	0.00390692893416	0.00230190833099
11.0483323904	-34.2846064078	58.5549771152	0.00892041996121	0.00339054292999	0.00144598877523
10.8331604994	-34.3166483349	58.4405416610	0.0087617887184	0.00334142940119	0.00136142026167
10.6623716369	-34.2688085947	58.6113978761	0.00862972531468	0.00342015572824	0.00149513431825
10.7136465790	-34.2173233545	58.7952737340	0.00866341311485	0.00350184109993	0.00163541513029
-6.58156560584	-32.2190559848	65.9319429114	-0.005632258486	0.00663380883634	0.00703572155908
-7.07055625675	-32.2907613069	65.6758524753	-0.0060343965888	0.00651478115469	0.00683491211385
-6.72469122263	-32.3287335565	65.5402372982	-0.00576057424769	0.00646038679406	0.0067494744435
-6.81524957748	-32.1950581983	66.0176492918	-0.00581789249554	0.00666847731918	0.00708947144449
-7.04807160868	-32.2313877227	65.8879009904	-0.00600945809856	0.00660843076184	0.00698833214119
-6.90887918593	-32.3178754682	65.5790161850	-0.00590756814927	0.00647457968444	0.00677089439705
-1.31271148987	-33.2852793558	62.1240023008	-0.0013736418914	0.00524420896545	0.00444406550378
-0.863028758751	-33.3674222896	61.8306346799	-0.000982807017863	0.00515413424	0.00423477543518
-1.27113443078	-33.3953998197	61.7307149295	-0.00134726485703	0.00511000445113	0.00415584770963
-1.01920757846	-33.4047256212	61.6974084958	-0.00112433661707	0.00510565843433	0.00413490785286
-1.40079422207	-33.3340727615	61.9497401374	-0.00145576649811	0.00518122361973	0.00431496696547
-1.13964036270	-33.2778831952	62.1504171601	-0.00122088822536	0.00525768008083	0.00446578301489
-0.549617352349	-33.0693172295	62.8952956088	-0.000692796253134	0.00553012639284	0.00500918319449
-0.706348128978	-33.1379294413	62.6502519954	-0.000832248013467	0.00544087588787	0.00483227102086
-0.37061614754	-33.2234876768	62.3446868687	-0.000540858658496	0.0053372993134	0.00461270427331
-0.235855209881	-33.1666264454	62.5477626949	-0.000421300181188	0.00540915271267	0.00475963857025
-0.32089746919	-33.0909109002	62.8181753564	-0.000494231062476	0.00550436088815	0.00495425751433
-11.4716295615	-34.1004961110	59.2125138891	-0.00959306489676	0.00353082083166	0.00185836106539
-11.4011361648	-34.0368921350	59.4396709465	-0.00954118557274	0.00363666051999	0.00203176774085
-11.1133107032	-34.0207760317	59.4972284582	-0.00932602863759	0.00367120816372	0.0020876924973
-10.9158576142	-34.0783878458	59.2914719793	-0.00917860865593	0.00358368433081	0.00194162002299
-6.84058419651	-32.4350343327	65.1605916691	-0.00586669100448	0.00629291124642	0.00647181412205
-6.83239755742	-32.5067108240	64.9046042001	-0.00586896343157	0.00618178630248	0.00628728372976
-7.02477215982	-32.4241762443	65.1993705559	-0.00601340411231	0.00630665151402	0.0064929923974
-7.01555344476	-32.5299954440	64.8214448429	-0.00601895339787	0.00614210683852	0.00622015492991
-7.20769789754	-32.4603626663	65.0701333348	-0.00616454007104	0.00624703336507	0.00639273691922
8.52725245127	-36.8082404351	49.5419984459	0.00678604096174	-0.000738732051104	-0.00541274202988
8.51050633725	-36.6945589232	49.9480038458	0.00680651329458	-0.000550742726773	-0.00512555520982
8.30300888177	-36.8074250972	49.5449103671	0.00661809323356	-0.000737961265258	-0.00541768688709
8.14341592602	-36.7682247019	49.6849117791	0.00650970218703	-0.000673206581268	-0.00532471481711
8.66186438678	-36.7417662553	49.7794062312	0.00690628122538	-0.000628633948509	-0.00524063780904
-4.54743947433	-34.4892055764	57.8242657985	-0.00439995806664	0.00339656113647	0.000926027365495
-4.63474417733	-34.3783940795	58.2200211447	-0.00444692885503	0.00355086429045	0.00126161938533
-4.23233456740	-34.4159545941	58.0858764497	-0.00413141725585	0.00354949757457	0.00115410925355
-4.41433841877	-34.3641980227	58.2707213474	-0.00426696846262	0.00360047142021	0.00130845000967
-4.32996718045	-34.4821808427	57.8493541333	-0.00422453228384	0.00343762850389	0.00094952643849
-7.93191130470	-33.2695794577	62.1800733655	-0.00684232730418	0.00497232144699	0.00424286769703
-8.24938212324	-33.1424370308	62.6341534615	-0.00707509974018	0.00515935383737	0.00456594349816
-7.87612798634	-33.1761222984	62.5138489344	-0.00678644469008	0.00511900614947	0.00449351873249
-8.34433068286	-33.1931396242	62.4530727707	-0.0071554929018	0.00507727870718	0.00442731520161
-7.85355059424	-33.2303742822	62.3200918494	-0.00677580200136	0.00503581762314	0.00435059983283
-8.12145066556	-33.2864834573	62.1197019384	-0.00699268141761	0.00493930280209	0.00418936833739
-8.03678530895	-33.1455262219	62.6231206362	-0.0069087180309	0.00516119459644	0.00456733861938
8.70198806745	-33.1635558792	62.5587290030	0.0069672674872	0.00517581682652	0.00452370150015
9.31211461651	-33.1544574459	62.5912234077	0.00743719469756	0.00518293818459	0.00453400472179
8.85775396917	-33.2223626146	62.3487049480	0.00709890155122	0.00508420262486	0.00436415337026
9.15447552531	-33.2176555372	62.3655159384	0.00732716126367	0.00508770393208	0.00436984375119
-5.27924986943	-34.8832668271	56.4169041888	-0.00502064405009	0.00266842497513	-0.000275740283541
-5.65035456253	-34.9672048033	56.1171257026	-0.00530567672104	0.00248245964758	-0.000518018845469
-5.29277749125	-34.9488988843	56.1825039846	-0.0050339596346	0.00255621550605	-0.000475870765513
-5.51010463360	-34.8831295302	56.4173945349	-0.00519637903199	0.00264027225785	-0.000268312782282
-5.64632670653	-34.9220444929	56.2784125255	-0.00530125759542	0.00255909003317	-0.000381846941309
-7.7788572345	-33.3886646685	61.7547690409	-0.00673837494105	0.00479406164959	0.00393195590004
-7.52131945723	-33.3483603017	61.8987132081	-0.00653127534315	0.00486669363454	0.00405110744759
-7.69550196304	-33.2892709813	62.1097464953	-0.00665969308466	0.00495067518204	0.00420100381598
-7.96340203437	-33.3453801564	61.9093565843	-0.00687675038353	0.00485371844843	0.00403944449499
5.06131764556	-38.0217576559	45.2080083719	0.00381574803032	-0.00272041466087	-0.00832510925829
4.74511406945	-38.1345602899	44.8051418217	0.00357898324728	-0.00290160253644	-0.00859552528709
5.07474256502	-38.0850492986	44.9819667906	0.00382343470119	-0.00282259052619	-0.00846219528466
4.65089039670	-38.0384312603	45.1484597847	0.00350992754102	-0.00274959648959	-0.00839262548834
4.93650032975	-38.1194465582	44.8591194350	0.00372120644897	-0.00287782633677	-0.00854759383947
4.84377415483	-37.9952812501	45.3025669640	0.00365646812133	-0.00267958058976	-0.00828353129327
4.6509646559	-38.0954409688	44.9448536830	0.00350841181353	-0.00283989054151	-0.00851737614721
-3.13603844791	-34.5863779221	57.4772217066	-0.00325896707363	0.00347732449882	0.000627780274954
-3.02878874932	-34.7021335202	57.0638088566	-0.0031907914672	0.00332647631876	0.000246605923166
-3.32680510037	-34.7105417174	57.0337795809	-0.00344587443396	0.00325684202835	0.000223014867515
-3.06676589885	-34.6388647716	57.2897686730	-0.00321093737148	0.00341364275664	0.000456140609458
-3.45314969871	-34.6532888545	57.2382540909	-0.00354131613858	0.00332136801444	0.000411115877796
-3.31550754866	-34.5881007113	57.4710688883	-0.00341212935746	0.00344281247817	0.000621754676104
-2.02622796824	-37.4719536865	47.1715939768	-0.00188886094838	-0.00186961703002	-0.00737807573751
-1.67581780921	-37.5610927406	46.8532402120	-0.00158492231276	-0.00201578787528	-0.00758428126574
-1.93935320533	-37.5681986469	46.8278619753	-0.00180346833076	-0.00202832859941	-0.00759577937424
-2.02294108521	-37.5231576955	46.9887225161	-0.00187912001275	-0.0019543999806	-0.00749314017594
-1.60539920384	-37.4860054837	47.1214089867	-0.00153503252659	-0.00189134734683	-0.00741764670238
-1.82719599375	-37.4600757500	47.2140151785	-0.00172396912239	-0.00184908311348	-0.00735567184165
-5.03146613788	-34.6215467033	57.3516189169	-0.00480330502614	0.00312656071037	0.000520417408552
-4.98278859058	-34.7579280659	56.8645426218	-0.00478263525292	0.00291424058378	0.00010155588825
-4.75476151297	-34.6184595453	57.3626444811	-0.00458668312058	0.00316859735176	0.00052861275617
-4.68818555623	-34.7424318343	56.9198863060	-0.00455167749897	0.00298058614135	0.000144012723467
-4.62283571993	-34.6778414424	57.1505662772	-0.00449190754443	0.003093568841	0.000343950319802
-6.06701875263	-35.1843741615	55.3415208516	-0.00561604229733	0.00206640339456	-0.0011485152645
-6.38725318395	-35.0832429640	55.7027036999	-0.00585725530982	0.00220952136442	-0.000835230923258
-6.27880407805	-35.1841184396	55.3424341443	-0.00577387725934	0.00204692385159	-0.00113699387293
-6.19355649496	-35.0848848601	55.6968397854	-0.00571323512122	0.00222504325211	-0.000848078576382
-6.40636123401	-35.1410348135	55.4963042374	-0.00587013177574	0.00210926146246	-0.00100436189678
-6.03130400684	-35.1238186730	55.5577904535	-0.00559141626582	0.00217432016507	-0.000970808730926
-1.61978921803	-33.1725348714	62.5266611735	-0.00163099297788	0.00537851033732	0.00473222928122
-1.56932307915	-33.2763341650	62.1559494108	-0.00159774266649	0.00524814752862	0.00446312688291
-1.41562816230	-33.1683108030	62.5417471322	-0.00145307567436	0.00538912648335	0.00474647758529
-1.30816921978	-33.2201445986	62.3566264335	-0.00136389001273	0.00532590411603	0.00461368774995
-1.65256903190	-33.2271445958	62.3316264435	-0.00166517985053	0.00530782528222	0.00458983238786
-1.53698647413	-35.7383341867	53.3630921902	-0.00174086610787	0.00150797225069	-0.00323883141391
-1.74744127561	-35.6039758001	53.8429435710	-0.00197410490364	0.00179996888619	-0.00283167604357
-1.87623022672	-35.6724812663	53.5982811917	-0.00208093971014	0.00162719516084	-0.00301762646995
-1.55016883661	-35.6354906387	53.7303905760	-0.001776021556	0.00174813147169	-0.00294418423437
-1.47193645035	-35.6813137346	53.5667366620	-0.00168994138949	0.00164770556148	-0.00308387097903
4.71932659362	-35.8883071369	52.8274745110	0.0040923752822	0.000954154937062	-0.00328457355499
4.37561780028	-35.9071925347	52.7600266618	0.00380896730348	0.000940016296227	-0.00337317865342
4.36373503131	-35.9698424592	52.5362769315	0.00378247350454	0.000820606248453	-0.00354491430335
4.54601983299	-36.0002783961	52.4275771569	0.00392290670425	0.000752352061681	-0.00360745517537
4.72070970967	-35.9499010633	52.6074962025	0.00407765153795	0.000837826170027	-0.00345282373019
5.04316667352	-35.7496870610	53.3225462107	0.00438373535872	0.00119317113422	-0.00286583951674
5.45121662133	-35.8290281887	53.0391850405	0.00468713277951	0.00102047238033	-0.00304857571609
5.06885096118	-35.8133833216	53.0950595657	0.00438960967585	0.00107266241685	-0.00304164458066
5.39860857191	-35.7515953565	53.3157308695	0.00466278474778	0.00116582436021	-0.00283741066232
5.23969763412	-35.8320623879	53.0283486145	0.00452028820291	0.00102734158281	-0.00307691958733
5.21159272575	-35.7294388212	53.3948613530	0.00452088471502	0.00121912709437	-0.00279251486063
4.47579283269	-32.4601438781	65.0709147210	0.00350541737862	0.00629381509498	0.00645358255133
4.25537152585	-32.5494069111	64.7521181745	0.0033356572967	0.00617079949006	0.00623415363953
4.62022724114	-32.5096231137	64.8942031653	0.00362744997256	0.00621959241107	0.00632422789931
4.27378354808	-32.4818015099	64.9935660361	0.00334368436597	0.00626712478697	0.00640463177115
4.5820111676	-32.5679528663	64.6858826203	0.00360304466449	0.00613686349243	0.00617741094902
4.40689022190	-32.5902918854	64.6061004092	0.00346348783933	0.00610897690058	0.00612596236169
12.0259969204	-34.5571004890	57.5817839678	0.00966795533895	0.00294640334323	0.000686366925947
12.1226866545	-34.6478563571	57.2576558673	0.0097426911816	0.0027995496057	0.000436879548943
12.1935189304	-34.5632540395	57.5598070017	0.00979352276772	0.00293626799248	0.000667299958877
11.9355938794	-34.5979673516	57.4358308871	0.00960164237767	0.00288057280704	0.000575742742512
2.78016938958	-32.6287450308	64.4687677472	0.00212997896597	0.00609002355486	0.00607664138079
2.83446924519	-32.7433798049	64.0593578398	0.00218589091673	0.00592953339219	0.00578534090891
3.09246227065	-32.7505389059	64.0337896219	0.0024014916271	0.00591387553141	0.0057596177794
2.73935773481	-32.6800023158	64.2857060150	0.00210051191971	0.00601936876774	0.00594836613163
3.14695060002	-32.6743545850	64.3058764822	0.00243863835931	0.00601875362918	0.00595105299726
2.98919250964	-32.6290012197	64.4678527866	0.00230352417566	0.00608553783968	0.00607020920143
7.03633685043	-32.2596518392	65.7869577171	0.00551935890689	0.00653658481315	0.0069028576836
6.75708349837	-32.1582968675	66.1489397588	0.00529066845775	0.00668866420165	0.00716458586976
6.98455243077	-32.1926448449	66.0262684109	0.00547175621614	0.00663547543809	0.00707382662222
6.77304124881	-32.2690049967	65.7535535832	0.00531444139779	0.00652612699196	0.00688368920237
-2.18230535788	-32.6934712758	64.2376025865	-0.00206472864375	0.00600929697976	0.00594794703647
-2.06849350557	-32.8414956835	63.7089439875	-0.00198287330568	0.00580688426271	0.00557407550514
-2.39128230127	-32.7547566988	64.0187260758	-0.00224736030214	0.00591972563416	0.00578874489293
-1.97660052316	-32.7525779094	64.0265074663	-0.00189631932881	0.00593087775633	0.00580151425675
-2.26986105324	-32.8272218787	63.7599218617	-0.00215232442133	0.0058220801875	0.00560672348365
-1.91142187445	-32.8202247435	63.7849116303	-0.00184727611486	0.00583914108574	0.00563080981374
10.2597823967	-34.1453731355	59.0522388017	0.00831502769142	0.0036229910329	0.00183986953925
10.3478630831	-34.2451106609	58.6960333538	0.00839168950915	0.0034626009874	0.00156490399968
10.3991380253	-34.1936254207	58.8799092117	0.00842494610697	0.0035439603962	0.0017053547781
10.1231938939	-34.2405738588	58.7122362187	0.00822275783867	0.00347372237593	0.00158073834609
10.0615661311	-34.1798296135	58.9291799517	0.00816992204636	0.00357161625288	0.00174859061372
-1.55417703338	-33.1133049152	62.7381967315	-0.00156831135973	0.00545651325956	0.00488643767312
-1.79111790299	-33.1721387080	62.5280760428	-0.00177960051224	0.005374210421	0.00473009934649
-1.96483982003	-33.1375686607	62.6515404975	-0.00192591687664	0.00541389873251	0.0048162038438
-1.94389160744	-33.0661335406	62.9066659263	-0.00189984356984	0.00550816301256	0.0050011370331
-1.72285604146	-33.0558415937	62.9434228797	-0.00170850381255	0.00552737200633	0.00503166392446
-1.10530840206	-32.7874568913	63.9019396738	-0.0011576883262	0.00589622976258	0.00572331063449
-0.975312263126	-32.7271607793	64.1172829311	-0.00104340049438	0.00597969861701	0.00587646756321
-0.718951379789	-32.8942331250	63.5205959823	-0.00083224195987	0.00575704593211	0.00545498728752
-0.574948256673	-32.8418608595	63.7076397875	-0.000706453749444	0.00582797313109	0.00558819947764
-0.744254875069	-32.7342787415	64.0918616375	-0.000846857903525	0.0059719402343	0.00585953751579
-0.643201855297	-32.7777373804	63.9366522127	-0.000762436538935	0.00591369625181	0.00575016485527
-8.7851064666	-34.4743066933	57.8774760953	-0.00760693475604	0.00303553906269	0.000929197005462
-8.51359275242	-34.4587310985	57.9331032197	-0.00740619096905	0.00307582621463	0.000976815237664
-8.99830753927	-34.3694662126	58.2519063834	-0.00776048004627	0.00319289136678	0.00121492776088
-8.82007809394	-34.3204358803	58.4270147131	-0.00762635469437	0.003280792851	0.00135427364148
-8.59279708142	-34.3269353246	58.4038024121	-0.00745804561302	0.00328267063014	0.00134151836392
-8.91506555560	-34.4227435048	58.0616303400	-0.00770093454048	0.00311157642864	0.00106962851714
-0.399147598654	-35.9399685296	52.6429695373	-0.000592725002207	0.0010949333664	-0.00384537363425
-0.278179654052	-36.0598327835	52.2148829159	-0.000468167476356	0.000821891240776	-0.0041494704783
-0.728216125422	-35.9658206907	52.5506403904	-0.000913873955142	0.00102575088385	-0.00390089955181
-0.450825189159	-36.0742101721	52.1635350995	-0.000634760188404	0.00078671175288	-0.00418213149533
-0.313071878957	-35.9996650949	52.4297675182	-0.000504777242895	0.000958261371125	-0.00399857759476
-0.64262239655	-36.0378422120	52.2934206715	-0.000823295675218	0.000864154309966	-0.00408622436225
3.02764441721	-36.0481122630	52.2567419180	0.00263265497051	0.000744691933505	-0.00390317011625
3.28373247175	-36.0350540568	52.3033783686	0.0028582396917	0.000756455177907	-0.00384012889117
3.00771929246	-35.9219924337	52.7071698796	0.0026506560389	0.0010047518881	-0.00357070332393
3.33980223440	-35.9812725495	52.4954551803	0.002921636682	0.000861292413902	-0.00369110447355
2.93341299733	-35.9838579470	52.4862216180	0.00256813294254	0.000881895597558	-0.0037446198985
6.90372156381	-37.2667470889	47.9044746826	0.00541525846347	-0.00149934540968	-0.00657839421183
7.09155394030	-37.2194946782	48.0732332922	0.00557346688583	-0.00142118311487	-0.00646177027375
6.69643477740	-37.1552740248	48.3025927684	0.00529227452353	-0.00131697754841	-0.00632454967126
7.08324299959	-37.1492092615	48.3242526373	0.00558970263228	-0.00130582111888	-0.00629564281553
6.69861259597	-37.2316564125	48.0297985268	0.00526992045343	-0.00144264078699	-0.00650337943807
0.142733529801	-36.1559207016	51.8717117801	-6.08728805673e-05	0.000611008203123	-0.00438534794375
0.504323991822	-36.2686672817	51.4690454227	0.000277839862974	0.00036709397682	-0.00464934110641
0.266368170747	-36.2576806594	51.5082833592	5.39840766578e-05	0.000391257257434	-0.00462851952761
0.58333818501	-36.2194734983	51.6447375060	0.000355904630851	0.000471225008368	-0.00452908035368
0.537903491278	-36.1664572985	51.8340810769	0.00031676486833	0.000586200447287	-0.00440235063434
0.318503651461	-36.1358644033	51.9433414167	0.000108505701064	0.00065485475352	-0.00433366885409
0.185307933281	-36.2148670285	51.6611891838	-2.15725194721e-05	0.000482915580506	-0.00452719349414
-7.52631401822	-33.4085488135	61.6837542376	-0.00654369406402	0.00477405404672	0.00388983357698
-7.81854350106	-33.5228115520	61.2756730286	-0.00678725447506	0.00458517717198	0.00357008492574
-7.96839659536	-33.4055686681	61.6943976138	-0.00688842823729	0.00476027373224	0.00387833081186
-7.62068473193	-33.4788577715	61.4326508161	-0.00662730121985	0.0046618282795	0.00369695294648
-7.96845447122	-33.4620123399	61.4928130717	-0.00689576333389	0.00467281183228	0.00372703489847
-0.970440763923	-36.2696948275	51.4653756160	-0.00111052033026	0.000351259310264	-0.00464247399941
-1.26970590497	-36.2760629740	51.4426322357	-0.00138790172059	0.000330036418745	-0.00464413547888
-1.16086749135	-36.4178878535	50.9361148090	-0.00126880221069	4.2812560423e-05	-0.00498863868415
-0.892752707952	-36.3958355873	51.0148729026	-0.00102510163561	9.25517815631e-05	-0.00494612241164
-0.846951370737	-36.3345149216	51.2338752800	-0.000988682149909	0.000218943125219	-0.0048020593822
-8.94016919307	-34.6331388752	57.3102183027	-0.00772411981598	0.00277056102641	0.000486608390929
-9.15884188530	-34.7740908034	56.8068185591	-0.00788318458945	0.00253030634485	9.47138832998e-05
-8.86511174240	-34.7433464539	56.9166198074	-0.00766999879852	0.00259559694678	0.000180844232091
-9.21381625056	-34.7134678695	57.0233290376	-0.00792367942631	0.00262613710947	0.000262050627498
-9.14749305825	-34.6514254005	57.2449092839	-0.00787553563714	0.00273015792482	0.000434037938248
-8.82280568167	-34.6798474210	57.1434020680	-0.00763891264796	0.00270110787824	0.000357708573574
6.25380662675	-33.8497760157	60.1079428012	0.00520404009148	0.00423195026815	0.00273967836984
5.91668321897	-33.7165490861	60.5837532641	0.00490577658638	0.00444686412811	0.00311767170206
5.78941179355	-33.7706340787	60.3905925759	0.00481775728986	0.00437604030594	0.00297305569984
5.83714527560	-33.8232828122	60.2025613850	0.00486861495301	0.00429663341492	0.00282587856054
6.32799074221	-33.7903955986	60.3200157194	0.00524851679802	0.00431528082117	0.00290163327008
6.02985146260	-33.8534607993	60.0947828598	0.00502847926691	0.00424031401053	0.00273612933233
6.17254546944	-33.7422105578	60.4921051507	0.0051146550104	0.00439486745745	0.00303900474682
-7.86305072859	-35.6113055467	53.8167659048	-0.00690625142306	0.00120669743046	-0.00227244151756
-7.52905243466	-35.6558904890	53.6575339677	-0.00665683019906	0.00114734633826	-0.00241538370028
-7.88472271490	-35.6809771942	53.5679385922	-0.00691479444504	0.00108759640716	-0.00246415380388
-7.67732642689	-35.7071702812	53.4743918529	-0.00675979722291	0.00105265027378	-0.00254863896407
-7.31861923266	-33.7184585869	60.5769336183	-0.00642680190504	0.00430893804878	0.00306047475897
-7.51324697686	-33.7557001109	60.4439281752	-0.00658264942467	0.00424093054608	0.0029510173481
-7.70124160664	-33.6484730371	60.8268820103	-0.00671319942921	0.00439657317474	0.00323538249359
-7.69738056160	-33.7280112116	60.5428171015	-0.00672090798616	0.00427384162322	0.00301928934641
-7.44482569967	-33.6586532308	60.7905241758	-0.00651596905664	0.00439393380657	0.00321830692701
5.33434808974	-36.2304351244	51.6055888413	0.00449401699007	0.000292671145871	-0.00413815258071
5.66060094494	-36.1276547544	51.9726615915	0.00477889599279	0.000467255420517	-0.00383866624907
5.43080900742	-36.1275872567	51.9729026545	0.00459789996967	0.000475861481391	-0.00385931809433
5.57511303890	-36.2259097926	51.6217507408	0.00468582520261	0.000293214077828	-0.00410463940352
5.31015953954	-36.1717783550	51.8150773036	0.00449059158564	0.000399967131671	-0.00398703059182
5.72264834089	-36.1873552489	51.7594455396	0.00481209903955	0.000357797223842	-0.00399070978165
1.33750325233	-35.1675399897	55.4016428940	0.0012397072278	0.00286446791142	-0.00145422795322
1.64367058056	-35.0700279881	55.7499000424	0.00155264418572	0.00300959101878	-0.00108775810804
1.84047962462	-35.1217665835	55.5651193446	0.00174531328958	0.00287190708332	-0.0012556478614
1.78996721612	-35.1806815158	55.3547088722	0.00169266376179	0.00276164105162	-0.00146426318679
-7.77821731886	-33.9280818227	59.8282792048	-0.00680860271677	0.00395894935355	0.00246819015592
-7.69097084445	-33.9911428871	59.6030611175	-0.00674979807809	0.00386577378958	0.0022971581202
-7.51883059515	-33.8696968222	60.0367970636	-0.00660257972777	0.00406457483768	0.00263820658438
-7.43364190364	-33.9897326552	59.6080976601	-0.00655337562785	0.00388378603384	0.00230955821462
-7.67731503392	-33.8902875350	59.9632588035	-0.00672676507384	0.00402350304648	0.00257579516619
8.49409197642	-36.2920194831	51.3856447033	0.00689928466454	0.000121613818919	-0.00408591097221
8.80747147309	-36.2819030050	51.4217749823	0.00713519752026	0.000136132075568	-0.00404677400365
8.47836025570	-36.1782953467	51.7918023334	0.0069135306403	0.00031324007432	-0.00378637202084
8.70156106916	-36.1730118372	51.8106720101	0.00708087673411	0.000319650454912	-0.00376304332167
8.41687199389	-36.2374308684	51.5806040415	0.00685435160995	0.000214245170355	-0.00394550897181
8.81399975287	-36.2201528384	51.6423112914	0.00715409871191	0.000239492554101	-0.00388356857002
4.60551213251	-33.4669440500	61.4751998216	0.00378503487445	0.00487419404089	0.00384277338162
4.65423607409	-33.5799278774	61.0716861520	0.00385267310776	0.00471563637257	0.00353620620444
4.83313136978	-33.4895926928	61.3943118114	0.00397695694119	0.00483057228848	0.0037732264027
4.43598757260	-33.5267351228	61.2616602757	0.00365989934653	0.0048015108332	0.00368861365132
4.79339373502	-33.5457254298	61.1938377507	0.00395816331729	0.00475479476154	0.00362345599569
-6.13824468243	-37.9005977116	45.6407224587	-0.00513045396656	-0.00256057549268	-0.00822462607175
-6.16714773589	-37.9566110738	45.4406747366	-0.00514055974782	-0.00264840107411	-0.00835726317018
-5.66864116365	-37.9484149369	45.4699466540	-0.00475052930415	-0.00263763708062	-0.00835400167853
-5.81394897421	-38.0067758035	45.2615149876	-0.00485204858705	-0.00272855861112	-0.00848761294037
-5.89295453000	-37.8925530288	45.6694534685	-0.00493957241997	-0.00254892557859	-0.00821404252201
-6.01622505438	-37.9910958882	45.3175146850	-0.00501447217539	-0.00270311627537	-0.00844419188797
10.0675280092	-36.7991764123	49.5743699559	0.00793670769781	-0.000715271220542	-0.00535991601646
10.4980421295	-36.7147470993	49.8759032167	0.0082804011181	-0.000574509380385	-0.00513839256018
10.2983123967	-36.8179573726	49.5072950978	0.00810281559825	-0.000743890181184	-0.00540646538138
10.3202159633	-36.6968970332	49.9396534528	0.00815326254815	-0.000546831462998	-0.00509348651394
10.1528387692	-36.7251390621	49.8387890638	0.00802116002887	-0.000594059820287	-0.00516820512712
10.4491072331	-36.7761752458	49.6565169794	0.00822688266635	-0.000674737908412	-0.00529776141047
5.83056831407	-35.3222901466	54.8489637622	0.00506063178182	0.00190952850971	-0.00156564149074
5.96862537324	-35.2596040998	55.0728425006	0.00517010036856	0.00200819293968	-0.0013726480538
6.16970910794	-35.2754922725	55.0160990267	0.00532154599205	0.00196422939189	-0.00140783272218
6.32372990049	-35.3242678619	54.8419004931	0.00543455267325	0.00186759943608	-0.00154143082909
6.25986595483	-35.3881627686	54.6137043979	0.00538076879457	0.00176034495234	-0.00173071224708
6.03267920941	-35.3762274151	54.6563306605	0.00520962569863	0.00179806281812	-0.00171045935713
-3.46501576589	-35.8661747494	52.9065187523	-0.00344961392693	0.00105191522744	-0.00337895960547
-3.37433704349	-35.7784235980	53.2199157215	-0.00339597184211	0.00123860035092	-0.00314413872547
-3.85451260030	-35.8220947375	53.0639473659	-0.00378814246505	0.00110591994599	-0.00321087334305
-3.80511988154	-35.7737136538	53.2367369507	-0.00375939859077	0.00120633235201	-0.00308013847098
-3.61415237142	-35.7573646449	53.2951262683	-0.00360417994671	0.00125757919159	-0.00305599416606
-7.89157528779	-32.4507919041	65.1043146283	-0.00671021873131	0.00625095609576	0.00639115273952
-8.28605093800	-32.5241749231	64.8422324174	-0.00703245168552	0.00612894585356	0.00618497701362
-8.05254926294	-32.4301273464	65.1781166202	-0.00683620898053	0.00628125341609	0.00643844297156
-7.90235287993	-32.5136594749	64.8797875895	-0.00672599719837	0.00615167990327	0.00622769165784
-8.05622247389	-32.5436484584	64.7726840772	-0.00685193110257	0.00610187090933	0.00614364165813
-8.19423107480	-32.4619847272	65.0643402599	-0.0069525660947	0.00622878829017	0.00635023554787
-4.85915965796	-36.9056249161	49.1941967283	-0.00434015784413	-0.000932451512199	-0.00591188343242
-5.35854181089	-36.8048274876	49.5541875445	-0.00476518273354	-0.000766796118114	-0.00562613317743
-5.12685442255	-36.9031177801	49.2031507854	-0.00455643003806	-0.000931645859964	-0.00588588789105
-4.84081103176	-36.8520313521	49.3856023139	-0.00433789705858	-0.000840074324515	-0.00578240118921
-5.09244853180	-36.8013568372	49.5665827242	-0.00455282954499	-0.000756614084821	-0.00563839776441
-5.37410328801	-36.8525681139	49.3836853075	-0.00476631196216	-0.000848681142088	-0.00574298435822
-3.92442353830	-32.4036316144	65.2727442342	-0.00348673318513	0.00639500562102	0.00664453301579
-3.40158920792	-32.4023912325	65.2771741696	-0.00305402162485	0.00640580011532	0.00665992265567
-3.55926780534	-32.4732054854	65.0242661234	-0.00319270300679	0.0062989727594	0.00647725351155
-3.78362307832	-32.4467373329	65.1187952395	-0.0033754161559	0.00633374368772	0.00653883907944
-3.82314427807	-32.3531006129	65.4532120968	-0.00339734437875	0.00647186487913	0.00677487067878
-3.60414488839	-32.3599553626	65.4287308478	-0.00321712368168	0.00646521989256	0.00676260748878
-10.0980734689	-34.3136206812	58.4513547101	-0.00857205688953	0.00323261949234	0.00133804103825
-10.5946783068	-34.3891836479	58.1814869718	-0.00893817655742	0.003090712009	0.00111803971231
-10.5900141126	-34.3241875341	58.4136159495	-0.00893563963473	0.00319627532735	0.00129327806644
-10.3448825956	-34.3009224953	58.4967053740	-0.00875453464687	0.00324331596494	0.00136438105255
-10.3411305106	-34.3955082547	58.1588990902	-0.00875123683363	0.00309039792046	0.00110892869998
-10.1135498731	-34.3706742505	58.2475919625	-0.00858362950385	0.00313981040381	0.00118293485139
-5.05911507574	-37.2888272925	47.8256168124	-0.00441327039152	-0.0015782834962	-0.00682109408081
-5.48791804986	-37.1870544022	48.1890914208	-0.00477905757725	-0.00141198572237	-0.00655079167336
-5.22754991831	-37.1900143940	48.1785200216	-0.00457063177601	-0.00141546828672	-0.00657441699877
-5.31652043791	-37.2788449237	47.8612681297	-0.00462142052129	-0.00156282249372	-0.00678200088441
-5.05564215888	-37.2308108284	48.0328184699	-0.00442360620946	-0.00148227124009	-0.00668286951259
-5.50347952698	-37.2347950285	48.0185891838	-0.0047804499045	-0.00149097107351	-0.00666489219293
-3.92805712416	-37.1111659149	48.4601217326	-0.00353403482586	-0.00127348979004	-0.00646781967953
-4.35733529401	-37.0062713927	48.8347450261	-0.00390913104638	-0.00109873968177	-0.00619078893214
-3.90268166405	-37.0501662284	48.6779777559	-0.00352617981844	-0.00116908503696	-0.00632517645136
-4.18517634894	-37.0967649931	48.5115535961	-0.00374821084552	-0.00125127052888	-0.00641786307096
-4.37411787664	-37.0540874950	48.6639732321	-0.00391209917143	-0.00118048547301	-0.00630406429991
-4.09469339634	-37.0031307632	48.8459615601	-0.00369457271881	-0.00109042378608	-0.0062009524554
4.35050218566	-31.9153910983	67.0164603633	0.00336928130127	0.00709302118048	0.00782282929868
4.32440833662	-31.8419450472	67.2787676887	0.00334549299441	0.0072037819773	0.00800636317581
4.75686658924	-31.8686330801	67.1834532854	0.00369247398339	0.00715475296602	0.00793037284166
4.58203037298	-31.9081600741	67.0422854496	0.00355453207158	0.00709909712896	0.00783562008291
4.50204450912	-31.8093572440	67.3951526999	0.00348648871295	0.00724934134632	0.00808361917734
10.1412965793	-34.0090283432	59.5391844887	0.00820941850543	0.00384128163569	0.00221492303535
10.4530516360	-34.0364060628	59.4414069187	0.00844798795879	0.00379336625338	0.00213447026908
10.4182582423	-34.1366546950	59.0833760893	0.00843323394656	0.0036344465334	0.00186109472997
10.0806863481	-34.1228588878	59.1326468293	0.00817773956805	0.00366182299331	0.0019045699155
10.0481391740	-34.0639130004	59.3431678558	0.00814608018845	0.00375590892509	0.00206657941453
6.99846461434	-35.4424085104	54.4199696057	0.00593127729371	0.00161980860867	-0.00184381334111
6.91848093404	-35.3570967850	54.7246543392	0.00587904360145	0.00177165691275	-0.00160418218002
6.66701417343	-35.3691270598	54.6816890720	0.00568947941065	0.0017662551254	-0.00165197346359
6.60315022776	-35.4330219665	54.4534929767	0.00563542405143	0.00165906816255	-0.00183924729936
-5.97508914772	-37.0855022140	48.5517778070	-0.00518849957734	-0.00124648096971	-0.00627216184512
-6.46226024559	-36.9839500259	48.9144641933	-0.00559412501752	-0.00108138029464	-0.00598881812766
-5.95952767061	-37.0377615877	48.7222800440	-0.00518731679767	-0.00116700888611	-0.00615621497855
-6.23043119695	-37.0902609365	48.5347823695	-0.00538820354268	-0.00125592167024	-0.00626683980227
-6.20433432504	-36.9870609696	48.9033536801	-0.00539161590859	-0.00108449743129	-0.00601440062746
-6.47550933985	-37.0390201332	48.7177852387	-0.00559181021526	-0.00117269670591	-0.00612427759916
-6.35242169472	-36.6029307266	50.2752474049	-0.0055955699645	-0.000438613496954	-0.00503875641152
-5.85548175281	-36.7038791071	49.9147174747	-0.00518325110897	-0.000602006912231	-0.00533460825682
-5.83564192872	-36.6507192892	50.1045739671	-0.00518007483333	-0.000510427751578	-0.00520209642127
-6.11829209538	-36.7010700673	49.9247497598	-0.00539038749412	-0.000601721170824	-0.00530662946403
-6.0781169062	-36.6009783742	50.2822200921	-0.00538205401972	-0.00042979081627	-0.00505597656593
-6.36554096083	-36.6505204011	50.1052842819	-0.00559498555958	-0.000519935914781	-0.00515900598839
5.18832085431	-32.6869739545	64.2608073055	0.00410863617435	0.00595193402842	0.00585612189025
4.81562982414	-32.6929125647	64.2395979832	0.00380835565738	0.00595268048346	0.00585227506235
5.04082875792	-32.6309874199	64.4607592147	0.00398195162416	0.00603581545874	0.00600345805287
4.98063572733	-32.7214780125	64.1375785269	0.00394599698484	0.00590770877898	0.00577418366447
4.85465821889	-32.6412575393	64.4240802168	0.00383293419145	0.0060255532153	0.00598282460123
0.888533588486	-36.8010745957	49.5675907297	0.000590809271671	-0.000684103055391	-0.00587188825011
0.640601739083	-36.7775664311	49.6515484605	0.000372613896616	-0.000640289683361	-0.00582616450265
0.481512281344	-36.8769511421	49.2966030640	0.00022773645469	-0.00082382914843	-0.00605496903881
0.680863979065	-36.9184822308	49.1482777470	0.000401160097681	-0.000899137347005	-0.00614358484745
0.873015246229	-36.8702872964	49.3204025127	0.000572401797399	-0.000811379926745	-0.00602908199653
0.506410802319	-36.8208091709	49.4971101040	0.000251700228546	-0.000720599957276	-0.00592754920945
-9.48837200370	-36.9665081499	48.9767566075	-0.00790569651872	-0.0010629784083	-0.00576583994552
-9.75439815447	-36.9831403748	48.9173558041	-0.00810216553509	-0.00108913471922	-0.0057962378487
-9.63925823595	-37.0801177594	48.5710080020	-0.00799802225083	-0.00124419666827	-0.00604924978688
-9.43555057538	-37.0439912415	48.7000312803	-0.00785160809755	-0.00118704361375	-0.00596618186682
-9.81076557900	-37.0379464675	48.7216197590	-0.00813458580524	-0.00117643817794	-0.00593411084265
11.8903015850	-35.2409151606	55.1395887122	0.00955906137824	0.00183690886479	-0.00118386326358
12.1668972472	-35.2366238563	55.1549147990	0.0097644245252	0.00184382591397	-0.00117367214989
12.1851607231	-35.1269029887	55.5467750404	0.00978373270482	0.00202234927565	-0.000874127727002
11.9580587606	-35.1203410512	55.5702105313	0.0096154101193	0.00203315215185	-0.000854597543366
12.2250464083	-35.1832534807	55.3455232833	0.00981061626226	0.00193072133698	-0.00102834601421
11.8513818503	-35.1724674186	55.3840449336	0.00953393429518	0.00194847851526	-0.000996546121314
-7.39645858480	-36.7771028865	49.6532039768	-0.00636191666126	-0.000746480305679	-0.00540470564738
-6.94943134345	-36.8823978377	49.2771505796	-0.00599536346272	-0.000916861055885	-0.00570161128417
-6.93631207734	-36.8348081633	49.4471137025	-0.00599583936855	-0.000837681698613	-0.00558280060068
-7.15474230043	-36.8926813715	49.2404236732	-0.00615136278793	-0.000935588323046	-0.00571341207251
-7.15192141125	-36.7888628366	49.6112041549	-0.00617197621614	-0.000763482181355	-0.00545152183622
-6.11977187212	-32.1981005563	66.0067837275	-0.00525652803481	0.0066726738587	0.0071042352356
-6.59414289335	-32.1508162856	66.1756561229	-0.00563453603536	0.00674065714702	0.00721004372463
-6.17986145104	-32.1304044618	66.2485554936	-0.00529736839235	0.00677755894139	0.00727520743385
-6.39364024646	-32.1127841802	66.3114850708	-0.00546827306971	0.00680269114673	0.00731361471117
-5.89740451989	-32.5088616114	64.8969228165	-0.00511451018974	0.00619744416326	0.00631593121216
-5.96360958700	-32.4327025422	65.1689194920	-0.00515841878951	0.00631261290982	0.00650908099487
-6.40643553721	-32.4344840411	65.1625569960	-0.00551681220531	0.00630158511922	0.00648898724467
-6.39824889811	-32.5061605324	64.9065695270	-0.00551924621686	0.00619122711942	0.00630486616865
-6.14620580924	-32.5467386062	64.7616478351	-0.00532090617344	0.00613426370546	0.00620959792286
-6.78527900470	-37.3732533906	47.5240950336	-0.00575655465946	-0.00171915953979	-0.00692562572658
-6.84322299505	-37.4521789795	47.2422179303	-0.0057835765183	-0.00184605747927	-0.00711491936818
-6.39886386773	-37.4025933689	47.4193093968	-0.00544818211347	-0.00176662765443	-0.0070179454051
-6.58007118154	-37.3684302288	47.5413206113	-0.00559770781547	-0.00171141827013	-0.00692509906366
-6.86786661067	-37.2535196687	47.9517154688	-0.00584817258641	-0.00152544083539	-0.00662797829136
-7.17836691027	-37.2685370854	47.8980818378	-0.00608539022505	-0.00155002018437	-0.00664713559672
-7.02238982010	-37.3994542737	47.4305204512	-0.00593482377008	-0.00176111864857	-0.00697700446472
-6.75923800659	-37.3157055230	47.7296231322	-0.00574947614223	-0.00162617652677	-0.0067865527235
-3.71295869477	-38.1784864582	44.6482626492	-0.00314858928323	-0.0030029732734	-0.00893961265683
-3.61442289479	-38.2540825547	44.3782765904	-0.00305569008924	-0.00312057184055	-0.00911437254399
-4.08115812814	-38.2187774447	44.5043662691	-0.00343492161483	-0.00306493719108	-0.00902579817921
-3.93197859873	-38.1828284580	44.6327555071	-0.00332286395133	-0.00300935469568	-0.00894568022341
-6.41001537900	-34.0451292737	59.4102525939	-0.00577489705756	0.00387084647082	0.00218724971637
-6.75386777493	-34.1567506011	59.0116049961	-0.00605717254803	0.00367289129645	0.00186187890358
-6.22360302054	-34.1769943258	58.9393059794	-0.00565302791074	0.00368534494191	0.0018179967301
-6.25275344815	-34.1067970936	59.1900103800	-0.00566364079714	0.00378982257098	0.00201734970324
-6.54725978445	-34.2035348724	58.8445183128	-0.00590603845194	0.00361716351472	0.00173417082988
-6.83521197210	-36.5059532453	50.6215955525	-0.00598990544677	-0.00028316382668	-0.00475127901882
-7.37248042116	-36.4254088317	50.9092541724	-0.00641617877409	-0.000158027192811	-0.00450115185231
-7.17123812632	-36.3973414043	51.0094949846	-0.00626905402169	-0.00010613304039	-0.00444291718304
-6.97973754834	-36.4164099104	50.9413931772	-0.00611934950575	-0.000134078552946	-0.00450746249408
-6.79992786783	-36.4564638532	50.7983433813	-0.00597338564694	-0.000198152672965	-0.00462582148612
-7.06705541103	-36.5081956774	50.6135868666	-0.00616697221994	-0.000291644479148	-0.00473922397941
0.85928577383	-35.5267873370	54.1186166537	0.000706407125108	0.00208547990769	-0.00267498800531
0.374286274068	-35.5581813170	54.0064952966	0.000196581255295	0.00203189067543	-0.00279325875454
0.704463849143	-35.4889019132	54.2539217385	0.000549361109734	0.00218946998939	-0.00256768567488
0.581851120716	-35.5804884303	53.9268270348	0.000412290479289	0.00196862453595	-0.00285195279866
0.83085716606	-35.5722726042	53.9561692709	0.000671207730193	0.00197542575188	-0.00281380256638
0.470228370934	-35.5030083562	54.2035415851	0.000301205582218	0.00216660811566	-0.00262210494839
-5.05797251603	-34.2086283806	58.8263272121	-0.00474756024778	0.00375144486316	0.00175655819476
-5.37277777315	-34.3337311833	58.3795314883	-0.00502059049904	0.00353006296791	0.00138176348992
-5.00534076122	-34.3020627956	58.4926328729	-0.00472551723942	0.00361907621846	0.00148261641152
-4.96702659108	-34.2550273011	58.6606167817	-0.00468523707241	0.00369316083379	0.00162253214512
-5.17469248272	-34.3247676270	58.4115441894	-0.0048636700958	0.00356570142321	0.00141196092591
-5.46179631817	-34.2926160497	58.5263712511	-0.00508242752403	0.00358271668665	0.00150093820412
-5.32022153527	-34.2255653880	58.7658378999	-0.00495838560164	0.00369834993035	0.00170032214373
-5.43153660260	-34.5433877838	57.6307579149	-0.005101560615	0.00320012657903	0.000757345114835
-5.60957369264	-34.4611575167	57.9244374405	-0.00522625772282	0.00330828735605	0.00100159004796
-5.83022259859	-34.5881375282	57.4709373994	-0.00541296740994	0.00308427074924	0.000623487052508
-5.91416981249	-34.5221073572	57.7067594385	-0.00546852033585	0.00317999231629	0.000819109380245
-5.49211899074	-34.4944721543	57.8054565917	-0.00514087034389	0.00326960929669	0.000903407984879
-5.78711669514	-34.4775466890	57.8659046823	-0.00536518124864	0.00326347886585	0.000951592344791
-11.1941186133	-35.5641071990	53.9853314323	-0.00931538548321	0.0011689387029	-0.00202064309269
-10.7344349688	-35.5520339668	54.0284501184	-0.00898422859609	0.00120163476095	-0.0020013905596
-10.8490573073	-35.5154924831	54.1589554176	-0.00906855147332	0.00125714589376	-0.00190123927314
-10.9669381427	-35.5977767720	53.8650829573	-0.00914976466447	0.0011215179693	-0.00211612321436
-11.0152159108	-35.5071238851	54.1888432675	-0.00918876659125	0.00126553140581	-0.00187483557966
7.23549208201	-32.6742295962	64.3063228708	0.00573347229511	0.00592726888135	0.00583664514124
7.15012450285	-32.7593131194	64.0024531450	0.00568088516593	0.00580372055992	0.00561840320006
6.73400263387	-32.6555569211	64.3730109962	0.00533589906991	0.0059630763717	0.00589593220502
6.68235979766	-32.7297417701	64.1080651068	0.00530724273995	0.00585580663756	0.00570587161928
6.99629098087	-32.6349131938	64.4467385934	0.00553918164223	0.00598867144436	0.00594324758276
-2.58387812167	-34.3435387014	58.3445046379	-0.00271383300424	0.00389546225779	0.00141486385837
-2.86861941354	-34.4597266723	57.9295475988	-0.00299657997675	0.00369997089729	0.00103957718238
-2.68915031278	-34.4580038832	57.9357004171	-0.00283799669705	0.00373251643032	0.00104828411713
-2.92662617232	-34.4041744703	58.1279483205	-0.00303276465274	0.00376419373788	0.00121530378237
-2.56742393838	-34.4048256312	58.1256227457	-0.0027154055424	0.00382109521888	0.00122116145212
2.15313632364	-34.5895460817	57.4659068510	0.00198143045418	0.00367653672583	0.000618827412836
1.94467803209	-34.5631967942	57.5600114494	0.00177864835132	0.00374635495245	0.000709001149517
2.04484277584	-34.4531036608	57.9532012113	0.00184455199633	0.00386568182148	0.00107343017589
2.29872085589	-34.4766559662	57.8690858350	0.00208643171936	0.00379703985527	0.000991770648398
1.87880073852	-34.5019517895	57.7787436089	0.00170061911922	0.00383239611983	0.000915180426091
2.29115397972	-34.5454534746	57.6233804478	0.00209802528843	0.00371024082415	0.000765405478887
1.27677003296	-31.7413545297	67.6380195368	0.000864885514602	0.00740228546783	0.00831715017557
0.921540932053	-31.6417555891	67.9937300389	0.000574684294406	0.00755747174844	0.00856842938811
0.809232671961	-31.7550067363	67.5892616559	0.000480009737657	0.00738537590951	0.00828962400556
0.795973333088	-31.6925029465	67.8124894768	0.000470421247883	0.00748071353883	0.00844443589449
1.02900819502	-31.7682776496	67.5418655373	0.000660716497805	0.00736354710534	0.00825399532914
-4.39447912744	-32.3547448281	65.4473398998	-0.00386813166551	0.00645980611444	0.00675627216697
-4.03335356405	-32.4417483794	65.1366129307	-0.00358113017865	0.00633645989001	0.00654512969777
-4.0728747638	-32.3481116594	65.4710297879	-0.00360274664126	0.00647518783808	0.00678140902892
-4.36892602878	-32.4097030107	65.2510606761	-0.00385369337164	0.00637788604945	0.00661746831611
-4.21822994284	-32.4357184124	65.1581485273	-0.00373281934299	0.00634190859273	0.00655551394448
3.86847018650	-35.2856494747	54.9798233046	0.00352327199653	0.00219584302977	-0.00160918431357
4.00167082650	-35.3948746060	54.5897335500	0.00361756514758	0.00196871417575	-0.00193339341786
4.01079242981	-35.3326548601	54.8119469281	0.00363370892592	0.00208671204746	-0.00174168136436
3.78926511107	-35.4155610351	54.5158534462	0.00344010256231	0.00195586727932	-0.00201837252825
3.65626036915	-35.3736450638	54.6655533437	0.00333684775978	0.00205582054332	-0.00190357665997
0.674980370655	-34.4740629948	57.8783464472	0.00049743487034	0.00400562491268	0.0010241192067
1.06312565529	-34.5569223776	57.5824200799	0.000907862151507	0.00388070032932	0.000737179478165
0.885786196162	-34.5913853056	57.4593381943	0.000731146952603	0.00386021775194	0.000617998884991
0.972292641569	-34.4960927697	57.7996686795	0.00080503715435	0.00395770557225	0.000946499465499
0.565146747617	-34.5300249374	57.6784823663	0.000389851426007	0.00395410787314	0.000833412515931
0.649604078848	-34.5832937909	57.4882364611	0.000483873562189	0.0038901665248	0.000647203007247
-2.17279083125	-34.9183623800	56.2915629285	-0.00245469436049	0.00315933139063	-0.000519958615769
-1.97536322009	-34.8099254967	56.6788375119	-0.00225687911734	0.00337685993873	-0.000144639867358
-2.50227998929	-34.7989151015	56.7181603516	-0.00274380575866	0.00328418705612	-9.12780451472e-05
-2.41570999633	-34.8810979055	56.4246503375	-0.00267548137344	0.00317006278783	-0.000378595374059
-2.21591231150	-34.7878250094	56.7577678235	-0.00248023867607	0.00336113222875	-6.06238281762e-05
4.33581466525	-32.8189511550	63.7894601609	0.00343603175133	0.00578641099855	0.00554550532252
4.48260817484	-32.7356389482	64.0870037566	0.00354377320036	0.00590032525361	0.00575369037688
4.34651562390	-32.7063229419	64.1917037791	0.00342882238328	0.00594536354765	0.00583278713748
4.18517807272	-32.7301545184	64.1065910058	0.0033001950942	0.00591570138931	0.0057772025466
4.46967185339	-32.7795968474	63.9300112593	0.00353952636942	0.0058383597061	0.00564179383218
4.18243952379	-32.7810842542	63.9246990920	0.00330496067181	0.00584392156452	0.00564737385139
-4.82015490333	-38.0945376125	44.9480799552	-0.00404785713181	-0.00286946655251	-0.00872177351266
-5.00007010698	-38.1351760353	44.8029427311	-0.00418194429949	-0.00293227424845	-0.0088122477755
-4.53330043114	-38.1806899131	44.6403931677	-0.00380230951123	-0.00300459936261	-0.00892888009548
-4.56820678378	-38.1180699361	44.8640359425	-0.00384282669984	-0.00290694343857	-0.00878268200904
-2.65457036826	-37.2728479598	47.8826858579	-0.00244478322566	-0.00153871648945	-0.006907497067
-2.94149608053	-37.3057436531	47.7652012391	-0.00267869024538	-0.00159591634292	-0.0069711660035
-2.43608557859	-37.3937283471	47.4509701890	-0.00224261451513	-0.00174096901901	-0.00719036674127
-2.77214291976	-37.4248954065	47.3396592627	-0.00251735607162	-0.00179434986785	-0.007249917835
-2.58360585999	-37.4157681985	47.3722564340	-0.00236212438904	-0.00177838746458	-0.00723558338359
-4.21914578445	-31.8833572865	67.1308668341	-0.00367369456217	0.00718177063391	0.00795048195869
-4.29955133685	-32.0099880331	66.6786141674	-0.00375229516067	0.00698536355048	0.00762997474521
-3.86122714773	-31.9654542269	66.8376634753	-0.00338824908249	0.00705791590735	0.00775080407038
-3.99730799681	-32.0231957660	66.6314436928	-0.00350570864975	0.006968063768	0.00760296918452
-3.98556728110	-31.9145469081	67.0194753281	-0.00348533969373	0.00713530741632	0.00787644926459
11.1784427814	-35.6537836277	53.6650584725	0.00899623613805	0.00116352213081	-0.00230957567692
11.7386043798	-35.5950936278	53.8746656152	0.00941659510136	0.00125907582697	-0.00214874697849
11.7039188244	-35.6731821421	53.5957780639	0.00938178226352	0.00113148358651	-0.00236066523939
10.3154456016	-33.9570319962	59.7248857280	0.00833427719772	0.00392103986815	0.00235347333364
9.75105310484	-33.8792790640	60.0025747713	0.00789640471339	0.00405259057879	0.00257633836009
9.97238694572	-33.8617927054	60.0650260520	0.00806164462119	0.00407636119053	0.00261945673265
9.74009465961	-33.9431550685	59.7744461839	0.0078973416239	0.00395232113078	0.00240238965489
9.91053313957	-33.9845389337	59.6266466652	0.008031941019	0.0038839050103	0.00228611635976
11.7007252978	-34.4540595600	57.9497872859	0.00942024961114	0.00311366491951	0.000972678302787
11.9493397108	-34.3613300037	58.2809642726	0.00960160326213	0.003262282582	0.00122247822583
11.8819373581	-34.4640593085	57.9140738981	0.00955641176552	0.00309690413997	0.000942773651332
11.7481396137	-34.3552250468	58.3027676899	0.00945024844259	0.00327264657244	0.0012422039872
12.0037021485	-34.4212013969	58.0671378681	0.00964560545981	0.00316573493183	0.00105815194547
11.6538016592	-34.4071662727	58.1172633117	0.00938259717077	0.00318941893056	0.00110162142664
8.63670621487	-32.8932681568	63.5240422971	0.00686590047553	0.00558521784842	0.00523706804961
9.00170035787	-32.7902435090	63.8919874680	0.0071305334568	0.00573843671009	0.00549923535436
9.28981906964	-32.8898831206	63.5361317121	0.00737170875072	0.00558670330793	0.00523245008662
9.17724001769	-32.8343014611	63.7346376390	0.00727451080456	0.00567134423181	0.00538047635928
9.02202248866	-34.9869808552	56.0464969457	0.00744994590059	0.00229637208395	-0.000491728831548
8.93089443840	-35.1368590028	55.5112178472	0.00738131115213	0.00205201632343	-0.000913540075999
9.19264605913	-35.0912460507	55.6741212474	0.00757516827434	0.00211938098073	-0.000781791924965
8.82608370398	-35.0258987743	55.9075043775	0.00730541534722	0.00223892764188	-0.000603535794653
9.77792923385	-35.2537606479	55.0937119717	0.00800049398094	0.00183681305498	-0.00122643366922
9.60503093517	-35.1558713092	55.4433167529	0.00787733122706	0.00200201314874	-0.000956847099587
10.0414420135	-35.2136471948	55.2369743043	0.00819632876664	0.00189794495236	-0.00111247960012
9.89391006252	-35.1399951811	55.5000172102	0.00809051189572	0.00202186219394	-0.000909807742573
-4.96313294147	-33.9855001301	59.6232138210	-0.00462237605825	0.00408502854407	0.00240469980054
-4.79808381926	-34.0772588963	59.2955039417	-0.00451037520543	0.00396981462836	0.00214674300514
-4.37803738928	-34.0270135964	59.4749514415	-0.0041570905596	0.00408454611897	0.0023065332789
-4.49619235693	-33.9583425330	59.7202052393	-0.00423723831773	0.00416834326461	0.00249940063804
-4.92915223579	-34.0408351474	59.4255887594	-0.00460756290704	0.00400886917487	0.0022473835852
5.34013585845	-33.2118890881	62.3861103996	0.0043260063976	0.0051977885887	0.00449218833819
5.08235810078	-33.2475336569	62.2588083681	0.00412471685559	0.00515772914514	0.00440761633217
4.86918675726	-33.1469674592	62.6179733599	0.00393010349944	0.00530775496736	0.00467912992463
5.11024110649	-33.1222845786	62.7061265051	0.00412119319662	0.00533360848203	0.00473502418026
-5.39804079250	-33.3599192081	61.8574313996	-0.00484302639961	0.00495126051828	0.00411192327738
-5.55830189111	-33.2180285287	62.3641838262	-0.00494709564373	0.00514982035384	0.00448306603357
-5.67216941072	-33.3623005887	61.8489264690	-0.00506498385221	0.00493320822716	0.00409394269809
-5.76444069011	-33.2538593999	62.2362164291	-0.00511994259432	0.00508760055527	0.00437930552289
-5.37064381069	-33.2521984508	62.2421483899	-0.00480102421716	0.00510891992599	0.00440025422722
-5.78776817641	-33.3144241057	62.0199139084	-0.00514943897724	0.00499744713306	0.00421702070162
-2.08367584394	-33.4566596640	61.5119297714	-0.00207163440064	0.00500380294397	0.003975761123
-2.20680221493	-33.3932581057	61.7383639083	-0.00216961512342	0.005077409558	0.00414097541943
-1.66149181526	-33.4339726710	61.5929547463	-0.00169690500479	0.00504972971976	0.00404643733054
-1.79115160656	-33.3726456128	61.8119799542	-0.00180331326555	0.00512034539133	0.0042058066465
7.45739465168	-36.4836482671	50.7012561891	0.006071053911	-0.000192684863578	-0.00463441293687
7.18536438042	-36.5928967283	50.3110831132	0.00583415804431	-0.00037584992242	-0.00492772553116
7.44564105258	-36.6299667634	50.1786901305	0.0060219313018	-0.000440269388491	-0.00500725582242
7.38225051870	-36.1646770472	51.8404391172	0.00609420938417	0.000353971088771	-0.00380743690766
7.13963934270	-36.1292618858	51.9669218363	0.00591864204034	0.000420420255978	-0.00372872687876
7.44679805228	-36.0075539194	52.4015931450	0.00617761723697	0.0006232020678	-0.00338368443772
10.6282702046	-35.6932775741	53.5240086638	0.00858605280519	0.00110087159555	-0.00242155254818
10.8274534648	-35.7646443290	53.2691273964	0.00872318260372	0.00098254031036	-0.00261303992011
7.81447153035	-34.6738605095	57.1647838945	0.00654014665633	0.00286004459485	0.000384704064345
7.94941392856	-34.5292531853	57.6812386240	0.00662666140124	0.00308577762917	0.000796552922111
7.68261806047	-34.6060205112	57.4070696030	0.00643506739289	0.00297677493654	0.000578082574066
8.00859859852	-34.6540186685	57.2356476125	0.00668333889917	0.00288205733523	0.000441987271188
7.77838014438	-34.5596368185	57.5727256481	0.00650185346603	0.0030460304115	0.000710458902176
-6.88210291454	-32.7441097892	64.0567507529	-0.00593956373632	0.0058143842034	0.00567045807838
-6.97034257113	-32.6803442615	64.2844847803	-0.00600183196366	0.00591038633138	0.00583253195509
-6.66264750614	-32.6065249909	64.5481250326	-0.00574520928785	0.00603116117418	0.00603590672836
-6.41060441727	-32.6471030646	64.4032033407	-0.00554765993729	0.00597474863753	0.00594069436193
-6.84580339348	-32.6298096109	64.4649656755	-0.00589539343491	0.00599119532853	0.00596850598231
-4.47583660295	-37.8843206442	45.6988548420	-0.00381719577126	-0.00253998138942	-0.0082434695214
-4.54934038794	-37.7364935799	46.2268086433	-0.00390682369471	-0.00230476330034	-0.00789797957987
-4.26882011971	-37.8493570830	45.8237247036	-0.00365846487693	-0.00248487782665	-0.00816938560456
-4.19983825424	-37.7967186564	46.0117190841	-0.00361370155588	-0.00240120710805	-0.00805022660643
-4.34791213291	-37.7538381991	46.1648635746	-0.00374151021242	-0.00233263941482	-0.00794583465904
-6.41632491009	-33.8636077205	60.0585438555	-0.00574841117486	0.00414493400604	0.00269534671679
-6.05794189676	-33.9548321885	59.7327421841	-0.00548461964354	0.00403484283015	0.00245317607187
-6.18887934067	-34.0166868200	59.5118327856	-0.00559823866934	0.00393150374293	0.00227452046238
2.43988617299	-32.5217215677	64.8509944011	0.00183923426084	0.0062462259084	0.00635469099507
2.16311565718	-32.5446353603	64.7691594273	0.00161009130534	0.00621836865321	0.00630374066532
2.06473680989	-32.4163267886	65.2274043265	0.00152190681547	0.00640091113746	0.00662725465372
2.35465689008	-32.4172227844	65.2242043413	0.00176269561052	0.00639552436769	0.0066185798496
6.33417704274	-32.4740183852	65.0213629101	0.00499379495159	0.00623456994072	0.00637047318742
6.28799841481	-32.5474417688	64.7591365399	0.00496720476076	0.00612884340808	0.0061838272959
5.83731164972	-32.4457061796	65.1224779300	0.00459641916677	0.00628531444818	0.00645408127457
5.80041198966	-32.5242890691	64.8418247533	0.00457681110129	0.00617235852405	0.00625479361042
3.57587855443	-33.4401035135	61.5710588804	0.0029220667202	0.0049654385075	0.00395497400314
3.31161899664	-33.4333941418	61.5950209222	0.0026971178595	0.00498787360266	0.00398312183097
3.31564748228	-33.3255590883	61.9801461131	0.00267802295275	0.00512912077829	0.00426862947643
3.69849862527	-33.3264609586	61.9769251480	0.00300040142611	0.00511053344235	0.00425176182762
3.75942725049	-33.3834310678	61.7734604721	0.00306371576153	0.00503142364323	0.00409863516688
4.99779345009	-34.0498209958	59.3934964434	0.00425573438406	0.00403328891844	0.00221416843124
5.53835689954	-34.0973337362	59.2238080851	0.00469926046208	0.00391823751852	0.00206283316948
5.29232562342	-34.1477386353	59.0437905883	0.00451658340171	0.00386548042297	0.00192423607223
2.06325482681	-34.8281926346	56.6135977336	0.0019442087505	0.00335091096349	-0.000207027653232
2.27777132899	-34.7346008915	56.9478539589	0.00212945905514	0.0034512381535	0.000124335259898
2.60968309599	-34.8228415501	56.6327087496	0.00244677951559	0.00324990553781	-0.000170669401996
2.12000650526	-34.7674385103	56.8305767488	0.00198831013404	0.00343311578035	7.42834254197e-06
2.50636175534	-34.7631337940	56.8459507358	0.00234395964071	0.00336367986165	3.07505688397e-05
2.58549429369	-34.8775375041	56.4373660568	0.00243241642602	0.00316582736559	-0.000359081779607
1.32544187402	-32.2148320275	65.9470284732	0.000902743311599	0.00669832481071	0.00714298477396
1.41589083235	-32.3326319741	65.5263143781	0.000979334581643	0.00652775960043	0.00684841582552
1.68699192029	-32.3155461154	65.5873353021	0.00120466866065	0.00654944730923	0.0068862461485
1.59827846674	-32.2151736993	65.9458082167	0.00112924922723	0.0066952072084	0.00713764037937
-2.77935100965	-33.7956621705	60.3012065340	-0.00274600321427	0.00454206531867	0.00302753201686
-2.42078064278	-33.7915096147	60.3160370902	-0.00242989440449	0.00457597337663	0.00305220647715
-2.81471593485	-33.6592891332	60.7882530958	-0.00274692173116	0.00470906822011	0.00340431276709
-2.47640398262	-33.6656647723	60.7654829560	-0.00245295208879	0.00472445785999	0.00339874252677
-2.29448255896	-34.2126115814	58.8121014950	-0.00241792225279	0.00409372057766	0.00182938750368
-2.60801738071	-34.2223121307	58.7774566762	-0.0027024501469	0.00404122052714	0.00178952433635
-2.41639216369	-34.3519632852	58.3144168387	-0.00256548845209	0.00391044002026	0.0013927326072
-2.43520998718	-32.6713135144	64.3167374487	-0.00227571115829	0.00603565433994	0.00599960610271
-2.06817184922	-32.5387295371	64.7902516532	-0.00195446284488	0.00622923951596	0.00634031789377
-2.36381120838	-32.5233575057	64.8451517655	-0.00220121722668	0.00624686386436	0.00637461803854
-2.02052820907	-32.6691347250	64.3245188392	-0.00192585191689	0.00604610657319	0.00601207371801
-6.41897549748	-36.1283341563	51.9702351561	-0.00574975507334	0.000380421814043	-0.00379175832495
-6.10091605304	-36.0269854555	52.3321948017	-0.00552648119628	0.000572917342652	-0.00354596134275
-6.69877705458	-36.0903278894	52.1059718236	-0.00597042124718	0.000435614347225	-0.00366629497148
-6.40926465520	-35.9891737649	52.4672365540	-0.00576965184882	0.000624965585303	-0.00341640459374
-5.13715886503	-35.9952413094	52.4455667522	-0.00478287553415	0.000681961479131	-0.00355078047141
-4.97730908112	-35.8532788419	52.9525755647	-0.00468885106966	0.000955395225901	-0.00317555293441
-5.44550746719	-35.9574296187	52.5806085045	-0.00503362389281	0.000732902262826	-0.00341694545932
-4.77514373589	-35.9017323440	52.7795273427	-0.004517164547	0.000879281607922	-0.003331202548
0.187219135596	-32.7322959765	64.0989429412	-5.23762864759e-05	0.00597755471244	0.00586301786825
0.460989068047	-32.7465983022	64.0478632063	0.000181067924132	0.00595749821514	0.00582483783364
0.653628081946	-32.6286966856	64.4689404086	0.000343511492247	0.00611756136641	0.00611922191456
-6.66802698621	-35.8187770113	53.0757963882	-0.00599523354322	0.000910872360691	-0.00292716803961
-6.39928234134	-35.8554354932	52.9448732385	-0.00578645663336	0.000861016917042	-0.0030500961002
-6.42262669622	-35.7173993368	53.4378595115	-0.00582673726603	0.00110307952855	-0.00266359769739
-6.14585901065	-35.7666422549	53.2619919470	-0.00560972606763	0.00103327305987	-0.00282407528721
1.88205435761	-32.6789865910	64.2893336037	0.00138266687281	0.00603583222255	0.00597231276333
1.56143036232	-32.7928416703	63.8827083205	0.00111892772838	0.0058851223439	0.00569181749597
1.55200150319	-32.6747077928	64.3046150258	0.00110442109872	0.00604626024142	0.00598990311846
1.85929768147	-32.8085666492	63.8265476813	0.00137237424497	0.00585925392807	0.00564561784267
-4.95162141965	-35.5207750302	54.1400891779	-0.00473388237879	0.00157713447697	-0.00222526676953
-4.74403975428	-35.5447691474	54.0543959021	-0.00456745969132	0.00155386282131	-0.00231562228873
-5.04706260004	-35.6275767598	53.7586544291	-0.00478985020891	0.00136976141948	-0.00252760341391
-4.64972467699	-35.5915699220	53.8872502787	-0.00448450585827	0.00147548632231	-0.00246221106499
-4.77408270084	-35.6335480175	53.7373285091	-0.00457466160879	0.00138405966572	-0.00257178163156
-3.52363718698	-33.0346719516	63.0190287442	-0.00323789892718	0.00549854338169	0.00504106935114
-3.13779156294	-32.9898832665	63.1789883338	-0.00290672550909	0.0055741337128	0.005168734584
-3.44544469121	-32.9070269726	63.4749036694	-0.00315337837674	0.00567928422242	0.00537345930934
-3.15087294585	-32.9170041449	63.4392709112	-0.00290753063746	0.00567456241697	0.00535618700087
-3.28301844130	-33.0174492706	63.0805383193	-0.00303308828734	0.00553112383932	0.00509319314733
6.69817835829	-34.1840476367	58.9141155833	0.00562327401713	0.00370143679902	0.00179036287591
6.13274402151	-34.1405076909	59.0696153895	0.00517610600218	0.00380732631311	0.0019254059298
6.48109986735	-34.2340865448	58.7354051971	0.0054659913294	0.00363978324458	0.00165151595138
6.31009592994	-34.0925703838	59.2408200578	0.00530362874269	0.00386665412225	0.00205770973116
-0.816121388136	-33.6226345901	60.9191621782	-0.000958352757152	0.00485708424821	0.00355624151416
-1.21587779445	-33.5078004036	61.3292842728	-0.00130906887352	0.0049772169441	0.00385869923048
-0.963950942132	-33.5171262051	61.2959778391	-0.0010838775197	0.00497396290302	0.00383760919794
-1.12868416735	-33.6286582832	60.8976489887	-0.00124294392299	0.00484012020752	0.00353535101749
1.31992161798	-36.2846666088	51.4119049685	0.00103749136906	0.00032264154288	-0.00465060956776
0.897544118559	-36.3325395897	51.2409300366	0.000639995385427	0.000230079356697	-0.00478711165488
1.43018398196	-36.3383788984	51.2200753629	0.00113048567437	0.00020999359549	-0.00477255834267
0.976558311747	-36.2833458064	51.4166221199	0.00071900052717	0.000331356946845	-0.00466629257426
-9.12394235912	-37.2704443582	47.8912701491	-0.00757215032354	-0.00154922914226	-0.00655457749963
-8.76508519760	-37.3753176794	47.5167225737	-0.00727805867791	-0.00171750795562	-0.00683370698243
-8.70444708913	-37.2924873301	47.8125452495	-0.00724929478019	-0.00158590404317	-0.00662858784199
-8.90277438443	-37.2384300023	48.0056071346	-0.00741104409099	-0.00149902689736	-0.00648357626051
-11.3910320501	-35.1887889209	55.3257538540	-0.00947587937117	0.00176248734351	-0.00102852820419
-10.8980306450	-35.1912085590	55.3171122892	-0.00911979284137	0.00177858804818	-0.00103759311605
-11.1497582154	-35.1597514476	55.4294591158	-0.00930318143219	0.00181934121065	-0.000952743459493
-9.29881240510	-35.6182638942	53.7919146634	-0.0079465508461	0.00113700935617	-0.00222570844926
-9.03622504962	-35.6543994069	53.6628592611	-0.00775415496901	0.00108621490654	-0.00233459100127
-9.15862918062	-35.5104501220	54.1769638500	-0.00785309169441	0.00132011121605	-0.0019370833179
-8.96016511809	-35.5404975154	54.0696517308	-0.00770800467581	0.00127791566774	-0.00202663522214
-8.52626907377	-35.1367541954	55.5115921593	-0.0074179302901	0.00196805596352	-0.000921392056625
-8.97948634978	-35.1427077521	55.4903294567	-0.00774413766339	0.00193540379405	-0.000928612775169
-8.99146272153	-35.0519198713	55.8145718882	-0.00775607489049	0.00208425102755	-0.000676501018461
-8.48062641438	-35.0828014711	55.7042804603	-0.00738677941263	0.00205982499756	-0.000771236896981
-10.0419595517	-34.8978132821	56.3649525639	-0.00851856078953	0.00228848448023	-0.000247753981967
-10.0088383802	-35.0193509684	55.9308893985	-0.0084891486913	0.00209217146039	-0.0005784604582
-9.54929476332	-34.8941965301	56.3778695353	-0.00816309731454	0.00231595244259	-0.0002369920403
-9.53731839157	-34.9849844109	56.0536271038	-0.00815133284777	0.00216837134212	-0.000486475299112
-10.0798910978	-34.9575328669	56.1516683325	-0.00854323618114	0.002189821098	-0.000410239765188
-9.86307457149	-35.2738721612	55.0218851387	-0.00837214011699	0.00168264715467	-0.00127280538436
-9.41212137275	-35.2578431026	55.0791317766	-0.00804960355163	0.00172665913124	-0.00123770209029
-9.39615287708	-35.3788936103	54.6468085346	-0.00803179387003	0.00152813585009	-0.00156981882174
-9.36848381473	-35.3173024913	54.8667768167	-0.00801527965814	0.00163063569926	-0.0014018076472
-9.79880574337	-35.3464126666	54.7628119051	-0.00832235813141	0.00156633881852	-0.00147137115709
-7.90867002356	-36.7564840160	49.7268428000	-0.00675621908158	-0.000717162445653	-0.00531798182055
-7.88803051904	-36.6656969859	50.0510821931	-0.00675887893885	-0.000567255890928	-0.00508677586913
-7.35536310368	-36.7343439795	49.8059143590	-0.00633961660787	-0.000675083370879	-0.00529876118526
5.98453487553	-36.0166707427	52.3690330619	0.00505929952487	0.000654573203065	-0.0035139482934
6.35260150998	-35.9042851395	52.7704102159	0.00536857359111	0.000840210588649	-0.0031789985951
5.89938940070	-35.9161503166	52.7280345836	0.00501665193588	0.000838911975734	-0.00324846780859
5.90123682321	-35.9728200999	52.5256425003	0.00500501738861	0.000736753689125	-0.00340254837647
4.18105018111	-36.8141328425	49.5209541340	0.00340113509446	-0.000730222673155	-0.005685582757
3.98493679139	-36.7538943247	49.7360916977	0.00325552746654	-0.000621643732302	-0.00555912964046
3.6845247422	-36.8401427570	49.4280615822	0.00298566441052	-0.000771837949287	-0.00578650087118
3.89405642226	-36.8741163226	49.3067274193	0.00315044331364	-0.000833335041534	-0.00584928086028
-1.44368152875	-33.8485053192	60.1124810029	-0.0015592223499	0.00457942020148	0.00292229023762
-1.91301526939	-33.8742552285	60.0205170410	-0.00199231784791	0.00451842369512	0.00283630401827
-1.73806266475	-33.9497698668	59.7508219044	-0.00184775935486	0.00444748392329	0.00262622884475
-8.09347139974	-37.0085788098	48.8265042506	-0.00684435479343	-0.00113002012949	-0.0059462483041
-7.62659173894	-37.1441623528	48.3422773115	-0.00645844498649	-0.00134902796708	-0.00631328253075
-7.90823504611	-37.1521258441	48.3138362710	-0.00667240936309	-0.00136211782228	-0.00631724344566
-8.12112838237	-37.0897616044	48.5365656984	-0.00684825517237	-0.00126149924472	-0.00614907452837
3.20211100821	-37.8678727973	45.7575971523	0.00241342443042	-0.00249150884338	-0.00812236312777
3.53388053950	-37.9480722806	45.4711704265	0.00266599468887	-0.00261600618251	-0.0082762716338
3.80550824132	-37.8402570040	45.8562249857	0.00288585363887	-0.00244321255013	-0.00802093185484
3.56810675301	-37.7871987709	46.0457186753	0.00270759710111	-0.00236040516756	-0.0079210344702
3.32668046372	-37.9170045680	45.5821265429	0.00250713783316	-0.00256847916171	-0.00822198670357
3.05071471067	-31.7757395657	67.5152158369	0.00231533125043	0.007327393163	0.00819916557521
2.93385840330	-31.6901729367	67.8208109404	0.00221913214773	0.00745942769572	0.00841375719756
3.48653885699	-31.7245677648	67.6979722685	0.00266741309315	0.00739763863385	0.00831667333841
4.91302637173	-32.2718148613	65.7435183524	0.00384109350853	0.00655662501231	0.00691702077165
4.57807960035	-32.3129470895	65.5966175375	0.00357500859536	0.00650401134044	0.00682210782543
4.37947112957	-32.1868926322	66.0468120279	0.00340600498021	0.00669142883271	0.00714387651533
4.75134569585	-32.3001684339	65.6422555932	0.00371350930072	0.00651887618005	0.00684975273907
-9.02309059355	-33.4684092640	61.4699669144	-0.00771229062229	0.0046230298467	0.00366300484166
-9.28792059180	-33.4580084502	61.5071126779	-0.00791517831385	0.00463078031316	0.00367882242426
-8.97553056530	-33.3677315481	61.8295301852	-0.00766558432952	0.00478335143998	0.00393415987492
-9.16396165201	-33.3565562017	61.8694421367	-0.00781017262489	0.00479514943436	0.00395533861592
-4.92010264345	-36.1211635700	51.9958443927	-0.00458017131314	0.000462133582914	-0.00391275249422
-5.23330666675	-36.1529320751	51.8823854461	-0.00482189981267	0.000388492364436	-0.00396638084203
-5.47936342758	-36.0330286411	52.3106119961	-0.00504337577149	0.000593655975536	-0.00361990230158
-5.45914046968	-36.4558204126	50.8006413835	-0.00492858048528	-0.000162101365277	-0.00473753456026
-5.66613541125	-36.3421785357	51.2065052295	-0.00511892745271	3.20062608807e-05	-0.00442456826568
-5.35293138796	-36.3104100307	51.3199641762	-0.00487913517281	9.96034723357e-05	-0.00437048543245
-5.18221385305	-36.4369649393	50.8679823595	-0.00471261935309	-0.000120390279335	-0.0047141010873
3.81701776742	-34.6395061875	57.2874779018	0.00344491703436	0.00331692467444	0.000456182344351
3.47927372964	-34.7369090089	56.9396106826	0.00318362563848	0.00322232721373	0.000138309042086
4.02575449944	-34.6915801717	57.1014993868	0.00362598174252	0.00320392870344	0.000292716838885
3.71860870392	-34.7911079584	56.7460430058	0.00339131010696	0.00309503730386	-3.22558480548e-05
-1.44666377572	-32.2932370507	65.6670105332	-0.00141496246215	0.00658826343715	0.00696180714294
-1.75815809741	-32.4103226666	65.2488476194	-0.00168390595354	0.00641650566831	0.00666646240279
-1.34089440161	-32.3710749135	65.3890181662	-0.00133132981136	0.00647646002471	0.00676801567897
-6.44479745518	-36.2681520953	51.4708853740	-0.00574062298983	0.000135726630106	-0.00416176207364
-6.17291873664	-36.2482375903	51.5420086061	-0.00553529383615	0.000179756374564	-0.00413246080279
-6.70363247572	-36.1599080851	51.8574711246	-0.00596063723788	0.000314654695103	-0.00385253876448
5.96945131256	-33.4089962705	61.6821561769	0.00487539172173	0.00488931359723	0.0039480808191
5.80368834990	-33.2904460156	62.1055499443	0.00471623288468	0.00506712030619	0.00426890747622
6.25249562229	-33.3861027301	61.7639188212	0.00509567046538	0.00491058966145	0.00399979809299
6.09620444352	-33.2680971088	62.1853674686	0.00494528515264	0.00508808111772	0.00431828666478
10.0521628373	-33.6335187163	60.8802902989	0.00808787159622	0.00443356577307	0.00323609123006
10.3458831087	-33.6284646569	60.8983405111	0.00831099227071	0.00443859538063	0.00324343866669
10.0682279598	-33.7429769105	60.4893681769	0.00811694283038	0.00426177913323	0.00293990178034
7.40875657877	-32.3546927953	65.4475257311	0.00582155585289	0.0063936021179	0.00665432680398
7.71015357835	-32.4619176121	65.0645799569	0.00607144227251	0.00623370939866	0.0063743586652
7.82086888333	-32.4045889881	65.2693250424	0.00614949408919	0.00631737755612	0.00651957793161
7.50250583789	-32.4586389224	65.0762895627	0.00590895256028	0.00624028965831	0.0063865208067
7.66608207846	-32.3578198944	65.4363575201	0.0060225543566	0.00638708518818	0.00664198445156
7.34567489021	-32.4153224570	65.2309912248	0.00578037509695	0.00630532903597	0.00650037871674
8.23433714744	-33.1112221466	62.7456351906	0.00659441994503	0.00526204612106	0.00467300973833
7.92005877292	-32.9921522013	63.1708849953	0.00632673176005	0.00544580025598	0.00499369110912
8.19584550782	-32.9838430828	63.2005604188	0.00654007354751	0.0054540336132	0.00500915525481
6.75073183604	-33.8991093632	59.9317522743	0.00560382287949	0.00412982841954	0.00258903438225
6.32519820506	-33.9658699332	59.6933216671	0.00528691755608	0.00405535800382	0.00241417996585
6.53432624818	-33.8493133500	60.1095951786	0.00542390486225	0.00421633152291	0.00273288669996
6.23618696857	-33.9123785507	59.8843623190	0.00520483450964	0.00414048042148	0.00256610917859
9.04891837919	-34.5120082406	57.7428277122	0.00744634447619	0.00306739564985	0.000840387772769
9.20656669350	-34.3800159164	58.2142288701	0.00755105121061	0.00327361701056	0.00120706763119
9.00962508993	-34.4115008403	58.1017827131	0.00740711484104	0.00322966370732	0.00112132099457
9.24554910260	-34.4875512783	57.8301740060	0.00759073300287	0.00310031999834	0.000907325884327
9.30551336768	-34.4399243258	58.0002702651	0.00763104390353	0.00317485304549	0.00103947229218
10.9264509992	-35.3360058326	54.7999791692	0.00884090177715	0.0016858431045	-0.00144345744047
10.5018792941	-35.2645737076	55.0550939016	0.00853267777711	0.00180731737055	-0.00124939833768
10.7985706499	-35.2208992926	55.2110739551	0.00875355862081	0.00187556282617	-0.00112786900718
10.6566603905	-35.3597772965	54.7150810838	0.00864048488438	0.00164924515411	-0.00151008495595
-1.7723886926	-37.0269528408	48.7608827115	-0.00173315929715	-0.00110737769865	-0.00637826696038
-1.74678634484	-37.1484886089	48.3268263967	-0.00169550802093	-0.00131971039809	-0.00665541598573
-1.98157026679	-37.1136739002	48.4511646423	-0.00190055428538	-0.00126102450304	-0.00656901067123
-1.57776337041	-37.1133472183	48.4523313633	-0.00155518052634	-0.00125740619842	-0.00658034533262
-1.61378983176	-37.0629202385	48.6324277195	-0.00159215054009	-0.00116938038263	-0.00646498752758
-1.96863686268	-37.0233629898	48.7737036078	-0.00190228770953	-0.00110283796676	-0.00636319629848
7.20121893104	-33.9368421859	59.7969921931	0.00596082676202	0.00404893467203	0.00247311615385
7.38497809333	-34.0485225886	59.3981336123	0.00612435536459	0.00386899663135	0.00215839175507
7.47518941150	-33.9220533762	59.8498093709	0.00616892660037	0.0040581934154	0.00250760326162
7.55795261005	-34.0043139036	59.5560217727	0.00624848436564	0.0039283502847	0.00227783969603
0.0839825498739	-36.9298120390	49.1078141465	-0.000122720957734	-0.000921069004107	-0.00618072599173
-0.319665950558	-36.8962690010	49.2276107105	-0.000478276633658	-0.000861936772708	-0.00610742485151
-0.0904023156131	-37.0248850638	48.7682676292	-0.000274297548458	-0.00109245080967	-0.00639591971412
0.0632824939729	-36.9861751847	48.9065171975	-0.000140685267979	-0.00102269637864	-0.00630763079971
-0.337067838866	-36.9693584191	48.9665770746	-0.000491055950988	-0.000994288246147	-0.00627220142633
-9.41546572714	-36.3457539104	51.1937360342	-0.00795375369489	-5.96536447119e-05	-0.00416228221729
-9.08069829007	-36.2618494472	51.4933948315	-0.00771884806454	8.22110159788e-05	-0.00396005110815
-9.50141975075	-36.2224024835	51.6342768447	-0.00803360342979	0.000140274758451	-0.00383312720805
-9.55536134253	-36.2869175596	51.4038658586	-0.00806483067572	3.44381987816e-05	-0.0040002707392
-9.14861391688	-36.3297811960	51.2507814430	-0.00775916641578	-3.0162935218e-05	-0.00413501542062
-11.3340553763	-36.0479651458	52.2572673364	-0.0093896901235	0.000397963158321	-0.00329069048166
-10.9589828005	-35.9294023126	52.6807060264	-0.00912527740002	0.000591461255681	-0.0029929454904
-11.2417358010	-35.9043849702	52.7700536779	-0.00933231133968	0.000626695866231	-0.00291603500955
-11.4401915661	-35.9932008108	52.4528542473	-0.00947085767984	0.000483279203763	-0.00314238108695
5.43351771359	-32.2755622410	65.7301348536	0.00425743404776	0.00654036458582	0.00689486740157
5.39971068473	-32.3548486308	65.4469691758	0.00423791492358	0.00642594462261	0.00669526634738
5.01922952636	-32.3377734289	65.5079520395	0.00393187068403	0.00645871413872	0.00674800388515
5.57301107484	-32.0155233616	66.6588451372	0.00434860866517	0.00691896351054	0.00754599273205
5.62923934983	-31.9550079685	66.8749715409	0.00438927160576	0.00700780749321	0.00769660715014
5.16843276210	-31.9139886610	67.0214690680	0.00402218475938	0.00707824761048	0.0078084487468
5.15983071743	-31.9734892212	66.8089670670	0.00401852512732	0.00698966300115	0.00765983061865
7.43139892863	-36.3316786335	51.2440048805	0.00609088875353	6.66171035846e-05	-0.00424324069172
7.67316706361	-36.3625955355	51.1335873732	0.0062659275718	1.07491914605e-05	-0.00431005191058
-3.48139889217	-37.2103322672	48.1059561887	-0.00314488634467	-0.00143827043939	-0.00672535505146
-3.74509677007	-37.2476934198	47.9725235006	-0.00335501902737	-0.00150297931395	-0.00679854536429
-3.72431567617	-37.1047375122	48.4830803134	-0.00336733669974	-0.00126072019339	-0.006464864593
-4.00681036106	-37.1513362770	48.3166561537	-0.00359019031748	-0.00134231767152	-0.00655784690753
-2.19997688685	-32.8918031020	63.5292746356	-0.00209988909774	0.00573530700058	0.0054433317855
-2.06402723247	-32.9604075022	63.2842589207	-0.00199138210155	0.00564579945058	0.0052704452537
-1.84299166650	-32.9501155553	63.3210158740	-0.00180129124783	0.00566479330882	0.00530076725408
-1.84153770805	-32.8848059668	63.5542644042	-0.00179379736073	0.0057527157478	0.00546754105017
-2.60070639439	-33.1529119113	62.5967431738	-0.0024741909001	0.00537246465683	0.00476115662605
-2.71199124259	-33.0474728181	62.9733113639	-0.00255435844883	0.00550978118554	0.00503163831308
-2.69906509272	-33.0973496069	62.7951799754	-0.00255026179366	0.00544306077063	0.00490283686668
-2.34159046271	-33.1216126150	62.7085263750	-0.00224803783931	0.00542297679931	0.00484908185899
-2.32064225012	-33.0501774949	62.9636518039	-0.00222105788998	0.00551853561774	0.00503428094089
-10.6772542682	-36.6272750439	50.1883034148	-0.00884599704295	-0.000520096917171	-0.00483666360378
-10.2888523029	-36.6712123918	50.031384315	-0.0085519971326	-0.000589997565839	-0.00496772490442
-10.4250955024	-36.7209599651	49.8537144102	-0.00864565465599	-0.000669552129693	-0.00509083643556
-5.24694487781	-32.6679988663	64.3285754774	-0.00460701342672	0.00597257725894	0.00592975085601
-5.31329835310	-32.5753790981	64.6593603638	-0.00464843120426	0.00610970053822	0.00616542901844
-4.79131899751	-32.5668326552	64.6898833744	-0.00422048615292	0.00613465718925	0.00620452081785
-4.67084025835	-32.6351028955	64.4460610874	-0.00413080165163	0.00603627599776	0.00603363057598
-4.58200033443	-37.3753203263	47.5167131203	-0.00401014275849	-0.00171912717633	-0.00705269537866
-4.81007952595	-37.4220988625	47.3496469197	-0.00418367516249	-0.00179650878999	-0.00715077249333
-5.13130301272	-37.3298417199	47.6791367145	-0.00446184305474	-0.00164609577041	-0.0069145844318
-4.87042473369	-37.2818076247	47.8506870547	-0.00426329765469	-0.00156588840764	-0.00681546702981
-3.95195289064	-33.0876900856	62.8296782658	-0.00360454712063	0.0054078688845	0.00488868914545
-3.87969040524	-33.1451244329	62.6245555967	-0.00355393718928	0.00533083127812	0.00474101537839
-3.44321561311	-33.0816834332	62.8511305958	-0.00317770708352	0.00543661834672	0.00492147449404
-1.26610532892	-32.7109333531	64.1752380246	-0.00128985859919	0.00599886570126	0.00591537216678
-1.60546242110	-32.7497354119	64.0366592432	-0.00158108572941	0.00594098959118	0.00581385195255
-1.54028377239	-32.8173822460	63.7950634072	-0.00153096031863	0.00584958959371	0.00564323365688
-2.6042674947	-37.7070446364	46.3319834414	-0.0023327304516	-0.00225635524839	-0.00789347663522
-2.57475721016	-37.7831644798	46.0601268577	-0.00229646707885	-0.00237896689214	-0.00806549936533
-2.12893664931	-37.8082934773	45.9703804381	-0.00192708778195	-0.00241859210655	-0.00812969915569
-2.17919928673	-37.6832653137	46.4169095941	-0.00198628939688	-0.00221693329513	-0.00784904230386
-5.56229464536	-32.6355441243	64.4444852705	-0.00485938740894	0.0060131624341	0.00600209645927
-5.33502801729	-32.8013360209	63.8523713538	-0.00469807581976	0.00577166350558	0.00558249885216
-5.60791258818	-32.7927275381	63.8831159353	-0.00491882907227	0.00577622232959	0.00559453479946
-5.81109593470	-32.6734211190	64.3092102891	-0.00506666209549	0.00594972958788	0.00589538831264
-3.76362184879	-33.6233582059	60.9165778361	-0.0035500114318	0.00468696840107	0.00346633302979
-4.00091878466	-33.7510269830	60.4606179177	-0.00377817125991	0.00449730968103	0.00310398172587
-4.18215695774	-33.6240617340	60.9140652357	-0.00390028627589	0.00465550553054	0.00344740552828
-3.74616108540	-33.7514258301	60.4591934638	-0.00356456264853	0.00451796874404	0.00311321439222
-3.98961354208	-33.6131131011	60.9531674960	-0.00373734114692	0.00468435743824	0.00348526146263
11.3426321150	-36.0267645002	52.3329839279	0.00906182825565	0.000552788260393	-0.00331560219638
11.5108015546	-36.1456711689	51.9083172540	0.00916431006044	0.000359285651939	-0.00363322719932
11.6202237887	-36.0201253593	52.3566951453	0.00926827453077	0.000564634508919	-0.00329681904987
-0.155993262827	-31.7357862477	67.6579062582	-0.000315263663651	0.00741984229535	0.00834612362087
0.372386218676	-31.7676780651	67.5440069105	0.000119627002277	0.00736890267581	0.00826298166066
0.359126879802	-31.7051742752	67.7672347314	0.000110484019388	0.00746419467032	0.00841781217605
-0.032706889766	-31.6609279857	67.9252571939	-0.000210863290704	0.00753392232582	0.00853065773845
6.10794108822	-37.1145403235	48.4480702733	0.00485091004521	-0.00125052744988	-0.00625670934096
6.29893628389	-37.1557381465	48.3009351909	0.00498629547656	-0.0013186201686	-0.00634325109422
6.30111410245	-37.2321205342	48.0281409493	0.00496455747634	-0.00144462136086	-0.00652050040662
-7.52199439778	-32.3621493922	65.4208950279	-0.00640476401895	0.00639615254477	0.00663454690948
-7.31595557546	-32.2588511321	65.7898173853	-0.00622778013349	0.00656177056953	0.00690835295245
-7.17676315271	-32.3453388776	65.4809325800	-0.0061260741204	0.00642759818584	0.0066906074062
-7.51007579630	-32.2997773114	65.6436524592	-0.00638807378709	0.0064946943894	0.00679594185203
-7.35968889043	-32.3815252995	65.3516953588	-0.00627702008933	0.00636806199327	0.00659057032317
-3.10836119842	-37.6295193981	46.6088592924	-0.0027594177518	-0.00213157664984	-0.00770405447111
-3.56773852670	-37.5466676146	46.9047585193	-0.00315063609742	-0.00199748459272	-0.0074983513914
-3.10622509454	-37.5406621744	46.9262065202	-0.00277338083833	-0.00198653852567	-0.00750184245408
-7.36975060844	-37.5066529150	47.0476681607	-0.00617941748351	-0.00193189422134	-0.00722211180255
-7.95431525451	-37.5353159593	46.9453001453	-0.0066234394908	-0.00197518663481	-0.00726644415408
-7.62141518377	-37.6167915447	46.6543159118	-0.0063489144668	-0.0021058563143	-0.00748098222539
-7.81184547049	-37.5832583259	46.7740774075	-0.0065031927079	-0.00205184496008	-0.00739066442475
10.8264618963	-33.9273030370	59.8310605822	0.00871689431369	0.00396262295544	0.00242460030131
11.3061433636	-33.8916969149	59.9582253041	0.00907570868731	0.00401635607705	0.0025121322833
11.2269227190	-33.8242769658	60.1990108363	0.00900765508413	0.0041238698177	0.00269635720178
8.46222773241	-36.9337994630	49.0935733463	0.00669920118526	-0.000945723266341	-0.0057292515412
8.13159958252	-37.0547997600	48.6614294286	0.00641276314855	-0.00114601617679	-0.00603689067066
8.23798416292	-36.9329841251	49.0964852676	0.00653117662296	-0.000945374194998	-0.00573328463361
8.34488203495	-37.0627131801	48.6331672141	0.00657031591982	-0.00115768716205	-0.00605153013021
2.96481439929	-31.9224236511	66.9913441031	0.00224808906205	0.00710813840851	0.00783715490252
2.66785847450	-31.8968696820	67.0826082785	0.0020052974578	0.00715096155182	0.007906970568
2.76269268713	-31.7522012913	67.5992811024	0.00208077556454	0.00736764911562	0.0082635935396
-4.04376510458	-37.4580291433	47.2213244881	-0.00355635466985	-0.00185349304229	-0.0072730910033
-4.01530271110	-37.3702331024	47.5348817772	-0.00355122960173	-0.00170867808629	-0.00707026245072
-4.51818220984	-37.4575951000	47.2228746428	-0.00394086306915	-0.0018539208686	-0.00724912201986
-9.56318001642	-34.3126178597	58.4549362152	-0.00817646086216	0.00325713632628	0.00135661952663
-9.79566616047	-34.2061037356	58.8353438013	-0.00834617391229	0.00341839645989	0.00163949700072
-9.63214992327	-34.2523946673	58.6700190453	-0.00822601374239	0.00335094123147	0.00151880818885
-10.1005623975	-34.2666408899	58.6191396790	-0.00857351906598	0.00330836535431	0.00146522966679
-9.86922967495	-34.3363926451	58.3700262676	-0.00840312149376	0.00320539996028	0.0012831435306
-9.46885635125	-37.1785230023	48.2195607061	-0.00785104185343	-0.00140158156864	-0.00630709715188
-9.07292265331	-37.1877727808	48.1865257828	-0.00755016040057	-0.00141764897853	-0.00634794589132
-9.26514869068	-37.1423964844	48.3485839844	-0.00770436553285	-0.00134465971496	-0.00622427416965
-4.98101038976	-32.2950722512	65.6604562459	-0.00434168195352	0.00654025003314	0.00689151324332
-4.75073739518	-32.2385854747	65.8621947334	-0.00414674542844	0.00662984699011	0.00704130344093
-4.29319986720	-32.3042138266	65.6278077623	-0.00377900642343	0.00653746817261	0.00688698794693
-4.58925113218	-32.3658051779	65.4078386505	-0.00402936665341	0.00643977150321	0.00672286888584
10.2026733730	-33.5699606866	61.1072832621	0.00819268915802	0.00453154975548	0.0034041099716
9.68413530075	-33.5762676003	61.0847585705	0.00779765564948	0.00452750641853	0.00339848268777
9.78967560824	-33.5311049593	61.2460537169	0.0078707979992	0.00459645548835	0.00351766939275
0.836767130159	-37.7018592187	46.3505027902	0.000513609324116	-0.00223718839698	-0.00787421595305
0.711387512228	-37.5880711699	46.7568886789	0.000409794505686	-0.00205165077932	-0.00762835936621
0.561032513408	-37.7022690266	46.3490391909	0.000286128459265	-0.00223896303214	-0.00788298435509
0.411118573559	-37.6001838687	46.7136290404	0.00016017537564	-0.00207271194085	-0.00766266556457
1.35347197916	-35.5373196152	54.0810013741	0.00120828102808	0.00201628054492	-0.00266755768098
1.22425627895	-35.4737155674	54.3081586878	0.00108888582326	0.00218219100498	-0.00248359958641
0.943925675003	-35.4792398113	54.2884292454	0.000800182286184	0.00219544535503	-0.00252278288826
1.07031899192	-35.5626105022	53.9906767778	0.00091811461607	0.00198149331845	-0.00276803621091
-10.0008508487	-33.5761171276	61.0852959727	-0.00847052969038	0.0044210399501	0.0033302383963
-10.1679725100	-33.5067132338	61.3331670221	-0.0085938051343	0.00452749431133	0.00350815313868
-9.68721705687	-33.5062295105	61.3348946053	-0.00822576880455	0.00454188138247	0.00353163178079
-9.81765692688	-33.5604036914	61.1414153880	-0.00832957122475	0.00445158360526	0.00338068720885
4.12959515550	-32.0549146843	66.5181618419	0.00319742853753	0.00689022056758	0.00748011935502
3.85007383275	-32.0198312639	66.6434597719	0.00297007337213	0.00694756070152	0.00757438037544
4.11929674404	-31.8968079194	67.0828288594	0.00318274507299	0.007125495933	0.00787440966815
4.37691878040	-31.9630229463	66.8463466203	0.0033924812451	0.00702142203227	0.00770348636433
-8.90211328214	-36.5319583635	50.5287201303	-0.00754447514191	-0.000357984536095	-0.00467759091407
-9.21710609785	-36.6461446901	50.1209118209	-0.00775972986594	-0.000546259921975	-0.00495588686317
-9.35044281917	-36.4870069832	50.6892607744	-0.00788471568376	-0.000288857350824	-0.00453527923673
-9.47462650868	-36.5534881080	50.4518281859	-0.00796636193991	-0.00039765011752	-0.00470171077177
-9.39405883877	-36.6112304284	50.2456056128	-0.00789725221694	-0.000490670558065	-0.00485592056066
-9.08359100891	-36.4710342687	50.7463061832	-0.00768938986585	-0.000260291766608	-0.004508478567
-1.78946882130	-31.9081774530	67.0422233823	-0.00167466653511	0.00715822074562	0.0079192603007
-1.97820986371	-31.7729915008	67.5250303542	-0.00182144995779	0.00736380415037	0.00825464725494
-1.66695669023	-31.8077379274	67.4009359735	-0.001566824154	0.0073112770915	0.00816964637488
-2.08544020599	-31.8400455819	67.2855514931	-0.00191461551003	0.00726084318012	0.00808706972748
-1.79885008457	-31.7826283354	67.4906130878	-0.00167410075665	0.00734942033887	0.00823154859245
-3.15175764946	-33.3779396193	61.7930727883	-0.00298145064153	0.00505044311285	0.00415210239589
-2.84598402063	-33.2688139529	62.1828073109	-0.00270156911574	0.00520920194685	0.00445085344836
-2.74555082752	-33.3418867659	61.9218329789	-0.00262751663104	0.00511816935614	0.00426119938493
4.65545106793	-32.4411635483	65.1387016134	0.0036488478072	0.00631721131504	0.00649651000276
4.30900737487	-32.4133419444	65.2380644842	0.00336588802747	0.00636470504105	0.00657646171749
4.68428275498	-32.3789056571	65.3610512246	0.00366623466834	0.00640635658056	0.00665300618857
-8.27174354115	-36.8678812014	49.3289957093	-0.0070086363703	-0.000901893596165	-0.00557931419462
-8.50229998267	-36.8147422290	49.5187777536	-0.00719329481944	-0.000816442188807	-0.00543014751747
-8.19680026537	-36.6995969726	49.9300108121	-0.00698543991894	-0.000626142311376	-0.005153816659
0.122020337245	-36.4849057059	50.6967653361	-8.58559433254e-05	-7.68257887103e-05	-0.00516496133059
0.488757073913	-36.6346319028	50.1620289186	0.000243623551796	-0.000369798479369	-0.0055039874278
0.24000416647	-36.6285447958	50.1837685863	1.92189727386e-05	-0.000358283112291	-0.0054948348552
0.381632113181	-36.4882250188	50.6849106472	0.00015248946147	-8.31560173538e-05	-0.00516864145175
-0.411233049134	-36.4330163971	50.8820842959	-0.000578068371397	2.39834553213e-05	-0.00504386937246
0.0219348987411	-36.3621120086	51.1353142551	-0.00017748423852	0.000172081709024	-0.00487876636907
0.135319676603	-36.4154433631	50.9448451316	-7.25931604393e-05	6.31349612377e-05	-0.00500289071351
-0.365431711919	-36.3716957315	51.1010866733	-0.000538317137398	0.000149511921336	-0.00490038096905
6.05023979990	-36.7074288208	49.9020399256	0.00492539256811	-0.000561999913771	-0.00528490636498
6.11500772260	-36.8315508784	49.4587468630	0.00494006974623	-0.00077459437307	-0.00558325042948
6.33831709831	-36.8018013479	49.5649951862	0.00512243481353	-0.000725184741896	-0.00549690425396
6.29622893908	-36.7345784473	49.8050769738	0.00510926125571	-0.000610459363088	-0.00533507019281
-9.06450490273	-36.8745700520	49.3051069570	-0.00760468188673	-0.000915162498131	-0.00555181922391
-9.29089590035	-36.8216197806	49.4942150692	-0.0077840895392	-0.000830184901133	-0.00540426699445
-9.60787576077	-36.9266718737	49.1190290224	-0.00800250750035	-0.000999049399979	-0.00565821444616
-9.28902818168	-36.9875227404	48.9017044986	-0.00775209721178	-0.00109687284566	-0.0058290543966
-3.01275527709	-33.9462203434	59.7634987737	-0.00298550352454	0.00433394126594	0.0025914455764
-2.58776780431	-33.8606516146	60.0691013765	-0.00259276246652	0.00447890721262	0.00285166525282
-3.24588359312	-33.8412839027	60.1382717762	-0.00316070346162	0.0044443551451	0.00288122799248
-3.16752308514	-33.9012219242	59.9242074137	-0.00310807023197	0.00437536463141	0.00271424953826
-2.01770549955	-34.0710375714	59.3177229592	-0.00213028956205	0.00428739096969	0.0022639548406
-2.46965359268	-34.1442473567	59.0562594402	-0.00255796243437	0.00415250984952	0.00203049252741
-1.88111219101	-34.1427111050	59.0617460536	-0.00202120421454	0.00422184774652	0.00205469760112
-3.37033552975	-36.0015278450	52.4231148394	-0.00333237671293	0.000787039578427	-0.00375882023945
-3.05865455471	-35.9777284776	52.5081125799	-0.00307020288892	0.000857705657836	-0.00372977228835
-3.18397447503	-35.8309211250	53.0324245535	-0.003218755126	0.00114901410416	-0.00331402057782
5.42015231991	-37.4618557775	47.2076579375	0.00421437108889	-0.00182329129893	-0.00708261318505
4.94767971779	-37.5482187027	46.8992189189	0.00382462260313	-0.00196586502716	-0.0073012993671
4.96996366511	-37.4663298321	47.1916791711	0.00386324198917	-0.00183300778735	-0.00711941020563
8.68896705503	-36.3417320568	51.2080997972	0.00703279208392	3.67899156117e-05	-0.00420843297616
8.13221456255	-36.3346036073	51.2335585454	0.00661829998717	5.32254380232e-05	-0.00421374803409
8.29836757583	-36.2972599202	51.3669288563	0.00675178365782	0.00011460063979	-0.00410823756829
3.94530014594	-34.2439718335	58.7001005947	0.00344946281984	0.00386933330446	0.00167736026924
4.39224514901	-34.3215579675	58.4230072588	0.00383824389428	0.00370651483536	0.00143386982381
4.10312569268	-34.3555587414	58.3015759237	0.00361100002192	0.00369337224402	0.0013371037785
-1.02042772445	-32.5858077780	64.6221150784	-0.00107404100709	0.00617454852909	0.00623193429783
-0.905051801938	-32.6577552033	64.3651599883	-0.000980023527518	0.00607560994104	0.00605164887384
1.01320374480	-33.1462427321	62.6205616710	0.000670963490847	0.00542960455641	0.00480127660558
1.36836320226	-33.0761939242	62.8707359849	0.000973863177933	0.00551358005032	0.00497465627268
1.17019699897	-33.0222147803	63.0635186419	0.000798942812253	0.00558646768332	0.00511657074094
0.890894841902	-33.0877638515	62.8294148162	0.000561107939575	0.00550548126921	0.00495341187343
-6.78724950366	-33.7544687320	60.4483259573	-0.00601932639256	0.00428522797301	0.00298283458687
-6.65214374085	-33.7088167508	60.6113687471	-0.00590612366796	0.00436259340495	0.00311347609386
-6.42344086345	-33.7085812267	60.6122099047	-0.00572661031038	0.00437724869698	0.00312329176813
-1.18868052220	-35.8585831333	52.9336316666	-0.00137875939254	0.0012528776424	-0.00359550700523
-1.51969775354	-35.8715113984	52.8874592913	-0.00169550313149	0.00120192114264	-0.00360399624333
-1.33313069281	-35.7395899491	53.3586073247	-0.00154226471204	0.00152223010082	-0.00326052075252
-7.00352612173	-33.3826353629	61.7763022753	-0.0061292136088	0.00483694532886	0.00398212857544
-6.76560621056	-33.3270241317	61.9749138154	-0.00593240140006	0.00493195839226	0.00414124596864
-6.65730001153	-33.4627703010	61.4901060677	-0.00586878182366	0.00473268562928	0.00378182949498
-6.50559509459	-33.4052604401	61.6954984283	-0.00573900947347	0.00482669658959	0.00394303398207
-8.14220787820	-35.4449599518	54.4108573150	-0.00712378695607	0.00147370272316	-0.00179587223101
-8.20265296554	-35.5239582679	54.1287204717	-0.00716143287718	0.0013379213633	-0.00201298715547
-8.59818668558	-35.4881821675	54.2564922588	-0.00745056383312	0.00137986743357	-0.00189692911226
-8.38835711760	-35.8738270257	52.8791891938	-0.00726117799059	0.00074271223275	-0.00296311150305
-8.21561046323	-35.8281701757	53.0422493725	-0.00714016612619	0.000825436436571	-0.00284895231016
-8.70775377513	-35.7675164582	53.2588697921	-0.00750583037734	0.000909548543859	-0.0026574942749
-8.64560526126	-35.8456372815	52.9798668516	-0.00745237898082	0.000781399081461	-0.0028726211749
-8.25783210986	-35.7590623146	53.2890631621	-0.0071789403446	0.000940098019782	-0.00265798158944
-9.84567391124	-34.5739017039	57.5217796291	-0.00838559493423	0.00282262521796	0.00063696957659
-9.95855002309	-34.6515154438	57.2445877006	-0.0084665780887	0.00269191316329	0.000423519319156
-9.54120373610	-34.6711574264	57.1744377629	-0.00816227868199	0.00267895869911	0.000375551724574
-9.47488054379	-34.6091149574	57.3960180092	-0.00811446085572	0.00278265099041	0.000546718772966
-0.780118199949	-33.0533941442	62.9521637708	-0.000892475014552	0.00554806273431	0.00504890549928
-0.394667540162	-33.0063756031	63.1200871318	-0.000556284270715	0.0056125423871	0.00517042260617
-0.479384300205	-32.9324096670	63.3842511894	-0.00062737026019	0.00570856733248	0.00535868573934
1.26448297711	-37.8047753961	45.9829450141	0.000863963679876	-0.00240152305923	-0.00808482058346
1.04551315328	-37.8341010927	45.8782103834	0.000685371865984	-0.00244956719689	-0.00815694499761
0.877509687097	-37.8044239781	45.9842000783	0.000547784613445	-0.00240270840004	-0.00809756666422
0.763697286835	-37.7579043186	46.1503417194	0.000453888293123	-0.00232826708816	-0.00799920223653
-8.57469090249	-34.5400020102	57.6428499634	-0.0074543687515	0.00294139515609	0.000749459664803
-8.97616370567	-34.5040144166	57.7713770837	-0.00774829182774	0.00297744804993	0.000843838322908
-9.05352848185	-34.5738641304	57.5219138201	-0.00780631322414	0.00286058639176	0.000649544934276
-8.72884110526	-34.6022861508	57.4204066043	-0.00756911374629	0.00283201155253	0.000574291450903
-7.31890301945	-34.1936170601	58.8799390710	-0.00649197585881	0.00357378274202	0.00174344575498
-7.17035731373	-34.1147786961	59.1615046568	-0.00636916980147	0.00370717793703	0.00196882849559
-6.82723807291	-34.2250459262	58.7676931206	-0.00612289085984	0.00356129277498	0.00166636833455
9.83896042288	-36.5381054359	50.5067663003	0.00783846992999	-0.000289858377073	-0.00468782940879
10.1931839605	-36.6056217926	50.2656364550	0.00808357447386	-0.000398773961933	-0.00485790520906
10.0258067664	-36.6338638215	50.1647720659	0.00795187335461	-0.000445906480309	-0.00493351509795
10.1703767942	-35.6509211141	53.6752817354	0.00825442001224	0.00117437262088	-0.00231267581694
10.5595130885	-35.7777930247	53.2221677691	0.00852401275188	0.000962024903856	-0.00265177921392
10.1067914013	-35.7094676513	53.4661869598	0.00820018723607	0.00107814581133	-0.00247330171987
-5.31029693147	-37.5941952765	46.7350168697	-0.00454544462264	-0.00207597599365	-0.00753188505769
-5.67662944430	-37.5336145187	46.9513767190	-0.00484966812655	-0.00197824812494	-0.00737041654065
-5.77609876777	-37.5955556232	46.7301584886	-0.00491426885128	-0.00207768264227	-0.00751311006024
-5.41566330426	-37.6379342520	46.5788062428	-0.00461940094829	-0.00214608269744	-0.00763038592413
2.91502182453	-36.6094466090	50.2519763964	0.00239143334329	-0.000344537111232	-0.00530592119321
3.10667555560	-36.4594523178	50.7876702936	0.00259169563651	-6.66098640068e-05	-0.00492937909439
2.83015595231	-36.4862056111	50.6921228175	0.00234693544917	-0.000111147492134	-0.00501873157918
3.32355782322	-36.5701363970	50.3923700105	0.00274903629906	-0.000278576888377	-0.0051772785373
3.13682973241	-36.6041981111	50.2707210317	0.00258213095367	-0.000338392652338	-0.00527487788349
11.1981859685	-35.0461739747	55.8350929474	0.00905513577163	0.00215737754479	-0.000647625769489
10.9482545102	-35.0755814025	55.7300664195	0.00886965356767	0.00211163656786	-0.000727983890101
10.7976335486	-34.9703214565	56.1059947984	0.00876035448164	0.00228498457	-0.000437843846157
3.77065931392	-37.4825124572	47.1338840814	0.00291537982412	-0.00186569010839	-0.00723659014329
3.66823286351	-37.6314937866	46.6018079049	0.00280795921572	-0.00210923491977	-0.00757218152285
3.43871912463	-37.5800376020	46.7855799927	0.00263439165428	-0.00202693394385	-0.00747445132583
-0.190832981674	-35.5813905729	53.9236050968	-0.000398451287765	0.00197500362992	-0.00286707794294
-0.0125289172439	-35.6493455612	53.6809087100	-0.000210787708056	0.0018071384402	-0.00306635675952
0.336313446813	-35.6022203083	53.8492131846	0.000154329944053	0.00192250194959	-0.00292499642819
0.224690697031	-35.5247402342	54.1259277349	4.01780380344e-05	0.00211903871968	-0.0026956088841
8.06708234373	-34.9504797103	56.1768581776	0.00674330024049	0.0023947164882	-0.000401928264182
8.10675507823	-35.0346668727	55.8761897404	0.00677378103137	0.00225349143147	-0.00064079038566
8.48787070312	-34.9838074158	56.0578306577	0.00705536082387	0.00232114177197	-0.000489767000545
2.43214102421	-34.1461163897	59.0495843226	0.00211231783032	0.00417572865263	0.00202097254805
2.79152429053	-34.0755049773	59.3017679382	0.00241195154376	0.00422103190795	0.00221713748761
2.51180255703	-34.2147603121	58.8044274569	0.00220394111238	0.00408526649699	0.00181103439536
2.98547374694	-34.1315508417	59.1016041367	0.0025985694956	0.00413075042889	0.00204431009479
5.50612211401	-38.0051643192	45.2672702887	0.00414471048862	-0.00269230105914	-0.00825873576105
5.25433503715	-37.9043759495	45.6272287518	0.00397390732542	-0.00253077154048	-0.00805593281984
5.28873605827	-38.0363140008	45.1560214258	0.00398233160377	-0.00274325045757	-0.00834027305245
5.05776764808	-37.9465459522	45.4766215992	0.00382090685889	-0.00259988894686	-0.00816136691719
-4.64914991238	-35.8353688989	53.0165396468	-0.00443198671564	0.00101374520455	-0.0031597877387
-5.02598595873	-35.7291031783	53.3960600776	-0.00475367950276	0.00118285254575	-0.0028207981959
-4.75300605953	-35.7350744359	53.3747341576	-0.00453719589859	0.00119477196131	-0.0028656036593
-4.59212016523	-35.7795280584	53.2159712201	-0.00439921207726	0.00112433056347	-0.00300876889378
9.77913074304	-34.8315865794	56.6014765023	0.0080066723749	0.00252916943282	-5.31283476448e-05
9.28299885874	-34.7765547482	56.7980187566	0.00763779459521	0.00263221631758	9.97737370199e-05
9.29176774531	-34.8579270157	56.5074035155	0.00764707475901	0.00249933707528	-0.000127926279674
5.69532489164	-35.2528830284	55.0968463270	0.00496242009103	0.00204377854243	-0.00136914465111
5.26754811569	-35.2833221656	54.9881351230	0.00463188625872	0.00203066482209	-0.00148802378681
5.37555816463	-35.3489392447	54.7537884120	0.0047093774192	0.00190235371701	-0.0016757666599
5.75937872781	-35.3695063437	54.6803344868	0.00500200502574	0.00183172780089	-0.00170907389838
6.79088542656	-33.4056821405	61.6939923555	0.00552587769926	0.0048609864898	0.0039306380786
7.19487388999	-33.2953934763	62.0878804416	0.00581990741193	0.00501071242616	0.00421255733818
7.28315992564	-33.4290581253	61.6105066954	0.00591713376343	0.0048089530319	0.00385369895957
7.38354923111	-33.3560553416	61.8712309230	0.00598030583933	0.00491470983252	0.0040458845906
2.64055625296	-35.3571510504	54.7244605342	0.00246594892815	0.00224306760356	-0.00196314090863
2.88285924789	-35.2228062025	55.2042635624	0.00269862334244	0.00247566704638	-0.00150295847561
2.60895634476	-35.2432544550	55.1312340894	0.0024538943544	0.00248371227644	-0.00159725209232
0.139096217285	-35.3138243919	54.8791986005	-4.71595849376e-05	0.00263866572641	-0.00201737391762
0.415672865441	-35.2956927218	54.9439545652	0.000254129321547	0.00267356494442	-0.00194993719924
0.560487993782	-35.4012057333	54.5671223811	0.000404253281886	0.0024132321123	-0.00229624612257
0.326252515572	-35.4153121763	54.5167422277	0.000152625201736	0.00238896463998	-0.00234986585565
3.54415397480	-32.5099538832	64.8930218459	0.00275057507679	0.00624237395823	0.00635466957465
3.71964202124	-32.4184776449	65.2197226967	0.00288664270192	0.00636953581125	0.00658003659919
3.54849559350	-32.4532058102	65.0956935351	0.00274937669747	0.00632321555167	0.00649744831026
3.90151409509	-32.5290705440	64.8247480570	0.00304498919286	0.00620761048049	0.00629605678841
3.91992611732	-32.4614651428	65.0661959186	0.00305372895673	0.00630381330848	0.00646613864228
-10.1304710842	-35.7707114147	53.2474592331	-0.00853592250496	0.000863548601046	-0.00260421680287
-10.4023657698	-35.7487907524	53.3257473129	-0.00873388629407	0.00089259701781	-0.00253563490696
-10.5485854979	-35.8503513250	52.9630309820	-0.00883299391717	0.000725554069504	-0.00279991840944
-10.2774017986	-35.8828403729	52.8469986681	-0.00863407272846	0.00067852740176	-0.0028969720006
-0.781581702142	-35.5876678268	53.9011863328	-0.00101312610786	0.00193220307119	-0.00286468304694
-0.332110499082	-35.6508229391	53.6756323605	-0.000542735098861	0.00179750320967	-0.00306680682115
-0.67675170456	-35.5175333369	54.1516666540	-0.000912532384973	0.00211292435415	-0.00265901954845
0.222896845478	-35.2484600346	55.1126427337	4.54076216556e-05	0.0027900475543	-0.00179139873944
-0.334264578397	-35.2852521590	54.9812422892	-0.000563300971407	0.00269750552252	-0.00191697524861
-0.220532051265	-35.2243889372	55.1986109387	-0.000440932286438	0.00284254853614	-0.00170746294316
0.787939753717	-35.2105493405	55.2480380697	0.00066001462983	0.00284121278673	-0.00163942051586
0.559845979659	-35.1535249751	55.4516965176	0.00041560686077	0.00298460153863	-0.00144606945105
8.28442284793	-33.2346051976	62.3049814373	0.00665730377659	0.00507501838729	0.00434531830251
8.54084115637	-33.2235577057	62.3444367652	0.00685393949971	0.00508718146011	0.00436843791977
1.53153530090	-34.8652490687	56.4812533262	0.00142996653449	0.00339265121147	-0.000356903678039
1.48411130763	-34.9403079960	56.2131857286	0.00138855073601	0.00327590433881	-0.000630381866358
1.01639061532	-34.9075498328	56.3301791686	0.000902809435502	0.00340454746038	-0.000528084754478
5.13536125596	-36.3548982373	51.1610777241	0.00430108932778	7.35192152206e-05	-0.00447700032964
4.91124179621	-36.3213257573	51.2809794381	0.00413037510589	0.000140647578519	-0.00441205175593
5.41370893129	-36.2788965823	51.4325122062	0.00454384600744	0.000202745242859	-0.00425668759272
5.14875543192	-36.2247651447	51.6258387689	0.00434768432751	0.000309119117446	-0.004140637815
7.86008693057	-37.6277649213	46.6151252810	0.00600453745574	-0.00207961746491	-0.00741381337866
7.52936574841	-37.7234601666	46.2733565480	0.00572028150782	-0.00223849667236	-0.00763180479407
7.57653336416	-37.6096556481	46.6798012566	0.00580117106438	-0.00205238070339	-0.00736825075001
-3.94565663782	-34.3410158352	58.3535148742	-0.00387948006392	0.00369751336984	0.00138858985156
-4.12766048920	-34.2892592639	58.5383597719	-0.00401640078053	0.00374624575488	0.00154114188626
-3.70479385139	-34.2667985602	58.6185765709	-0.00366067001596	0.00383398775011	0.00162029115018
-3.84363236217	-34.2192598970	58.7883575107	-0.00376425380819	0.00388082745485	0.00175933225546
-8.55660375393	-36.8922394277	49.2420020438	-0.00721901748329	-0.000942556536756	-0.005624727346
-8.35370429503	-37.0265611948	48.7622814472	-0.0070382989943	-0.00115959253162	-0.00597687810659
3.49958197475	-34.1566002771	59.0121418677	0.00304907560349	0.00403947709128	0.0019517011242
3.79311387146	-34.1373127275	59.0810259731	0.00329143600538	0.00403186306357	0.00199874956161
-10.2507172762	-33.5800361624	61.0712994201	-0.00866136047989	0.00440768664703	0.00330825010315
-10.0116556840	-33.7121885940	60.5993264502	-0.00848702155054	0.00420292653143	0.00296490523033
-9.87908622687	-33.6816892731	60.7082525962	-0.00838449038565	0.00425595743582	0.00305271265097
-9.90040169306	-33.6337266199	60.8795477860	-0.00839765463024	0.00433194730431	0.00318045215681
9.32815345257	-37.2193877004	48.0736153558	0.00725239655003	-0.00140366784763	-0.00642869900912
9.65095727474	-37.1263500460	48.4058926929	0.00752474321052	-0.00124986562878	-0.00619501480833
9.24566114731	-37.1487273042	48.3259739137	0.00721505982801	-0.00129018328153	-0.00625284016132
7.13134842796	-35.6953051381	53.5167673638	0.00599800236523	0.00117467099335	-0.00254813930951
6.74400539023	-35.8017323698	53.1366701077	0.00568742631003	0.00100497913081	-0.00286835548468
7.16788049185	-35.7758258099	53.2291935359	0.00601213565096	0.00103331415448	-0.00276901992038
6.65494185635	-35.7170712970	53.4390310822	0.00563509808853	0.00115790043492	-0.00263964245096
-8.4466802438	-32.8010057654	63.8535508378	-0.00719056325033	0.00568914040923	0.00545583991334
-8.25646162584	-32.7473191199	64.0452888576	-0.00703410711139	0.00577755505219	0.00560452230275
-7.98803536487	-32.8591399074	63.6459289020	-0.00683485483751	0.00560844456777	0.00532352831215
-8.14306526258	-32.8880873564	63.5425451557	-0.0069608958438	0.00555941928178	0.00524085946381
9.53149776269	-36.8456689289	49.4083252540	0.00752439629287	-0.000795037311036	-0.00548545178026
9.92677437384	-36.9200859277	49.1425502583	0.00779606308788	-0.000912976218387	-0.00567087298259
10.0625141734	-36.8647558762	49.3401575850	0.00791373010725	-0.000821929192171	-0.00552834570408
9.91704054591	-36.7719375657	49.6716515509	0.00783271063119	-0.000672044465318	-0.00529149034992
0.0405826609474	-33.8421855244	60.1350516985	-0.00017235330597	0.00463486975059	0.00295776501298
-0.372864655604	-33.7330790227	60.5247177762	-0.000557334977202	0.00474564032629	0.00325940456241
-0.0370421750449	-33.7365574706	60.5122947479	-0.000245954142883	0.00474560912699	0.00325048179366
0.374197340943	-33.9571009305	59.7246395341	0.000148431878188	0.00451635895297	0.00263041374274
0.0867464340727	-33.9627137253	59.7045938382	-0.000126308077597	0.0045132143423	0.00261627114378
0.306655762087	-34.3479299758	58.3288215149	0.000107592975837	0.00414621923119	0.00144528364763
0.587742325954	-34.3414215719	58.3520658147	0.000392534595449	0.00414186576381	0.0014637443237
0.839593173279	-34.4313980809	58.0307211398	0.000659824407194	0.00403703283519	0.0011656829156
0.432447279326	-34.4653302485	57.9095348266	0.000245741655817	0.00402806838974	0.00105547357816
-1.91085523887	-35.0418934629	55.8503804896	-0.00221046688966	0.00299324537627	-0.000971236207988
-2.30880621603	-35.0155237304	55.9445581056	-0.00258533190936	0.00295902253129	-0.000852213357575
-2.16773606404	-35.0656595020	55.7655017784	-0.00245436606929	0.00289552845061	-0.00103660335299
-2.37177038255	-34.9561935757	56.1564515154	-0.00264101056382	0.00305163231678	-0.000642146333121
2.75312387927	-31.9815254128	66.7802663827	0.00207643583417	0.00702341506258	0.00769508304074
3.30241843825	-32.0382439696	66.5777001086	0.00252615986392	0.00693038385361	0.00754162203521
3.08688148418	-32.0860880151	66.4068285174	0.00235191476531	0.00686350790784	0.00742762116715
-3.15433688703	-36.0605840462	52.2121998349	-0.00313074071892	0.0006830469938	-0.0039398255758
-3.76318173686	-36.1054847560	52.0518401570	-0.00363701675087	0.000556516519282	-0.00399263389409
-3.56824042595	-36.1673895279	51.8307516860	-0.00345629826188	0.000447392696515	-0.00417584413663
-0.293989149345	-34.5718922167	57.5289563688	-0.000515008170623	0.00391869712621	0.000688546919264
-0.145576921902	-34.6439949398	57.2714466437	-0.000358920311555	0.00384160899557	0.000431845488492
0.147448177325	-34.5555765212	57.5872267102	-4.75622000522e-05	0.00394250126556	0.000745759520214
0.231905508555	-34.6088453746	57.3969808049	4.42879536422e-05	0.00388203631155	0.00055748334853
-1.44523616671	-34.7923287420	56.7416830644	-0.00173511297908	0.00350548303686	-9.50939866016e-05
-1.57869028935	-34.7272525333	56.9740980955	-0.001859512995	0.00357534713112	0.000140512172948
-1.97454508656	-34.7544837963	56.8768435847	-0.0022480727639	0.00346072460525	5.07445329276e-05
-2.30286213583	-35.3285621861	54.8265636210	-0.00255525158718	0.00233590044081	-0.00191243679728
-1.88901425553	-35.3742517469	54.6633866184	-0.00215768464841	0.00230698869564	-0.0021052530501
-2.40202792920	-35.4028825657	54.5611336938	-0.00263261329383	0.00215946789831	-0.00214034505188
-1.98421428140	-35.4573973614	54.3664379949	-0.00223284820095	0.00210501463152	-0.00235963263549
-2.79464641512	-35.7275064303	53.4017627490	-0.00290679559112	0.00140481989365	-0.00306902593002
-2.65592883816	-35.6468029836	53.6899893444	-0.00280482741073	0.00159397162497	-0.00285252765752
-2.28633264969	-35.6883737236	53.5415224156	-0.00245942664333	0.00154614564963	-0.00301720318384
10.6753302237	-33.5053438217	61.3380577796	0.00854360684752	0.00462990161031	0.00356780923903
10.9759108107	-33.5082052268	61.3278384756	0.00877365190536	0.00462462427095	0.00355394184589
10.7829063068	-33.3904738107	61.7483078189	0.00860808882862	0.00480993837118	0.00387358199805
-8.70301712476	-33.0892800700	62.8239997499	-0.00742413010448	0.00522960023955	0.00468597561121
-8.97873406601	-33.1673271375	62.5452602232	-0.00764761539176	0.00509926164523	0.00446680933237
-8.79796568438	-33.1399826635	62.6429190591	-0.0075038196519	0.0051472755149	0.00454752100632
-9.14214717772	-33.0547121206	62.9474567122	-0.00776362046599	0.0052731372416	0.00475729256868
9.35811401659	-36.5445627381	50.4837045068	0.00747980130836	-0.000301712047076	-0.00471523078158
8.84991292409	-36.6107539438	50.2473073436	0.00708362879232	-0.000411658547819	-0.00490040285513
9.00127097362	-36.6579612759	50.0787097290	0.00718353176489	-0.000489512225613	-0.0050170714967
-3.50838828155	-36.3869346997	51.0466617866	-0.00334906973876	2.95261888823e-05	-0.00474336929619
-2.93898112953	-36.3553191435	51.1595744876	-0.00286886864342	0.000111651504994	-0.00471600703895
-3.44516069082	-36.3094211381	51.3234959352	-0.00331494025886	0.00017936664517	-0.00455352570862
-2.61942644185	-36.0855054239	52.1231949146	-0.00265564024448	0.000665761821438	-0.00406112056226
-2.54635777616	-36.0140488922	52.3783968136	-0.00260903919116	0.000818894593976	-0.0038819196634
-4.46965369616	-37.1420739594	48.3497358592	-0.00397030683234	-0.00133025483228	-0.00650763092563
-4.94307257108	-37.1447054276	48.3403377584	-0.00435270275921	-0.00133813673165	-0.00648379838094
-4.65859522386	-37.0993964613	48.5021554953	-0.00413324125111	-0.0012598154135	-0.00639371899888
-4.77116481166	-37.1855018621	48.1946362067	-0.00420488230884	-0.00140520837158	-0.00659224390984
-5.23109005490	-36.5069891091	50.6178960391	-0.00473469216377	-0.000245921721216	-0.00488882651553
-5.53767440260	-36.5869391219	50.3323602788	-0.00495960377157	-0.000393769383663	-0.0050654229708
-5.78014938008	-36.5371982069	50.5100064038	-0.00516297947615	-0.000313008407829	-0.0049181105569
-4.62503005861	-37.0037642567	48.8436990832	-0.00412775157019	-0.00109735946171	-0.00616639805958
-4.87594224058	-36.9534410184	49.0234249343	-0.00434256531298	-0.0010144088883	-0.00602696789429
-4.58989884979	-36.9023545904	49.2058764628	-0.00412255246192	-0.000923203187995	-0.00592380017042
-4.34560557831	-36.9528075249	49.0256874112	-0.00391162605956	-0.00100689008832	-0.00606324104592
-3.44073560689	-33.5000433248	61.3569881256	-0.00325085804798	0.00487258192152	0.00381434429437
-3.2987092817	-33.5768432411	61.0827027103	-0.00314592989162	0.00478102406487	0.00361161259934
-3.80634223512	-33.5513832817	61.1736311366	-0.00357030075975	0.0047803404741	0.00366105674766
4.73664318785	-33.9480869515	59.7568323159	0.00401702336967	0.00419963430613	0.00251268269494
4.52119255542	-33.9992198673	59.5742147598	0.00385515601374	0.00414719525725	0.00237454404123
-6.19388527321	-36.3184753336	51.2911595229	-0.00553615344688	5.62742752663e-05	-0.00431576091796
-6.67785340495	-36.3558798526	51.1575719551	-0.00590103073046	-2.28703484026e-05	-0.00437325844541
-6.49804372445	-36.3959337954	51.0145221592	-0.0057542542927	-8.69282739586e-05	-0.00449270522222
-3.51978604597	-36.8839744601	49.2715197854	-0.00324389385059	-0.000875878962688	-0.00595547677949
-3.27510580285	-36.9348147983	49.0899471491	-0.00302814971656	-0.000961808254942	-0.00609177816659
-3.62342738203	-36.9959678125	48.8715435268	-0.00330650038086	-0.00107267464045	-0.00621449016035
-3.81543911432	-36.9489323473	49.0395273310	-0.0034759696573	-0.000993479974568	-0.00609037140384
-1.63363804035	-37.2732232122	47.8813456708	-0.00158390647266	-0.00153342948761	-0.00693999137729
-1.32580000085	-37.3329451515	47.6680530303	-0.00131635728758	-0.00163338088896	-0.00707963760942
-1.44223898344	-37.2930855168	47.8104088686	-0.00141926470678	-0.00156625139061	-0.00698843691498
-1.45723197490	-37.3965418304	47.4409220342	-0.00142068928108	-0.00174128252547	-0.00721994647756
-1.67902876481	-37.3706120967	47.5335282260	-0.00161061587278	-0.00169867568184	-0.00715793576092
-4.27255848212	-36.7127468274	49.8830470449	-0.00390742113814	-0.000586843467318	-0.00548566738144
-4.50616073180	-36.6580540516	50.0783783871	-0.00411204760894	-0.000495018844958	-0.005331533961
-4.55233373789	-36.7865102378	49.6196062937	-0.00411907210946	-0.000721778604202	-0.00564428698272
-4.80397123793	-36.7358357229	49.8005867040	-0.00433565350249	-0.000637930468656	-0.00549953756854
2.25289785709	-32.0171661980	66.6529778644	0.00166700361297	0.00697769178078	0.00761711085215
6.50766762032	-33.0011098045	63.1388935554	0.00521790841594	0.0054635074921	0.00500647909939
6.28660394019	-33.0350064865	63.0178339768	0.00504887197167	0.00542025128379	0.00492447381839
6.03650201499	-32.9529554337	63.3108734511	0.00483373552561	0.00554647296667	0.00514551624656
6.25818367926	-32.9259209872	63.4074250459	0.00500543229282	0.00557969976217	0.00520923547447
6.01048985241	-36.5582820591	50.4347069319	0.00493668531999	-0.000303797714878	-0.00491795782
6.05389818803	-36.4027926863	50.9900261202	0.00501374900341	-3.29055292241e-05	-0.00452137412503
6.29697417678	-36.4438903248	50.8432488399	0.00519173545763	-0.000109165208414	-0.00460778130218
-3.41278667302	-35.4668084490	54.3328269680	-0.00350283202715	0.00186930282507	-0.00222282647155
-2.90740730111	-35.4348455074	54.4469803309	-0.00307673215866	0.00201027281582	-0.00218227040023
-2.98797879289	-35.5162950292	54.1560891815	-0.0031293509528	0.00182802218478	-0.00242318841629
-3.33953904098	-35.4067788526	54.5472183835	-0.00345263886265	0.00200085085817	-0.00204597250558
-6.32658687716	-36.5505041840	50.4624850572	-0.00558732589707	-0.000348420551745	-0.00490663945675
-6.56560756141	-36.5029671443	50.6322601988	-0.00578303774819	-0.000272278964985	-0.00476492661983
-6.61401093179	-36.6000462108	50.2855492470	-0.00579901877791	-0.000438647868577	-0.00501067982987
-6.83273510461	-36.5546989685	50.4475036841	-0.00597753142938	-0.000365824205801	-0.00487724877894
-4.36476803656	-36.1490364534	51.8962983806	-0.00412387726828	0.000439521303633	-0.00404408015311
-3.86540430074	-36.1884908704	51.7553897485	-0.00370069197379	0.000390933651943	-0.0041998680681
-5.60880253137	-36.2667923235	51.4757417017	-0.0050914301537	0.000167799691553	-0.0042322636582
-5.34091850276	-36.7508826470	49.7468476893	-0.00476390356198	-0.000673774280585	-0.00549357244745
-5.58717195776	-36.7011934794	49.9243090020	-0.00497173890471	-0.000592574593611	-0.00534951360896
-5.86982212442	-36.7515442575	49.7444847947	-0.00518339546397	-0.000683683843818	-0.00545321498066
-5.62257325896	-36.8020939237	49.5639502726	-0.00497597455978	-0.000766113924328	-0.00559877417982
-4.98239448478	-36.2032553134	51.7026595950	-0.00460990797728	0.000308538757963	-0.0041246698238
-4.67489598836	-36.4688297261	50.7541795497	-0.00429589860141	-0.000161583564477	-0.00484199216589
-4.71668382485	-36.5399911450	50.5000316252	-0.00431229919195	-0.000290352036245	-0.00501824310049
7.28353100540	-35.2442640268	55.1276284756	0.00615860940889	0.0019437771989	-0.00126408296637
7.29446103428	-35.1558667316	55.4433331016	0.00616984115914	0.00209294399247	-0.00100975960959
7.71983850447	-35.1421595195	55.4922874302	0.00648619234562	0.0020928743761	-0.000956801814027
7.76495010136	-35.2249612454	55.1965669807	0.00651709921658	0.00195143488236	-0.00119141687173
8.67491099541	-35.3438119835	54.7721000590	0.00718320580199	0.00171574333217	-0.00149888428859
8.27632374102	-35.3686446493	54.6834119669	0.00688725989312	0.00168770330492	-0.00158045871649
8.67202690655	-35.2631419692	55.0602072529	0.00718581210822	0.00185063225217	-0.00127308641095
8.23121214412	-35.2858429234	54.9791324164	0.00685925362632	0.00182867865078	-0.00134898547549
-3.91959567226	-35.4884231577	54.2556315796	-0.00391814904287	0.00175764854066	-0.00223253015429
-4.03719608128	-35.5540646167	54.0211977975	-0.0040010320954	0.00161482475232	-0.00241613481194
-4.38416297694	-35.4998660653	54.2147640526	-0.00429053604603	0.00167854211759	-0.00221839244477
-4.28984789964	-35.5466668398	54.0476184292	-0.00420648325235	0.00159985921346	-0.00236716074869
-11.3579163444	-34.6772914987	57.1525303619	-0.00948631670326	0.0025921468623	0.000323577260133
-11.6035902461	-34.7131926625	57.0243119198	-0.00966346636415	0.00252332864329	0.000221499387408
-11.7234210054	-34.6509181161	57.2467210139	-0.00975544564426	0.00262029352598	0.000382356200134
-11.6086204716	-34.6157795669	57.3722158323	-0.0096736997366	0.00268248724751	0.000479063921375
-11.4510553399	-34.6265841434	57.3336280592	-0.00955761224031	0.00267111952417	0.000455469504232
-5.69485318776	-32.4667652869	65.0472668325	-0.00494469422847	0.00626580836251	0.00643094163388
-5.87744941000	-32.5808013508	64.6399951756	-0.00510782003403	0.0060883583501	0.00613166810945
-8.13828065371	-36.5299345346	50.5359480906	-0.00697374390438	-0.000345768727129	-0.00471967319027
-8.35517855293	-36.4779431930	50.7216314537	-0.00714575173333	-0.00026277260622	-0.00457045855001
-7.88791455519	-36.4212134180	50.9242377929	-0.00680582271889	-0.00016106905241	-0.00445342669263
7.47630107096	-35.4980918218	54.2211006363	0.00628226669505	0.00150030967779	-0.00197701365687
7.54118964583	-35.5851658705	53.9101218910	0.00632031541318	0.00134805357084	-0.00221810513176
7.96652827392	-35.5510970667	54.0317961904	0.00664072996005	0.00139008485712	-0.00210296036676
7.92284808352	-35.4762790409	54.2990034254	0.00661636097357	0.00151896150783	-0.0018955967389
6.76385131476	-34.9905054453	56.0339091240	0.00577355688438	0.00240598525852	-0.000547536823433
6.31168362877	-34.9930872035	56.0246885589	0.00543365534395	0.00243695639074	-0.000569514173549
6.80896291165	-35.0733071711	55.7381886746	0.00580839486793	0.0022634784691	-0.000787721481174
6.35346963604	-35.0659129072	55.7645967600	0.00546631123871	0.00231033796445	-0.00078292778926
-1.79004401572	-38.3820381529	43.9212923112	-0.00157154060435	-0.00331816216931	-0.00941418856382
-1.91205730364	-38.3154187785	44.1592186482	-0.00167903921101	-0.00321561703458	-0.00926492083818
-2.28574288512	-38.3850039810	43.9107000680	-0.00196913070977	-0.0033233682625	-0.00942184496671
5.84833392685	-33.5612235139	61.1384874504	0.00481406319886	0.00467528682202	0.00354307587259
5.56438761821	-33.5892277756	61.0384722299	0.0045934394002	0.00465009501204	0.00347711285576
5.65862389173	-33.6963249005	60.6559824981	0.00469517335296	0.00449120206758	0.0031817976851
6.04175756763	-33.6679013796	60.7574950729	0.00499342940748	0.00451056519523	0.00324669922702
9.14238913782	-35.3870852867	54.6175525475	0.00752450013533	0.00163020228501	-0.00160763435997
9.57415496837	-35.3586916590	54.7189583606	0.00784424785525	0.0016674605431	-0.00152012181934
9.22180661529	-35.4636791014	54.3440032094	0.00757658807561	0.00150063214824	-0.00181803642772
9.59915642109	-35.4068535512	54.5469516030	0.00785903260112	0.00158710742835	-0.00165285507683
9.50794086579	-35.4531496886	54.3816082550	0.00778807094321	0.00151206110604	-0.00178250018507
-3.77798039210	-34.9576860953	56.1511210882	-0.00384628213942	0.00276854378171	-0.000570693111513
-3.51799918814	-34.8347326974	56.5902403664	-0.00362333212979	0.00302315037698	-0.000180182090844
-3.80492164687	-34.8308999823	56.6039286346	-0.00385827175342	0.00297758798115	-0.000158428796567
1.55713827485	-34.5904167345	57.4627973767	0.00140994717367	0.0037747384049	0.000618607562501
1.49126098127	-34.5291717299	57.6815295362	0.00133167451713	0.00385800888762	0.000828502990771
1.14123201251	-34.6095499996	57.3944642873	0.000996399438009	0.00380986742675	0.000553344842046
1.22773845791	-34.5142574637	57.7347947725	0.00106646935456	0.00390957295895	0.000881922780536
-0.714639934348	-31.7355454821	67.6587661353	-0.000776332046371	0.0074216783978	0.00834928452969
-0.888545232259	-31.8078537014	67.4005224950	-0.00092352880165	0.007311637979	0.00817032530904
-1.22843934025	-31.7558890507	67.5861105333	-0.00120157294441	0.00739096198231	0.0082993991673
-1.08003781628	-31.6676047120	67.9014117428	-0.0010743184248	0.00752643775195	0.00851847790182
-1.18474648596	-31.7118349464	67.7434466202	-0.00116306077689	0.007458480075	0.00840876530856
7.18168943507	-34.9103741719	56.3200922431	0.0060834181495	0.00251065613702	-0.000303720240481
7.55902633259	-34.8077206413	56.6867119954	0.00635958090425	0.00265643256716	-1.05168339815e-06
7.61250576765	-34.8952815233	56.3739945595	0.00640395097435	0.00250947079621	-0.000251854362432
7.14907539083	-34.8391513007	56.5744596403	0.00605533504859	0.00263032852672	-9.78948737611e-05
10.2539891943	-34.8103585454	56.6772909092	0.00835738983005	0.00255366647616	5.37551568414e-06
10.6788474805	-34.7242278285	56.9849006125	0.00866990163922	0.00268653640524	0.000241524918238
10.3896910856	-34.6838591971	57.1290742960	0.00845397077501	0.00275643891655	0.000354879710358
10.5197312395	-34.8498057018	56.5364082079	0.00855469238013	0.00248501682654	-0.000104489205114
-5.40644734775	-36.9481248426	49.0424112766	-0.00476964563131	-0.00101144670043	-0.00597553513944
-5.68481916744	-36.9930564291	48.8819413248	-0.00498053245246	-0.00108996988274	-0.00606568809599
-5.92962582188	-36.9423558109	49.0630149609	-0.00518595287576	-0.00100724922959	-0.0059234178625
-5.65369621320	-36.8975751764	49.2229457987	-0.00497820461169	-0.000928760739043	-0.00583302788436
-6.39300059854	-36.7457752259	49.7650884790	-0.00559468008578	-0.000681817298755	-0.00539817893878
-6.64024946399	-36.6952255597	49.9456230012	-0.00579812563956	-0.000600151252002	-0.00525138014928
-6.66648799620	-36.7904049085	49.6056967553	-0.0057970858179	-0.000760540366173	-0.00549029186368
-6.88209733011	-36.7444595819	49.7697872077	-0.00597405480221	-0.00068625836866	-0.00535831646994
8.74561265434	-34.6459450683	57.2644818988	0.00723159499466	0.00286256941035	0.000465777236968
8.80650071253	-34.7304125145	56.9628124483	0.00728238606825	0.00272338464856	0.000228161952691
8.33919008813	-34.7099722724	57.0358133129	0.00693399226293	0.00277573452331	0.000284295936581
-4.08583633465	-31.7751728855	67.5172396948	-0.00355412904173	0.00735106179491	0.00822489243001
-4.55200368698	-31.8120321028	67.3855996330	-0.00393882812932	0.00729052117094	0.00812355056405
-4.08517218438	-31.8399134903	67.2860232490	-0.00355975772254	0.0072502088733	0.00806222204119
4.08853182069	-34.6106006197	57.3907120726	0.00366104021668	0.00331972469576	0.000548944517504
3.95650047196	-34.4933317714	57.8095293878	0.00352613744326	0.00351433176547	0.000915876007639
3.72871967787	-34.5158561712	57.7290851029	0.00334331346676	0.00351475109346	0.000847468327265
7.22478502300	-34.2323532075	58.7415956875	0.00603591371328	0.00359409721568	0.00164483650587
6.74934064315	-34.2560395132	58.6570017387	0.0056765996851	0.00358738657087	0.00158461625688
7.18762949902	-34.1594431848	59.0019886256	0.00599423795938	0.00370905199088	0.00185123679694
4.77599075303	-36.8507194500	49.3902876784	0.00387428328395	-0.000798984488938	-0.00572490831837
4.77037685781	-36.7710751910	49.6747314606	0.00389152695425	-0.000660226040054	-0.00553572224453
4.25374105759	-36.7527892394	49.7400384308	0.00347668374889	-0.000622652936727	-0.00553425168619
4.16286068846	-36.8730112373	49.3106741524	0.00337114138529	-0.000833357567899	-0.00582547625527
1.76985029079	-37.1570448043	48.2962685560	0.0013206882868	-0.00132129166741	-0.00663519510999
1.71158091192	-37.0367742905	48.7258061053	0.0012843987206	-0.00111095141619	-0.00636874698102
1.43731244751	-37.0514439330	48.6734145249	0.00104780029505	-0.00113670853898	-0.00641463464126
2.87154149342	-36.9739273303	48.9502595346	0.0022780536674	-0.00100307643879	-0.00615618191659
2.60581998978	-36.9899743006	48.8929489263	0.00205142539926	-0.00103033916093	-0.00621074717492
2.92201355849	-37.0930065233	48.5249767026	0.00229787360877	-0.0012110110838	-0.00642319070175
2.63629083504	-36.1475644712	51.9015554601	0.00226142304018	0.000561921100598	-0.00420139217749
3.15964872363	-36.1013757353	52.0665152312	0.00273248367012	0.000630094553344	-0.00402724323794
3.10767928776	-36.1724328767	51.8127397261	0.00266786944121	0.000490765087306	-0.00421559158713
2.80932924920	-36.0501796254	52.2493584806	0.00244060182013	0.000752759573516	-0.00393272424117
-0.559359008308	-38.1053902538	44.9093205223	-0.000608994974755	-0.0028857763391	-0.00878927391022
-0.410368631941	-38.1764460422	44.6555498491	-0.000481603172375	-0.00299619464204	-0.00894382875413
-0.0127741817787	-38.1305012147	44.8196385188	-0.000163096585311	-0.00292295450345	-0.00883538741618
-10.0370769796	-33.1446736905	62.6261653910	-0.00846741348505	0.00511023309082	0.00447792047635
-10.2697592075	-33.2429398688	62.2752147541	-0.00865452177823	0.00494793755934	0.00420624017715
-10.1835533432	-33.1889598248	62.4680006256	-0.00858410168439	0.00503630051389	0.00435362569988
-2.54831867616	-32.2318425357	65.8862766582	-0.00232879980467	0.00666878838092	0.00710411183536
-2.59434269481	-32.1610490085	66.1391106840	-0.00236085755751	0.00677344109863	0.00728076929227
-2.20564753277	-32.1306999021	66.2475003497	-0.00203575566411	0.00682189501822	0.00736128073186
-2.41558615119	-32.1262275656	66.2634729798	-0.00220964592882	0.0068269232288	0.00737013248727
3.61873785886	-37.3478285099	47.6148981791	0.00281988806091	-0.0016433512792	-0.00694791087881
4.06859954532	-37.3872690704	47.4740390341	0.00317214848474	-0.00170747144148	-0.00700465310365
0.556198758131	-38.4022578852	43.8490789814	0.000315109937219	-0.00334024615586	-0.00941997207701
0.402243891705	-38.3365361200	44.0837995716	0.000186865217984	-0.00324021512643	-0.00927914492786
0.0386585876256	-38.4355172676	43.7302954728	-9.66251463979e-05	-0.00339402072132	-0.00950786750764
0.00540588396353	-38.3836257896	43.9156221799	-0.000127893450554	-0.00331463781185	-0.00939350947738
-5.47113546724	-37.1392382999	48.3598632147	-0.00477673392743	-0.00133252399974	-0.00643631955609
-5.71594212168	-37.0885376818	48.5409368508	-0.00498296553269	-0.00124977563974	-0.00629696017131
-5.98684564802	-37.1410370306	48.3534391763	-0.00518488511443	-0.0013384873746	-0.00640706531703
-5.74706507591	-37.1840189345	48.1999323769	-0.00498548708856	-0.00140827475116	-0.00652698427439
8.45126141814	-34.0797271575	59.2866887232	0.00694229407236	0.00377378682606	0.00205135531723
8.90225237359	-34.1306868560	59.1046898001	0.00729111023247	0.00367838819511	0.00190264836419
8.86705879911	-34.0599279065	59.3574003339	0.00725406222045	0.00379065563902	0.00209857337177
8.16669752014	-34.3314382701	58.3877204640	0.00676504010335	0.00339000928216	0.00135365314782
8.19458341643	-34.4050175762	58.1249372280	0.00679574673995	0.00327212712727	0.00114645122085
8.62089736334	-34.3652484551	58.2669698033	0.00711074937135	0.00331740849651	0.00125420966651
-2.32312830602	-36.0627696372	52.2043941528	-0.00239622150548	0.000731000094675	-0.00403158226982
-2.18751992936	-36.1748554003	51.8040878562	-0.00224718661048	0.000504762225319	-0.00433019548655
-2.43508836659	-36.1897427716	51.7509186730	-0.00246576871723	0.000462231255369	-0.00434579746798
-6.44791987397	-36.9362848755	49.0846968733	-0.00559387914836	-0.0010020021582	-0.00587141048163
-6.71909488878	-36.9882440391	48.8991284318	-0.00579309929162	-0.00109035347123	-0.00598197616637
-6.69272652841	-36.8855842574	49.2657705094	-0.00579593563452	-0.00091981398873	-0.00572757190093
-6.91115675150	-36.9434574656	49.0590804801	-0.00595210213214	-0.00101766700391	-0.00585727766156
2.12564486713	-36.7829381619	49.6323637074	0.00167644466273	-0.000656033633277	-0.00576877361163
1.93332429751	-36.9104928341	49.1768113066	0.00149083638098	-0.000886510009877	-0.00607173377648
2.23709277220	-36.8955583896	49.2301486087	0.00175392907113	-0.000860948232003	-0.0060195797123
1.85293845731	-36.7975779603	49.5800787132	0.00143745436799	-0.000681105360854	-0.00581900496036
8.93850720069	-36.8557459107	49.3723360331	0.0070793768391	-0.0008151846705	-0.00552196567878
9.07311913619	-36.7892717308	49.6097438184	0.00719960406423	-0.000705425103661	-0.00535047054291
11.0990128982	-34.6414929168	57.2803824400	0.00897933635861	0.00281540723518	0.000465923774755
11.4393144302	-34.5473866495	57.6164762518	0.00922922044992	0.00296458182856	0.000720520853065
11.5301234494	-34.5982532607	57.4348097833	0.00929894950241	0.0028818573337	0.000579954416025
-11.1216696336	-34.3890984972	58.1817910813	-0.00932676251978	0.00307121290825	0.00110008090269
-10.8422987523	-34.3654688954	58.2661825163	-0.00912127830088	0.00311987008899	0.00117345317267
-10.5934151503	-34.4367896160	58.0114656570	-0.00893632136285	0.00301354960538	0.000989839667454
-11.9900505281	-34.4419008335	57.9932113090	-0.00996454618871	0.00295425555669	0.000925946689676
-11.6731524451	-34.3617041585	58.2796280053	-0.00973486620933	0.00309684383683	0.00115193822421
-11.9028416132	-34.3101650979	58.4636960790	-0.00990696344525	0.00317418016493	0.001279783668
0.839057600353	-37.9416460723	45.4941211705	0.000519028166309	-0.00262191821821	-0.00839913170785
0.852635213329	-38.0166420968	45.2262782258	0.000532326172106	-0.00274036242627	-0.00856286473572
0.671054134168	-37.9119689577	45.6001108654	0.000381354038836	-0.00257555278949	-0.00833926349878
0.473690621836	-37.9270136642	45.5463797706	0.000220860587433	-0.00260036136024	-0.00837763771415
5.35164101786	-32.9078624216	63.4719199230	0.00427588215098	0.00563106732443	0.00528352940455
5.56381937174	-32.9460800188	63.3354285043	0.00445366324857	0.00557003635913	0.00517792394385
5.04094557842	-32.9765269788	63.2266893614	0.00403690384701	0.0055426186882	0.00511625828221
5.22255957775	-33.0159911408	63.0857459256	0.00419141212478	0.00548066617921	0.00500783976167
10.0371484011	-36.1151577759	52.0172936576	0.00808169133961	0.000407273328165	-0.0035686197225
10.1839772780	-36.1792035222	51.7885588494	0.00817717798054	0.000301282125292	-0.00373637164012
10.4588567444	-36.0494543970	52.2519485823	0.00840539392084	0.000514762767125	-0.00338529306464
-6.68386717783	-34.4406226164	57.9977763701	-0.00604178290814	0.00323520763777	0.00105126923881
-6.93975086552	-34.4290462078	58.0391206863	-0.00623313616961	0.00323199224658	0.0010817196453
-6.68381397875	-34.3306648547	58.3904826619	-0.00602812040597	0.00340818893164	0.00136775919236
2.72619156502	-35.4675715472	54.3301016173	0.0025207803119	0.00199662265368	-0.002299209591
2.51605130448	-35.4882847652	54.2561258387	0.00232750247233	0.00198160391301	-0.00238816346973
2.32558550878	-35.4711358610	54.3173719250	0.00215718126856	0.00204588472843	-0.00235819770023
6.94122410432	-37.4158463722	47.3719772423	0.00539457472041	-0.00174196064472	-0.00692312745377
7.10203130174	-37.2957247538	47.8009830222	0.00555650377646	-0.00154576648492	-0.00664065079764
6.71545567773	-37.3800372362	47.4998670136	0.00523503683507	-0.00168482598383	-0.00684600556269
6.70908995742	-37.3078864881	47.7575482568	0.00525359157473	-0.0015673605958	-0.00668005598709
5.97742227874	-34.4878677715	57.8290436732	0.00512607302517	0.00328821549192	0.000920832098927
6.00603631956	-34.4270111270	58.0463888320	0.00513711525127	0.00338047067635	0.00109927856829
5.61530084159	-34.4600051075	57.9285531877	0.00484083825722	0.0033656207379	0.00100479077082
5.17865431354	-34.6151031311	57.3746316745	0.00452919816598	0.00317002274096	0.000540385313798
4.98862131092	-34.5109797533	57.7465008812	0.00436048768461	0.00335405836813	0.000855408550706
4.96176576511	-34.5756768093	57.5154399669	0.00435210159048	0.00325725320727	0.000659243261907
5.29649405270	-34.5080503676	57.7569629729	0.00460169790313	0.00332408724353	0.000863171473611
5.15422108843	-34.4778909332	57.8646752384	0.00448411144316	0.00338605954312	0.000954240618739
-7.0817876912	-37.2015280694	48.1373997521	-0.00602585542947	-0.00144131865818	-0.006487429142
-6.50673754442	-37.1661532029	48.2637385609	-0.00558695802465	-0.00138210877776	-0.00643535191193
-6.66265878751	-37.2486965070	47.9689410465	-0.00568961631507	-0.00151731050573	-0.00662818318233
-6.75181568732	-37.1149123996	48.4467414301	-0.00578965386376	-0.00129906041548	-0.00629375781864
9.40946732655	-34.2673844866	58.6164839766	0.007690472994	0.00344718410634	0.00151699408889
9.34631946941	-34.1891604129	58.8958556683	0.00763352122158	0.00357301859185	0.00173407210968
9.78771458907	-34.2487683577	58.6829701511	0.00797204487026	0.00346749927849	0.00156310305465
9.72608682629	-34.1880241125	58.8999138841	0.00791883002967	0.0035654657986	0.00173134601209
5.58951918441	-34.1693256127	58.9666942405	0.00475709699094	0.00380768766627	0.00185483356472
6.01290236896	-34.0709834064	59.3179164056	0.00506666954607	0.00392025150359	0.00212592328899
5.71958161228	-36.6483649981	50.1129821495	0.00468278257176	-0.000456604524516	-0.00516353640705
6.20407253811	-36.6704944323	50.0339484560	0.00505598308519	-0.000499927264173	-0.00518328044564
-5.79928207717	-37.4118202328	47.3863563115	-0.00497441226617	-0.00178133044392	-0.00707294791937
-5.97985756015	-37.3625509957	47.5623178725	-0.00512825092301	-0.00170148280449	-0.00694445008412
-5.57840396970	-37.3328763506	47.6682987479	-0.00481750257313	-0.00165233435109	-0.00689607253298
-5.76536305877	-37.2888264554	47.8256198020	-0.00497579807416	-0.00158072635531	-0.00677919434384
4.32232531158	-34.3941361335	58.1637995231	0.00380025431514	0.00361007009633	0.001216057688
4.81950479576	-34.3316907599	58.3868187148	0.00418539810926	0.00364283728413	0.00139535288326
4.71304097785	-34.4197605384	58.0722837916	0.00412147818133	0.00352448481135	0.00113304960541
4.87864075536	-34.3866717183	58.1904581488	0.00424586050212	0.00355476280674	0.00123032054398
-7.67393129797	-37.2245089774	48.0553250807	-0.00647704489529	-0.00147891324013	-0.0065106106922
4.73894659368	-36.0771202632	52.1531419173	0.00405852682889	0.000598008802626	-0.00379283982329
4.91363647036	-36.0267429304	52.3330609629	0.00421264348552	0.00068364222534	-0.00364053738303
5.14997255176	-36.0812467995	52.1384042874	0.00438719708472	0.000571902201045	-0.00376287475228
5.02932308387	-36.1254378978	51.9805789365	0.00427906541154	0.00049560534535	-0.00389178749174
10.0286137456	-34.4753877605	57.8736151410	0.00817335862666	0.00309970509261	0.000934342038818
10.0582721757	-34.5644413727	57.5555665261	0.00820165127516	0.00295572075993	0.000687629159074
9.56218106527	-34.5269844814	57.6893411377	0.00782992877066	0.00302784866653	0.000795258267317
9.62214533036	-34.4793575289	57.8594373968	0.00787074398249	0.00310281431302	0.000927105429582
4.41158042278	-36.3227703807	51.2758200690	0.0037237026263	0.000153190747369	-0.00446389056742
3.94042858386	-36.3085339278	51.3266645436	0.00333790387958	0.000195049680769	-0.0044747563079
4.16765356074	-36.3511215779	51.1745657934	0.00351488310844	0.000108057152829	-0.00455954764038
4.17467906871	-36.2190899999	51.6461071433	0.00355764548294	0.000355367752491	-0.00422264076769
9.91080241581	-33.1435645511	62.6301266033	0.00789689924568	0.00519619649276	0.00454993080348
10.3441172660	-33.1972166729	62.4385118823	0.0082397274673	0.00511215720326	0.0043983310461
10.0657867804	-33.0812369414	62.8527252093	0.00800541695207	0.00529208919033	0.00471189199015
7.43749601452	-32.7261774571	64.1207947962	0.00590066192672	0.00584785593674	0.00569788832217
7.6829004621	-32.5792212706	64.6456383192	0.00606817100197	0.00606129691005	0.00607288442552
7.47525272164	-32.5759425810	64.6573479251	0.00590538652614	0.00606836425141	0.00608535576612
7.28366249255	-32.6017775315	64.5650802446	0.00575947528705	0.00603287201375	0.00602260185406
-0.932953443095	-34.3565022190	58.2982063606	-0.00115225778427	0.00409613130614	0.00141150830314
-0.762188352748	-34.2935784845	58.5229339838	-0.000973455258645	0.00417123921216	0.00161575130187
-1.11081456032	-34.2266490958	58.7619675150	-0.00130713894032	0.00420975312591	0.00181912910193
-1.24108003052	-34.2795422266	58.5730634764	-0.00144311832264	0.00414425693452	0.00165146053769
1.48313046640	-33.9503761859	59.7486564789	0.00119404261932	0.00447772303596	0.00262701953761
1.30382238186	-34.0124887638	59.5268258437	0.00103839172516	0.0044233771041	0.00245288270526
1.64731074533	-34.0773060897	59.2953353938	0.00137401837856	0.0043300637044	0.00225273054093
1.77624768045	-34.0261089972	59.4781821529	0.00148188357707	0.00437479745597	0.00239885854535
-3.16579711266	-36.6502188932	50.1063610958	-0.00299597810954	-0.000450032879598	-0.00542023964226
-3.72892319118	-36.6873798746	49.9736433049	-0.00346260820515	-0.000530062417965	-0.00546703254804
-3.46875210713	-36.7466383322	49.7620059565	-0.00323100667447	-0.000631115108263	-0.00563028547913
2.92825110378	-33.0897326464	62.8223834056	0.00230878102593	0.00545641733333	0.00489716371521
3.07348089311	-33.2238660909	62.3433353897	0.00245385756716	0.00527329696342	0.0045440797694
3.13925700310	-33.1269375045	62.6895089126	0.00249268580228	0.00539970817044	0.00479381717741
2.13557424842	-38.2959839261	44.2286288352	0.00156724744011	-0.00316658290103	-0.00912260264158
2.45713813055	-38.3650355856	43.9820157658	0.00182312866673	-0.00326982955448	-0.0092581352219
2.33904105038	-38.3176859166	44.1511217266	0.00172854517587	-0.00319832842797	-0.00915999058634
2.00871232666	-38.4054316396	43.8377441443	0.00147113611456	-0.00333500816487	-0.0093702217564
1.97189455021	-38.3479070341	44.0431891638	0.00143960211426	-0.00324738980271	-0.00924496352673
-4.92203048276	-37.5516411336	46.8869959513	-0.00424507819116	-0.00200737104751	-0.00745002413169
-4.86667601935	-37.6323857229	46.5986224182	-0.00418320763856	-0.00213762209751	-0.00764197157696
-5.20316593697	-37.6426476066	46.5619728334	-0.00444947136566	-0.00215386785567	-0.00765109341592
-10.7086006674	-33.5104606517	61.3197833868	-0.0090070143342	0.00450797798112	0.00347285252064
-10.8852792429	-33.4497354472	61.5366591173	-0.00913914013654	0.00460206810385	0.00362661294639
-11.1124678095	-33.5727201285	61.0974281127	-0.00931722577661	0.00439825234935	0.00328753399663
2.16044237186	-35.6892914539	53.5382448074	0.00195139169227	0.00157909758855	-0.00302667822689
1.99859646012	-35.7360294807	53.3713232832	0.00178826868068	0.00148917979095	-0.00317758601159
2.27136560797	-35.8106489358	53.1048252294	0.00202206731774	0.00129917520098	-0.00335376290604
2.38334209932	-35.7637903314	53.2721773878	0.00213705096394	0.00139241886791	-0.00321085052565
1.86609071858	-35.5914757353	53.8875866596	0.00169807299972	0.00183304201346	-0.00277638155967
2.32163737291	-35.5888060637	53.8971212010	0.00212595355697	0.00178584712557	-0.00271498272195
1.96213916680	-35.6721755020	53.5993732072	0.00176995387301	0.00163766881451	-0.0030004940927
2.13117157720	-35.5716571595	53.9583672873	0.00195348123088	0.00184730079491	-0.00268678111024
3.41951718669	-33.5023953011	61.3485882102	0.00280402833596	0.00489213131368	0.00379443657584
3.94851237497	-33.5210712100	61.2818885359	0.00325369997881	0.00483735464513	0.00372320297174
3.77637660089	-33.5622510489	61.1348176824	0.00311944982968	0.00479277223349	0.00361891207285
3.86732544054	-33.4524322271	61.5270277602	0.00316962623037	0.00493367388844	0.00391060952097
2.80062514936	-37.9277581257	45.5437209795	0.00209384923801	-0.00258899549954	-0.00827855523676
3.01588295070	-37.9175852152	45.5800528028	0.00226388126612	-0.0025715183001	-0.00824316311628
2.68833806064	-37.8154793943	45.9447164491	0.00201149960048	-0.00241126236506	-0.00803909357637
-0.717870158491	-38.1722106386	44.6706762905	-0.000731265579816	-0.002990672132	-0.00893874373287
-1.14060423442	-38.1075495502	44.9016087492	-0.0010814005509	-0.00289089279249	-0.00879933033139
-5.50686181746	-33.9575438092	59.7230578241	-0.00505073461682	0.00407640868798	0.00246479664929
-5.34774836405	-33.8933606554	59.9522833735	-0.00491056777537	0.00418362487108	0.00265170121565
-5.21000040724	-34.0157772590	59.5150812180	-0.00482690054923	0.00401803804561	0.00230958196335
-8.04807767091	-34.5667884530	57.5471840966	-0.00706802681088	0.00293031800538	0.000679412449244
-8.45732739109	-34.5867105560	57.4760337287	-0.00736970501021	0.00287276785821	0.00062019150937
-0.423629949203	-33.3424747269	61.9197331183	-0.000591039774008	0.00519128283486	0.00430306233466
-0.300565442983	-33.4175885906	61.6514693195	-0.00048310944112	0.00510289380327	0.00410629250109
-0.738053704413	-33.4291299585	61.6102501484	-0.000875209225342	0.00508278980851	0.00407353416085
8.45352065081	-33.6170095968	60.9392514401	0.00686202291399	0.00448921462521	0.0033171325922
8.51598342699	-33.5463185586	61.1917194337	0.00689668115228	0.00459589064121	0.00350633915514
8.04575746771	-33.5757022292	61.0867777529	0.00653981324285	0.00456384336576	0.00343888509087
-2.79124640355	-32.7980847190	63.8639831464	-0.00258955988102	0.00585016235709	0.00566993234679
-2.52276568255	-32.8050641173	63.8390567239	-0.00236391369253	0.00584691343829	0.00565808359534
5.10049055325	-36.9649308229	48.9823899182	0.00410260958597	-0.000997230177745	-0.00596995418891
5.09651316354	-36.8087668839	49.5401182719	0.00414292700589	-0.000728736980818	-0.00560038071126
5.36606081224	-36.9248465608	49.1255479972	0.00432469276711	-0.000929921108764	-0.00585678499192
-1.14343247711	-33.1155436013	62.7302014238	-0.00121196289547	0.00546245928854	0.00488622253761
-1.03597353459	-33.1673773970	62.5450807251	-0.0011219275184	0.00539840012789	0.00475368555635
1.69039463514	-31.6852440215	67.8384142089	0.00120479206089	0.00748363789171	0.00844951160252
1.30941129258	-31.8008671742	67.4254743777	0.000891011091881	0.00731175485998	0.00816940702498
-8.71989505728	-33.7236064986	60.5585482192	-0.00750478589907	0.00423247925937	0.00298966304399
-8.74474026100	-33.8373775136	60.1522231656	-0.00753457564861	0.00405206717551	0.00268021388911
-8.52186090461	-33.8474103979	60.1163914360	-0.00736611383036	0.00404653139412	0.00266160280444
12.1675509248	-34.8913980756	56.3878640157	0.00977726373821	0.00240492774174	-0.000229968150961
12.1282785640	-34.7624889359	56.8482538004	0.00974838342518	0.0026139698457	0.000123181758681
7.55432347049	-32.8689360300	63.6109427499	0.0060176779516	0.00563511857763	0.00532432505861
7.29293485771	-32.8859624659	63.5501340505	0.00581584312022	0.00561462156475	0.00528608402237
-5.32554692798	-33.7635933124	60.4157381700	-0.00486525660381	0.00437317602336	0.00301531236619
-5.07328144962	-33.6393793457	60.8593594795	-0.0046353302896	0.00456986529753	0.00336853181943
-3.46880729244	-38.1938615723	44.5933515274	-0.00295020686463	-0.00302724633366	-0.00897871889174
-3.46181530617	-38.0599456718	45.0716226007	-0.00296903937124	-0.00281811016612	-0.00867345370352
-3.78636299638	-38.1226074756	44.8478304442	-0.00321790319867	-0.00291575537995	-0.00881019048393
-5.55413740177	-32.3349518624	65.5180290628	-0.00481380196288	0.00646982574835	0.00677266390994
-5.1169435541	-32.2228107306	65.9185331050	-0.00444421404973	0.00664856983349	0.00707126921043
-5.61315068560	-32.2503422738	65.8202061650	-0.00485162017867	0.00659892056137	0.00698664551601
-9.44569944585	-33.9614395687	59.7091443976	-0.00807387940586	0.00382502749562	0.00231622112915
-9.43227421185	-33.8895063644	59.9660486984	-0.00805927626789	0.00394031265751	0.00251162075438
-9.05754299111	-33.9098678547	59.8933290903	-0.00777769600973	0.00392350880429	0.00247111055069
-9.02073769741	-33.9675643152	59.6872703030	-0.00775426905602	0.00383353442885	0.00231557455845
0.834001957978	-36.0361408395	52.2994970017	0.000613537267782	0.000870155694429	-0.00406909454614
0.642568210074	-35.9797687277	52.5008259725	0.000433773908298	0.00100245792419	-0.00393595034257
0.657464299823	-36.0812502661	52.1383919068	0.000438439281425	0.00077255978249	-0.00418934086338
0.438064460006	-36.0506573709	52.2476522466	0.000228688892093	0.000843979825731	-0.00412089703605
-8.20533734658	-37.2481727746	47.9708115192	-0.0068785790354	-0.00151640258264	-0.00654155761003
-8.16846794140	-37.1701082291	48.2496134676	-0.0068671987392	-0.00139107368886	-0.00634810887277
5.72670062534	-32.1607559805	66.1401572125	0.00448057800531	0.00670206453651	0.00717784464359
5.99819232906	-32.0526293943	66.5263235916	0.00468659447506	0.00685609923676	0.00744455913082
5.82350430071	-32.0192919423	66.6453859203	0.00454665161669	0.00690861511976	0.00753163406625
5.99538999195	-35.1470389098	55.4748610366	0.00519503094256	0.00220155855641	-0.0010385090718
6.03446568551	-35.2060851544	55.2639815915	0.00522278761491	0.00209600199014	-0.00121117895469
10.2897196918	-34.5169670083	57.7251178275	0.00837081670761	0.00302769825794	0.000816884043161
10.5283514866	-34.4057351686	58.1223743978	0.00854086969048	0.00320258061402	0.00112086278386
10.3575626241	-34.3578954284	58.2932306130	0.00840937253088	0.00328204128891	0.00125471071806
10.1328934349	-34.3533586262	58.3094334778	0.00824100431055	0.00329333753325	0.00127011211589
-10.4617572550	-35.4954423527	54.2305630259	-0.00879065413028	0.00130126439035	-0.0018576872535
-10.2082993687	-35.4064734228	54.5483092043	-0.00861300714314	0.00145398068707	-0.00162488594651
-10.5763795936	-35.4589008690	54.3610683252	-0.00887486897409	0.00135691976175	-0.00175718264654
-10.5897538378	-35.4215886415	54.4943262804	-0.00888629257679	0.00141692440957	-0.0016571622109
-10.2530877117	-35.4620026309	54.3499906040	-0.00864235404879	0.00136211619247	-0.00177326216362
-1.15281525193	-36.2079953710	51.6857308179	-0.00128885055892	0.000476586574223	-0.00448462413624
-0.638974283084	-36.1694810264	51.8232820484	-0.000808161392342	0.000572700402699	-0.00441124849021
-0.830771490476	-36.1331130663	51.9531676204	-0.000994328525849	0.000647393288091	-0.00431572226807
-0.730060717692	-36.2664473186	51.4769738622	-0.000885920657311	0.000363317172742	-0.0046429564245
6.28797605892	-36.3734636988	51.0947725042	0.00520386081189	1.38699751915e-05	-0.00442819483578
6.26525996224	-36.2978434432	51.3648448456	0.00520635116845	0.000146869337186	-0.00423454772681
5.84968697531	-36.3033686554	51.3451119451	0.00488094845787	0.000147149068653	-0.00428226171061
5.9972222773	-36.2648141117	51.4828067439	0.0050065908581	0.000211723920074	-0.00417003128678
-6.96638437915	-32.8813082921	63.5667560995	-0.00602569058537	0.00560167105868	0.00530932517722
-7.12965535295	-32.9395673970	63.3586878678	-0.00616397755221	0.00550751853734	0.00514988740906
-6.83892531427	-33.0285016295	63.0410656089	-0.00594495236874	0.00538110826164	0.00492890737951
-6.63011197956	-32.9291479492	63.3959001814	-0.00576351583004	0.00553899398074	0.00519836088642
-6.63286375694	-32.9852732331	63.1954527389	-0.00577395549044	0.00545377004892	0.00505122495815
-0.650111801049	-35.8947037043	52.8046296273	-0.000844608293846	0.00119387137238	-0.0037206239067
-0.237424854467	-35.7938147353	53.1649473740	-0.000438518123701	0.00144692405593	-0.0034653255716
-0.041040869286	-35.8490145011	52.9678053532	-0.000238799373619	0.00131581770256	-0.0036135672126
-0.234967554584	-35.9285481086	52.6837567551	-0.00043080697651	0.00112467526924	-0.00381890148856
-0.251752920184	-36.1229574398	51.9894377150	-0.000440239411546	0.000681144592818	-0.00430525746197
0.0966627365821	-36.0885237529	52.1124151681	-0.000104023740278	0.000760252587497	-0.00422095833346
-0.113999609982	-36.0484123626	52.2556701337	-0.000308762129862	0.000849640928209	-0.00412242254242
-0.0365329815976	-36.1675263781	51.8302629352	-0.000232769991271	0.000585055910051	-0.00441468786448
-1.94563721542	-35.9688627506	52.5397758907	-0.00207400275394	0.000955884286668	-0.00382309546694
11.0818655359	-36.3759267902	51.0859757494	0.00879848748446	-1.86229190149e-05	-0.0042470889166
11.3767780632	-36.2757489790	51.4437536462	0.00903884880245	0.000146447549923	-0.00398022867739
11.2680697482	-36.3943067532	51.0203330242	0.00893230363727	-4.73841610074e-05	-0.00429486762732
3.00335492943	-32.2919553030	65.6715882036	0.00229181093164	0.00656482810155	0.00691620912403
2.94820550827	-32.2224428881	65.9198468281	0.00224339147098	0.00666644005105	0.0070911408402
2.61085365813	-32.3214227922	65.5663471709	0.00197013933212	0.00652871374041	0.00685209687799
-8.86782696239	-33.5932475531	61.0241158817	-0.00760516570881	0.00443180743605	0.00333497999236
-8.61566156165	-33.6080417795	60.9712793589	-0.00741308508441	0.00441843876615	0.0033060957212
-4.09627335487	-36.4274742910	50.9018775322	-0.00383145711385	-6.72813694109e-05	-0.00479077687487
-3.73369058056	-36.3279092039	51.2574671288	-0.00355414068326	0.000132104687509	-0.00457262760028
2.34266751401	-32.5949678155	64.5894006590	0.00176303042099	0.00614507962018	0.00617303606123
2.57862637507	-32.6233113078	64.4881739006	0.00196182727814	0.00610140059143	0.00609571579844
2.82846114989	-32.5723102118	64.6703206722	0.00216543860734	0.00616823369637	0.00621755095199
-1.90184103383	-36.7712566599	49.6740833575	-0.00188150722533	-0.000648454180919	-0.00578451855108
-1.69741332529	-36.8197445140	49.5009124501	-0.00169584387913	-0.000734566012397	-0.00590551132336
-2.23337814134	-36.8584252362	49.3627670135	-0.0021555009298	-0.000811863981653	-0.00597141077742
-1.85953252115	-36.9086818902	49.1832789634	-0.00182454555761	-0.000897674064618	-0.00610414147377
-2.05578069123	-36.9050920393	49.1960998597	-0.00199478212744	-0.000893507152796	-0.00608777115121
-11.6951016633	-35.6169610460	53.7965676929	-0.00967552512884	0.00107074913103	-0.00214496068656
-11.9959289911	-35.5897036383	53.8939155776	-0.00989463925362	0.00110452924855	-0.0020650124643
-11.9160142625	-35.7190623266	53.4319202623	-0.00983128137887	0.000905111432076	-0.00240526534617
-0.73610666669	-38.3191786733	44.1457904526	-0.000730767380446	-0.00321854930371	-0.00926449522376
-0.410895240547	-38.3015898270	44.2086077608	-0.000470365543151	-0.00319019448943	-0.00922037381679
7.16269412077	-36.2201097142	51.6424653063	0.00591461872682	0.000262876274064	-0.00396763533354
7.64707343175	-36.2864417776	51.4055650799	0.006265189033	0.000140787262353	-0.00411275168881
5.62682622791	-33.5082113817	61.3278164940	0.00462413346395	0.00476271053776	0.003693878185
6.19381684629	-33.4573135796	61.5095943587	0.00506509374827	0.00480945361778	0.00381129491143
-3.80018671431	-33.8173647879	60.2236971861	-0.00362572842278	0.00442572776228	0.00292650447227
-4.18252217870	-33.8615464941	60.0659053781	-0.0039556263946	0.00433161528781	0.00278661516495
2.11347699712	-37.2632983991	47.9167914317	0.00159771076869	-0.00150354963262	-0.00685414113104
1.83751866746	-37.2683011064	47.8989246201	0.00136618269607	-0.00151250837371	-0.00687956390902
-6.95288469586	-33.6910890420	60.6746819928	-0.00613824930042	0.00437145819888	0.00314991455525
-7.28261820287	-33.7739825472	60.3786337599	-0.00640707230195	0.00422577233985	0.00290998700075
-7.21419692569	-33.6769356671	60.7252297604	-0.00633955420926	0.00437828339636	0.00317795923911
-2.93118039872	-34.0907922112	59.2471706743	-0.00295201037079	0.00416262121871	0.00217317906208
-3.23394019106	-33.9826380972	59.6334353671	-0.00318592530675	0.00426522362977	0.00247791456059
-3.19554423214	-34.0937683027	59.2365417759	-0.00318208360113	0.00412765843794	0.00215472280979
0.588200993456	-37.2935864593	47.8086197881	0.000309159921017	-0.00155861373059	-0.00698270369321
0.833367130214	-37.2713067124	47.8881903130	0.000517994107213	-0.00151978083886	-0.00692660128698
1.07195103612	-37.3369568824	47.6537254200	0.000717256509233	-0.00163103605155	-0.00706404913217
0.951615855205	-37.3818259360	47.4934788001	0.000614165503066	-0.00170727353543	-0.00716720987111
1.73584414377	-32.6136028099	64.5228471073	0.00125610781834	0.00612823013216	0.00613985676318
2.30185585925	-32.6462251005	64.4063389269	0.00173255044501	0.00607438292354	0.00604500994086
3.83427839517	-32.1044919776	66.3411000798	0.00296083255671	0.00682298885658	0.00736364163458
3.75656315728	-33.8987678263	59.9329720490	0.00319169205613	0.00435143895447	0.00268904492259
3.43213257748	-33.7959614836	60.3001375586	0.00288813957013	0.00451186159626	0.002991105197
3.70326555293	-33.7903127444	60.3203116272	0.0031167154666	0.00449804263189	0.00299591664225
4.09230653460	-33.9604305209	59.7127481396	0.00349033507518	0.00423932727426	0.00250078598037
3.88266225057	-34.0079894518	59.5428948150	0.00332891196012	0.00419534323737	0.00237222970463
3.77507409307	-37.1099850849	48.4643389826	0.00299720396288	-0.00124160246924	-0.00640154955909
3.93455444692	-37.0008734667	48.8540233331	0.00315285054967	-0.00105440162588	-0.00614004954696
-2.36558065711	-33.4297541148	61.6080210187	-0.00231359223835	0.0050240047276	0.00403951108456
-2.29144920162	-33.5489825236	61.1822052729	-0.00226891622879	0.00487915147096	0.00372215383686
-0.715526206244	-34.8845038199	56.4124863576	-0.000981979654171	0.00346989720128	-0.0004499166389
-1.00512086155	-34.8782144511	56.4349483889	-0.00128973438405	0.00344375683926	-0.000419999239966
-0.701408540186	-35.0115661618	55.9586922792	-0.000969514949247	0.00324996607378	-0.000923023209907
-0.999260816248	-35.0102391372	55.9634316527	-0.00128812622279	0.00321537279524	-0.000907301960979
-0.980915903276	-34.4860112557	57.8356740869	-0.00121992768254	0.00395781500265	0.000981943216175
-0.683063627215	-34.4873382803	57.8309347134	-0.000915437820368	0.00398472882807	0.000979792443104
-0.635101167033	-34.3578292436	58.2934669870	-0.000853027799167	0.00411764858291	0.00141100690234
1.53904079913	-33.8185558071	60.2194435460	0.00122045876924	0.00461804494262	0.00299819814973
1.23061165776	-33.8131894623	60.2386090633	0.000936356780585	0.00463894335553	0.00302155525424
1.22201956194	-33.9462211379	59.7634959362	0.000949861598201	0.00449745124206	0.0026462203823
3.34624746257	-34.4473879347	57.9736145190	0.00300330203027	0.00366985239089	0.00106751802377
2.80932069186	-34.4271274520	58.0459733858	0.00253189890645	0.00377962808125	0.00114160415251
2.97703232244	-34.4767636124	57.8687013845	0.00269326590933	0.00368718244135	0.000980196055025
-7.46331018248	-36.1127653584	52.0258380056	-0.0065423254855	0.000369668414351	-0.00366770778783
-7.21803289569	-36.1525224148	51.8838485185	-0.00635128095746	0.000309761642711	-0.00379228848033
-7.63644633460	-36.2229328776	51.6323825799	-0.00665289303288	0.000177671056008	-0.00394903076813
-7.36278786635	-36.2591879329	51.5029002396	-0.00644073076546	0.00012358512322	-0.00406505260617
-9.01355119308	-36.7861501839	49.6208922004	-0.00758285587654	-0.000772176717874	-0.00532789947465
-5.67216780959	-35.2320768735	55.1711540232	-0.00531727727503	0.00202294019982	-0.00131250184495
-6.10969606952	-35.2393042800	55.1453418571	-0.00564517220482	0.00196714373305	-0.00130835245363
-5.86219599831	-35.1790045134	55.3606981663	-0.00546292308718	0.00209599337541	-0.00114344398025
-5.97613240212	-35.2858229874	54.9792036163	-0.00554229039699	0.00189853087068	-0.00145320838783
1.36832481041	-33.7476367094	60.4727260378	0.00105240952689	0.00470491871238	0.00319964694791
1.96130078229	-33.7546397458	60.4477151936	0.00159043062013	0.00466645648703	0.00316241686232
1.80502328913	-33.6862620595	60.6919212159	0.00143687275704	0.00475409161299	0.00335544301197
-1.25711446536	-33.7472483432	60.4741130600	-0.00137365609407	0.00470131076872	0.00320869707502
-2.58675159759	-35.2125294952	55.2409660886	-0.00282878871076	0.00252322969027	-0.00150085776113
-2.60293919068	-35.0962125619	55.6563837077	-0.00285120029002	0.00274711451493	-0.00110801577102
-2.46186903868	-35.1463483334	55.4773273806	-0.00272183842026	0.00267938151956	-0.00129013718106
-2.96092436438	-35.1477000376	55.4724998656	-0.00316283712164	0.00257753301412	-0.00125126750208
-2.81874763273	-35.0864517608	55.6912437114	-0.00304221129045	0.00272142584436	-0.0010581772076
0.827109232622	-33.4696818486	61.4654219695	0.000530209508725	0.00503761926666	0.00396084832028
0.411174610288	-33.5147550855	61.3044461232	0.000158640090376	0.0049906312488	0.00384660926647
0.262865743367	-33.4521276523	61.5281155274	2.26904830924e-05	0.00506406836212	0.00401376839727
-1.31019755916	-35.9334841306	52.6661281050	-0.00148254144005	0.00107371585909	-0.00378404464573
-0.893586598945	-35.9925773868	52.4550807615	-0.00107148126699	0.000958738964982	-0.00396160967648
1.36498430871	-33.4806123195	61.4263845732	0.00101188395638	0.0050121336244	0.00392117071897
1.20870681555	-33.4122346333	61.6705905955	0.000865220092237	0.00509792705998	0.00410547014326
-3.28616396069	-32.4669761500	65.0465137500	-0.00296530732885	0.00631304644048	0.00649926997721
-2.93084780571	-32.3394222756	65.5020633015	-0.00265669077635	0.00650555035099	0.00682797608897
-2.81493736812	-32.4164244085	65.2270556839	-0.00256786239333	0.0063944645226	0.00663626333699
-3.33104104374	-32.3537260272	65.4509784743	-0.00299030635506	0.00647870032117	0.00678422814235
2.03276846478	-33.5532967515	61.1667973162	0.00161516852677	0.00490036793053	0.00370839308016
2.38799763453	-33.4892258109	61.3956221039	0.00191469257697	0.00496226549149	0.00386813981459
1.87649097162	-33.4849190652	61.4110033386	0.00146568845958	0.00498947873712	0.00389604456723
2.23172014137	-33.4208481246	61.6398281263	0.00176623323932	0.00505398726091	0.0040551321581
3.05729279491	-33.5561276372	61.1566870100	0.00250746728852	0.00484336866066	0.00366396852769
2.89950429744	-33.4935325566	61.3802408693	0.0023581776768	0.0049315970391	0.00383821991272
-0.866881682975	-34.8143625692	56.6629908244	-0.00113938422874	0.00356118986383	-0.000186914869118
-0.420361784918	-34.7593904832	56.8593197030	-0.000658105767798	0.0036823102273	1.12660682134e-05
-0.316968650406	-34.8244709532	56.6268894530	-0.000547859759536	0.00359533634037	-0.000231206970057
-0.858113273112	-34.5525965578	57.5978694365	-0.00110342435073	0.00389818521217	0.000754542357754
-1.28967506636	-34.6145951581	57.3764458640	-0.00155274826102	0.00377105991356	0.000536813109647
-1.43808729380	-34.5424924351	57.6339555891	-0.00168769340962	0.00383542501368	0.000785567332059
-7.03085632978	-33.3126332154	62.0263099449	-0.00614000298083	0.00494199851528	0.00416808528826
-7.44295874676	-33.3091551262	62.0387316920	-0.00646418984979	0.0049300561659	0.00415922049433
-7.36314695466	-33.4385534047	61.5765949832	-0.00642026821151	0.00473528495058	0.00381646049209
-4.43741637494	-36.5206872353	50.5689741597	-0.00408932566643	-0.000247837364441	-0.00499459309503
5.36442430673	-37.0013662408	48.8522634256	0.00430172169581	-0.00106001377571	-0.00603703968227
5.12100234800	-37.1177274606	48.4366876408	0.00407655490562	-0.00125603028573	-0.00632359785959
-11.9213646502	-35.1292743997	55.5383057154	-0.0098637053743	0.00183382304385	-0.000872652337421
-12.1692577377	-35.1750432464	55.3748455485	-0.0100406268612	0.00174856558442	-0.000991157721728
-12.1108014544	-35.0380456620	55.8641226357	-0.0100076673552	0.00197125691921	-0.000637982098851
-12.2901936232	-35.0493132265	55.8238813341	-0.0101370839402	0.00194440362975	-0.000668959168252
-3.12585377424	-38.2951962209	44.2314420681	-0.00265737483278	-0.00318479025736	-0.00921403523535
-2.69654368468	-38.3566696953	44.0118939455	-0.00230302102864	-0.00327989272773	-0.00935673993081
1.72251632676	-32.8613167457	63.6381544795	0.00126036128495	0.00579043291509	0.00551501568407
1.33983167140	-32.9044661046	63.4840496264	0.000937136646826	0.00573868630454	0.00541334878653
1.20329814090	-32.8492285032	63.6813267743	0.00081739370944	0.00581392366439	0.00555586721748
-5.97158250688	-33.0075346337	63.1159477368	-0.00524606648833	0.00544363260269	0.00502049038187
-6.19096701800	-32.9258345770	63.4077336534	-0.00541031826288	0.00555832404643	0.0052252295427
-5.85255757380	-32.9002946145	63.4989478055	-0.00513327401131	0.00560784293339	0.00530554493889
-6.06441733164	-32.8947880965	63.5186139410	-0.00530363060534	0.00560913328081	0.00531139364466
-6.19371879538	-32.9819598610	63.2072862109	-0.00542106898502	0.00547390477732	0.0050783129409
1.06062070901	-32.0938148696	66.3792326087	0.000682918878738	0.00687714386731	0.00744730513543
0.881566485553	-32.1575580654	66.1515783379	0.000533830258064	0.0067850924097	0.00729146180674
1.41887580380	-32.1601779606	66.1422215692	0.00097996823024	0.00677695637569	0.00727729545906
-0.508290642822	-32.0766658638	66.4404790580	-0.000620680802967	0.00690841535106	0.0075025963597
-0.35537863998	-32.2121883676	65.9564701156	-0.000498512701597	0.00670963991433	0.00716546317562
-0.176324416524	-32.1484451718	66.1841243864	-0.000346897810232	0.00680257612839	0.00732317613438
-0.668191141401	-32.1609081808	66.1396136399	-0.000757524976507	0.00678431754932	0.00729355076328
-0.628188342369	-32.1220332158	66.2784528007	-0.000722452183254	0.00684146815911	0.00739013636485
-0.184541635851	-32.3442312061	65.4848885498	-0.000359862810001	0.006519024726	0.00683624204248
-0.363595859306	-32.4079744019	65.2572342791	-0.000512229918968	0.0064279451035	0.00667784595862
0.159288314334	-32.4156142382	65.2299491492	-7.27811930119e-05	0.00641699694097	0.00665648281574
-1.25424653436	-35.2748099959	55.0185357289	-0.00154124747496	0.00262968754396	-0.00183353445027
-1.36836628010	-35.3489530507	54.7537391046	-0.00164814083837	0.00244467006996	-0.00207285257056
-0.975565568999	-35.3942512128	54.5919599542	-0.00123870756943	0.00238742562942	-0.00225174007937
-0.861445823253	-35.3201081580	54.8567565786	-0.00112688366789	0.00257506221533	-0.00201383652166
4.10464533806	-36.6237843385	50.2007702196	0.00338833569549	-0.000390167464502	-0.00523757003248
3.87433961491	-36.5766083548	50.3692558758	0.00320997228846	-0.000300625455566	-0.00514387106523
4.15667444724	-36.4854749752	50.6947322316	0.00346867414191	-0.000139748328365	-0.00489534111694
-1.21179356289	-38.3907819403	43.8900644989	-0.0011055363575	-0.00333031779155	-0.00942968484014
-0.578122125112	-38.3775020731	43.9374925961	-0.000597408972681	-0.00330780236982	-0.00939163379371
-0.743210859876	-38.4339840318	43.7357713151	-0.000723981647752	-0.0033951299265	-0.00952013023198
5.10003837570	-36.6546074412	50.0906877102	0.00418889336288	-0.000459751434391	-0.00522758439183
5.28598954697	-36.6912539077	49.9598074727	0.00432711141184	-0.000526247604284	-0.00530204223469
2.70934685711	-37.3736479647	47.5226858404	0.0020763555076	-0.00168881146237	-0.0070648798719
3.12385554040	-37.2975628366	47.7944184408	0.00242761406116	-0.00156015867833	-0.00686919456348
2.55875798961	-37.3118099578	47.7435358651	0.00196120445617	-0.0015851543285	-0.00693661347032
2.95480492073	-37.2279270919	48.0431175289	0.00230100145563	-0.00144248374272	-0.00672460347414
10.9377153301	-35.9115174844	52.7445804127	0.00878238398582	0.000741060473956	-0.00300875725225
11.3943259851	-35.9672360485	52.5455855411	0.00911026354879	0.000650263624266	-0.00315551855601
10.8476490738	-35.9793096534	52.5024655236	0.00870466325432	0.000629804097116	-0.00319205666892
11.4346155797	-35.3418567956	54.7790828728	0.00921535585076	0.00167333765421	-0.00145858596079
12.0093657700	-35.3007756848	54.9258011256	0.00964346248657	0.00173930893652	-0.00134789035656
11.9303964625	-35.3654939163	54.6946645847	0.00958021823317	0.00163382303435	-0.00152411218733
11.6938503731	-35.2366192471	55.1549312603	0.00941384304315	0.00184428179637	-0.00117130845319
10.7969742313	-33.5677680323	61.1151141704	0.00864586327225	0.00453127361834	0.0033974791877
-2.92618093579	-37.2220316423	48.0641727061	-0.00268080551177	-0.00145428278483	-0.00677946675569
-2.41113165684	-37.1659348065	48.2645185482	-0.00225745653734	-0.00135470519308	-0.00667253695428
12.2675653349	-35.0174587534	55.9376473091	0.00984908174723	0.0022002577316	-0.000575678248424
12.0404633724	-35.0108968160	55.9610828000	0.00968039035797	0.00221101543866	-0.000555786129553
10.9184481975	-36.4770169141	50.7249395926	0.00865375529975	-0.000184436779818	-0.00451462808996
11.0494523484	-36.4304241120	50.8913424570	0.00876192003489	-0.000107658677734	-0.00439116870984
2.49793893472	-36.6963785375	49.9415052233	0.00201407936402	-0.000500097812619	-0.00554282357916
2.93768472289	-36.7266725481	49.8333123281	0.0023846514523	-0.000560692220461	-0.00558024039492
3.00175213208	-36.6715706801	50.0301047139	0.00245141796768	-0.000460626644781	-0.00544571876526
-4.82293694356	-34.1903586946	58.8915760906	-0.00455613387749	0.00380403269082	0.00181649299338
-5.17613188775	-34.1608967815	58.9967972088	-0.00483115157112	0.00380917871371	0.00189254654106
-5.04495128503	-34.1075360252	59.1873713387	-0.00471523264423	0.00390075379983	0.00205118930899
5.99607510251	-35.5858373195	53.9077238589	0.00515511771664	0.0014277100563	-0.00231761927716
6.11127364880	-35.6566532930	53.6548096680	0.00523166265339	0.00129388808273	-0.00250978022814
5.69451702398	-35.6757467107	53.5866188902	0.0049078729935	0.00128526007757	-0.0025974183809
2.44562268169	-31.6363242486	68.0131276837	0.00182164751459	0.00754912476987	0.00855697132647
11.9818482222	-35.6408373929	53.7112950252	0.00959129910916	0.00118476815987	-0.00227315328084
12.0722782973	-35.4943348610	54.2345183535	0.00967404432595	0.00142386415973	-0.00187550706323
8.03230524052	-32.9183019611	63.4346358530	0.00640032067895	0.00555439479649	0.00518460571766
7.49512989284	-32.9436375156	63.3441517301	0.00598524603993	0.00552549259737	0.00513075757772
3.80986642610	-38.0574427385	45.0805616482	0.00287289591506	-0.00278568314388	-0.0084970491007
3.34765248200	-37.9977846985	45.2936260769	0.00251879054122	-0.00269558676519	-0.00839778687805
3.65293177093	-38.0968995754	44.9396443737	0.0027514139656	-0.00284832110628	-0.00859461445361
3.45325739581	-38.0976012014	44.9371385664	0.00259738857858	-0.00285080890171	-0.00860976241529
-4.4642106703	-32.5941017105	64.5924938911	-0.00395541498438	0.00610189512372	0.00614502327517
-4.57419372149	-32.4732974153	65.0239378025	-0.00403022812679	0.0062788692303	0.00644989032298
-4.42349763555	-32.4993128170	64.9310256536	-0.00390965305269	0.00624322565272	0.00638803560287
-11.4695799780	-33.7926637738	60.3119150935	-0.00959241017699	0.00403297739103	0.00268254894763
-11.5501005542	-33.9228194681	59.8470733282	-0.00965338945389	0.00381882674992	0.00233044987544
-11.2622750926	-33.9067033648	59.9046308399	-0.00943725183606	0.00385254854336	0.00238674529828
3.44364198739	-34.8075312278	56.6873884723	0.00316540757194	0.00311608496122	-9.34448835324e-05
3.04037610413	-34.7941292840	56.7352525571	0.00282070529647	0.00321169057861	-6.0651331296e-05
2.93705476348	-34.7344215279	56.9484945433	0.0027205676306	0.00332438340411	0.000136541391839
3.05429474242	-34.6927414647	57.0973519117	0.00281378300861	0.00336589477956	0.000276814738754
-8.39305866007	-36.5568186009	50.4399335682	-0.00715991714969	-0.000393352645915	-0.00477300910279
-9.02759476752	-35.9259071675	52.6931886876	-0.00772212306038	0.000636899552774	-0.00306907691993
-9.45401264782	-35.9970258383	52.4391934345	-0.00802531279624	0.000509611098096	-0.00323787680827
-1.71546163999	-36.2149240745	51.6609854480	-0.00180909864139	0.000442247866886	-0.00446738861501
-5.82007153869	-32.3059966291	65.6214406102	-0.0050263623707	0.00650992896408	0.00683814892545
4.90155574234	-37.2384900851	48.0053925532	0.0038699908182	-0.00145823869389	-0.00661390414461
4.70570339518	-37.3543658600	47.5915504999	0.00368497823365	-0.00165081617888	-0.00688762124628
4.48450102072	-37.3241855800	47.6993372143	0.00351751013659	-0.00160161976237	-0.00683504948393
-1.18135263715	-32.3110976139	65.6032228077	-0.00119403481949	0.00656395452097	0.00691863056272
-1.09135357601	-32.2044545822	65.9840907780	-0.00111279601697	0.00671950168908	0.00718478858471
-1.41189847256	-32.1716428242	66.1012756278	-0.00137824181002	0.00676626572385	0.00726527534425
-1.21132171505	-32.1802636473	66.0704869739	-0.00121153180953	0.00675448821858	0.00724465399981
7.63831511994	-35.8330639212	53.0247717100	0.00635501602665	0.000918406469282	-0.00289880810305
7.70084871956	-35.9030648072	52.7747685456	0.0063890661113	0.000796307809651	-0.00308628776111
8.07154282048	-35.8322983387	53.0275059333	0.00667840149254	0.00090760900639	-0.00287433387712
8.06441724198	-35.8884601106	52.8269281765	0.00666326796636	0.000812049722299	-0.00302767241374
-0.966288782329	-36.4759610102	50.7287106778	-0.00108457845636	-6.96816205163e-05	-0.00513249030337
-1.49597696942	-36.5284759438	50.5411573437	-0.0015578113962	-0.000182661417057	-0.0052352398634
-0.656345326819	-36.7261507406	49.8351759265	-0.00078481977107	-0.000549424963538	-0.00571857346222
-0.458759033465	-36.7740861400	49.6639780716	-0.00060609477805	-0.000637626566458	-0.00582994520664
-0.144773982736	-36.7021573599	49.9208665717	-0.000327604677295	-0.00050046609249	-0.00566655024886
-2.05424483280	-33.9320136971	59.8142367960	-0.0021322495304	0.00444135768339	0.00266721961088
-1.62197928114	-32.0445284593	66.5552555025	-0.00154487311374	0.00695377821103	0.00758078228682
-1.87757579490	-32.0297142040	66.6081635570	-0.00175598752685	0.00697474740446	0.00761607429013
-7.15748735048	-32.7489262672	64.0395490459	-0.00616052560508	0.00580005068332	0.00564664136618
-7.23251866769	-32.8709508997	63.6037467868	-0.00623655878007	0.0056099514477	0.00532513391227
0.848312239741	-35.1337459511	55.5223358889	0.00072764698416	0.00300008105114	-0.0013632834889
6.39542938095	-37.9206041291	45.5692709676	0.00481333676726	-0.00256195198745	-0.00805130414665
6.38608534698	-37.8455396398	45.8373584294	0.0048304614611	-0.00243655405939	-0.00788769312203
6.83939797875	-37.8603290579	45.7845390790	0.00515798199922	-0.00246558967046	-0.00792615581304
6.26825734738	-35.6129518486	53.8108862551	0.00535855814815	0.00136250769719	-0.002374434378
6.28446095754	-35.4947250972	54.2331246529	0.00538755673915	0.00157095130999	-0.00203631981276
6.05727421212	-35.4827897437	54.2757509155	0.00521642016247	0.00160743913148	-0.00201764167286
5.17520775954	-33.4974842652	61.3661276242	0.00425725569949	0.00480123376474	0.00373910879716
5.13547012478	-33.5536170022	61.1656535634	0.00423867069185	0.00472438288853	0.00358917424455
2.88673208305	-36.4035838889	50.9872003969	0.00241589313373	4.5725133532e-05	-0.00481352815405
3.43524380940	-36.3537936451	51.1650226959	0.00289983581752	0.000125476217363	-0.00463861506432
3.23752479639	-36.3036312038	51.3441742723	0.00274435780011	0.000228272605455	-0.00453324895352
2.42971159804	-37.3768465362	47.5112623708	0.00184619042557	-0.00169487285893	-0.00708856340498
2.46243414696	-37.4961333905	47.0852378912	0.00185892381705	-0.00189341022633	-0.00735036935657
2.69105340642	-37.4904712312	47.1054598887	0.00204579508863	-0.00188321236055	-0.00732450187206
-8.10509640154	-35.1668349511	55.4041608889	-0.00711248442531	0.00194154505152	-0.00101664394606
-8.28356730271	-35.1347731471	55.5186673319	-0.00724274106324	0.00198464491405	-0.000921589846257
7.27138046202	-35.5531614557	54.0244233727	0.00612296303734	0.00141477154102	-0.00214247591794
7.12650820685	-35.3807756816	54.6400868514	0.00603266060352	0.00171907607	-0.00166156073101
7.37280110079	-35.7207561761	53.4258707995	0.006175075192	0.00112099433318	-0.00260456651449
-2.20575001381	-32.4520589514	65.0997894593	-0.0020623228047	0.00635136524215	0.00655639730394
9.29161580621	-35.7680582430	53.2569348466	0.00759176397696	0.000990950968117	-0.00265206233598
9.08175506912	-35.7371913760	53.3671736570	0.00744145456702	0.00104615907185	-0.00257425871678
9.12613550181	-35.8556234340	52.9442020215	0.00745609914884	0.000846956507303	-0.00289526209235
2.13107037620	-36.1970599825	51.7247857768	0.00179673393723	0.000481075054267	-0.0043745492585
2.18349496419	-36.1352105951	51.9456764459	0.00185874325689	0.000607357535046	-0.00421499554068
2.32062956919	-36.4513830277	50.8164891868	0.00190965237562	-3.3258653275e-05	-0.00497797178105
1.87019996220	-36.4090903509	50.9675344610	0.00151724461466	5.91225034441e-05	-0.00491155078635
1.73616466352	-34.9206873860	56.2832593355	0.00163862470072	0.0032633561641	-0.000548478623386
1.84034033524	-34.7848743345	56.7683059484	0.00172412814572	0.00346060609445	-6.03047774348e-05
-9.09437731668	-34.2968663114	58.5111917449	-0.00782870315015	0.00330455601215	0.00141237967182
-9.34157666885	-34.2856734513	58.5511662453	-0.00801156647503	0.00331062055193	0.00143642676994
-9.18936477834	-34.3991739359	58.1458073718	-0.00790252536535	0.00313551467843	0.0011288918322
-9.57865642053	-34.3696714291	58.2511734677	-0.00818906631321	0.00316456193104	0.0012004225282
-11.8086677005	-34.1791426302	58.9316334638	-0.00984214153141	0.00339235644788	0.00163331464864
-11.6910873475	-34.0500274202	59.3927592135	-0.00975766871125	0.003607256338	0.00198365561664
-3.47680452596	-37.2922884882	47.8132553991	-0.00312500074506	-0.00157627393492	-0.0069158715196
-2.95457817567	-35.6624665269	53.6340481181	-0.00306453346275	0.00152481533587	-0.00286202412099
-3.33311108055	-35.7221110206	53.4210320695	-0.00337556330487	0.00135808612686	-0.002988752909
-10.6191185740	-36.2378482786	51.5791132907	-0.00885071419179	0.00010248493345	-0.00382018159144
-10.2418959721	-36.1883105552	51.7560337314	-0.00858002249151	0.000185866636457	-0.0037068426609
-10.2901859596	-36.1341492212	51.9494670670	-0.00862098485231	0.000272582168691	-0.00356181897223
-11.0694771421	-36.2758556369	51.4433727252	-0.00917662028223	3.85850362363e-05	-0.00390087021515
-10.6556196453	-36.3653770645	51.1236533410	-0.00886335223913	-0.000101839665149	-0.00415338156745
-11.0279363678	-36.3281723119	51.2565274574	-0.00914079323411	-4.44047800556e-05	-0.00403994973749
4.17944833760	-33.0873419407	62.8309216404	0.00335274031386	0.00541650177911	0.00485940603539
4.03024638129	-33.2193926688	62.3593118970	0.00325491512194	0.00524080218747	0.00452066492289
4.38441214264	-33.1351145636	62.6603051301	0.00353072397411	0.0053427470848	0.00472769420594
-2.19899876112	-37.4821007326	47.1353545266	-0.00203159684315	-0.00188710261136	-0.00739675341174
-2.34980592556	-37.4529365750	47.2395122322	-0.00216158037074	-0.001839278033	-0.00732693495229
-2.00325366967	-37.4190187871	47.3606471890	-0.00187685794663	-0.00178133836016	-0.0072595612146
-6.26646918857	-37.7878526238	46.0433834866	-0.00525642698631	-0.00238231895491	-0.00795065611601
-6.35586539489	-37.9078673782	45.6147593635	-0.0052993260324	-0.00257102935575	-0.00823454372585
-6.08167218900	-37.8438093333	45.8435380955	-0.00509881740436	-0.00247139111161	-0.00809128768742
-6.56175722434	-37.8657554923	45.7651589562	-0.00546979391947	-0.00250387657434	-0.00812640972435
-10.5945175129	-33.4499070640	61.5360462001	-0.00891679525375	0.00460818083957	0.0036398479715
9.76031271734	-33.0842264940	62.8420482357	0.00777035718784	0.00528812315315	0.00471034413204
9.44768926156	-33.2097521951	62.3937421604	0.00755184749141	0.00509697524831	0.00438425829634
-3.81517487867	-35.2083809338	55.2557823794	-0.00387218687683	0.00231051142327	-0.00137482723221
-3.98093206473	-35.0945348607	55.6623754975	-0.00401179073378	0.00249227043241	-0.000999360927381
-4.29235774706	-35.1627266773	55.4188332955	-0.00425748340786	0.0023202970624	-0.0011932811467
-10.1894500074	-35.7086763358	53.4690130863	-0.00858266931027	0.00096285744803	-0.00243635009974
-9.70081464681	-35.6944792715	53.5197168875	-0.00823100470006	0.000999215524644	-0.00241633015685
-1.54665501829	-35.1518225824	55.4577764915	-0.00184888381045	0.00284726452082	-0.00138506805524
-1.41880775397	-35.0812257241	55.7099081281	-0.00172271800693	0.00301218847744	-0.00114327808842
-1.94974008543	-35.1140949147	55.5925181617	-0.00224611349404	0.0028465539217	-0.00122185167857
0.352117185677	-34.2799832418	58.5714884220	0.000148940947838	0.00420867651701	0.00166228052694
-0.196652727439	-34.2906985774	58.5332193663	-0.000404857681133	0.00419992022216	0.00162971159443
-0.0550779445376	-34.2236479158	58.7726860150	-0.00026174611412	0.00426437798887	0.00184018735308
0.232622558041	-34.0241515921	59.4851728853	1.60468607646e-05	0.00445221969858	0.00243783392943
0.781392471157	-34.0134362565	59.5234419411	0.000542912224773	0.00444927439094	0.00246209674515
0.639817688256	-34.0804869182	59.2839752923	0.00041457041516	0.00438854983076	0.00226790062152
-3.86949718230	-37.8896640025	45.6797714198	-0.00332937156782	-0.00254924735054	-0.00827445834875
-3.80051531684	-37.8370255759	45.8677658003	-0.00328393024392	-0.00246567465365	-0.00815587025136
-3.51038497324	-37.9446820259	45.4832784791	-0.00302937137894	-0.00263661937788	-0.0084097571671
4.28961515970	-32.9474774301	63.3304377498	0.0034186267294	0.00560732511804	0.00521708931774
4.55401931463	-32.9311030103	63.3889178204	0.00363240577281	0.00562208611518	0.00525015080348
4.48566670876	-32.8378824459	63.7218484075	0.00356138846837	0.00575551763177	0.00549203716218
4.19843437916	-32.8393698527	63.7165362402	0.00332657969557	0.00576150463894	0.00549779972062
0.8047359486	-33.7080756574	60.6140155092	0.000530982681084	0.00476770475507	0.00332053937018
1.87067007812	-32.1194402923	66.2877132417	0.00135347794276	0.0068317851983	0.0073706228286
9.61078568583	-36.4335107147	50.8803188761	0.00769558176398	-0.000118175768876	-0.00441979011521
-8.53872759969	-32.7363654058	64.0844092650	-0.00725607573986	0.0057891914621	0.00562104675919
-8.98898377318	-32.7732674161	63.9526163711	-0.00761501351371	0.00572239561006	0.00550487777218
-8.94914251699	-32.8368521074	63.7255281877	-0.00759023660794	0.00562230264768	0.0053397808224
0.12948038281	-37.1798858352	48.2146934457	-8.22201909614e-05	-0.00136423145887	-0.00673955725506
0.561894174828	-37.2370000077	48.0107142583	0.000287784321699	-0.00146165851038	-0.00685796327889
0.0698734571608	-37.3061934185	47.7635949338	-0.000131602515467	-0.0015818803804	-0.00702077988535
-6.00246698222	-34.1485518721	59.0408861711	-0.0054769073613	0.00374804669991	0.00190522125922
-5.8474235137	-34.2653421083	58.6237781848	-0.0053773461841	0.00358503079042	0.00157236575615
-6.29697331852	-34.2452896509	58.6953941039	-0.00572058139369	0.00357414060272	0.00162048626225
-5.70584873080	-34.1982914466	58.8632448335	-0.00525518320501	0.00370042887516	0.00176991743501
6.56606332534	-32.5303252000	64.8202671429	0.00518456893042	0.00614853063598	0.00622135587037
6.82835167234	-32.5096814728	64.8939947401	0.00538819702342	0.00617420114577	0.00626865355298
6.66289704069	-32.3892535526	65.3240944550	0.00524207111448	0.00635224906728	0.00657982612029
6.86311095376	-32.4405300568	65.1409640827	0.00540594756603	0.00627450132743	0.00644497340545
-8.78499034652	-34.1918514023	58.8862449916	-0.00759294210002	0.00348806730472	0.00170955772046
-8.68886685883	-34.2543354234	58.6630877736	-0.00752518419176	0.00339344912209	0.00153999379836
-9.16334722352	-34.2366431190	58.7262745750	-0.00787728931755	0.00339771830477	0.00157572212629
-4.91071457779	-34.5555387559	57.5873615861	-0.00469885068014	0.00324588548392	0.000721586693544
-5.24800159083	-34.5097102843	57.7510346989	-0.00495432456955	0.00327456369996	0.000859156658407
-1.28993046091	-34.7429969917	56.9178678869	-0.00157192489132	0.00360287097283	8.00633351901e-05
-0.411848769608	-34.6260263054	57.3356203379	-0.000642523285933	0.00385161186568	0.000496312277392
-5.34540809233	-34.3852018232	58.1957077744	-0.00500871241093	0.00345482630655	0.00123000564054
-5.42603868087	-34.4274800171	58.0447142245	-0.00507884752005	0.00338090001605	0.00110344111454
-5.63251192778	-34.3530502459	58.3105348361	-0.00522613059729	0.00347268534824	0.00132041051984
-5.72103638526	-34.4105545518	58.1051623150	-0.00530411070213	0.00337477750145	0.00114997697528
-3.88031888398	-34.4662486050	57.9062549820	-0.00385545846075	0.00352753023617	0.00100385094993
-3.97795149703	-34.5324748536	57.6697326656	-0.00394995184615	0.003414996434	0.000796093896497
-3.69669453063	-34.5917108694	57.4581754663	-0.00373142096214	0.00337190902792	0.000609793991316
-3.55905238059	-34.5265227262	57.6909902637	-0.00360302813351	0.00349097256549	0.000817751453724
7.22348409906	-34.6067103045	57.4046060552	0.00609051296487	0.00300329341553	0.000575041107368
6.75445432039	-34.6112528199	57.3883827860	0.00573728140444	0.0030285846442	0.000560205255169
7.10600136732	-34.5473507149	57.6166045896	0.00599476043135	0.00310605764389	0.000745930941775
6.91025733974	-34.6485220728	57.2552783116	0.00585936708376	0.00295728957281	0.000452672218671
0.857113223407	-36.7350846087	49.8032692547	0.000567674229387	-0.000561055378057	-0.00572292041034
1.38778294919	-36.7519051335	49.7431959517	0.00103608367499	-0.000594247772824	-0.00573935732245
1.25125933499	-36.6970646957	49.9390546582	0.000921496015508	-0.000490850885399	-0.00562027515844
1.08952673055	-36.8278054740	49.4721233070	0.00076587125659	-0.0007337203715	-0.0059251585044
5.17440684026	-34.9073256722	56.3309797421	0.0045617679134	0.00269494741224	-0.000351342430804
4.96899157142	-35.0375451596	55.8659101442	0.00440834183246	0.00249756732956	-0.000759882328566
4.97835373516	-34.9273135723	56.2595943845	0.0044110333547	0.00268494314514	-0.000419926247559
-4.79546107375	-34.8158924075	56.6575271160	-0.00464306399226	0.00284524611197	-8.20400600787e-05
-5.10359172991	-34.8970206963	56.3677832275	-0.00488693127409	0.00266800331883	-0.000323629705235
-5.32091887227	-34.8312513422	56.6026737778	-0.0050491145812	0.0027497720439	-0.000115710659884
-0.29001545445	-34.0343566736	59.4487261656	-0.000489396392368	0.00443933159113	0.0024084658362
-0.118007429856	-34.0952842864	59.2311275486	-0.000323469401337	0.00438386201859	0.00222943094559
0.868390855166	-34.2688825512	58.6111337457	0.00066347484244	0.00419531902298	0.00169041275512
0.696382830572	-34.2079549385	58.8287323626	0.000484860793222	0.00426376098767	0.00188259722199
4.52909732444	-34.6357272164	57.3009742271	0.00402072397992	0.00321867573075	0.000472922140034
8.87008332834	-32.6555210336	64.3731391659	0.00700492598116	0.00594140356407	0.00585293537006
9.21361992123	-32.7480014990	64.0428517892	0.00728746503592	0.0058018732816	0.00560546992347
-6.26040386685	-35.4770892996	54.2961096442	-0.00573735078797	0.00153809017502	-0.00199199840426
-6.73249194709	-35.5398656208	54.0719084971	-0.0060820155777	0.00139397894964	-0.00213958998211
-6.47929771983	-35.5750652955	53.9461953731	-0.00588922807947	0.00134971295483	-0.00225706095807
3.86070647310	-37.7601636248	46.1422727685	0.00293894065544	-0.00231501599774	-0.00784137751907
4.38401181008	-37.7987371557	46.0045101582	0.00333625194617	-0.00237215892412	-0.00788822863251
-12.0678530462	-35.4553490940	54.3737532358	-0.00995237100869	0.00131138367578	-0.00171432783827
-12.1222559925	-35.3152521264	54.8740995485	-0.00999840907753	0.00152859359514	-0.00135189830326
5.87381476342	-36.9994586845	48.8590761268	0.0047026546672	-0.00105788023211	-0.00599979097024
5.85880690503	-36.9264354498	49.1198733936	0.00471223006025	-0.000934550305828	-0.00582751538604
-4.68311617602	-32.1141546580	66.3065905070	-0.00407744525	0.0068210279569	0.00735814543441
0.12905286566	-33.5059779874	61.3357929021	-9.66126899584e-05	0.00500192353502	0.00387197057717
0.175216638786	-33.6265061883	60.9053350419	-5.19781424373e-05	0.00486570317298	0.0035491308663
0.413468980374	-33.6212431854	60.9241314806	0.000165845936863	0.00487010460347	0.00356148951687
3.14860380274	-35.5035556342	54.2015870208	0.00288285082206	0.00186323979869	-0.00235848128796
2.72942992782	-35.5314614342	54.1019234493	0.00250918651	0.00185962324031	-0.00249357731082
2.91518203200	-35.5639125221	53.9860267066	0.00266577885486	0.00176676304545	-0.00256805331446
3.11130813248	-35.5588264260	54.0041913355	0.00283804209903	0.00175324792508	-0.00252902600914
-5.31169701739	-33.1151259286	62.7316931122	-0.00472905859351	0.00531107606366	0.00476495409384
-5.12403893697	-33.1492958507	62.6096576759	-0.00458199344575	0.00526959355921	0.00468256836757
-4.98574831621	-33.0330907136	63.0246760229	-0.00444915844128	0.00544377788901	0.00499304896221
-8.79143428605	-36.4439031644	50.8432029842	-0.00747681083158	-0.000212535640458	-0.0044546960853
-7.74784473722	-36.3270452266	51.2605527623	-0.00671785324812	-5.23076380432e-07	-0.00421624444425
-7.47418626897	-36.3633002818	51.1310704220	-0.00650515779853	-5.54384132556e-05	-0.00433116359636
-6.77471412885	-35.0139434205	55.9502020697	-0.00614437786862	0.00229221163318	-0.000618253950961
-6.60068776813	-34.9640379749	56.1284358041	-0.00601551076397	0.00239117210731	-0.000477414461784
-6.34468291775	-35.0389395030	55.8609303465	-0.00582607137039	0.00228869915009	-0.000706274586264
-6.5574876568	-35.0950894564	55.6603947985	-0.00598317198455	0.00217404169962	-0.000863230146933
-12.1520155165	-34.5628332877	57.5613096868	-0.010075815022	0.00274867773987	0.000599770864937
-11.9619534452	-34.5761984310	57.5135770323	-0.00993540138006	0.00273373140953	0.000571492768358
-11.8471529113	-34.5410598818	57.6390718508	-0.00985342171043	0.00279596843757	0.000668586115353
-11.9980669346	-34.9176891465	56.2939673339	-0.00993520021439	0.00217175134458	-0.00032443049713
-11.8106812279	-34.8165231974	56.6552742950	-0.00980687048286	0.00234546139836	-5.60867410968e-05
-11.7938870652	-34.8906007200	56.3907117144	-0.00978881679475	0.00222543999553	-0.000249766366323
-12.1465015258	-34.8779031828	56.4360600615	-0.0100464895368	0.00222965748981	-0.000224263218115
6.70285139954	-36.2240076895	51.6285439660	0.00556269660592	0.000265987386229	-0.00400908617303
7.05745455543	-35.2070666610	55.2604762109	0.00599163025618	0.00202028523199	-0.00116617046297
6.79505776594	-35.3074942311	54.9018063177	0.00579023221508	0.00186472281348	-0.00146771280561
-6.12030480084	-34.7828747653	56.7754472668	-0.00565061671659	0.00273842341267	4.6722307161e-05
-5.93555785095	-34.7222141663	56.9920922631	-0.00550685822964	0.00285701709799	0.000224658535444
-5.71904907183	-34.8137084877	56.6653268295	-0.00535044586286	0.0027311835438	-5.3191994084e-05
-5.85527114476	-34.8526234504	56.5263448201	-0.00545561406761	0.00265150889754	-0.000166977129993
5.65231819609	-32.3209910154	65.5678892307	0.0044357967563	0.00646991468966	0.00677490141243
-1.29796709048	-37.7832274504	46.0599019627	-0.00124604790471	-0.00237640016712	-0.00808150600642
-1.00241022856	-37.7777015884	46.0796371842	-0.0010025423253	-0.00236666249111	-0.0080696400255
-1.02752921181	-37.6466569588	46.5476537184	-0.00103568099439	-0.00215403316543	-0.00777984643355
-1.33674958207	-37.6626987292	46.4903616815	-0.0012911624508	-0.00218120776117	-0.00781404227018
-11.4206860593	-36.1896675310	51.7511873894	-0.00944166071713	0.000173005188117	-0.00366023532115
-11.2959020434	-36.3046492517	51.3405383869	-0.00933974981308	-8.32958630781e-06	-0.00396736199036
9.27176034110	-33.8565029489	60.0839180396	0.00752920890227	0.00409809593111	0.00264822575264
9.71974950568	-33.8114174929	60.2449375253	0.00786249153316	0.00415966054425	0.00276157376356
9.48745721956	-33.8927798560	59.9543576571	0.00769856572151	0.0040365611203	0.00254486151971
-4.99563851576	-35.2597792099	55.0722171075	-0.00479981023818	0.00204983795993	-0.00144106661901
-4.92543325831	-35.1256086223	55.5513977776	-0.00475310580805	0.00229797000065	-0.00103586330079
-5.20638309234	-35.2073315205	55.2595302840	-0.00496511813253	0.00211839145049	-0.00126755109522
-4.74650865891	-35.1718698062	55.3861792635	-0.00461285142228	0.00223953090608	-0.00118978251703
-9.93990401474	-34.0793409137	59.2880681654	-0.00844987668097	0.00361645035446	0.00197804160416
-9.68628412856	-34.0597912551	59.3578883747	-0.0082594724372	0.00365788326599	0.00204044068232
-9.57406281290	-34.1791593272	58.9315738314	-0.00818049814552	0.0034711251501	0.00172006164212
2.00416336960	-34.6320956850	57.3139439822	0.00185141421389	0.00364648876712	0.000474470492918
2.05485683742	-34.6912825914	57.1025621737	0.00191227230243	0.00355622335337	0.000271037599305
2.44121208750	-34.6869778750	57.1179361607	0.00226958538406	0.00348930247128	0.000289538467769
2.35063931723	-34.6143523654	57.3773129806	0.00217016367242	0.00360808102414	0.000534658494871
5.43336804121	-34.7205658465	56.9979791195	0.00474285753444	0.00297306361608	0.000223742506932
5.19338745306	-34.7601608963	56.8565682275	0.00456210644916	0.00293601932935	9.92354907794e-05
4.97781464461	-34.6482061509	57.2564066041	0.00437760679051	0.00314148701727	0.00043818744598
6.11202960843	-34.6049319730	57.4109572395	0.00524807488546	0.00309123727493	0.00057581148576
6.18323958646	-34.4683956293	57.8985870383	0.00528092123568	0.00330066913739	0.000977105926722
6.34284711705	-34.5752080802	57.5171139992	0.00541994487867	0.00311864214018	0.000664101389702
-11.6100654906	-36.0722381502	52.1705780351	-0.0095891719684	0.000356729433406	-0.00334396865219
-9.41689493162	-36.6982856507	49.9346941046	-0.00789973139763	-0.000631557719316	-0.00508002610877
2.61457131670	-32.8632114438	63.6313877008	0.00201456947252	0.00577007513493	0.00548735819757
2.26074426912	-32.9010705207	63.4961767119	0.00172027642839	0.00572676490992	0.00540080340579
2.68697995693	-32.9684241251	63.2556281246	0.00208808691241	0.00562594132498	0.00521664740518
2.29210343860	-32.9673894780	63.2593232928	0.00175396248233	0.00563721125945	0.0052307639271
2.69053457128	-32.9159305465	63.4431051911	0.00208454602398	0.00569671019912	0.00535074900836
3.82732194473	-36.6453747378	50.1236616507	0.00315290479921	-0.000424812809797	-0.00531377270818
-1.64483425860	-36.7429289386	49.7752537905	-0.00166025222279	-0.000592409051023	-0.00572986947373
-2.08792615386	-36.6423970089	50.1342963967	-0.00206540920772	-0.000412234541727	-0.00547321187332
-1.80340617013	-36.6266898478	50.1903934006	-0.00181722885463	-0.000377090414986	-0.00545144779608
-2.60616894780	-36.6086325881	50.2548836140	-0.00252397614531	-0.000360136240488	-0.00536048552021
1.11369242349	-38.4045374146	43.8409378049	0.000760541122872	-0.00334020424634	-0.00940628536046
1.60035505570	-38.4233993139	43.7735738788	0.00114862679038	-0.00336554809473	-0.00942854955792
1.56353727925	-38.3658747085	43.9790188983	0.00111649103928	-0.00327789317816	-0.00930300634354
-1.17593683956	-36.7694028921	49.6807039568	-0.00124324858189	-0.000635530799627	-0.005807032343
-0.713880835694	-36.7953243908	49.5881271756	-0.000831672572531	-0.000679092947394	-0.00587580166757
-0.60856585239	-31.8097730523	67.3936676704	-0.000692153233103	0.00730842025951	0.00816494785249
-0.311374181418	-31.6626065710	67.9192622465	-0.000440519856056	0.00753244012594	0.00852831639349
-4.25031571670	-35.8571673269	52.9386881182	-0.00410474976525	0.00100383406971	-0.00326418224722
-4.00425414748	-35.7821311690	53.2066743963	-0.00392194511369	0.00117114372551	-0.0030810891185
-4.19328596954	-35.8013264864	53.1381196915	-0.00407202169299	0.00111673236825	-0.00311398296617
5.10347800643	-36.5032334089	50.6313092539	0.00423410627991	-0.000191830098629	-0.0048538162373
5.29512865435	-36.6167387240	50.2259331287	0.00435540219769	-0.000395865994506	-0.00511889904737
-7.22871131962	-36.0821447618	52.1351972792	-0.00637179287151	0.000429902953329	-0.00360278785229
-7.67615025606	-36.0063117405	52.4060294982	-0.00671820389107	0.000543592788745	-0.00336630363017
-6.61914884929	-34.7577896839	56.8650368431	-0.00602171197534	0.00273097422905	0.000127970939502
-6.16953814456	-34.7087860015	57.0400499948	-0.00568199809641	0.00285436934792	0.000267232360784
-6.50864051198	-34.8301124716	56.6067411728	-0.00594332860783	0.00262234429829	-8.60431828187e-05
-5.51788472810	-33.4280978261	61.6139363353	-0.00495280651376	0.00484573561698	0.00392386410385
-5.09537038417	-33.5017837907	61.3507721762	-0.00462491065264	0.00476470869035	0.00374272558838
-4.96407715749	-33.4203588934	61.6415753808	-0.00450165430084	0.00488871475682	0.00396796362475
5.32146885356	-33.2787511790	62.1473172177	0.00432537170127	0.00510360579938	0.00431666942313
5.87176270486	-33.2207577034	62.3544367735	0.00475569907576	0.005164839793	0.00445063784719
-7.90877292009	-33.9910551367	59.6033745118	-0.00691542914137	0.00385314924642	0.00229014479555
-8.16072074690	-33.9780210034	59.6499249879	-0.00710520055145	0.00385953695513	0.00231749285012
-8.20446848963	-33.9158152638	59.8720883437	-0.00713182566687	0.00395484641194	0.00248665641993
-7.89511710957	-33.8901997846	59.9635721978	-0.00689323898405	0.00401143729687	0.00256813014857
-3.63235439874	-32.5765087268	64.6553259758	-0.00326558831148	0.00614661164582	0.00621338142082
-3.66819783109	-32.5113222504	64.8881348199	-0.00328745972365	0.00624101702124	0.00637798476964
11.1306318113	-35.1190260942	55.5749068064	0.00900297611952	0.00203909282573	-0.000847641262226
11.6244238643	-35.0767687184	55.7258260056	0.00936971791089	0.00210499903187	-0.00073336524656
11.5177469540	-35.1288950858	55.5396604080	0.00928880926222	0.00202055182308	-0.000875737750903
-4.34758664552	-33.5058235285	61.3363445411	-0.00401212414727	0.00480664055794	0.00376278790645
-4.68220270909	-33.5704432893	61.1055596811	-0.00430158758536	0.00469445483759	0.00357338786125
-4.55090948241	-33.4890183920	61.3963628858	-0.00417660037056	0.00481702201068	0.00379993300885
-4.22487734408	-33.5520868099	61.1711185362	-0.00392012158409	0.00475102989003	0.00364222913049
1.86089707222	-33.1076576210	62.7583656394	0.00140140787698	0.00546291982755	0.00488255452365
2.08358578195	-33.1988836782	62.4325582921	0.00160419440363	0.0053395377472	0.00464091775939
2.07677469376	-33.0768480755	62.8683997304	0.00158310297411	0.0054978071712	0.0049561271444
7.71504955066	-34.2850457009	58.5534082109	0.00641722790897	0.00348487729207	0.00148938735947
7.44599538793	-34.1857957873	58.9078721884	0.00619632471353	0.00365390675142	0.00177270965651
3.33922011836	-32.1172526028	66.2955264187	0.00255892961286	0.00681338971481	0.00734398607165
-10.6548935262	-36.5023390285	50.6345034695	-0.00884607248008	-0.000320687657222	-0.00451180990785
5.87595672015	-37.4537003391	47.2367845033	0.00456887297332	-0.0018078222638	-0.0070417500101
-10.2485354418	-34.7608332970	56.8541667965	-0.00867388024926	0.00250214827247	0.000122385186842
-10.3068111240	-34.9044345503	56.3413051774	-0.00870950054377	0.00226667476818	-0.000266990304226
-10.4915772533	-34.8086941739	56.6832350932	-0.00884802266955	0.00241436995566	-1.01191308204e-05
11.0118136025	-34.3515150139	58.3160178075	0.00889826286584	0.00328355445527	0.00126324896701
11.4500540504	-34.3101747046	58.4636617693	0.00922364741564	0.00334647297859	0.00136986933649
11.3557160959	-34.3621159305	58.2781573911	0.00915651861578	0.00326360319741	0.00122922519222
9.76480738343	-32.9625608273	63.2765684741	0.00775216985494	0.00547492038459	0.00503160106018
9.50173863301	-32.8476411107	63.6869960333	0.00752827245742	0.00565061625093	0.00533906463534
8.85237295980	-33.3411711766	61.9243886552	0.00711712008342	0.00490287644789	0.00404805643484
9.11733326664	-33.4494259334	61.5377645236	0.00734114833176	0.00473240856081	0.003752280958
9.14909451594	-33.3364640992	61.9411996456	0.00734493043274	0.00490562384948	0.00405366485938
8.88528200745	-33.4648366658	61.4827261935	0.0071655693464	0.00471281772479	0.00371642760001
-2.87653643040	-37.5820880661	46.7782569067	-0.00257717329077	-0.0020537530072	-0.00760361971334
-2.84916224975	-37.7470651333	46.1890530952	-0.00252697151154	-0.00232129124925	-0.00797783862799
-4.29310806135	-33.3826197743	61.7763579491	-0.00394195178524	0.00498059159145	0.00409664399922
-4.19200502154	-33.2539853430	62.2357666322	-0.00383348204195	0.00516481231898	0.00444285571575
-4.49643089825	-33.3658146378	61.8363762937	-0.00410689413548	0.00499251484871	0.00413342146203
-11.3425630101	-33.6806316388	60.7120298614	-0.00949476193637	0.00421811873093	0.00298823416233
6.46824186119	-32.6779334327	64.2930948833	0.00512944255024	0.00593564240262	0.00584460282698
6.78217304441	-32.5831048564	64.6317683700	0.00536262523383	0.00606791302562	0.00608122721314
-3.76896479735	-37.4174456819	47.3662654219	-0.0033404044807	-0.00178581057116	-0.00719181215391
-7.65614071695	-34.9158018087	56.3007078262	-0.00679057044908	0.00238734064624	-0.000313823926263
-8.09617835223	-34.8561631792	56.5137029315	-0.00711104273796	0.00245619472116	-0.000138391114888
-7.84164117104	-34.8171237174	56.6531295806	-0.00692490022629	0.00253694038838	-2.99886305584e-05
-7.43295005085	-35.0099922465	55.9643134054	-0.00662748515606	0.00224697054364	-0.000588346621953
-7.21804479525	-34.9687298598	56.1116790721	-0.00647029327229	0.00233180099167	-0.00047479532077
8.44018874964	-33.2934119330	62.0949573823	0.00678948359564	0.00498297670856	0.00418524350971
7.92297960316	-33.3198129331	62.0006680962	0.00639342656359	0.00495431153104	0.00412796251476
8.52295892910	-37.3645768209	47.5550827824	0.00659974617884	-0.0016468729591	-0.00678761024028
8.96472576423	-37.3314118346	47.6735291621	0.00694149825722	-0.00158858404029	-0.00670629041269
8.59782637407	-37.4334533374	47.3090952237	0.00662995642051	-0.00175742211286	-0.00695492886007
2.03451256170	-31.6012789117	68.1382896010	0.0014864745317	0.0076083727181	0.00865136645734
5.58161150716	-32.4788602947	65.0040703762	0.00439666723832	0.00624270783737	0.00637604342774
-10.1153151938	-34.5993378885	57.4309361126	-0.00858214125037	0.00276968348771	0.00056257029064
-10.1711532180	-34.4824191857	57.8485029083	-0.00862520560622	0.00295668048784	0.000878446793649
-9.9435725805	-34.4575851814	57.9371957806	-0.00845830608159	0.00300650065765	0.000951588095631
-10.4712331171	-34.7248125053	56.9828124809	-0.00883722677827	0.00255127740093	0.000216422384256
-10.4685440306	-34.6637552307	57.2008741759	-0.00883782375604	0.002650430426	0.000381194084184
-1.58931404217	-38.1835892314	44.6300384593	-0.00143632909749	-0.00301063759252	-0.00896975491196
-1.53349667607	-38.0597647392	45.0722687886	-0.00140676053707	-0.00281681423075	-0.00869427621365
-10.0743228020	-36.9093820444	49.1807784128	-0.00835439842194	-0.000970723573118	-0.00559283746406
-10.2852426946	-36.8180662290	49.5069063250	-0.0085266828537	-0.0008246548241	-0.0053482609801
-10.2401713939	-36.9260889425	49.1211109195	-0.00847550295293	-0.000996993505396	-0.00562886474654
9.29762965224	-36.3461267819	51.1924043504	0.00748435687274	2.67580126092e-05	-0.0041991728358
9.00887483148	-36.2698654121	51.4647663852	0.00728769879788	0.000154938534251	-0.00400777161121
-3.75182862800	-36.7604926633	49.7125262023	-0.00346497655846	-0.000661294092424	-0.00564266555011
-4.24560196174	-36.6465414300	50.1194948930	-0.00390105857514	-0.000468587822979	-0.00532484287396
1.97350412411	-37.6228145224	46.6328052772	0.00144874060061	-0.00210359715857	-0.00765513349324
2.06069783845	-37.5617908890	46.8507468249	0.00152440741658	-0.0020032194443	-0.00751666957512
1.53005497721	-37.5465368180	46.9052256499	0.00108921306673	-0.00198012008332	-0.00750802224502
-0.947918843191	-35.5223332129	54.1345242395	-0.00119323318359	0.00207987963222	-0.00265761720948
-1.23864714116	-35.5916955040	53.8868017714	-0.00147695839405	0.00188406044617	-0.00284412479959
-1.16041475490	-35.6375185999	53.7231478574	-0.00139051105361	0.00178062252235	-0.00298478244804
8.01551389530	-37.3250365918	47.6962978865	0.00623460114002	-0.00158750580158	-0.00669483514503
7.52582752832	-37.2768694101	47.8683235352	0.00588326249272	-0.00151268427726	-0.00658681662753
4.07503470231	-35.6217031657	53.7796315510	0.00363393104635	0.00151890679263	-0.00260152365081
3.78539740007	-35.6959703121	53.5143917425	0.00337679940276	0.00140019750688	-0.00284910108894
3.99344257801	-35.7431310497	53.3459605368	0.0035376639571	0.00128778675571	-0.00295932870358
4.26010938735	-35.6695279848	53.6088286256	0.00377411558293	0.00140816788189	-0.00271936273202
3.48311202701	-37.2188661203	48.0754781419	0.00273574329913	-0.00142680713907	-0.00666850525886
3.24026721244	-37.2168785422	48.0825766350	0.00253760558553	-0.00142355565913	-0.00668076891452
-1.74269891961	-34.0792018689	59.2885647538	-0.00187866191845	0.00430548936129	0.00224856636487
3.92220009108	-31.7793930935	67.5021675234	0.00302022905089	0.00730624934658	0.00817092135549
3.95234300601	-31.7307079972	67.6760428671	0.00304300314747	0.00737961381674	0.00829126406461
-8.55770933400	-34.1983508466	58.8630326906	-0.00742360623553	0.00348970736377	0.00169804133475
-8.48962746049	-34.0819573800	59.2787236427	-0.00736343860626	0.00367805035785	0.00202080840245
-8.71944926591	-34.0674152166	59.3306599407	-0.00753505760804	0.00368930608965	0.00205330946483
-8.50375287021	-33.1248938965	62.6968075127	-0.00727223325521	0.00517921987921	0.00460084993392
-8.26526028291	-33.0192032682	63.0742740423	-0.007072806824	0.00535128591582	0.00489069055766
-8.19620749630	-33.0772804941	62.8668553781	-0.00702549982816	0.0052625653334	0.0047405930236
4.87953478716	-35.1721017753	55.3853508025	0.00433731963858	0.00227191718295	-0.00117794377729
5.08583844784	-35.3166923350	54.8689559463	0.00448820646852	0.00198906869628	-0.00160124583635
9.91683836725	-35.6539624956	53.6644196587	0.00806753151119	0.0011721602641	-0.00232554669492
9.80414381854	-35.5501706379	54.0351048647	0.00799652468413	0.00134582456667	-0.00204360997304
10.0426247969	-35.5357592253	54.0865741952	0.00817340333015	0.00136632611975	-0.00199986039661
-3.24697730083	-36.8705914591	49.3193162177	-0.00301771052182	-0.000848226132803	-0.00594165362418
10.6686300925	-35.9169519485	52.7251716125	0.00858312472701	0.000732489104848	-0.00302636879496
-2.75731661994	-36.8951050172	49.2317677956	-0.00259810709395	-0.000884708424564	-0.00602921936661
-2.33473873206	-36.9154450403	49.1591248561	-0.00223324797116	-0.00091543525923	-0.00609888834879
11.8820129645	-35.7877202505	53.1867133911	0.00949844811112	0.000944858882576	-0.00267067644745
-5.61062906858	-33.8904622230	59.9626349180	-0.00511930743232	0.00416610622779	0.00265005882829
-5.90067996591	-34.0165000083	59.5124999702	-0.00537303369492	0.00395548110828	0.00228443043306
4.86474313492	-35.7818343271	53.2077345459	0.00423478102311	0.0011453788029	-0.00297396373935
4.87971803812	-35.6639985256	53.6285766943	0.00427271192893	0.00136581505649	-0.00263881753199
4.65772880994	-35.6872231567	53.5456315834	0.00409093266353	0.00133993988857	-0.00272766710259
5.00748489949	-35.6978898267	53.5075363332	0.00436672288924	0.00129244907293	-0.00272287195548
6.37205788975	-34.3568087030	58.2971117748	0.00540585396811	0.0034589972347	0.00130012666341
1.67203672123	-37.8971478372	45.6530434386	0.00119363353588	-0.00254706665874	-0.00827018450946
1.74715536085	-37.8302329363	45.8920252275	0.001255538431	-0.00243997434154	-0.00812040455639
1.27056422680	-37.8813819780	45.7093500787	0.000868754694238	-0.00252403318882	-0.00825220439583
4.72916200661	-37.5076448387	47.0441255761	0.00366489193402	-0.00190158211626	-0.00722628971562
4.68839685902	-37.6868930814	46.4039532808	0.00359115749598	-0.00219075661153	-0.00762211577967
7.47351342401	-33.2745045761	62.1624836567	0.00603379216045	0.00503382319584	0.004260298796
7.19503684040	-33.1510381996	62.6034350016	0.00579035840929	0.00522479694337	0.00459435069934
-3.54564568317	-35.3038547783	54.9148043631	-0.00364103470929	0.00217198301107	-0.00170190725476
-3.38852091673	-35.1927715959	55.3115300146	-0.00352231133729	0.00241219159216	-0.001361521543
7.98787117757	-34.0410684822	59.4247554206	0.00658368784934	0.00385231245309	0.00216710544191
0.36042846656	-36.7054893371	49.9089666533	0.000125608275994	-0.000505101983435	-0.00566869508475
0.47499043724	-36.7548191839	49.7327886291	0.000226301141083	-0.000597870151978	-0.00577862840146
3.35979542391	-32.4752289839	65.0170393432	0.00259630498476	0.00629552127793	0.00644730683416
3.35422712796	-32.5976250941	64.5799103784	0.00260240770876	0.00612209644169	0.00613896129653
3.19646903759	-32.5522717288	64.7418866828	0.00246817618608	0.00618938403204	0.0062578972429
5.18552636595	-34.2614883359	58.6375416575	0.00445983186364	0.00370828504674	0.00159572914708
-1.51457052207	-35.2874593440	54.9733594858	-0.00180381175596	0.00256168423221	-0.00185481004883
-1.27260351200	-35.1427194309	55.4902877468	-0.00157090614084	0.00291262404062	-0.00137210811954
0.0425775505286	-35.7739776932	53.2357939529	-0.00015419232659	0.00149830873124	-0.00341319525614
3.39379124591	-37.6556492071	46.5155385460	0.0025876024738	-0.00215001520701	-0.00764387939125
-6.03383214900	-35.3898276187	54.6077585047	-0.00557675631717	0.00171054364182	-0.00175447692163
-5.01735501048	-35.3935883122	54.5943274565	-0.00480303587392	0.0018043895252	-0.00184234092012
-5.23568029850	-35.2770414345	55.0105663055	-0.00498268799856	0.00199074391276	-0.00147598574404
-0.606638113354	-37.5847020940	46.7689210927	-0.000689713400789	-0.0020509804599	-0.00764242187142
-0.347461104223	-37.5344968223	46.9482256346	-0.000475878681755	-0.00196709879674	-0.00753000471741
-0.0710584253685	-37.5732283538	46.8098987365	-0.000242724330747	-0.00203011976555	-0.00761229544878
3.31406140735	-37.1492303756	48.3241772300	0.00261133653112	-0.00130824290682	-0.00652334000915
-5.76110608979	-33.1068531545	62.7612387341	-0.00509216310456	0.00530439941213	0.00476830452681
-5.77041710610	-33.1777659578	62.5079787221	-0.00511160911992	0.00519934529439	0.00458078086376
-5.37662022669	-33.1761050088	62.5139106829	-0.00479238061234	0.005219346378	0.0046015442349
-8.59073060022	-36.2401130016	51.5710249944	-0.00736022507772	0.00012681336375	-0.00393143342808
-8.4782234644	-36.1876919191	51.7582431462	-0.00728491181508	0.000216175714741	-0.00379949528724
-8.08232067594	-36.2479165875	51.5431550448	-0.00698162335902	0.000124635349493	-0.00398451276124
-0.65237266172	-36.3925880783	51.0264711488	-0.000803379982244	0.000103122736618	-0.0049449284561
-0.160043407653	-34.7632094984	56.8456803629	-0.000375920877559	0.00368942017667	-4.17900992034e-06
-1.12834348100	-37.8447064123	45.8403342416	-0.00109972886276	-0.00247470522299	-0.0082178376615
-1.67595559321	-37.8618376231	45.7791513462	-0.00154798664153	-0.00250346306711	-0.00825395993888
-1.53827288055	-37.9279087512	45.5431830314	-0.00142692192458	-0.0026084377896	-0.00840148236603
1.59803821568	-32.3783503233	65.3630345596	0.00113209278788	0.00646060192958	0.00673128478229
1.27066694339	-32.4500091898	65.1071100364	0.000860194093548	0.00636223843321	0.00655800290406
1.10685861454	-32.4241960652	65.1992997673	0.000722540076822	0.00640012510121	0.00662494124845
0.490354156247	-36.9518769548	49.0290108756	0.000233104176004	-0.000959815748502	-0.00622343597934
0.270302402624	-36.9667090118	48.9760392436	4.03409103455e-05	-0.000987053383142	-0.00626106094569
0.3159009795	-36.8542038949	49.3778432326	8.2248574472e-05	-0.000782456656452	-0.00600696494803
-1.57179681099	-34.6058180600	57.4077926430	-0.00183175643906	0.00373752531596	0.000566959264688
-2.93305638167	-34.5755391467	57.5159316191	-0.00308134686202	0.00352958450094	0.000663814193103
-3.18179803148	-34.5247750864	57.6972318344	-0.00328385201283	0.00355715770274	0.00082665059017
-2.82285982996	-34.5213295081	57.7095374710	-0.00297211133875	0.00362469838001	0.000841487431899
-3.06033568950	-34.4675000952	57.9017853744	-0.00316532980651	0.00365728931502	0.00101157044992
-0.486710841607	-37.8321839518	45.8850573149	-0.000572406570427	-0.00245265010744	-0.0081869084388
0.173663802976	-37.7917507398	46.0294616434	-3.07256013912e-05	-0.00238525611348	-0.00808814540505
0.0901126909056	-37.8533151059	45.8095889075	-9.65496656136e-05	-0.00248442031443	-0.00822483934462
1.85479357294	-38.1660322807	44.6927418545	0.00134115724359	-0.00296806870028	-0.00885064341128
2.31130046305	-38.1730659603	44.6676215702	0.00170346547384	-0.00297588366084	-0.00884354673326
2.27919095928	-38.2377077801	44.4367579284	0.00167919497471	-0.00307594449259	-0.0089871538803
1.91204445911	-38.2679288976	44.3288253656	0.00138930976391	-0.00312508968636	-0.00907170586288
2.14698671146	-38.1208353910	44.8541593179	0.00157282780856	-0.00289592333138	-0.00873745512217
-1.64226686244	-38.3198535869	44.1433800469	-0.00146113533992	-0.00322202034295	-0.00927412789315
9.81085882804	-36.3024401765	51.3484279411	0.00787473563105	9.82258206932e-05	-0.0040707141161
-3.15909434677	-33.5152581794	61.3026493592	-0.00301401969045	0.0048702545464	0.00378378829919
-10.1700940732	-35.1602407201	55.4277117140	-0.00859800353646	0.0018563909689	-0.000960074539762
-10.4333025574	-35.1231198037	55.5602864154	-0.00878904853016	0.00190667051356	-0.000857780571096
-10.2736899525	-35.0259722366	55.9072420120	-0.008679385297	0.00207069190219	-0.000595864839852
3.07270211115	-35.0945044953	55.6624839452	0.0028706791345	0.00268715107813	-0.00106333836447
3.25510523209	-35.1404667074	55.4983331880	0.00302486564033	0.00256850966252	-0.00119996780995
2.72351602841	-35.1761534348	55.3708805901	0.00256233522668	0.00259643979371	-0.00136422994547
4.93730946692	-33.8369949038	60.1535896292	0.00415032356977	0.00433939648792	0.00281814183109
4.50341218166	-33.9234115859	59.8449586217	0.00381964421831	0.00425363983959	0.00259087397717
4.70113549145	-33.8113622240	60.2451349143	0.0039511709474	0.0043927654624	0.00289825489745
0.716423159892	-35.8645000038	52.9124999863	0.000518897722941	0.00126964075025	-0.0036352914758
0.495183748558	-35.8157436493	53.0866298241	0.000302618631395	0.00139184505679	-0.00351572828367
1.03365634029	-35.7946120715	53.1620997447	0.000843347690534	0.0014227044303	-0.00342989317141
-8.42150442708	-32.6177594332	64.5080020243	-0.00715026911348	0.00597870908678	0.00593573879451
-8.19167596297	-32.6372329684	64.4384536841	-0.0069701927714	0.00595202576369	0.00589455431327
5.43205230123	-34.7930942701	56.7389490354	0.00475047528744	0.00285513582639	4.04757065553e-06
5.87073328030	-34.7170554462	57.0105162634	0.00507850339636	0.00293364026584	0.000240669207415
5.87424519395	-34.7833359019	56.7738003505	0.00508851045743	0.00282535771839	4.26715268986e-05
-7.66165795569	-35.3813130659	54.6381676218	-0.00677920971066	0.00160733528901	-0.00163855985738
-7.95526687031	-35.4953826717	54.2307761724	-0.00698408903554	0.00139823940117	-0.00194504624233
-3.04755224785	-34.1569239976	59.0109857230	-0.00307104713283	0.00406536087394	0.00197229511105
5.95447948422	-37.9962207871	45.2992114745	0.00447364617139	-0.00268212729134	-0.00821891985834
5.51954703346	-38.0684559619	45.0412287075	0.00414968654513	-0.00279830652289	-0.00839463528246
3.96595511408	-35.1577529918	55.4365964580	0.00361249805428	0.00242039328441	-0.00119856116362
4.07652850382	-35.0341533957	55.8780235867	0.00370321050286	0.00262580206618	-0.000798409630079
3.76828462880	-35.1110476014	55.6034014236	0.00345303490758	0.00253651896492	-0.00106459227391
4.22468466807	-35.0723668719	55.7415468861	0.00382249406539	0.00253609218635	-0.000910534930881
4.99601860799	-34.8526772200	56.5261527859	0.00441885925829	0.00280780252069	-0.00018937792629
3.28038808559	-35.7155232897	53.4445596797	0.00294423708692	0.00140929012559	-0.00296537415124
2.94875589635	-35.7920239805	53.1713429268	0.00263535510749	0.00128076551482	-0.00322159123607
2.96229762438	-35.6694652531	53.6090526676	0.00268041272648	0.00153807911556	-0.00287211989053
2.80179295330	-35.7481444541	53.3280555210	0.00251768343151	0.00138714443892	-0.00311640766449
3.15842372486	-35.6643791570	53.6272172966	0.00285255000927	0.00152776262257	-0.00283329701051
-10.4007593957	-35.1955701856	55.3015350513	-0.0087618175894	0.00179023947567	-0.00105333211832
-10.0732820835	-35.3052316074	54.9098871163	-0.00852124765515	0.00162368791644	-0.00135415408295
-2.44922514069	-36.3943596894	51.0201439664	-0.00243167905137	5.34985738341e-05	-0.00485338456929
-2.56604181436	-36.2937255136	51.3795517371	-0.00255735311657	0.000247290357947	-0.00459521869197
-6.03246376650	-33.4219869039	61.6357610577	-0.00536504806951	0.00482632406056	0.00391840422526
-5.90761211201	-33.3826027236	61.7764188441	-0.00525797950104	0.00489104259759	0.0040295147337
10.5917519319	-33.2945124763	62.0910268704	0.00844617839903	0.00496033253148	0.00413399608806
-5.40399804427	-35.6694662308	53.6090491758	-0.00505917239934	0.00126188027207	-0.002614405239
-5.75245100069	-35.7048242971	53.4827703675	-0.00532067380846	0.00117078458425	-0.00268368446268
0.986230715565	-36.9968972850	48.8682239822	0.000662916223519	-0.00103997963015	-0.00631022639573
0.469654100346	-37.0082401005	48.8277139266	0.000213478459045	-0.00106098304968	-0.00635031843558
0.881857121131	-36.9452131092	49.0528103244	0.000575405429117	-0.000947326421738	-0.00619766768068
8.99332861422	-33.2776573638	62.1512237007	0.00721396878362	0.00499789370224	0.00421400507912
-4.08229908526	-32.6387995007	64.4328589259	-0.00364629644901	0.00604547932744	0.00604229187593
-4.10195811182	-32.7016782642	64.2082919136	-0.00367099139839	0.00595341576263	0.0058809351176
-4.30688011307	-32.7195239488	64.1445573257	-0.00384280481376	0.00592192355543	0.00582884903997
-5.44699943542	-32.8658996666	63.6217869050	-0.00479896552861	0.00567238824442	0.0054108905606
-4.95563339635	-32.8804077435	63.5699723445	-0.00440006703138	0.0056672943756	0.00539170065895
-5.04324788463	-32.9261864030	63.4064771321	-0.0044789290987	0.00559733435512	0.00526958005503
10.1034859623	-34.9232844137	56.2739842367	0.00824771635234	0.0023726138752	-0.000307550944854
10.3137163845	-34.8984664735	56.3626197376	0.00840285420418	0.00240920088254	-0.000238708948018
7.18835891170	-32.2358919796	65.8718143586	0.00563538819551	0.00656987773255	0.00696072075516
7.49746883106	-32.3060260729	65.6213354539	0.0058845570311	0.00646432675421	0.00677709328011
7.37877964387	-32.2707944658	65.7471626220	0.00578782288358	0.00651695998386	0.0068688346073
6.97684772974	-32.3122521313	65.5990995310	0.00547889014706	0.00646027270705	0.00677009858191
7.17706164280	-32.3635286356	65.4159691587	0.00564177008346	0.00638294266537	0.00663580419496
5.46774522363	-32.6280891518	64.4711101723	0.00432490091771	0.00602991785854	0.00599859189242
5.32025312723	-32.5721026172	64.6710620815	0.00419904850423	0.00611393293366	0.00614558672532
8.39412899272	-35.5929847851	53.8821971962	0.00695253023878	0.00130513298791	-0.00220188312232
8.14326610267	-35.4972798709	54.2240004612	0.0067775528878	0.00147518713493	-0.0019454540452
8.24099898997	-35.6310624638	53.7462054863	0.00683441245928	0.00124516652431	-0.00231342343614
6.3309695244	-32.8110623678	63.8176344006	0.00504270382226	0.00574494432658	0.00550474459305
-2.28346837735	-36.5184403295	50.5769988231	-0.00226009800099	-0.000181566530955	-0.00516619812697
-2.04207035685	-36.5746457722	50.3762650993	-0.00203682528809	-0.000283123954432	-0.00531555758789
5.38419929384	-32.7731876360	63.9529013000	0.00427946867421	0.00582324853167	0.00562932807952
5.58979834141	-32.8858577498	63.5505080363	0.00446370756254	0.00565582001582	0.00533286388963
5.17651416686	-32.8076916940	63.8296725214	0.00411756709218	0.00577929615974	0.00554710067809
-11.8978637776	-35.1993788397	55.2879327154	-0.00984230544418	0.00172276014928	-0.00105432781857
-11.4086968554	-35.1245725196	55.5550981442	-0.00949257798493	0.00186500989366	-0.000859459105413
3.47020595236	-32.3265730292	65.5479534672	0.00267630023882	0.00650653941557	0.00681756949052
3.53528347035	-32.3837527457	65.3437401940	0.00273332884535	0.00642300443724	0.00667238840833
3.90671399418	-32.3920120783	65.3142425775	0.00303715723567	0.00640375260264	0.00664141308516
-0.533696430648	-36.9163492083	49.1558956847	-0.000665688945446	-0.000899678561836	-0.00615218607709
-0.846903971617	-35.0734495973	55.7376800098	-0.00112569169141	0.00311392708682	-0.00114554527681
-0.468217997704	-35.1284813958	55.5411378723	-0.000714572612196	0.00303868530318	-0.00135913665872
0.250481285459	-32.8074673999	63.8304735718	1.62037270002e-06	0.00587612017989	0.00567305460572
-0.179334912041	-32.8366012378	63.7264241507	-0.000366926688002	0.00583695946261	0.00560147175565
-0.247588510665	-32.7724777588	63.9554365759	-0.000424098456278	0.00592280738056	0.0057635679841
0.147814485466	-33.1252784896	62.6954339657	-8.52585289977e-05	0.00546222506091	0.00486486125737
0.0627722261567	-33.0495629444	62.9658466271	-0.00015973293921	0.00555859552696	0.0050592944026
0.493951065184	-33.0827975999	62.8471514288	0.000215826847125	0.00551509484649	0.00497109210119
10.6085345168	-34.6463892519	57.2628955289	0.00861490983516	0.00281356670894	0.000456812384073
1.88554971432	-35.0474849088	55.8304110401	0.00179022806697	0.00300728273578	-0.00099151825998
-2.55555182178	-35.3445436569	54.7694869395	-0.0027824928984	0.00225765560754	-0.00193641486112
-2.3315034695	-35.2040421156	55.2712781586	-0.00259822839871	0.0025901843328	-0.00149682792835
-2.26407828740	-31.6597375617	67.9295087081	-0.00204904261045	0.00753797963262	0.00853494089097
-2.19199605554	-31.7757131980	67.5153100070	-0.00199795141816	0.00735905626789	0.0082465717569
-2.05456123507	-31.6399288421	68.0002541352	-0.00187529053073	0.0075690462254	0.00858538039029
-1.90540593411	-31.7182959516	67.7203716016	-0.0017577316612	0.00744805624709	0.00839109066874
-5.85443535357	-32.0404223318	66.5699202436	-0.0050234911032	0.00692199449986	0.00751406373456
-5.61219053117	-31.9532769293	66.8811538240	-0.00481724645942	0.00706091942266	0.0077420710586
-5.90752519413	-31.9868448604	66.7612683556	-0.00506061129272	0.00700550060719	0.0076488670893
9.25487128076	-35.7027076005	53.4903299983	0.00757389469072	0.00110079732258	-0.00247475178912
9.65899249614	-35.7230417501	53.4177080355	0.0078688012436	0.00106073613279	-0.0025196291972
9.59223925937	-36.0561331049	52.2280960538	0.00776468776166	0.00050724344328	-0.00342151615769
9.48476509603	-36.1150114081	52.0178163998	0.00767367240041	0.000410041160649	-0.00358186592348
9.88197602649	-36.1801966216	51.7850120659	0.00795389804989	0.000300165789668	-0.00374525925145
4.87365907004	-36.3928020804	51.0257068556	0.00408010231331	1.18073467092e-05	-0.00459722289816
6.16268184527	-37.8800708047	45.7140328405	0.0046546976082	-0.00249094958417	-0.0079639274627
2.08957011964	-33.6878987511	60.6860758889	0.00169133127201	0.00473706424236	0.00334163545631
2.39158981684	-33.8125610867	60.2408532619	0.00198749336414	0.00457061268389	0.002985940082
2.50325715465	-33.7450653400	60.4819095000	0.00207008235157	0.0046435338445	0.00316945579834
-3.78300835002	-32.1492826084	66.1811335415	-0.00334232975729	0.00677838502452	0.00728994701058
-3.83126854558	-32.2538725235	65.8075981305	-0.00339311803691	0.00662009418011	0.00702529540285
-3.61226915591	-32.2607272732	65.7831168815	-0.00321314716712	0.00661288388073	0.00701277516782
-1.18924158686	-37.0909602233	48.5322849168	-0.00122344458941	-0.00121549342293	-0.00653828913346
-0.777093597643	-37.0146393863	48.8048593345	-0.000872667995282	-0.00107786455192	-0.00637203874066
-1.22526804822	-37.0405332436	48.7123812730	-0.00125942006707	-0.00112692546099	-0.00642367266119
-0.679127646951	-31.9446230254	66.9120606237	-0.00075676193228	0.00710503431037	0.00783069059253
-0.695681843147	-32.0525321312	66.5266709601	-0.000775495485868	0.00694411154836	0.00756286643445
0.883707016232	-31.9710984331	66.8175055962	0.00053764221957	0.00705987634137	0.00775377452374
0.796147983489	-32.0915366462	66.3873691208	0.000463497301098	0.00688234111294	0.007456316147
-11.7361236448	-35.5525990293	54.0264320384	-0.00970794446766	0.00117070437409	-0.0019754699897
-11.2081158464	-35.6135260100	53.8088356787	-0.00932329148054	0.00108972436283	-0.00215055420995
-11.2563936146	-35.5228731231	54.1325959889	-0.00936219189316	0.00123286712915	-0.00191025668755
-1.72389029368	-35.4447480134	54.4116142380	-0.00198508263566	0.00217235065065	-0.00234777969308
7.31529201983	-33.8747361495	60.0187994659	0.00603613164276	0.00413769111037	0.00264210463502
6.82491595150	-33.8397289461	60.1438251925	0.00564851611853	0.00421485723928	0.00275136809796
8.10451492984	-32.5138010505	64.8792819627	0.00638651987538	0.00615473370999	0.00623380485922
8.53408946222	-32.5586760069	64.7190142612	0.0067278011702	0.00608666520566	0.00611022114754
8.21523023482	-32.4564724265	65.0840270481	0.00646394630894	0.00623915577307	0.00637953309342
11.6621253453	-33.9833407865	59.6309257624	0.00935500022024	0.0038692234084	0.00225684675388
11.5073429483	-33.8457775225	60.1222231338	0.00922286696732	0.00408893590793	0.00263278442435
-2.77923426680	-32.2118891269	65.9575388326	-0.00251873699017	0.00669594760984	0.00715075293556
-2.61729981056	-32.3596847870	65.4296971893	-0.00239773280919	0.00648002605885	0.00678234826773
0.383537217358	-38.2085553298	44.5408738223	0.000162837168318	-0.00304264156148	-0.00899762660265
-7.43731572580	-35.2731904417	55.0243198510	-0.00662244297564	0.00180442107376	-0.00134167284705
-7.24495030271	-35.3024102732	54.9199633101	-0.00648017413914	0.00176774722058	-0.00143353384919
-7.71274321060	-34.1315443332	59.1016273813	-0.00678265606984	0.00364481378347	0.00190674350597
-8.07347427249	-34.0410820678	59.4247069006	-0.00704570487142	0.00376530177891	0.00214670412242
-7.56419750487	-34.0527059692	59.3831929671	-0.00666088052094	0.00377757684328	0.0021305331029
-2.68586326674	-37.4841036344	47.1282013058	-0.0024359698873	-0.00189217261504	-0.00738733448088
0.707155117023	-31.8578259417	67.2220502081	0.000393709779019	0.00723058823496	0.008036355488
0.926930640081	-31.8710968550	67.1746540894	0.000574889359996	0.00720909470692	0.00800086092204
3.90612812218	-34.9165849991	56.2979107173	0.00355927925557	0.00285620521754	-0.000430705113104
5.59565775500	-36.0777936764	52.1507368701	0.00474065169692	0.000559805310331	-0.00371191627346
5.88749708848	-36.1375616685	51.9372797552	0.00495397066697	0.000441600976046	-0.00384513963945
5.74215164021	-36.0340105312	52.3071052456	0.00486638303846	0.00063310196856	-0.0035815644078
-2.5891402212	-33.2932797434	62.0954294877	-0.00248520984314	0.00518853124231	0.00439421273768
-2.78793211264	-33.1646446260	62.5548406214	-0.0026357579045	0.0053497669287	0.00472537614405
-2.43045748263	-33.1889076341	62.4681870210	-0.00233336514793	0.0053312224336	0.00467192521319
6.47251942755	-35.7684288949	53.2556110897	0.00548737309873	0.00107586570084	-0.00279555981979
6.52324422582	-33.0542807706	62.9489972477	0.00524067273363	0.00538539979607	0.0048671788536
6.98902459301	-32.9905240200	63.1766999285	0.00559647614136	0.00546691427007	0.00502095883712
6.92477175192	-33.0543088884	62.9488968271	0.00555824954063	0.00537458527833	0.00485582416877
8.34410385718	-37.4136832228	47.3797027757	0.00644811289385	-0.00172812491655	-0.00690663233399
10.8666704428	-35.4024180660	54.5627926213	0.00879187323153	0.0015774081694	-0.00162570865359
6.10262710273	-36.9646121556	48.9835280158	0.00489138904959	-0.000999658834189	-0.00590342329815
6.30863015679	-37.0788332133	48.5755956666	0.00501713482663	-0.0011909569148	-0.00616250606254
-7.69362997055	-32.3437019873	65.4867786169	-0.00653997063637	0.00642288802192	0.00667580310255
-7.86652254717	-32.3854095103	65.3378231775	-0.00668282341212	0.00635460298508	0.00656144181266
-7.54324306468	-32.4254499754	65.1948215165	-0.00642909435555	0.00629622722045	0.0064701908268
-7.71632616416	-32.4689416389	65.0394941468	-0.00657246261835	0.00622509559616	0.00635096197948
3.21353801606	-36.8870659989	49.2604785753	0.002582578687	-0.000851451710332	-0.00593200465664
2.70455095900	-36.9251313819	49.1245307788	0.00214658188634	-0.000916046265047	-0.00605626031756
3.03284884211	-36.8428051650	49.4185529823	0.0024402893614	-0.000771337363403	-0.00584323192015
1.94322723540	-36.7305776953	49.8193653738	0.00152634747792	-0.000558112980798	-0.00565970735624
-6.69705147679	-33.5869756919	61.0465153861	-0.00592084275559	0.00454358803108	0.00344412191771
-6.58907605565	-33.6452015367	60.8385659402	-0.0058458042331	0.00446219975129	0.00329005392268
-7.07909116288	-33.6312836859	60.8882725503	-0.0062273000367	0.00445533683524	0.00330779631622
-5.37413368202	-37.8772875073	45.7239731882	-0.00453356187791	-0.00252668117173	-0.00819631107152
-5.33452218497	-37.7467365651	46.1902265533	-0.00453088106588	-0.0023199331481	-0.00789057277143
-5.59844704838	-37.8214255992	45.9234800027	-0.00472326437011	-0.00243773381226	-0.00805634725839
-9.63079932284	-36.4814056233	50.7092656311	-0.00809305813164	-0.000282007706119	-0.00450578471646
-9.64651124872	-36.3560881477	51.1568280440	-0.00812256336212	-7.90254998719e-05	-0.00417718430981
-9.75671085904	-36.4203405425	50.9273552054	-0.00819486845285	-0.000184157164767	-0.00433980021626
-9.23976382307	-36.3989517841	51.0037436283	-0.00781625602394	-0.000144340636325	-0.00431133108214
-6.87662016828	-34.4801693124	57.8565381701	-0.00619112420827	0.00315604684874	0.00093534582993
-6.38671105153	-34.5039053908	57.7717664615	-0.00582486530766	0.00316186086275	0.000870113028213
6.11427753670	-37.5653163992	46.8381557170	0.00471693882719	-0.00198640627787	-0.00727991620079
6.30840130349	-37.4538450635	47.2362676302	0.00490063149482	-0.00180618162267	-0.00702550401911
2.08747853538	-37.7420195479	46.2070730432	0.00153413868975	-0.00229655974545	-0.00791089050472
2.25737411404	-37.6146058712	46.6621218885	0.00168048171327	-0.0020889530424	-0.0076224883087
2.32777151289	-37.7190674242	46.2890449134	0.00172948546242	-0.00225831591524	-0.00784800574183
7.95365263550	-32.4600199834	65.0713572020	0.00626089517027	0.00623495969921	0.0063749444671
7.63528959006	-32.5140699178	64.8783217223	0.00602083280683	0.00615763291717	0.00624164193869
4.53024357948	-37.3955756881	47.4443725427	0.00353624345735	-0.00171939085703	-0.00699134310707
11.2240237247	-33.6195540560	60.9301640856	0.00897882506251	0.0044484930113	0.00324941403233
3.80542506116	-34.4506613071	57.9619239032	0.00339040043764	0.00359772983938	0.00105025793891
-2.92522449362	-32.9364496223	63.3698227774	-0.00272001349367	0.00565455108881	0.00531227095053
-3.05736998907	-33.0368947481	63.0110901854	-0.00284562003799	0.0055123642087	0.00504949130118
-2.89921696084	-33.0592055328	62.9314088115	-0.00271495594643	0.00548751512542	0.00499620474875
4.80799411058	-33.3639256746	61.8431225906	0.00392693141475	0.00500679342076	0.00410996004939
4.77991636255	-33.4361042442	61.5853419849	0.00392068969086	0.00490771979094	0.00391864078119
4.38277256537	-33.4732466742	61.4526904492	0.00360304745845	0.00487759849057	0.00383456656709
4.30158563094	-33.4046076914	61.6978296735	0.00351983867586	0.00497558806092	0.00402119662613
8.42160819886	-36.0653691743	52.1951100918	0.0068952604197	0.000504693307448	-0.00348799233325
8.56732493039	-36.1191167526	52.0031544550	0.00699256872758	0.000411909102695	-0.00362522737123
8.28263585512	-36.1835357838	51.7730864864	0.00676632625982	0.000306814501528	-0.0038090615999
0.69472018294	-38.3314556527	44.1019440975	0.000421079050284	-0.00323075661436	-0.00925924722105
-8.14735929137	-35.8975968551	52.7942969461	-0.00708152353764	0.00071103614755	-0.00304167484865
-8.57735408941	-35.9150639609	52.7319144252	-0.00739456666633	0.000667741987854	-0.00306400563568
-8.09920892573	-35.9567447404	52.5830544986	-0.00703826081008	0.000613071897533	-0.00320476735942
11.8264867894	-34.1200584682	59.1426483277	0.0094918673858	0.00365013815463	0.00188224785961
11.9954046414	-34.2498595356	58.6790730873	0.00962915550917	0.00344156101346	0.00152588181663
11.7942045442	-34.2437545787	58.7008765046	0.00947735551745	0.003451714525	0.00154576590285
8.99447641257	-33.5142846872	61.3061261170	0.00725856982172	0.00463471421972	0.00358105171472
9.34292258581	-33.5381972047	61.2207242691	0.00753006851301	0.00459167826921	0.0035086623393
9.44846289330	-33.4930345637	61.3820194155	0.00760304508731	0.00466000474989	0.0036276364699
1.15766026753	-32.5976452521	64.5798383855	0.000768841709942	0.00615679798648	0.00619034143165
1.31009402420	-32.5569531047	64.7251674833	0.000896007870324	0.00621188757941	0.00628986395895
-2.22910984094	-38.0299495477	45.1787516155	-0.00197679107077	-0.00277094123885	-0.00862428080291
-2.60837158157	-38.0174226600	45.2234905000	-0.00228671706282	-0.00275149964727	-0.00859174970537
-3.78307676799	-35.5484313788	54.0413165044	-0.00379422260448	0.00165676616598	-0.00242745643482
-3.59222872694	-35.4227603234	54.4901417020	-0.00366108468734	0.00193155941088	-0.00206782855093
-2.73528910693	-35.5003135584	54.2131658629	-0.00291133811697	0.00189824867994	-0.00240455497988
2.15905938382	-32.3621604605	65.4208554984	0.00159809889738	0.00647685723379	0.00676055671647
2.98603076652	-32.8084826720	63.8268476001	0.00231939717196	0.00583626655862	0.00561563484371
2.63292623068	-32.7379460819	64.0787639932	0.00201706774533	0.00594127364457	0.0058047673665
2.80400099564	-32.8540426737	63.6641333083	0.0021724908147	0.0057781166397	0.00550515484065
-0.0909059144601	-32.2144665910	65.9483336035	-0.00027769911685	0.00670615630224	0.00715872552246
-0.44901436137	-32.3419529827	65.4930250619	-0.000581651343964	0.0065220897086	0.00684265745804
-4.95970381444	-31.8452825205	67.2668481409	-0.00427484046668	0.00723559549078	0.00803116336465
-5.32446263911	-31.8934643753	67.0947700882	-0.00457691494375	0.00715722003952	0.00790091138333
3.71046201794	-35.1719336228	55.3859513473	0.00340322847478	0.0024336213246	-0.00126387923956
4.05045474653	-35.2656443986	55.0512700052	0.00367335253395	0.00220803311095	-0.00153037440032
4.40561274827	-36.3875807977	51.0443542940	0.00370070431381	3.37519377354e-05	-0.00462814699858
4.95163729712	-37.8099909972	45.9643178671	0.0037654065527	-0.00238424213603	-0.0078718457371
5.03679154643	-37.8778995437	45.7217873439	0.00381616875529	-0.00249102711678	-0.00801334157586
-10.4886368605	-35.6212328231	53.7813113460	-0.00880356039852	0.00109673186671	-0.00219288072549
-10.7211400344	-35.6669756282	53.6179441849	-0.00896886922419	0.00101682089735	-0.00230716564693
0.352621034515	-32.1530016186	66.1678513621	9.37272343435e-05	0.00679454486817	0.00730834994465
-0.851825923932	-32.3973158275	65.2953006159	-0.00092221936211	0.00644167652354	0.00670445850119
-0.766407421868	-32.4633372468	65.0595098330	-0.000853464065585	0.00634821550921	0.00653963023797
7.47186676431	-35.8712777340	52.8882938072	0.006223378703	0.000857626262587	-0.00301268394105
0.568974146111	-34.8875376313	56.4016513169	0.000422351731686	0.00348528311588	-0.000464121578261
0.163999366725	-34.8365676220	56.5836870644	-2.14315441553e-05	0.00358513975516	-0.00027751098969
0.290161606843	-34.8989252549	56.3609812324	0.000118365045637	0.0034831459634	-0.000510301964823
-4.40720159027	-32.9170977808	63.4389364973	-0.00395472627133	0.00563278794289	0.00531629612669
-4.55774308418	-32.8763295449	63.5845373398	-0.00407259911299	0.00568652665243	0.00541656278074
-4.32418126760	-32.8215138494	63.7803076807	-0.00387170631438	0.0057733678259	0.00556608149782
-4.18509189826	-32.8541747700	63.6636615356	-0.00376150500961	0.00573065364733	0.00548648322001
-9.27157362939	-34.9282693423	56.2561809202	-0.00796167273074	0.00227329996414	-0.000331516494043
-8.98981985823	-34.8067371120	56.6902246001	-0.00776025140658	0.00248575722799	4.48021455668e-06
-9.33852436639	-34.7768585275	56.7969338302	-0.00801348686218	0.00251694605686	8.63994428073e-05
-3.14382589537	-31.6847984224	67.8400056343	-0.00277394428849	0.00749654648826	0.00846475176513
-2.96547592892	-31.7344927121	67.6625260282	-0.00263154879212	0.00741996336728	0.00834254547954
-2.67542569742	-31.6383366345	68.0059405911	-0.00238562421873	0.00757038220763	0.00858532916754
-6.09606063190	-35.9574052598	52.5806955007	-0.00553666194901	0.00069671147503	-0.00335666839965
-6.77350426682	-34.8184555551	56.6483730175	-0.00613939668983	0.00261750537902	-4.72899955639e-05
-7.12460641717	-34.7121524894	57.0280268235	-0.00639409851283	0.00276190205477	0.000265354756266
-9.24762088588	-35.1098451040	55.6076960572	-0.00793818756938	0.00197697570547	-0.000833232596051
-9.19200695611	-35.2600923736	55.0710986657	-0.00789152178913	0.0017322327476	-0.00124869367573
7.02327298742	-35.0358676398	55.8719012863	0.00596843473613	0.00231186440215	-0.000671832764056
6.94554734629	-34.8818430428	56.4219891330	0.00590540189296	0.00257380399853	-0.000225827883696
6.07514175853	-34.8857010069	56.4082106896	0.00524978432804	0.00263739610091	-0.000258153420873
6.11561202582	-35.0310551341	55.8890888067	0.00528636062518	0.00238953554071	-0.000689071137458
-6.70429217108	-35.6083215816	53.8274229230	-0.00605277810246	0.00127655209508	-0.00233550788835
-7.15260088407	-35.6183363897	53.7916557510	-0.00638391403481	0.00123205257114	-0.00233381730504
-6.67315387893	-35.8829350873	52.8466604027	-0.00598848704249	0.000798380177002	-0.00310389860533
-7.10342647982	-35.8131420806	53.0959211409	-0.00632159924135	0.000898349157069	-0.00287917396054
-7.44349824267	-35.1366265573	55.5120480096	-0.00663277786225	0.00203432212584	-0.000951228372287
-7.66092100157	-35.1090290191	55.6106106460	-0.00679199723527	0.00206578662619	-0.00086555746384
-7.22595390656	-35.0318516207	55.8862442118	-0.00647588633001	0.00222585326992	-0.000656778691337
-8.67450263396	-33.5452606759	61.1954975860	-0.00745167257264	0.00451466813684	0.00347245810553
-9.19149803294	-33.5200656358	61.2854798723	-0.00784667953849	0.00453571183607	0.00351708731614
-8.05057902890	-34.7885537649	56.7551651254	-0.00707704154775	0.00256988592446	5.26483891008e-05
-8.50060296270	-34.8017929945	56.7078821624	-0.00740504637361	0.0025206503924	1.74235301529e-05
-5.93917440144	-32.1536909460	66.1653894785	-0.00510504608974	0.00674418034032	0.00722312415019
1.59909090179	-36.2920395390	51.3855730748	0.00129297084641	0.000301350344671	-0.00465000933036
1.69097414461	-36.2258761068	51.6218710472	0.00138952024281	0.000435799505794	-0.00448241597041
1.51115061229	-36.1818769678	51.7790108291	0.00123188947327	0.000533474085387	-0.00438794260845
2.98304192716	-37.5732254709	46.8099090326	0.00227116770111	-0.00201805797406	-0.00748907169327
-4.41653765901	-34.5454268642	57.6234754850	-0.00430640764534	0.00332963722758	0.00075380486669
-4.50208415984	-34.6118334950	57.3863089464	-0.00438626436517	0.00321485730819	0.000548011390492
-8.01683428363	-35.7828321440	53.2041709144	-0.00699992571026	0.00090952788014	-0.00273666111752
-7.92646227135	-35.9110878903	52.7461146774	-0.00691717863083	0.000696108036209	-0.00309192133136
-7.80943799563	-35.8090252310	53.1106241751	-0.00684444280341	0.000873627199326	-0.00282087991945
3.47336206827	-32.7828796843	63.9182868419	0.00272129336372	0.00585979409516	0.00566569762304
3.52785039763	-32.7066953634	64.1903737021	0.00275714159943	0.0059648710303	0.00585761992261
3.87661834006	-32.7248805379	64.1254266502	0.00304653286003	0.0059308973141	0.00580048561096
3.87387979113	-32.7758102738	63.9435347364	0.00305091985501	0.00585943553597	0.00567087018862
4.25966846775	-38.0462013164	45.1207095842	0.00321556720883	-0.00276473001577	-0.00843948218971
3.90794563924	-38.1254899028	44.8375360614	0.00294650229625	-0.00289110490121	-0.008639334701
4.25974272696	-38.1032110249	44.9171034825	0.00321417208761	-0.00285410927609	-0.00856447033584
-10.2582669545	-36.4285660092	50.8979785387	-0.00856334622949	-0.000200898924959	-0.00433684419841
2.80153946346	-33.5539742644	61.1643776273	0.00228677387349	0.00486043142155	0.00367954024114
3.10355916066	-33.6786365999	60.7191550003	0.00257628783584	0.00468511041254	0.00332893570885
2.85999732872	-33.6752117938	60.7313864506	0.00236510974355	0.00470549846068	0.00334793911316
-4.58821360033	-34.3166325473	58.4405980453	-0.00439621461555	0.00364771205932	0.00144813477527
-4.77030518875	-34.2837931096	58.5578817513	-0.00453476235271	0.00367365009151	0.00154200394172
-4.97797108039	-34.3535334355	58.3088091590	-0.00471437675878	0.00354542769492	0.00133018090855
-0.142320507481	-33.3682366905	61.8277261053	-0.000340959202731	0.00516276247799	0.00423599453643
-0.130624076043	-33.2362615955	62.2990657303	-0.000329604750732	0.00532311107963	0.00457966793329
8.05499458002	-36.2800149926	51.4285178835	0.00657360069454	0.000146364560351	-0.00407448690385
1.74420119019	-38.0291490824	45.1816104199	0.0012511460809	-0.00275517278351	-0.00855583231896
1.35630630874	-38.0883792477	44.9700741153	0.000940758851357	-0.00285022892058	-0.00870187580585
1.69111387472	-38.2179553887	44.5073021831	0.00121211365331	-0.00304952892475	-0.0089719677344
1.92605612708	-38.0708618821	45.0326361354	0.00139673112426	-0.00281942612492	-0.00863874331117
1.77701513332	-33.5511433786	61.1744879335	0.00138840987347	0.00491396384314	0.00372201856226
11.7443904605	-35.9085557507	52.7551580334	0.00937864277512	0.000747205456719	-0.00299669173546
2.48747347282	-33.4230014975	61.6321375090	0.00198866589926	0.00504047749564	0.00404089689255
1.46446014700	-33.4143880061	61.6628999782	0.00109196361154	0.00508866971359	0.00409401813522
1.12460524034	-33.2787033330	62.1474880964	0.000778370769694	0.00526224821806	0.00445658806711
9.07027777721	-37.2078163375	48.1149416517	0.00706405192614	-0.00138761405833	-0.0064008180052
2.21396007045	-33.3041873280	62.0564738284	0.00173185754102	0.0052011301741	0.00436274660751
-4.80219263369	-35.4816816177	54.2797085083	-0.00462348992005	0.00166552490555	-0.00212372955866
-10.6751294517	-33.3251093407	61.9817523547	-0.00897173210979	0.00480747688562	0.00396865792572
-6.17433025824	-35.6927641744	53.5258422344	-0.00564337009564	0.00116274633911	-0.00261400011368
8.81163926941	-33.8508742068	60.1040206901	0.00717825395986	0.00411854730919	0.00267333327793
8.60783656122	-33.7443619316	60.4844216727	0.00700397184119	0.00428915768862	0.00296817510389
6.10124304090	-33.9695547168	59.6801617258	0.00511228246614	0.00406459765509	0.00240987446159
2.00316440087	-37.3200112365	47.7142455840	0.00149934052024	-0.00160008436069	-0.0069859130308
5.60255069346	-35.7993874897	53.1450446796	0.00481175351888	0.00106593139935	-0.0029524685815
5.44363975567	-35.8798545211	52.8576624246	0.00466959225014	0.000927686283831	-0.00318966247141
5.65700616538	-35.9334901052	52.6661067673	0.0048240670003	0.000818932428956	-0.00331704970449
-4.22928259625	-34.7820553167	56.7783738689	-0.00419415766373	0.00298615708016	9.93912271952e-06
-4.43550820310	-34.7358057840	56.9435507714	-0.00435205223039	0.00302868406288	0.000160228693858
1.95231597331	-34.1376684630	59.0797554892	0.00167228234932	0.0042365132831	0.0020630734507
2.25460527509	-34.2060124808	58.8356697114	0.00196862057783	0.00412630708888	0.00184633757453
2.08125290842	-34.0864713705	59.2626022483	0.00177742994856	0.00428084982559	0.00221102614887
10.0756256624	-35.0380139175	55.8642360090	0.00822667498142	0.00218560686335	-0.000625800457783
10.3692280075	-34.9627315701	56.1331015354	0.00844395719469	0.00230345758609	-0.000416572293034
-1.38384705145	-34.1559610671	59.0144247604	-0.00155704084318	0.00425736699253	0.00202899402939
-1.51411252165	-34.2088541979	58.8255207217	-0.00169166806154	0.00418958812952	0.00186440069228
-9.22148661628	-35.6944970575	53.5196533662	-0.0078848330304	0.00101368501782	-0.00243564369157
-0.990164760975	-32.4549568958	65.0894396578	-0.00104149268009	0.00635891081765	0.00655998522416
-0.728969099862	-35.3780556682	54.6498011851	-0.0009814259829	0.00245006335899	-0.0022136492189
-0.26275093557	-33.6809285080	60.7109696141	-0.000454209250165	0.00480374973267	0.00340235070325
-0.911136195346	-33.6834737532	60.7018794529	-0.00105007877573	0.00478606764227	0.00338977738284
0.0959175371367	-37.0617820366	48.6364927263	-0.000111902867502	-0.00115726958029	-0.00647660391405
-0.304432795702	-37.0449652711	48.6965526034	-0.000460012932308	-0.0011291311821	-0.00644199969247
-1.96679244747	-34.5277979418	57.6864359222	-0.00219528214075	0.00376765523106	0.000829999393318
-2.42838329286	-34.5207436328	57.7116298828	-0.00262024113908	0.00369564793073	0.000848036899697
-2.30665691846	-34.4675653808	57.9015522114	-0.00249599548988	0.00378493149765	0.00102397578303
-3.0858458846	-34.7629716905	56.8465296769	-0.00325017306022	0.00322146713734	4.52076419606e-05
-2.82580668308	-34.6912947447	57.1025187690	-0.00301257986575	0.00338229024783	0.000280371692497
-2.70125954059	-34.8367462972	56.5830489385	-0.00292649213225	0.00318215508014	-0.000214865183807
-2.50146185577	-34.7434734011	56.9161664245	-0.00273413443938	0.00336952041835	9.90153712337e-05
9.04882661855	-33.9510860570	59.7461212249	0.00737492600456	0.00395580008626	0.00239425501786
9.26080189586	-33.9203789534	59.8557894521	0.00753090111539	0.00399843556806	0.00247407099232
-1.94787927065	-35.5963990942	53.8700032352	-0.0021671068389	0.00179341260809	-0.00278739444911
-1.62181788054	-35.5594084665	54.0021126195	-0.00186217797454	0.00191896781325	-0.00271193846129
2.62840678615	-38.0585944689	45.0764483252	0.00195394339971	-0.0027957232669	-0.00857526995242
2.51476726500	-38.1947679508	44.5901144616	0.00186427519657	-0.00300799869001	-0.00888027995825
2.38256301718	-38.0778955617	45.0075158511	0.00175953865983	-0.00282748835161	-0.00863111950457
-1.60604608094	-37.0052589430	48.8383609178	-0.00159251783043	-0.00106753094587	-0.00633402820677
-1.96089311187	-36.9657016943	48.9796368061	-0.00190391147044	-0.00100069609471	-0.0062312730588
0.488403729054	-37.5420311118	46.9213174577	0.000223913113587	-0.00197651935741	-0.00753305200487
0.916115214645	-37.4828385605	47.1327194267	0.000581592030358	-0.00187669636216	-0.00739091960713
1.03597738682	-37.5264962545	46.9767990912	0.000680468452629	-0.00194879504852	-0.00748296361417
-4.15332899538	-35.6066750609	53.8333033540	-0.00408427137882	0.0014991419157	-0.00255870632827
-3.92776930287	-35.6739114615	53.5931733517	-0.00388522702269	0.00139177183155	-0.00277995574288
-3.73680179275	-35.6575624526	53.6515626693	-0.00373131688684	0.00144484930206	-0.00275444681756
8.24011623024	-37.5316661411	46.9583352103	0.00632550381124	-0.00192006351426	-0.00718963611871
7.77770759192	-37.5626632698	46.8476311792	0.00596915185452	-0.00197462318465	-0.00725982477888
2.26598594184	-35.1479125957	55.4717407296	0.00214893021621	0.00273902877234	-0.0013104355894
2.03184634988	-35.1581384365	55.4352198698	0.00192795367911	0.00276313116774	-0.00136580481194
-8.41291970378	-37.4826198651	47.1335004818	-0.00698650674894	-0.00188947771676	-0.00711650680751
-8.10699331857	-37.5836483178	46.7726845793	-0.00673002470285	-0.002051043557	-0.00737959798425
6.14090135397	-37.7225231473	46.2767030453	0.00468705268577	-0.00223727617413	-0.007623183541
-2.91460646395	-31.9118248866	67.0291968335	-0.00260438979603	0.00714719621465	0.00789998378605
-2.85421270331	-31.8457743884	67.2650914702	-0.00254911393858	0.00724873645231	0.00806578341872
-2.49208023995	-31.8655939470	67.1943073320	-0.00225215824321	0.00722016813233	0.00802009832114
-1.94822416822	-37.1775483728	48.2230415258	-0.00186329917051	-0.00137135910336	-0.00671537406743
-1.54441727183	-37.1772216909	48.2242082468	-0.00151919224299	-0.00136809307151	-0.00672560092062
-1.52204118936	-37.2322253862	48.0277664780	-0.00149383267853	-0.00146268354729	-0.00685008103028
1.88464040982	-35.9833427221	52.4880617066	0.00162076449487	0.000945970066823	-0.00385565427132
2.24905786380	-35.9218125039	52.7078124861	0.00197226298042	0.00105796428397	-0.00365664227866
2.07512655211	-36.0325993791	52.3121450745	0.00178484432399	0.000829376396723	-0.0039643519558
2.43369100307	-35.9806989392	52.4975037887	0.00212436565198	0.000919854093809	-0.00379215716384
-7.12118782942	-32.6346260888	64.4477639685	-0.00611676182598	0.00597764179111	0.00594510184601
-8.89675074694	-35.8087533934	53.1115950235	-0.00763910450041	0.000834766309708	-0.00275991950184
7.23120165446	-37.5166347882	47.0120186135	0.00557815423235	-0.00190366210882	-0.00715175224468
6.74248085680	-37.4529064438	47.2396198435	0.00523150898516	-0.00180286995601	-0.00701192300767
-2.34769106259	-35.0877251823	55.6866957776	-0.00262060132809	0.00281609245576	-0.00109936122317
-2.55172538111	-34.9782592559	56.0776455145	-0.00280505232513	0.0029742368497	-0.000708052364644
-2.70456965664	-35.0278286096	55.9006121085	-0.00294230133295	0.00285316933878	-0.000867982336786
0.818718923947	-33.1529174655	62.5967233376	0.000501791830175	0.00542356818914	0.00478709675372
7.97483408571	-34.3849648980	58.1965539356	0.00662789260969	0.0033142992761	0.00120481976774
7.78631462062	-34.8353197347	56.5881438045	0.00653046835214	0.00259848032147	-7.72826824686e-05
7.60098171569	-34.6799188543	57.1431469490	0.00638112379238	0.00286210654303	0.000366274412954
7.92696225374	-34.7279170116	56.9717249585	0.0066284108907	0.00276642804965	0.000231056284974
-8.13778621992	-33.5784124130	61.0770985250	-0.00704161496833	0.0044848555699	0.00340649299324
-8.28769719009	-33.5176132010	61.2942385680	-0.00715013686568	0.00457322271541	0.00356370513327
-10.4826004499	-35.9223658667	52.7058361903	-0.00877990759909	0.000610836897977	-0.00299342907965
-11.0365371497	-35.8648594764	52.9112161557	-0.00918582081795	0.00069306010846	-0.00281959050335
7.83168619781	-34.4889278374	57.8252577236	0.00653364276513	0.00315629551187	0.000911432667635
-3.08388508518	-31.8691786601	67.1815047855	-0.00274021248333	0.00721150357276	0.00800446327776
-3.37359613006	-31.9540734539	66.8783090931	-0.00298623880371	0.00707937637344	0.00778772961348
-7.38962950849	-37.7396793936	46.2154307370	-0.00614206725731	-0.00230122497305	-0.00779076805338
-6.99607408156	-37.8301793169	45.8922167252	-0.00581627013162	-0.00244580069557	-0.0080251712352
5.03561334785	-33.3865743175	61.7622345805	0.0041177617386	0.0049642296508	0.00404115905985
-7.26471794640	-34.5150951713	57.7318029597	-0.006484456826	0.00306899123825	0.000831983983517
-0.353194535478	-34.0998765731	59.2147265248	-0.000553357589524	0.00437486171722	0.00221486552618
-0.722957186707	-34.0480131071	59.3999531889	-0.000907972280402	0.00441136350855	0.0023642135784
0.931569936193	-34.2033626518	58.8451333865	0.000715306552593	0.00425501586869	0.00189247517847
1.29322870429	-34.2477166170	58.6867263678	0.00107550329994	0.00418323371559	0.00174727174453
3.27611439553	-36.8207867522	49.4971901706	0.0026496865321	-0.000733945111278	-0.00577353360131
3.66633524955	-36.8990211518	49.2177816007	0.00295658758841	-0.000875530997291	-0.00592505419627
8.99482251252	-34.6644882086	57.1982563979	0.0074180746451	0.00282346177846	0.000413570349338
8.89464116508	-34.4795133622	57.8588808493	0.00732818711549	0.00312485103495	0.000932250113692
9.13056517774	-34.5555638002	57.5872721421	0.00751092517748	0.00299467588775	0.000718198891263
3.41028813078	-36.6322604682	50.1704983280	0.00280699459836	-0.000394471047912	-0.00531841721386
-0.501116826983	-35.2430493915	55.1319664589	-0.000746262434404	0.00278526428156	-0.00176623405423
3.61217419699	-36.0737892385	52.1650384338	0.0031277644448	0.000661151832901	-0.00390522065572
3.99392795689	-36.0339310901	52.3073889640	0.0034596065525	0.000718231254723	-0.003757430939
3.99217425898	-36.1055648934	52.0515539520	0.0034380457364	0.000579890562221	-0.00394692504779
3.66824395964	-36.0200077312	52.3571152455	0.00319043849595	0.000764009600971	-0.00375682394952
-6.06873840857	-34.5820952315	57.4925170302	-0.00559336785227	0.00306869857013	0.000641521124635
9.34185720573	-36.0549936377	52.2321655795	0.00757987471297	0.000511081132572	-0.00342569174245
9.29155138906	-35.9524100920	52.5985353856	0.00756177213043	0.000682849553414	-0.00315167196095
-3.61655661951	-31.7226807423	67.7047116345	-0.00316494889557	0.00743548385799	0.00836393795907
-3.85225783131	-31.8063625071	67.4058481888	-0.00336575531401	0.00730387540534	0.0081504965201
5.34355429303	-33.7760605153	60.3712124452	0.00446257926524	0.00439690379426	0.00297313393094
5.57908594836	-33.8030586267	60.2747906189	0.00465812021866	0.00434261234477	0.00289034075104
-11.4083989834	-34.7329194556	56.9538590873	-0.00951956491917	0.00249937665649	0.000174614586285
-10.9385000051	-34.7348458370	56.9469791535	-0.00917680934072	0.00251575000584	0.000180576360435
-10.9358109187	-34.6737885624	57.1650408485	-0.00917820353061	0.00261503993534	0.000343945488567
-11.2558640771	-34.6463109365	57.2631752267	-0.00941356830299	0.00264678127132	0.000408847379731
9.18608322580	-34.2378120404	58.7220998559	0.00751921534538	0.00350044760853	0.00160192826297
9.05228947938	-34.3475210380	58.3302820072	0.00743200257421	0.00333029590547	0.00129911291879
9.34817775713	-34.3759445234	58.2287695591	0.00765653559938	0.00327591155656	0.00121688109357
0.901136694501	-34.0753843774	59.3021986522	0.000666078063659	0.00438241753727	0.0022783188615
-0.322761293786	-34.2278548475	58.7576612591	-0.000529327371623	0.00425525940955	0.00182622380089
2.96640680329	-38.3381644066	44.0779842623	0.0022214720957	-0.00322485598736	-0.00916971173137
2.60075484141	-38.3067594395	44.1901448590	0.00193416664843	-0.00317959138192	-0.00912176817656
-5.99162986153	-35.0199229952	55.9288464456	-0.00556286564097	0.00235590408556	-0.000663250044454
-5.8282456383	-34.9541042810	56.1639132821	-0.00543934479356	0.00248469295911	-0.000472271145554
-5.82937737341	-35.0588568082	55.7897971136	-0.00544120278209	0.00230660964735	-0.00078632106306
9.01245439312	-36.1138525920	52.0219550286	0.00732424901798	0.000415755901486	-0.00359389348887
9.12489307683	-36.1609935932	51.8535943099	0.0073977522552	0.000335942779202	-0.00371551630087
7.22989093443	-37.8033740925	45.9879496696	0.00546660041437	-0.00237186788581	-0.00780837610364
-11.6260654888	-34.2961929247	58.5135966977	-0.00970268342644	0.00320583791472	0.00132859311998
-11.1170054394	-34.3241023835	58.4139200590	-0.00932519230992	0.00317729823291	0.00127433007583
7.87946679019	-35.0070677792	55.9747579313	0.00660515716299	0.00231022993103	-0.000566896400414
7.17370869013	-36.6633993490	50.0592880394	0.0058053759858	-0.000495211745147	-0.00510581582785
6.68174684763	-36.6619866863	50.0643332631	0.00542845623568	-0.000489479803946	-0.00513097131625
7.14202994955	-36.8644250701	49.3413390355	0.00572245614603	-0.000833248370327	-0.00560582662001
7.11583725531	-36.9271182789	49.1174347181	0.00568357016891	-0.000937913311645	-0.00576021475717
6.72984181030	-36.8636890806	49.3439675694	0.00540674943477	-0.000831256911624	-0.0056249643676
-7.60372305064	-32.9177651700	63.4365529643	-0.00653778109699	0.00552733568475	0.00518658338115
-7.53619509324	-32.9740220288	63.2356356113	-0.00649161683396	0.00544227845967	0.005041860044
7.58181438067	-34.0686770797	59.3261532869	0.00627883104607	0.00382813625038	0.00209823925979
4.60341639331	-35.0704975340	55.7482230928	0.00412284489721	0.00248660519719	-0.000881669227965
-3.67078469437	-34.7675471726	56.8301886694	-0.00374075956643	0.0031043139752	4.33700515714e-05
-3.51020683398	-34.7141270249	57.0209749112	-0.00359986396506	0.00321761448868	0.000214004627196
8.82845353418	-35.5699279082	53.9645431851	0.00727599579841	0.00133223645389	-0.00212283059955
8.82316111802	-35.6428562035	53.7040849874	0.00726334983483	0.00120984460227	-0.00232408102602
8.44818168963	-35.6519493523	53.6716094562	0.00698508135974	0.00120389671065	-0.00236276886426
9.06447945727	-34.8303279222	56.6059717064	0.00747813703492	0.0025515735615	-5.16577347298e-05
-3.23287762189	-32.8535933284	63.6657381129	-0.00296780234203	0.0057606426999	0.00551680661738
-3.69381682987	-32.7923003668	63.8846415471	-0.0033446890302	0.00583413708955	0.0056609371677
-3.75964946179	-32.8428069721	63.7042608141	-0.00340658472851	0.00576020916924	0.00552927656099
-9.17603846044	-35.3811428814	54.6387754237	-0.00787361618131	0.00153316906653	-0.00158214347903
-9.00524346026	-35.4727813937	54.3114950224	-0.00774516677484	0.00138844212051	-0.00183927942999
-9.92349677306	-33.0086044251	63.1121270532	-0.00836827047169	0.00533023895696	0.00484336772934
-10.2601747228	-33.1087905996	62.7543192872	-0.00863749813288	0.00516343768686	0.00456270389259
-9.51017980172	-32.9788798945	63.2182860910	-0.00804360210896	0.00538559490815	0.00494072213769
-9.45131700164	-32.9181782742	63.4350775921	-0.0079919686541	0.00548342475668	0.00510344421491
-9.66382962731	-32.8923862051	63.5271921245	-0.0081557193771	0.00552073540166	0.00516185117885
1.84639854588	-34.6649333038	57.1966667721	0.00170786457602	0.00363040622324	0.000360673264368
1.72982778448	-34.5445013928	57.6267807401	0.0015682654921	0.00380418566056	0.000774169748183
9.08774179418	-34.0888290172	59.2541820814	0.00742510333657	0.0037386326585	0.00201502093114
-9.20918007252	-32.8200674722	63.7854733137	-0.0077927983366	0.0056440634653	0.00537236966193
-9.42169269820	-32.7942754031	63.8775878461	-0.00795704685152	0.00568149751052	0.00543076638132
2.71552114790	-33.9324957348	59.8125152329	0.00230471929535	0.00440146727487	0.00263446825556
2.64899935869	-33.8013499893	60.2808928954	0.00221192650497	0.00456533208489	0.00300739426166
-4.70560060762	-35.1074091326	55.6163959550	-0.00458345422521	0.00235972483642	-0.00099309743382
-5.00082227938	-35.0119003510	55.9574987463	-0.00481200125068	0.00248624524102	-0.000681667996105
-7.77409324783	-37.6651239032	46.4817003458	-0.0064558214508	-0.00218156748451	-0.00759352743626
1.92965803145	-37.8753244921	45.7309839567	0.00140160194132	-0.00251095788553	-0.00821058358997
2.03639432871	-37.9839521927	45.3430278833	0.00148511375301	-0.00268237618729	-0.00844314973801
7.59762795053	-33.7837817036	60.3436367730	0.00623552873731	0.00426342571154	0.00288493838161
7.67202569884	-33.9422078673	59.7778290455	0.00632405513898	0.00401842175052	0.00244741607457
6.23322967209	-33.1432931246	62.6310959835	0.00502815516666	0.00526443263516	0.0046426942572
-3.46706850709	-33.8777016565	60.0082083696	-0.00335878133774	0.00437698420137	0.00276936287992
-4.19194497619	-33.9747981109	59.6614353183	-0.00399112328887	0.00417587766424	0.00246373564005
-3.93677079814	-34.1029534655	59.2037376230	-0.00381184625439	0.00402844138443	0.00210111192428
-5.92993391331	-37.5396882200	46.9296849285	-0.00504834344611	-0.00198781024665	-0.00737232435495
-6.01104007282	-37.4284778784	47.3268647200	-0.00513768196106	-0.00180844694842	-0.00710143055767
10.1575587613	-36.9388668879	49.0754754002	0.00796205736697	-0.000941330275964	-0.00571753503755
9.91009834427	-37.0432991822	48.7025029208	0.00774502987042	-0.00111286796164	-0.00598442694172
6.87780401461	-34.7531612819	56.8815668502	0.00584545871243	0.00278998306021	0.000147961793118
10.6258528490	-34.3357172009	58.3724385684	0.00860817264766	0.00331349298358	0.00131205667276
3.08765973132	-34.0521915981	59.3850300069	0.0026641045697	0.00421861000359	0.00227413699031
-2.67875606935	-33.5984337349	61.0055938040	-0.00261639966629	0.00479447515681	0.00357546308078
-1.41856651199	-31.7340978658	67.6639361935	-0.00135724188294	0.00742429401726	0.0083533031866
-1.59415276063	-31.7530423782	67.5962772209	-0.00150327652227	0.00739508541301	0.00830584391952
-9.86279497167	-36.1842624475	51.7704912588	-0.00830312166363	0.00019718807016	-0.00371420802549
-9.91673656345	-36.2487775236	51.5400802727	-0.00833499990404	9.19504964259e-05	-0.00388158648275
-10.0953562503	-36.1461419165	51.9066360127	-0.00847743172199	0.000255767285125	-0.00360245001502
-8.51573819649	-37.3467034298	47.6189163223	-0.00709419650957	-0.00167298724409	-0.00677298754454
2.92519460487	-37.9768898964	45.3682503701	0.00218971865252	-0.00266566919163	-0.00837874785066
2.46409303456	-38.0063638996	45.2629860729	0.00182505266275	-0.00271499669179	-0.00846999883652
2.24506964857	-37.7854574676	46.0519376158	0.0016588215949	-0.00236564339139	-0.00799794215709
8.89387633219	-35.2921264992	54.9566910743	0.00734776584432	0.00179525639396	-0.00134891923517
8.97617789852	-35.4493903282	54.3950345422	0.00739699415863	0.0015304479748	-0.00178473070264
8.05447431537	-35.3396601192	54.7869281456	0.00672526052222	0.00174513272941	-0.00150642986409
8.87730955916	-34.9506181088	56.1763638970	0.00734274275601	0.00236104661599	-0.000391138746636
10.0238048618	-35.2758958051	55.0146578390	0.0081802001223	0.00179575686343	-0.00128474843223
9.78529353487	-35.3641711503	54.6993887488	0.00799913704395	0.00165425986052	-0.00153177650645
1.55702404157	-36.9857168839	48.9081539860	0.00115737610031	-0.00102023920044	-0.00626146653667
2.13506098068	-36.9561127968	49.0138828684	0.00165720225777	-0.000968808017205	-0.006163476035
7.96425112158	-35.1740566675	55.3783690446	0.00666651222855	0.00202759099193	-0.00104053434916
9.15274386405	-35.1658435328	55.4077016685	0.00754397362471	0.00199730531313	-0.000990954926237
9.70337461213	-35.1043544527	55.6273055261	0.00795116089284	0.0020845499821	-0.000812563113868
-11.3327684893	-33.9703073409	59.6774737825	-0.00949031487107	0.00374710187316	0.00221317540854
1.17838198273	-36.9487023506	49.0403487479	0.000833316764329	-0.000953622045927	-0.00619477545843
-9.88860909321	-34.0062637733	59.5490579526	-0.00840877182782	0.0037358077243	0.0021776817739
-10.3185077761	-33.9722008758	59.6707111580	-0.00872996635735	0.00377510720864	0.00225222390145
-10.3961329145	-34.0476141488	59.4013780399	-0.00879001710564	0.00365079473704	0.00204588845372
9.05030295983	-35.5989124382	53.8610270064	0.00743623217568	0.00127846782561	-0.00219593057409
9.34172962650	-35.5154547301	54.1590902496	0.007659915369	0.00141174672171	-0.00195813947357
-1.14615937644	-33.4571074886	61.5103303979	-0.00124189350754	0.00503949681297	0.00399462319911
-1.52774602006	-33.3864546289	61.7626620395	-0.00157320359722	0.00511274673045	0.00417488859966
-3.20184129099	-31.7534338721	67.5948790283	-0.00282733654603	0.00738957198337	0.0082924598828
-6.63852351618	-32.4658457068	65.0505510471	-0.00570786744356	0.00624877540395	0.00639987550676
-6.83089811858	-32.3833111272	65.3453174029	-0.00585262291133	0.00637359870598	0.00660535832867
-10.7698648002	-33.9363897786	59.7986079334	-0.00906782317907	0.00381840206683	0.0023291981779
-10.8474899387	-34.0118030517	59.5292748154	-0.0091270878911	0.00369385886006	0.00212332163937
-4.18580399040	-34.3541930619	58.3064533504	-0.00407946482301	0.00364568433724	0.00134331115987
-4.10143275208	-34.4721758819	57.8850861362	-0.00403754832223	0.00348568777554	0.000982775934972
-7.63971864468	-33.1958138220	62.4435220643	-0.00660317251459	0.00509679550305	0.00445187464356
-7.82295335939	-33.1109657617	62.7465508511	-0.00673616165295	0.00522166723385	0.00466832751408
-7.66944829088	-33.0801979456	62.8564359085	-0.00661109341308	0.00527418171987	0.00475641060621
8.42150509245	-36.8653135417	49.3381659226	0.00668966397643	-0.000833200349007	-0.00555922323838
8.78036059745	-36.7996546997	49.5726617866	0.00697798002511	-0.000723743229173	-0.00538398092613
10.8332031427	-36.6095529845	50.2515964838	0.00855735689402	-0.000400813878514	-0.00486258836463
10.5149318604	-36.6592662238	50.0740492008	0.00830802600831	-0.00048411192256	-0.00499416980892
10.6438231301	-36.7385444363	49.7909127274	0.00838212296367	-0.000611973693594	-0.00519935786724
-9.94942737211	-35.9919832365	52.4572027266	-0.0083865551278	0.00050793873379	-0.0032010616269
-10.1775314941	-36.0234177486	52.3449366123	-0.00854961108416	0.00045298479381	-0.00327417068183
-0.0809053976931	-33.1036848190	62.7725542180	-0.000285040208837	0.00548926740885	0.00492123467848
0.753099246047	-32.8373174826	63.7238661335	0.000432215601904	0.00583401974291	0.00559269124642
-1.27016498802	-31.6458135271	67.9792374031	-0.00122980109882	0.00756020564586	0.00857263989747
11.3893074673	-33.7234181241	60.5592209854	0.00911836978048	0.00428367592394	0.00296598975547
-7.79451000061	-34.6793323968	57.1452414399	-0.00688640261069	0.0027650736738	0.000361700949725
-7.58062103896	-34.7138432573	57.0219883668	-0.0067305425182	0.0027241082862	0.000262863584794
-1.19224495584	-37.5931330615	46.7388104946	-0.00117805157788	-0.00206688558683	-0.0076605710201
-0.623847576456	-37.5268860194	46.9754070735	-0.000708093110006	-0.00195551919751	-0.0075147417374
-1.12182635047	-37.5180458046	47.0069792693	-0.00112640985753	-0.00194270804059	-0.00749431410804
7.39629981827	-36.7670156115	49.6892299591	0.0059450706467	-0.00067055731779	-0.0053531290032
7.33242158002	-36.8962550477	49.2276605440	0.00585801666602	-0.000886470079422	-0.00567519944161
7.61834494285	-36.8098296259	49.5363227645	0.00610102619976	-0.00074246438453	-0.00544952740893
-4.68299790403	-37.9940298956	45.3070360873	-0.00395979033783	-0.00271246605553	-0.00849159434438
-4.28152842129	-37.9265533822	45.5480236351	-0.00365301780403	-0.00260707968846	-0.00834717135876
-4.43104978448	-38.0175622191	45.2229920745	-0.00375409168191	-0.00275003444403	-0.00855321716517
8.69996237719	-33.6003864579	60.9986197933	0.00704824365675	0.00450851069763	0.00335609423928
0.406117717889	-36.3230865891	51.2746907532	0.000182573232451	0.0002532620274	-0.00478112371638
0.723087732153	-36.2848794280	51.4111449000	0.000482046423713	0.000331199436914	-0.00468080351129
0.519502495752	-36.3764179437	51.0842216297	0.000285349524347	0.000142609060276	-0.00490410346538
6.07294558486	-34.7468921278	56.9039566866	0.00523618236184	0.00286606512964	0.000154802954057
6.30025117984	-34.6508877794	57.2468293593	0.00539783621207	0.00300123658963	0.000441475567641
0.872874106281	-35.9830622800	52.4890632858	0.000657855009194	0.000989407999441	-0.003933229018
1.34065224849	-36.0153236336	52.3738441658	0.00110235495958	0.000900800805539	-0.00398461893201
0.88777019603	-36.0845438184	52.1266292201	0.000659332843497	0.00076084327884	-0.00418699160218
1.29889027048	-36.0824305390	52.1341766464	0.0010508246487	0.000754252891056	-0.00415677996352
-0.250664417046	-32.9540033376	63.3071309371	-0.000430471845903	0.00568155897781	0.00530383642763
-9.88911915498	-36.6045320346	50.2695284478	-0.00826573651284	-0.000482130999444	-0.00481327204034
-9.67441534244	-36.6056290685	50.2656104695	-0.00810634996742	-0.000483036943479	-0.00482680508867
-9.88089454855	-36.4868216673	50.6899226169	-0.00827708467841	-0.000292457931209	-0.00450721243396
6.45537262981	-32.0628202419	66.4899277074	0.00504626939073	0.00683359382674	0.00741078564897
6.05442060405	-31.9921140013	66.7424499954	0.00472653610632	0.00694480584934	0.00759566063061
-9.80714629598	-33.7444378108	60.4841506756	-0.00833376310766	0.00415803585202	0.00288726203144
-9.77392724609	-33.8088924189	60.2539556466	-0.0083124851808	0.00405617151409	0.00271517317742
0.686758875655	-35.0034757863	55.9875864774	0.00055399723351	0.00327369314618	-0.000893220538273
0.407946336388	-35.0148634100	55.9469163928	0.000250190030783	0.00327341142111	-0.000942188024055
-5.96724488879	-33.1426840257	62.6332713369	-0.00526441726834	0.00524277705699	0.00466520572081
-6.18007016098	-33.0461964495	62.9778698231	-0.00542008085176	0.00537813128904	0.00491037685424
0.474486746361	-34.9416176107	56.2085085333	0.000321634317515	0.00340149505064	-0.000667588668875
-4.69090693794	-37.5851182255	46.7674349091	-0.004052543547	-0.00206141476519	-0.00753926113248
4.43238460382	-33.0654907296	62.9089616801	0.00355681101792	0.00543781276792	0.00490699755028
4.49182495371	-33.0013436869	63.1380582612	0.00359379989095	0.00552543485537	0.00507103977725
-4.54989943019	-34.2695970529	58.6085819541	-0.00435479171574	0.00372094474733	0.0015895209508
-7.66356008208	-35.1725415691	55.3837801104	-0.00679187523201	0.00195922213607	-0.00104644382372
-7.25377190008	-35.2293589387	55.1808609332	-0.00649059377611	0.00189116923138	-0.00122403807472
-1.01555327979	-32.1514584784	66.1733625772	-0.00104670401197	0.00679748319089	0.00731687759981
-0.855582341725	-32.1367744482	66.2258055420	-0.000912621442694	0.00681946706027	0.00735358567908
1.80123650860	-36.2795883963	51.4300414417	0.0014798254706	0.000321796745993	-0.0046049086377
-8.72457362337	-36.1946944895	51.7332339659	-0.00746583240107	0.000199338697712	-0.00380314420909
-8.90499638600	-36.3150473208	51.3034024256	-0.00758135085925	-2.40432018472e-06	-0.00411024736241
5.24328650376	-32.6427485848	64.4187550543	0.00414665415883	0.00601410819218	0.00596752390265
5.18309347317	-32.7332391774	64.0955743665	0.00411125086248	0.00588573003188	0.00573788024485
3.15949263078	-36.7214240503	49.8520569634	0.00257400260307	-0.000553704390768	-0.00555033842102
10.5840089972	-35.1921079370	55.3139002250	0.0085968002677	0.0019251499325	-0.00104939669836
10.1397856905	-35.1621303383	55.4209630775	0.00827081780881	0.00198090285994	-0.00096915778704
-8.03738394396	-35.6440526354	53.6998120166	-0.0070301941596	0.0011431525927	-0.00235377671197
2.05174281538	-32.9433606821	63.3451404212	0.00154733739328	0.00567461643368	0.00529851112515
4.83429024689	-38.1835138944	44.6303075199	0.00364763010293	-0.00297984364443	-0.00869503803551
4.54875457304	-38.1595083050	44.7160417679	0.0034324855078	-0.00294124311768	-0.0086654657498
4.27743544695	-35.0096532972	55.9655239385	0.00386351649649	0.00263863313012	-0.000709237414412
-2.81783998583	-37.8975494247	45.6516091974	-0.00247638253495	-0.00256192381494	-0.00831824541092
4.89181053864	-35.9071245141	52.7602695925	0.00422598654404	0.000908325659111	-0.00331840082072
5.06127409552	-35.8642096541	52.9135369498	0.00437158579007	0.000978437834419	-0.00318332319148
3.06199402110	-32.8612017747	63.6385650904	0.00238915206864	0.00576195446774	0.00547907408327
3.29851212134	-32.7394574521	64.0733662425	0.00257126381621	0.0059244944714	0.00578151689842
1.50571709730	-37.3355172723	47.6588668847	0.00108207855374	-0.00162747001741	-0.00704389577731
6.02365835956	-32.8970409005	63.5105682125	0.00481318868697	0.00562782399356	0.00529089849442
7.35164551408	-34.5527192663	57.5974311919	0.0061805639416	0.00308174267411	0.000730454688892
7.56489032972	-34.5656951633	57.5510887026	0.00634239567444	0.00304823368788	0.000693253357895
-10.4928569506	-33.2070567779	62.4033686503	-0.00882420502603	0.00500114029273	0.00429115025327
-6.80363299137	-33.1820502269	62.4926777612	-0.00593989668414	0.005149459932	0.00452520418912
-6.60826800681	-33.0638500732	62.9148211673	-0.00576606858522	0.00533569697291	0.00484580080956
-1.99275768435	-37.9352053099	45.5171238933	-0.00179776560981	-0.00262087630108	-0.00841474998742
-1.79032813084	-37.9395140999	45.5017353575	-0.00163171789609	-0.00262737972662	-0.00842597149312
2.24991264560	-34.4091124361	58.1103127281	0.00202257372439	0.00388777488843	0.00121160596609
2.16515068673	-34.3301082670	58.3924704750	0.00192198494915	0.00399384228513	0.00146506319288
1.82999252823	-34.4344082594	58.0199705020	0.00163669104222	0.00391951436177	0.00113878550474
1.45318053848	-33.0173195864	63.0810014772	0.00104228057899	0.00558850122616	0.0051236236468
1.86722436332	-33.0404891849	62.9982529112	0.00139969505835	0.00555024528876	0.00505489157513
0.652239931896	-32.4369658997	65.1536932152	0.000341284176102	0.00638505863026	0.00659888284281
-10.9156954503	-35.1269921578	55.5464565793	-0.0091361803934	0.00188160734251	-0.000866300368216
3.17883258545	-32.2346090631	65.8763962031	0.00243291491643	0.0066448864527	0.00705512007698
3.29905952461	-32.3613011945	65.4239243055	0.00253835972399	0.00645971205086	0.00673504034057
-4.14780893709	-33.1339084043	62.6646128418	-0.00377536052838	0.00533479824662	0.00476074172184
-4.32807018142	-33.0221589332	63.0637180958	-0.00390605558641	0.00548534560949	0.00504620233551
1.11848080468	-32.9081028410	63.4710612821	0.000747885613237	0.00573664205149	0.00540803000331
7.28155273753	-37.1781869265	48.2207609769	0.00573111930862	-0.0013526432449	-0.00635819463059
-6.11768963624	-37.6627402780	46.4902132927	-0.00516807939857	-0.00218432908878	-0.00765771325678
-6.02117903614	-37.7798079410	46.0721144964	-0.00506571494043	-0.0023705009371	-0.00794113706797
3.33038841171	-35.0792660204	55.7169070701	0.00309005263261	0.00266860681586	-0.000993619440123
2.98802644066	-34.9888110030	56.0399607034	0.00279619195499	0.0028951051645	-0.000716408656444
0.226237529797	-36.7487320769	49.7545282968	4.5468746066e-06	-0.000586882932112	-0.00576940970495
4.14039159287	-35.4988739421	54.2183073495	0.00371260917746	0.00175124872476	-0.00223269849084
3.92798587744	-35.5195603712	54.1444272457	0.00353505532257	0.00173498573713	-0.00231717643328
4.29132408757	-35.6084834277	53.8268449012	0.00381304114126	0.00152346526738	-0.00253940536641
-3.79712929271	-34.7102943098	57.0346631794	-0.00383560266346	0.00317286606878	0.000230772624491
-4.16393275995	-34.7174649248	57.0090538400	-0.00413340609521	0.00310054095462	0.000213471706957
3.73501997599	-35.7563536389	53.2987370040	0.00331922364421	0.00128409930039	-0.00302677438594
3.40501043732	-35.6580487686	53.6498258265	0.00306586665101	0.00151482829824	-0.00278503959998
2.57318708784	-37.5479200785	46.9002854338	0.00194330513477	-0.00197835662402	-0.00745813827962
-1.99894839362	-36.5027331685	50.6330958269	-0.0020114495419	-0.000144097430166	-0.00514689926058
0.460200947044	-35.8779338136	52.8645220944	0.000262633460807	0.00124381936621	-0.00368103943765
7.16948843898	-33.0244488198	63.0555399293	0.00574513571337	0.00541268987581	0.00492751132697
6.90910555964	-32.1345370079	66.2337964002	0.00540718249977	0.00672181509435	0.00722224079072
-1.79227144761	-32.0952116421	66.3742441354	-0.00168973801192	0.00687739113346	0.00745344534516
-1.33609817634	-32.1186467204	66.2905474271	-0.0013118594652	0.00684478599578	0.00739760510623
-0.857479115553	-37.3082802113	47.7561421026	-0.000920962076634	-0.00158926134463	-0.00702929636464
-1.21420314986	-37.2919473255	47.8144738375	-0.00122571981046	-0.00156314426567	-0.00698943668976
-1.22919614131	-37.3954036391	47.4449870031	-0.00122843438294	-0.00173837749753	-0.00722042005509
5.16391874246	-38.1340029031	44.8071324889	0.00389002356678	-0.00290307914838	-0.00856160651892
-9.62156397303	-33.9147809104	59.8757824628	-0.00820357445627	0.00389255722985	0.00243565253913
1.53399721137	-36.6903770559	49.9629390860	0.00117275153752	-0.00047994509805	-0.00559085514396
-6.46834859940	-33.5867401678	61.0473565437	-0.00574061833322	0.00455699162558	0.00345432455651
-6.42461910361	-33.4710044620	61.4606983501	-0.00568595807999	0.00473250541836	0.00376959773712
1.06517201595	-37.9857036991	45.3367725033	0.000703583529685	-0.00269050733186	-0.00848799105734
0.883590936792	-37.8810305600	45.7106051429	0.000553898222279	-0.00252532027662	-0.00826504081488
-7.4554142698	-34.1301341013	59.1066639239	-0.0065877106972	0.00366372708231	0.00191786524374
3.36376734230	-36.1593746705	51.8593761766	0.00289208791219	0.000505001517013	-0.00415479205549
3.47180654082	-36.0345360218	52.3052284935	0.00301955756731	0.000746599165723	-0.00381751637906
8.38031484478	-35.9592036566	52.5742726549	0.00688538560644	0.000685104168952	-0.00320445443504
8.64480901232	-36.0600856648	52.2139797685	0.00706235133111	0.000510363955982	-0.00346430414356
11.1046524098	-36.4953968771	50.6592968674	0.00878738518804	-0.000213077670196	-0.00456206966192
6.31092862004	-36.8618393904	49.3505736059	0.00508359121159	-0.000826828298159	-0.00564437359571
-8.26467140833	-32.5723136414	64.6703084237	-0.00702082365751	0.00605316786096	0.00606060959399
-8.40268000924	-32.4906499102	64.9619646064	-0.00712140882388	0.00618034321815	0.00626745680347
-7.06064889619	-32.1631480235	66.1316142019	-0.00601177942008	0.00671587791294	0.00716314651072
-6.6273242181	-32.0887863937	66.3971914512	-0.00565426284447	0.00683790259063	0.00736768729985
-2.66982515552	-32.8705498990	63.6051789323	-0.00249584810808	0.00575265195221	0.00548761710525
8.76361448343	-36.6859731878	49.9786671865	0.00699829636142	-0.000536218460184	-0.00509560666978
4.07303749492	-35.8434078799	52.9878290004	0.00357742398046	0.00108450313564	-0.0032311968971
7.37668059461	-33.5510365698	61.1748693936	0.00601590424776	0.00462324498221	0.00352329039015
7.56179945965	-33.4081692251	61.6851099105	0.00613027019426	0.00483136065304	0.00390183716081
7.6416916945	-33.5348173848	61.2327950542	0.00621860241517	0.00463845208287	0.00355975190178
3.51892333584	-33.7350551156	60.5176603014	0.00294577749446	0.00458383420482	0.0031568238046
3.00422852844	-33.7372790487	60.5097176831	0.00250527868047	0.00461826147512	0.00317142577842
-3.85670967172	-32.5500405743	64.7498550918	-0.00344830844551	0.00618042005226	0.0062747746706
-3.84052526593	-32.6781058141	64.2924792354	-0.00345124234445	0.00599435064942	0.00594890583307
-11.8246644291	-34.9440640910	56.1997711034	-0.00980703439564	0.00213710288517	-0.000390017987229
-12.1772788896	-34.9313665539	56.2451194505	-0.0100644184276	0.00214096647687	-0.00036337345955
-12.2082364674	-34.9824200821	56.0627854212	-0.0100827580318	0.00205652462319	-0.000495731830597
0.069511966976	-34.8906476014	56.3905442808	-0.000124212325318	0.00350130605511	-0.000480330112623
-4.43412421949	-37.6832074339	46.4171163073	-0.00382544961758	-0.00221944763325	-0.00777876935899
-7.66137953181	-33.7835351720	60.3445172430	-0.00670058839023	0.00418987171724	0.00286914641038
-7.63573038586	-33.8318147842	60.1720900566	-0.00668727280572	0.0041165384464	0.00273792352527
3.28281195943	-38.2442848482	44.4132683994	0.00246558873914	-0.00307876430452	-0.00894313585013
3.43940902998	-38.3002675772	44.2133300815	0.00258837989531	-0.00316355610266	-0.00905601773411
11.7595060358	-34.5085450973	57.7551960811	0.00946677476168	0.00302555714734	0.000822778092697
11.6691029947	-34.5494119599	57.6092430004	0.00940087903291	0.00295999180526	0.000712082430255
11.5313703370	-34.4516520615	57.9583854947	0.00929339323193	0.00311838882044	0.000981625285931
10.3508528339	-35.4511460111	54.3887642460	0.00840813014656	0.00150223250967	-0.00176357117016
12.3441105933	-35.2431140049	55.1317356966	0.00989563670009	0.00183349824511	-0.0011925669387
12.2069921247	-35.3612026120	54.7099906715	0.00978556834161	0.00164102646522	-0.00151366996579
-2.23387380922	-31.5910072869	68.1749739752	-0.0020193643868	0.00764495925978	0.00870625767857
-0.789370336396	-32.5929257403	64.5966937848	-0.000878793303855	0.00616624997929	0.00621495675296
3.93446090935	-36.3733443448	51.0951987686	0.00331499008462	7.3540089943e-05	-0.00463824253529
3.50951691945	-36.2805942533	51.4264490952	0.00298286625184	0.000263225258095	-0.00444802362472
-11.5982058328	-35.8119505660	53.1001765499	-0.00959635246545	0.000766404147726	-0.00265965354629
3.55367988474	-35.4874125930	54.2592407393	0.00323069631122	0.00184382335283	-0.0022624945268
3.32034174686	-35.5516338440	54.0298791285	0.00301940296777	0.00174249697011	-0.00248238234781
3.42067514283	-35.4454966217	54.4089406368	0.00312704895623	0.00194540643133	-0.00215012650006
4.43149650695	-33.5862305017	61.0491767796	0.00367096252739	0.00472049135715	0.00352782034315
4.66657658863	-33.6949345171	60.6609481533	0.00389215699397	0.00455621769652	0.00322176096961
4.78890266937	-33.6052208087	60.9813542546	0.00396932475269	0.0046725301072	0.0034623160027
-8.05945374215	-35.1128822269	55.5968491898	-0.00708126649261	0.00203411933035	-0.000865537323989
5.08670078322	-34.3582271185	58.2920460055	0.00440446613356	0.00357452477328	0.00131211278494
7.44897221790	-33.6642585991	60.7705050033	0.00609589042142	0.00445026485249	0.00321478513069
7.55696213493	-33.6046819458	60.9832787649	0.00616728747264	0.00453606666997	0.00337341194972
-5.63645306380	-35.171521385	55.3874236250	-0.00529338186607	0.00213271589018	-0.001133582904
-8.77946981146	-33.2029409639	62.4180679860	-0.00749616883695	0.00504874857143	0.00438151368871
-8.89589308565	-33.2796982279	62.1439349003	-0.00759484432638	0.00492451665923	0.00417228415608
-9.08432417235	-33.2685228815	62.1838468518	-0.00773991830647	0.00493658520281	0.00419335532933
2.60477098517	-35.8651733609	52.9100951396	0.00230967556126	0.00115418597125	-0.00346417026594
2.71674747652	-35.8183147566	53.0774472979	0.00242279074155	0.00124522123951	-0.00332253542729
2.78940412445	-35.9240597962	52.6997864422	0.00245791790076	0.00101585965604	-0.00360166374594
-9.80855148508	-36.6622743551	50.0633058748	-0.00819697603583	-0.000574777484871	-0.004967039451
-10.1594984971	-36.7109248945	49.8895539483	-0.00844997353852	-0.00065344927134	-0.00507654715329
2.21547353333	-35.2068275280	55.2613302572	0.00209742458537	0.00262990035117	-0.00151480874047
-4.48107536820	-33.4318064777	61.6006911511	-0.00410731742159	0.00490115769207	0.00395710486919
-4.15504322986	-33.4948748956	61.3754468015	-0.00384998437949	0.0048341145739	0.00380025943741
4.27083906750	-31.7907740651	67.4615211960	0.00330068008043	0.00728213833645	0.00813492015004
4.12334580994	-31.7746767720	67.5190115284	0.00318178813905	0.00730946706608	0.00817820522934
4.78778164199	-34.5440827730	57.6282758108	0.00420840876177	0.00332723814063	0.000755395391025
4.98023696532	-34.4462968970	57.9775110823	0.00434012198821	0.00345367845148	0.00105036026798
-9.93026933606	-36.9981101913	48.8638921739	-0.00823131017387	-0.00111259322148	-0.0058269649744
-10.0397505034	-36.9600109968	48.9999607257	-0.00831991992891	-0.00105156155769	-0.00572451762855
11.8743227044	-34.3069812793	58.4750668597	0.00954194087535	0.00334990257397	0.00137199356686
12.1298852392	-34.3729576294	58.2394370378	0.00973781011999	0.00324334437028	0.00118800415657
-6.27015320836	-32.8773246284	63.5809834699	-0.0054668597877	0.00562885496765	0.00534858601168
-6.39945467210	-32.9644963929	63.2696557398	-0.00558377802372	0.00549308396876	0.00511548854411
-6.83702229023	-34.9406837884	56.2118436128	-0.00618983153254	0.00240945070982	-0.000402739591664
10.4440933973	-36.8417547096	49.4223046085	0.00820428133011	-0.000781223061495	-0.00546706514433
3.08386092085	-33.0489537916	62.9680221727	0.00243360921741	0.00550614995882	0.00499718263745
2.87640963588	-32.9592553550	63.2883737322	0.00224637216888	0.0056332484819	0.00523429550231
0.311323886578	-33.6791439531	60.7173430246	7.48372476664e-05	0.00480707688257	0.00340564455837
5.39128777508	-33.8287092488	60.1831812543	0.00451429514214	0.00431847618893	0.00282542640343
4.91958214428	-33.7760784576	60.3711483657	0.00411986326799	0.00442601833493	0.00298826629296
1.47898065841	-35.4939099476	54.2360359014	0.00134147144854	0.00210591335781	-0.00252265203744
1.70424480685	-35.6382137621	53.7206651353	0.00153189897537	0.00174193759449	-0.00293094012886
1.32504337139	-35.5828048824	53.9185539913	0.00117138167843	0.00190998776816	-0.00280649238266
1.87327721725	-35.5376954197	54.0796592155	0.00171729654539	0.00195620022714	-0.00261468673125
-1.76500072222	-37.6162807381	46.6561402209	-0.00165232236031	-0.00210666749626	-0.00770615926012
-1.43104672073	-37.5340875750	46.9496872323	-0.00138366699684	-0.00197037612088	-0.00752726336941
-4.17731845249	-32.0751930948	66.4457389470	-0.00365880434401	0.00688659166917	0.00746825709939
7.90958113562	-32.3559222657	65.4431347653	0.0062118745409	0.00638866936788	0.00664281565696
4.07831726519	-34.0221034325	59.4924877409	0.00349628087133	0.00415740488097	0.00232443260029
-7.48759114823	-32.2404037272	65.8557009743	-0.00636331969872	0.00658883107826	0.00694978656247
-9.58676790119	-33.5638390028	61.1291464186	-0.00815329141915	0.00445326277986	0.00338197313249
-8.36916984202	-33.9658421949	59.6934207325	-0.00726191699505	0.00386767461896	0.00234368583187
-8.55524390472	-34.0135057711	59.5231936748	-0.00740697607398	0.00378296221606	0.00220659561455
2.70504177146	-35.5846257401	53.9120509281	0.00247462955303	0.00174848386087	-0.00265556015074
2.32882387158	-35.5350257480	54.0891937570	0.00214562797919	0.00190441077575	-0.00255314214155
6.19647372665	-35.1629270824	55.4181175627	0.00534682907164	0.00215718476102	-0.00107568234671
-0.270825845536	-37.4148939150	47.3753788748	-0.000417179777287	-0.00176722358447	-0.00726516684517
-0.0882678884697	-37.5154122791	47.0163847173	-0.000259398453636	-0.00193450413644	-0.00748516665772
-5.99988339140	-33.2741615348	62.1637088042	-0.00531290331855	0.00504651525989	0.00431528873742
2.77312385449	-34.7752185336	56.8027909513	0.00258439150639	0.00329263834283	-4.02177738579e-06
2.85225639285	-34.8896222437	56.3942062723	0.00267029670067	0.00309236720204	-0.000388799875509
-1.04115015258	-34.1090619928	59.1819214544	-0.00122138496954	0.00433246418834	0.00217785523273
-1.29185396203	-34.2139398625	58.8073576340	-0.00148007122334	0.00420628394932	0.00185439980123
1.60628382607	-34.1845556686	58.9123011836	0.00136062467936	0.00421980442479	0.00193263823166
1.85862513945	-34.0867712751	59.2615311604	0.00157266983297	0.00430152006447	0.00221783667803
-2.17007468606	-37.0524227537	48.6699187369	-0.00207041529939	-0.00115574954543	-0.00642206612974
8.19777481458	-37.1160428936	48.4427039514	0.00644252775237	-0.00124582345597	-0.00618552137166
-7.65537643750	-33.5528161432	61.1685137743	-0.00666455132887	0.00454633217305	0.00349618401378
-8.00314617679	-33.5359707116	61.2286760299	-0.0069321654737	0.00455666938797	0.00352667178959
-7.84937416159	-33.6763080981	60.7274710780	-0.00683132652193	0.00434619840235	0.00315373623744
-7.59681929967	-33.6069501173	60.9751781524	-0.00662658549845	0.00446576206014	0.00335229281336
1.06196300237	-32.5452743450	64.7668773394	0.000686934101395	0.00623039482161	0.00632299622521
0.898154673522	-32.5194612203	64.8590670703	0.000548608601093	0.00626766588539	0.00638985354453
5.81952561741	-33.8858853472	59.9789809028	0.00486996583641	0.0042065824382	0.00265227793716
-9.73246527232	-36.2327367208	51.5973688544	-0.00820183381438	0.000120244032587	-0.00384851777926
-9.68298083711	-36.0986666016	52.0761907087	-0.00818135216832	0.000339105579769	-0.00349670602009
-9.91108495915	-36.1301011136	51.9639245944	-0.00834453757852	0.000284357258352	-0.00356881762855
6.50180317102	-37.1964134241	48.1556663426	0.00513006886467	-0.00138531229459	-0.00642897142097
8.03766856719	-36.8252978084	49.4810792558	0.00641321251169	-0.000768005149439	-0.00547157134861
-11.7739036443	-34.7065460730	57.0480497392	-0.00978840701282	0.0025270387996	0.00023400237842
-11.6372787224	-34.8428981419	56.5610780646	-0.00967851001769	0.00231026927941	-0.000121315133583
-2.11212399822	-37.5783456930	46.7916225251	-0.00194564333651	-0.00204553385265	-0.00761510338634
-6.23384576685	-37.9983655548	45.2915515899	-0.00518349092454	-0.00271352031268	-0.00845487229526
-6.59066027781	-37.9217688545	45.5651112341	-0.00547970924526	-0.00259174476378	-0.00826003868133
-6.37829378822	-32.5781002719	64.6496418861	-0.00551245780662	0.00608115037903	0.00612017000094
-6.81349276443	-32.5608068181	64.7114042209	-0.00586058525369	0.00609842920676	0.00614828895777
-4.81569143178	-33.4964262385	61.3699062910	-0.00439559854567	0.00478985207155	0.0037689153105
6.50833595100	-36.3389410817	51.2180675653	0.00538355112076	6.9781584898e-05	-0.00432278448716
-7.59495509516	-34.5853739646	57.4808072692	-0.00673457980156	0.0029313324485	0.000629428250249
-7.57908919186	-34.6436613510	57.2726380323	-0.00672615831718	0.0028382432647	0.000463289616164
12.0624828865	-34.4756869343	57.8725466633	0.00969218742102	0.00307777989656	0.000908434158191
12.1082401060	-34.5246983964	57.6975057271	0.00972839258611	0.00299861421809	0.000773847801611
11.8503150550	-34.5594117085	57.5735296126	0.00953666120768	0.00294311740436	0.000682359270286
-3.04444383921	-33.0867715369	62.8329587969	-0.00284203025512	0.00544486800209	0.00492054689676
-2.64650174183	-32.1062741568	66.3347351543	-0.0023993907962	0.00685483356938	0.00741715217009
8.26866298727	-35.8559074548	52.9431876614	0.00682097347453	0.000862654705998	-0.00292946305126
8.28542012632	-35.7448863570	53.3396915822	0.0068513546139	0.00105075747706	-0.00262522487901
-3.73899426337	-32.0306592886	66.6047882549	-0.00329417758621	0.00695916078985	0.00758921029046
-3.72725354766	-31.9220104308	66.9928198901	-0.00327405007556	0.00712583167478	0.00786232110113
-8.65342738331	-37.2098157527	48.1078008832	-0.00722776865587	-0.00145403423812	-0.00642321351916
-8.41823068284	-37.1858085350	48.1935409466	-0.0070540625602	-0.00141602195799	-0.00637452164665
-10.5925030412	-34.2772077428	58.5814009184	-0.00893787387758	0.00327233364806	0.0014197404962
-7.30633490281	-35.7217792142	53.4222170922	-0.00648470455781	0.00104570528492	-0.00261242012493
-7.49598936202	-35.7148306647	53.4470333402	-0.00662551447749	0.00104822125286	-0.00258098728955
1.80748278509	-36.0404695324	52.2840373844	0.00153590622358	0.00082557706628	-0.0040098009631
1.57523466479	-36.0583197808	52.2202864972	0.00131548231002	0.000796835112851	-0.00407515047118
12.0953864215	-35.0704807079	55.7482831861	0.00971931871027	0.00211411830969	-0.000719213159755
12.3623740692	-35.1333931373	55.5235959381	0.00991516653448	0.00201195478439	-0.000893245043699
2.41902876678	-34.3536605724	58.3083550987	0.0021611219272	0.0039304359816	0.00138378806878
2.67150235623	-34.4823009019	57.8489253505	0.00242533511482	0.00372911943123	0.00096722523449
2.49622384949	-34.5014622499	57.7804919646	0.00227333442308	0.00373292574659	0.000907709589228
0.281546674677	-36.3654313214	51.1234595663	6.45072359475e-05	0.000165731849847	-0.00488357339054
0.0871016593483	-36.2692863360	51.4668345144	-0.000115657159768	0.000366486376151	-0.00465850485489
0.721147329745	-31.6254935306	68.0518088192	0.00041041863733	0.00758397532627	0.00861112400889
-4.28461186596	-34.6048087613	57.4113972811	-0.0042117680423	0.00325803970918	0.000569233729038
-10.6305513665	-35.5191684890	54.1458268251	-0.00891096238047	0.00125774380285	-0.00191668770276
-10.7484322019	-35.6014527779	53.8519543648	-0.00899189990014	0.00112160225399	-0.00213232031092
-10.3072594847	-35.5222702509	54.1347491040	-0.00867819134146	0.00126242486294	-0.00193363137078
-0.403634775713	-32.8159139224	63.8003074199	-0.000558739935514	0.00586375361308	0.00565402582288
3.98994551138	-33.3387896722	61.9328940277	0.00324646802619	0.00508031388745	0.00420797476545
3.82951638429	-33.6724019007	60.7414217832	0.00319181312807	0.0046437648125	0.00331676239148
-3.41699532371	-34.2087075861	58.8260443353	-0.00340250087902	0.00395059166476	0.00180437671952
-3.55583383450	-34.1611689230	58.9958252751	-0.00350756710395	0.00399589492008	0.00194211734924
9.26452349701	-33.9873629641	59.6165608424	0.00754389166832	0.0038933288306	0.00229064049199
3.08691997612	-35.6119907320	53.8143188144	0.00280394009314	0.00164513371419	-0.002689370187
-2.22641132424	-36.2303720029	51.6058142753	-0.00226962403394	0.000389125198126	-0.00446613458917
1.55809998712	-35.7529139161	53.3110217282	0.00136479304638	0.00148719304707	-0.0032710894011
1.40042796755	-34.4683421220	57.8987781358	0.00122882321011	0.00393935665488	0.00103454152122
6.21758216937	-36.2302914946	51.6061018050	0.00518698152155	0.000266988412477	-0.00406216457486
11.5787846528	-34.3528175483	58.3113658988	0.00932308193296	0.00327723263763	0.00125133886468
-12.0837964750	-34.6309063834	57.3181914878	-0.0100207906216	0.00263875699602	0.000422941346187
-9.64135778892	-33.7783930981	60.3628817926	-0.0082102091983	0.00410959962755	0.00280300970189
-9.69589230501	-33.6659758368	60.7643720115	-0.00824407394975	0.00428702309728	0.003103061812
4.96779796506	-33.5148856241	61.3039799140	0.00409294152632	0.00478797452524	0.00370002863929
5.28810970709	-34.4433675113	57.9879731740	0.00458205165341	0.00342445028946	0.0010565238772
2.78704249279	-34.6738307143	57.1648903059	0.00257655978203	0.00344331655651	0.000336839613738
2.57922974358	-34.6428852679	57.2754097575	0.00238443631679	0.00352643849328	0.000439130875748
-5.93174376415	-32.8517846658	63.6721976220	-0.00519002880901	0.00567790865898	0.00542867928743
6.68687170782	-34.6584331395	57.2198816446	0.00569186592475	0.00295782322064	0.000422306009568
6.51034670989	-37.3449465598	47.6251908579	0.00508985342458	-0.00162860017736	-0.00677182711661
-6.14806253219	-33.3741104208	61.8067484971	-0.00544896023348	0.00489116925746	0.00404197676107
-9.43991441393	-37.1011323499	48.4959558932	-0.00784407090396	-0.00127829320263	-0.00611156783998
-9.81512941755	-37.0950875759	48.5175443718	-0.00812746398151	-0.00126747391187	-0.00608001789078
7.44740759799	-34.5063355736	57.7630872370	0.00624685687944	0.00314999721013	0.000863169727381
-5.13260310370	-37.9870156572	45.3320869386	-0.0043184440583	-0.00270014558919	-0.00846183486283
-5.05736610718	-38.0671812704	45.0457811770	-0.00424170959741	-0.00282594934106	-0.00865167751908
-4.62550278397	-38.0500751713	45.1068743884	-0.00390239199623	-0.00280051934533	-0.00862337555736
1.06943435426	-35.4358301437	54.4434637726	0.000935785006732	0.00228903302923	-0.00237678410485
-5.53306311443	-38.0058493332	45.2648238098	-0.00463099777699	-0.00272823800333	-0.00849392823875
-5.31251830735	-38.0276540799	45.1869497146	-0.00445209117606	-0.00276321801357	-0.00855180528015
-5.61206867022	-37.8916265586	45.6727622907	-0.00471846526489	-0.00254851812497	-0.00822171475738
0.608839069654	-31.7387446778	67.6473404363	0.000315309764119	0.00741148972884	0.0083321724087
0.841873931585	-31.8145193809	67.3767164968	0.000505727890413	0.00729496451095	0.00814195442945
-7.85165964226	-35.7399173699	53.3574379647	-0.00688390200958	0.000989117310382	-0.00262857531197
7.65603048686	-36.7432833986	49.7739878623	0.0061491210945	-0.000631349161267	-0.00528193404898
0.756667231608	-36.1826694448	51.7761805542	0.000523359049112	0.000548491603695	-0.00443367194384
-4.58661043427	-32.9270755736	63.4033015230	-0.00410423986614	0.00561214052141	0.00528407935053
-4.67422492254	-32.9728542330	63.2398063106	-0.00418363651261	0.0055428724736	0.00516195129603
4.18365538654	-35.3748695298	54.6611802505	0.00376799376681	0.00198405492119	-0.00185450399294
3.96212806779	-35.4577757048	54.3650867686	0.00357477064244	0.00185178255197	-0.00212828326039
-4.00553007259	-37.8389513944	45.8608878772	-0.00344886211678	-0.00246860692278	-0.0081539247185
-2.25780657979	-32.0759250504	66.4431248200	-0.00207475665957	0.00690328190103	0.00749753369018
-11.7789338698	-34.6091329775	57.3959536518	-0.00979895889759	0.00268663675524	0.000490920967422
4.19112706694	-35.9459513078	52.6216024723	0.0036472545471	0.00087699998403	-0.00349910603836
4.04111223138	-33.5742175861	61.0920800498	0.00334404502064	0.00476071983576	0.00357591174543
4.13206107103	-33.4643987643	61.4842901276	0.00339319556952	0.00490327039734	0.00386813771911
7.71398331779	-33.6480394141	60.8284306638	0.0062978672795	0.00446491967887	0.00325176957995
5.12078620764	-35.4372940729	54.4382354538	0.00450147828087	0.0017658341676	-0.00195725238882
9.71907943230	-35.4586291799	54.3620386432	0.00794286653399	0.00149901618715	-0.00179349305108
9.95756041067	-35.4442177674	54.4135079736	0.00811950024217	0.00151896150783	-0.00174979108851
4.64734039922	-37.9632195567	45.4170730119	0.00351283070631	-0.00263044796884	-0.00822826102376
4.45453090029	-38.0633792753	45.0593597309	0.00336183235049	-0.002790347673	-0.00846235640347
-4.50029589103	-35.5524765095	54.0268696091	-0.00437339255586	0.0015652886359	-0.00236258772202
4.94951735557	-31.9362384944	66.9420053772	0.00384924095124	0.00704950978979	0.00775745371357
4.78328318399	-31.9162649281	67.0133395424	0.00371572677977	0.00708280550316	0.00781094888225
-12.3566710585	-34.9426341183	56.2048781489	-0.0101939886808	0.0021141350735	-0.000395824841689
-4.38995481999	-35.8279815605	53.0429229981	-0.00422526849434	0.00104864744935	-0.00316711887717
1.05058843019	-32.4787690729	65.0043961681	0.000676161085721	0.00632358528674	0.00648948829621
-1.41142075875	-37.0916533205	48.5298095696	-0.00141475803684	-0.00121826364193	-0.00653530936688
-1.35301821492	-37.1970839955	48.1532714446	-0.00135348213371	-0.00140121474396	-0.00677435705438
9.56485780735	-33.5323578135	61.2415792375	0.00769899971783	0.00459740171209	0.00351932877675
-7.45460889505	-35.7730590063	53.2390749774	-0.00658756121993	0.000950535293669	-0.00274458155036
-7.54660244238	-36.2989777991	51.3607935745	-0.00657176598907	5.14524872415e-05	-0.00415667751804
-5.45782611791	-38.0860149465	44.9785180482	-0.00455419672653	-0.0028539057821	-0.00868512410671
-5.88064700516	-38.0485302845	45.1123918409	-0.00489526148885	-0.0027935905382	-0.00858474057168
4.75506990805	-37.8521610000	45.8137107145	0.00360905192792	-0.00245320447721	-0.0079777026549
1.9455443394	-36.1515755767	51.8872300832	0.00163836148567	0.000582693144679	-0.00427775271237
1.71329621909	-36.1694258251	51.8234791960	0.00142128637526	0.000553461606614	-0.00434176810086
-4.92767676064	-35.6772622174	53.5812063664	-0.00468693859875	0.00128798210062	-0.00268247025087
-0.397087593792	-37.3189302724	47.7181061701	-0.00052859459538	-0.00160539604258	-0.00705330679193
7.23605162051	-32.5366261787	64.7977636476	0.00571208680049	0.00612898170948	0.00619125785306
7.27081090192	-32.4674747627	65.0447329903	0.00572915747762	0.00622977362946	0.00636813510209
1.78518253734	-38.3773766111	43.9379406747	0.00129295547958	-0.00329385884106	-0.00931867398322
1.16389294248	-37.3908896544	47.4611083772	0.000792126054876	-0.00172190926969	-0.00717985676602
3.57514108444	-34.0889499130	59.2537503108	0.00309325777926	0.00411980738863	0.00214844406582
-6.02563250512	-34.4715043924	57.8874843130	-0.00554664665833	0.00324820377864	0.000967531639617
10.1697285000	-36.6696581866	50.0369350479	0.00804900284857	-0.000503483461216	-0.00502444710582
11.7616075487	-35.1160451378	55.5855530793	0.0094699151814	0.00204056082293	-0.000841672241222
-6.51250788688	-35.2306767242	55.1761545564	-0.00594512792304	0.00194623565767	-0.00126172124874
-6.64006504283	-35.1875930981	55.3300246495	-0.0060414345935	0.00200936710462	-0.00113000464626
-6.88247042790	-35.2404418302	55.1412791777	-0.00621767528355	0.00189965870231	-0.00127220328432
12.2300048964	-34.4818404848	57.8505696972	0.00981801375747	0.00306772952899	0.0008892500191
-9.22820161642	-32.9443537838	63.3415936293	-0.00781995523721	0.00544619886205	0.00504453899339
-10.0538015984	-35.4333013210	54.4524952823	-0.00850072037429	0.00141538516618	-0.00170086126309
0.727710436064	-34.6359214128	57.3002806684	0.000571828160901	0.00382259627804	0.000460440234747
0.601775070346	-37.8048337859	45.9827364790	0.000321750616422	-0.00240455917083	-0.00810662843287
0.518223958275	-37.8663981519	45.7628637431	0.000255029386608	-0.00250359042548	-0.00824370607734
-4.08462208579	-37.7434325105	46.2020267482	-0.00353163387626	-0.00231612613425	-0.00793140009046
0.404411558013	-37.8198784924	45.9290053842	0.00016015242727	-0.00242954911664	-0.00814467389137
-9.89660647443	-36.3615041917	51.1374850298	-0.008305946365	-9.02075771592e-05	-0.00417870096862
-3.06255483035	-35.0793160854	55.7167282664	-0.00325302919373	0.00268602976575	-0.00101562170312
7.28973534130	-37.0334248832	48.7377682743	0.0057833660394	-0.00111420301255	-0.00601076288149
-10.7585479493	-35.4453147777	54.4095900796	-0.00900660641491	0.00137311394792	-0.00171679840423
-10.9113323086	-35.4742584072	54.3062199742	-0.00911533925682	0.00132160470821	-0.00179025437683
-4.82476641646	-32.9320859971	63.3854071531	-0.00430083787069	0.00559645472094	0.00526239350438
6.45306509087	-33.7417478921	60.4937575281	0.00533556798473	0.00438023451716	0.00303164566867
8.90296442756	-36.1609742443	51.8536634130	0.00723313400522	0.000337868317729	-0.00372331542894
3.55133660896	-38.1656483657	44.6941129796	0.00267261313275	-0.00295572984032	-0.00875250343233
3.70793367951	-38.2216310947	44.4941746617	0.00279383244924	-0.00304114352912	-0.00886462256312
5.36292679788	-35.6997981222	53.5007209920	0.0046455739066	0.00126344978344	-0.00269470387138
9.38716016623	-34.4834798854	57.8447146950	0.00769595103338	0.00310262618586	0.000917585799471
-0.219657995307	-38.4118047048	43.8149831972	-0.000305975641822	-0.00335893384181	-0.00946108810604
-0.384746730071	-38.4682866635	43.6132619162	-0.000432793196524	-0.00344620994292	-0.00959023367614
-0.572941394109	-32.7083318044	64.1845292699	-0.000699807074852	0.00600844388828	0.00592530565336
-7.96668635751	-32.9352677843	63.3740436273	-0.00682728691027	0.00549028906971	0.00512477755547
-7.74412850239	-32.9625771942	63.2765100206	-0.00665477011353	0.00545396422967	0.00506282271817
-8.65378365459	-34.7124937295	57.0268081090	-0.00751596875489	0.0026574220974	0.000267420255113
8.69942136948	-37.1305561275	48.3908709733	0.00681339483708	-0.00126570276916	-0.00621290877461
4.69838800081	-35.6330836157	53.7389870868	0.00413495348766	0.00143916695379	-0.00256821443327
5.04814409036	-35.6437502857	53.7008918366	0.00440987804905	0.00139033398591	-0.00256449077278
4.98405057375	-35.5510688582	54.0318969350	0.00437672669068	0.00156819378026	-0.00230289180763
9.86634485537	-35.4905139048	54.2481646256	0.00804823450744	0.00144375080708	-0.00187861430459
-1.85507497168	-38.0012764380	45.2811555784	-0.00167635804974	-0.00272525358014	-0.00856311433017
3.50825930440	-38.2223327207	44.4916688545	0.00263988692313	-0.00304348673671	-0.00887994188815
6.38957021276	-35.2707489165	55.0330395840	0.00548784201965	0.0019558579661	-0.00138194847386
6.49214983652	-36.7648669593	49.6969037166	0.00525239156559	-0.000663291255478	-0.0053970743902
-10.9247065529	-35.4369461797	54.4394779295	-0.00912669301033	0.00138122832868	-0.001690920908
-6.05235382093	-32.0324173802	66.5985093566	-0.00518304621801	0.00693251099437	0.00752880610526
-6.21304277579	-32.0683745699	66.4700908218	-0.00531718879938	0.00687439274043	0.00743246357888
-3.66091307694	-34.2099764200	58.8215127858	-0.00360905355774	0.00391708919778	0.0017928017769
-3.08615776319	-37.9867698702	45.3329647492	-0.002678953344	-0.00270325527526	-0.00851461943239
-6.4490385509	-35.1959649320	55.3001252429	-0.00589976785704	0.00201134616509	-0.00116343109403
-6.18791772754	-35.2855672655	54.9801169090	-0.00570063618943	0.00187953736167	-0.00143981457222
10.5063389286	-34.2363922204	58.7271706414	0.00850969087332	0.00347411772236	0.00158640835434
10.2303947972	-34.2833406585	58.5594976484	0.00830740481615	0.0034035211429	0.00146158074494
-4.53033883759	-35.6412553795	53.7098022160	-0.00437991274521	0.00139323726762	-0.00261917314492
-8.05266346861	-33.0222924593	63.0632412170	-0.00690586026758	0.00535240257159	0.00489205447957
-7.89915840010	-32.9915246432	63.1731262743	-0.00678096851334	0.00540463346988	0.00497988099232
-9.01997906490	-33.3179356715	62.0073726019	-0.00769498106092	0.00486050033942	0.0040648393333
-7.19801181961	-32.4086394608	65.2548590686	-0.00615059165284	0.00632807053626	0.00652662245557
0.491832698059	-36.0990603498	52.0747844650	0.000277370476397	0.000735036621336	-0.00423904322088
-6.37282286962	-37.3450455013	47.6248374955	-0.00544103560969	-0.00167347630486	-0.00687986426055
-9.91554211571	-36.0605460705	52.2123354626	-0.00835513975471	0.000397184980102	-0.00338450679556
-5.98873374064	-35.0795152120	55.7160171000	-0.00556044606492	0.0022546031978	-0.000841018103529
-1.74065176411	-33.2759380016	62.1573642801	-0.00174740527291	0.00524327671155	0.00446084886789
1.16341993374	-37.4794164019	47.1449414217	0.000788043951616	-0.00187015114352	-0.00737493438646
11.9470047890	-34.6501675766	57.2494015121	0.00961152277887	0.00279614259489	0.000432727742009
-10.5724117112	-33.9940015927	59.5928514545	-0.00892084464431	0.00373143702745	0.00218290416524
6.47972705966	-35.3834194126	54.6306449552	0.00554726179689	0.00175355037209	-0.00170377315953
-5.22795339043	-34.4185164608	58.0767269256	-0.00492309220135	0.00341744860634	0.00113251782022
-4.15456242975	-38.1628984621	44.7039340640	-0.00350438454188	-0.00297786737792	-0.00889548752457
-4.33864831179	-38.1362274718	44.7991876008	-0.00365642737597	-0.0029358654283	-0.00883000064641
-5.68799570937	-34.8700290079	56.4641821145	-0.00533037493005	0.00264134770259	-0.000223636452574
-7.85460394570	-32.3230374296	65.5605806087	-0.00666629476473	0.00645350245759	0.00672321394086
-8.15299927109	-33.4187278278	61.6474006150	-0.00703371502459	0.00473256455734	0.00383491418324
-8.16917833419	-32.3966023335	65.2978488091	-0.00692539056763	0.00633279560134	0.00652084080502
-2.75358728091	-34.5738163575	57.5220844374	-0.00292384251952	0.00356492982246	0.000670366862323
4.77468113931	-31.9757654884	66.8008375413	0.00371171417646	0.0069942548871	0.00766257150099
-2.34651904253	-37.5041405840	47.0566407715	-0.00215113977902	-0.00192410405725	-0.00744260521606
-3.49890928228	-34.5916860188	57.4582642186	-0.00356707745232	0.00340554327704	0.000610000453889
-1.24255703513	-33.1609146424	62.5681619915	-0.00130169605836	0.00540249608457	0.00476799951866
-1.51869498573	-33.0516175252	62.9585088384	-0.0015320002567	0.00553761422634	0.00504576228559
-1.99761963391	-33.1921783851	62.4565057675	-0.00196070596576	0.00534198619425	0.0046738088131
4.36152909964	-36.0390371691	52.2891529674	0.00376177835278	0.000688568688929	-0.00373100931756
4.17749060006	-36.0802350356	52.1420177301	0.00359892542474	0.000619336846285	-0.00386016513221
-1.58242490527	-37.4330705843	47.3104621988	-0.0015219374327	-0.00180304655805	-0.00729965651408
-1.34631305528	-35.6367464011	53.7259057105	-0.00157564936671	0.00176551134791	-0.00296686589718
4.71850377801	-36.0190957732	52.3603722384	0.00405759830028	0.000707720057108	-0.00363996461965
4.35977540174	-36.1106709725	52.0333179555	0.00374051998369	0.000552532903384	-0.00392099935561
5.06265721158	-35.9258035804	52.6935586413	0.00435756985098	0.000863702560309	-0.00335231004283
4.08858606803	-32.5026049774	64.9192679378	0.003195050871	0.00624135509133	0.00635743932799
4.22169274186	-32.6110953530	64.5318023108	0.00331513257697	0.00608362955973	0.00607879227027
4.06035519068	-32.6349269295	64.4466895376	0.00318618258461	0.00605353852734	0.00602327380329
3.19524236033	-32.6179197660	64.5074294072	0.00247308169492	0.00609684875235	0.00609231274575
-4.49381096714	-35.7276870975	53.4011175089	-0.0043321698904	0.00123174616601	-0.00287193828262
-7.55402065682	-32.4883175463	64.9702944777	-0.00644507771358	0.00619733752683	0.00630711065605
4.94783994187	-32.5387024170	64.7903485106	0.00389535422437	0.00617045769468	0.00624104263261
4.82871716343	-32.4283848927	65.1843396690	0.00378734036349	0.00633185449988	0.00652405060828
4.76166940284	-32.5489725364	64.7536695127	0.00374626973644	0.00615995237604	0.00622031558305
4.81040244300	-32.7391777876	64.0743650441	0.00381072401069	0.00588681688532	0.00573422946036
4.68442493456	-32.6589573145	64.3608667341	0.00369739346206	0.00600438984111	0.00594290345907
4.50930398886	-32.6812963336	64.2810845229	0.00355810113251	0.00597685063258	0.00589141901582
4.63246021836	-32.7545702391	64.0193920032	0.00366845913231	0.00586954690516	0.00570052675903
7.32699522420	-32.2037874716	65.9864733158	0.00573995849118	0.00661586597562	0.00704010715708
-8.61655797814	-37.1317512071	48.3866028317	-0.00721594924107	-0.00132899184246	-0.00622840924188
-9.04398071598	-37.1103821284	48.4629209699	-0.00754369888455	-0.00129406270571	-0.00615332322195
-2.15039333836	-33.0861732177	62.8350956511	-0.00207957928069	0.00547583773732	0.00494517665356
-1.74964472564	-32.7958881927	63.8718278830	-0.00170749356039	0.00587539654225	0.00569503335282
-7.83010561349	-33.0496018691	62.9657076102	-0.00673386501148	0.00531651405618	0.00482998322695
2.45780804212	-35.8212938345	53.0668077338	0.00218925485387	0.00126046885271	-0.00336138950661
2.53046469004	-35.9270388742	52.6891468780	0.0022260309197	0.00102764798794	-0.00363932480104
-2.26539478014	-32.9461336974	63.3352367949	-0.00216158805415	0.0056599508971	0.00530299777165
9.94409784520	-34.2180596111	58.7926442462	0.0080859772861	0.00351305562072	0.00164535199292
-1.90840955979	-33.0044461507	63.1269780333	-0.00186281080823	0.00559074664488	0.00516043324023
-1.68592003537	-32.9288446153	63.3969835169	-0.00166481512133	0.0056966166012	0.00535761890933
-9.18348757085	-34.5223009418	57.7060680648	-0.00790080521256	0.00293729291297	0.000790011370555
-0.616195662682	-36.1009668682	52.0679754706	-0.000792215694673	0.00072358851321	-0.00424393638968
-0.209178516704	-36.1819037667	51.7789151188	-0.000397650816012	0.000552317476831	-0.0044490522705
0.0617705116778	-36.0283560643	52.3272997704	-0.000137252165587	0.00089616299374	-0.00407215580344
1.76572080708	-36.1075764378	52.0443698651	0.0014825114049	0.00068284093868	-0.00418325932696
9.84992290833	-34.0983694784	59.2201090057	0.00800104159862	0.00370502308942	0.00197564880364
-7.39896053054	-33.5629963369	61.1321559398	-0.00646646041423	0.00454304274172	0.00347958155908
-9.32717553934	-34.6541931246	57.2350245550	-0.00800652708858	0.00271672243252	0.000424580415711
-9.38185144201	-32.8578600944	63.6504996627	-0.00793188251555	0.00558079546317	0.00526535790414
2.87174822927	-34.5820438567	57.4927005118	0.00262917974032	0.00355962477624	0.000640505109914
2.69646972252	-34.6012052048	57.4242671259	0.00247912947088	0.00356380338781	0.000578048406169
-7.08144339615	-36.3543013605	51.1632094268	-0.00620942888781	-3.08150811179e-05	-0.0043370896019
-8.63579694114	-33.8936035710	59.9514158178	-0.00745707983151	0.00396837154403	0.00253140856512
-8.82187100383	-33.9412671472	59.7811887601	-0.00760212074965	0.00388431944884	0.00239454838447
-7.81986397059	-33.8041258848	60.2709789828	-0.00682502472773	0.00414944067597	0.00280672451481
-8.59899164744	-33.9513000315	59.7453570305	-0.00743448734283	0.00387906562537	0.00237530539744
3.61671761044	-35.4365461626	54.4409065623	0.00329331471585	0.001937182853	-0.00210103509016
-7.38106613351	-34.6198848251	57.3575541961	-0.00657844776288	0.00289144273847	0.000531441182829
5.24521634960	-36.1219172770	51.9931525822	0.0044522495009	0.000493369530886	-0.0038616808597
5.51235970269	-36.0339430336	52.3073463086	0.00468625407666	0.000642832077574	-0.00360211427324
9.64693725428	-33.9980397257	59.5784295510	0.00783461611718	0.00386772304773	0.00225416896865
5.80200918244	-36.2358167067	51.5863689045	0.00486158393323	0.000268661882728	-0.00411076750606
-1.55045990633	-31.7089882738	67.7536133078	-0.00146452535409	0.00746280048043	0.00841542519629
-7.88097335026	-32.5617981932	64.7078635957	-0.00671452470124	0.00607630331069	0.00610356545076
-10.7115858421	-34.7116161076	57.0299424727	-0.00901276338845	0.00256276899017	0.000247501127888
6.18867636857	-35.4353789657	54.4450751225	0.00532194459811	0.00168223923538	-0.0018718772335
-3.23980479026	-34.4692228843	57.8956325561	-0.00331983459182	0.00362508930266	0.00100336933974
-2.52166435480	-34.4664284670	57.9056126179	-0.00269060698338	0.0037498944439	0.00102407671511
-4.07742948286	-32.4788241309	65.0041995325	-0.00362197612412	0.00628068763763	0.00644983770326
-3.89095194836	-36.9967023605	48.8689201410	-0.00352806132287	-0.00107705115806	-0.00619906885549
-4.45287111354	-37.0942578571	48.5205076532	-0.00396730424836	-0.00124938378576	-0.00639480445534
-5.03885957626	-37.1829947261	48.2035902638	-0.00442099571228	-0.00140269577969	-0.00656947959214
-5.45557399012	-37.0914976735	48.5303654517	-0.00477538770065	-0.00125285924878	-0.00632165092975
-4.89272482321	-37.0012571207	48.8526531403	-0.00434503564611	-0.00109594967216	-0.00614167563617
-3.75259611389	-32.3044354076	65.6270164014	-0.00333370524459	0.00654553063214	0.00689945416525
-3.76389391860	-35.7174010764	53.4378532987	-0.00373927410692	0.0013225331204	-0.00292431260459
-4.14389325078	-35.7529454026	53.3109092763	-0.00404342263937	0.00121531228069	-0.00298247067258
-5.39088587063	-36.9003842162	49.2129135135	-0.00476843491197	-0.000930329959374	-0.00585949700326
-10.1122867166	-34.4182802186	58.0775706477	-0.00858256220818	0.00306289922446	0.00105390755925
-5.57566746396	-37.2758094559	47.8721090859	-0.00482840742916	-0.00155877717771	-0.0067591862753
-4.82318772363	-36.7980865116	49.5782624587	-0.00433638226241	-0.000746553123463	-0.00565144931898
-4.32725695212	-36.8992139609	49.2170929968	-0.00390884559602	-0.000914157077204	-0.0059353695251
-5.32107867867	-36.6977228291	49.9367041818	-0.0047607361339	-0.00058157381136	-0.00536254467443
-4.18946878238	-38.1002784851	44.9275768389	-0.00354461628012	-0.00288011413068	-0.00875030178577
7.63610514356	-32.2739215649	65.7359944111	0.00598861183971	0.00651065446436	0.00685676001012
4.69678875875	-33.0491163098	62.9674417508	0.00377024547197	0.00545149901882	0.00494007626548
4.87840275808	-33.0885804718	62.8264983149	0.00392597308382	0.00538958841935	0.00483107753098
4.90962386834	-32.5970321696	64.5820279656	0.00387164438143	0.00608760584146	0.00609381962568
-5.80980711115	-36.5982927465	50.2918116195	-0.00517201935872	-0.000419535237597	-0.00507131591439
-5.94518729899	-36.9900964373	48.8925127239	-0.00518709700555	-0.00108736520633	-0.00604003481567
-6.00240712514	-37.1887776570	48.1829369394	-0.00518609536812	-0.00141728005838	-0.00652235979214
-6.48726584014	-37.0945549498	48.5194466080	-0.00558821856976	-0.00126440555323	-0.00626054033637
-6.43480060787	-36.8886952011	49.2546599962	-0.00559455994517	-0.000922479841392	-0.00575373321772
4.79746612155	-32.7831356869	63.9173725469	0.0038067905698	0.00582455378026	0.0056221364066
4.93784310798	-33.0244334291	63.0555948960	0.00396204786375	0.00547807617113	0.00499566504732
-5.88538360153	-36.7992848838	49.5739825578	-0.00518448650837	-0.000765173404943	-0.0055714417249
-6.37988133244	-36.6981855514	49.9350516020	-0.00559530546889	-0.000601110863499	-0.00527885835618
-6.29130277289	-36.5010147919	50.6392328860	-0.00557105895132	-0.000262666755589	-0.0047822566703
-10.0961179279	-37.0148170894	48.8042246806	-0.00835264567286	-0.00113872659858	-0.00586290936917
-6.71013313766	-36.4134238094	50.9520578235	-0.00591362593696	-0.000122467390611	-0.00452101323754
4.30098198243	-31.7420889689	67.6353965397	0.00332308188081	0.00735542597249	0.00825543515384
-6.26613261635	-32.0147970985	66.6614389338	-0.00535414367914	0.00695812562481	0.00756752397865
-6.84585437072	-36.6022886429	50.2775405611	-0.00597731024027	-0.000446600781288	-0.00499851116911
-6.92440584576	-36.9985275729	48.8624015254	-0.00594994891435	-0.00110865721945	-0.00599385984242
-5.57995568989	-34.2448844506	58.6968412478	-0.00516569102183	0.00364256557077	0.00163779384457
-5.81005493028	-34.3694394182	58.2520020779	-0.00536604784429	0.00342904706486	0.00126952526625
0.554868272106	-35.4554608305	54.3733541768	0.000394336151658	0.00228045857511	-0.00247023161501
-6.89521659622	-36.7920492563	49.5998240847	-0.00597363105044	-0.00076598871965	-0.00547782564536
0.792884338805	-35.6163115955	53.7988871589	0.000626593886409	0.00186892901547	-0.00294596957974
-5.30720030427	-34.1244730326	59.1268820264	-0.00492732366547	0.003849550616	0.00199423520826
-11.5065682043	-34.5847990048	57.4828606971	-0.00960079580545	0.00273723248392	0.000564617919736
2.66393548006	-34.5510984103	57.6032199633	0.00243734312244	0.00363852106966	0.000743267533835
7.07922067283	-32.4933097133	64.9524653098	0.00558281177655	0.0061944052577	0.0063055632636
6.91376604118	-32.3728817931	65.3825650247	0.00543690100312	0.00637249089777	0.00661674467847
-0.417999433733	-38.4163951855	43.7985886233	-0.000464746233774	-0.00336685148068	-0.00947528332472
-4.06510629375	-32.7588302621	64.0041776352	-0.00364838517271	0.00587163167074	0.00573558267206
-3.92601692441	-32.7914911828	63.8875314901	-0.00353763625026	0.00582859665155	0.00565603887662
-2.76753382316	-34.9684984549	56.1125055183	-0.00299617834389	0.00294596189633	-0.00066173938103
0.407070987519	-34.5745610447	57.5194248405	0.000227998898481	0.00391436973587	0.000678442011122
-4.13093892567	-32.8093368674	63.8237969022	-0.00371009437367	0.00579685764387	0.0056037446484
-0.975550480763	-32.1125835134	66.3122017380	-0.00101133447606	0.00685486570001	0.00741363829002
-4.41300194759	-32.4467787622	65.118647278	-0.00389446294867	0.00632167188451	0.00652202637866
4.54833238361	-32.6296413082	64.4655667565	0.00358316884376	0.00604950450361	0.00602169614285
4.21187388674	-32.6758119038	64.3006717722	0.00331496214494	0.00599194783717	0.0059147067368
4.04779778663	-32.7505732162	64.0336670852	0.00319040101022	0.00589041225612	0.00572958448902
12.7	-35.0	56.0	0.010171870701	0.00222947006114	-0.000532083387952
12.6909828771	-35.1328667386	55.5254759334	0.0101598724723	0.00201369170099	-0.000894595927093
12.6640330167	-35.2655610502	55.0515676780	0.0101321646944	0.00179795664735	-0.00125614262652
12.6193815055	-35.3977076501	54.5796155355	0.0100889801979	0.00158288225066	-0.00161558017135
12.5570089236	-35.5295890212	54.1086106385	0.0100302780047	0.00136806280352	-0.00197357498109
12.4765878910	-35.6615697819	53.6372507788	0.00995577871799	0.00115289306268	-0.00233105313964
12.3791242564	-35.7920080364	53.1713998701	0.00986641738564	0.00094008340966	-0.00268342532218
12.2650689836	-35.9206886364	52.7118262985	0.00976267363876	0.000729986932129	-0.00302998838015
12.1340999707	-36.0481239877	52.2567000441	0.00964428391308	0.000521806126926	-0.00337204593234
11.9851103514	-36.1751401412	51.8030709243	0.00951029546559	0.000314177537803	-0.00371173629537
11.8187544219	-36.3008666360	51.3540477285	0.00936136953533	0.000108548199933	-0.00404656678438
11.6368857777	-36.4239210386	50.9145677192	0.00919927377254	-9.28152221604e-05	-0.00437274388969
11.4378848198	-36.5453868214	50.4807613522	0.00902263913304	-0.000291671574814	-0.00469305692241
11.2207031091	-36.6656050078	50.0514106863	0.00883065070957	-0.000488585734274	-0.00500828167424
10.9878175578	-36.7830650186	49.6319106478	0.00862556602806	-0.000681074394379	-0.00531431287527
10.7380174912	-36.8984220350	49.2199213036	0.00840638764203	-0.000870223215315	-0.00561274774373
10.4745832578	-37.0102710417	48.8204605655	0.00817609298974	-0.00105371838436	-0.00589982466772
10.1950588786	-37.1197420587	48.4294926475	0.00793259590864	-0.00123344559688	-0.00617832317948
9.90225710295	-37.2257662683	48.0508347561	0.00767846079543	-0.00140767893754	-0.00644532823935
9.59371895258	-37.3292364489	47.6812983969	0.00741164246574	-0.00157794728875	-0.00670292181894
9.27103620627	-37.4295428332	47.3230613099	0.00713372137398	-0.00174333853647	-0.00694928131998
8.93182973317	-37.5272953714	46.9739451023	0.00684281019494	-0.0019049939001	-0.0071855885908
8.58202625741	-37.6207413876	46.6402093302	0.00654427381232	-0.00206022732891	-0.00740720052272
8.21981777821	-37.7104110674	46.3199604735	0.0062370877713	-0.00221027433872	-0.00761482911184
7.84483119760	-37.7963390297	46.0130748938	0.00592179503292	-0.00235562189482	-0.00780802825466
7.45694467623	-37.8784518031	45.7198149889	0.00559988711029	-0.00249705766328	-0.0079855825752
7.05896071301	-37.9560957301	45.4425152495	0.00527840293944	-0.00263284728862	-0.00814609229565
6.64824501841	-38.0297465980	45.1794764357	0.00495994184166	-0.00276129227132	-0.00829212460667
6.22554370865	-38.0992185340	44.9313623785	0.00465132668614	-0.00287524936721	-0.00843366421759
5.79369637783	-38.1640437400	44.6998437857	0.00434680189937	-0.00297168153338	-0.00858169235289
5.35599996853	-38.2238171700	44.4863672500	0.00403662165627	-0.00305480090901	-0.00874021835625
4.90778193599	-38.2792005885	44.2885693268	0.0037082277704	-0.00313200918026	-0.0088967513293
4.45441884102	-38.3295299865	44.1088214767	0.00336866918951	-0.00320513499901	-0.00904477015138
3.99449618366	-38.3750033365	43.9464166552	0.00301935966127	-0.00327500933781	-0.00918142683804
3.52318613151	-38.4159934959	43.8000232290	0.00265724328347	-0.00333951110952	-0.00930604059249
3.04550452347	-38.4519336937	43.6716653795	0.00228728004731	-0.00339753739536	-0.00941671524197
2.56504197126	-38.4825436515	43.5623441018	0.00191262096632	-0.00344794406556	-0.0095125483349
2.08176977376	-38.5078436244	43.4719870559	0.00153369258624	-0.00349040539004	-0.00959382113069
1.59637411675	-38.5277945862	43.4007336208	0.00115132250357	-0.00352462846786	-0.00966046843678
1.10853080743	-38.5423920230	43.3485999179	0.000765438133385	-0.00355051504448	-0.00971253868192
0.616146410876	-38.5516738447	43.3154505548	0.000374545837985	-0.00356803159229	-0.00975024420768
0.121492397116	-38.5555681286	43.3015423978	-1.94404037757e-05	-0.00357697275467	-0.00977339968085
-0.374345640763	-38.5540606523	43.3069262418	-0.000415585702285	-0.00357724772766	-0.0097818877548
-0.867690596762	-38.5472020970	43.3314210820	-0.000810762867332	-0.00356889376417	-0.00977576524019
-1.35767908299	-38.5350851529	43.3746958825	-0.00120422791224	-0.00355201750062	-0.00975533109158
-1.84386539322	-38.5177906897	43.4364618223	-0.00159554299898	-0.00352668762207	-0.00972072780132
-2.32838907051	-38.4952531781	43.5169529353	-0.00198634923436	-0.00349291134626	-0.00967190321535
-2.81046710185	-38.4674648692	43.6161968958	-0.00237590773031	-0.00345050333999	-0.00960874650627
-3.28974619590	-38.4343865936	43.7343335942	-0.00276395538822	-0.00339952809736	-0.00953117478639
-3.76613489625	-38.3959363229	43.8716559895	-0.00315028685145	-0.00333967525512	-0.00943900551647
-4.23076330654	-38.3528649589	44.0254822898	-0.00352771184407	-0.00327236903831	-0.00933394767344
-4.68733553009	-38.3049271091	44.1966888960	-0.00389916962013	-0.003196983831	-0.00921550858766
-5.13726741191	-38.2519916882	44.3857439707	-0.00426578847691	-0.00311346678063	-0.00908333901316
-5.57998441755	-38.1941525793	44.5923122168	-0.00462703220546	-0.00302193174139	-0.00893764384091
-6.01471230352	-38.1315351862	44.8159457635	-0.00498219812289	-0.00292256381363	-0.00877867266536
-6.44196699251	-38.0640605527	45.0569265975	-0.00533163920045	-0.00281526497565	-0.00860623270273
-6.85878229056	-37.9922090195	45.3135392159	-0.00567291304469	-0.00270080729388	-0.00842150859535
-7.26256183465	-37.9165289569	45.5838251540	-0.00600374583155	-0.00258005876094	-0.00822590757161
-7.65507598902	-37.8367788213	45.8686470668	-0.00632560672238	-0.00245270202868	-0.00801880005747
-8.03810280950	-37.7525694459	46.1693948361	-0.00663978047669	-0.00231806724332	-0.00779916578904
-8.40567282288	-37.6652558485	46.4812291125	-0.00694138277322	-0.00217837211676	-0.00757056148723
-8.76302861760	-37.5736151980	46.8085171498	-0.00723460642621	-0.00203171186149	-0.00732981273904
-9.10716534386	-37.4783371351	47.1487959461	-0.00751696946099	-0.00187914876733	-0.00707871699706
-9.43827749801	-37.3793199222	47.5024288494	-0.00778855569661	-0.00172061123885	-0.0068170176819
-9.75501493486	-37.2769194826	47.8681447050	-0.00804818887264	-0.00155668030493	-0.00654568336904
-10.0542062604	-37.1723334646	48.2416661979	-0.00829321984202	-0.00138931977563	-0.00626792106777
-10.3397335957	-37.0643690081	48.6272535424	-0.00852672196925	-0.00121663988102	-0.00598055170849
-10.6101925768	-36.9535915417	49.0228873509	-0.00874747335911	-0.00103963247966	-0.00568515341729
-10.8669744342	-36.8394150940	49.4306603785	-0.00895655807108	-0.000857436622027	-0.00538018485531
-11.1074466404	-36.7230106670	49.8463904751	-0.0091517707333	-0.000672025373206	-0.00506880320609
-11.3315622519	-36.6045126091	50.2695978245	-0.00933299679309	-0.000483759533381	-0.0047515174374
-11.5410559472	-36.4829448638	50.7037683434	-0.00950163975358	-0.000291225413093	-0.0044257636182
-11.7315306001	-36.3609666527	51.1394048117	-0.00965414848179	-9.88894753391e-05	-0.00409886753187
-11.9060603507	-36.2367867350	51.5829045178	-0.00979303754866	9.58687305683e-05	-0.00376627384685
-12.0645036730	-36.1103067487	52.0346187547	-0.00991826504469	0.000292946497211	-0.00342798209749
-12.2049280228	-35.9830202223	52.4892134917	-0.0100283976644	0.000489736383315	-0.00308847776614
-12.3273251908	-35.8551260971	52.9459782246	-0.0101239383221	0.000685723498464	-0.00274882279336
-12.4328387935	-35.7253475731	53.4094729531	-0.0102059813216	0.000883092347067	-0.00240667420439
-12.5210587797	-35.5939818013	53.8786364240	-0.0102752167732	0.00108169473242	-0.00206327275373
-12.5913920670	-35.4620033632	54.3499879885	-0.0103315310553	0.0012810411863	-0.00172203895636
-12.6437454537	-35.3301799393	54.8207859309	-0.0103758051991	0.00148211419582	-0.00138504349161
-12.6786974633	-35.1974152886	55.2949453978	-0.0104089975357	0.00168887351174	-0.00104840763379
-12.6960116676	-35.0646272705	55.7691883197	-0.0104310354218	0.00190040981397	-0.000712003384251
-12.6957807940	-34.9318744381	56.2433055781	-0.0104419104755	0.00211623986252	-0.000374149705749
-12.6781549837	-34.7998451422	56.7148387780	-0.0104410462081	0.00233491929248	-3.52247516275e-05
-12.6429562741	-34.6674382395	57.1877205731	-0.010427204892	0.00255692889914	0.000308878166834
-12.5900889627	-34.5352001706	57.6599993906	-0.0103994570673	0.00277970870957	0.00065698265098
-12.5189469887	-34.4025198131	58.1338578104	-0.0103568704799	0.00300303241238	0.00100978242699
-12.4296008377	-34.2703023136	58.6060631658	-0.0102989496663	0.00322505901568	0.00136408244725
-12.3239407034	-34.1410583698	59.0676486794	-0.0102267712355	0.00344157544896	0.00171269895509
-12.2006649078	-34.0128490451	59.5255391245	-0.0101392837241	0.00365584809333	0.00206035654992
-12.0591722032	-33.8851754187	59.9815163619	-0.0100358808413	0.00386874121614	0.00240799970925
-11.8998539620	-33.7585527322	60.4337402421	-0.00991681031883	0.00407940149307	0.00275398255326
-11.7250371281	-33.6346631682	60.8762029707	-0.00978372897953	0.00428515346721	0.00309339468367
-11.5326670252	-33.5119542454	61.3144491237	-0.00963517650962	0.00448858225718	0.00343021564186
-11.3232076851	-33.3908716495	61.7468869660	-0.00947147328407	0.0046890405938	0.00376312783919
-11.0992957592	-33.2728739097	62.1683074652	-0.00929473340511	0.00488413637504	0.00408796966076
-10.8603494658	-33.1575157750	62.5803008036	-0.00910456944257	0.00507466541603	0.00440576998517
-10.6042622210	-33.0438809620	62.9861394215	-0.00889935065061	0.0052621527575	0.0047189979814
-10.3329595429	-32.9329681488	63.3822566113	-0.00868071056902	0.0054449676536	0.00502475956455
-10.0467847219	-32.8249714536	63.7679590942	-0.00844896771014	0.00562282791361	0.00532250013202
-9.74345867487	-32.7192005982	64.1457121492	-0.00820235814899	0.00579685764387	0.00561404926702
-9.42799265420	-32.6174864726	64.5089768836	-0.00794502906501	0.00596409989521	0.00589428795502
-9.09883328735	-32.5192680124	64.8597570985	-0.00767577346414	0.00612548738718	0.00616474077106
-8.75357445282	-32.4238683340	65.2004702359	-0.00739269284531	0.00628213351592	0.00642722146586
-8.39671333597	-32.3325350976	65.5266603658	-0.00709951855242	0.00643200008199	0.0066782659851
-8.02498208276	-32.2444352574	65.8413026522	-0.0067936158739	0.00657646078616	0.00692013371736
-7.64242219006	-32.1605499391	66.1408930745	-0.00647840928286	0.0067138876766	0.0071500823833
-7.24850145279	-32.0807302677	66.4259633298	-0.00615347689018	0.00684455223382	0.00736852595583
-6.84084956944	-32.0045717592	66.6979580029	-0.00581697747111	0.00696910778061	0.00757652288303
-6.42708642929	-31.9334866390	66.9518334323	-0.00547521980479	0.00708525348455	0.00777024636045
-6.00177643496	-31.8665153669	67.1910165468	-0.00512383971363	0.00719455210492	0.00795227941126
-5.56551342719	-31.8038638935	67.4147718090	-0.00476333033293	0.00729667628184	0.00812210887671
-5.12325377453	-31.7462719937	67.6204571653	-0.00439785374328	0.00739040970802	0.00827773287892
-4.66932498617	-31.6930730979	67.8104532216	-0.00402280082926	0.00747682852671	0.00842096842825
-4.20724317660	-31.6448186052	67.9827906957	-0.00364111969247	0.00755503773689	0.00855035986751
-3.74164997345	-31.6019486025	68.1358978482	-0.00325667322613	0.00762431649491	0.00866474490613
-3.26653794519	-31.5638837862	68.2718436206	-0.00286455475725	0.00768559332937	0.00876568071544
-2.78604565162	-31.5309965825	68.3892979197	-0.00246821600012	0.00773823447526	0.0088522080332
-2.30680713862	-31.5036288803	68.4870397134	-0.00207313825376	0.00778169604018	0.00892346166074
-1.82392744305	-31.4813959336	68.5664430942	-0.00167536188383	0.00781656522304	0.00898046977818
-1.33816391590	-31.4643306887	68.6273903977	-0.00127557688393	0.00784275587648	0.00902320165187
-0.850275339647	-31.4524647130	68.6697688821	-0.000874326156918	0.00786018185318	0.00905161816627
-0.36102469783	-31.4458282605	68.6934704982	-0.000472464598715	0.00786878261715	0.00906565599144
0.128818006078	-31.4444501251	68.6983924102	-7.05971833668e-05	0.00786845292896	0.00906532816589
0.618473002016	-31.4483572792	68.6844382885	0.000330523092998	0.00785916019231	0.0090506542474
1.10714820677	-31.4575742931	68.6515203817	0.000730186118744	0.00784080661833	0.00902166776359
1.59403702875	-31.4721224999	68.5995625003	0.00112767552491	0.00781336612999	0.00897843111306
2.07832975245	-31.4919958049	68.5285864110	0.00152222102042	0.00777686573565	0.00892111472785
2.55925462916	-31.5171209999	68.4388535719	0.00191312807146	0.00773144327104	0.00885003805161
3.03762709141	-31.5475200048	68.3302856971	0.00230101542547	0.00767710572109	0.00876529328525
3.51776245175	-31.5835670876	68.2015461157	0.00268921884708	0.00761327426881	0.0086660515517
3.98586056729	-31.6241951777	68.0564457939	0.00306652812287	0.00754201691598	0.00855539180338
4.44994756805	-31.6700012424	67.8928527057	0.0034393502865	0.00746251177043	0.00843186397105
4.90863079549	-31.7208989257	67.7110752652	0.00380659336224	0.00737529434264	0.00829586852342
5.35636342516	-31.7762300882	67.5134639708	0.00416380912066	0.00728196185082	0.0081492671743
5.79569277931	-31.8362422863	67.2991346920	0.00451329583302	0.00718269310892	0.00799131579697
6.22783931712	-31.9011422835	67.0673489875	0.0048563699238	0.00707761570811	0.00782140437514
6.64624819528	-31.9699105222	66.8217481350	0.00518826954067	0.00696871057153	0.00764202140272
7.05884083548	-32.0438818399	66.5575648576	0.00551585061476	0.00685412343591	0.00744929444045
7.45773493606	-32.1217088600	66.2796112142	0.00583335245028	0.00673588830978	0.00724656367674
7.84615860064	-32.2039534708	65.9858804614	0.00614396249875	0.00661285966635	0.00703186541796
8.22295896346	-32.2903375195	65.6773660017	0.00644710706547	0.006484889891	0.0068056313321
8.58550405387	-32.3801534164	65.3565949416	0.00674082804471	0.00635220622644	0.00656956201419
8.93550688037	-32.4737252132	65.0224099530	0.00702644931152	0.00621369527653	0.006322696805
9.27252889503	-32.5709040727	64.6753425977	0.00730341207236	0.00606913911179	0.00606529973447
9.59348622034	-32.6706884165	64.3189699410	0.00756886508316	0.00591968139634	0.00579999201
9.90409648012	-32.7748748075	63.9468756876	0.00782721396536	0.00576240662485	0.00552196195349
10.1987435992	-32.8816457460	63.5655509070	0.00807345472276	0.00559996021912	0.00523607246578
10.4781137198	-32.9911689550	63.1743965892	0.0083079142496	0.00543203996494	0.00494187232107
10.7409195785	-33.1028628271	62.7754899033	0.00852923747152	0.00525953294709	0.00464099179953
10.9894772127	-33.2177357923	62.3652293131	0.00873912218958	0.0050809700042	0.00433073239401
11.2203821924	-33.3342255578	61.9491944363	0.00893450528383	0.00489883311093	0.00401536608115
11.4376459340	-33.4544743891	61.5197343247	0.00911863986403	0.00470982072875	0.00368912052363
11.6371767877	-33.5762658602	61.0847647850	0.00928789563477	0.0045174905099	0.00335807260126
11.8191407643	-33.6994093346	60.6449666622	0.00944227166474	0.00432221638039	0.00302278180607
11.9853622273	-33.8250618019	60.1962078505	0.00958317983896	0.00412224186584	0.00268016662449
12.1346613390	-33.9523866703	59.7414761775	0.00970951933414	0.00391895975918	0.00233255699277
12.2660193272	-34.0803053299	59.2846238217	0.00982034485787	0.00371413817629	0.00198300927877
12.3799011573	-34.2089438615	58.8252004947	0.00991597492248	0.00350766978227	0.00163127831183
12.4774222667	-34.3396616041	58.3583514140	0.00999731104821	0.00329738506116	0.0012736315839
12.5579922613	-34.4722324071	57.8848842604	0.0100637748837	0.00308368564583	0.000910872069653
12.6202742015	-34.6045009861	57.4124964784	0.0101142637432	0.00287007424049	0.000548975192942
12.6647777915	-34.7372058029	56.9385507040	0.0101491399109	0.00265542697161	0.000185978176887
12.6912470981	-34.8690962869	56.4675132609	0.0101682515815	0.00244177528657	-0.000174556655111
4.29347276523	-34.8315099989	56.6017500038	0.00386281032115	0.002938242862	-0.000144823628943
-4.04627204824	-35.3505693747	54.7479665190	-0.00404342217371	0.00200674426742	-0.00179904222023
0.484121004611	-33.2049482017	62.4108992798	0.000211132617551	0.00536130415276	0.00465702731162
-1.73906438468	-36.3675143169	51.1160202966	-0.00180258124601	0.000129399137222	-0.00483833951876
-6.81788059612	-34.0416895292	59.4225373958	-0.0060889814049	0.00384528632276	0.00218429695815
3.37277794833	-37.0101965690	48.8207265394	0.00268859090284	-0.00106847542338	-0.00620322488248
6.73575273989	-33.6675971213	60.7585817096	0.00554059026763	0.00447589391842	0.00322587275878
7.83633344856	-35.6956996884	53.5153582557	0.006524998229	0.00114776322152	-0.00251057627611
-1.84423862982	-34.2764943740	58.5839486644	-0.0020188242197	0.00407846504822	0.00164581800345
-6.93360891741	-36.2626249410	51.4906252107	-0.00611528940499	0.000129958687467	-0.00410713953897
0.00634553777982	-35.1052640094	55.6240571093	-0.000192336578039	0.00310567300767	-0.00128074432723
-2.87592726027	-32.5632789270	64.7025752607	-0.00263395695947	0.0061809788458	0.00626446353272
-6.98499388168	-35.1322476632	55.5276869172	-0.00629732059315	0.00207557273097	-0.000954902439844
-0.779924432885	-37.4233429592	47.3452037170	-0.000846732291393	-0.00178343034349	-0.00728547666222
3.84231030576	-35.9242810301	52.6989963211	0.00336365029216	0.000941950711422	-0.003479602281
2.26751891778	-32.7686685147	63.9690410188	0.00171349325683	0.00590626196936	0.00573672540486
-5.05045380481	-36.6257493789	50.1937522181	-0.00456111412495	-0.000450430932688	-0.00520486570895
7.08326060324	-34.3535019537	58.3089215940	0.00594888255	0.00341393100098	0.00130229513161
2.38255787301	-34.0120083098	59.5285417506	0.00203041755594	0.00433741882443	0.00241823075339
-4.93317406731	-33.3020513719	62.0641022431	-0.00445363810286	0.00505911000073	0.00428576674312
5.60922866815	-36.3813577797	51.0665793583	0.0046705249697	1.44056084537e-05	-0.00450285756961
-9.74574955597	-34.7753441076	56.8023424727	-0.00830874405801	0.00250042648986	8.80974912434e-05
9.90727370344	-34.6854359574	57.1234430093	0.00809623021632	0.00276350043714	0.000352988805389
-9.64201224104	-35.4907858747	54.2471933045	-0.00820189993829	0.00133516301867	-0.00186773168389
5.18070592848	-32.4540991181	65.0925031498	0.00407299632207	0.00628710351884	0.00644939625636
1.13961440703	-36.1804344470	51.7841626891	0.000885155284777	0.000546238501556	-0.00440896907821
-5.29458560546	-37.4439892595	47.2714669304	-0.00456654373556	-0.00183306005783	-0.00717694498599
6.89903304132	-37.0406756050	48.7118728394	0.00548305828124	-0.00112696469296	-0.00604400644079
-5.47056876850	-34.6927272372	57.0974027244	-0.00515076518059	0.00295776408166	0.000307772803353
4.49220310992	-33.2624821079	62.2054210432	0.00364552624524	0.00516195269302	0.00439012795687
3.06789038204	-37.7430530296	46.2033820373	0.00231900764629	-0.00229293853045	-0.00785709172487
-8.54157035588	-33.4210842942	61.6389846637	-0.0073354318738	0.00471428968012	0.0038112772163
-2.11495558519	-33.2808106903	62.1399618202	-0.00207369518466	0.00522391078994	0.00443970551714
-0.216176905946	-32.6643584321	64.3415770281	-0.000394894101191	0.00606999220327	0.00603569950908
9.47738827373	-34.0866585348	59.2619338042	0.00771878426895	0.00373174669221	0.00201423256658
-0.0346802456427	-36.8231993378	49.4885737934	-0.000227913405979	-0.000726474274416	-0.00594118330628
-4.33797050529	-34.1563219439	59.0131359146	-0.00415596133098	0.00390793709084	0.00193097733427
6.75153385606	-32.8726760330	63.5975855966	0.00538689782843	0.00564537709579	0.00533407460898
-9.18821367113	-34.1022601945	59.2062135912	-0.00788890197873	0.00361141236499	0.00194245344028
-7.28723159391	-37.0528219770	48.6684929394	-0.0062178587541	-0.0011995472014	-0.00610590167344
9.45353621055	-36.2273447606	51.6166258551	0.00762694794685	0.00022346181504	-0.00388133502565
-6.12505350639	-32.7547958563	64.0185862276	-0.00533215841278	0.00581831578165	0.00567292328924
-0.794046210772	-35.7413242442	53.3524134135	-0.00100622233003	0.00155442184769	-0.00330309499986
-3.17185424650	-37.0770410124	48.5819963842	-0.00291331717744	-0.00120805739425	-0.00643137376755
-4.55843784447	-36.0240539881	52.3426643281	-0.0043132212013	0.000663565995637	-0.00368901807815
7.4754406734	-35.0332858816	55.8811218514	0.00630540493876	0.0022883086931	-0.000651574926451
4.73699941039	-34.1981762557	58.8636562295	0.00408486509696	0.0038456954062	0.00179168256
5.58485906811	-35.4778364259	54.2934413359	0.00485536968336	0.00165178929456	-0.0020383996889
11.0175597393	-35.5202647291	54.1419116817	0.00889239832759	0.00138309167232	-0.00194698479027
1.85907889981	-31.9211137484	66.9960223273	0.00134255201556	0.00712537020445	0.00786271691322
2.54571403631	-35.6748438036	53.5898435587	0.00230826134793	0.00157107121777	-0.00293892901391
5.62344854367	-37.2673606989	47.9022832184	0.00442871358246	-0.00150447490159	-0.00663508428261
-10.2631048159	-36.3067814836	51.3329232729	-0.00858209189028	-5.14442399435e-06	-0.00401746528223
-1.31141660134	-31.8775248248	67.1516970543	-0.00127711310051	0.00720575870946	0.00799723528326
7.97139615816	-33.4436129220	61.5585252787	0.00645587965846	0.00476623186842	0.00379603658803
-2.46295934951	-34.6366505599	57.2976765717	-0.00267852982506	0.00353241944686	0.000461596500827
-0.975822912845	-33.9240199841	59.8427857711	-0.0011348661501	0.0045248363167	0.00271869148128
1.49512103437	-34.3563229605	58.2988465698	0.00129559380002	0.00404951069504	0.00139924476389
2.05340712185	-37.4440275218	47.2713302794	0.00152862549294	-0.00180828059092	-0.00725763849914
1.37931275946	-37.9860377329	45.3355795252	0.000957467709668	-0.00268938811496	-0.0084769539535
-2.38537381766	-37.9081821706	45.6136351049	-0.00212228042074	-0.00257849274203	-0.0083495946601
2.23667589957	-34.9587291409	56.1473959253	0.00212094769813	0.00309868878685	-0.000657916476484
-1.92858901498	-35.2409957675	55.1393008302	-0.002215718152	0.00259073963389	-0.00165992160328
-6.97968295558	-34.5977561727	57.4365850974	-0.00627888925374	0.00295912940055	0.00059552496532
-6.89297517723	-35.7144852291	53.4482670389	-0.00617909291759	0.00108034303412	-0.00262037431821
2.57291026615	-33.2340448330	62.3069827392	0.00202953652479	0.00527844903991	0.00453455466777
3.64378560091	-36.4714197267	50.7449295477	0.00304487976246	-0.000101906611235	-0.0049087847583
-3.28124851832	-33.7049108653	60.6253183380	-0.00315902894363	0.0046163010411	0.00326090306044
9.32662693571	-35.2710050356	55.0321248729	0.00766754429787	0.00181845843326	-0.00128120474983
-8.66474321771	-36.0243304215	52.3416770659	-0.00744505645707	0.000483287876705	-0.003352785483
3.63129552707	-32.2170041792	65.9392707885	0.00280143134296	0.00666229985654	0.00708767492324
-8.70585488745	-36.6747367352	50.0187973742	-0.0073727411218	-0.000589503732044	-0.00505874073133
-2.66932649480	-35.8743137829	52.8774507753	-0.00275597465225	0.00110426079482	-0.00349376094528
-4.25637150573	-32.1927170697	66.0260104652	-0.00373625243083	0.00670656282455	0.0071698948741
1.84646232994	-36.6194409064	50.2162824770	0.00145929225255	-0.000348669796949	-0.0054084835574
8.07705470575	-36.6365547885	50.1551614696	0.0064974441193	-0.00045382900862	-0.00499448273331
-0.541192257342	-37.9622762519	45.4204419576	-0.000606775574852	-0.00266025983728	-0.00847381912172
3.46781261521	-33.6324413019	60.8841382074	0.00287608453073	0.00472019705921	0.0034406685736
-7.28083157281	-33.0606595607	62.9262158547	-0.00630097882822	0.00531699042767	0.00482506956905
-7.04132170609	-33.5133139520	61.3095930285	-0.00617931224406	0.00463671330363	0.00362906116061
1.42178596357	-33.6152143192	60.9456631458	0.0010807994986	0.00485279550776	0.00355941988528
-0.843410562854	-34.6880249057	57.1141967654	-0.0011036695214	0.00373873324133	0.000274535326753
0.855103264014	-32.3002453969	65.6419807253	0.000511199003085	0.00657867128029	0.0069371801801
-3.36264416354	-36.5241973669	50.5564379754	-0.00319212302566	-0.000222689050133	-0.00509747397155
7.86279227206	-36.1713586038	51.8165764152	0.00645468011498	0.000333688571118	-0.00379769783467
-3.83457387431	-37.6589613017	46.5037096369	-0.00334612466395	-0.00218023196794	-0.0077461139299
5.65763970966	-36.7935990770	49.5942890108	0.00459252344444	-0.000706907478161	-0.00552243134007
3.37897971172	-35.2677730591	55.0436676462	0.00311944494024	0.00230399379507	-0.00159948680084
0.899456062552	-35.6951376360	53.5173655857	0.00072443136014	0.00166948419064	-0.00316489627585
5.62914671298	-34.5929096960	57.4538939430	0.00487525388598	0.00315641239285	0.000609363603871
-10.7689441728	-34.1864692161	58.9054670854	-0.00906916428357	0.0034131561406	0.00165725348052
-3.93810505607	-32.9517645683	63.3151265419	-0.00357128400356	0.00559972319752	0.00524250138551
-5.84359564284	-33.6940873557	60.6639737296	-0.0052653173916	0.00443701911718	0.00318652810529
9.56119946046	-33.3835397850	61.7730721966	0.007670303341	0.00482799112797	0.00391848711297
5.69147242289	-37.7323174164	46.2417235127	0.00434431945905	-0.00225454685278	-0.00765985483304
-11.1829209233	-34.9715134206	56.1017377837	-0.00933922361583	0.00212178588845	-0.000453742570244
5.15007699790	-33.6761722506	60.7279562478	0.00428108405322	0.00455095944926	0.00325506273657
8.67715118705	-33.0365319559	63.0123858717	0.00692398194224	0.00536863598973	0.00485977716744
9.52293834298	-35.6204217010	53.7842082105	0.00778176542372	0.00123353220988	-0.00224235933274
6.74609755911	-36.0219773022	52.3500810636	0.00564370630309	0.000618194520939	-0.00346871302463
-10.3530766579	-33.7781450729	60.3637675968	-0.00874895881861	0.00408644834533	0.00277257803828
-5.48204861514	-35.5473088146	54.0453256620	-0.00513929873705	0.00147777434904	-0.00225550704636
5.66676992946	-35.0436129145	55.8442395909	0.00494558177888	0.00241014966741	-0.000745178083889
3.18121862204	-34.2585146431	58.6481619891	0.00280670472421	0.00394565518945	0.00165599386673
10.5062650775	-35.0739348402	55.7359469995	0.0085435193032	0.00211965851486	-0.000723717792425
-1.45397639674	-36.9290241314	49.1106281021	-0.00146977684926	-0.000930005393457	-0.00616464018822
10.1902651099	-35.8522879877	52.9561143296	0.008241051808	0.000841188943014	-0.0028592555318
0.275419751777	-31.8911941652	67.1028779816	3.60403319064e-05	0.00718283001333	0.00795805547386
-2.78856647090	-32.0142801740	66.6632850928	-0.00250906450674	0.00699224090204	0.00764540722594
6.66924561441	-33.2865475117	62.1194731725	0.00540421716869	0.00504066143185	0.00425139954314
4.26055368711	-37.4981913284	47.0778881130	0.00329986121505	-0.00188892241567	-0.00723734218627
0.289187700358	-34.1516196124	59.0299299556	7.79310794314e-05	0.004329983145	0.00205936143175
-10.8978994341	-35.7702072176	53.2492599372	-0.00909099075943	0.000846976123285	-0.0025746289175
-0.798905588954	-32.2736533401	65.7369523569	-0.0008719204925	0.00661974120885	0.00701296888292
-8.35915089148	-34.9617561693	56.1365851098	-0.00730157969519	0.00226651108824	-0.000433264329331
-5.39516541171	-35.0775060910	55.7231925321	-0.00511325290427	0.00232343841344	-0.00086298288079
-0.394462236616	-33.5444846477	61.1982691153	-0.000571005279198	0.00495439209044	0.0037696105428
0.815284844479	-34.7627342902	56.8473775349	0.000678033218719	0.00365041429177	1.85900796623e-06
-3.39933402340	-35.0173124696	55.9381697516	-0.00353705626912	0.00273334188387	-0.000787135330029
0.391317752119	-37.4202060408	47.3564069973	0.000141801472637	-0.00177373678889	-0.00726702949032
1.01969197355	-37.1220249452	48.4213394815	0.00068399135489	-0.0012610492995	-0.00658887717873
11.1435869589	-34.4471899467	57.9743216188	0.00900323968381	0.00312846014276	0.000999085023068
8.40022509885	-34.5399196663	57.6431440491	0.00696499925107	0.00304749119096	0.000765073811635
-10.9715972215	-34.5657057631	57.5510508460	-0.00920965801924	0.00278930156492	0.000632263836451
-8.31124540447	-35.3249076926	54.8396153837	-0.00725398724899	0.00166627741419	-0.00145400315523
7.37587219332	-37.3994180261	47.4306499067	0.00572826480493	-0.00171293783933	-0.00687815481797
8.14455270803	-33.9032835299	59.9168445361	0.0066785402596	0.00405907304958	0.00254424288869
-6.58619696774	-37.5930299172	46.7391788673	-0.0055509689264	-0.00207196967676	-0.00746888201684
1.59201186685	-35.2974807048	54.9375689115	0.00148553180043	0.00254343496636	-0.00187948311213
8.83915216913	-36.9970188621	48.8677897783	0.00696138618514	-0.00104700145312	-0.0058788866736
-2.47616852276	-37.5928193385	46.7399309338	-0.00224508438259	-0.00207029259764	-0.00763918180019
-3.97329210027	-34.6332114574	57.3099590808	-0.00396587094292	0.00326322275214	0.000478637317428
4.4425936388	-37.8994201154	45.6449281593	0.00336602586322	-0.00253139925189	-0.00810414459556
5.29101016748	-35.9733465718	52.5237622437	0.00452686939389	0.000763894175179	-0.00345940049738
3.7168752608	-32.6181047353	64.5067688025	0.00290286750533	0.00608525471762	0.00607640855014
-1.20336935425	-32.9539653608	63.3072665686	-0.00125246250536	0.0056718736887	0.00529958121479
-8.17778267956	-34.6782765543	57.1490123061	-0.00716755772009	0.00274146907032	0.000364474457456
2.45572486013	-36.0637450608	52.2009104973	0.00212230021134	0.000743696466088	-0.00400576461107
-8.66380833836	-32.9428154762	63.3470875849	-0.00737731764093	0.00546103948727	0.005073975306
-0.301182536797	-36.2693383564	51.4666487270	-0.000482113886392	0.000363719416782	-0.00465838611126
-8.16182286352	-33.8255993992	60.1942878601	-0.00708936294541	0.00409828545526	0.00273492280394
9.53499206357	-36.6794338509	50.0020219611	0.00757488561794	-0.0005230390816	-0.00505960686132
-5.17720217043	-37.0465660870	48.6908354035	-0.0045633520931	-0.00117527449038	-0.00623163208365
4.87567676809	-32.8696151082	63.6085174707	0.0038840805646	0.00569943571463	0.00539760291576
-7.39301495209	-32.5711292723	64.6745383134	-0.0063263149932	0.00607074564323	0.00609891116619
-6.25555493772	-32.3238890288	65.5575391828	-0.0053813289851	0.00647527445108	0.00677804369479
-7.98958325812	-34.3407824970	58.3543482249	-0.00701030297205	0.00329638342373	0.00131548265927
-7.10702003795	-36.6585827855	50.0764900517	-0.0061657060869	-0.00054546672618	-0.00512313796207
-6.23234799350	-34.3756050685	58.2299818982	-0.00569083960727	0.00337812141515	0.00124526850414
-11.0952477238	-35.3484245066	54.7556267622	-0.00925380736589	0.00151773297694	-0.00145303364843
-4.17573095080	-32.5595816858	64.7157796935	-0.0037131854333	0.00615943130106	0.00624165963382
-1.73412964242	-33.5641285347	61.1281123760	-0.00177882506978	0.00488959671929	0.00369681976736
8.63753986220	-34.8606168789	56.4977968611	0.00716322055086	0.0025175625924	-0.000139843221405
10.4414416531	-33.8252301216	60.1956067086	0.00841213669628	0.00412788800895	0.00270929560065
6.96722470824	-36.4927583555	50.6687201588	0.00569502543658	-0.000203052855795	-0.00468659028411
-4.92100464835	-37.8857907253	45.6936045524	-0.00417208252475	-0.00254138209857	-0.00823201518506
2.14013591880	-32.2416646325	65.8511977411	0.00157852144912	0.00665048696101	0.00706141861156
-3.64510696358	-33.2758783079	62.1575774717	-0.00338038615882	0.00516190519556	0.00440533924848
5.69989709758	-33.9830996527	59.6317869548	0.00479907589033	0.00407302007079	0.00238301511854
-1.62893861121	-32.6194997497	64.5017866081	-0.00159088813234	0.00612122006714	0.00614238576964
1.02587597070	-32.7375107819	64.0803186359	0.000661640777253	0.00596618466079	0.00584084261209
-5.82451117068	-35.8643028314	52.9132041737	-0.00534651055932	0.000878557795659	-0.00312437536195
-9.69784406896	-35.1384956309	55.5053727466	-0.0082602025941	0.00191055680625	-0.000905961962417
-9.61722186799	-33.3618567801	61.8505114997	-0.00816043652594	0.00477368151769	0.00392030831426
-5.79742287202	-36.1343773419	51.9486523505	-0.00526901660487	0.000395936396671	-0.00386313674971
3.71599915533	-33.0617800352	62.9222141601	0.00296425796114	0.00546795036644	0.00494226161391
7.92726975087	-32.7704538146	63.9626649479	0.00629137316719	0.0057758949697	0.005572586786
-2.57038571969	-32.9628042084	63.2756992556	-0.00242297747172	0.00562894903123	0.00525339785963
-0.579941842166	-37.1380708651	48.3640326248	-0.000694395857863	-0.00129440706223	-0.0066504497081
5.16970448261	-32.1192850363	66.2882677277	0.00403519021347	0.00677404599264	0.0072943479754
-4.33038379051	-37.2518903627	47.9575344188	-0.00383297726512	-0.00151346484199	-0.00677598640323
-4.55529749422	-33.7273959439	60.5450144862	-0.00423180824146	0.00448466604576	0.00314704608172
3.03325065332	-38.0819241167	44.9931281547	0.00227124919184	-0.00282936845906	-0.00860239751637
-2.51038259924	-34.0065263651	59.5481201248	-0.00255921622738	0.00431143539026	0.00243596220389
-5.59910242684	-34.0752176770	59.3027940107	-0.005147642456	0.0038945665583	0.00212692422792
-8.54356808187	-35.6275277708	53.7588293902	-0.00739982537925	0.00114936614409	-0.00228303438053
-9.50272142103	-34.4740694216	57.8783234943	-0.00813454203308	0.00299969152547	0.000916618446354
11.5950714054	-34.9275289715	56.2588251019	0.00935127586126	0.00234788074158	-0.000323964544805
3.67023609830	-35.5876614312	53.9012091744	0.00330670294352	0.00162888097111	-0.00254792533815
-5.45886252618	-32.9939602866	63.1644275479	-0.00482868263498	0.00548278028145	0.00507678370923
-6.34416507315	-33.2885437933	62.1123435954	-0.00559093430638	0.00500902486965	0.00426219729707
-9.75934053709	-35.8793180091	52.8595785390	-0.00825868174434	0.000695370836183	-0.0029095239006
8.71736555002	-35.8807532102	52.8544528208	0.00714959623292	0.000811477832031	-0.00297805806622
-1.25629203403	-36.0731525302	52.1673123923	-0.00140681350604	0.000764197437093	-0.00414499267936
-0.193208998959	-35.4303698327	54.4629648832	-0.000405916507589	0.00235264399089	-0.00240169186145
0.818011836414	-36.4633587015	50.7737189233	0.000554100319277	-3.50309528585e-05	-0.00509810354561
-3.50022033187	-34.3839122739	58.2003133074	-0.00351913901977	0.00370216765441	0.00126641627867
-3.92500777426	-38.0059470775	45.2644747231	-0.00335144414566	-0.00273276329972	-0.00853962823749
-2.93408414272	-36.2054743422	51.6947344922	-0.00290162162855	0.000405776983825	-0.00433854293078
-2.32266766043	-35.5493719909	54.0379571753	-0.00252773263492	0.00185039360076	-0.0026032011956
-4.02850015201	-36.8364249779	49.4413393647	-0.00367740215734	-0.000800260982942	-0.00580556597561
-2.07560363165	-37.2878190087	47.8292178260	-0.00195584236644	-0.0015607496025	-0.0069615021348
-5.98802629035	-36.4315442971	50.8873417960	-0.0053505608812	-0.000134666071972	-0.00462838821113
-4.24383482441	-35.6859139297	53.5503073941	-0.00414024945349	0.00133588339668	-0.00277921045199
-4.79377414413	-36.3356702951	51.2297489462	-0.00442536594346	7.51484549255e-05	-0.00448936643079
7.24437335007	-34.7161125964	57.0138835842	0.00611736159772	0.00282518169843	0.000259472144535
6.86106369073	-34.0427370126	59.4187963837	0.00572008639574	0.00390668213367	0.00218574819155
7.60437287807	-35.3628520460	54.7040998357	0.0063899490051	0.00172552315053	-0.00158908334561
-6.16131321021	-36.8440655184	49.4140517200	-0.00539099564776	-0.000844544323627	-0.00566234998405
2.20214348806	-37.0732068495	48.5956898232	0.00169708277099	-0.00117549963761	-0.00642399815843
-2.16596520656	-32.3159112072	65.5860314029	-0.002017557621	0.0065491865389	0.0068984804675
5.92577365431	-34.2845241653	58.5552708384	0.00504637975246	0.00360608357005	0.00151533982717
8.31058013302	-34.1999767319	58.8572259575	0.0068545518443	0.00359092466533	0.00171964685433
3.41305664546	-33.9722650694	59.6704818951	0.00292111374438	0.00428744591773	0.00249297427945
-0.00714184354007	-38.2562090539	44.3706819504	-0.000148770122905	-0.00311833783053	-0.00911209825426
4.40915484671	-34.5179221758	57.7217065148	0.00390028883703	0.00341547490098	0.000836690538563
5.72507980913	-33.0822037967	62.8492721545	0.00460939342156	0.00536939222366	0.0048187924549
4.65419312555	-36.2071780284	51.6886498987	0.003954091575	0.000359174562618	-0.00414301175624
-7.50834636004	-37.3614909590	47.5661037180	-0.00631913822144	-0.00169943051878	-0.00685851881281
10.8028752736	-34.1157677618	59.1579722792	0.00872036628425	0.00366295967251	0.00191162514966
-6.23668996033	-37.2421857308	47.9921938184	-0.0053580054082	-0.00150572857819	-0.0066378377378
-8.51014114303	-36.3522892135	51.1703956660	-0.00728275300935	-5.74301666347e-05	-0.00423200055957
9.71563114799	-34.3673685686	58.2593979694	0.00793038029224	0.00327992066741	0.00123652163893
-1.19252881237	-38.2400334484	44.4284519698	-0.00110820273403	-0.00309750530869	-0.00909357890487
-0.763202529078	-33.2620962758	62.2067990151	-0.000888296461198	0.00528465071693	0.00451073190197
0.211699634823	-35.9513188194	52.6024327880	1.18837415357e-05	0.00107370887417	-0.00387635780498
9.56649629698	-33.6938447355	60.6648402304	0.0077272830531	0.00434612575918	0.00308366771787
-2.43377870191	-36.7316955183	49.8153731489	-0.00235085608438	-0.000584471505135	-0.00566391693428
10.7427022314	-36.2564124935	51.5128125233	0.00857378542423	0.00017511670012	-0.00393330259249
4.66588914592	-35.3691717128	54.6815295971	0.0041535589844	0.00193802046124	-0.00179316883441
4.53664415738	-37.1349550437	48.3751605584	0.00360665423796	-0.00128479313571	-0.00640348112211
1.73298933582	-32.9613616284	63.2808513272	0.00127738411538	0.00565702607855	0.00526034645736
4.58391530084	-36.6437780246	50.1293641980	0.00377544225194	-0.000433375767898	-0.00524442084134
-5.10769463090	-32.4354968840	65.1589397000	-0.00446239346638	0.00632496457547	0.00653007300571
-0.828264622277	-36.5980608149	50.2926399469	-0.000948325847276	-0.000306925154291	-0.00542069226503
5.48566725886	-33.3876674382	61.7583305778	0.00448243506253	0.00494158407673	0.00402181502432
6.73971617464	-35.5652578807	53.9812218545	0.00572244543582	0.00142007763498	-0.00220753881149
6.58531964048	-35.1813273966	55.3524021552	0.00563913583755	0.00209569814615	-0.00111163768452
-9.33577683473	-33.6301809607	60.8922108545	-0.00796674285084	0.00435627857223	0.0032151651103
3.19077343264	-37.4493265818	47.2524050651	0.00245646131225	-0.0018133437261	-0.00720214378089
2.21943766469	-36.3291557522	51.2530151709	0.00184637552593	0.00021002930589	-0.00469152163714
-10.5945373015	-36.0329092249	52.3110384824	-0.00885230954736	0.000431301159551	-0.00328115560114
6.17936849142	-32.3417099000	65.4938932142	0.00485557410866	0.00642962800339	0.00671068858355
0.788723199118	-33.8875627314	59.9729902449	0.000535028637387	0.00457699084654	0.00282246363349
-4.91459990010	-34.4507859936	57.9614785943	-0.00468336092308	0.00340641173534	0.00103934051003
-0.150795445461	-34.4389014983	58.0039232204	-0.000361215003068	0.004060536623	0.00114615540951
-1.55344592678	-34.9327732502	56.2400955350	-0.00185653055087	0.00326083693653	-0.000600442406721
3.50505174670	-31.8897867567	67.1079044404	0.00268644047901	0.00714771123603	0.00790602248162
-6.22156049774	-34.9204477340	56.2841152356	-0.0057329358533	0.00250008935109	-0.000359621510142
-9.80618315308	-36.7924606897	49.5983546796	-0.00817396491766	-0.000783894269262	-0.00530372466892
11.2685840945	-35.2269299462	55.1895359064	0.00910000130534	0.00186192116234	-0.00114389555529
-4.39545391738	-35.0515871286	55.8157602550	-0.00434169964865	0.00250324024819	-0.000837097410113
4.42243033231	-35.7912956630	53.1739440607	0.00387684395537	0.00115947390441	-0.00304708187468
8.08748617196	-37.2135006768	48.0946404399	0.00632717553526	-0.00140560569707	-0.00642486894503
-1.76318705196	-37.7276925530	46.2582408821	-0.00163675553631	-0.00228795572184	-0.00795462541282
11.3301019712	-35.8186337270	53.0763081178	0.0090861171484	0.000893300864846	-0.0027553611435
1.61279344018	-37.7143964232	46.3057270600	0.00114986556582	-0.0022541785147	-0.00787272676826
7.85850135129	-33.1913695968	62.4593942972	0.00631756708026	0.00514879869297	0.00447047268972
2.89346802740	-32.4368824513	65.1539912452	0.00220955349505	0.00635879253969	0.00655613979325
0.0473594335172	-37.6696166963	46.4656546560	-0.000140219344757	-0.0021877840627	-0.00782243721187
-4.77604145489	-32.7716736651	63.9583083389	-0.00423645647243	0.0058322600089	0.0056791966781
5.96209898229	-32.6548884994	64.3753982166	0.00472390837967	0.00597990583628	0.00591660290956
0.143513071954	-32.9278772145	63.4004385198	-9.00135055417e-05	0.00571654411033	0.00536888791248
-3.01114043715	-35.2874997868	54.9732150471	-0.00319202546962	0.00229433714412	-0.00170374498703
3.23182485161	-34.9080760270	56.3282999037	0.00299911201	0.00298839085735	-0.000433504057582
-3.20226811407	-32.2439232747	65.8431311617	-0.00287238508463	0.00664336793125	0.00706319650635
1.20351783588	-35.0412812443	55.8525669848	0.00110421911813	0.003138596192	-0.00101081980392
-3.30745136519	-37.4114402416	47.3877134227	-0.0029625792522	-0.00177415995859	-0.0071983942762
2.59320785415	-36.8137293166	49.5223952980	0.00207305443473	-0.000715626985766	-0.0058081317693
-5.72270270858	-37.7146200559	46.3049283718	-0.00484524900094	-0.0022679429967	-0.00779845751822
4.19141267786	-33.8282957465	60.1846580483	0.00353584880941	0.0044089728035	0.0028703904245
-5.16282414630	-32.0180664559	66.6497626577	-0.00445866398513	0.00696408050135	0.00758935464546
1.67216999692	-32.4890754284	64.9675877557	0.00119736418128	0.00630298256874	0.00645329849795
-2.34409584642	-38.2272025947	44.4742764474	-0.00204018969089	-0.00307942018844	-0.0090659270063
-7.06856023477	-34.8749879803	56.4464714990	-0.00635917577893	0.00249920971692	-0.00020669780497
-6.96742220297	-35.9821370960	52.4923675144	-0.00619290070608	0.000612264266238	-0.00335223670118
-6.99711697892	-35.4248487642	54.4826829849	-0.00628913845867	0.00157511211	-0.00179584545549
6.53172240291	-34.8824392624	56.4198597772	0.00559463445097	0.00260382331908	-0.000236885694903
3.57956874392	-33.2145562450	62.3765848394	0.00287826405838	0.00526577653363	0.00455009192228
1.56644526328	-33.2103301095	62.3916781803	0.00115796294995	0.00533845741302	0.00462469644845
2.44479928939	-33.6238278106	60.9149006766	0.00199149386026	0.00479391869158	0.00350379757583
6.01930731827	-35.7802940719	53.2132354573	0.00513822166249	0.00107744371053	-0.00286369700916
-1.33628178388	-35.4845898123	54.2693220989	-0.00159433379304	0.00213054590859	-0.0025105564855
-3.36225537305	-35.5974352115	53.8663028160	-0.00343145779334	0.00161044322886	-0.00262178271078
-0.879802800896	-35.1880175930	55.3285085964	-0.00115651998203	0.00287207961082	-0.00155632884707
-2.57396391434	-31.7552788318	67.5882898866	-0.00231113610789	0.00738928187639	0.00829451717436
6.54835709002	-37.5643777795	46.8415079302	0.00504707917571	-0.00198340415955	-0.00726701878011
1.79578953693	-35.8570901192	52.9389638602	0.00156760495156	0.00123159401119	-0.00353146367706
3.59531510761	-36.7379930208	49.7928820685	0.0029362551868	-0.000588783004787	-0.0055538136512
3.74419267209	-36.1938481197	51.7362567154	0.00320547493175	0.000421069213189	-0.00420281663537
-3.46234875195	-31.8398979727	67.2860786688	-0.00304887886159	0.00725430622697	0.00807248800993
-0.651560722126	-34.1699887592	58.9643258600	-0.000850632903166	0.00429637311026	0.00200099498034
1.22993612284	-34.1332504657	59.0955340512	0.000991372391582	0.00430439738557	0.00209831190296
6.91943882141	-36.7608088076	49.7113971159	0.00558270467445	-0.000658541976009	-0.00536224385723
-3.80960951180	-33.9306164046	59.8192271263	-0.00366162694991	0.00427408749238	0.00260506570339
-2.76690686786	-33.4683072626	61.4703312051	-0.00266804383136	0.0049539571628	0.00392388086766
2.38213793399	-37.8880541020	45.6855210642	0.00176364101935	-0.0025286602322	-0.00821535289288
1.49876519238	-36.8798479152	49.2862574458	0.00111864611972	-0.000829759344924	-0.00602514855564
8.43089840112	-35.1350227467	55.5177759048	0.00701249437407	0.00207290402614	-0.000918205769267
10.2126752210	-35.3599636230	54.7144156321	0.00831377040595	0.00165426859166	-0.0015145202633
9.57875489099	-34.9752990396	56.0882177156	0.00786066614091	0.00229938700795	-0.000454198132502
8.54328476356	-35.4804309051	54.2841753388	0.00707492930815	0.00149055244401	-0.00188400771003
7.63512049158	-37.0276386688	48.7584333256	0.00604712544009	-0.00110362062696	-0.00598460203037
-9.11786535878	-36.1201332208	51.9995242113	-0.0077652214095	0.000314419274218	-0.0035829343833
4.10948668018	-32.2826360789	65.7048711467	0.00319391349331	0.00655760476366	0.00691074552014
4.59672589353	-32.0639397361	66.4859295139	0.00357374525629	0.0068673803471	0.00744633190334
-7.66390027861	-36.9077731980	49.1865242927	-0.00653836270794	-0.000963921076618	-0.00571799697354
4.43584197273	-35.1907593258	55.3187166937	0.00398754375055	0.00229396554641	-0.00126647262368
-8.82478938076	-36.9876317482	48.9013151849	-0.00740252947435	-0.00109717424493	-0.00585277145728
-3.91951335082	-35.9629734754	52.5608090165	-0.00380542059429	0.000823721638881	-0.00359286204912
-8.13113543045	-34.1752483067	58.9455417616	-0.007102180738	0.00355040375143	0.00177366530988
-2.03077006971	-35.8087424326	53.1116341694	-0.00219226162881	0.0013033101568	-0.0033845002763
10.2314142803	-36.4013504402	50.9951769994	0.00816305726767	-6.4097410359e-05	-0.00432313047349
2.43932254998	-36.5795315277	50.3588159725	0.00198683794588	-0.000280944746919	-0.00527320802212
8.60463628621	-36.5028671526	50.6326173122	0.0069293146953	-0.000232071441133	-0.00463088322431
0.953931819871	-35.3272005727	54.8314265260	0.000828032090794	0.00255909119733	-0.00203045923263
2.19191625788	-35.3108432436	54.8898455584	0.002062917687	0.00241601420566	-0.00186305306852
9.10343459411	-33.6236142720	60.9156633144	0.00736168818548	0.004463811405	0.00328392884694
-7.80741755292	-32.6679856164	64.3286227986	-0.00666848802939	0.00591117981821	0.00583043368533
0.993828926927	-34.3577747252	58.2936616957	0.000802982132882	0.00409861700609	0.00140495295636
-0.398844398015	-33.9079091615	59.9003244233	-0.000588571070693	0.00456242030486	0.00277179665864
-1.84619116843	-32.2095310708	65.9659604614	-0.00174271769356	0.00670788763091	0.00716783152893
2.59510786143	-32.1243720072	66.2700999742	0.00195025035646	0.00681502744555	0.007343580015
10.1866821863	-33.4071847273	61.6886259740	0.00815409887582	0.00478592980653	0.00384141132236
-6.53273900561	-35.3465155009	54.7624446395	-0.00595259200782	0.00174456567038	-0.00159730331507
-9.41130988775	-33.2152059459	62.3742644790	-0.0079884165898	0.0050121336244	0.00431988341734
-12.1870615603	-34.7395828314	56.9300613165	-0.0100877340883	0.0024551183451	0.000134732879815
-7.56901504399	-36.5430829499	50.4889894646	-0.00654176389799	-0.000359208788723	-0.00479263579473
-0.677822027094	-31.5897274376	68.1795448656	-0.000739130889997	0.00764595065266	0.00871064700186
1.40939433536	-34.7096729429	57.0368823468	0.00128568953369	0.00364371901378	0.0002000961249
11.0319261290	-34.8485570116	56.5408678157	0.00893391110003	0.00248048501089	-0.000103307233076
4.50808024681	-36.9811444991	48.9244839316	0.00362350814976	-0.00102267216425	-0.00605121953413
3.31943187158	-34.5897133796	57.4653093586	0.0030176229775	0.00347220269032	0.000614433491137
-11.4702562196	-34.4810504080	57.8533913999	-0.00957977492362	0.00290836114436	0.000841801927891
-1.13183280197	-37.9765266131	45.3695478103	-0.00108869140968	-0.00268459273502	-0.00850933603942
-1.82911445276	-36.0958253916	52.0863378873	-0.00193784222938	0.000688495405484	-0.00416061934084
4.07926461043	-37.2461765839	47.9779407719	0.00321244308725	-0.00147233332973	-0.0066880537197
6.10023476333	-37.3408823234	47.6397059877	0.00477621331811	-0.00162353739142	-0.00677831750363
-4.24417733942	-36.2947747847	51.3758043403	-0.00398740265518	0.000172622545506	-0.00443741679192
-7.26338252157	-34.3336262985	58.3799060768	-0.00646610464901	0.00335767539218	0.00134912366048
0.109622847781	-37.9952931446	45.3025244834	-7.26792713976e-05	-0.00271007395349	-0.00853587966412
-7.48455347126	-35.8988898341	52.7896791639	-0.00659217033535	0.000733909197152	-0.0030878065154
-3.88463854667	-33.4240725036	61.6283124872	-0.00360970711336	0.00494740018621	0.00400168914348
-10.6799701271	-33.6425651982	60.8479814351	-0.00899105146527	0.00429564481601	0.00312102702446
-4.89584567353	-33.8444692274	60.1268956165	-0.00453617842868	0.00429216446355	0.00280653359368
11.5508211729	-34.7410301423	56.9248923491	0.00931797735393	0.00265072658658	0.000188105623238
1.31922111789	-31.5935148323	68.1660184560	0.00090169213945	0.00762815680355	0.00868227053434
-2.95920335894	-38.1354118841	44.8021004141	-0.0025509360712	-0.00293655670248	-0.00885315705091
-6.56284693300	-32.8079749854	63.8286607666	-0.0056922393851	0.0057252808474	0.00551731931046
-9.21769782793	-33.7820002190	60.3499992179	-0.00788905564696	0.00411978922784	0.00281112338416
-7.23853963723	-33.2025675903	62.4194014631	-0.00628772331402	0.00510125746951	0.00445175543427
-7.00358306051	-33.8965650001	59.9408392853	-0.00620982656255	0.00405500689521	0.00258263363503
-8.54976424686	-33.2865604663	62.1194269061	-0.0073265763931	0.00492460560054	0.00416981475428
-4.98522335570	-37.7426218565	46.2049219412	-0.0042540053837	-0.00231402576901	-0.00789504684508
6.31046954904	-33.5771860304	61.0814784629	0.0051850778982	0.00462924642488	0.00348454527557
-8.07757826714	-36.0980186972	52.0785046529	-0.00700190523639	0.000376083073206	-0.00358599959873
2.88906830088	-33.3711419890	61.8173500392	0.00232435460202	0.00508874002844	0.00416403124109
1.81968931675	-33.3503170655	61.8917247659	0.00139577593654	0.00515642436221	0.00425334554166
0.79667599093	-33.3417035742	61.9224872352	0.00049378327094	0.00519052986056	0.00429788976908
1.99837419232	-33.9006275794	59.9263300737	0.00165582983755	0.00449708336964	0.00275217276067
-1.44379884709	-34.3932662861	58.1669061212	-0.0016631805338	0.00400220416486	0.0012832795037
-0.289983064768	-34.953038823	56.1677184893	-0.00052001408767	0.00338894524612	-0.000713216082659
0.071713870342	-32.5422954637	64.7775162012	-0.000148580846144	0.00623899977654	0.00634054699913
1.50414765798	-32.0323498971	66.5987503673	0.00105017772876	0.00696383835748	0.00759309669957
-4.66668085610	-31.9228885720	66.9896836715	-0.00404371973127	0.0071167354472	0.00784168206155
-0.0826886951336	-32.0186805568	66.6475694400	-0.000264702393906	0.00699374964461	0.0076447147876
2.51955328825	-37.1826421267	48.2048495477	0.00194752495736	-0.00136525579728	-0.0066507239826
-3.59634778675	-34.0525021320	59.3839209572	-0.00351316621527	0.00413498748094	0.00226111966185
10.9672887700	-36.1050037301	52.0535581066	0.00877021066844	0.000423764286097	-0.00352772488259
4.04868921038	-37.9523428035	45.4559185588	0.00306132715195	-0.00261868350208	-0.00824925675988
2.20019324584	-31.7640441421	67.5569852068	0.00162189500406	0.00735761411488	0.00824543088675
-3.92986252280	-36.5621894389	50.4207520040	-0.00365995289758	-0.000308628339553	-0.00514294253662
-2.80254504824	-36.4775840663	50.7229140488	-0.00272225379013	-0.000118285541248	-0.00502906600013
-10.2705058096	-36.5522912986	50.4561025051	-0.00855562277138	-0.000399515469326	-0.00465926388279
-10.9568498535	-33.7853236299	60.3381298933	-0.00920537952334	0.00405767699704	0.00272593740374
6.98092065678	-36.3390665060	51.2176196214	0.00574630033225	6.0925805883e-05	-0.00429038517177
7.94814357212	-36.0086581595	52.3976494303	0.00655353162438	0.00060961098643	-0.00335862557404
-3.06184065725	-34.2944844199	58.5196985002	-0.00312085240148	0.00388708966784	0.00155407155398
-1.87634069789	-33.7300148243	60.5356613419	-0.0019323816523	0.00468670297414	0.00324071547948
9.28910035446	-33.0258255219	63.0506231362	0.00739584583789	0.00537972105667	0.00487467413768
6.48045835933	-36.5579761973	50.4357992955	0.00530238403007	-0.000309317343635	-0.00488364323974
-4.27604585018	-37.5708843515	46.8182701731	-0.00372140435502	-0.0020380646456	-0.00752463703975
-3.36864835993	-37.7647467711	46.1259043890	-0.00294761080295	-0.00235018902458	-0.00800375919789
-11.6169210055	-35.2947450108	54.9473392472	-0.00963346660137	0.00158325734083	-0.00130456511397
9.19783383297	-36.4549159539	50.8038715934	0.00738369068131	-0.00015351564798	-0.00448668003082
-7.48520088565	-35.5233839272	54.1307716886	-0.00663855159655	0.00137600011658	-0.00204756297171
0.949356488703	-36.6020959722	50.2782286708	0.000661079131532	-0.000308237009449	-0.00541480723768
-6.37556773878	-33.1582084327	62.5778270260	-0.00559470104054	0.00520267989486	0.00460682110861
-4.70601597239	-34.9360550773	56.2283747239	-0.00458179647103	0.00265685841441	-0.000459421600681
8.50430274380	-32.7527045012	64.0260553527	0.00673759821802	0.00579715007916	0.00560706295073
5.64311481288	-37.1124330504	48.4555962485	0.00448916712776	-0.00124723848421	-0.00627815537155
5.58959926813	-36.5207671873	50.5686886169	0.00461620464921	-0.000231727593928	-0.0048568402417
0.857542474314	-33.5976601229	61.0083567038	0.000568650371861	0.0048894812353	0.0036189139355
0.223002445203	-34.7258334685	56.9791661841	3.95860915887e-05	0.00373992603272	0.000133936860948
0.334955304777	-35.7105331721	53.4623815283	0.000147013910464	0.00165259616915	-0.0032345072832
4.17605388816	-37.6527428120	46.5259185286	0.00320193031803	-0.0021401301492	-0.00758337322623
1.39511938292	-35.6763598834	53.5844289880	0.00122244050726	0.00168025889434	-0.00307181873359
3.07905641733	-35.3841252859	54.6281239790	0.00284664076753	0.00211866153404	-0.00199883477762
-1.93892149974	-34.6485514074	57.2551735451	-0.00219514593482	0.00361694116145	0.000419487420004
0.707795913214	-32.9673790611	63.2593604963	0.000397392199375	0.00566267454997	0.00526335882023
-0.587125410098	-37.7046381827	46.3405779189	-0.000664899183903	-0.00224708253518	-0.00790690537542
-10.9433547579	-36.1436984350	51.9153627323	-0.00909689627588	0.000249955977779	-0.00355855864473
-4.53074846393	-35.2704490536	55.0341105230	-0.00443756906316	0.00208974489942	-0.0015093999682
-10.2153919239	-34.1585248696	59.0052683228	-0.00865730177611	0.00347835151479	0.00175366678741
6.90755646641	-33.5220735666	61.2783086905	0.0056430241093	0.00468430900946	0.00361487199552
6.64638777242	-34.4713567945	57.8880114483	0.0056354640983	0.00325909303501	0.000966481224168
4.74909359316	-34.7515716414	56.8872441380	0.00421377224848	0.00300507852808	0.000116807044833
-0.247874987624	-36.5702627952	50.3919185885	-0.000423540477641	-0.000247292569838	-0.00536385504529
5.44581247801	-34.3637142647	58.2724490545	0.00468870718032	0.00352963013574	0.00129089294933
-11.3224964217	-34.2144135625	58.8056658481	-0.00948001071811	0.00334931397811	0.00155983329751
2.75811689411	-36.2820023045	51.4214203412	0.00233420939185	0.000287051108899	-0.00452661607414
2.52233989069	-33.0792599248	62.8597859828	0.00196340354159	0.0054826606065	0.00493707880378
8.01072411941	-36.4749163669	50.7324415468	0.00649137003347	-0.000182388263056	-0.00458370894194
-1.33268275129	-36.6497381835	50.1080779160	-0.00139578466769	-0.000412888970459	-0.00552568538114
-5.55694830227	-33.5572809622	61.1525679921	-0.0050092372112	0.00465573556721	0.0035726793576
0.354028648009	-31.5776084062	68.2228271208	0.000110045737529	0.0076602101326	0.00873358082026
-2.96895006178	-36.7762404195	49.6562842162	-0.00280163274147	-0.000675105955452	-0.00573586579412
-3.19700045044	-33.1723000040	62.5274999857	-0.0029844972305	0.00532292714342	0.00469295075163
-4.60622549706	-33.1799124173	62.5003127954	-0.00416274787858	0.00524918269366	0.00462243286893
-3.28493329639	-32.7042723476	64.1990273299	-0.00299209379591	0.00597048318014	0.00589714059606
-11.5420600633	-35.4313804958	54.4593553722	-0.00957272667438	0.00136887899134	-0.00166314211674
4.26314117583	-34.1226409914	59.1334250306	0.00367787457071	0.00400130264461	0.00202640215866
5.66552790971	-37.5828557908	46.7755150329	0.00436826981604	-0.00201672990806	-0.00733631057665
-10.7233988965	-34.9160345376	56.2998766515	-0.00901003181934	0.00223080581054	-0.000301351101371
1.10819165222	-38.2404301857	44.4270350509	0.000747229903936	-0.00308799976483	-0.00904480647296
8.45507826257	-33.4164160390	61.6556570037	0.00682480959222	0.00479564256966	0.00385660654865
5.70777439171	-37.8861878701	45.6921861782	0.00431537535042	-0.00249913544394	-0.00799075700343
-10.5163257776	-34.5480866009	57.6139764255	-0.00887681730092	0.00283607537858	0.000692091125529
4.23459539484	-33.6847936055	60.6971656946	0.00353326182812	0.00459941662848	0.00326652079821
5.33718390672	-35.1450332432	55.4820241315	0.00469261361286	0.00226842868142	-0.00106751511339
8.08713227840	-33.7270601779	60.5462136502	0.00660135177895	0.004331742879	0.00302759977058
3.26951916630	-32.9654831023	63.2661317774	0.0025766689796	0.00561364693567	0.00520566804335
0.48000971991	-33.7764618874	60.3697789737	0.000236280116951	0.00470051867887	0.00313731189817
11.5564811562	-35.4639281411	54.3431137818	0.00929533597082	0.00147348816972	-0.00179182994179
6.34883832402	-36.1155079224	52.0160431344	0.00531726470217	0.000465963938041	-0.00374883040786
5.35885075325	-35.5970686260	53.8676120500	0.0046618077904	0.00145247275941	-0.00240203738213
10.4851148875	-35.5697267204	53.9652617129	0.00849528610706	0.00130543648265	-0.00208660704084
7.10525116898	-35.9135079718	52.7374715294	0.00593922426924	0.000796061824076	-0.00315042561851
-10.0160804044	-33.8868760862	59.9754425494	-0.008499388583	0.00392275396734	0.00249476893805
-8.09860245893	-36.3354637597	51.2304865723	-0.00697895418853	-2.19662724703e-05	-0.00421436317265
-6.02302108014	-35.5867296559	53.9045369433	-0.00554493488744	0.00136229337659	-0.00232464401051
-5.40861898049	-35.7796393121	53.2155738854	-0.005041975528	0.00105994916521	-0.00292652775533
-10.7074304008	-35.0370850454	55.8675534095	-0.00899128522724	0.00203537940979	-0.000625932239927
2.63574880266	-35.0659617884	55.7644221842	0.00248839822598	0.00282408250496	-0.00100119377021
5.21094617191	-33.9251527124	59.8387403127	0.00439442554489	0.00419379631057	0.00256148679182
-8.90716889146	-32.6536167921	64.3799400284	-0.00753818545491	0.00591387785971	0.00582170020789
5.66940140942	-34.8985560674	56.3622997591	0.00494169211015	0.00265526934527	-0.000308397400659
3.42099465227	-35.8501224811	52.9638482817	0.00302812177688	0.00112110783812	-0.0033258262556
3.61171347715	-35.0029746150	55.9893763750	0.00332332379185	0.0027561027091	-0.000725671998225
-5.94609729572	-33.8325596327	60.1694298831	-0.0053734248504	0.00422542449087	0.00279931398109
-10.5819542526	-35.3089397754	54.8966436593	-0.00888617150486	0.00159970577806	-0.00135577539913
2.76505577494	-34.3138140537	58.4506640938	0.00245938682929	0.00393099337816	0.00149862666149
-0.989293026218	-37.2034096430	48.1306798464	-0.00104170502163	-0.00141006242484	-0.00679389666766
-2.59801881298	-37.0222023921	48.7778485997	-0.00243971589953	-0.00110703334212	-0.0063335346058
7.90270406992	-37.4511340344	47.2459498772	0.00610463088378	-0.00179289549123	-0.00699657853693
-0.984926922714	-36.8830553348	49.2748023756	-0.00106430845335	-0.000842548615765	-0.00607117451727
9.47637434798	-37.0074886658	48.8303976220	0.00743340374902	-0.00105893181171	-0.00589652685449
9.99762557695	-35.9923947514	52.4557330308	0.00807564798743	0.000610507442616	-0.00324073550291
11.1964436990	-34.0125887153	59.5264688739	0.00900617986917	0.00382428406738	0.00218580756336
-3.28280417016	-32.0835354402	66.4159448566	-0.00292344321497	0.00688323611394	0.00746456254274
8.14668114001	-32.6403536541	64.4273083783	0.00643987488002	0.00596696930006	0.0059059499763
1.29157719590	-31.9162324767	67.0134554404	0.000875193218235	0.00713844969869	0.00788409635425
-2.27976934938	-31.9613025643	66.8524908419	-0.00208411854692	0.00707567436621	0.00778334401548
-0.253525699262	-31.8866377184	67.1191510058	-0.000401626341045	0.00719153461978	0.0079729706049
0.258985313124	-32.2827662336	65.7044063085	1.31018687171e-05	0.00660659605637	0.00698665902019
6.68179012185	-33.1526319874	62.5977429022	0.00538609782234	0.00523681147024	0.00460462970659
-9.60725813779	-33.0973946363	62.7950191560	-0.00812994595617	0.00519480835646	0.00462306477129
6.49545046203	-34.7487184341	56.8974341639	0.00555678876117	0.00282656215131	0.000155741072376
5.18744724881	-37.3465583335	47.6194345233	0.00406556017697	-0.0016361993039	-0.00683924090117
10.8745668992	-33.7073945513	60.6164480310	0.0087248776108	0.00431064981967	0.00301946373656
1.20258472405	-35.9008801611	52.7825708532	0.000990594970062	0.0011657839641	-0.00370010477491
3.6175993584	-34.3513015503	58.3167801774	0.0032061082311	0.00376344821416	0.0013605382992
11.3397866345	-34.1750025600	58.9464194286	0.00913002900779	0.00356390909292	0.00174080894794
9.90107687128	-33.2720936569	62.1710940827	0.00791192613542	0.00499755283818	0.00420842459425
-10.0127741967	-35.6020714028	53.8497449902	-0.00846188981086	0.0011412545573	-0.00215671467595
-11.7790962055	-35.9027913195	52.7757452873	-0.00972291361541	0.000620673934463	-0.0028919421602
4.64426993024	-36.4928568309	50.6683684612	0.00386626180261	-0.000163866236107	-0.00486876396462
-8.05767790123	-37.3969377849	47.4395079111	-0.00673330295831	-0.0017546802992	-0.00691924244165
-1.64336981967	-31.6029628517	68.1322755298	-0.00153455638792	0.0076266922988	0.0086786756292
1.92750633322	-35.4298632185	54.4647742197	0.00179176020902	0.0021953494288	-0.00227533606812
-0.408399237835	-32.5347423633	64.8044915595	-0.000554177095182	0.00624907249585	0.00636108824983
-8.82135044631	-34.8996188154	56.3585042308	-0.00763704162091	0.00234282691963	-0.000254493585089
0.446256755905	-32.0232370036	66.6312964158	0.00017426465638	0.00698507064953	0.00762937963009
7.09248842159	-37.6591483473	46.5030416167	0.00542221590877	-0.00213504233398	-0.00747794331983
-1.14057959721	-32.0095676632	66.6801154885	-0.0011430089362	0.00700748339295	0.00766947772354
-8.77544102126	-35.2476390252	55.1155749099	-0.0075927390717	0.00177175842691	-0.00122447276954
-7.87186649531	-35.0153730413	55.9450962812	-0.00694727431983	0.00220789806917	-0.000593519769609
-7.37594636313	-34.8116455341	56.6726945211	-0.00658353976905	0.0025793898385	-1.91732706298e-05
4.60844747553	-34.9655926156	56.1228835158	0.00412388518453	0.00266790040769	-0.000554313708562
0.532739159703	-32.5373394394	64.7952162877	0.000240770590608	0.00624473858625	0.00634935917333
-5.50974548318	-32.1218317096	66.2791724656	-0.00475264992565	0.00679904222488	0.00731677329168
4.56251881801	-35.5174272271	54.1520456174	0.00404895562679	0.00167088943999	-0.00224472698756
-1.92974974239	-38.1172818838	44.8668504149	-0.00172117829788	-0.00290768127888	-0.00882148183882
3.76618270568	-32.9032285432	63.4884694885	0.00298022152856	0.0056847371161	0.00534872058779
-7.64642616905	-34.4730293407	57.8820380690	-0.00676509924233	0.00310820923187	0.000948197848629
4.15482103159	-38.2253794301	44.4807877497	0.00313618546352	-0.00304478686303	-0.00884013157338
6.52182266403	-36.9689951745	48.9678743767	0.00521497707814	-0.00100762548391	-0.0058904751204
-5.53690686351	-35.3753478232	54.6594720601	-0.00520314555615	0.00178272381891	-0.00174719584174
10.5094104611	-36.5385926532	50.5050262385	0.00833536777645	-0.000287441536784	-0.00467945123091
-4.52667508520	-35.4044409464	54.5555680486	-0.0044186078012	0.00184169062413	-0.00191812147386
8.61483192920	-37.2471322819	47.9745275648	0.00671033933759	-0.0014558021212	-0.00650062644854
-10.2188072610	-33.3699968696	61.8214397516	-0.00862394459546	0.00474532088265	0.00387055822648
9.07152078262	-33.7531981281	60.4528638282	0.00735974917188	0.0042636343278	0.00293367519043
-3.60810937456	-35.1206915658	55.5689586936	-0.00370839657262	0.00250813527964	-0.00111040147021
-1.32981537563	-34.0290069464	59.4678323344	-0.00148293888196	0.00439379224554	0.00240789470263
1.85607391666	-34.2638827892	58.6289900384	0.00161604443565	0.00410771230236	0.00168141082395
3.05836761624	-33.8606536033	60.0690942739	0.00258454773575	0.00446024956182	0.00282478192821
7.76390075603	-36.9071145901	49.1888764639	0.00618191855028	-0.000904069980606	-0.00568466819823
-1.35226093712	-32.5042176132	64.9135085244	-0.00134933728259	0.00628640083596	0.00643461942673
-0.774321510069	-33.8009540830	60.2823068463	-0.000934109499212	0.00466275122017	0.00306829251349
0.232432501675	-33.3241493779	61.9851807931	-7.71307441028e-06	0.00521626975387	0.00434982264414
0.512706478241	-37.1281788378	48.3993612936	0.00024787086295	-0.00127286661882	-0.00661726668477
-3.10365475623	-34.8931484181	56.3816127924	-0.00328164105304	0.00300626480021	-0.000389861466829
-2.03276402475	-34.3969599644	58.1537144127	-0.00222510960884	0.00391476927325	0.00125874171499
7.54982414280	-33.0739020555	62.8789212302	0.00605321535841	0.00533091556281	0.00478802481666
1.32650111923	-37.2362246020	48.0134835644	0.000938143348321	-0.00145848910324	-0.00683137029409
2.67614930765	-37.6391262463	46.5745491204	0.00201682792976	-0.00212700827979	-0.00765278423205
1.50658087870	-37.4384396184	47.2912870770	0.00107588258106	-0.00180065829773	-0.00727111846209
1.19600976760	-37.6227891111	46.6328960319	0.000810636614915	-0.00210676062852	-0.00768870813772
-0.216635942907	-37.2291270810	48.0388318536	-0.000378172728233	-0.00145080173388	-0.0068527655676
-9.32330924516	-35.8097470156	53.1080463728	-0.00794866029173	0.000820525106974	-0.00274243904278
10.7862823084	-34.5246111230	57.6978174178	0.00874114315957	0.00300769112073	0.000790691294242
6.30304866887	-32.1875580409	66.0444355682	0.00493748858571	0.00665240176022	0.00709869619459
8.20858869544	-34.8199348585	56.6430897910	0.00684351986274	0.0026025341358	-2.86101985694e-05
-8.29787823929	-33.6986157641	60.6478008425	-0.00717907911167	0.00429025664926	0.00307478499599
7.59107634661	-34.4075370170	58.1159392251	0.00634180102497	0.00329857203178	0.00114400079474
-11.6681548201	-35.0285847011	55.8979117819	-0.00968707725406	0.00200777826831	-0.000608782982454
-6.50226914684	-34.6259688883	57.3358253991	-0.005924558267	0.00295584788546	0.000513159437105
9.41953414040	-34.6467673012	57.2615453527	0.00773226702586	0.00283863861114	0.0004623530549
9.60930215429	-35.8551786678	52.9457904721	0.00781262479723	0.000841436500195	-0.0028799038846
1.41706377435	-36.5043801305	50.6272138198	0.00109379750211	-0.000121824508824	-0.00516579020768
-4.62088269483	-33.0557205808	62.9438550684	-0.00415334384888	0.0054257651791	0.00494783045724
-11.1935579539	-34.8507620371	56.5329927247	-0.0093550933525	0.00231694662943	-0.000133326131618
8.77851996460	-34.2422188830	58.7063611323	0.00721339182928	0.00350661808625	0.00159537873697
-11.4261756799	-35.7158074991	53.4435446459	-0.00947636552155	0.00092176074395	-0.0024128605146
2.87641161901	-38.2208457605	44.4969794266	0.0021484810859	-0.00304562482052	-0.00891686044633
8.94893543676	-36.0002962763	52.4275132991	0.0072995852679	0.00060683360789	-0.00329211796634
-7.60831699684	-32.8037266758	63.8438333007	-0.00652683759108	0.00570404483005	0.00548483105376
-2.19487062383	-36.3204282165	51.2841849410	-0.00222178082913	0.000208578683669	-0.00469180196524
8.65933862120	-35.7473124418	53.3310269935	0.00712794950232	0.00103765784297	-0.00261666672304
6.60145639469	-37.7302843681	46.2489843996	0.00503019895405	-0.00225018407218	-0.00763500668108
-6.73379074613	-37.7461268735	46.1924040231	-0.00563117535785	-0.00231447489932	-0.00783190503716
-6.08733031546	-33.5468102975	61.1899632232	-0.00543148349971	0.00463871005923	0.00357881491072
7.83794540194	-34.1584499076	59.0055360443	0.00648984545842	0.00367667386308	0.00184297538362
5.86713096835	-32.7946814681	63.8761376138	0.00467030704021	0.00577994529158	0.00555984396487
7.65217144071	-37.1630352052	48.2748742671	0.00601647282019	-0.00132600322831	-0.00631184736267
-8.75747646363	-35.3838208465	54.6292112626	-0.0075723878108	0.00154660025146	-0.00160256400704
-3.20566046089	-37.8904787123	45.6768617418	-0.00279264268465	-0.00255081895739	-0.00829384289682
-7.86501434531	-35.2659945387	55.0500195047	-0.00693408260122	0.00178975868039	-0.00130444241222
0.626588027525	-38.1191433041	44.8602024852	0.000353804090992	-0.00290225073695	-0.00879443529993
-6.24387405829	-37.4983305267	47.0773909761	-0.00530471792445	-0.00192100589629	-0.00725728832185
5.19481779147	-37.6693559978	46.4665857220	0.00398359633982	-0.00215832167305	-0.00755053246394
-7.12922293517	-37.6447446787	46.5544832905	-0.00596178416163	-0.00215231510811	-0.00756996311247
7.14004644200	-33.7625330490	60.4195248251	0.00587685918435	0.00431533763185	0.00295505532995
-4.18709175662	-34.9148386201	56.3041477854	-0.00417271861807	0.00277244346216	-0.0004140107485
-11.0266635341	-36.4473782826	50.8307918479	-0.00912667345256	-0.000234042934608	-0.00435247877613
8.61773183277	-33.9544677960	59.7340435858	0.0070481505245	0.00396332144737	0.00239360937849
10.8696792873	-34.2497397288	58.6795009687	0.0087834764272	0.00344820390455	0.00154420151375
-6.80267228998	-32.2632978975	65.7739360804	-0.00581566803157	0.00656155170873	0.00691481493413
-1.14418263280	-33.3430179523	61.9177930273	-0.00123019888997	0.00517731765285	0.00429545668885
-0.475847281378	-33.1538525267	62.5933838333	-0.000631281232927	0.00542335305363	0.00479225255549
-11.1816783788	-34.0873608258	59.2594256221	-0.00937694497406	0.0035608257167	0.00190618773922
-7.03445823775	-32.4758994498	65.0146448221	-0.00602745916694	0.00622586905956	0.00635918043554
8.40875624060	-36.7503519907	49.7487428905	0.0067142159678	-0.000643310078885	-0.00527038471773
-4.46086899577	-34.4259595549	58.0501444468	-0.00431786989793	0.00350318010896	0.00112018897198
-8.08995993589	-33.2106827585	62.3904187195	-0.00695858104154	0.00505819683895	0.00439226441085
9.01890088025	-33.1623607880	62.5629971857	0.00721219135448	0.00517370272428	0.00451961299405
-5.46843563076	-34.9351450151	56.2316249459	-0.00516705913469	0.00255792355165	-0.000427531602327
-7.77386267351	-33.3284761568	61.9697280114	-0.00672637904063	0.00488716969267	0.00409300578758
4.84732415231	-38.0704929537	45.0339537367	0.00365512259305	-0.00279946625233	-0.00844765082002
-3.26974796509	-34.6497035470	57.2510587606	-0.0033863435965	0.003359869821	0.000421639007982
-1.85017029232	-37.5130106494	47.0249619664	-0.00173638341948	-0.00193702196702	-0.00747384922579
-4.87551307306	-34.6844674927	57.1269018118	-0.00469064153731	0.00304741133004	0.000326244131429
-6.23612676116	-35.1291883211	55.5386131388	-0.00574399344623	0.00214522285387	-0.000977153307758
-1.48124034695	-33.2275407592	62.3302115742	-0.00151580153033	0.00531214987859	0.00459182448685
-1.67579223168	-35.6800579723	53.5712215275	-0.00188782159239	0.00163076713216	-0.00306035927497
4.54822576465	-35.9310836861	52.6747011210	0.00394312059507	0.000883573491592	-0.00341978436336
5.24727449978	-35.7812360555	53.2098712305	0.00453772675246	0.00112088164315	-0.00293462793343
4.44056900589	-32.5286034436	64.8264162729	0.00348391872831	0.00619639642537	0.00628136564046
12.1112757448	-34.5956561322	57.4440852423	0.00973291136324	0.00288397469558	0.000579798885155
2.94090074932	-32.6854360388	64.2662998616	0.00226873648353	0.00600768812001	0.00592898018658
6.8325303695	-32.2164047046	65.9414117694	0.00535540748388	0.0066023748368	0.00701611675322
-2.13837767197	-32.7769144602	63.9395912135	-0.0020357274916	0.00589418364689	0.00573709793389
10.2406621797	-34.2023438612	58.8487719241	0.00830687582493	0.00353258941323	0.00168394984212
-1.75833808911	-33.1175289836	62.7231107728	-0.00174537778366	0.0054458361119	0.00487204641104
-0.814515336258	-32.8036843175	63.8439845804	-0.000910057337023	0.00587728479877	0.00568400789052
-8.72400831654	-34.3930357816	58.1677293515	-0.00755865126848	0.00316954194568	0.00115559645928
-0.477251923027	-36.0110855159	52.3889803003	-0.000664677645545	0.000928910507355	-0.00402401154861
3.15172816534	-35.9817905845	52.4936050554	0.0027592102997	0.000872260774486	-0.00371411303058
6.89324420236	-37.1905170133	48.1767249526	0.00543170422316	-0.00137441291008	-0.00639998307452
0.36457444468	-36.2032613520	51.7026380287	0.00014939099492	0.000507544726133	-0.00449607800692
-7.78385179549	-33.4488531803	61.5398100704	-0.00675036851317	0.00470094336197	0.00377044617198
-1.08733141697	-36.3377624305	51.2222770338	-0.001211008057	0.000207172779483	-0.00480099627748
-9.03413376947	-34.7107001454	57.0332137665	-0.00779297063127	0.00263976189308	0.000270828022622
6.04747112079	-33.7908582642	60.3183633420	0.00502738496289	0.0043309032917	0.00290895206854
-7.71038949952	-35.6482301055	53.6848924804	-0.00679072318599	0.00115140073467	-0.002383436542
-7.54924800664	-33.7001761506	60.6422280337	-0.00660272641107	0.00432456983253	0.00310106598772
5.49575219736	-36.1774483347	51.7948273759	0.00463608372957	0.000383153266739	-0.00398486061022
1.59860049086	-35.1443096629	55.4846083469	0.00150565430522	0.00287008006126	-0.00135335570667
-7.56041524321	-33.9281695731	59.8279658105	-0.00664221728221	0.00397153198719	0.00247558089904
8.61259639447	-36.2321904312	51.5993198884	0.00700150243938	0.000221097143367	-0.00392334675416
4.65872713974	-33.5204324985	61.2841696481	0.00384164252318	0.00479746935889	0.00369691918604
-5.94952702343	-37.9493414071	45.4666378317	-0.00497137987986	-0.00263794907369	-0.00834700744599
10.3033262325	-36.7523779087	49.7415074688	0.00812528841197	-0.00063726073131	-0.00523722078651
6.10386879567	-35.3290112180	54.8249599358	0.00526783149689	0.00187572278082	-0.00156824209262
-3.65537833435	-35.8136772223	53.0940099203	-0.0036241710186	0.00114060868509	-0.0032103585545
-8.07760200356	-32.4955097401	64.9446080710	-0.00686349766329	0.00617749989033	0.00626782281324
-5.11007183993	-36.8553016778	49.3739225794	-0.00455421535298	-0.000849630101584	-0.00576988747343
-3.67469305257	-32.4086205679	65.2549265431	-0.00328091927804	0.00639199558645	0.00663797231391
-10.3423936670	-34.3479022866	58.3289204050	-0.00875254441053	0.00316740223207	0.00123754062224
-5.24433250093	-37.2378304963	48.0077482276	-0.00457312073559	-0.00149482139386	-0.00668811658397
-4.10642311204	-37.0565946310	48.6550191750	-0.0036924413871	-0.0011821257649	-0.00632747262716
4.55561377824	-31.8605282261	67.2123991926	0.00353137520142	0.00717109022662	0.00795495696366
10.2789026137	-34.0884024098	59.2557056794	0.00832289177924	0.00371325830929	0.00199551042169
6.79043734153	-35.4187296138	54.5045370935	0.00577765703201	0.0016726097092	-0.00178756786045
-6.21867469665	-37.0347261200	48.7331210002	-0.00539183057845	-0.00116386380978	-0.00613103527576
-6.10395172376	-36.6534049169	50.0949824398	-0.00539017515257	-0.000520120433066	-0.00518714869395
4.98586310847	-32.6752127895	64.3028114660	0.00394361373037	0.00597376422957	0.00589225208387
0.672022104163	-36.8435564181	49.4158699354	0.00039705389645	-0.000762396899518	-0.00597477518022
-9.6348943974	-37.0229766510	48.7750833892	-0.00800529774278	-0.00115301646292	-0.00590350059792
12.0478330622	-35.1767633320	55.3687023856	0.00967939291149	0.0019412470283	-0.00100942596328
-7.19301689238	-36.8316217436	49.4584937727	-0.00619420176372	-0.000834865029901	-0.00555684929714
-6.36045892171	-32.1748140721	66.0899497425	-0.0054485569708	0.00670588668436	0.00715612713248
-6.16616091914	-32.4747988667	65.0185754760	-0.00532774766907	0.00624408060685	0.00639392947778
-6.60611217965	-37.4259780965	47.3357925126	-0.00560481660068	-0.00180422700942	-0.00706352852285
-6.96444582975	-37.3205286847	47.7123975545	-0.00590785685927	-0.00163401837926	-0.00678687728941
-3.85857429712	-38.2387074406	44.4331877121	-0.00325357564725	-0.0030963269528	-0.00907544232905
-6.47388948648	-34.1352395473	59.0884301883	-0.00583906564862	0.00372821465135	0.00193035241682
-7.06953227851	-36.4594499542	50.7876787350	-0.00617898488417	-0.000209183737752	-0.00461259437725
0.619823947971	-35.5364494389	54.0841091468	0.00045600917656	0.00207655131817	-0.00271808821708
-5.20206216354	-34.2732969871	58.5953679033	-0.00487495912239	0.00363977160305	0.00156324484851
-5.67565400251	-34.5281496538	57.6851798077	-0.00528701860458	0.00319618429057	0.000802151393145
-10.9529409095	-35.5483579609	54.0415787109	-0.00914196576923	0.00120120414067	-0.0019856619183
6.94812057033	-32.7073652585	64.1879812197	0.0055131111294	0.00588347390294	0.00575740030035
-2.73490989635	-34.3964010474	58.1557105448	-0.00286226370372	0.00380503153428	0.00124415673781
2.09365098612	-34.5206471909	57.7119743182	0.0019083020743	0.00377515866421	0.000849988136906
0.996366935395	-31.7087650050	67.7544106964	0.000634895870462	0.00745433615521	0.00840167328715
-4.17415402403	-32.3986426609	65.2905619254	-0.00369207421318	0.00639796070755	0.00665077287704
3.82880786977	-35.3526599363	54.7405002276	0.00348241650499	0.00207288679667	-0.00182113191113
0.807679838946	-34.5387576837	57.6472939869	0.000642849132419	0.00392671348527	0.000801820715424
-2.21673044503	-34.8432667098	56.5597617507	-0.00248846714385	0.00327404774725	-0.00025435743737
4.31981980988	-32.7606655565	63.9976230127	0.00341446930543	0.0058691073209	0.00569503521547
-4.76285890313	-38.1625323774	44.7052415094	-0.00398826086894	-0.00297565711662	-0.00888165086508
-2.66988551301	-37.3565599706	47.5837143908	-0.00244367239065	-0.00167984096333	-0.00709795113653
-4.11954088118	-31.9579907043	66.8643189132	-0.00359947234392	0.00706714391708	0.00776462443173
11.4606749820	-35.6274383769	53.7591486538	0.00920757371932	0.00120621873066	-0.00223690690473
10.0036905449	-33.9296542765	59.8226632981	0.00809489842504	0.00396893592551	0.00243408302777
11.8231566200	-34.4095737712	58.1086651028	0.00950963515788	0.00318489805795	0.00109257001895
8.96532045432	-32.8765434710	63.5837733177	0.00711783394217	0.00560823176056	0.00527407228947
8.97079663349	-35.0622615207	55.7776374261	0.00741200055927	0.00217405031435	-0.000703656289261
9.79556638556	-35.1915120376	55.3160284370	0.00801630318165	0.00193908740766	-0.00105366739444
-4.68228477001	-34.0105580185	59.5337213624	-0.00440121721476	0.00407661730424	0.00234300619923
5.10102510567	-33.1806715660	62.4976015500	0.00412568449974	0.00525135733187	0.0045826123096
-5.55232547511	-33.2941219707	62.0924215332	-0.00495582073927	0.00503893755376	0.00428112223744
-1.92489740176	-33.4201636549	61.6422726610	-0.00192701269407	0.00505606038496	0.00407695025206
7.45729674287	-36.5594641428	50.4304852043	0.00605039671063	-0.000321221799823	-0.00482800370082
7.35919574062	-36.0738292188	52.1648956473	0.00609734840691	0.000511048303451	-0.00356694683433
10.8962105808	-35.6801288785	53.5709682911	0.0087850112468	0.00112118234392	-0.0023831082508
7.89610787513	-34.5999621664	57.4287065485	0.00659424252808	0.00297501124442	0.000595622870605
-6.69495813519	-32.6755277836	64.3016864873	-0.00578026194125	0.0059243501164	0.00585600174963
-4.46312830136	-37.8071243451	45.9745559105	-0.00382297602482	-0.00241751037538	-0.00806506257504
-6.34614127152	-33.9550190001	59.7320749995	-0.00570974918082	0.00401225080714	0.0024427336175
2.26033431616	-32.4713891126	65.0307531694	0.00168708490673	0.006320070941	0.00648515066132
6.05611213222	-32.4911349540	64.9602323071	0.00477582775056	0.00621508900076	0.00633314298466
3.46798036438	-33.3711023541	61.8174915924	0.00281605077907	0.00506198499352	0.00414254656062
5.24116333856	-34.0757467588	59.3009044329	0.00445759342983	0.00397478882223	0.00213272031397
2.34292099683	-34.8107568105	56.6758685340	0.00220292573795	0.00332249561325	-0.000137454393553
1.50484453696	-32.2698277662	65.7506151207	0.00105240556877	0.00661710603163	0.00700329849496
-2.61236384812	-33.7265201706	60.5481422478	-0.00258467951789	0.00464025186375	0.0032262483146
-2.43284634698	-34.2906763553	58.5332987310	-0.00256389984861	0.00398247269914	0.00158445024863
-2.22623304379	-32.6100280914	64.5356139594	-0.0020938157104	0.00612577889115	0.00615820754319
-6.41412007634	-36.0587539606	52.2187358551	-0.00575991440564	0.000502527167555	-0.00360481371172
-5.10330290463	-35.9196422870	52.7155632607	-0.00477343052626	0.000823503651191	-0.00334681593813
0.397726918184	-32.6714268788	64.3163325756	0.000126776998513	0.00605998886749	0.00601449050009
-6.39415544863	-35.7912774173	53.1740092241	-0.0057934760116	0.000974490132648	-0.00287244375795
1.69821171703	-32.7400915738	64.0711015222	0.00123148073908	0.00595479179174	0.00582221942022
-4.89346854024	-35.5838625599	53.9147765717	-0.0046777469106	0.00146559905261	-0.00241554784589
-3.36344001517	-32.9704377890	63.2484364677	-0.00309376418591	0.00559343537316	0.00521235307679
6.42993758249	-34.1620946683	58.9925190417	0.0054116663523	0.00375319900922	0.0018577890005
-1.03366936014	-33.5678191201	61.1149317140	-0.00115104636643	0.00491308746859	0.00370096066035
1.15101469815	-36.3310059682	51.2464072565	0.000874872726854	0.000229884622968	-0.00477121165022
-8.95379409024	-37.3211015797	47.7103515010	-0.00743278441951	-0.00163050775882	-0.00668951869011
-11.1320934101	-35.2239678488	55.2001148257	-0.00928679201752	0.00171659141779	-0.00112299784087
-9.11355083844	-35.5781662437	53.9351205583	-0.00781588535756	0.00120973587036	-0.00212370371446
-8.72332818544	-35.0847825194	55.6972052877	-0.00756181776524	0.00204363744706	-0.000772179570049
-9.81503952550	-34.9509115987	56.1753157190	-0.00835265498608	0.00221176608466	-0.000392225832911
-9.58859823138	-35.3150532203	54.8748099275	-0.00817326270044	0.00162562576588	-0.00139055133332
-7.59990027723	-36.7225840293	49.8479141810	-0.00652862712741	-0.000658254371956	-0.00525190727785
6.14362005853	-35.9554803114	52.5875703166	0.00519662257284	0.000757662870456	-0.00333517673425
3.91224591491	-36.8152379278	49.5170074008	0.00318002002314	-0.000729738152586	-0.00570989353582
-1.59683310135	-33.8920113982	59.9571021493	-0.00170723197516	0.00452164560556	0.00279528647661
-7.86089548707	-37.0717792195	48.6007885018	-0.00665360596031	-0.00123205652926	-0.00611872365698
3.51290852122	-37.8672921501	45.7596708925	0.00265616714023	-0.00248840707354	-0.00810050405562
3.22188042684	-31.7137112110	67.7367456749	0.00245307036676	0.00741880992427	0.00834931898862
4.64514254122	-32.2342098663	65.8778219061	0.00362309813499	0.00661693699658	0.00701839802787
-9.11951315241	-33.4063520784	61.6915997201	-0.00778062455356	0.00471783708781	0.00382452295162
-5.17101482543	-36.0708403317	52.1755702438	-0.00479198573157	0.000541303481441	-0.00375243159942
-5.41026426784	-36.3857962429	51.0507277040	-0.0049065630883	-3.67382526747e-05	-0.00456129387021
3.75424044618	-34.7204857395	56.9982652161	0.00340903108008	0.0032016034238	0.000196357344976
-1.60620554018	-32.3532143503	65.4528058918	-0.00155248120427	0.00650019105524	0.0068107880652
-6.42383091861	-36.1979143520	51.7217344572	-0.00573922554031	0.000258694955846	-0.0039772707969
6.02813008857	-33.3377854210	61.9364806394	0.00490623991936	0.0049898144789	0.00413581263274
10.1953725730	-33.6920226866	60.6713475479	0.00820598844439	0.00434026541188	0.00307505880482
7.57736982617	-32.4064866168	65.2625477973	0.00596000161022	0.00631620222703	0.00651890784502
8.08359904022	-33.0576933229	62.9368095610	0.00646679196507	0.00534498691559	0.00481764459983
6.46014213272	-33.9086937671	59.8975222604	0.00537936436012	0.00413218932226	0.00257017067634
9.16390230405	-34.4439957187	57.9857295761	0.00752571318299	0.00317268050276	0.0010293679079
10.7164409468	-35.2933650631	54.9522676317	0.00868898350745	0.00175763992593	-0.00132736447267
-1.78013244341	-37.0846141363	48.5549495132	-0.00173223717138	-0.00120874086861	-0.00650938693434
7.36111632271	-33.9841594125	59.6280020981	0.00609349552542	0.00396879436448	0.0023380946368
-0.123037358777	-36.9492782119	49.0382921004	-0.00030415673973	-0.000957075681072	-0.00622632540762
-9.32431582096	-36.2765833223	51.4407738489	-0.00789623893797	5.43848400412e-05	-0.00398538727313
-11.1641814518	-35.9689278064	52.5395435486	-0.00927168037742	0.000525430077687	-0.00308914179914
5.18091020223	-32.3094198564	65.6092147987	0.00405882578343	0.00649639591575	0.0068154996261
5.37874612396	-31.9512393878	66.8884307578	0.00419097486883	0.00701834307984	0.00771098071709
7.45749256049	-36.4078323913	50.9720271738	0.0060911453329	-6.37160919723e-05	-0.00443928595632
-3.74969113628	-37.1657371987	48.2652242902	-0.00337562500499	-0.00136471050791	-0.00660662166774
-1.99860933918	-32.9060769068	63.4782967614	-0.001929875114	0.00572058232501	0.00541062932462
-2.51183937447	-33.0856168922	62.8370825278	-0.00238897558302	0.00546516571194	0.00493812607601
-10.5544493083	-36.6812474625	49.9955447769	-0.00874744355679	-0.000606153043918	-0.00498222652823
-4.99794858556	-32.6078338402	64.5434505707	-0.00439524138346	0.00606864318252	0.00609280634671
-4.87389765054	-37.3398240888	47.6434853972	-0.00425315508619	-0.00166166503914	-0.00695288972929
-3.68383435879	-33.0989061142	62.7896210207	-0.0033824024722	0.00540322391316	0.00486865825951
-1.39610146786	-32.7712294652	63.9598947673	-0.00140459148679	0.00591460661963	0.0057617938146
-2.32986245511	-37.7431439829	46.2030572039	-0.00210165139288	-0.00231416057795	-0.0079804463312
-5.49594117006	-32.7281638925	64.1137003840	-0.00481842691079	0.00587594648823	0.00576571049169
-3.94689315575	-33.6850880253	60.6961141955	-0.00371774542145	0.00459045171738	0.00328908278607
11.5685299185	-36.0796538110	52.1440935321	0.0092194089666	0.00046726805158	-0.0034565103706
0.122674028824	-31.7341076624	67.6639012055	-8.53180972626e-05	0.00742125557736	0.00834827683866
6.09824721532	-37.1914452567	48.1734097976	0.00482023879886	-0.00137805426493	-0.00643600616604
-7.33844022353	-32.3182247163	65.5777688702	-0.00625263620168	0.0064679030329	0.00675460882485
-3.33804986256	-37.5880935064	46.7568089058	-0.00295501784422	-0.0020645915065	-0.00760187581182
-7.65916740643	-37.5349259674	46.9466929735	-0.00639640586451	-0.00197583553381	-0.00727829802781
11.0257231343	-33.8701963582	60.0350130065	0.00886076688766	0.00405188882723	0.00257580145262
8.27870680289	-37.0014700464	48.8518926913	0.00654029566795	-0.00105775077827	-0.00590189499781
2.87954899451	-31.8377679203	67.2936859989	0.00217709341086	0.00723646441475	0.00804903171957
-4.29010301833	-37.4108165638	47.3899408434	-0.00376628502272	-0.00177662435453	-0.00715111382306
-9.85375327084	-34.2793390758	58.5737890152	-0.00839087180793	0.0032980395481	0.00143867800944
-9.294090628	-37.2197871368	48.0721887973	-0.00771101890132	-0.00146793434396	-0.00641921022907
-4.61480423084	-32.3108469952	65.6041178742	-0.00404378399253	0.00652226153761	0.00686168530956
9.90895310165	-33.5750147460	61.0892330499	0.0079692164436	0.00452663144097	0.00339688709937
0.634102356733	-37.6462239267	46.5492002617	0.000345878390362	-0.00214733299799	-0.0077581256628
1.09874759969	-35.5171252350	54.1531241606	0.000954168732278	0.00208971416578	-0.00262820441276
-9.91810608257	-33.5027941991	61.3471635747	-0.00840236339718	0.00454063247889	0.00353020057082
4.14539059307	-31.9702539705	66.8205215340	0.0032065520063	0.00701533770189	0.00769087765366
-9.19427000500	-36.5590894678	50.4318233292	-0.00775729911402	-0.000404761900427	-0.00473145535216
-1.87165401417	-31.8373238847	67.2952718404	-0.00173785793595	0.00726565299556	0.00809512846172
-3.00239462696	-33.3174209754	62.0092108022	-0.0028432791587	0.00513785192743	0.00431768689305
4.51101665948	-32.3916843127	65.3154131690	0.00352750346065	0.00639160675928	0.00662548420951
-8.21743976989	-36.7903840027	49.6057714191	-0.00698311626911	-0.000775099906605	-0.00538504077122
0.368332773823	-36.5576873615	50.4368308516	0.000137652401463	-0.000220452668145	-0.00532964011654
-0.124292099332	-36.4121240503	50.9566998205	-0.000313222233672	6.88068612362e-05	-0.00499662477523
6.14239620087	-36.7715128359	49.6731684434	0.0049788588658	-0.000672459136695	-0.00543556362391
-9.34184961001	-36.9100396488	49.1784298258	-0.00780617445707	-0.000972500769421	-0.00562841584906
-2.94633817117	-33.8648041703	60.0542708203	-0.00290770595893	0.00444187689573	0.00282636820339
-2.15611877094	-34.1345468075	59.0909042591	-0.00227204337716	0.00420057959855	0.00207029865123
-3.27465319743	-35.9186722764	52.7190275843	-0.00327292783186	0.000961470941547	-0.00354541349225
5.18848137629	-37.5069036961	47.0467725139	0.00402223691344	-0.0018975523999	-0.00719548109919
8.37558755836	-36.3518485349	51.1719695181	0.00679633021355	2.20044876187e-05	-0.00424775155261
4.17304553011	-34.2829805754	58.5607836594	0.00364866689779	0.00378763745539	0.00155454699416
-1.13610918999	-32.6506372411	64.3905812819	-0.0011757198954	0.00608343072236	0.0060683041811
1.08537966275	-33.0810891181	62.8532531496	0.000729414168745	0.00551162753254	0.00496740685776
-6.48650854865	-33.7721964408	60.3850127116	-0.00578727945685	0.00427767820656	0.00294575933367
-1.39818071658	-35.7966104012	53.1549628529	-0.00159415893722	0.00138324918225	-0.00341222039424
-6.73827600251	-33.3970262791	61.7249061459	-0.00592201203108	0.00482763722539	0.00395506294444
-8.38959397343	-35.4735355480	54.3088016143	-0.00730084022507	0.00141376513056	-0.00186488800682
-8.45660828945	-35.8044003463	53.1271416202	-0.00731903407723	0.00085664796643	-0.00277082831599
-9.68890874054	-34.6260792592	57.3354312171	-0.00827047694474	0.00274518108927	0.000497106811963
-0.623387423321	-32.9847819324	63.1972073842	-0.00075361051131	0.00563877215609	0.00522498646751
1.03943190359	-37.7574945108	46.1518053187	0.000680195400491	-0.002326419577	-0.00798946153373
-8.84620461666	-34.5555776051	57.5872228390	-0.00765410019085	0.00290111429058	0.00070283934474
-7.03384606338	-34.1782616549	58.9347798039	-0.00627373578027	0.00361829577014	0.00179385533556
10.0492622269	-36.5698274276	50.3934734730	0.00798621028662	-0.000341002247296	-0.00476679392159
10.3603298283	-35.7064262698	53.4770490365	0.00838714465499	0.00108098005876	-0.00246085622348
-5.52279429876	-37.5894819218	46.7518502791	-0.00471521774307	-0.00206822971813	-0.00751068815589
3.05009942485	-36.5420740400	50.4925927142	0.0025229298044	-0.000221149326535	-0.00513382442296
11.0158086674	-35.0027292831	55.9902525604	0.00892119854689	0.00222979066893	-0.000527627882548
3.71316074223	-37.5558821816	46.8718493515	0.00285622966476	-0.00198607961647	-0.00740258255973
0.128748600165	-35.5799131950	53.9288814464	-6.25498723821e-05	0.00198151217774	-0.00286319688894
8.29437063176	-34.9780788037	56.0782899867	0.00691214669496	0.0023387435358	-0.000476579094538
2.68933830615	-34.1548642209	59.0183420681	0.00234482577071	0.00413606362417	0.00198555644602
5.27531113881	-37.9730223580	45.3820630070	0.00397846056148	-0.00264049321413	-0.0082034971565
-4.85131525761	-35.7869153967	53.1895878688	-0.00460385205224	0.0010890547419	-0.0030023639556
9.51028714678	-34.8041538416	56.6994505656	0.00780703872442	0.0025807255879	2.30229798035e-05
5.55726783248	-35.3155690752	54.8729675886	0.00485224695876	0.00194529315922	-0.00156396592502
7.10490969709	-33.3769442418	61.7966277080	0.00576650723815	0.00489246798679	0.00399807561189
2.76829956424	-35.2899072227	54.9646170617	0.00259002367966	0.00236093811691	-0.00173299689777
0.331872237248	-35.3610570790	54.7105104320	0.000160806142958	0.00252121291123	-0.00217235740274
3.73285414438	-32.4879307094	64.9716760378	0.00290324748494	0.00626986660063	0.00640477146953
-10.3433868466	-35.8108258313	53.1041934598	-0.00868712551892	0.000793616170995	-0.0027029120829
-0.510414563512	-35.5828679508	53.9183287473	-0.000732718210202	0.0019602063112	-0.00286340946332
-0.053679802678	-35.2665917047	55.0478867689	-0.000257463660091	0.00275009311736	-0.00185644230805
0.499473493635	-35.2303283645	55.1773986984	0.000347686116584	0.0028201052919	-0.00172126607504
8.38507525465	-33.1647509703	62.5544608202	0.00672184396535	0.00517881009728	0.00452797813341
1.27948194501	-34.8848696786	56.4111797193	0.00117569521535	0.00340347527526	-0.000436534523033
5.17294398213	-36.2834219141	51.4163503066	0.00435092812404	0.000201724033104	-0.00429028598592
7.65891270281	-37.6747572997	46.4472953584	0.00583621533588	-0.0021578152664	-0.00752099975944
-3.88751313662	-34.2760820372	58.5854212958	-0.00381525233388	0.00379656837322	0.00158716156147
-8.32604731241	-36.9453784002	49.0522199994	-0.00703401211649	-0.00102807732765	-0.00577297154814
3.71755476176	-34.2049630916	58.8394175300	0.00324776466005	0.00394968967885	0.00180067052133
-10.0835956149	-33.6494400562	60.8234283707	-0.00853807199746	0.00430121924728	0.00313002709299
9.50353682267	-37.1602986670	48.2846476178	0.00740343844518	-0.00130629551131	-0.00628066202626
6.92642781902	-35.7503747719	53.3200901002	0.00583462836221	0.00108731398359	-0.00271397572942
-8.16441426995	-32.8119594795	63.8144304304	-0.00696876784787	0.00567807629704	0.00543941697106
9.83172978595	-36.8459749159	49.4072324431	0.00774766970426	-0.000793307321146	-0.00548236723989
-0.147155895079	-33.7887079852	60.3260429100	-0.000348558620317	0.00468943687156	0.00310672842897
0.228321216974	-33.8956630636	59.9440604870	6.41316273686e-06	0.00457973312587	0.00280652474612
0.542280902364	-34.4093683059	58.1093989076	0.000353675743099	0.00407849205658	0.00124213774689
-2.12885121748	-34.9934580502	56.0233641064	-0.00241743121296	0.00303718447685	-0.000786597607657
3.05007980407	-32.0070793820	66.6890022073	0.00231957854703	0.00698078563437	0.00762497726828
-3.46601786207	-36.0843834135	52.1272020945	-0.0033916127868	0.000615833268967	-0.00396891590208
-0.0277173016385	-34.5898608511	57.4647826746	-0.00023269749363	0.00390580599196	0.000625182990916
-1.73399599515	-34.7765842835	56.7979132731	-0.00201935623772	0.00347544718534	-3.23096355714e-05
-2.14933824325	-35.3869010949	54.6182103753	-0.00240237405524	0.00223608454689	-0.0021178747993
-2.49599707762	-35.7118428869	53.4577039753	-0.0026441894006	0.00147112901323	-0.00305988453329
10.8542668031	-33.4457810162	61.5507820848	0.00867127534002	0.00472302082926	0.003723945003
-8.99722993893	-33.1043688370	62.7701112963	-0.00765555445105	0.00519815459847	0.0046326527372
9.08756941429	-36.5827420319	50.3473498861	0.00726839806885	-0.000365118467016	-0.00482123345137
-3.21985839181	-36.3684466340	51.1126905930	-0.00310780107975	7.55681030569e-05	-0.00472353119403
-2.84265591199	-36.0367846789	52.2971975754	-0.00286555266939	0.000751830346417	-0.00391051638871
-4.67537780649	-37.1472125636	48.3313837013	-0.00413605337963	-0.00134042778518	-0.00650691008195
-5.50801667153	-36.5258445823	50.5505550631	-0.00495062349364	-0.000286432710709	-0.00491254869848
-4.60824747598	-36.9559481544	49.0144708772	-0.00412508705631	-0.00101549038664	-0.00605222862214
-3.58035054182	-33.5616283865	61.1370414767	-0.00338195567019	0.00478193769231	0.00364212272689
4.75442356161	-34.0238952329	59.4860884540	0.00405207602307	0.00409167911857	0.00229610316455
-6.46576399175	-36.3383898386	51.2200362908	-0.00574178714305	1.33175108203e-05	-0.00434489548206
-3.54791454799	-36.9481977993	49.0421507168	-0.00325371557847	-0.00098874932155	-0.00610618665814
-1.55383583444	-37.3340833428	47.6639880614	-0.00150922348257	-0.00163641723339	-0.00707838824019
-4.53311725218	-36.7242594491	49.8419305390	-0.0041181803681	-0.000612405885477	-0.00549290748313
2.45616795448	-31.9559714437	66.8715305581	0.00183294271119	0.0070657688193	0.00776479998603
6.27102733469	-32.9818355203	63.2077302845	0.00502617564052	0.00549803767353	0.00506351189688
6.06289630588	-36.4732193124	50.7385024559	0.00500139966607	-0.000156366542797	-0.00469986768439
-3.16009698707	-35.4508269782	54.3899036494	-0.00329178501852	0.00193863187451	-0.00220248335972
-6.60089166568	-36.5524565364	50.4555123700	-0.00579940062016	-0.000357471348252	-0.00488962046802
-4.06034561165	-36.1265860985	51.9764782196	-0.00387915014289	0.000498695357237	-0.00401661125943
-5.92200655467	-36.2985608286	51.3622827550	-0.00532930390909	0.000100183766335	-0.0042873295024
-5.60701178185	-36.7543532973	49.7344525096	-0.00497490121052	-0.000684234139044	-0.00548100098968
-4.66919046148	-36.1714868083	51.8161185417	-0.00436581624672	0.000381911959266	-0.00407211948186
-5.29559850807	-36.2350238185	51.5892006484	-0.00485169282183	0.000237188884057	-0.00417801551521
-4.95416343827	-36.4881336358	50.6852370151	-0.00451709935442	-0.000204603697057	-0.0048656319268
7.52053748425	-35.1930640974	55.3104853663	0.0063368990086	0.00201754597947	-0.00110864825547
8.45306156977	-35.3148274534	54.8756162377	0.00702140713111	0.00177175016142	-0.00142392574344
-4.17371498555	-35.4940563956	54.2355128727	-0.00412302697077	0.00171480351128	-0.00222258549184
-11.5531076072	-34.6575647056	57.2229831944	-0.00963034946471	0.00261635589413	0.000370154040866
-5.62864812065	-32.5429243561	64.7752701570	-0.00490082707256	0.00615147361532	0.006237863563
-8.10040054658	-36.4510591267	50.8176459761	-0.00695981131867	-0.000214422136196	-0.00451697641984
7.74611025477	-35.5300962367	54.1067991546	0.00647946447134	0.00143418461084	-0.00205410690978
6.54954123900	-35.0279449766	55.9001965123	0.00561346393079	0.00235910946503	-0.000664038932882
-2.05983445691	-38.3776033445	43.9371309125	-0.00178890966345	-0.00331172370352	-0.00940499268472
5.78589531715	-33.6422399079	60.8491431862	0.00478363130242	0.00456177024171	0.00332525395788
9.38801785459	-35.4013740599	54.5665212147	0.0077041555196	0.00160061335191	-0.00164184439927
-3.65213614063	-34.8980855072	56.3639803316	-0.003739916021	0.00289296847768	-0.000382557860576
1.31857147164	-34.5750870716	57.5175461729	0.00116941099986	0.00382796814665	0.000672690861393
-0.994619314217	-31.7336261312	67.6656209599	-0.00100734515581	0.00742496270686	0.00835459120572
7.38521747961	-34.8676824299	56.4725627504	0.00623333966359	0.00256832432933	-0.000176358109456
10.4600040494	-34.7616977737	56.8510793796	0.00850872322917	0.00262910500169	0.00013929027773
-5.66925769032	-36.9453158027	49.0524435617	-0.00497935572639	-0.00100954575464	-0.00594955077395
-6.65336873010	-36.7428152341	49.7756598782	-0.00579762365669	-0.000680481200106	-0.00537105556577
8.55729085435	-34.7118693742	57.0290379492	0.00709623051807	0.00276328367181	0.000279712170595
-4.31875068773	-31.8087238686	67.3974147550	-0.00374788953923	0.00729723321274	0.00813636835665
3.87979508867	-34.5585266355	57.5766905875	0.00347866979428	0.00342927570455	0.000712507229764
6.96641913409	-34.2060006051	58.8357121248	0.00583357550204	0.00365046993829	0.00172348786145
4.44985444730	-36.8130277572	49.5249008671	0.00362068368122	-0.000730670872144	-0.00566132878885
1.59186931786	-37.1025013396	48.4910666442	0.00117508007679	-0.00122640386689	-0.00652188854292
2.77281052420	-37.0387702490	48.7186776821	0.00218315632083	-0.00111642573029	-0.00631040195003
2.90356066909	-36.1144339414	52.0198787806	0.00250584259629	0.000616669596639	-0.00408875243738
-0.251857481758	-38.1096256574	44.8941940809	-0.000358738994692	-0.00289128115401	-0.00879399105906
-9.96045560003	-33.2248429158	62.3398467294	-0.00841435790062	0.00498362910002	0.0042687645182
-2.36342710417	-32.1810024173	66.0678485095	-0.00217085401528	0.00674586044624	0.00723378220573
3.82815788560	-37.4091427329	47.3959188112	0.00297568459064	-0.00174452224746	-0.00706994766369
0.263722466896	-38.4073383525	43.8309344555	8.13042861409e-05	-0.00334968045354	-0.00943956989795
-5.73150359879	-37.1362783081	48.3704346139	-0.00498421676457	-0.00132919382304	-0.00641212007031
8.68156937853	-34.1017857453	59.2079080526	0.0071201142855	0.00373107218184	0.00198627333157
8.38644685087	-34.3514909482	58.3161037564	0.00693300925195	0.00334868975915	0.00129508716054
-2.39619697172	-36.1342261689	51.9491922538	-0.00244439858943	0.000578045786824	-0.00420829933137
-6.70584579452	-36.9331739318	49.0958073864	-0.00579532794654	-0.000999039271846	-0.00584564870223
2.03535608904	-36.8499384269	49.3930770469	0.0015876875259	-0.000777641776949	-0.00592788122594
9.23126573943	-36.8453629418	49.4094180649	0.00730087934062	-0.000796515087131	-0.00548968743533
11.3003348849	-34.5962279503	57.4420430347	0.00912756286561	0.0028867428191	0.000588162918575
-10.8469629465	-34.4304650092	58.0340535387	-0.00912307668477	0.00301405764185	0.000998749397695
-11.9499285695	-34.3756763318	58.2297273866	-0.00993859302253	0.00306479935534	0.00110348733142
0.626520797729	-37.9725844700	45.3836268930	0.000347172550391	-0.0026719190646	-0.00847326684743
5.32566204820	-32.9680846905	63.2568403910	0.00426579406485	0.00554571812972	0.00512861227617
10.3391496526	-36.1141646765	52.0208404411	0.00830477848649	0.000408326479374	-0.00356027903035
-6.74699787507	-34.3894995118	58.1803588864	-0.00608337856829	0.00331050506793	0.00119780132081
2.51281294168	-35.4243948781	54.4843040067	0.00233818753622	0.00212021800689	-0.00219056033529
6.91419892525	-37.3429771645	47.6322244125	0.00539835169911	-0.0016236633528	-0.00675542466342
5.80021901183	-34.4464832693	57.9768454670	0.00498169241473	0.00336887431331	0.00104355358053
5.16260543403	-34.5425737895	57.6336650374	0.00450356770307	0.00328536354937	0.000759642804042
-6.77128739160	-37.1865106527	48.1910333831	-0.0057884263806	-0.00141622440424	-0.0064690168947
9.56970357016	-34.2187328591	58.7902397889	0.00780500471592	0.00352036161348	0.00164910580497
5.83555046052	-34.1189207136	59.1467117373	0.00493870489299	0.00386235443875	0.00199373741634
5.95808339893	-36.6433448058	50.1309114078	0.00487159797922	-0.000450616324088	-0.00513348495588
-5.76809956450	-37.3458933501	47.6218094640	-0.00496485177428	-0.00167401868384	-0.006916414015
4.6114447679	-34.3601353597	58.2852308581	0.00402546813712	0.0036246185191	0.00131395447534
-7.39228799080	-37.2165454861	48.0837661211	-0.00626221764833	-0.00146602350287	-0.00650657108054
4.93407928603	-36.0847674203	52.1258306418	0.00421362649649	0.000574867939577	-0.00379345798865
9.79716622941	-34.5228621249	57.7040638396	0.00800453405827	0.00302853086032	0.000804921495728
4.17362123525	-36.2863111609	51.4060315684	0.00353790563531	0.000228919743677	-0.00439488328993
10.2162764789	-33.1405749984	62.6408035770	0.00813166704029	0.00520017836243	0.0045514665544
7.52286359368	-32.6410939338	64.4246645220	0.00595313450322	0.00597198866308	0.00591627554968
-1.06004062881	-34.2922514599	58.5276733574	-0.00126836926211	0.00414871564135	0.00161499576643
1.56493328632	-34.0166438118	59.5119863863	0.00128367042635	0.00440130895004	0.00243318337016
-3.44584667031	-36.6735255434	50.0231230591	-0.00322807300836	-0.00049882393796	-0.00545537378639
2.98364718603	-33.1677163593	62.5438701454	0.00236812280491	0.00535087566823	0.00469338335097
2.19542433953	-38.3759620626	43.9429926334	0.00161734747235	-0.0032885754481	-0.00929590221494
-5.09779956418	-37.5989086311	46.7181834603	-0.00437515741214	-0.00208366825245	-0.00755291245878
-10.9993623974	-33.5102890349	61.3203963039	-0.00922881718725	0.00450176326558	0.00345962122083
2.19689966518	-35.7531454326	53.3101948835	0.00196862989105	0.00143286865205	-0.00320291286334
2.12398507853	-35.6254374752	53.7662947314	0.00193358189426	0.00172667670995	-0.00284645496868
3.68377674449	-33.5091046728	61.3246261684	0.00302880280651	0.00486844265833	0.00376595626585
2.89131349519	-37.8684534446	45.7555234122	0.00216881907545	-0.00249445065856	-0.00814310554415
-0.866860534857	-38.1011548502	44.9244469637	-0.000859466963448	-0.00288011925295	-0.00878326222301
-5.24398111293	-33.9604422417	59.7127062796	-0.00484202709049	0.00409529171884	0.00246595148928
-8.30317718831	-34.5244264154	57.6984770878	-0.00725399563089	0.00298256520182	0.000796104432084
-0.581874884705	-33.3918266269	61.7434763325	-0.000733800581656	0.00512994639575	0.00417293421924
8.26954170061	-33.5629416975	61.1323510804	0.00671001058072	0.00457685720176	0.00346764340065
-2.64418693058	-32.7325989374	64.0978609380	-0.00245817424729	0.00594525737688	0.00583996251225
5.10212705876	-36.8884111429	49.2556744897	0.00412519555539	-0.000866198271979	-0.00578951230273
-0.936848976578	-33.1220063559	62.7071201574	-0.00103254348505	0.00545778637752	0.00487162079662
1.55717313052	-31.7739440544	67.5216283773	0.00109490356408	0.00735009042546	0.00823220424354
-7.08033381044	-37.4783798626	47.1486433480	-0.00596177065745	-0.00188758526929	-0.00716689415276
-8.63080422447	-33.7911843405	60.3171987838	-0.0074434815906	0.0041299816221	0.00281018135138
12.1224595638	-34.8249212896	56.6252811085	0.00974415242672	0.00251279259101	-4.75999004266e-05
7.35212843536	-32.8112609803	63.8169250703	0.00584868667647	0.00572376791388	0.00547902658582
-5.19957824079	-33.7009075556	60.6396158727	-0.00475055817515	0.00447280611843	0.00319397542626
-3.56734309243	-38.1182654759	44.8633375862	-0.00304311444052	-0.00290929409675	-0.00880444981158
-5.34721654868	-32.2792975071	65.7167946175	-0.00463863322511	0.0065585016273	0.00692091556266
-9.25640968468	-33.9361650227	59.7994106332	-0.00792970322073	0.00387318758294	0.00239206454717
0.603696061771	-36.0328472872	52.3112596884	0.00039086092147	0.000882084132172	-0.00407103775069
-7.95557460514	-37.2324724687	48.0268840402	-0.00669113453478	-0.00149157783017	-0.00651526451111
5.76727602572	-32.0798073354	66.4292595165	0.00450650416315	0.00682021351531	0.00738070346415
5.83338195081	-35.1901969817	55.3207250654	0.00507072592154	0.00214109313674	-0.00117498845793
10.2600612617	-34.4279133961	58.0431664424	0.00834229122847	0.00317143835127	0.0010629913304
-10.4075854821	-35.4351747327	54.4458045260	-0.00875468272716	0.00140076957177	-0.00169755402021
-0.853550110878	-36.2016272245	51.7084741982	-0.00100842013489	0.000498387904372	-0.00448231911287
6.04490007017	-36.3323660603	51.2415497845	0.00502579752356	9.11583774723e-05	-0.0043412395753
-6.86352106440	-32.9499247895	63.3216971805	-0.00595319736749	0.00549994129688	0.00513410381973
-0.321043274282	-35.8688515432	52.8969587743	-0.000519194058143	0.00126435246784	-0.00366288842633
-0.0791073850774	-36.1085800512	52.0407855315	-0.000274115183856	0.000714764813893	-0.00427101319656
-2.25005964033	-35.9913131055	52.4595960518	-0.00234789587557	0.000886968336999	-0.00385248591192
10.6272006582	-33.9844097158	59.6271081580	0.00857319217175	0.00387385394424	0.00227301591076
11.3004829357	-36.3398094314	51.2149663165	0.00896852277219	4.15896502091e-05	-0.00415049493313
2.77272785226	-32.2797891280	65.7150388286	0.00210167095065	0.0065861842595	0.0069522256963
-8.80898589009	-33.6560286567	60.7998976547	-0.00756625458598	0.00433521484956	0.00316844158806
-3.79691817129	-36.4054227655	50.9806329802	-0.00358755257912	-1.58170150826e-05	-0.00476306071505
2.61943802983	-32.5720540228	64.6712356328	0.00199189782143	0.00617239810526	0.00622370187193
-1.95442010052	-36.8480722352	49.3997420171	-0.00191568501759	-0.000789429002907	-0.00596034852788
-11.9549070097	-35.6540656550	53.6640512321	-0.00986223854125	0.0010054592276	-0.00223413901404
-0.568879782124	-38.2432664271	44.4169056173	-0.000603582302574	-0.00310058938339	-0.00909385457635
7.40530529677	-36.2555248756	51.5159825872	0.00609000632539	0.000197439017938	-0.00404566945508
5.91077253655	-33.4802071199	61.4278317145	0.00484489137307	0.00478913355619	0.00375933432952
-4.05494441356	-33.8169659408	60.2251216399	-0.00383888906799	0.00440367637202	0.00291733443737
1.94783126371	-37.2115882690	48.1014704678	0.00146487238817	-0.00141527492087	-0.0067477975972
-7.08799045867	-33.7367410232	60.5116392030	-0.00625059381127	0.00429407320917	0.00301963253878
-3.07917238301	-34.0276365164	59.4727267272	-0.00306403706782	0.00422483123839	0.00235314737074
0.859673948842	-37.3278931640	47.6860958428	0.000538398686331	-0.00161625305191	-0.00705099571496
2.06589699820	-32.6178816081	64.5075656853	0.00153317127842	0.00611757813022	0.00612196186557
4.11379971792	-32.1395753980	66.2158021498	0.00318881194107	0.00676603335887	0.00726902997121
3.61647479457	-33.8512191124	60.1027888844	0.00305999140255	0.00442559551448	0.0028288597241
3.89665151998	-33.9463165402	59.7631552137	0.00332293892279	0.00427609030157	0.00254846806638
3.99324196423	-37.0687522161	48.6115992283	0.00318446964957	-0.001171404263	-0.00629151053727
-2.24245428612	-33.4931556731	61.3815868818	-0.00221651094034	0.00495080463588	0.00387374451384
-0.853765384817	-34.9483557018	56.1844439221	-0.00113241723739	0.00334663572721	-0.000684032973368
-0.805866257379	-34.4207529782	58.0687393637	-0.0010331699159	0.0040428400971	0.00120263651479
1.40132764648	-33.8841085600	59.9853265714	0.00110576942097	0.00455382699147	0.00281804939732
3.11485065807	-34.4215901625	58.0657494197	0.00279741501436	0.00374007876962	0.00115292798728
-7.45263175856	-36.1831430114	51.7744892449	-0.00652209296823	0.000250254583079	-0.00385651900433
-8.78716019545	-36.8391004553	49.4317840882	-0.0074030244723	-0.000857160775922	-0.00547611014917
-5.89791074410	-35.2395600020	55.1444285644	-0.00548665132374	0.00198695762083	-0.00132122216746
1.67675395178	-33.7530030542	60.4535605206	0.0013336641714	0.0046841329895	0.00317606772296
-1.29052995615	-33.8049992402	60.2678598565	-0.00141194742173	0.00463589048013	0.0030477703549
-2.71711716676	-35.1548357130	55.4470153106	-0.0029496490024	0.00261158519424	-0.00129622896202
0.544987487994	-33.4609047504	61.4967687484	0.00027649657568	0.00505180330947	0.00398794794455
-0.979180327817	-35.9205558655	52.7123004804	-0.00116456113756	0.00112019095104	-0.00377196306363
1.10923097725	-33.4784589467	61.4340751905	0.000783544091973	0.00502149481326	0.00393247278407
-3.12848536327	-32.3961618971	65.2994217962	-0.00282667670399	0.0064193168655	0.00668134866282
2.13224430307	-33.4870724381	61.4033127213	0.00169085734524	0.00497638015077	0.00388240674511
3.15525762889	-33.4956859294	61.3725502520	0.00257773767225	0.00491528678685	0.0038227266632
-0.577287027671	-34.8206519379	56.6405287931	-0.000830217788462	0.00358296697959	-0.000214461775613
-1.15596554917	-34.5512695332	57.6026088101	-0.00140738440678	0.00386495236307	0.000757527188398
-7.26877624095	-33.3682444467	61.8276984047	-0.00633586430922	0.00484696170315	0.00400906102732
-4.39562853845	-36.4495258164	50.8231220842	-0.0040727253072	-0.000117732961371	-0.00481874030083
5.09885404774	-37.0414505029	48.7091053466	0.00408009393141	-0.00112730683759	-0.00614868896082
-12.1927586102	-35.1049388064	55.6252185485	-0.0100622819737	0.00185955944471	-0.000811063742731
-2.88143605603	-38.3209347731	44.1395186675	-0.00245713023469	-0.00322470185347	-0.00927457306534
1.42464900762	-32.8455917668	63.6943151187	0.00100589066278	0.00581599585712	0.00556104304269
-5.98523114129	-32.9432980451	63.3453641245	-0.00524708488956	0.00553908059373	0.00518800551072
1.14603921107	-32.1598362888	66.1434418258	0.000753570988309	0.00677983043715	0.00728227803484
-0.440797142044	-32.1461669484	66.1922608985	-0.00056728743948	0.00680608255789	0.00732980063185
-0.0991231337867	-32.4102526253	65.2490977669	-0.000289913034067	0.0064248801209	0.00667129456997
-1.10804229239	-35.3363037027	54.7989153477	-0.00138333474752	0.00250892946497	-0.00205180840567
4.15166300824	-36.5550179555	50.4463644448	0.0034456087742	-0.000266508111963	-0.00506640039384
-0.903333551255	-38.3950909194	43.8746752879	-0.000857000879478	-0.0033360037487	-0.00943569280207
5.09089926832	-36.7291226248	49.8245620541	0.00416069757193	-0.000590180919971	-0.00540933152661
-1.64121479050	-35.9464123957	52.6199557297	-0.00179476488847	0.00102493085433	-0.00379156996496
2.83839324868	-37.3086113863	47.7549593347	0.00219193147495	-0.00157926580869	-0.00691228825599
11.1167343114	-35.9738751893	52.5218743238	0.008904135786	0.000638855155557	-0.00317501509562
11.7327701079	-35.3050669891	54.9104750389	0.00943833962083	0.00173256266862	-0.00135852955282
10.4963936443	-33.5649066272	61.1253334744	0.00841608643532	0.00453726621345	0.00341144902632
-2.63925522351	-37.1891359490	48.1816573250	-0.00244598090649	-0.00139618176036	-0.00671636592597
12.2126422858	-34.9578748616	56.150446923	0.00980973243713	0.00229701609351	-0.000412251072703
10.8632481362	-36.4120441490	50.9569851823	0.00862826313823	-7.88153120084e-05	-0.00434389943257
2.77994422420	-36.6768191780	50.0113600786	0.00226070522331	-0.000467389763799	-0.00547570642084
-4.91388286851	-34.1439597741	59.0572865210	-0.004618531093	0.0038614848163	0.00194948271383
5.83909140393	-35.6295387639	53.7516472718	0.0050276000984	0.00135944469366	-0.00245438399725
2.64583637976	-31.6666346624	67.9048762059	0.00198480067775	0.00749981962144	0.00847795978189
12.0165337775	-35.5627488786	53.9901825765	0.00962578039616	0.00131221162155	-0.00206128670834
7.75651850562	-32.9266110797	63.4049604296	0.00618660310283	0.00554618099704	0.0051691243425
8.30809197541	-32.9099928426	63.4643112765	0.00661357259378	0.00556332664564	0.00520028965548
3.55485255778	-38.0288524111	45.1826699605	0.00267783924937	-0.00274277478456	-0.00845206249505
-4.58468940946	-32.5258314702	64.8363161780	-0.00404554372653	0.00620034057647	0.0063156588003
-11.4796071575	-33.8592154920	60.0742303855	-0.00960039719939	0.00392431020737	0.00250393594615
3.20430701311	-34.7533322783	56.8809561490	0.00295430631377	0.00324555044062	7.89815676399e-05
-8.17616076085	-36.6088099425	50.2542502052	-0.00698738079518	-0.000476536311908	-0.00492136366665
-9.22058730197	-35.9649401182	52.5537852921	-0.00785858370364	0.000567611656152	-0.00316384295002
-1.45208039298	-36.2143635175	51.6629874376	-0.00156644976232	0.000453221058706	-0.00448345392942
-5.76105825486	-32.3906062178	65.3192635080	-0.00498883193359	0.0063809142448	0.00662374682724
4.65996083642	-37.2829757520	47.8465151715	0.00366703118198	-0.00153274799231	-0.00673055602238
-1.28712201126	-32.2332597511	65.8812151747	-0.00127790740225	0.00667654536664	0.00711230095476
7.86729707519	-35.8648509944	52.9112464485	0.00652048969641	0.000857347040437	-0.00297336489893
-1.23440356572	-36.4980132764	50.6499525842	-0.00132590043359	-0.000117993535241	-0.00517477700487
-0.40122352459	-36.7049124897	49.9110268225	-0.000557604595087	-0.000507274409756	-0.00567243620753
-2.22919743744	-33.8564990589	60.0839319327	-0.00227341777645	0.00451411027461	0.00287618697621
-1.70728362843	-31.9790310212	66.7891749242	-0.0016113279853	0.00705157313496	0.00774336745963
-7.06924769390	-32.8126917948	63.8118150185	-0.00609848555177	0.00570407509804	0.00548416050151
1.0764060138	-35.1907703165	55.3186774410	0.000967405503616	0.00285224895924	-0.00155360414647
6.61883288266	-37.8860729642	45.6925965565	0.00498719280586	-0.00250647822395	-0.00797878392041
6.15305880108	-35.5421358751	54.0638004460	0.00528139714152	0.00149545469321	-0.00218119611964
5.34287991927	-33.5362156434	61.2278012736	0.00440226076171	0.00473759323359	0.00362855545245
3.16325168634	-36.3768305956	51.0827478730	0.00266129197553	8.950568008e-05	-0.00472203455865
2.58030046555	-37.4386845431	47.2904123461	0.00196201191284	-0.00179773778655	-0.00721666729078
-8.32920996210	-35.1887258713	55.3259790310	-0.0072736768052	0.00189241790213	-0.00107197207399
7.20649188715	-35.4660874070	54.3354021179	0.00608441419899	0.00156806770246	-0.00190014252439
7.33626903690	-35.6402355043	53.7134446274	0.00615986529738	0.00126156513579	-0.0023828051053
-1.91011065464	-32.4674309829	65.0448893469	-0.00181577447802	0.00633295439184	0.00652158912271
9.11849959457	-35.8025420185	53.1337785052	0.00745888100937	0.000936009746511	-0.00275128986686
2.36902100099	-36.1806950009	51.7832321396	0.00201485073194	0.000505630858243	-0.00431156065315
2.03104665862	-36.4724288732	50.7413254528	0.00164891569875	-6.85318227625e-05	-0.00505050597712
1.78358865679	-34.8456284587	56.5513269332	0.00167750648689	0.0033777859062	-0.000277983228443
-9.27260676201	-34.3458966437	58.3360834153	-0.00796245131642	0.0032171367202	0.00127325230278
-11.7615807442	-34.1136313963	59.1656021561	-0.00980892870575	0.00350115867332	0.00181042845361
-3.21310664806	-37.2549273356	47.9466880873	-0.00291381869465	-0.00151186971925	-0.00684208795428
-3.09329575263	-35.7431699737	53.3458215226	-0.00316399103031	0.00133986107539	-0.0030777209904
-10.4367256815	-36.1763178600	51.7988647858	-0.00872371997684	0.00020296308503	-0.00366637133993
-10.8015114664	-36.2993786972	51.3593617957	-0.00897779595107	2.7523094559e-06	-0.00397391244769
4.13147587642	-33.1569657747	62.5822650904	0.0033263717778	0.00532225612551	0.00468002166599
-2.20228564416	-37.4308967236	47.3182259873	-0.00204173615202	-0.00180200533941	-0.00728125404567
-6.32696234143	-37.8518540160	45.8148070857	-0.0052893338725	-0.00248305522837	-0.00810149218887
-10.4178389374	-33.5106322685	61.3191704696	-0.00878500845283	0.00451473239809	0.00348602980375
9.60532835277	-33.1465541037	62.6194496296	0.00766197079793	0.00519298668951	0.00454854173586
-4.05803948590	-35.1717830380	55.3864891501	-0.00407050969079	0.00233957800083	-0.00123929232359
-9.91755532188	-35.7305969982	53.3907250064	-0.00838489457965	0.000934206880629	-0.00250506470911
-1.69285926026	-35.0903288756	55.6773968728	-0.00199723662809	0.00294395443052	-0.00115751114208
0.0710306218091	-34.2864916458	58.5482441223	-0.000134417772642	0.00420660385862	0.00164317945018
0.520073464912	-34.0185387973	59.5052185812	0.000292825658107	0.00445272121578	0.00245137396269
-3.66448242656	-37.8877381840	45.6866493429	-0.00316441524774	-0.00254634115845	-0.00827582739294
4.35180952062	-32.8772367535	63.5812973090	0.00345812761225	0.00570392096415	0.00539556704462
1.05989566903	-33.7422703646	60.4918915551	0.000769283622503	0.00472283223644	0.00322186527774
2.04962775971	-32.0783609522	66.4344251708	0.00150057813153	0.00688996259123	0.00746922520921
9.62865861889	-36.5063834443	50.6200591276	0.00769059220329	-0.000238286127569	-0.00460957316682
-8.72894621765	-32.7900520514	63.8926712451	-0.00741199869663	0.00570068974048	0.0054722353816
0.31672803807	-37.2592797546	47.9311437334	7.83421201049e-05	-0.00150072982069	-0.00691271247342
-5.97331655461	-34.2187491043	58.7901817705	-0.00546669727191	0.00364408246242	0.00170428759884
6.61224195327	-32.4569018163	65.0824935130	0.00521090114489	0.00625456403941	0.00640821643174
-8.91614787134	-34.2478359791	58.6863000746	-0.00769397802651	0.00339199719019	0.00155188981444
-5.18741920270	-34.5586259138	57.5763360220	-0.00491502834484	0.00320566305891	0.000711832020897
-1.15647633828	-34.8080732004	56.6854528557	-0.00144231028389	0.00353035819717	-0.000158430935699
-0.560260997051	-34.5539235824	57.5931300630	-0.000794274790678	0.00392323778942	0.000751044193748
-5.54349338276	-34.3941653795	58.1636950733	-0.00516422279179	0.003419108456	0.00120064825751
-3.75683762893	-34.5265475768	57.6909015113	-0.003767285496	0.0034586857073	0.000816199288238
6.97783995231	-34.6013417532	57.4237794529	0.00590481841937	0.00302839139476	0.000589789182413
1.10504507281	-36.7585927733	49.7193115239	0.000785713316873	-0.000605634821113	-0.00576722575352
5.15674196744	-34.9819620246	56.0644213407	0.00455225259066	0.00257070548832	-0.000580528809223
-5.09006410809	-34.8313886391	56.6021834317	-0.00487213628367	0.00277925212868	-0.000122121302411
-0.0548283488287	-34.0297643870	59.4651271895	-0.000261810433585	0.00444717891514	0.00242254231125
0.633203749544	-34.2734748379	58.5947327218	0.000430202897405	0.00420435564592	0.00167971116025
4.29726855271	-34.6626746039	57.2047335576	0.00384013960138	0.0032087827567	0.000386985135265
9.03808026141	-32.7039435469	64.2002016182	0.0071436339058	0.00586846563965	0.00572375301272
-6.50749749584	-35.5066093348	54.1906809472	-0.00591847021133	0.00146764842793	-0.00205980567262
4.09810796141	-37.8132218579	45.9527790788	0.00311489147134	-0.00239782175049	-0.00794073659927
-12.0987551199	-35.3853565664	54.6237265485	-0.0099779125303	0.00141951267142	-0.00153288140427
5.62999456572	-36.9612819787	48.9954215046	0.00452256761491	-0.000992847722955	-0.00592504441738
-4.88667055952	-32.1663239541	66.1202715926	-0.00424969103187	0.00673838797957	0.00722087128088
0.277361732582	-33.5686054206	61.1121234979	3.94915514335e-05	0.00493010878563	0.00370408687741
5.14315064827	-37.1940044182	48.1642699350	0.00407296372578	-0.00138374581002	-0.00649698404595
2.93957018836	-35.5107482162	54.1758992278	0.00269963149913	0.00187578576151	-0.00240533449687
-5.05911572768	-33.0883167705	62.8274401052	-0.00451845442876	0.0053607178852	0.00484552141279
-8.60995655929	-36.5048272592	50.6256169313	-0.00733135268092	-0.000310373172397	-0.00462449993938
-7.67542856380	-36.3913677093	51.0308296098	-0.00665156450123	-0.000107013940578	-0.00439020711929
-6.53837960675	-35.0372976069	55.8667942610	-0.00596970831975	0.00227359985001	-0.000694442540407
-12.0301724867	-34.5081253352	57.7566952313	-0.00999004300684	0.00284355971962	0.000748842954636
-11.9672895707	-34.8642257754	56.4849079449	-0.00991715118289	0.00226034922525	-0.00018458616978
6.92008294477	-36.1846945529	51.7689480254	0.00573850609362	0.000329405476805	-0.00389031693339
7.04652452655	-35.2954639562	54.9447715849	0.00597911328077	0.00187002145685	-0.00142112467438
-5.88632450722	-34.7963029302	56.7274895351	-0.00547553133219	0.00274118548259	2.49298363997e-06
5.68612522495	-32.2417046256	65.8510549084	0.00445523485541	0.00658458471298	0.00697459559888
-1.17203383803	-37.7162226265	46.2992049053	-0.00114892749116	-0.0022677606903	-0.00793348811567
-11.3374428178	-36.2523325767	51.5273836547	-0.00937517173588	7.43585114833e-05	-0.00382826896384
9.49841566480	-33.8289038515	60.1824862446	0.00769705884159	0.00413639750332	0.00271865678951
-4.96634130960	-35.1900692959	55.3211810860	-0.00478188926354	0.00217836583033	-0.00123088341206
-9.73757905009	-34.1328683955	59.0968985875	-0.00830066949129	0.00353852985427	0.00184033403639
2.21262166115	-34.6584449725	57.2198393838	0.00205309758894	0.0035727112554	0.000384987652069
5.19470319304	-34.6876324727	57.1155983116	0.00455326633528	0.00305293989368	0.000320314371493
6.15462554564	-34.5292522738	57.6812418794	0.00526912836358	0.00320749473758	0.00079880899284
-11.5039293008	-36.1270024852	51.9749911242	-0.00950761046261	0.000271366414381	-0.00349215161987
-9.23994219070	-36.7331999125	49.8100003127	-0.00776170846075	-0.000687323452439	-0.00517945270985
2.50110489233	-32.9250993166	63.4103595835	0.00192600034643	0.00568895088509	0.0053328787908
4.05762766787	-36.6925507215	49.9551759945	0.0033313871827	-0.00051304535009	-0.00540693057701
-1.84926196714	-36.6944410846	49.9484246980	-0.0018471655203	-0.000505320727825	-0.00560792349279
-2.88574755501	-36.6269122429	50.1895991325	-0.00276150950231	-0.000400640943553	-0.00538467708975
1.37870979761	-38.4118974113	43.8146521024	0.000971954432316	-0.00334960152395	-0.00941232405603
-0.911467129047	-36.7473889914	49.7593250306	-0.00101069407538	-0.000591667660046	-0.00576289556921
-0.434660554479	-31.7374648330	67.6519113108	-0.000545312010217	0.00741815241054	0.00834349077195
-4.05364686624	-35.8305122528	53.0338848116	-0.00395048735663	0.00107197626494	-0.00321173295379
5.10917748308	-36.5800922575	50.3568133662	0.00421711616218	-0.000328450929374	-0.00504394667223
-7.47398860641	-36.0423877054	52.2771867664	-0.00656203739345	0.000489250465762	-0.00347777316347
-6.35428509445	-34.7694466004	56.8234049984	-0.00582494353876	0.00273691583425	9.01516759768e-05
-5.24375610989	-33.4257164455	61.6224412660	-0.0047304444015	0.00486482772976	0.00394184608012
5.57924661124	-33.2431066102	62.2746192493	0.00452561490238	0.00514389481395	0.00440165726468
-7.99601939450	-33.9279940722	59.8285925991	-0.00697459187359	0.00394690176472	0.00246072560549
-3.44384255810	-32.5377904029	64.7936057038	-0.00310439406894	0.00620685517788	0.0063163600862
11.3805632696	-35.0896186664	55.6799333343	0.00918875448406	0.00208530016243	-0.000767524004914
-4.41742075973	-33.5630354428	61.1320162758	-0.0040819789283	0.00472282990813	0.00360452220775
2.07044740267	-33.1440165116	62.6285124586	0.00158579833806	0.00541058881208	0.00478326622397
7.48315091191	-34.2587058099	58.6474792503	0.00623710546643	0.00353842158802	0.00156669621356
3.55475707243	-32.0694085572	66.4663980098	0.00273251743056	0.00687987357378	0.00745798507705
-10.8000592281	-36.5733026253	50.3810620526	-0.00894403737038	-0.000434151850641	-0.00469088880345
5.65182326353	-37.4168078589	47.3685433611	0.00440689222887	-0.00174902856816	-0.00697019603103
-10.2688795780	-34.8447149655	56.5545894088	-0.00868496112525	0.00236517284065	-0.000105050712591
11.2269854935	-34.3194730867	58.4304532617	0.00905705429614	0.00333306123503	0.00134784413967
9.61431768496	-32.9032227702	63.4884901064	0.00762526644394	0.00556581653655	0.00519084651023
9.00813886152	-33.3999779120	61.7143646001	0.00724810408428	0.00481021776795	0.00388726429082
-2.87867253429	-37.6709452899	46.4609096789	-0.0025639210362	-0.00219839322381	-0.00780490459874
-4.30846359140	-33.3166279343	62.0120430917	-0.00394188100472	0.00507151195779	0.00427212100476
-11.4595527985	-33.7261120556	60.5495998015	-0.00958406552672	0.00414156122133	0.00286110630259
6.51988469740	-32.6037485836	64.5580407728	0.00515882158652	0.00604256149381	0.00603408785537
-1.44040655007	-36.7914167927	49.6020828831	-0.00147413404193	-0.000679355929606	-0.00584955466911
-3.37027149245	-38.2694576688	44.3233654686	-0.00285761803389	-0.00314471498132	-0.00915270578116
-3.79742719084	-37.5052417228	47.0527081328	-0.00334620336071	-0.00193026347551	-0.00739348726347
-7.88724049437	-34.8847331317	56.4116673867	-0.00695898476988	0.00242279958911	-0.000221807538765
-7.42504093954	-34.9468704856	56.1897482657	-0.00662182737142	0.00235250475816	-0.000407199026085
8.18377044120	-33.3044594248	62.0555020543	0.0065929191187	0.00497146369889	0.0041621834971
8.77668144599	-37.3843469355	47.4844752304	0.00678176991642	-0.00167612975929	-0.0068358303979
2.24540898362	-31.6060138348	68.1213791615	0.00165845220909	0.0075984033756	0.00863580778241
5.61851116723	-32.4002774052	65.2847235529	0.00441711209714	0.00635560275987	0.00657478906214
-10.0024390819	-34.5217241485	57.7081280412	-0.00850096903741	0.00290022324771	0.000775802880526
-10.2281913056	-34.6769516284	57.1537441841	-0.0086622228846	0.00263906060718	0.000349971960532
-1.41434793398	-38.1139442503	44.8787705346	-0.00130316033028	-0.00290154968388	-0.00881452765316
-10.2747436926	-36.8754599902	49.3019286065	-0.00850963033736	-0.000916220189538	-0.00549691170454
2.61021247976	-36.4303371822	50.8916529208	0.00216870335862	1.01945715869e-06	-0.00490314653143
9.00234655171	-36.3316155787	51.2442300762	0.00726849166676	5.1967894251e-05	-0.00417047692463
-4.01199971205	-36.7012342058	49.9241635507	-0.00369503325783	-0.000560949032661	-0.00547839468345
1.77682784852	-37.5699995402	46.8214302136	0.0012911146041	-0.00201783678494	-0.00754856597632
-1.05274884077	-35.5924677029	53.8840439183	-0.00128964101896	0.00189938454423	-0.0028611915186
7.76179137841	-37.3052664772	47.7669054385	0.00605115527287	-0.00155735516455	-0.00665047205985
4.04382000209	-35.6827477229	53.5616152754	0.00359411910176	0.00140211021062	-0.00278142443858
3.40931783211	-37.2865142869	47.8338775469	0.00266231712885	-0.00154109008145	-0.00682533346117
-1.87929222816	-34.0075283354	59.5445416594	-0.00198921607807	0.00437155459076	0.00245482008904
3.75119728715	-31.7354243186	67.6591988620	0.00288124405779	0.00737626897171	0.00828393641859
-8.65383282169	-34.1358668256	59.0861899087	-0.00749099301174	0.00358395418152	0.00186742376536
-8.40880431059	-33.0741913030	62.8778882035	-0.00719200400636	0.00526131689548	0.00473916949704
4.97782839891	-35.2510752559	55.1033026573	0.00440959539264	0.00211911904626	-0.00141157477628
9.98042376007	-35.5954159584	53.8735144343	0.00812122970819	0.00126838649157	-0.00216431287117
-3.49165754395	-36.8197511209	49.5008888539	-0.00323419435881	-0.000761978910305	-0.00580410892144
10.7586963487	-35.8491597795	52.9672865017	0.00866020750254	0.000843787682243	-0.00284241209738
-2.51233618216	-36.8687782372	49.3257920099	-0.00239364127629	-0.000834327423945	-0.00598116358742
11.9471626669	-35.7189259073	53.4324074740	0.00955593772233	0.00105729349889	-0.00248467735946
-5.769742522	-33.9546453768	59.7334093687	-0.00525808800012	0.00405843509361	0.00246371538378
4.83905884725	-35.7181380666	53.4352211909	0.00422879122198	0.00126714934595	-0.0027970536612
6.47686115602	-33.4344200392	61.5913570029	0.00528434477746	0.00483090849593	0.00386349530891
6.53226215222	-34.3060784213	58.4782913525	0.0055194045417	0.003525366541	0.00144441809971
1.48953405063	-37.8520562813	45.8140847095	0.00104652915616	-0.00247616157867	-0.00817933864892
4.70687805929	-37.5895337093	46.7516653239	0.00362773309462	-0.00203425483778	-0.00740781612694
7.28483808290	-33.2138427109	62.3791331753	0.00587362190709	0.00512925721705	0.00442613335326
-3.57231027145	-35.2449788296	55.1250756087	-0.00367003073916	0.00228111539036	-0.00151264481246
8.22095345775	-34.0576685697	59.3654693938	0.00676389038563	0.0038169787731	0.00211665243842
0.609181374003	-36.7115764440	49.8872269856	0.000348035449861	-0.000516493048053	-0.00567688466981
3.35545380522	-32.5319770569	64.8143676539	0.00259743235074	0.00621493440121	0.00630454812199
5.34348790829	-34.2197305118	58.7866767437	0.00457490049303	0.00375492335297	0.0017143690493
-1.40045077633	-35.2133162891	55.2381561102	-0.00169677392114	0.00274281669408	-0.00161093811039
-0.153806434652	-35.7187779274	53.4329359737	-0.000355774100171	0.00163267808966	-0.00326158059761
3.62330498479	-37.7071053917	46.3317664582	0.00276119448245	-0.00223161955364	-0.00774144008756
-6.01331023787	-35.4475692645	54.4015383411	-0.0055553112179	0.00161030539311	-0.00192401290406
-5.02493572191	-35.3294891239	54.8232531290	-0.00481614470482	0.00192034977954	-0.00164953526109
-0.330251641122	-37.5923128969	46.7417396538	-0.000458344613435	-0.00206249696203	-0.00765734119341
3.55690622191	-37.1512179537	48.3170787369	0.00281001231633	-0.00131181324832	-0.00651073176414
-5.56427830711	-33.1419350866	62.6359461192	-0.00493877427652	0.00526103703305	0.00468399235979
-8.34438044124	-36.2331104311	51.5960341747	-0.00717879831791	0.000143534460221	-0.00392826972529
-0.698173998935	-36.4539087440	50.8074687714	-0.000841090513859	-2.1553307306e-05	-0.00508800381795
-0.263436542165	-34.6981290284	57.0781106129	-0.000486667006044	0.00377176096663	0.000235630082898
-1.42390034292	-37.8502322744	45.8205990201	-0.00134229427204	-0.00248431693763	-0.00822955463082
1.32693712774	-32.3954361820	65.3020136356	0.00090620177798	0.00643901247531	0.00669330637902
0.291002458525	-36.9103458661	49.1773361926	5.92780525039e-05	-0.000885104527697	-0.00613399175927
-1.42338458354	-34.6779207830	57.1502829180	-0.00169740826823	0.0036694991868	0.000313934666337
-3.00232893072	-34.5230522972	57.7033846527	-0.00312898028642	0.00359071069397	0.000833974219859
-3.00229705771	-36.9214317972	49.1377435814	-0.00280093005858	-0.000934670097195	-0.00607677968219
-0.832786619082	-37.8391805503	45.8600694632	-0.000856897153426	-0.00246498524211	-0.00820487644523
-0.140635064131	-37.8251873533	45.9100451667	-0.000287838745862	-0.00244018668309	-0.00816713366657
2.07572415732	-38.2160057896	44.5142650370	0.00151771376841	-0.00304391374812	-0.00894975475967
-1.52025357452	-38.3864729612	43.9054537098	-0.00135408621281	-0.00332445534877	-0.00942265894264
9.59291275277	-36.3606379851	51.1405786246	0.00769988307729	2.2051981432e-06	-0.00422920193523
-3.30112067196	-33.4384582631	61.5769347745	-0.00312001095153	0.00496234418824	0.00398518517613
-10.2026372349	-35.0877903381	55.6864630780	-0.00862507801503	0.00197303202003	-0.000763530668337
2.99741893153	-35.1557051823	55.4439100631	0.00280351564288	0.00258563295938	-0.00127189862542
4.71886281410	-33.8722786702	60.0275761778	0.00398199353367	0.00430679460987	0.00272720586509
0.751405961406	-35.8023098395	53.1346077161	0.00056107447017	0.00141673441976	-0.00346827716567
-8.34850898172	-32.6826787603	64.2761472848	-0.00709965499118	0.0058775045909	0.00576944602653
5.67203288938	-34.7534992204	56.8803599273	0.00493057072163	0.00289427372627	0.000128360145027
-7.89482178296	-35.4163843556	54.5129130156	-0.00694632250816	0.00153478921857	-0.00172675924841
-2.78318841443	-34.1539479060	59.0216146214	-0.00283912965097	0.00410225475207	0.00199043285102
5.73693308920	-38.0373062803	45.1524775704	0.00430998578668	-0.00274906121194	-0.00831587333232
4.02377772494	-35.0968669704	55.6540465343	0.00366094964556	0.00252224272117	-0.00100126932375
5.19207171308	-34.8326893198	56.5975381434	0.00456915749237	0.00281722703949	-0.000122403289424
3.03380137312	-35.7218536780	53.4219511498	0.00272900634445	0.00142035295721	-0.00301352306269
-10.1375509116	-35.2326911020	55.1689603499	-0.00857100635767	0.00173961161636	-0.00115669833031
-2.65810386726	-36.3421916530	51.2064583821	-0.00262707006186	0.000148038554471	-0.00470779137686
-5.79201334632	-33.4304792067	61.6054314047	-0.00517394719645	0.0048269177787	0.00390581483953
10.4719580532	-33.2538583474	62.2362201877	0.0083475029096	0.00502388225868	0.00424488913268
-5.60733942870	-35.6676415018	53.6155660651	-0.00521594146267	0.00124899577349	-0.00259079132229
0.689705853968	-36.9934080436	48.8806855587	0.000405485043302	-0.00103405211121	-0.00631164805964
8.69660705808	-33.2823644411	62.1344127102	0.00698572071269	0.00499520683661	0.00420845719054
-4.34373193114	-32.6623719509	64.3486716041	-0.00386533676647	0.00600445177406	0.00597413396463
-5.17411486453	-32.8745081494	63.5910423235	-0.00457784719765	0.00566865503788	0.0053988895379
10.0479743393	-34.8590193171	56.5035024389	0.00820598565042	0.00247850315645	-0.000129273757921
9.91529708191	-33.0218988843	63.0646468417	0.00787891075015	0.00538367638364	0.00487194210291
7.24014333136	-32.3028989738	65.6325036649	0.0056835161522	0.00647107465193	0.00678934669122
5.54471184710	-32.5574431841	64.7234171995	0.00437699444592	0.00613001314923	0.00617685075849
8.18694629307	-35.5720978966	53.9567932263	0.00680165737867	0.0013468778925	-0.00215214607306
6.41659902498	-32.7521182817	64.0281489939	0.0051006260328	0.00582877919078	0.00565472617745
-2.32659034058	-36.5903529333	50.3201680954	-0.0022840553429	-0.000319326441968	-0.00533536681905
5.37761998753	-32.8476401526	63.6869994549	0.00428639538586	0.00571659998968	0.005438036751
-11.6499706902	-35.1536099929	55.4513928824	-0.00966547243297	0.00180751516018	-0.000935661839321
3.70642989810	-32.3490245804	65.4677693557	0.00287070614286	0.00646964786574	0.00675493199378
-0.51629454234	-36.8432597902	49.4169293206	-0.000653941882774	-0.000766132841818	-0.00598677247763
-0.549051695555	-35.0747766218	55.7329406363	-0.000803766888566	0.00314251263626	-0.00116103154141
-0.0232886469929	-32.7931650741	63.8815533067	-0.000232608115766	0.00589541671798	0.00571070704609
0.291492109316	-33.0711566151	62.8887263748	3.93867812818e-05	0.00553074292839	0.00500266486779
10.8976909116	-34.6867578833	57.1187218453	0.0088311964646	0.00274437363259	0.000343190564308
1.68874067025	-34.9957463134	56.0151917379	0.00159637257457	0.00314079085365	-0.000819963344838
-2.45638602841	-35.2702232773	55.0349168667	-0.00270450511016	0.00243061431684	-0.0017049984308
-2.08476571326	-31.7086591169	67.7547888681	-0.00190486421343	0.00746259698644	0.00841417629272
-5.70960672676	-31.9948498121	66.7326792426	-0.00490090623498	0.00699482858181	0.00763392494991
9.46473201786	-35.7335744674	53.3800911879	0.00772427627817	0.0010458950419	-0.00255322852172
9.73514714966	-36.1161508752	52.0137468741	0.00785848870873	0.00040675670607	-0.00357819441706
5.09777852979	-36.4263745604	50.9058051416	0.00425104983151	-5.42080379091e-05	-0.00466160615906
6.17202587924	-37.9551352940	45.4459453786	0.00464093778282	-0.00261584739201	-0.00812627375126
2.2458476128	-33.7562764374	60.4418698665	0.00184496538714	0.00464706076309	0.00314795132726
-3.69094158760	-32.2101643890	65.9636986106	-0.00327276648022	0.0066876760684	0.00713852513582
-1.00308887633	-37.0398401464	48.7148566202	-0.00106705026701	-0.00112411950249	-0.00642602751032
-0.575784143601	-32.0071647791	66.6886972174	-0.000673811824527	0.00701154628769	0.00767527939752
0.975202206944	-32.0277934504	66.6150233916	0.000612673989963	0.00697510316968	0.00761213339865
-11.4352963170	-35.5798564370	53.9290841536	-0.00948903895915	0.00113681121729	-0.0020552771166
-1.62869026782	-35.3616023988	54.7085628615	-0.00190659880172	0.00237697735429	-0.00209058821201
7.04132153937	-33.8895249593	59.9659822881	0.00582733796909	0.0041287462227	0.00260809576139
8.36609252916	-32.5102534935	64.8919518088	0.006589488592	0.00615903828293	0.0062383194454
11.5865635929	-33.9131974715	59.8814376016	0.00929046608508	0.00398134347051	0.00244858581573
-2.73321024815	-32.2826826541	65.7047048069	-0.00248702405952	0.00659164227545	0.0069738747552
0.226309118201	-38.1513767721	44.7450829568	3.20246908814e-05	-0.00295447092503	-0.0088759213686
-3.74050240386	-37.3296496409	47.6798227109	-0.00333465402946	-0.0016400963068	-0.00698956334963
-7.42849412842	-35.3462417762	54.7634222279	-0.00661156512797	0.00168111175299	-0.00154995615594
-7.82152644568	-34.0541162011	59.3781564245	-0.00685635674745	0.00375952408649	0.00211863382719
-2.87440032651	-37.4932308423	47.0956041345	-0.002590498887	-0.00190788472537	-0.00740184402093
0.792211825519	-31.9144034158	67.0199878008	0.000462887663161	0.00714510772377	0.00789529643953
3.68297696167	-34.8617301772	56.4938207956	0.0033713192679	0.00298542389646	-0.000262463261606
5.82544969252	-36.0778611740	52.1504958071	0.00492056878284	0.000550864089746	-0.00369172682986
-0.782471150301	-31.8820812716	67.1354240300	-0.000839436950628	0.00719914771616	0.00798603240401
-2.68957341431	-33.2202069305	62.3564038197	-0.00256013125181	0.00527998059988	0.00458306912333
6.56158296143	-35.8530899677	52.9532501152	0.00553886871785	0.000922176288441	-0.00302286678925
6.74430790595	-33.0203840886	63.0700568263	0.00540907448158	0.00542907044291	0.00494953384623
8.2692364122	-37.3448067063	47.6256903345	0.0064174043946	-0.00161735340953	-0.00674058077857
11.1364610515	-35.3786466021	54.6476907067	0.00899257324636	0.00161455920897	-0.00155954447109
6.11763496113	-37.0376353903	48.7227307490	0.00488141411915	-0.00112223019823	-0.00607561226934
-4.47920421143	-36.5918486541	50.3148262352	-0.00410605641082	-0.000376633252017	-0.00516916951165
-7.70554857202	-32.4060740680	65.2640211857	-0.00655660964549	0.00632426980883	0.00651411060244
2.97027246264	-36.9090844116	49.1818413870	0.00237383018248	-0.000888992974069	-0.00600070273504
2.21593364523	-36.7159378970	49.8716503679	0.00176625675522	-0.000533370417543	-0.00560820335522
-6.81777893304	-33.6454370608	60.8377247827	-0.00602527055889	0.00444847624749	0.00328001310118
-5.36051206017	-37.8070865480	45.9746909002	-0.00453818868846	-0.00241572386585	-0.00803161039948
-9.50661563333	-36.4149244985	50.9466982196	-0.0080110700801	-0.000173156877281	-0.0043386365287
-6.62073648059	-34.4917457209	57.8151938539	-0.00599999260157	0.00315970671363	0.000903920852579
6.10009017677	-37.4905928192	47.1050256456	0.00472957687452	-0.0018663861556	-0.00711479457095
2.17018039970	-37.6756295046	46.4441803408	0.00160512386356	-0.00218873703852	-0.0077610751614
7.84293733052	-32.5173486074	64.8666121165	0.00618330715224	0.00615108758211	0.00622938992456
4.75144595394	-37.4257559681	47.3365858283	0.00370281841606	-0.00176793138962	-0.00704361964017
11.0975548182	-33.5706294374	61.1048948663	0.00887556839734	0.00452599069104	0.00338366534561
4.03320585525	-34.4281369073	58.0423681881	0.0035727052018	0.00359849981032	0.00111661315896
-2.91214311071	-33.0093287440	63.1095402000	-0.00271887122653	0.00555497128516	0.00512483716011
4.55229712528	-33.4134556014	61.6662299951	0.00372868822888	0.00495070265606	0.00398786272854
-12.0369509726	-35.5253416215	54.1237799231	-0.00992698315531	0.00120347004849	-0.00189643236808
8.34412411694	-36.1244002621	51.9842847783	0.00682516628876	0.000406003033277	-0.00364911160432
0.848675049365	-38.3971774180	43.8672235073	0.00054859922966	-0.00333067565225	-0.00939939916134
-8.32010594575	-35.9432537051	52.6312367673	-0.00720252050087	0.000628587207757	-0.00315488385968
-12.1457568651	-35.2451476864	55.1244725485	-0.0100193433464	0.00163822656032	-0.00117138272617
11.9152864812	-34.1866328350	58.9048827322	0.00956420972943	0.00354322372004	0.00169948104303
9.22652767177	-33.4988739548	61.3611644470	0.00743389269337	0.00465437350795	0.00361704872921
1.40579128935	-32.6093240118	64.5381285294	0.00097832409665	0.00613814266399	0.00615690695122
-2.40071515669	-38.0629314473	45.0609591168	-0.00211114762351	-0.00282296398655	-0.00869650673121
-3.66547635898	-35.4827899198	54.2757502865	-0.0037104501389	0.00180221546907	-0.00224320217967
-2.65471761516	-35.4188640365	54.5040570123	-0.00285728555173	0.00208388571627	-0.00216167396866
1.86913930362	-32.3612644646	65.4240554836	0.00135731126647	0.0064818803221	0.00676878495142
2.72803774106	-32.8013235710	63.852415818	0.00210300413892	0.00585205154493	0.00564142921939
-0.269960137915	-32.2782097868	65.7206793327	-0.000429382344009	0.00661394372582	0.0070009524934
-5.13415094265	-31.8752247041	67.1599117709	-0.00442008208483	0.00718733854592	0.00795156043023
3.90813250322	-35.2186390131	55.2191463817	0.00356191419996	0.00231635617092	-0.00139549095184
4.64953961030	-36.3592296005	51.1456085695	0.00390786584467	7.89799814811e-05	-0.00453332113102
5.2333589355	-37.8357295409	45.8723944966	0.0039721201174	-0.0024220852647	-0.00790861435235
-10.4613446929	-35.6867556735	53.5473011661	-0.00878023728728	0.00099147122819	-0.00236838869751
0.617093760034	-32.1552798420	66.1597148500	0.000313867494697	0.00678999908268	0.00730015570298
0.0881483089951	-32.1507233952	66.1759878743	-0.000126549115521	0.00679873907939	0.00731602637097
-0.628068584826	-32.4056961785	65.2653707912	-0.000734525034204	0.00643057702109	0.00668378872797
7.40933316468	-35.8012768480	53.1382969716	0.0061890501529	0.000980530050583	-0.00282460125163
0.384649006593	-34.8448452755	56.554124016	0.000219963359996	0.00356491329148	-0.000307161128148
-4.37833424019	-32.8663517521	63.6201723140	-0.00392311392352	0.0057068686001	0.005448569078
-9.28355000114	-34.8374814615	56.5804233517	-0.00797253940254	0.00242089107633	-8.0739853729e-05
-2.90746053330	-31.6658572624	67.9076526342	-0.00257834792137	0.00752686103806	0.00851455889642
-5.78771202974	-35.9952169505	52.4456537484	-0.00529155181721	0.000645408057608	-0.00348788197152
-6.88401260413	-34.7461327674	56.9066686878	-0.00621775491163	0.00272654462606	0.000164929602761
-9.23564451413	-35.2006329848	55.2834536257	-0.00792568642646	0.00182825943921	-0.00108389672823
6.97816139052	-34.9530659140	56.1676217358	0.00593291921541	0.00245334394276	-0.000432423403254
6.07382601855	-34.9582294305	56.1491806055	0.00525267748162	0.00251626921818	-0.000474107306218
-6.95748639834	-35.5731219069	53.9531360470	-0.00624493462965	0.00132175197359	-0.00221910653636
-6.94189852379	-35.8462766053	52.9775835524	-0.00619608303532	0.000848875613883	-0.00298230722547
-7.44085916216	-35.0731140074	55.7388785452	-0.00663244444877	0.00214100047015	-0.000769289734308
-8.92666803470	-33.5304664495	61.2483341088	-0.00764416810125	0.00452854624018	0.00350103806704
-9.25959725763	-35.0190572232	55.9319384887	-0.00795020908117	0.00212531816214	-0.000582390348427
-6.98343403282	-36.1219018182	51.9932077921	-0.00618000375107	0.000370301655494	-0.00372835528105
7.06838458431	-35.1186693657	55.5761808368	0.00600200565532	0.00216950825416	-0.000910358212423
-8.30511621009	-34.8275932266	56.6157384764	-0.00726296612993	0.00249005737714	-5.60433327337e-05
-6.40440923406	-35.9195935692	52.7157372529	-0.00577891012654	0.000747677113395	-0.00322649511509
-5.87908482252	-32.2213870405	65.9236177124	-0.00506417499855	0.00663980375975	0.00705230049789
1.48882853781	-36.2383272495	51.5774026804	0.00120111880824	0.000415298010921	-0.00452754413709
3.16427750703	-37.6041930225	46.6993106339	0.00241221045144	-0.00206773262471	-0.0075457287021
-4.63400995289	-34.5524515979	57.5983871503	-0.00448053749278	0.00328802061267	0.000731537176762
-7.97461263700	-35.8519400051	52.9573571248	-0.00696042831987	0.000794350286014	-0.00292800366879
3.70270034456	-32.7501175956	64.0352943015	0.00290660257451	0.00589978974313	0.00574179831892
4.06488029442	-38.0860330660	44.9784533359	0.00306662917137	-0.00282849371433	-0.00854132883251
-10.5097278243	-36.4313754318	50.8879448863	-0.00874810758978	-0.0002067056339	-0.00433268817142
2.95932796093	-33.6165693450	60.9408237679	0.00243708398193	0.0047725988552	0.00350408535451
-4.80861935889	-34.3308286041	58.3898978425	-0.00457543227822	0.00359965418465	0.00140109774657
-0.265385013701	-33.2931228268	62.0959899041	-0.000449409330031	0.00525257457048	0.00443212594837
7.88884156673	-36.3173586797	51.2951475726	0.00643974449486	8.50397846079e-05	-0.00418070657179
1.63386298855	-38.1160587718	44.8712186720	0.00116386159789	-0.00289178150706	-0.00875101145357
1.93329262648	-33.6195210649	60.9302819112	0.00153909449	0.00482591288164	0.0035329668317
11.8168632621	-35.8565145937	52.9410193083	0.00944027025253	0.000832393707242	-0.00285639264621
2.64375096598	-33.4913791837	61.3879314866	0.00213716225699	0.00494729913771	0.00385337509215
1.62073764016	-33.4827656924	61.4186939559	0.00123934447765	0.00500145321712	0.00390901509672
1.30818265384	-33.3460103199	61.9071060005	0.000946271640714	0.00517579121515	0.00427723908797
9.15277008246	-37.2784767338	47.8625830937	0.00710081588477	-0.00150102528278	-0.0065756579861
2.33119597966	-33.3546238112	61.8763435313	0.00184137874749	0.00513304769993	0.0042266943492
-5.00977429905	-35.4576875005	54.3654017840	-0.0047886534594	0.00168758491054	-0.00203372701071
-10.7711960885	-33.3891818594	61.7529219306	-0.00904889591038	0.00470220996067	0.00379345496185
0.540765316514	-38.2657338874	44.3366646877	0.000293195102131	-0.00313034071587	-0.00911905709654
-6.45109794381	-35.6435212563	53.7017097990	-0.00585898337886	0.0012313373154	-0.00245328806341
8.57817352143	-33.8176463672	60.2226915456	0.00699441554025	0.00417681317776	0.00276917917654
6.19025427739	-34.0230460993	59.4891210739	0.00519446982071	0.00397906964645	0.00225705187768
-1.76428015036	-38.2532342125	44.3813063839	-0.00156854093075	-0.00311916903593	-0.00912543106824
2.27912273053	-37.3150085292	47.7321123956	0.0017293629935	-0.0015910724178	-0.0069599384442
5.65515874287	-35.8768203219	52.8684988505	0.00483568198979	0.000922029954381	-0.00316199590452
-4.50085803940	-34.8003961759	56.7128708002	-0.0044111981988	0.00291389436461	-4.12334266002e-05
2.17494374227	-34.1373685584	59.0808265771	0.0018767232541	0.00421383045614	0.00205632601865
10.1589975853	-34.9875495103	56.0444660345	0.00828866753727	0.00226659351029	-0.000485619850224
-1.60610561107	-34.1508754025	59.0325878481	-0.00176639773417	0.00424159131944	0.00203830190003
-9.48407397175	-35.6583615448	53.6487087685	-0.00807723309845	0.00106495420914	-0.00232723052613
6.38345589367	-35.6837678220	53.5579720642	0.00543465837836	0.001230369322	-0.0025657506194
-1.07558326304	-32.3889354766	65.3252304406	-0.00110974453855	0.00645251804963	0.00672471569851
-0.843088845609	-35.4521987230	54.3850045607	-0.00109364360105	0.00226066820323	-0.00244626775384
-0.0192560012612	-33.4433505542	61.5594623064	-0.000230962788919	0.00507439905778	0.00403830688447
-0.598573416129	-33.6774500601	60.7233926424	-0.00076306227129	0.00480157602578	0.00340985972434
-0.0577672724493	-37.1004919158	48.4982431579	-0.000244644179475	-0.00122616218869	-0.00656478619203
-2.21337585651	-34.5218805466	57.7075694763	-0.00242395978421	0.00373220536858	0.000846740847919
-2.78782953356	-34.7545634933	56.8765589526	-0.00299076572992	0.00329403905198	6.6951775807e-05
9.04510501739	-33.8841020463	59.9853498346	0.00736141065136	0.00406052870676	0.00257762125693
-1.81909031954	-35.5278936279	54.1146656145	-0.00206001289189	0.001967465505	-0.00259580858983
-1.72020903843	-34.5337153369	57.6653023681	-0.00196145754308	0.00380175327882	0.00081277906429
2.54687676877	-38.1301261310	44.8209781035	0.00188917596824	-0.00290768686682	-0.00873665418476
-1.76464494179	-36.9692915453	48.9668159098	-0.00173412717413	-0.00100508832838	-0.00624675676227
0.788672667723	-37.5299184131	46.9645770962	0.000474458473036	-0.00195535435341	-0.00749837514013
-2.81586059871	-35.5817630802	53.9222747135	-0.0029631848447	0.00171327975113	-0.0026410552673
-3.90067717701	-35.6140728377	53.8068827224	-0.00387670076452	0.0015128654195	-0.00260852533393
8.06126115832	-37.5807725430	46.7829552036	0.00617295037955	-0.00200142106041	-0.00730506703258
8.41897130216	-37.4825597392	47.1337152170	0.00647784676403	-0.00183871982154	-0.00707289110869
2.08235875839	-35.0992235042	55.6456303423	0.00197865115479	0.00287017063238	-0.00115825654939
-8.24946310259	-37.5357059512	46.9439073172	-0.0068498342298	-0.00197442388162	-0.00725511787459
6.12846489663	-37.6400399793	46.5712857883	0.00470389891416	-0.00210583303124	-0.00744361942634
-2.68493408208	-31.8884206149	67.1127835181	-0.00241306307726	0.00718430615962	0.00796115864068
-1.71344024626	-37.2123630815	48.0987032802	-0.00165907596238	-0.00142973742913	-0.00680083688349
2.15228417683	-35.9754725689	52.5161693967	0.00186979223508	0.00094801018713	-0.00380841316655
-7.24572700706	-32.6851607395	64.2672830733	-0.00622280081734	0.00589656969532	0.00580887356773
-8.95889926080	-35.7306325701	53.3905979639	-0.00769165810198	0.000962420133874	-0.00254524522461
6.96824928340	-37.4887155798	47.1117300721	0.00539017468691	-0.00185982417315	-0.00708988355473
-2.48876121459	-35.0375894107	55.8657521047	-0.0027496390976	0.0028805048205	-0.000916331016924
0.94102782684	-33.2113963461	62.3878701924	0.000612247211393	0.00534869311377	0.00463435938582
10.3193781219	-34.6060206205	57.4070692125	0.00839816126972	0.00288355071098	0.000570563424844
7.94694818942	-34.3113855920	58.4593371716	0.00659651681781	0.00343189272098	0.00141245534178
7.73283518556	-34.7477588527	56.9008612405	0.00648513669148	0.0027444944717	0.000172849657247
-8.42233723321	-33.5600549023	61.1426610632	-0.00725902477279	0.00450146477669	0.00344368279912
-3.90382464357	-35.0172866834	55.9382618449	-0.00395002635196	0.00264278193936	-0.000756576890126
-10.7537841492	-35.8898768188	52.8218685042	-0.00897904485464	0.000658153672703	-0.0028965708334
8.00271998199	-34.4585442041	57.9337706995	0.00665835198015	0.00319604435936	0.000996708869934
-3.14427884583	-31.9352291583	66.9456101489	-0.00279569625854	0.00710989441723	0.0078383628279
-7.19559605587	-37.7807016653	46.0689226238	-0.00598243111745	-0.00236688414589	-0.00789790786803
5.06369109589	-33.3143957479	62.0200151861	0.00412422185764	0.00506434729323	0.00423176120967
-7.13250385598	-34.4685929038	57.8978824863	-0.00638167513534	0.00315362378024	0.000966243445873
-0.525202560071	-34.0389489603	59.4323251417	-0.000716757727787	0.00442836387083	0.00239320774563
1.10357796079	-34.2642902645	58.6275347696	0.000894247321412	0.00418268330395	0.00170011946466
3.45680356949	-36.8650475862	49.3391157636	0.00279062916525	-0.000814144965261	-0.00586241437122
8.93393445434	-34.5800207625	57.4999258484	0.00736656272784	0.00296199228615	0.000650558678899
3.59701622158	-36.5981987541	50.2921473069	0.00297259748913	-0.000335175398504	-0.00522062368691
-0.614849354115	-35.3039126134	54.9145978094	-0.000865646637976	0.00263597886078	-0.00197166134603
-1.14475624768	-35.0721225727	55.7424193834	-0.0014407299459	0.0030755691696	-0.00112638936844
3.80861161581	-36.0592609479	52.2169251859	0.00329755945131	0.000679082004353	-0.00384512823075
-5.98479119467	-34.6481254025	57.2566949912	-0.00553704891354	0.0029716740828	0.000445663899882
9.44933136907	-35.9961153346	52.4424452335	0.00767040904611	0.000608292699326	-0.00326454499736
-3.85292198158	-31.7416219023	67.6370646347	-0.003360316623	0.00740474555641	0.00831293687224
5.53135246632	-33.7504098932	60.4628218099	0.00460675731301	0.00442135473713	0.00303749437444
-11.1627250817	-34.6970182918	57.0820775294	-0.0093425149098	0.00256800535135	0.000276316975942
9.24923108294	-34.3160361140	58.4427281642	0.00757595244795	0.00337431277148	0.00138429098297
1.04271147740	-34.0083337157	59.5416653010	0.000791103870142	0.00444258423522	0.00247155851685
-0.464336076687	-34.2949055091	58.5181946103	-0.000675038842019	0.00418725097552	0.00161481113173
2.71885192157	-38.3541091085	44.0210388982	0.00202827597968	-0.00325108878314	-0.00921948533505
-5.83227349430	-34.9992645914	56.0026264592	-0.00544321117923	0.00240787281655	-0.000607613474131
9.23438304240	-36.1138719409	52.0218859254	0.0074886563234	0.000413750880398	-0.00358642684296
7.39981879401	-37.7721630335	46.0994177376	0.00560437794775	-0.00231944583356	-0.00774123938754
7.49415402552	-37.5445539966	46.9123071549	0.00576467812061	-0.00194737047423	-0.00721617229283
-11.3963763207	-34.3477319853	58.3295286240	-0.00953095592558	0.00312906270847	0.00120027631056
7.83979405569	-34.9228806168	56.2754263685	0.00657391408458	0.00245160167105	-0.000327034591464
6.91343201797	-36.6263293138	50.1916810221	0.00561673101038	-0.000430560903624	-0.00502771791071
6.92544562484	-36.8952883013	49.2311132097	0.00554751884192	-0.000884639390279	-0.00569176068529
-7.39578964149	-32.9292100046	63.3956785551	-0.00637425202876	0.00551554327831	0.00516558159143
6.15333781130	-37.8050063153	45.9821203023	0.0046704839915	-0.00236938195303	-0.00780178699642
7.40883986395	-34.1128857646	59.1682651264	0.00615477282554	0.00376869528554	0.00197799759917
4.78124117541	-35.0931282946	55.6673989477	0.00426231883466	0.00242378539406	-0.000941385515034
-3.38386223564	-34.7713798877	56.8165004012	-0.00350355170667	0.00315080350265	2.41818052018e-05
8.60131169238	-35.6138716735	53.8076011661	0.0071031502448	0.00126410496887	-0.00225192238577
9.05571057071	-34.7489556547	56.8965869475	0.00746817188337	0.0026843927335	0.000176654546522
-3.52744936726	-32.8436161561	63.7013708711	-0.00321304029785	0.00576606113464	0.00553411571309
-9.20370752279	-35.4427340004	54.4188071416	-0.00788985565305	0.00143032160122	-0.00175025791395
-10.1136983592	-33.0645044653	62.9124840526	-0.0085205771029	0.00523719657212	0.00468677142635
-9.73329518694	-32.9527043849	63.3117700538	-0.00821531843394	0.00542311230674	0.00499966461211
1.79570507805	-34.6057463974	57.4080485806	0.00164610717911	0.00371717382222	0.000564951216802
9.12293536866	-34.1595879667	59.0014715476	0.00746152363718	0.00362607231364	0.00181921385229
-9.24902132871	-32.7564827808	64.0125614971	-0.00781782157719	0.0057446109131	0.00553755695
2.53733202088	-33.8688457359	60.0398366573	0.00213055382483	0.00449270335957	0.002822174225
-4.88452520703	-35.0611479486	55.7816144692	-0.0047226822935	0.00241645425558	-0.000839506101329
-7.58366296111	-37.6986571220	46.3619388502	-0.00630136113614	-0.00223549758084	-0.00768312439322
1.85453939183	-37.9422393930	45.4920021678	0.00133996212389	-0.00261758174747	-0.00836056936532
7.58926250028	-33.8599473398	60.0716166437	0.00624436279759	0.00414783274755	0.00267616217025
6.16427879848	-33.1984087966	62.4342542978	0.0049846903421	0.00518668629229	0.00449996907264
-3.54542901506	-33.8177636350	60.2222727322	-0.00341068371199	0.00444785645232	0.00293561071157
-4.07379000855	-34.0434691743	59.4161815205	-0.00391048006713	0.00409424072132	0.00226986501366
-5.83046458984	-37.4777471155	47.1509031590	-0.00498398533091	-0.00188808550593	-0.00722919544205
-11.8557546569	-34.2446538640	58.6976647714	-0.00987482070923	0.00328337051906	0.00145640852861
10.0218189617	-36.9941969394	48.8778680735	0.00784383807331	-0.00103226781357	-0.00585926137865
6.91293330205	-34.8106201715	56.6763565303	0.00587647315115	0.00269344868138	-1.89486345334e-05
10.7966417115	-34.3835569411	58.2015823533	0.00873967260122	0.00323450844735	0.0011783373775
2.89371027491	-33.9961457337	59.5851938084	0.00247887079604	0.00430758437142	0.00244451896288
-2.48870702809	-33.3663525564	61.8344551556	-0.00241012731567	0.00509870005772	0.00420424807817
-3.01706802158	-33.5920580957	61.0283639439	-0.00290779443458	0.00478031253442	0.00358072970994
-1.46225936629	-31.7781519701	67.5066001067	-0.00139593367931	0.00735677964985	0.0082437871024
-10.0470662628	-36.2003032504	51.7132026771	-0.00843614991754	0.000168819766259	-0.00374759384431
-8.57637630496	-37.4295337790	47.3230936464	-0.00712277414277	-0.00180447159801	-0.00697733368725
2.70993680353	-37.9870628069	45.3319185469	0.0020199152641	-0.00268308864906	-0.0084138456732
2.00477667107	-37.8084095912	45.9699657456	0.00146428565495	-0.0024037042167	-0.0080604404211
8.89676042105	-35.3727965135	54.6685838803	0.00734467152506	0.00166060123593	-0.0015738948714
8.09958591227	-35.4224618451	54.4912076962	0.00675227399915	0.00160345283803	-0.00173768540844
9.07324834384	-34.9117001897	56.3153564653	0.00748684164137	0.00241823587567	-0.000279966188828
9.76029208215	-35.3160092582	54.8713955064	0.00798397976905	0.00173436268233	-0.00139900832437
1.83129250599	-36.9710472414	48.9605455663	0.0013949663844	-0.000994584406726	-0.00621447758749
7.91913952469	-35.0912549417	55.6740894941	0.00663467915729	0.00216817646287	-0.000806140946224
8.89099224332	-35.2114564849	55.2447982682	0.00734952092171	0.00192956184037	-0.00112333043944
6.30218054570	-33.0881774526	62.8279376691	0.0050718318671	0.00534242484719	0.00478504272178
11.7376870977	-34.0534841015	59.3804139232	0.00941891409457	0.00375691894442	0.0020648969803
8.00936271848	-35.2568583934	55.0826485951	0.00669669685885	0.00188654800877	-0.00127400946803
9.41449548477	-35.1202305807	55.5706050688	0.00773801794276	0.00206545297988	-0.000859889725689
-11.6205939509	-33.9864234442	59.6199162708	-0.00970581825823	0.00371315795928	0.00215701479465
1.28275557716	-37.0003865264	48.8557624057	0.000919335172512	-0.00104616244789	-0.00630672788247
-10.1422289794	-34.0258134319	59.4792377433	-0.00859948713332	0.00369495688938	0.00211486336775
2.43882945537	-36.9411783523	49.0672201705	0.00191844964866	-0.000943359627854	-0.00611065654084
9.05559537599	-35.5259841428	54.1214852041	0.00744816102087	0.00140040379483	-0.00199463148601
8.70208639528	-32.6070985202	64.5460767135	0.00686629815027	0.00601413520053	0.0059817628935
-1.39808622877	-33.4477816871	61.5436368317	-0.00146524666343	0.00504259206355	0.00401511974633
-3.38019125744	-31.7037395824	67.7723586344	-0.00296948873438	0.0074660894461	0.00841454416513
-6.64671015527	-32.3941692155	65.3065385161	-0.00570562761277	0.00635977694765	0.00658404733986
-3.02349132454	-31.8031281618	67.4173994222	-0.00268491916358	0.00731352716684	0.00817037373781
-11.0449430277	-33.9541912376	59.7350312942	-0.00927447620779	0.00378139666282	0.00226926640607
-4.00380013903	-34.4059496333	58.1216084527	-0.00394286867231	0.00359651912004	0.00118859007489
-7.66229603678	-33.1415618382	62.6372791494	-0.00661363452673	0.00517967669293	0.00459458306432
9.29005017036	-33.2729502865	62.1680346912	0.00744186574593	0.00500141642988	0.00421972060576
8.64574866194	-36.8661288796	49.3352540013	0.00685740914196	-0.000833663914818	-0.0055551356636
10.6927580266	-36.6771162899	50.0102989647	0.00843524932861	-0.000511769147124	-0.00503950053826
-10.2114167505	-35.9548549146	52.5898038763	-0.00858034472913	0.000563299574424	-0.00309093110263
0.00413686161628	-33.1794003642	62.5021415566	-0.000210835496546	0.00539412302896	0.00472625344992
0.52425121791	-32.8217697256	63.7793938370	0.000236057909206	0.00585612282157	0.00563458306715
-1.16545631835	-31.6015832928	68.1372025257	-0.00114112498704	0.00762854143977	0.00868237856776
11.4281223036	-33.7783575735	60.3630086660	0.00915472302586	0.00419633975253	0.0028167522978
-7.79604184771	-34.7495143031	56.8945917745	-0.00688995840028	0.00265067536384	0.000162091324455
-0.883024585587	-37.5770912912	46.7961025316	-0.000921284488868	-0.00203942344524	-0.00762606458738
7.35861427427	-36.8335618388	49.4515648614	0.00589675595984	-0.000781875743996	-0.00551978498697
-4.48854490453	-37.9615169434	45.4231537734	-0.00381145603023	-0.00266181235202	-0.00842184387147
8.63749960101	-33.6710774961	60.7461517997	0.00701334094629	0.00440130196512	0.00316640431993
0.644073538964	-36.3340732113	51.2354528167	0.000404131540563	0.000229244222282	-0.00480046402663
6.06943367121	-34.6806116721	57.1406725995	0.00522578042001	0.00297378748655	0.000351539056282
1.06430785418	-36.0394343918	52.287734315	0.000834584643599	0.000856597092934	-0.00406451057643
-8.46158584631	-34.2608348677	58.6398754726	-0.00735625065863	0.00339552084915	0.0015277628554
-0.165947657002	-33.0279692737	63.0429668795	-0.000358315679478	0.00558583904058	0.00511520728469
-9.75498301235	-36.5478867481	50.4718330426	-0.0081749772653	-0.000390257599065	-0.00467264419422
6.22910863239	-32.0254514533	66.6233876667	0.00486607011408	0.00689239101484	0.00750877847895
-9.93971575315	-33.7749371317	60.3752245296	-0.00843601953238	0.00410478794947	0.00279943575151
0.620218465682	-35.0767215857	55.7259943369	0.000482357223518	0.00313883298077	-0.00116530386731
-5.95793387247	-33.0717712223	62.8865313490	-0.00524530326948	0.00534848449752	0.00485243368894
0.753299285628	-34.9302299870	56.2491786179	0.000623475119937	0.00339783891104	-0.000619436090346
-4.74626140135	-37.5043736362	47.0558084422	-0.00411442527547	-0.00193058699369	-0.00734751299024
4.22742079878	-33.0177181067	63.0795781905	0.00337962806225	0.00551138166338	0.00503803277388
-4.36780784178	-34.3024364905	58.4912982480	-0.00421526003629	0.00369625352323	0.00149566296022
-7.44613732317	-35.2001391073	55.2852174741	-0.00663239648566	0.00192724191584	-0.00113281898666
-0.895585140757	-32.1756494133	66.0869663812	-0.00094790617004	0.00676228525117	0.00725685898215
1.70935326578	-36.3457518286	51.1937434692	0.00138378469273	0.000189351150766	-0.00477151013911
-8.83708075919	-36.2471155720	51.5460158142	-0.00754125369713	0.000110597065941	-0.00393518153578
5.39077860016	-32.6987351194	64.2188031451	0.00427329540253	0.00593007588759	0.0058200606145
3.09542522158	-36.7765259183	49.6552645776	0.00250745564699	-0.000652790942695	-0.00568444142118
10.2873176414	-35.2357823520	55.1579201715	0.00837624911219	0.00185753847472	-0.0011715471046
-8.01571195766	-35.5743809878	53.9486393292	-0.00702114310116	0.00126183498651	-0.00216197036207
2.0203836459	-32.8770417247	63.5819938403	0.00151444866788	0.0057639949955	0.00546812312678
4.64290398659	-38.1986276261	44.5763299066	0.00350481434725	-0.00300281867385	-0.00874339416623
4.12927928269	-34.9714398211	56.1020006391	0.00374332489446	0.0027270456776	-0.000595768797211
-2.81965196521	-37.8231849768	45.9171965116	-0.0024901907891	-0.00244338694029	-0.00815041922033
4.89042742259	-35.8455305877	52.9802479010	0.00424010399729	0.00102394120768	-0.00314883817919
3.24402379198	-32.8156417730	63.8012793822	0.0025351382792	0.00582009926438	0.00558949727565
1.72720607121	-37.3250139437	47.6963787724	0.00126843946055	-0.00160915544257	-0.00701066525653
9.04501054367	-35.6718407336	53.6005688087	0.00742329191417	0.00115640135482	-0.00239651487209
5.80197669529	-32.9240753471	63.4140166177	0.0046408046037	0.00559481000528	0.00522749777883
7.46912824581	-34.6120788559	57.3854326575	0.00627565849572	0.00297937658615	0.000560279935598
-10.5790628149	-33.2610368219	62.2105827788	-0.00889407191426	0.00491259479895	0.00414364552125
-6.81432956413	-33.1070784695	62.7604340374	-0.00593701796606	0.00526265520602	0.00472298404202
-1.92801084351	-37.8734429717	45.7377036724	-0.00175323872827	-0.0025224937126	-0.00827763136476
0.7595619116	-34.1424350390	59.0627320034	0.000538357300684	0.00432362686843	0.00208111852407
-0.181186510884	-34.1608041858	58.9971279078	-0.000386399944546	0.00432124361396	0.0020326168742
1.99603456555	-34.3855601308	58.1944281044	0.00178034231067	0.0039525446482	0.00129332439974
1.65134674177	-33.0712987303	62.8882188203	0.00121740845498	0.00551463197917	0.00498107960448
0.417699762456	-32.4209758512	65.2108005314	0.000144316654769	0.00640869792551	0.00664109969512
-10.6639678798	-35.1584492692	55.4341097527	-0.00895302928984	0.00184054300189	-0.000951465801336
3.23398200661	-32.3041214780	65.6281375787	0.00248162634671	0.00654325541109	0.00687994994223
9.38915958105	-32.7920594511	63.8855019602	0.00743125611916	0.00573511375114	0.00548690836877
-4.22007142249	-33.0764740569	62.8697355110	-0.00382558093406	0.00541260978207	0.00490841316059
1.25501433518	-32.9633404424	63.2737841341	0.000868181115948	0.00566215114668	0.0052651935257
7.28986367823	-37.2484723431	47.9697416318	0.00571444723755	-0.00146767229307	-0.00652474397793
3.12368316429	-32.1650966483	66.1246548275	0.00238479953259	0.00674706650898	0.0072299381718
-6.20597603571	-37.7238512315	46.2719598875	-0.00522350380197	-0.00228120852262	-0.00780002260581
3.14798529077	-35.0333038084	55.8810578272	0.00293517508544	0.00278523331508	-0.00085477810353
0.111675559118	-36.6994022301	49.9307063210	-9.74199865595e-05	-0.000494139909279	-0.00565854925662
-6.79293641861	-33.2570219842	62.2249214850	-0.00594301801175	0.00503648491576	0.00432665320113
4.10624940252	-35.5606586086	53.9976478266	0.00367264961824	0.00163497135509	-0.00241944147274
-3.95770715310	-34.7637144575	56.8438769376	-0.00397396180779	0.00306049850769	6.21734798187e-05
3.52697479805	-35.7091929013	53.4671682097	0.00315629993565	0.00139825337101	-0.00291751534678
2.34456782838	-37.5535822378	46.8800634363	0.00175686285365	-0.00198859046213	-0.00748355034739
-2.24034641413	-36.4465277258	50.8338295507	-0.00223624543287	-4.1603387217e-05	-0.00499587645754
0.681440358377	-35.9266901682	52.6903922566	0.000477421359392	0.00112440832891	-0.00379874138162
7.23374128006	-32.9606639514	63.2833430307	0.00578335672617	0.00550548732281	0.00509268045425
6.68163662723	-32.1001890305	66.3564677481	0.00522641139105	0.00677522178739	0.00731274904683
10.8807003530	-35.1484335220	55.4698802785	0.00881736446172	0.00199330365285	-0.000928418769035
3.51279153266	-35.1252282324	55.5527563129	0.00324187683873	0.00255248090252	-0.00112961232662
-1.53667493385	-32.1100258973	66.3213360809	-0.00147822604049	0.00685668783262	0.00741813285276
-3.38870799911	-33.9376396780	59.7941440071	-0.00330702075735	0.00430699717253	0.00260146986693
-1.09776416727	-37.3318069602	47.6721179991	-0.00112315756269	-0.00163036584854	-0.00707989512011
5.30216097773	-38.0996056435	44.9299798445	0.00399085553363	-0.00284751900472	-0.00847660843283
-9.63498920703	-33.9867141147	59.6188781619	-0.00821756478399	0.00377699313685	0.00224043149501
1.67052082558	-36.7452174937	49.7670803796	0.00128552969545	-0.000583349668887	-0.00570939714089
-6.57632402054	-33.5285143229	61.2553059895	-0.00581585522741	0.0046381931752	0.00360775110312
1.05159440298	-37.9107076746	45.6046154480	0.000691152177751	-0.00257177371532	-0.00832435395569
-7.60395997553	-34.2089724653	58.8250983381	-0.00670901732519	0.00353018357418	0.00169328448828
3.41573677817	-36.0883175291	52.1131516818	0.00295647862367	0.000642829108983	-0.00396505137905
6.07645749851	-34.8131725834	56.6672407737	0.00524529302493	0.00275726546533	-4.22482662543e-05
8.49909228078	-36.0063380865	52.4059354052	0.00696468213573	0.000603255874012	-0.00332622695714
10.9736482589	-36.5419896792	50.4928940030	0.00867875572294	-0.00028984886012	-0.00468501402065
6.08761924433	-36.8915889209	49.2443252826	0.00490117492154	-0.00087634002557	-0.00572972930968
-8.49449987244	-32.5528401061	64.7398567639	-0.00720103224739	0.0060803280212	0.00610189605504
-6.82782686499	-32.1268184991	66.2613625033	-0.00582023430616	0.00677578803152	0.00726396404207
-2.93830587652	-32.8635705007	63.6301053548	-0.00272152223624	0.00575504545122	0.00549896573648
8.61225643390	-36.6387658557	50.1472648012	0.00689834915102	-0.000458166730823	-0.00497988797724
3.94306515393	-35.8035143765	53.1303057982	0.00348035013303	0.00117289333139	-0.00313504692167
7.46141015418	-33.4811720088	61.4243856829	0.00606722431257	0.0047250748612	0.00370897352695
3.24779036038	-33.7407038548	60.4974862328	0.00271590286866	0.00459640100598	0.00315212714486
-3.82086623937	-32.6152270506	64.5170462477	-0.00342679861933	0.00608606543392	0.00610984815285
7.53440036393	-35.9412786200	52.6382906427	0.00625693006441	0.00073511863593	-0.00319944159128
-3.51898109490	-35.3627307271	54.7045331176	-0.00361041841097	0.00206104456447	-0.0018895175308
-12.0288442985	-34.9711525176	56.1030267228	-0.00995330419391	0.00208340049721	-0.000463795528049
-0.0566502731419	-34.8282899684	56.6132501129	-0.000263262627413	0.00359858456068	-0.000246730982326
-4.63555247452	-37.6658628147	46.4790613760	-0.0039908727631	-0.00219152309	-0.00773014873266
-7.47724594708	-33.8112240713	60.2456283167	-0.00656260270625	0.0041573131457	0.00280039361678
3.21396168501	-38.3222197046	44.1349296264	0.00241397297941	-0.00319866137579	-0.00911915116012
11.5782939756	-34.4985453487	57.7909094689	0.00933083612472	0.00304253702052	0.000852582044899
3.57764426707	-34.4731857069	57.8814796183	0.00320613244548	0.00359881296754	0.000983049394563
10.5968798341	-35.4261895300	54.4778945359	0.00859128404409	0.00154069648124	-0.00169270206243
12.2859614322	-35.2964843805	54.9411272123	0.00984894670546	0.00174653693102	-0.0013377321884
8.76242515338	-33.5296954197	61.2510877869	0.00708312587813	0.00461571197957	0.00354511965998
-3.67046298983	-36.2503956423	51.5343012774	-0.00352086708881	0.000282177032204	-0.00438035745174
-2.44339086154	-31.6108160065	68.1042285481	-0.00219294242561	0.00761376647279	0.00865566823632
-0.904746258911	-32.5209783150	64.8536488749	-0.000972880981863	0.0062661585398	0.00639500422403
3.70723593246	-36.3307566947	51.2472975189	0.00313628697768	0.000160704454174	-0.00455412035808
1.69171239652	-32.1605196325	66.1410013127	0.00120600429364	0.00677371071652	0.00727183464915
0.981947274184	-32.8528652396	63.6683384300	0.00062848610105	0.00581140443683	0.00555022107437
-11.8771215153	-35.7840589981	53.1997892925	-0.00980013422668	0.000804565032013	-0.00257683452219
3.35763741713	-35.4963630521	54.2272748138	0.00306329270825	0.00185078242794	-0.00231204251759
0.23896153571	-35.8291774590	53.0386519321	4.37478556705e-05	0.00136347301304	-0.00355861196294
-11.3192901502	-35.8398421340	53.0005638072	-0.00939246173948	0.000727646693122	-0.00274308980443
4.64974500844	-33.6394232564	60.8592026558	0.00386403105222	0.00463387649506	0.00337447342463
-7.88098284098	-35.1449440309	55.4823427468	-0.00695082871243	0.00199158629403	-0.000961220008321
5.02756482362	-34.3032461600	58.4884065714	0.00434444285929	0.00366249657236	0.0014759185724
7.29195103504	-33.6209011308	60.9253531043	0.00596473971382	0.00452163442969	0.00333674880676
-5.44642487508	-35.2245937451	55.1978794819	-0.00514692300931	0.00206035166048	-0.00130415894091
6.21185362728	-34.4075389848	58.1159321971	0.00529206637293	0.00339316134341	0.00115450425074
-7.96452353455	-37.6315906844	46.6014618414	-0.00660992925987	-0.00212759943679	-0.00750359380618
-8.9602381931	-33.2302854380	62.3204091501	-0.00763970427215	0.00500047160313	0.00430065114051
2.86371041958	-35.8621942829	52.9207347038	0.00254090875387	0.0011402098462	-0.00342550990172
-9.14836939809	-35.3195517624	54.8587437058	-0.00785714946687	0.00163602840621	-0.00141353625804
-10.3447426701	-34.9641541351	56.1280209460	-0.00873381458223	0.00216819578782	-0.000428683357313
-10.0232552976	-36.6611773211	50.0672238531	-0.0083565171808	-0.000573539058678	-0.0049538728781
2.44961312529	-35.1966016872	55.2978511170	0.00231452099979	0.00260702660307	-0.00145813717972
-4.27775253130	-33.4486116142	61.5406728064	-0.00394242582843	0.00489011546597	0.00392012996599
4.09320289500	-31.8233618683	67.3451361847	0.00315919774584	0.00723642949015	0.00805777683854
4.81463718781	-34.4793857170	57.8593367251	0.00421603163704	0.00342275807634	0.000951882393565
-9.87390191153	-36.9433040987	49.0596282190	-0.00819871667773	-0.00102527043782	-0.00568878045306
12.0755228016	-34.3130862361	58.4532634423	0.00969353411347	0.00333979260176	0.00135220144875
-6.39670289472	-32.9083711089	63.4701031823	-0.00557321729138	0.0055779479444	0.0052623860538
-7.01104865095	-34.9905892340	56.0336098785	-0.00631836941466	0.00231167906895	-0.00054337840993
10.2932985609	-36.8835368365	49.2730827269	0.00807978771627	-0.000850363343488	-0.0055751693435
2.87285502152	-33.0117489336	63.1008966657	0.00225056847557	0.00556254340336	0.00509977526963
0.0730715449895	-33.6844069560	60.6985465859	-0.000144600096974	0.0048021748662	0.00339273549616
-9.41054657570	-34.2254502589	58.7662490754	-0.00806058663875	0.00340410135686	0.00159904442262
5.15575611975	-33.8017111374	60.2796030805	0.0043178871274	0.00437332969159	0.00290863518603
1.60819635863	-35.5575139954	54.0088785877	0.00145633693319	0.00194109906442	-0.00270323036239
-1.50146532610	-37.6091748319	46.6815184576	-0.00143402966205	-0.00209422060288	-0.00769365252927
-6.02940323677	-37.6016293246	46.7084666980	-0.00511256838217	-0.00208699586801	-0.00751563673839
-4.47956179253	-32.0619853620	66.4929094215	-0.00390519760549	0.00690351426601	0.00749482400715
8.06436794049	-32.4026913595	65.2761022875	0.0063387658447	0.00631912611425	0.00652033556253
4.28796154922	-33.9745445016	59.6623410656	0.00365650677122	0.00420235050842	0.00245328154415
-7.29347092739	-32.1994775479	66.0018659005	-0.00620298180729	0.00665583088994	0.00706190848723
-9.45632803118	-33.5096648220	61.3226256358	-0.00804902147502	0.0045435205102	0.00353297381662
-8.32542209930	-34.0280479345	59.4712573767	-0.00723483087495	0.00377195002511	0.0021743949037
2.51928966728	-35.5521746522	54.0279476707	0.00231551681645	0.00184203672688	-0.00258166319691
6.15739803308	-35.1038808378	55.6289970078	0.00531828822568	0.00226181931794	-0.00090313248802
-0.364670567324	-37.4766807477	47.1547116155	-0.000493368308526	-0.00187105836812	-0.0074024698697
-5.97655590510	-33.2135968290	62.3800113249	-0.0052837994881	0.00513724749908	0.00447719171643
2.87644519514	-34.8349262898	56.5895489651	0.0026846001856	0.0031776917167	-0.000202742841793
-1.16158849183	-34.1610467317	58.9962616726	-0.00134528498165	0.00427128700539	0.00201889243908
1.72968820434	-34.1379683677	59.0786844012	0.00146532733925	0.00425780238584	0.00206955731846
-5.45151561517	-33.8262790691	60.1918604674	-0.00497933197767	0.00427259132266	0.00283580622636
-2.18300809017	-37.1427336640	48.3473797714	-0.00206779595464	-0.00131296459585	-0.00662819109857
7.98449236216	-37.1081294735	48.4709661660	0.00628485577181	-0.00123421673197	-0.00617082836106
-7.85323520663	-33.5967699237	61.0115359868	-0.00682392390445	0.00446918793023	0.00336903566495
0.807060311586	-37.2147202607	48.0902847832	0.000497617118526	-0.00142256182153	-0.00680190650746
-7.30686856407	-34.0512957373	59.3882295097	-0.00646476121619	0.00379643822089	0.00214237882756
-11.7162016805	-36.0174738151	52.3661649460	-0.00967028737068	0.000441708456492	-0.00319589232095
0.909529245708	-32.5859664924	64.6215482416	0.000559236214031	0.00617498718202	0.00622321106493
5.62681943040	-33.8557073602	60.0867594280	0.00470938486978	0.00426346529275	0.00274248677306
-9.67852368055	-36.1682216447	51.8277798405	-0.00817010831088	0.000225905954721	-0.00368098751642
5.48107982562	-36.6533851905	50.0950528912	0.00449285143986	-0.00046248716535	-0.00519417738542
9.99225373949	-35.0884783246	55.6840059834	0.00816431827843	0.00210451032035	-0.000766184122767
6.49962535245	-37.1200310364	48.4284605842	0.00515198521316	-0.00125915021636	-0.00625019427389
8.19726152295	-36.8644982037	49.3410778438	0.00652152951807	-0.000832568039186	-0.00556401116773
-5.18896214627	-33.2102749309	62.3918752466	-0.00464570894837	0.0051783756353	0.00451889866963
-10.4066510864	-33.1530767339	62.5961545218	-0.00875400006771	0.00508957961574	0.00443847337738
-11.6540728850	-34.7688206194	56.8256406451	-0.00969630014151	0.00243030977435	7.33171837055e-05
-2.02853611834	-37.6233866444	46.6307619842	-0.00187006336637	-0.00211904710159	-0.00771769229323
-6.38476844836	-37.9638807404	45.4147116414	-0.00530934613198	-0.00265878764912	-0.00836771912873
-6.63033687709	-32.5375221981	64.7945635780	-0.00571031169966	0.00613817153499	0.0062153916806
-4.07554645169	-33.1913427517	62.4594901727	-0.00372529658489	0.00525770476088	0.00461254362017
1.39747359717	-36.6355366181	50.1587977925	0.00105876813177	-0.000375152245397	-0.00547161046416
11.4530731908	-36.2116885267	51.6725409759	0.00910857133567	0.000251318066148	-0.00380952376872
-4.94698465845	-33.5778511358	61.0791030864	-0.00451970146969	0.0046660611406	0.00354215479456
6.53105204768	-36.4145613373	50.9479952240	0.00538091221824	-6.21188810328e-05	-0.00451587093994
-8.59870142983	-33.1755964899	62.5157268219	-0.0073521938175	0.00509698363021	0.00446227379143
-7.79297815351	-34.6091504905	57.3958911053	-0.00688210455701	0.00287894089706	0.000561043038033
0.249602346723	-37.0230721575	48.7747422946	2.17180568143e-05	-0.00108801492024	-0.00638775900006
11.9407180961	-34.5185448459	57.7194826933	0.00960275251418	0.00300884363241	0.00079296232434
-3.20259686743	-33.0644607522	62.9126401709	-0.00297236139886	0.0054694339633	0.0049737598747
-2.82525828546	-32.1410955997	66.2103728584	-0.00255049252883	0.00680106459185	0.00732748722658
4.76092609618	-34.6087798290	57.3972148965	0.00419979076833	0.00323036080226	0.000557439459953
8.27578856577	-35.7997456829	53.1437654182	0.00683562550694	0.000957865617238	-0.00277592567727
-3.60291341428	-31.9729177496	66.8110080373	-0.00317668309435	0.00704867718741	0.00773668428883
-8.45510008801	-37.2638730805	47.9147389981	-0.00706561654806	-0.00154099101201	-0.00656850449741
-10.8376345581	-34.3004727817	58.4983114939	-0.00911904964596	0.00322564970702	0.00134822609834
-7.34771536979	-35.6635508726	53.6301754550	-0.00652249436826	0.00114357657731	-0.00244785589166
1.61699664280	-35.9912128754	52.4599540166	0.00136863952503	0.000942347862292	-0.00390057521872
12.3224883840	-35.0770426453	55.7248476953	0.00988790113479	0.00210348749533	-0.000738996604923
2.50379072566	-34.4326647415	58.0261973518	0.00226077577099	0.00381989474408	0.00113031559158
0.168161896814	-36.3120999669	51.3139286898	-4.00633543904e-05	0.000276420149021	-0.00475937500596
0.84671492871	-31.5747461732	68.2330493813	0.000514655373991	0.00766120571643	0.00873516127467
1.89709201370	-34.7241202102	56.9852849636	0.00176844128873	0.00353909633122	0.000154856737936
-4.19906536513	-34.5384021305	57.6485638198	-0.00413053343073	0.00337231205776	0.000776431174017
-10.5159290280	-35.5557099727	54.0153215259	-0.0088266255334	0.00120199925732	-0.00201727589592
2.09672416123	-33.2537508448	62.2366041256	0.00162304320838	0.0052690198645	0.00449794298038
3.16331460019	-33.2800158225	62.1428006339	0.0025402372703	0.00519566517323	0.00439397152513
10.0288049033	-36.2442423679	51.5562772576	0.0080488063395	0.000194139283849	-0.00391208846122
-0.335381177089	-32.8800374015	63.5712949947	-0.000501865928527	0.00577857764438	0.00549170840532
-8.61206648756	-36.1422734070	51.9204521177	-0.0073903594166	0.000288635783363	-0.00367067730986
-4.31009994384	-33.9061270475	59.9066891162	-0.00407188246027	0.00425864197314	0.00265530077741
3.36413704261	-32.4184809109	65.2197110324	0.00259559112601	0.00637647416443	0.00658982479945
3.92901688615	-33.2818195630	62.1363587035	0.00318358535878	0.00516023300588	0.00436061760411
3.79005631129	-33.7294063764	60.5378343701	0.00317355175503	0.00457138661295	0.00316145177931
-3.31191608127	-34.1599000891	59.0003568247	-0.00329974596389	0.00402817921713	0.00195419439115
9.05254821970	-34.0180700677	59.5068926152	0.00738807301968	0.00385078974068	0.0022103714291
2.33426680790	-34.2746564032	58.5905128456	0.00206097401679	0.00403648940846	0.00163316039834
-6.36037317826	-33.6449660126	60.8394070978	-0.00566563289613	0.00447636563331	0.00330008938909
2.89079387565	-35.6170768281	53.7961541854	0.0026311299298	0.0016570299631	-0.00272838585079
-1.97884288701	-36.2154846316	51.6589834585	-0.00204936880618	0.000430324318586	-0.00444913562387
1.31590671918	-35.7869143034	53.1895917734	0.00112247117795	0.00142473052256	-0.00338680949062
1.66395049091	-34.4832563881	57.8455128995	0.00148983846884	0.0038867474068	0.000980630982667
6.48561985432	-36.2633208261	51.4881399067	0.00538571877405	0.000202336334041	-0.00412792013958
11.6731226073	-34.3008763224	58.4968702770	0.00939041003585	0.00336032593623	0.00139180582482
-12.2738585463	-34.6175412402	57.3659241423	-0.0101610571146	0.00265354453586	0.000451380590675
-9.67457683881	-33.7139384899	60.5930768216	-0.00823114719242	0.00421124882996	0.00297509459779
5.00753559981	-33.4587528871	61.5044539748	0.00411180825904	0.00486440584064	0.00384937692434
4.30904120503	-37.3653954080	47.5521592570	0.00336833391339	-0.0016704427544	-0.00693923048675
5.87973257570	-31.9587765493	66.8615123241	0.00458695134148	0.00699750008062	0.00768250133842
7.66218876512	-33.3351664413	61.9458341381	0.00619350932539	0.00493795704097	0.00409393757582
5.43038267136	-34.4735269457	57.8802609084	0.00469948211685	0.00336330384016	0.000965706480201
9.94108334655	-33.7939311343	60.3073888059	0.00802795123309	0.00418352894485	0.00280444230884
2.66980251384	-34.7155107775	57.0160329375	0.0024815313518	0.00340371695347	0.000195651577087
-5.71988400631	-32.8572911838	63.6525314865	-0.00501930806786	0.00567637151107	0.00542269507423
6.53106868846	-34.6211638867	57.3529861190	0.00556934298947	0.00302988034673	0.000530227262061
6.51671243021	-37.4170973079	47.3675096148	0.00507153104991	-0.00174584856723	-0.00693613383919
-6.27291418668	-33.4134946010	61.6660907106	-0.00555543322116	0.00482624908909	0.00393092632294
-6.03161740983	-34.0783546399	59.2915905717	-0.00548688927665	0.00385154527612	0.00210472359322
-9.64362207451	-37.1372588678	48.3669326149	-0.0079906117171	-0.0013352339156	-0.00619475729764
7.23416278234	-34.4933596766	57.8094297263	0.00608432525769	0.0031837313436	0.000900964601897
1.82361613977	-31.5965439887	68.1552000404	0.00131429196335	0.00761817442253	0.00866675749421
11.6719176588	-35.9605969076	52.5692967584	0.00931662134826	0.000661997415591	-0.00313682318665
-4.87745090353	-38.0265428477	45.1909184011	-0.00410761265084	-0.00276293279603	-0.00856171455234
1.34976495820	-35.4303058998	54.4631932150	0.00122304982506	0.00227151275612	-0.00233568996191
-5.38775530387	-37.9474884667	45.4732554762	-0.00452898722142	-0.0026372091379	-0.00836099963635
0.622098408527	-31.8012484677	67.4241126154	0.000324754451867	0.00731652835384	0.00817734282464
0.59557973078	-31.6762408880	67.8705682572	0.000305943802232	0.00750699173659	0.00848698336631
-8.83460223307	-35.8868742167	52.8325920830	-0.00758567964658	0.000706963648554	-0.00297406502068
-8.05905593027	-35.7137242829	53.4509847040	-0.00703869340941	0.00102452991996	-0.00254462077282
7.43398536228	-36.7004693841	49.9268950568	0.00599302444607	-0.000558949890547	-0.00518516497687
-11.2255732216	-33.6351512220	60.8744599214	-0.00940501410514	0.00429455703124	0.00311534642242
0.802101925341	-36.2356856447	51.5868369832	0.000560908461921	0.000434220710304	-0.00455983541906
3.87586692961	-36.9329947174	49.0964474378	0.00312111387029	-0.000936277676374	-0.00598767446354
-2.07666822176	-35.6649045604	53.6253408558	-0.00227139191702	0.00162237428594	-0.00297355116345
-4.43606894035	-32.9678438094	63.2577006806	-0.00398655049503	0.0055588777177	0.00518363062292
4.17453378323	-35.4370892757	54.4389668724	0.00375118339434	0.00186638254672	-0.0020439834334
-4.73199101861	-34.2367576152	58.7258656601	-0.00449366634712	0.00374692748301	0.00168233644217
2.44897946401	-32.3630564563	65.4176555131	0.00183828175068	0.00647142576054	0.00675184372813
10.5785638362	-35.9847441174	52.4830567234	0.00850528758019	0.000621112470981	-0.00320994947106
-4.07451193805	-37.8915898209	45.6728934967	-0.00349393626675	-0.00255208229646	-0.00827283319086
-2.04786796136	-32.0803973868	66.4271521899	-0.00190093799029	0.00689797382802	0.00748836062849
-4.52667600822	-35.1536703166	55.4511774409	-0.00444231787696	0.00230245268904	-0.00114839314483
-11.8937344036	-34.6442715267	57.2704588333	-0.009880611673	0.00262431032024	0.00039426816511
-2.50138937298	-32.4366869199	65.1546895717	-0.00230821478181	0.00636956607923	0.0065906108357
4.20300983591	-35.8833013833	52.8453522025	0.00367388851009	0.000997556140646	-0.0033266893588
4.21324800546	-33.5330377471	61.2391509033	0.00347711681388	0.00480586057529	0.00368041079491
-11.6204845597	-34.9169756645	56.2965154840	-0.00966070406139	0.00219058291987	-0.000315667624818
7.60599340077	-33.7076160674	60.6156569023	0.00622648093849	0.00437865499407	0.00309267872944
8.26153740878	-35.9120692267	52.7426099046	0.00680575054139	0.000767427205574	-0.00308235827833
5.19384849678	-35.3823094141	54.6346092353	0.00456519378349	0.00185925746337	-0.00178860186134
9.8102949876	-35.4123330425	54.5273819912	0.00801386404783	0.00157411920372	-0.00166430044919
4.45445664108	-38.0063695669	45.2629658326	0.00336456787772	-0.0027004845906	-0.00833746045828
3.14045240621	-37.9667169859	45.4045821933	0.00235883123241	-0.00264819827862	-0.00834306143224
-4.59461096833	-35.5056757349	54.1940152325	-0.00445648469031	0.00164347013924	-0.00221474096179
-4.68439820510	-33.4150013412	61.6607094957	-0.00427145184949	0.00491265254095	0.00399394519627
11.3504926311	-33.6684786747	60.7554333048	0.00908172409981	0.00437088636681	0.00311503792182
4.95811940024	-31.8767379341	67.1545073782	0.00385318347253	0.00713841430843	0.00790587347001
-12.3257134808	-34.8915805901	56.3872121781	-0.0101758008823	0.00219892524183	-0.000263708003331
-4.44698456715	-35.8838224011	52.8434914248	-0.00425783963874	0.000937238743063	-0.0033166562207
1.21439675904	-32.5045821976	64.9122064373	0.000814201019239	0.0062859794125	0.00642250617966
-1.37539429740	-37.1420803002	48.3497132134	-0.0013784095645	-0.0013060583733	-0.00665000779554
9.45931749986	-33.5775204545	61.0802840911	0.00762597471476	0.0045288647525	0.0034001483582
-7.26495443584	-35.7800075558	53.2142587294	-0.00644630705938	0.000947635096963	-0.00277642137371
-7.82026091064	-36.2627227439	51.4902759148	-0.00678352918476	0.000105928949779	-0.00404149154201
-0.551098318956	-36.9894386263	48.8948620488	-0.000677235308103	-0.00103148410562	-0.00631695752963
-5.67837092500	-38.0642101998	45.0563921435	-0.00473272800446	-0.00281895766966	-0.00862760096788
4.66991565875	-37.7842524535	46.0562412376	0.00355692650191	-0.00234627141617	-0.00783584266901
2.48265776124	-38.2594097705	44.3592508197	0.00184011308011	-0.00310785812326	-0.0090240528807
1.89311975142	-36.2134249641	51.6663394141	0.0015770776663	0.00045546531328	-0.00443572783843
-5.20065665984	-35.6712909598	53.6025322865	-0.00490132858977	0.00127536931541	-0.00263867899776
1.07874962893	-38.0606997236	45.0689295585	0.000716540613212	-0.00280843023211	-0.00865168310702
9.79837772681	-37.0924014249	48.5271377680	0.00764584960416	-0.00119343947154	-0.0061090416275
-0.188087808356	-31.5877483090	68.1866131823	-0.000336033554049	0.00764732575044	0.00871296785772
-0.617194063836	-37.2847534623	47.8401662060	-0.00071791379014	-0.00154802703764	-0.00697769317776
7.42764184960	-32.5107912281	64.8900313281	0.00585814379156	0.00616453913972	0.00625396706164
-8.80677939773	-35.5028287871	54.2041829032	-0.00760006718338	0.00134660606273	-0.00192912772764
-0.176981123748	-37.3531070824	47.5960461342	-0.000340148806572	-0.00166257610545	-0.00712759559974
1.82200031379	-38.4349012166	43.7324956551	0.0013248504838	-0.00338140525855	-0.00944418646395
-0.387384299852	-35.1821861697	55.3493351084	-0.000624787586275	0.00292915245518	-0.00155465060379
1.28422812340	-37.3460206008	47.6213549971	0.000895466946531	-0.00164581555873	-0.00707621173933
3.28160918774	-34.1082374625	59.1848662053	0.00284826429561	0.00412686029449	0.00210247631185
-6.15268562247	-34.5160650606	57.7283390692	-0.00564911868423	0.0031651945319	0.00083582213847
10.3371056942	-36.6414161577	50.1377994369	0.00818083807826	-0.000456298061181	-0.00494932383299
3.22356003997	-36.6663221822	50.0488493492	0.00264101941139	-0.000454049091786	-0.00541513320059
11.8682844589	-35.0639187705	55.7717186769	0.00955093372613	0.00212511513382	-0.000699622090906
-6.70353437881	-35.2223048903	55.2060539631	-0.00608672760427	0.00194477674086	-0.001228032168
-2.51165131332	-38.3924046174	43.8842692235	-0.00214910251088	-0.00333491922356	-0.00943836756051
0.886780101337	-32.4529559483	65.0965858990	0.000538310327101	0.00636111292988	0.00655618589371
12.1842476769	-34.4328290227	58.0256106333	0.00978159718215	0.00314681534655	0.00102375110146
-9.28706441651	-33.0050554041	63.1248021282	-0.00787188857794	0.00534859206527	0.00488179782405
-7.87831190571	-35.9702357756	52.5348722300	-0.0068733538501	0.000597750185989	-0.00325530185364
-4.03233392842	-33.5411381770	61.2102207965	-0.00375742977485	0.00477897049859	0.00367982615717
-10.0090132554	-35.3777721129	54.6508138826	-0.0084714749828	0.00150755757932	-0.00155180098955
0.963892553378	-34.6440129275	57.2713824016	0.000819537614007	0.00378928123973	0.000431762658991
0.696410021053	-33.0944385848	62.8055764828	0.000392397836549	0.00549886282533	0.00493898522109
0.715587470608	-37.8513534454	45.8165948378	0.000416089518694	-0.00247867638245	-0.00820525828749
-3.93654820712	-37.7863129678	46.0488822578	-0.00340362614952	-0.00238475739025	-0.00803519878536
4.42559161120	-35.0478667734	55.8290472379	0.00398223148659	0.00255057029426	-0.000821305962745
-6.12625069934	-32.6186783456	64.5047201942	-0.00531431706622	0.00602492131293	0.00602491525933
-2.20662091059	-35.1378609539	55.5076394505	-0.00248791230842	0.00274776783772	-0.00128322606906
9.85325297442	-35.7125090327	53.4553248831	0.00801321584731	0.00107580737676	-0.00248654931784
-2.29922639781	-31.8427672792	67.2758311459	-0.00209129042923	0.00725590344518	0.00807871110737
0.487962670084	-37.7583141264	46.1488781201	0.000227033975534	-0.0023300703615	-0.0080076996237
-9.78640686410	-36.2972517969	51.3669578684	-0.00823329668492	1.48971475937e-05	-0.00401556817815
-3.20473156200	-35.1405643622	55.4979844206	-0.00337151321582	0.00254446524195	-0.00120705005247
-4.78525668623	-31.8153403369	67.3737845110	-0.00412954064086	0.00728377373889	0.0081104747951
7.30622888578	-36.9589482566	49.0037562265	0.00581897748634	-0.000990759581327	-0.00582948792726
-10.7451737051	-35.4826270052	54.2763321244	-0.00899522379041	0.00131329672877	-0.00181645038538
-4.73715192818	-32.8863073377	63.5489023655	-0.00422173505649	0.00566603802145	0.00538435624912
8.29505168688	-35.6900270310	53.5356177463	0.00686650490388	0.00114358495921	-0.00247396202758
7.87807561144	-36.7860974130	49.6210806677	0.00630448432639	-0.000703004945535	-0.00537965493277
5.02567650719	-38.1684001627	44.6842851332	0.00378940231167	-0.00295738060959	-0.00864689052105
-2.34044411713	-33.6048093741	60.9828236641	-0.00232190196402	0.00480769714341	0.00356942880899
-8.23792464333	-35.0808204228	55.7113556328	-0.0072114104405	0.00207680300809	-0.000770778220613
6.60851036363	-33.7899329329	60.3216680968	0.00546849519014	0.00430059200153	0.00289465952665
8.79052574385	-36.1138332431	52.0220241318	0.0071595935151	0.000418107549194	-0.00360209168866
2.08310198486	-33.0096796394	63.1082870021	0.00158092216589	0.00558591540903	0.00512824207544
0.188134790385	-37.5541438106	46.8780578192	-2.67349569185e-05	-0.00199765292928	-0.00756609719247
-5.11711935174	-34.9626527535	56.1333830233	-0.00490016816184	0.00255526648834	-0.000524943403434
10.5794584297	-34.9379136298	56.2217370363	0.00859931390733	0.00234067928977	-0.00034805139876
3.29486682017	-33.0861586497	62.8351476797	0.00261670444161	0.00544916046783	0.00489399209619
7.75478889739	-34.0244683947	59.4840414473	0.00640287715942	0.00388819002546	0.00221778918058
4.16168588623	-36.4159319948	50.9431000184	0.0034919581376	-1.193674143e-05	-0.00472250301391
8.85534787582	-34.3790059619	58.2178358502	0.00728808855638	0.00328682013787	0.00121344812214
8.12108932191	-34.7080751706	57.0425886766	0.00677155144513	0.00278894603252	0.000288694223855
3.75101098407	-38.1649467397	44.6966187869	0.00282626622356	-0.00295334495604	-0.00873709190637
5.54994264404	-35.7219546576	53.4215905086	0.00478688394651	0.00121043866966	-0.00274039944634
8.22114759330	-36.2426713055	51.5618881945	0.006706870161	0.000207579083508	-0.00396822951734
9.32719590114	-34.5311068380	57.6746184359	0.00765531416982	0.00302786962129	0.0007853624993
9.44712443132	-34.4358529329	58.0148109541	0.0077363611199	0.00317729217932	0.00104949786328
-1.75755037312	-36.5589386111	50.4323621032	-0.00178717740346	-0.000246936455369	-0.00529418466613
-0.186405291645	-38.4636961828	43.6296564901	-0.000274327903753	-0.00343826692551	-0.00957581121475
-0.673994413881	-32.6648731655	64.3397386947	-0.000784076575655	0.00606741197407	0.00603449204937
-7.81165645979	-32.9063203354	63.4774273736	-0.0067010759376	0.00553944753483	0.00520754372701
-8.69608971532	-34.7759927625	56.8000258484	-0.00754711870104	0.00255164108239	9.00137092685e-05
11.2356565606	-36.4488040751	50.8256997318	0.0088956663385	-0.00013631186448	-0.00443889712915
-9.60813873903	-33.8428477062	60.1326867637	-0.00818916410208	0.00400795927271	0.00263056578115
8.98778547195	-37.1371559413	48.3673002096	0.00702656060457	-0.00127390166745	-0.00622601434588
4.92037722899	-35.6098589846	53.8219321977	0.00431574322283	0.00146397994831	-0.00247930199839
4.19277698985	-35.3126497840	54.8833936287	0.00378323998302	0.00210058409721	-0.00166320160497
-5.30853230976	-37.6863865822	46.4057622065	-0.00452357763425	-0.00222375872545	-0.00774949369952
-2.02435675689	-31.5711985673	68.2457194024	-0.00184582499787	0.00767603889108	0.00875652302057
9.62786387700	-35.5049253174	54.1966952952	0.00787147134542	0.00142379663885	-0.00192275724839
-9.59384767253	-36.6633713890	50.0593878964	-0.008037250489	-0.00057585479226	-0.0049806041643
-2.05750452519	-37.9969676480	45.2965441143	-0.00184192799497	-0.0027187326923	-0.00855204742402
10.0023513059	-36.6979002155	49.9360706588	0.00791698414832	-0.00055067113135	-0.00509959133342
6.84267472717	-34.6957023923	57.0867771702	0.00581351621076	0.00288593559526	0.000314950942993
3.35166223384	-38.1663499917	44.6916071723	0.00251822336577	-0.00295817735605	-0.00876740552485
6.23554942021	-35.2219733271	55.2072381176	0.00537421414629	0.00205206405371	-0.001247372129
6.53423799575	-36.8320898599	49.4568219291	0.00526526803151	-0.0007773769903	-0.00555895362049
-1.44744722010	-37.0412263408	48.7099059258	-0.0014513497008	-0.00112984154839	-0.00642018858343
-10.7719221936	-35.4080025502	54.5428480348	-0.00901800021529	0.00143294013105	-0.00161712698173
3.66485637495	-38.2783154498	44.2917305366	0.00276203057729	-0.00312852836214	-0.00899225473404
2.53781472030	-32.6745685928	64.3051121685	0.00193193973973	0.00603082450107	0.00596752623096
0.549576228166	-33.6738809503	60.7361394633	0.000293671240797	0.00481022102758	0.00341751496308
-4.91238090474	-32.9778646566	63.2219119406	-0.00438001565635	0.00552675547078	0.00514000700787
-0.894232524122	-33.4664332900	61.4770239642	-0.00101740425453	0.00503521319479	0.00397328659892
-10.0068060848	-36.4257565865	50.9080121912	-0.00837849080563	-0.000194808715605	-0.00434149382636
-6.14360352200	-32.8462781479	63.6918637574	-0.0053603220731	0.00567961577326	0.00543456431478
1.07400838829	-36.8970181748	49.2249350901	0.000746571982745	-0.000860161497258	-0.00608232337981
2.80180634730	-37.5422579192	46.9205074314	0.00212908978574	-0.00196810089983	-0.0074320374988
6.01223180441	-33.9160633343	59.8712023776	0.00502957263961	0.00414950307459	0.00256222463213
-5.99926398037	-32.0859948515	66.4071612446	-0.00514604197815	0.00684911059216	0.00739387050271
3.86867298115	-34.0696623634	59.3226344163	0.00333505659364	0.00411437172443	0.00219421111979
-3.87507511245	-32.0884008277	66.3985684724	-0.00341186136939	0.00686973752454	0.00744132930413
-6.66299592951	-34.8907783428	56.3900773471	-0.00606013229117	0.0025077201426	-0.000260993052507
3.86897645729	-33.6153974250	60.9450091963	0.00321037927642	0.00471659889445	0.00347094330937
2.87996425023	-32.9067617764	63.4758507986	0.00224254396744	0.00570434937254	0.00536842877045
-3.52207456616	-34.2575150831	58.6517318459	-0.00350460736081	0.00387139921077	0.00165371305775
0.394931452539	-36.4187626760	50.9329904428	0.000167653241078	5.65440859646e-05	-0.00500647677109
7.66065241363	-34.5193114707	57.7167447477	0.00640886090696	0.00311702350155	0.000825568800792
-5.23728131083	-38.1078196932	44.9006439529	-0.00437538512051	-0.00288877473213	-0.00874222163111
1.4828794478	-34.2311429695	58.7459179660	0.00125432002824	0.00418264325708	0.00179348490201
8.91497253296	-36.7331805199	49.8100695719	0.00709788734093	-0.000613797456026	-0.00521163549274
-3.35628751992	-38.0016258677	45.2799076152	-0.0028946029488	-0.00272656371817	-0.00854286178946
-6.32148139495	-35.2390485581	55.1462551497	-0.00580296199769	0.00194834626745	-0.0012960517779
12.4022597544	-35.1897436293	55.3223441809	0.00994197372347	0.00192041927949	-0.00104738259688
-0.920711813342	-34.0570772539	59.3675812361	-0.00109877146315	0.0043921158649	0.00233435444534
10.4550639865	-34.2878774606	58.5432947835	0.00847611948848	0.00339257670566	0.00144587655086
-4.40598081374	-35.5992772840	53.8597239857	-0.00428913161159	0.00148617255036	-0.00250988034531
-5.89756257267	-35.7420070924	53.3499746698	-0.00542505411431	0.0010936066974	-0.00277605443262
-1.33064213245	-37.2520876908	47.9568296758	-0.001328728511	-0.00149564829189	-0.00689834542572
1.74836476089	-38.3198520056	44.1433856942	0.0012612742139	-0.00320604164153	-0.00919346977025
2.48536262608	-37.7625053439	46.1339094860	0.0018531071255	-0.00232749991119	-0.00793458893895
-8.12171625522	-32.9642152333	63.2706598811	-0.00695318356156	0.00544103374705	0.00504185212776
-8.83154797820	-33.3291110179	61.9674606504	-0.00755010358989	0.00484874565154	0.00404368294403
-7.01508608189	-32.3724530389	65.3840962897	-0.00599942915142	0.00638759275898	0.00662663811818
8.68137077448	-34.9895360279	56.0373713288	0.00719842128456	0.00230411742814	-0.000503140152432
-7.61714125258	-33.2500658058	62.2497649792	-0.00659281900153	0.00501404795796	0.00430881930515
0.711232537876	-36.1296532449	51.9655241252	0.000485382624902	0.000664615363348	-0.00430629961193
6.24534002382	-32.8700064540	63.6071198072	0.00498501397669	0.00566130690277	0.00535458000377
9.13377140905	-35.9087048494	52.7546255377	0.00745284138247	0.000757931207772	-0.00303876167163
-7.64426335425	-35.7661104569	53.2638912255	-0.00672831153497	0.000953737413511	-0.0027132993564
7.05996307485	-37.8345851516	45.8764816015	0.00532936537638	-0.00242380099371	-0.0078742923215
-10.9809353759	-35.6471955830	53.6885872037	-0.00915751047432	0.00104196404573	-0.00224644737318
-2.88629081098	-33.1090823216	62.7532774230	-0.00271121133119	0.00542053207755	0.00486717233434
-6.19161555580	-37.3792086413	47.5028262810	-0.00529104517773	-0.00172873679549	-0.00697277160361
-9.68743799367	-36.0291115585	52.3246015770	-0.00819208566099	0.000452421663795	-0.00331191741861
-5.51477433557	-31.9117040465	67.0296284054	-0.00473360531032	0.00712702888995	0.0078500173986
4.79996550289	-34.8726651201	56.4547674284	0.00426763156429	0.00279940362088	-0.000257396197412
-6.15098622876	-35.0405813991	55.8550664319	-0.00568191241473	0.0023046459537	-0.000718505936675
12.1280228171	-35.4259208434	54.4788541306	0.00972165632993	0.00153546256479	-0.001689565368
3.31179790644	-36.2304318120	51.6056006715	0.00282789161429	0.000367885513697	-0.00434164330363
-1.65740581135	-33.3251275707	61.9816872474	-0.00168025470339	0.00518425647169	0.00433369167149
1.04355776157	-37.4357587080	47.3008617573	0.000689495005645	-0.00179764046334	-0.0072830459103
12.1340975642	-34.7000565821	57.0712264924	0.00975211523473	0.00271506397985	0.000293931632768
-10.4947865727	-33.9185883197	59.8621845726	-0.00886077433825	0.00385573622771	0.00238900794648
10.7115458106	-33.3351666051	61.9458335531	0.00854464340955	0.00489666778594	0.00402296707034
-6.40220644948	-33.0206216768	63.0692082972	-0.00559449009597	0.00540837552398	0.0049682110548
6.54359100532	-35.3195245059	54.8588410504	0.0056005846709	0.00186041602865	-0.00151544180699
-2.47397976146	-36.2452593742	51.5526450921	-0.00248720217496	0.00034802488517	-0.00448209559545
-6.99664865177	-32.5840914381	64.6282448638	-0.00601056497544	0.00605858303607	0.00608096225187
-10.6500368497	-34.0694148658	59.3235183365	-0.00898008793592	0.00360688776709	0.00197682715952
-2.81602800645	-37.9719138727	45.3860218833	-0.00246259546839	-0.00267978594638	-0.00848600827157
-5.14732280190	-34.3762382669	58.2277204755	-0.00485215568915	0.00349121307954	0.00125966302585
-10.0985899414	-35.4888305290	54.2541766820	-0.00852996204048	0.00132333557121	-0.00184944621287
-4.30374195916	-38.1988474487	44.5755448260	-0.00361611437984	-0.00303344475105	-0.00897562131286
-5.55177363644	-34.8311140453	56.6031641240	-0.00522488588467	0.0027218349278	-0.000109562730358
-5.82421778230	-34.9089439706	56.3252001050	-0.00543487817049	0.00256103114225	-0.000336840806995
-7.68171136907	-32.2813299065	65.7095360481	-0.00652338657528	0.00652171624824	0.00683729769662
-8.15294139522	-33.3622841560	61.8489851572	-0.00702667422593	0.00482032587752	0.00398584129289
-8.02749652232	-32.3647449526	65.4116251693	-0.00680894916877	0.00638518156484	0.00660881027579
-10.1436462377	-36.0919805825	52.1000693482	-0.00851829443127	0.000342648825608	-0.00345712341368
-3.79975158773	-34.1624377568	58.9912937256	-0.00371292373165	0.00396392075345	0.00193019537255
-6.57659570685	-35.1528813059	55.4539953360	-0.00599581887946	0.00207402580418	-0.00103154603858
-2.86378383261	-34.6280259961	57.3284785854	-0.00303276232444	0.00346761057153	0.000491243496072
4.94091531090	-31.9957390547	66.7295033762	0.00384544045664	0.00696112588048	0.00760893849656
-2.19571187809	-37.5333047416	46.9524830659	-0.00202148337848	-0.00197172071785	-0.00751207023859
-4.23269596446	-37.7005520532	46.3551712387	-0.00365971215069	-0.00224732980132	-0.00782689079642
-3.63655143232	-34.6568741621	57.2254494212	-0.00369445350952	0.0032835456077	0.00040080351755
-4.37015836679	-34.6712153921	57.1742307425	-0.00429106177762	0.00314151518978	0.000361952610547
-1.35001597764	-33.1090808467	62.7532826902	-0.00139093562029	0.00546662742272	0.00490032928064
-1.13509809261	-33.212748438	62.3830412929	-0.00121185288299	0.00533914752305	0.00463514681906
-1.82389771686	-33.2267484324	62.3330413128	-0.00181420729496	0.00530310440809	0.00458751199767
4.17924429796	-36.0086012322	52.3978527420	0.00362026877701	0.00075680622831	-0.00366938207299
-1.36062811536	-37.4590003180	47.2178560070	-0.00133269210346	-0.00184543803334	-0.00736074149609
-1.42454544154	-35.5909233052	53.8895596244	-0.00166204734705	0.00186700397171	-0.00282533979043
4.54381390132	-36.0694731060	52.1804531928	0.00390232820064	0.000621660379693	-0.00379271944985
4.89319365470	-35.9687184405	52.5402912840	0.00421137548983	0.000792936596554	-0.00348612316884
4.07017404580	-32.5702103787	64.6778200762	0.00318695395254	0.00614528730512	0.00618700729683
3.35300045071	-32.6632731312	64.3454531028	0.00260798051022	0.00602976232767	0.00597300054505
-4.65469686145	-35.6832334750	53.5598804464	-0.00447015836835	0.00130154029466	-0.00272745895199
-7.38093755734	-32.4448258827	65.1256218474	-0.00630148220807	0.00626841653138	0.00642628828064
4.79988547638	-32.4906427838	64.9619900577	0.0037705716677	0.00624285452068	0.00636720005423
1.80029325507	-35.7189135288	53.4324516829	0.00160504481755	0.00154600036331	-0.00315133715048
7.27324179682	-37.1079015098	48.4717803220	0.00574735831469	-0.0012371528428	-0.00619055656716
4.64539653981	-32.7106123399	64.1763845004	0.00367271481082	0.00593173038214	0.00581240374595
1.28328210591	-37.5230740959	46.9890210862	0.000886026129592	-0.00194222712889	-0.00746646989137
5.23212076846	-35.8828887204	52.8468259986	0.00450237514451	0.000933802104555	-0.00321806967258
-1.65264541817	-38.0055852281	45.2657670426	-0.00151070358697	-0.00273170601577	-0.00857363734394
7.13657449204	-32.1688849853	66.1111250524	0.00558795686811	0.0066688619554	0.00713166035712
1.13690544419	-34.4534278558	57.9520433721	0.000963694707025	0.00398643035442	0.0010880731279
-8.85175467861	-37.1557584249	48.3008627683	-0.00738924788311	-0.00136708340142	-0.00627736235037
12.2757621159	-34.5308519469	57.6755287610	0.00985409412533	0.00298859830946	0.000754728913307
-1.26808066903	-35.6825694970	53.5622517966	-0.00148938235361	0.00166309345514	-0.00310543971136
4.17573690216	-36.1518688389	51.8861827182	0.00357737531886	0.000482689763885	-0.00404834793881
-5.82648125252	-35.1184490249	55.5769677681	-0.00543812895194	0.00220451992936	-0.000964725681115
-2.17134155095	-33.1576083378	62.5799702222	-0.0021063555032	0.00538126006722	0.00475972518325
-1.81482337435	-32.7282413587	64.1134237191	-0.00175701570697	0.00596729572862	0.00586553430185
-0.471888374337	-32.7517904434	64.0293198451	-0.000615151948296	0.00594986090437	0.00581588596106
-7.98361068200	-33.0803696852	62.8558225528	-0.00685872416943	0.00526409782469	0.00474196812138
2.34583155077	-35.8681524389	52.8994555754	0.00207482697442	0.00116750854068	-0.00350205297582
-2.40134443451	-32.8775292972	63.5802525098	-0.00226934370585	0.00574992597103	0.00547572318465
10.5576138708	-34.1849069802	58.9110464992	0.00854306574911	0.00355560122989	0.00172668916639
10.0057256080	-34.2788038563	58.5757005133	0.00813865382224	0.00341500341892	0.00147724803537
-2.12944512577	-33.0147380976	63.0902210799	-0.00205330667086	0.00557132437825	0.00512970564887
2.56978453347	-35.7744352302	53.2341598921	0.00230323523283	0.00135231611785	-0.00321830995381
-7.67660054499	-33.0188340531	63.0755926676	-0.00660865567625	0.00536881620064	0.00491783721372
-1.68737399381	-32.9941542037	63.1637349867	-0.00167204125319	0.0056095640175	0.00519058760256
6.45006167728	-36.6976440588	49.9369855042	0.00523924408481	-0.000548527692445	-0.00523410178721
-1.68446607693	-32.8635350268	63.6302320470	-0.00165780680254	0.00578454323113	0.00552407698706
-9.10612279467	-34.4524512280	57.9555313284	-0.00784259382635	0.0030538898427	0.00098392914515
-1.42211943223	-34.2668329933	58.6184535953	-0.00161574303638	0.00413857307285	0.00168723310344
7.10523559789	-33.0882336882	62.8277368279	0.00570714613423	0.00531999766827	0.00476196920499
-0.424398455291	-36.1373348284	51.9380898986	-0.000605461013038	0.000646997126751	-0.00433795712888
0.272432858242	-36.0684674546	52.1840448048	6.69462096994e-05	0.000805091927759	-0.00416898541152
1.99796892739	-36.0897261894	52.1081207523	0.00170039886143	0.000711140804924	-0.00411750003695
1.53347268677	-36.1254266862	51.9806189779	0.00126324431039	0.000653138267808	-0.00424674572423
3.52787630347	-35.9807545146	52.4973053052	0.00308253872208	0.000850419513881	-0.00366810779087
2.71509782932	-35.9859253094	52.4788381806	0.00237483740784	0.000891384901479	-0.00377475563437
-0.148891834886	-35.9882446739	52.4705547360	-0.000344047264662	0.000986860133708	-0.0039715943858
-0.807992870074	-36.0645989081	52.1978610426	-0.000980193726718	0.000799385306891	-0.00414686417207
9.88247008241	-34.1573153658	59.0095879792	0.00803272612393	0.00361088174395	0.00181330449414
-7.45751766837	-33.5088623627	61.3254915617	-0.00650427723303	0.00462321704254	0.0036232250277
-3.85159368103	-31.8711031120	67.1746317429	-0.00337128690444	0.00720347510651	0.00798798538744
-8.15305714696	-33.4751714996	61.4458160729	-0.00704074464738	0.00464479345828	0.00368360755965
-9.39349873165	-34.7162355936	57.0134443087	-0.00805427879095	0.00261282385327	0.000253093312494
-9.16933881634	-32.8836521635	63.5583851303	-0.0077678472735	0.00554375955835	0.00520699331537
6.50398098958	-37.2727958117	47.8828721011	0.0051078456454	-0.00151076668408	-0.00660611269996
2.90428247173	-34.6321506512	57.3137476744	0.00267005362548	0.00348253408447	0.000475847366033
-9.59436406768	-32.8320680254	63.7426141952	-0.00809589307755	0.00561830401421	0.00532377418131
-0.606571324505	-36.3312674127	51.2454735261	-0.00076524913311	0.000229861689149	-0.00480082537979
-7.27294397413	-36.3352328544	51.2313112343	-0.00635843956843	-3.18321303894e-06	-0.00427238550037
2.76066669650	-33.7338542427	60.5219491334	0.00229295156896	0.00463960133493	0.00319049414247
-9.26085234703	-34.5921506556	57.4566048013	-0.00795811135322	0.00282049155794	0.000596340454649
-8.85867629753	-33.8835706867	59.9872475473	-0.00762510625646	0.0039739664644	0.00255023036152
-7.84551311655	-33.7558462726	60.4434061692	-0.00683859456331	0.00422305287793	0.00293752923608
6.2976198181	-33.6935628513	60.6658469595	0.00520196557045	0.0044593741186	0.00316838687286
-8.41291758475	-33.9036364553	59.9155840882	-0.00728893000633	0.00396335823461	0.0025123488158
3.74972235236	-35.4784621338	54.2912066648	0.00339600676671	0.00183716230094	-0.00221357424743
1.98756207457	-34.0355741825	59.4443779195	0.00167858600616	0.00434646802023	0.0023639826104
-8.61147759387	-34.6489946965	57.2535903696	-0.00748416874558	0.0027629409451	0.000444960896857
0.00604142188222	-36.2264727051	51.6197403390	-0.000192089559278	0.000457529939013	-0.00455665495247
-7.39693203682	-34.5615974387	57.5657234330	-0.00658632488921	0.0029842488002	0.000698178540915
-8.78506571014	-33.9989636076	59.5751299728	-0.00757904909551	0.00379464868456	0.00223842333071
10.5948882336	-36.7999725828	49.5715264901	0.00832847505808	-0.000712089415174	-0.00535866199061
0.320860445943	-37.8814428585	45.7091326483	9.40105164773e-05	-0.00252844812348	-0.0082815727219
-7.34040339271	-33.6171303110	60.9388203179	-0.00642879446968	0.00446305936202	0.00333540420979
5.36586581748	-36.0777261787	52.1509779331	0.0045595173724	0.000569234252907	-0.00373290712014
9.47649877433	-33.9566558605	59.7262290696	0.00769979367033	0.00393653195351	0.00237062433735
5.65447388045	-36.2743712504	51.4486741057	0.00473538087681	0.000203990901355	-0.00422374671325
-1.37487365770	-31.6900437615	67.8212722804	-0.00131862366106	0.00749202165753	0.00846276711673
5.12456688171	-36.1661083753	51.8353272312	0.00434427428991	0.000417134724557	-0.00398964714259
4.68340816881	-33.7504457778	60.4626936508	0.00392049504444	0.00447838474065	0.0030680806376
2.82806759055	-34.9443181977	56.1988635796	0.00265414314345	0.00300413928926	-0.000575460842811
2.21824926560	-38.0256649923	45.1940535988	0.00162960682064	-0.00274683791213	-0.00852532405406
-5.83638203658	-37.8357646505	45.8722691053	-0.00490773608908	-0.00245961151086	-0.00808131415397
-7.72710375630	-32.5318092098	64.8149671079	-0.00658838637173	0.00612611323595	0.00618757912889
-7.79421482463	-33.8524054970	60.0985517964	-0.00681145256385	0.00407580845058	0.00267552048899
5.94954448443	-36.1972621631	51.7240637033	0.00498705869541	0.000333065952873	-0.0039973645471
-10.7142749285	-34.7726733822	56.8118807777	-0.00901156757027	0.00246360176243	8.34957536426e-05
4.92806033030	-33.5710183611	61.1035058533	0.00407435419038	0.00471182074398	0.00354986335151
6.41586311400	-35.4473143192	54.4024488599	0.00549261923879	0.00164591672365	-0.00189167645294
5.96148962315	-35.4234436122	54.4877013851	0.00515055423602	0.00171985325869	-0.00185258302372
-7.36520023021	-34.6781722114	57.1493849592	-0.00657009938732	0.00279819406569	0.000364292733138
1.98133394138	-35.2170533687	55.2248093974	0.00187507411465	0.00265169050545	-0.00157154584303
4.47639877262	-35.6563082468	53.6560419758	0.00395217863843	0.0014143276494	-0.0026580367703
-8.38136127766	-37.1077439894	48.4723428950	-0.00704241264611	-0.00129059201572	-0.00618012854829
-1.72604615497	-31.7279327862	67.6859543351	-0.00161049666349	0.00743348663673	0.00836783926934
-3.36126713224	-34.5264978755	57.6910790161	-0.00343687529676	0.00352405989543	0.000819466134999
-10.3473715242	-34.2539427040	58.6644903429	-0.00875630881637	0.00331920664757	0.00149117875844
-2.64339072920	-34.5196067190	57.7156902894	-0.00281309522688	0.0036588977091	0.000849191157613
9.01540311126	-36.2081152456	51.6853026943	0.00730637833476	0.000258038169704	-0.00384433846921
-5.30858397897	-34.4607946548	57.9257333757	-0.00499328924343	0.00334308552556	0.00100538786501
-3.89255310407	-32.4848540979	64.9826639359	-0.00347000919282	0.00627544848248	0.00643941806629
-6.08292308533	-38.0328503693	45.1683915383	-0.00505752023309	-0.00276817032136	-0.00854163337499
-6.05435406014	-35.3320859729	54.8139786682	-0.00559733388945	0.00181024288759	-0.00158429041039
-8.03484294422	-32.5917871766	64.6007600835	-0.00684042647481	0.00602641003206	0.00601935340092
-3.69894021607	-37.0437378257	48.7009363367	-0.00335909985006	-0.00115594931412	-0.00632266094908
-4.26392958584	-37.1369353552	48.3680880172	-0.00380380847491	-0.00131997978315	-0.00650823162869
-5.21076733568	-37.1421982916	48.3492918155	-0.00456816516817	-0.00133576861117	-0.00646044733003
-8.31086014605	-32.4284597143	65.1840724489	-0.00704164709896	0.00628034584224	0.00643267994747
4.60844696773	-31.9557919222	66.8721717065	0.00357781071216	0.00702742720023	0.00771619658917
-4.64181264123	-37.0515803590	48.6729272893	-0.00413046777248	-0.00117880548351	-0.00628021545708
-3.97159550357	-32.2975806579	65.6514976504	-0.00351357413456	0.00655246106908	0.00691169686615
-3.53359672421	-32.3112901573	65.6025351524	-0.00315349898301	0.00653857830912	0.00688697816804
-3.95486142872	-35.7337500853	53.3794639811	-0.00389314303175	0.00127097975928	-0.00294911931269
-5.14363700518	-36.9509338824	49.0323789914	-0.00455869268626	-0.00101325626019	-0.00600149249658
-10.3398673541	-34.4431142229	57.9888777754	-0.00874971225858	0.00301336590201	0.000980283599347
-9.88470607905	-34.3934462144	58.1662635201	-0.00841498095542	0.00311266514473	0.00112755713053
-5.38870837489	-37.3198593511	47.7147880318	-0.00466963090003	-0.00163049204275	-0.00687589682639
-4.57155022360	-36.8487610264	49.3972820484	-0.00412009749562	-0.000830353295896	-0.00579486880451
-5.07482522367	-36.7474119967	49.7592428690	-0.00455149263144	-0.000663081475068	-0.00550632830709
-9.23620675335	-37.0650058320	48.6249791715	-0.00769756222144	-0.00122106459457	-0.00602898001671
-4.08296368064	-36.9496668953	49.0369039453	-0.003696792759	-0.000998174422421	-0.00607397034764
-3.57292640848	-35.7010520674	53.4962426163	-0.00358386477455	0.00137535203248	-0.00289962650277
-4.00538290033	-38.1269494754	44.8323233021	-0.00339231337421	-0.00292214169167	-0.00881572812796
7.75479433075	-32.3091531720	65.6101672430	0.00608531618491	0.00645820097998	0.00676495349035
4.63734840886	-33.1132633525	62.7383451697	0.00373398605734	0.00536370277405	0.00477542402223
-10.7088967556	-34.6505588330	57.2480041677	-0.00901369377971	0.00266197184101	0.000411571556469
0.340799500476	-36.7980619237	49.5783502726	0.000105541548692	-0.000678723328747	-0.00587947480381
5.09579440737	-32.5867620502	64.6187069634	0.00402047531679	0.00609801523387	0.00611456669867
-4.86695181683	-37.2237911606	48.0578887121	-0.00427351146936	-0.00146961212158	-0.0066776345484
-5.56733213367	-36.6480336615	50.1141654945	-0.00496860500425	-0.000500433088746	-0.00521743111312
-5.70038064456	-37.0407970554	48.7114390878	-0.00498173385859	-0.00117004627828	-0.00618148036301
-6.24218769724	-37.1457957531	48.3364437388	-0.0053845862858	-0.00134758569766	-0.00640221871436
-6.18999395343	-36.9393958192	49.0735863601	-0.00539140496403	-0.00100483291317	-0.00589741813019
4.97540834619	-32.7677432354	63.9723455878	0.00394868571311	0.00584175717086	0.00565591361374
4.75622910864	-32.9849692671	63.1965383318	0.00380690675229	0.00553980004042	0.00510415947065
-6.13263246699	-36.7487352176	49.7545170799	-0.00539059052244	-0.000682999554556	-0.00542563432828
-5.63813473608	-36.8498345500	49.3934480356	-0.00497707305476	-0.000847623276059	-0.00571610732004
-6.05228208864	-36.5485518316	50.4694577445	-0.00537390867248	-0.000339041260304	-0.00492420839146
11.6549306384	-35.1681715051	55.3993874816	0.00938862841576	0.00195598439313	-0.00098386942409
-5.76262655303	-37.2317595608	48.0294301400	-0.00498677650467	-0.00148703495506	-0.00664158444852
-9.98663676059	-37.0529162839	48.6681561288	-0.00826386921108	-0.00119973765686	-0.00596507685259
5.11945710731	-33.0638975912	62.9146514602	0.00411708606407	0.00541602494195	0.00488687539473
9.81737573424	-34.0394235910	59.4306300323	0.00796892121434	0.00379894208163	0.00213775178418
-6.88994281816	-36.3733698666	51.0951076194	-0.00605966849253	-5.84815825277e-05	-0.00440205121413
4.44847523999	-31.7581862620	67.5779062073	0.00344167696312	0.00732797430828	0.00821221806109
-2.49732620697	-37.4749764264	47.1607984772	-0.00228095985949	-0.0018763957778	-0.00737247383222
-11.2543612691	-36.3569659266	51.1536931191	-0.00930399820209	-9.11123206606e-05	-0.00410634232685
4.05087413660	-33.3957597815	61.7294293519	0.00330981891602	0.00500028347597	0.00405451655388
-6.10544366149	-31.9788399088	66.7898574686	-0.00522009981796	0.00701627554372	0.00766373053193
-1.80422169519	-37.4071408506	47.4030683906	-0.00171143840998	-0.00176059431396	-0.00723736360669
-6.42682157121	-32.0507542883	66.5330203990	-0.00548808230087	0.0068998998031	0.00747102545574
-2.46774519821	-32.0714527140	66.4590974501	-0.00224840128794	0.00690847728401	0.0075064226985
-6.53032345715	-36.4534777523	50.8090080276	-0.00576663762331	-0.000186700970517	-0.00463971076533
-9.20841015161	-33.3067603251	62.0472845534	-0.00783978588879	0.00487258052453	0.0040859314613
-6.62713019789	-36.6476358853	50.1155861241	-0.00579859036952	-0.000519540160894	-0.00513126188889
4.84022415736	-37.9200695464	45.5711801913	0.00366228679195	-0.00256010750309	-0.00811947137117
11.7599120139	-34.6002785711	57.4275765319	0.00947049167007	0.00287742819637	0.000571623095311
-6.55403018343	-37.3108823612	47.7468487099	-0.00559060135856	-0.00161821290385	-0.0067864456214
-6.73234398304	-37.0433141464	48.7024494771	-0.00579085433856	-0.00118131143972	-0.00611786078662
-5.72153047280	-34.3119351123	58.4573745990	-0.00528795598075	0.00352639565244	0.00143926450983
-6.62063008243	-34.2718301975	58.6006064373	-0.0059720701538	0.00350526534021	0.00153751310427
-7.06457854354	-36.5569414005	50.4394949982	-0.00615483615547	-0.000373908987967	-0.00486532784998
3.07121659278	-37.1472427975	48.3312757232	0.0024115589913	-0.0013046558015	-0.00653554778546
9.67039811484	-33.4871951725	61.4028743839	0.0077720801346	0.00466614030302	0.00363829918206
0.789103750316	-35.4413543875	54.4237343302	0.000643058796413	0.00230032461695	-0.00241356203333
-6.67960726231	-36.8379945829	49.4357336323	-0.00579651910812	-0.000840318098199	-0.00560912489891
7.51741595637	-32.2386899578	65.8618215792	0.00589210027829	0.00656317221001	0.00694837933406
0.543878293461	-35.6245274216	53.7695449228	0.000368869572412	0.0018604171928	-0.00298281759024
-7.11646770849	-36.9537409994	49.0223535737	-0.00610834453255	-0.0010360655142	-0.00586925353855
-7.11082593013	-36.7461039296	49.7639145371	-0.00614972412586	-0.000691830238793	-0.0053459526971
-5.43838090699	-34.1778337890	58.9363078965	-0.00504175806418	0.00375738902949	0.00183611805551
-8.97291201281	-36.3829790696	51.0607890371	-0.00762121658772	-0.000114928232506	-0.00428463378921
1.04189038415	-35.6080957694	53.8282293949	0.000882014166564	0.00187274976633	-0.00290497438982
0.320632793896	-35.4695672735	54.3229740233	0.00014421378728	0.00225497689098	-0.00252279965207
-11.6641333360	-34.5739944283	57.5214484703	-0.00971702020615	0.00274879694916	0.000587888585869
-11.3490030726	-34.5956035813	57.4442729240	-0.00948467385024	0.00272575509734	0.000541016808711
3.2830460766	-35.6069046359	53.8324834433	0.00297446455806	0.00163319194689	-0.00265055685304
-5.89857938777	-34.4269437241	58.0466295568	-0.00544310128316	0.00333085842431	0.00109966704622
-11.0774909121	-35.4658898092	54.3361078241	-0.00923554506153	0.00132972979918	-0.0017642211169
2.83921398681	-34.5319370622	57.6716533492	0.00258756428957	0.00363472290337	0.000804141862318
7.04446139141	-32.5624611292	64.7054959672	0.00556574296206	0.00609384104609	0.00612871162593
6.71355212811	-32.3216052888	65.5656953970	0.00527373561636	0.00645011663437	0.00675111124292
-12.3876286362	-34.9936876465	56.0225441196	-0.0102122826502	0.00202969950624	-0.000527431955561
4.45460515949	-38.1203889838	44.8557536292	0.00336109497584	-0.00288004241884	-0.00858719833195
-3.11834244829	-34.4119478931	58.1001860961	-0.00320107140578	0.00372317293659	0.0011867089197
-2.39993798040	-34.4132502150	58.0955349465	-0.00256674457341	0.00383738172241	0.00119795207866
-0.252910698969	-38.3599132268	44.0003099043	-0.000337607460096	-0.00327940913849	-0.00934660062194
5.14583674283	-34.4132080769	58.0956854395	0.00446367170662	0.0034854770638	0.00114776741248
-1.22369897456	-33.6894974462	60.6803662635	-0.00133604952134	0.00476740719751	0.00336803728715
7.11397995425	-32.4241582973	65.1994346524	0.00560040026903	0.0062950081192	0.00648201955482
5.17591095173	-35.6776415869	53.5798514755	0.00450357142836	0.00131763669197	-0.00264914915897
-7.06140647699	-35.2585787702	55.0765043923	-0.00634818105027	0.00185531319585	-0.00131627218798
4.15348872487	-31.7259916758	67.6928868721	0.00320434081368	0.00738287204877	0.00829864758998
3.03748426995	-32.5725664007	64.6694057117	0.00233856518753	0.00616387510672	0.00621119514108
-3.86018429249	-32.7409845775	64.0679122230	-0.00347598013468	0.00590306101367	0.00578752951697
-2.61468954763	-34.9189291012	56.2895389243	-0.00285807927139	0.00306398561224	-0.000500331167132
4.10699809027	-32.4349995762	65.1607157994	0.00320375920273	0.00633783079684	0.00652753748
-2.92037809870	-35.0180678086	55.9354721122	-0.00313091115095	0.0028262892738	-0.000820293207653
-0.583088168497	-38.4728771441	43.5968673423	-0.000591281394009	-0.0034540866036	-0.00960426684469
3.48371286852	-35.3946301913	54.5906064597	0.00318943057209	0.00203850958496	-0.00198678299785
1.06164945464	-31.8277902941	67.3293203781	0.000686663668603	0.00727324513718	0.00810628663749
0.322613656288	-34.5212921912	57.7096707457	0.000135354071972	0.00397487031296	0.000864606001414
4.85754885048	-32.3661270015	65.4066892803	0.00380459846929	0.00642112037167	0.0066806296818
7.82197323482	-33.5884627609	61.0412044254	0.00636933604255	0.00455148238689	0.00341022177599
-4.27002829501	-32.7766759467	63.9404430474	-0.00382045074366	0.00583991361782	0.0056832684204
-1.13552141883	-32.1272675435	66.2597587732	-0.00114535191096	0.00683276169002	0.00737680867314
-4.56369803353	-32.4207633605	65.2115594269	-0.00401507504284	0.00635767215863	0.0065839025192
-2.21509417798	-34.7323833090	56.9557738964	-0.00247049541213	0.00344462576322	0.000132060435135
-4.26230586165	-32.4727941638	65.0257351291	-0.00377365550958	0.00628592958674	0.00646010087803
-0.815579542693	-32.0978994832	66.3646447029	-0.000877400161698	0.00687684118748	0.00745023693889
0.195674207094	-34.9530052344	56.1678384487	1.55602610903e-05	0.00339476764202	-0.000713796529453
10.1048258337	-35.4761024923	54.2996339561	0.00822494737804	0.00146413338371	-0.00183523667511
-6.02321087770	-33.3347262406	61.9474062835	-0.00534215243533	0.00495578581467	0.00415274035186
-2.15714128195	-36.9621118433	48.9924577024	-0.0020732418634	-0.000996409566142	-0.00621496047825
0.491528318749	-34.6278298981	57.3291789352	0.000321628147503	0.0038496714551	0.000489321479108
4.72345332931	-32.6073022891	64.5453489677	0.00372238550335	0.00607726443559	0.00607321038842
5.65885358789	-35.9901598885	52.4637146840	0.00481197191402	0.000715980713721	-0.00347079359926
2.13835807587	-35.5178768439	54.1504398433	0.00197286321782	0.00196761870757	-0.00252375937998
-9.71720777120	-33.6180131836	60.9356672014	-0.00825694669038	0.00436280760914	0.00323084974661
4.37321143791	-32.6519803273	64.3857845454	0.00344355101697	0.00602187868208	0.00597027782351
-3.99184955633	-32.8419977880	63.7071507571	-0.00359951751307	0.00575421284884	0.00552412401885
4.05053633556	-32.6996434803	64.2155589990	0.0031860137824	0.0059621729888	0.00585917336866
-5.17601970156	-34.0711122762	59.3174561563	-0.00481180194765	0.00394069729373	0.00215210393071
-4.33292507284	-35.7721407200	53.2423545715	-0.00419243983924	0.00116088148206	-0.00301596452482
11.4844466984	-34.4047587742	58.1258615205	0.00925562437624	0.00319417845458	0.00111064885277
4.61952389691	-32.7985281384	63.8623995059	0.00366446888074	0.00580749614164	0.00558846537024
4.0450592377	-32.8015029520	63.8517751714	0.00319517869502	0.00581887504086	0.00559972925112
-4.37355466442	-38.0736074948	45.0228303757	-0.0036968535278	-0.00283799227327	-0.00868435110897
-10.2957416966	-36.7606724678	49.7118840434	-0.0085435109213	-0.000733014021534	-0.0051993415691
8.41105726701	-37.1239563137	48.4144417369	0.00659982766956	-0.00125724857207	-0.00620096223429
5.04772391851	-35.4922787318	54.2418616723	0.00443642167374	0.00167142960709	-0.00212533655576
-10.2055990953	-36.9767178949	48.9402932324	-0.00844115484506	-0.00107772729825	-0.00576057704166
-6.79655210726	-37.8796569685	45.7155108267	-0.00564979016781	-0.00252460385673	-0.00815172307193
-11.1674230207	-35.0955350463	55.6588034060	-0.00931986328214	0.00192213943228	-0.000782526447438
2.48865697332	-34.5702597583	57.5347865774	0.00228485092521	0.00364319421351	0.00068146106787
