12.6977231300	-41.0	56.2404731051	0.0102238850668	-0.00224452838302	0.000936126278248
12.6977441423	-41.0	55.7606389822	0.0102129774168	-0.00235307379626	0.000541241257451
12.4577243875	-41.0	55.8943594782	0.0100376028568	-0.00232635694556	0.000656304240692
12.4498226283	-41.0	56.1152340368	0.0100365951657	-0.00227656867355	0.000838414358441
12.6795125019	-41.0	56.7210844017	0.0102191092446	-0.0021359117236	0.00133237079717
12.4891310111	-41.0	56.5781781549	0.0100746294484	-0.00217119557783	0.0012191075366
12.4452692965	-41.0	56.3556640296	0.010037984699	-0.00222226767801	0.00103664491326
12.6430545434	-41.0	57.2013208619	0.0101985502988	-0.00202745501883	0.00172895996366
12.4114391355	-41.0	57.0175237019	0.0100230872631	-0.00207285163924	0.00158317747992
12.4754767912	-41.0	56.8182732834	0.0100682042539	-0.00211700005457	0.00141736527439
12.5881527274	-41.0	57.6817880100	0.0101620592177	-0.00191903451923	0.00212630582973
12.3886296201	-41.0	57.2575777592	0.010008784011	-0.00201872433536	0.00178173650056
12.2986634325	-41.0	57.4809138198	0.00994354020804	-0.00196950812824	0.00196818471886
12.5144023152	-41.0	58.1632694456	0.0101092765108	-0.00181046547368	0.00252502085641
12.2607943403	-41.0	57.9646240030	0.00991802383214	-0.00186002615374	0.00236823107116
12.2665560546	-41.0	57.7212369603	0.00992117449641	-0.00191538687795	0.00216728122905
12.4221471210	-41.0	58.6420183392	0.010040438734	-0.00170257431455	0.00292191840708
12.2191235422	-41.0	58.2056874235	0.00988739170134	-0.00180575705599	0.00256817112677
12.2753242106	-41.0	58.4684357710	0.00992985069752	-0.00174472585786	0.00278322654776
12.3126058120	-41.0	59.1128344188	0.0099564762786	-0.00159651855938	0.00331261917017
12.1254645724	-41.0	58.9510529399	0.00981579441577	-0.00163685600273	0.00318511016667
12.2247892398	-41.0	58.7060392853	0.00989151373506	-0.00169123883825	0.002980428515
12.1858653564	-41.0	59.5769659651	0.00985751021653	-0.00149199122097	0.00369806680828
12.0333373207	-41.0	59.4502113987	0.00974294543266	-0.00152380939107	0.00359866418876
12.0665233945	-41.0	59.1841907786	0.00977001339197	-0.00158438971266	0.00337879383005
12.0407044510	-41.0	60.0387419233	0.00974261015654	-0.00138800696004	0.00408178707585
11.9655575156	-41.0	59.6811209424	0.00968944188207	-0.00147184100933	0.00379058532417
11.9422662610	-41.0	59.8742275307	0.00966967456043	-0.00142770539969	0.00394995929673
11.8772489254	-41.0	60.4967719494	0.00961185619235	-0.00128484331071	0.00446256948635
11.7275480646	-41.0	60.2340860858	0.00950169470161	-0.00134842679836	0.0042521962896
11.8648615149	-41.0	60.1049943608	0.00960798561573	-0.00137577531859	0.00414185877889
11.6975183689	-41.0	60.9455094792	0.00946691259742	-0.00118372845463	0.00483573274687
11.5323985765	-41.0	60.7263426125	0.0093446681276	-0.00123775214888	0.00466202385724
11.6415359593	-41.0	60.4612684281	0.00943260360509	-0.00129733770154	0.00444127945229
11.5013564679	-41.0	61.3859817488	0.0093077076599	-0.00108436972369	0.00520205963403
11.4387558977	-41.0	60.9478338380	0.00926879793406	-0.00118789146654	0.00484638987109
11.3104496273	-41.0	61.1984942537	0.00916526932269	-0.00113174761645	0.00505559518933
11.2877119447	-41.0	61.8204432008	0.00913344882429	-0.000986212748103	0.00556336576119
11.2079443984	-41.0	61.4173864135	0.00908165611327	-0.00108239112888	0.00523778330535
11.1956382084	-41.0	61.6480647316	0.00906668975949	-0.00102841784246	0.00542627181858
11.0582622635	-41.0	62.2453851532	0.00894556101412	-0.000890012132004	0.0059166578576
10.9675092922	-41.0	62.0259830227	0.00888127554208	-0.000943561899476	0.0057417168282
11.0845250649	-41.0	61.8635488646	0.00897576194257	-0.000979733187705	0.00560555094853
10.8129152513	-41.0	62.6611458300	0.00874405819923	-0.000795662461314	0.00626213802025
10.7295618627	-41.0	62.4247824978	0.00868623889983	-0.00085344479885	0.006073737517
10.8492469950	-41.0	62.2353817173	0.00878421962261	-0.000896191515494	0.00591591605917
10.5512890186	-41.0	63.0682600437	0.00852870661765	-0.000703006982803	0.00660020532086
10.6024923039	-41.0	62.6310521704	0.00858169235289	-0.000806678785011	0.00624526198953
10.4809704259	-41.0	62.8325449723	0.00848123524338	-0.000760777911637	0.00641247490421
10.2729261312	-41.0	63.4670602450	0.00829923711717	-0.000611900410149	0.00693109538406
10.2116736227	-41.0	63.2282612830	0.00825910456479	-0.000670680601615	0.00674119498581
10.3464709249	-41.0	63.0333218395	0.00837035570294	-0.00071511103306	0.00657931482419
9.97969289433	-41.0	63.8546629294	0.00805732794106	-0.000522957765497	0.00725233368576
9.91245253754	-41.0	63.6218679376	0.00801244936883	-0.000580875901505	0.0070681264624
10.0678139626	-41.0	63.4261784837	0.0081403888762	-0.000625501270406	0.00690550589934
9.67407355820	-41.0	64.2281407858	0.00780523195863	-0.000436859903857	0.00756145315245
9.57923704074	-41.0	63.9536491727	0.00774014089257	-0.000506031617988	0.00734554650262
9.76318343059	-41.0	63.8115208685	0.00788917765021	-0.00053739460418	0.00722538633272
9.35507841938	-41.0	64.5890923716	0.00754227209836	-0.000353251496563	0.00785976275802
9.24899837083	-41.0	64.2910258359	0.00746902870014	-0.000429118896136	0.00762624526396
9.42294363966	-41.0	64.1374080434	0.00761108426377	-0.000463767151814	0.00749776791781
9.02285424466	-41.0	64.9374549666	0.00726880319417	-0.000272210512776	0.00814718287438
9.08636485014	-41.0	64.4681632183	0.00733483023942	-0.000388240645407	0.00777279492468
8.88859715878	-41.0	64.6340732059	0.00717321736738	-0.000350679445546	0.00791127048433
8.67727902138	-41.0	65.2733396781	0.00698494724929	-0.000193844956812	0.00842380244285
8.53039663603	-41.0	65.0154640663	0.00687724212185	-0.000261794426478	0.00822515506297
8.71906018665	-41.0	64.8052301398	0.00703349988908	-0.000311067095026	0.00805263407528
8.31924207847	-41.0	65.5958434356	0.00669156387448	-0.000118534459034	0.00868898257613
8.35441934291	-41.0	65.1801301011	0.00673255417496	-0.000223600232857	0.00836083386093
8.28825341293	-41.0	65.4080339726	0.0066727376543	-0.000166949059349	0.00854241568595
7.94918655468	-41.0	65.9045662762	0.00638928543776	-4.66024976049e-05	0.00894243177027
7.92724838727	-41.0	65.7097113141	0.00637735659257	-9.70199034782e-05	0.00879062898457
8.10625994499	-41.0	65.5658155920	0.00652362033725	-0.00013027129171	0.00867218151689
7.56649351211	-41.0	66.1999105845	0.00607769843191	2.16040170926e-05	0.00918463524431
7.73925062175	-41.0	65.8605941764	0.00622383644804	-6.21496292297e-05	0.00891452655196
7.58366687605	-41.0	65.9903570889	0.00609669554979	-3.20460712828e-05	0.00902069918811
7.17187251139	-41.0	66.4811375661	0.00575726013631	8.55474427226e-05	0.00941527076066
7.14324184424	-41.0	66.1720872182	0.00574179273099	4.84344127472e-06	0.00917576253414
7.38902589511	-41.0	66.1347455820	0.00593821285293	9.32021691824e-07	0.00913924444467
6.76710019666	-41.0	66.7469230447	0.00542932143435	0.000144609817653	0.00963338743895
6.75149906053	-41.0	66.4826604236	0.00542229413986	7.57157686166e-05	0.00942897051573
6.94333499542	-41.0	66.3088764192	0.00557922432199	3.54321382474e-05	0.00928822811693
6.35355977256	-41.0	66.9964666242	0.00509467720985	0.000198221139726	0.00983863510191
6.54670946553	-41.0	66.6116119108	0.00525612104684	0.000103825550468	0.00953507982194
6.31843795411	-41.0	66.6801913872	0.00507227657363	0.000115379174531	0.0095950672403
5.92941024382	-41.0	67.2308545606	0.00475141219795	0.000246612587944	0.0100323036313
5.93116218204	-41.0	66.9216178924	0.00475754821673	0.000166928788531	0.00979353953153
6.10977187001	-41.0	66.8007548812	0.00490291276947	0.000140760836075	0.00969467312098
5.49694166900	-41.0	67.4487393318	0.00440098997205	0.000289751536911	0.010213566944
5.71573176846	-41.0	67.0353559249	0.00458262721077	0.000190009188373	0.00988802872598
5.50364222027	-41.0	67.1733981694	0.00440986361355	0.000219325724174	0.0100011406466
5.05652322731	-41.0	67.6499602082	0.00404331926256	0.00032782900962	0.0103823179379
5.11721138833	-41.0	67.3988312835	0.00409501977265	0.000265635433607	0.0101870577782
5.28670812792	-41.0	67.2775558427	0.00423347810283	0.000239616740146	0.0100882844999
4.60629796955	-41.0	67.8352025338	0.00367646291852	0.000361244339729	0.0105390455574
4.66442306308	-41.0	67.5177865301	0.0037264500279	0.000282430730294	0.010293145664
4.89378392586	-41.0	67.4958072503	0.00391298858449	0.000283697649138	0.0102688455954
4.15222683492	-41.0	68.0020420059	0.00330506637692	0.00038995523937	0.0106815677136
4.16483945843	-41.0	67.7114735361	0.00331729417667	0.000317026948323	0.0104579953477
4.43771006725	-41.0	67.6060239395	0.00354099902324	0.000298186845612	0.0103682698682
3.69397759752	-41.0	68.1509065303	0.00292876386084	0.000414420908783	0.0108100445941
3.93758211128	-41.0	67.7900954952	0.00313061126508	0.000330470618792	0.0105255572125
3.76983346927	-41.0	67.9674809888	0.00299196597189	0.00037053716369	0.0106668947265
3.22609036082	-41.0	68.2834173170	0.00254307477735	0.000435237190686	0.010925672017
3.32447472905	-41.0	68.1028074314	0.00262479274534	0.00039264964289	0.0107842162251
3.53891889813	-41.0	68.0376809571	0.0028017652221	0.000381926365662	0.0107278227806
2.75319431551	-41.0	68.3979805235	0.00215188763104	0.000452297390439	0.0110268229619
2.86303770725	-41.0	68.2057781745	0.00224312138744	0.000407046987675	0.0108764292672
3.08756909383	-41.0	68.1650278190	0.00242899917066	0.000402281963034	0.0108388504013
2.28053898014	-41.0	68.4935640215	0.00175959221087	0.000465563323814	0.0111123332754
2.40099176039	-41.0	68.2681154755	0.00185964920092	0.000412173656514	0.0109365107492
2.62714898581	-41.0	68.2581615031	0.00204751244746	0.000414679088863	0.0109229888767
1.80574604993	-41.0	68.5709697797	0.00136436906178	0.000475291511975	0.0111827021465
1.93125383100	-41.0	68.3200466998	0.00146849791054	0.000415526650613	0.0109876105562
2.16431427515	-41.0	68.3113178980	0.00166273058858	0.000417963310611	0.0109754763544
1.32847670584	-41.0	68.6303265849	0.000966079009231	0.00048153087846	0.0112378578633
1.69322389894	-41.0	68.3542383030	0.00126989686396	0.0004195724905	0.0110190259293
1.46917923601	-41.0	68.3774231520	0.0010827294318	0.000421379547333	0.0110413488001
0.849302166392	-41.0	68.6715699828	0.000565324677154	0.000484271848109	0.0112775815651
0.979534491447	-41.0	68.4135095635	0.000672957219649	0.000422477110988	0.0110777309164
1.23002538936	-41.0	68.4025777125	0.000882728316355	0.000423656660132	0.0110651021823
0.368909625495	-41.0	68.6946408255	0.000162800279213	0.000483483076096	0.0113017009571
0.739599705587	-41.0	68.4295910067	0.000471888488391	0.000423011893872	0.0110936937854
0.475270853261	-41.0	68.4188053514	0.000249995035119	0.000416819064412	0.0110889226198
-0.112011976171	-41.0	68.6995060265	-0.000240781417233	0.000479137146613	0.0113100614399
0.234899223529	-41.0	68.4257906147	4.81888237118e-05	0.000415593094658	0.0110969701782
0.0156092021863	-41.0	68.5187284123	-0.000135235313792	0.000436069618445	0.0111702783033
-0.592772939193	-41.0	68.6861586086	-0.000644707179163	0.00047121164971	0.0113025829196
-0.45185562644	-41.0	68.4792724455	-0.000528472010046	0.000421688950155	0.011143100448
-0.224854549592	-41.0	68.5166074778	-0.000337288191076	0.000433045992395	0.0111704701558
-1.07268379453	-41.0	68.6546177136	-0.00104826549068	0.000459715374745	0.0112792402506
-0.692066646327	-41.0	68.4680483550	-0.000730556959752	0.000416864437284	0.0111353714019
-0.953682291287	-41.0	68.4014996673	-0.000951340422034	0.0003984940995	0.0110846823081
-1.55105629230	-41.0	68.6049285749	-0.00145076715853	0.000444592296844	0.0112400259823
-1.19329608779	-41.0	68.3811885174	-0.00115309399553	0.000391899986425	0.0110689429566
-1.51716403628	-41.0	68.4090708986	-0.00142498814967	0.000396896764869	0.0110894348472
-2.02720438882	-41.0	68.5371624527	-0.00185152224731	0.000425802572863	0.0111849624664
-1.75583697440	-41.0	68.3797018181	-0.00162596767768	0.000388534797821	0.0110655929893
-2.50082648959	-41.0	68.4513399628	-0.00225019175559	0.000403333862778	0.0111140841618
-2.17852545328	-41.0	68.1702810456	-0.00198431219906	0.000335600110702	0.0109009221196
-2.38444191375	-41.0	68.2449575038	-0.00215594889596	0.000353358744178	0.0109562212601
-1.99322676844	-41.0	68.3413169256	-0.00182595988736	0.000378155906219	0.0110343294218
-2.97372720956	-41.0	68.3469407743	-0.00264820642769	0.000377019052394	0.0110269598663
-2.81778333378	-41.0	68.1414704542	-0.00252118241042	0.000327263813233	0.0108706019819
-2.62058785787	-41.0	68.1975280678	-0.00235486100428	0.000341256672982	0.0109166894108
-3.44515013646	-41.0	68.2237858513	-0.00304485368542	0.000346813059878	0.010923425667
-3.28554786801	-41.0	68.0387129594	-0.00291483174078	0.000301931751892	0.0107832234353
-3.05444160604	-41.0	68.0844719510	-0.00272050057538	0.000313146592816	0.0108227590099
-3.90869258450	-41.0	68.0835475867	-0.00343466713093	0.000313095253659	0.0108049036935
-3.52022387162	-41.0	67.9725719066	-0.00311238854192	0.000285914225969	0.0107273859903
-3.72094207036	-41.0	67.9170341571	-0.00328121217899	0.000272598408628	0.0106800319627
-4.36366087289	-41.0	67.9267960403	-0.00381698156707	0.000275967351627	0.01067189686
-4.14719165755	-41.0	67.7512797995	-0.00364026729949	0.000233118495089	0.010541183874
-3.94974271674	-41.0	67.8430234923	-0.00347370514646	0.000254966638749	0.0106173213571
-4.81687064989	-41.0	67.7510747229	-0.0041974503547	0.000234839855693	0.0105223366991
-4.37327598696	-41.0	67.6685622500	-0.00383034930564	0.000213659295696	0.0104708857834
-4.59757629791	-41.0	67.5765927488	-0.00401894841343	0.000192105755559	0.0103929704055
-5.26342657329	-41.0	67.5579557322	-0.00457189138979	0.000190066581126	0.0103575875983
-5.07992269813	-41.0	67.3694883182	-0.00442397268489	0.000144018529681	0.0102165574208
-4.82458691018	-41.0	67.4835390680	-0.00420960271731	0.000170450337464	0.0103136571124
-5.69925026323	-41.0	67.3493852890	-0.00493680126965	0.000142092831084	0.010179345496
-5.29941769616	-41.0	67.2695315584	-0.00460803322494	0.000120989308925	0.0101311057806
-5.51587834913	-41.0	67.2739707627	-0.00478695891798	0.000123153018649	0.0101269520819
-6.12818278281	-41.0	67.1236404014	-0.00529533205554	9.05019915081e-05	0.00998617522418
-5.91816466818	-41.0	67.0614147409	-0.00512374285609	7.44526769267e-05	0.00994556769729
-5.73212166777	-41.0	67.1653811996	-0.00496798288077	9.82721248874e-05	0.0100340824574
-6.54689980465	-41.0	66.8824676865	-0.00564463343471	3.56888631359e-05	0.00977961253375
-6.37689990125	-41.0	66.8166284554	-0.00550658255816	1.89270431292e-05	0.009734980762
-6.13076904118	-41.0	66.9442877563	-0.0053014322184	4.77645007777e-05	0.00984532479197
-6.95740320751	-41.0	66.6247136718	-0.00598631799221	-2.26141582971e-05	0.00955872889608
-6.72478262456	-41.0	66.5287334098	-0.00579823041335	-4.71058956464e-05	0.00949345901608
-6.58295823163	-41.0	66.6926636266	-0.0056783859618	-9.15899636311e-06	0.00962874107063
-7.35836138210	-41.0	66.3510636058	-0.00631920062006	-8.42640802148e-05	0.00932415574789
-7.12150906034	-41.0	66.2072829928	-0.00612945621833	-0.000120215205243	0.00922172423452
-6.92911467746	-41.0	66.3949302294	-0.00596827547997	-7.72912972025e-05	0.0093787824735
-7.74696088517	-41.0	66.0635280615	-0.00664087943733	-0.000148798528244	0.00907767470926
-7.31809477413	-41.0	66.0675341922	-0.00629260158166	-0.000151591550093	0.00910187512636
-7.55293792279	-41.0	65.9307547004	-0.00648634275422	-0.000181782670552	0.00898210145533
-8.12399569619	-41.0	65.7616952384	-0.00695198308676	-0.00021632379503	0.00881899800152
-7.74486979853	-41.0	65.7830044557	-0.0066450657323	-0.000214829924516	0.0088553596288
-7.92480869931	-41.0	65.6907223181	-0.0067925308831	-0.000234816310694	0.00877292267978
-8.48856751447	-41.0	65.4463866929	-0.00725171063095	-0.000286645779852	0.00854889955372
-8.23042032939	-41.0	65.3063233702	-0.00704688252881	-0.000322008592775	0.00845121778548
-8.10986083353	-41.0	65.5367160000	-0.006945066154	-0.000269183219643	0.00864092353731
-8.84071055228	-41.0	65.1176661998	-0.00754004763439	-0.000359729863703	0.00826751068234
-8.63279908287	-41.0	64.9709473762	-0.00737632671371	-0.000396108662244	0.00816190708429
-8.40986813887	-41.0	65.1450707245	-0.00719430390745	-0.000357866636477	0.00831306446344
-9.17987774982	-41.0	64.7760950598	-0.0078164935112	-0.000435480411397	0.00797536689788
-8.80544109094	-41.0	64.8035494929	-0.00751744257286	-0.000433208100731	0.00801855139434
-8.97803113715	-41.0	64.6989967782	-0.00765695050359	-0.000455561792478	0.00792518164963
-9.50612713687	-41.0	64.4216118919	-0.00808106083423	-0.000513885577675	0.00767249148339
-9.25689131972	-41.0	64.3630825957	-0.00788428075612	-0.000530248216819	0.00764009449631
-9.14448988268	-41.0	64.5248793691	-0.00779237924144	-0.000494069827255	0.0077762696892
-9.81911505596	-41.0	64.0545005753	-0.00833342783153	-0.000594847137108	0.00735922902822
-9.41662333781	-41.0	64.1827806665	-0.00801364891231	-0.000570036005229	0.00748611148447
-9.58440499744	-41.0	64.0360491574	-0.00814840756357	-0.000601844803896	0.0073583717458
-10.1185573894	-41.0	63.6749460166	-0.00857331138104	-0.000678325304762	0.00703583052382
-9.82897254067	-41.0	63.6650816466	-0.00834596529603	-0.000684129598085	0.00704539986327
-9.73759485049	-41.0	63.8492978153	-0.00827172957361	-0.000642949715257	0.00719912629575
-10.4052246677	-41.0	63.2815726059	-0.00880128517747	-0.000764573283959	0.00670122448355
-9.97516529325	-41.0	63.4723428633	-0.00846298225224	-0.000726442027371	0.00688132410869
-10.1112170135	-41.0	63.2853384576	-0.00857149343938	-0.000767441117205	0.00672227796167
-10.6763585515	-41.0	62.8778897984	-0.00901511218399	-0.000852787226904	0.00635850895196
-10.2515936024	-41.0	63.0847430608	-0.00868301279843	-0.000811344129033	0.00655181892216
-10.3656023073	-41.0	62.8077616669	-0.00877409987152	-0.000872850709129	0.00632104463875
-10.9300973150	-41.0	62.4670683222	-0.00921333115548	-0.000942225742619	0.00601047929376
-10.6733010891	-41.0	62.3785869892	-0.00901517644525	-0.000965723127592	0.00595486396924
-10.4963636934	-41.0	62.6047843753	-0.00887701939791	-0.000917085562833	0.00614885706455
-11.1675733007	-41.0	62.0477521917	-0.00939684454352	-0.0010331365047	0.00565610267222
-10.7962332092	-41.0	62.1708174143	-0.00911083258688	-0.00101080082823	0.00577898463234
-10.9333624903	-41.0	61.9782699011	-0.00921680685133	-0.00105205655564	0.00561445392668
-11.3900784333	-41.0	61.6174828244	-0.00956662930548	-0.00112596771214	0.00529345357791
-11.0478790336	-41.0	61.7668075509	-0.00930485967547	-0.00109773618169	0.00543591380119
-11.1886388854	-41.0	61.5996977817	-0.00941248517483	-0.00113291898742	0.00529164914042
-11.5960110061	-41.0	61.1790470886	-0.00972145237029	-0.00122005108278	0.0049250703305
-11.3391446021	-41.0	61.1636637205	-0.009525927715	-0.00122753030155	0.00492857675999
-11.2965287699	-41.0	61.3809389024	-0.0094943260774	-0.00117996358313	0.00510750385001
-11.7839454013	-41.0	60.7358875387	-0.00986029580235	-0.00131453957874	0.00455402117223
-11.4372092899	-41.0	60.9440945257	-0.00959925353527	-0.00127451017033	0.00474434485659
-11.5933704638	-41.0	60.7739690433	-0.00971637945622	-0.00130936515052	0.00459669297561
-11.9561401229	-41.0	60.2826059077	-0.00998488906771	-0.00141050235834	0.00417602760717
-11.7081178300	-41.0	60.3514843497	-0.00979895703495	-0.00139999925159	0.0042469734326
-11.6831991590	-41.0	60.5504551968	-0.00978225562721	-0.00135689403396	0.00440986920148
-12.1112303366	-41.0	59.8220543866	-0.0100942775607	-0.00150715722702	0.00379378395155
-11.8647318151	-41.0	59.8691368714	-0.00991041678935	-0.00150194601156	0.00384660460986
-11.7903970054	-41.0	60.1217780982	-0.00985810626298	-0.00144853990059	0.00405575754121
-12.2476553294	-41.0	59.3593063169	-0.010187539272	-0.00160337809939	0.00341188395396
-11.9375513005	-41.0	59.6383883077	-0.00996130891144	-0.00155029608868	0.00365550722927
-12.0674512667	-41.0	59.4425055645	-0.0100548593327	-0.00158958602697	0.00348950619809
-12.3661369766	-41.0	58.8928629895	-0.0102654499933	-0.00169943424407	0.00302945892327
-12.1902868220	-41.0	58.9774172008	-0.0101369405165	-0.00168594974093	0.0031073060818
-12.1310593629	-41.0	59.2105975561	-0.0100977709517	-0.00163773656823	0.00329861510545
-12.4677098797	-41.0	58.4178937851	-0.0103289624676	-0.00179629574995	0.00264317099936
-12.2378113242	-41.0	58.5119814497	-0.0101615916938	-0.00178317655809	0.0027306356933
-12.2451334163	-41.0	58.7429641693	-0.0101723810658	-0.00173419469502	0.00291563943028
-12.5514486477	-41.0	57.9367851827	-0.0103779081255	-0.001893561217	0.00225581950508
-12.2844415890	-41.0	58.2715355640	-0.0101901460439	-0.00183241441846	0.00253570894711
-12.3048372873	-41.0	58.0449808750	-0.0101994909346	-0.00187933607958	0.00235383375548
-12.6162624464	-41.0	57.4559951520	-0.0104123614728	-0.00199082004838	0.00187318876851
-12.3737809579	-41.0	57.5726146924	-0.0102378269657	-0.00197586184368	0.00197562365793
-12.3419589075	-41.0	57.8044120633	-0.0102205518633	-0.00192843854893	0.00216066255234
-12.6624599299	-41.0	56.9757604852	-0.0104331532493	-0.00208955421112	0.00149572140072
-12.3632865830	-41.0	57.0806206860	-0.0102174263448	-0.00208024354652	0.00158866227139
-12.4014933601	-41.0	57.3324855007	-0.0102518107742	-0.00202523265034	0.00178502185736
-12.6903353652	-41.0	56.4953668521	-0.0104411905631	-0.00219158409163	0.00112187117338
-12.3817821308	-41.0	56.8406036567	-0.010224907659	-0.00213087140583	0.00140003417619
-12.5160499447	-41.0	56.6431531809	-0.010317874141	-0.00216740020551	0.00124172901269
-12.6999917023	-41.0	56.0145175906	-0.0104372408241	-0.00229728571139	0.000750120962039
-12.5254296617	-41.0	56.4028630746	-0.0103189200163	-0.00221940875053	0.00105465506203
-12.4943496936	-41.0	56.2076652690	-0.0102918893099	-0.00226393551566	0.000904038199224
-12.6914347240	-41.0	55.5336475092	-0.0104217659682	-0.00240752566606	0.000379726756364
-12.4309555901	-41.0	55.7314441760	-0.0102361310273	-0.00237418268807	0.000536037841812
-12.4946245826	-41.0	55.9671923210	-0.0102869505063	-0.00231766677462	0.000717702205293
-12.6646698946	-41.0	55.0533551557	-0.0103946542367	-0.00252200313844	8.59365536598e-06
-12.4221252569	-41.0	55.4911332534	-0.0102255707607	-0.00242991815321	0.0003497095895
-12.4197278683	-41.0	55.2159148644	-0.0102194864303	-0.00249415985309	0.000135932205012
-12.6196272771	-41.0	54.5734631490	-0.0103553617373	-0.00263904803433	-0.0003647057747
-12.3786544622	-41.0	54.7079284801	-0.0101824998856	-0.00261593260802	-0.000260311877355
-12.4017964456	-41.0	54.9760196698	-0.0102029917762	-0.00255140033551	-5.08695811732e-05
-12.5559126743	-41.0	54.0923687683	-0.0103025268763	-0.00275794230402	-0.000741912226658
-12.3515348960	-41.0	54.4680196287	-0.0101596144959	-0.00267428020015	-0.000448345759651
-12.3494970696	-41.0	54.2265537594	-0.0101547986269	-0.00273226690479	-0.000638031051494
-12.4732422034	-41.0	53.6108099836	-0.0102351922542	-0.00287734367885	-0.00112221576273
-12.3128677982	-41.0	53.9854621247	-0.0101247187704	-0.00279145664535	-0.000828250544146
-12.3483802611	-41.0	53.7778034399	-0.0101472698152	-0.00284040835686	-0.000991675653495
-12.3727702156	-41.0	53.1356401775	-0.010154010728	-0.00299472734332	-0.00149973796215
-12.2268523284	-41.0	53.3561054224	-0.010052007623	-0.00294516677968	-0.00132726540323
-12.3023375468	-41.0	53.5374282821	-0.0101099656895	-0.00289963558316	-0.00118242925964
-12.2553249219	-41.0	52.6687823458	-0.0100592793897	-0.00310926884413	-0.00187229260337
-12.0683033115	-41.0	52.8766698826	-0.00992753263563	-0.00306341913529	-0.00171094667166
-12.1725127818	-41.0	53.1213825643	-0.0100082019344	-0.00300269690342	-0.00151444785297
-12.1200578669	-41.0	52.2060314572	-0.00995006784797	-0.0032219174318	-0.00224279612303
-12.0052270711	-41.0	52.6446166512	-0.00987661350518	-0.00311982538551	-0.00189675728325
-11.9715688588	-41.0	52.3732014487	-0.00984578765929	-0.00318476930261	-0.00211329106241
-11.9661694902	-41.0	51.7454979456	-0.00982558261603	-0.00333314738236	-0.00261228275485
-11.8344526022	-41.0	51.9388170889	-0.00973454955965	-0.00328950770199	-0.00246199709363
-11.8993811067	-41.0	52.1425933866	-0.00978738162667	-0.00324049498886	-0.00229839072563
-11.7949897560	-41.0	51.2916864318	-0.00968673638999	-0.00344210024923	-0.00297675887123
-11.5460119841	-41.0	51.5101220159	-0.00951092224568	-0.00339414970949	-0.00281036016531
-11.7527387763	-41.0	51.7089896079	-0.00966834556311	-0.00334471813403	-0.00264668790624
-11.6079363113	-41.0	50.8477369445	-0.00953462999314	-0.00354812992737	-0.00333352363668
-11.4566276799	-41.0	51.2862017231	-0.00943820457906	-0.00344756245613	-0.00299058924429
-11.4584495622	-41.0	51.0065205263	-0.00943014677614	-0.00351268402301	-0.00321207125671
-11.4024224828	-41.0	50.4076157569	-0.00936712138355	-0.00365281035192	-0.00368721107952
-11.3608220334	-41.0	50.7865678330	-0.00935052987188	-0.00356498663314	-0.00338902138174
-11.3361476175	-41.0	50.6151725561	-0.00932605192065	-0.00360511802137	-0.00352523522452
-11.1803105091	-41.0	49.9758272834	-0.00918573513627	-0.00375516340137	-0.00403408892453
-10.9574281156	-41.0	50.1952734758	-0.00902980472893	-0.00370624079369	-0.00386839499697
-11.1004350267	-41.0	50.3381175498	-0.00914136134088	-0.003671775572	-0.00375121063553
-11.2282218315	-41.0	50.3951205434	-0.00923801865429	-0.00365732004866	-0.00370223401114
-10.9434270764	-41.0	49.5555136882	-0.00899197999388	-0.00385453319177	-0.00437152292579
-10.8433610669	-41.0	49.9835755243	-0.0089364098385	-0.00375623744912	-0.004038693849
-10.8009999639	-41.0	49.7567625279	-0.00889511499554	-0.00380901154131	-0.004218199756
-10.6900715145	-41.0	49.1434432100	-0.0087844831869	-0.00395173486322	-0.00470202276483
-10.6782011037	-41.0	49.5482369284	-0.00879449676722	-0.00385819422081	-0.00438576005399
-10.5099162297	-41.0	49.3581291377	-0.00866037141532	-0.0039033878129	-0.0045402138494
-10.4208524385	-41.0	48.7408103445	-0.00856377836317	-0.00404658727348	-0.00502455839887
-10.2548306039	-41.0	48.9719979582	-0.00845117773861	-0.00399425299838	-0.00485020875931
-10.3794098156	-41.0	49.1546563244	-0.00855327676982	-0.00395128037781	-0.00470356317237
-10.1369125669	-41.0	48.3493135203	-0.00833083689213	-0.00413868715987	-0.00533771095797
-9.96185593851	-41.0	48.5618682931	-0.00821060407907	-0.00409063324332	-0.00517898984253
-10.1161528122	-41.0	48.7729205306	-0.00833729933947	-0.00404105102643	-0.00500984862447
-9.83920541503	-41.0	47.9700537486	-0.00808649044484	-0.00422779191285	-0.00564057100564
-9.81667017864	-41.0	48.3695018489	-0.00809125509113	-0.00413578934968	-0.00533298263326
-9.68246495195	-41.0	48.1593842340	-0.00797877181321	-0.00418491009623	-0.00549992267042
-9.52714566917	-41.0	47.6021731741	-0.0078303180635	-0.00431412598118	-0.0059338058345
-9.39334732368	-41.0	47.7879096628	-0.0077396761626	-0.00427188398317	-0.00579582853243
-9.5299951484	-41.0	47.9725608519	-0.00785338692367	-0.00422872044146	-0.00564917176962
-9.20028855246	-41.0	47.2453046568	-0.00756199425086	-0.0043977657333	-0.00621767155826
-9.23381190680	-41.0	47.6069203202	-0.0076084821485	-0.00431427778676	-0.00594012346119
-9.14110151099	-41.0	47.4390471872	-0.00752840097994	-0.0043533067219	-0.00607168953866
-8.86064002411	-41.0	46.9017002488	-0.00728322518989	-0.00447818310931	-0.00649034744129
-8.81942593588	-41.0	47.1433770910	-0.00726629281417	-0.00442261993885	-0.00630809366703
-8.97381942893	-41.0	47.2632508443	-0.00739095686004	-0.00439444836229	-0.0062115592882
-8.50830057563	-41.0	46.5713828525	-0.00699413381517	-0.00455536879599	-0.00675179203972
-8.64715062939	-41.0	46.9756018454	-0.00712482398376	-0.00446182955056	-0.00644136127084
-8.47375545035	-41.0	46.8459053481	-0.00698445085436	-0.00449224188924	-0.0065454877913
-8.14322520260	-41.0	46.2543402840	-0.00669473735616	-0.00462931860238	-0.00700201606378
-8.12033360938	-41.0	46.5537543861	-0.00669565889984	-0.00456045242026	-0.00677776848897
-8.29372878842	-41.0	46.6834508834	-0.00683667417616	-0.00453014206141	-0.00667425990105
-7.76739030891	-41.0	45.9522317011	-0.00638670753688	-0.0046996246092	-0.00723970448598
-7.93536920237	-41.0	46.3992028355	-0.00654390826821	-0.00459644012153	-0.00689998362213
-7.74464458364	-41.0	46.2517712123	-0.00638782512397	-0.00463075982407	-0.00701664015651
-7.38011285277	-41.0	45.6644335288	-0.00606953958049	-0.00476645119488	-0.00746535416692
-7.36311561525	-41.0	45.9568389887	-0.00607463344932	-0.00469920877367	-0.0072486824356
-7.55384023398	-41.0	46.1042706119	-0.0062313536182	-0.00466502504423	-0.00713291624561
-6.97985530357	-41.0	45.3900226230	-0.00574201019481	-0.00482996273786	-0.00767966127023
-7.16671050402	-41.0	45.8165958884	-0.00591366877779	-0.00473169377074	-0.00735883461311
-6.95664048349	-41.0	45.6808037411	-0.00574206653982	-0.00476311473176	-0.00746565079316
-6.56977761647	-41.0	45.1313284128	-0.00540677318349	-0.00488960044459	-0.0078808311373
-6.54276279397	-41.0	45.4109351497	-0.00540294125676	-0.00482533080503	-0.00767635786906
-6.75283281450	-41.0	45.5467272969	-0.00557513767853	-0.00479405699298	-0.00757052702829
-6.15135434946	-41.0	44.8891566626	-0.0050650681369	-0.00494517013431	-0.00806822255254
-6.12193449164	-41.0	45.1529157378	-0.00505806319416	-0.00488453544676	-0.00787652656436
-6.33659859263	-41.0	45.2863152323	-0.00523422332481	-0.00485396711156	-0.00777338072658
-5.72380341770	-41.0	44.6629777086	-0.00471630180255	-0.00499676493928	-0.00824227184057
-5.90973552077	-41.0	45.0354349110	-0.00488456711173	-0.00491138501093	-0.00796747859567
-5.74308234762	-41.0	44.8934192776	-0.00474518258125	-0.00494382018223	-0.00807464774698
-5.28784244583	-41.0	44.4531942829	-0.00436110142618	-0.00504428334534	-0.00840267632157
-5.52782045273	-41.0	44.7847384672	-0.0045694517903	-0.00496850954369	-0.00815828330815
-5.30706422525	-41.0	44.7293709020	-0.00439229095355	-0.00498090544716	-0.00820307713002
-4.84261853276	-41.0	44.2595125422	-0.00399882066995	-0.00508776167408	-0.00854966882616
-5.08643163849	-41.0	44.6283325382	-0.00421233521774	-0.00500367674977	-0.00828039180487
-4.86313388298	-41.0	44.5002327508	-0.00402856525034	-0.0050325426273	-0.00837663374841
-4.39220096729	-41.0	44.0836846860	-0.00363282975741	-0.00512678129598	-0.00868194550276
-4.38399289953	-41.0	44.3790171100	-0.00364225381054	-0.00505903502926	-0.00847139582038
-4.63862243632	-41.0	44.4076281383	-0.00384570308961	-0.00505319982767	-0.00844686385244
-3.93645437396	-41.0	43.9254678367	-0.00326302577741	-0.00516137480736	-0.00879967212677
-4.15818363150	-41.0	44.2957867104	-0.00345848151483	-0.00507735367864	-0.00853397417814
-3.99425628746	-41.0	44.1428211165	-0.00332018383779	-0.00511173345149	-0.00864472053945
-3.47176877809	-41.0	43.7837476470	-0.00288654933684	-0.00519177736714	-0.0089037111029
-3.57146119150	-41.0	44.0541562652	-0.00297920545563	-0.00513025838882	-0.00871187727898
-3.76439426443	-41.0	44.0678831103	-0.00313352514058	-0.00512796547264	-0.00870034936816
-3.00223993082	-41.0	43.6599612886	-0.00250675505958	-0.00521761644632	-0.0089929997921
-3.11089275829	-41.0	43.9410488799	-0.00260641938075	-0.00515384739265	-0.00879487488419
-3.33670991491	-41.0	43.9874416845	-0.00278881634586	-0.00514439772815	-0.00876082293689
-2.53182529715	-41.0	43.5549262491	-0.00212687579915	-0.00523874349892	-0.00906697660685
-2.87621328578	-41.0	43.8839531041	-0.00241636042483	-0.00516557553783	-0.00883598159999
-2.66847416609	-41.0	43.8599597787	-0.00224923156202	-0.00516979955137	-0.00885331071913
-2.56800725632	-41.0	43.7124253975	-0.00216252682731	-0.00520285824314	-0.0089566661045
-2.05880211079	-41.0	43.4679876369	-0.00174558721483	-0.00525523396209	-0.00912611372769
-2.14522138228	-41.0	43.6373718440	-0.001821402926	-0.00521707627922	-0.00900829210877
-2.33236115173	-41.0	43.6644855636	-0.00197215843946	-0.00521222921088	-0.00898993480951
-1.58282635460	-41.0	43.3990214376	-0.00136263319291	-0.00526711856946	-0.00917050614953
-1.66732950171	-41.0	43.6224307311	-0.00143836985808	-0.00521671166644	-0.00901593733579
-1.90792910462	-41.0	43.5983886522	-0.00163005210925	-0.0052241589874	-0.00903430301696
-1.10289699847	-41.0	43.3479796787	-0.000977266114205	-0.00527438148856	-0.00920020509511
-1.42873135664	-41.0	43.5924600879	-0.00124623102602	-0.00522147910669	-0.00903459824622
-1.18813886908	-41.0	43.5928485021	-0.00105354120024	-0.0052191815339	-0.0090316478163
-0.617474572468	-41.0	43.3150197023	-0.000588335387874	-0.005276883021	-0.00921503547579
-0.94689091151	-41.0	43.5718185289	-0.000859626452439	-0.00522162439302	-0.00904296152294
-0.708568482976	-41.0	43.5740277307	-0.00066882208921	-0.00521866884083	-0.00903769396245
-0.128394898089	-41.0	43.3006490422	-0.000197391244001	-0.00527452630922	-0.00921461731195
-0.226157777755	-41.0	43.5643552976	-0.000282360095298	-0.00521545019001	-0.00903505738825
-0.46448020629	-41.0	43.5621460958	-0.000473042513477	-0.00521871028468	-0.00904147233814
0.361281912672	-41.0	43.3051398046	0.000193019906874	-0.00526720425114	-0.00919874757528
0.0187431711193	-41.0	43.5618792630	-8.6413048848e-05	-0.00521302036941	-0.00903110951185
0.227486020603	-41.0	43.5668108226	8.03279108368e-05	-0.00520922383294	-0.00902241654694
0.849184203619	-41.0	43.3284221113	0.000580931955483	-0.00525491451845	-0.00916756410152
0.711183553311	-41.0	43.5789686709	0.000466173747554	-0.00519976671785	-0.00900001265109
0.472170891412	-41.0	43.5737742878	0.000275592377875	-0.00520434463397	-0.00901084113866
1.33195832482	-41.0	43.3700401022	0.000963565544225	-0.00523777399212	-0.00912149436772
1.20653099833	-41.0	43.6117082848	0.0008600113797	-0.0051846797578	-0.0089605152607
0.954311765335	-41.0	43.5952618775	0.000659601471853	-0.00519242091104	-0.00898080039769
1.80962510602	-41.0	43.4295880348	0.00134085316677	-0.00521579245105	-0.0090608317405
1.44609360397	-41.0	43.6369726094	0.00104992592242	-0.00517495861277	-0.00893400982022
1.68388408537	-41.0	43.6191759579	0.0012387461029	-0.00517482263967	-0.00893637351692
2.28428089106	-41.0	43.5071195951	0.00171430187766	-0.00518881203607	-0.0089854542166
2.12483473423	-41.0	43.6660254331	0.00158679077867	-0.0051558110863	-0.00888442620635
1.92190345528	-41.0	43.6534410105	0.00142665486783	-0.00516262417659	-0.00890245847404
2.75588145543	-41.0	43.6026165098	0.00208366382867	-0.0051566590555	-0.00889532826841
2.56516331194	-41.0	43.8168892276	0.00193192728329	-0.00511229550466	-0.00875914376229
2.36138605256	-41.0	43.7092780409	0.00177274679299	-0.00514112226665	-0.00884321890771
3.22554357585	-41.0	43.7164390896	0.00244955904782	-0.005118960049	-0.00879011675715
2.80012707947	-41.0	43.8691205948	0.00211582682095	-0.00509506138042	-0.00871071219444
3.00655693189	-41.0	43.9326273432	0.00227680965327	-0.00507568148896	-0.00865560304374
3.69391850510	-41.0	43.8490755052	0.00281203933991	-0.00507509708405	-0.00866950210184
3.47987880066	-41.0	44.0580076870	0.00264450279064	-0.00503458408639	-0.0085410932079
3.24116193798	-41.0	43.9942323351	0.00245936051942	-0.00505565339699	-0.00859952252358
4.15489527526	-41.0	43.9988815000	0.00316572398879	-0.00502493837848	-0.00853528827429
3.94401134766	-41.0	44.2039009366	0.00300203100778	-0.00498710107058	-0.00841071642935
3.71355394675	-41.0	44.1290456518	0.00282492046244	-0.00501151196659	-0.00847743172199
4.60737933364	-41.0	44.1652183934	0.00350888771936	-0.00496769649908	-0.00838853325695
4.17125120833	-41.0	44.2825734223	0.00317571102642	-0.00496132578701	-0.00834118574858
4.39389167233	-41.0	44.3422718744	0.00334506807849	-0.00493915006518	-0.00828454829752
5.05595441632	-41.0	44.3497929229	0.00384321669117	-0.00490146875381	-0.00823035929352
4.83186776247	-41.0	44.5234638015	0.00367393461056	-0.00487903133035	-0.00812938716263
4.61904687809	-41.0	44.4299266767	0.00351476576179	-0.00490975053981	-0.0082083567977
5.49661509760	-41.0	44.5511038755	0.00416321633384	-0.00482768751681	-0.00806518923491
5.27549221588	-41.0	44.7209983646	0.00399980461225	-0.00481263315305	-0.00796515308321
5.05519251746	-41.0	44.6203822317	0.00383903156035	-0.00484622595832	-0.00804803613573
5.92785397574	-41.0	44.7683239344	0.00446519907564	-0.00475060846657	-0.00790061149746
5.49276723774	-41.0	44.8253121039	0.00415690988302	-0.00477756839246	-0.00788155943155
5.69979369327	-41.0	44.9050395222	0.00430473312736	-0.00474770274013	-0.00781803857535
6.35156492275	-41.0	45.0023810290	0.00475463783368	-0.00468232529238	-0.00774154486135
6.10034626093	-41.0	45.1380441433	0.00458613131195	-0.00468191644177	-0.00765044102445
5.91367259777	-41.0	45.0179205301	0.00445523299277	-0.00471314415336	-0.00773477787152
6.76578495014	-41.0	45.2522488860	0.00504637788981	-0.00463243806735	-0.00758563680574
6.31009784479	-41.0	45.2591840742	0.00473485328257	-0.00465200049803	-0.00756929628551
6.53917872776	-41.0	45.3839493601	0.00489957025275	-0.00462454510853	-0.00748912896961
7.17107741312	-41.0	45.5183184205	0.00535162258893	-0.00459440192208	-0.00741953821853
6.74357885168	-41.0	45.5126206763	0.00505135254934	-0.00460065761581	-0.00740802846849
6.98412080918	-41.0	45.6259669557	0.00523033272475	-0.00458006653935	-0.00733821187168
7.56536847095	-41.0	45.7992549341	0.00566571159288	-0.00455300556496	-0.00723714893684
7.38242908741	-41.0	45.8895565850	0.00554437516257	-0.0045372643508	-0.00716739706695
7.18492077947	-41.0	45.7633449252	0.00538787897676	-0.00455819070339	-0.00724932458252
7.94728061867	-41.0	46.0939043631	0.00598084693775	-0.00450321752578	-0.00703907432035
7.57587568936	-41.0	46.0330259899	0.00570160755888	-0.00451240874827	-0.00707200355828
7.74655767274	-41.0	46.1424391339	0.00583964539692	-0.00449311174452	-0.00699886633083
8.31750420413	-41.0	46.4026501671	0.00629226258025	-0.00444549228996	-0.0068253041245
8.02203294502	-41.0	46.5240747491	0.0060889897868	-0.00442052958533	-0.006730761379
7.93494646347	-41.0	46.2935762358	0.00599662959576	-0.0044653583318	-0.00689532421529
8.67618830681	-41.0	46.7256398353	0.00659714499488	-0.00438111182302	-0.00659616431221
8.40224325468	-41.0	46.8650248137	0.00641074497253	-0.00435196049511	-0.00648906035349
8.20381291417	-41.0	46.6816136202	0.00624218210578	-0.00438922876492	-0.00661986833438
9.02321914423	-41.0	47.0629134347	0.00689451722428	-0.00431106472388	-0.0063520479016
8.57906247383	-41.0	47.0304396579	0.00656112609431	-0.00431774044409	-0.00636986410245
8.74636389325	-41.0	47.2034193220	0.00670510390773	-0.00428140209988	-0.00624392088503
9.35640354561	-41.0	47.4123511546	0.0071817538701	-0.0042364532128	-0.00609499635175
9.08381839265	-41.0	47.5481919431	0.00699420878664	-0.00420773494989	-0.00599011732265
8.91651697323	-41.0	47.3752122791	0.00685081398115	-0.0042448984459	-0.00611793529242
9.67609513527	-41.0	47.7742366352	0.00745877809823	-0.00415773736313	-0.00582513166592
9.24680006143	-41.0	47.7257635103	0.00713457213715	-0.00416927458718	-0.00585796730593
9.45143946852	-41.0	47.8747527525	0.00730250729248	-0.00413655070588	-0.00574694667011
9.98150447532	-41.0	48.1476393098	0.00772470701486	-0.00407551601529	-0.00554341543466
9.60808002320	-41.0	48.0590115066	0.00743815628812	-0.00409611780196	-0.00560818612576
9.78177319767	-41.0	48.1656140136	0.0075781638734	-0.00407228060067	-0.00552809704095
10.2727910337	-41.0	48.5327538959	0.00797955319285	-0.0039899260737	-0.0052499002777
9.93050585546	-41.0	48.3546750805	0.00770776253194	-0.00403042230755	-0.00538442796096
10.0362624892	-41.0	48.5302312377	0.00780369015411	-0.0039915391244	-0.00525024021044
10.5497915006	-41.0	48.9295050177	0.00822307355702	-0.00390117964707	-0.00494481343776
10.2714501129	-41.0	48.9326218942	0.00801684707403	-0.00390201690607	-0.00494076637551
10.1787370235	-41.0	48.7262353734	0.0079284729436	-0.00394785730168	-0.00509995454922
10.8120563757	-41.0	49.3374601744	0.00845478661358	-0.00380947999656	-0.00462860800326
10.5201015362	-41.0	49.3461342591	0.00823910906911	-0.00380943249911	-0.00462025497109
10.4059374812	-41.0	49.1332887074	0.00813520047814	-0.00385706033558	-0.00478558661416
11.0580165316	-41.0	49.7541797666	0.0086732506752	-0.00371549767442	-0.00430332031101
10.6478014643	-41.0	49.5533673651	0.00835204310715	-0.00376281957142	-0.00445875898004
10.7709334579	-41.0	49.7702599377	0.0084619242698	-0.00371398497373	-0.00428911205381
11.2875402690	-41.0	50.1792238768	0.00887825060636	-0.00361938332208	-0.00396939693019
10.8891973781	-41.0	49.9796422661	0.00856705196202	-0.00366674317047	-0.004124824889
11.0026064726	-41.0	50.1997234329	0.00866895448416	-0.00361708411947	-0.00395157281309
11.5019494633	-41.0	50.6152847296	0.00907093659043	-0.00352059374563	-0.0036248518154
11.2104896691	-41.0	50.6503642105	0.0088579421863	-0.00351529335603	-0.00359516148455
11.1137894632	-41.0	50.4153274103	0.00876832008362	-0.00356832239777	-0.00378134730272
11.6986990733	-41.0	51.0572841482	0.00924895424396	-0.00342032429762	-0.00327379093505
11.3136636673	-41.0	50.8707476576	0.00895068701357	-0.00346537795849	-0.00342017575167
11.4294470449	-41.0	51.1037052238	0.00905312411487	-0.00341245299205	-0.00323477946222
11.8783843577	-41.0	51.5062281933	0.00941276457161	-0.00331839057617	-0.00291550136171
11.5230368266	-41.0	51.3252188059	0.00913778506219	-0.00336222001351	-0.00305800815113
11.6976764913	-41.0	51.4775910311	0.00927723292261	-0.00332650053315	-0.00293694017455
12.0415843592	-41.0	51.9638822959	0.00956287514418	-0.00321444380097	-0.0025486657396
11.8393642209	-41.0	51.8987092169	0.00940929912031	-0.00323104928248	-0.00259927101433
11.7836930949	-41.0	51.7049586686	0.00935579650104	-0.00327489571646	-0.00275485753082
12.1865040056	-41.0	52.4252104788	0.00969757232815	-0.00310964207165	-0.00217737513594
11.9801441989	-41.0	52.3572579022	0.00954107288271	-0.00312706083059	-0.00223017949611
11.9165232813	-41.0	52.1289099701	0.00948051083833	-0.00317879742943	-0.0024142016191
12.3131898131	-41.0	52.8894764706	0.00981683377177	-0.0030041791033	-0.00180235144217
12.0861096705	-41.0	52.8404538374	0.00964630581439	-0.0030177354347	-0.00183949177153
12.0479152198	-41.0	52.5882901946	0.00960432179272	-0.00307461176999	-0.0020437121857
12.4225931831	-41.0	53.3600798104	0.00992151815444	-0.00289730378427	-0.00142093200702
12.1450070919	-41.0	53.0736027341	0.00970198959112	-0.00296482257545	-0.00165061757434
12.2216161707	-41.0	53.2758552049	0.00976872909814	-0.00291856331751	-0.00148686091416
12.5147764751	-41.0	53.8388961669	0.0100116692483	-0.00278860912658	-0.00103162438609
12.2833955824	-41.0	53.7255474373	0.00983540154994	-0.0028169369325	-0.00112085184082
12.2720614421	-41.0	53.5132340041	0.00981736462563	-0.00286470726132	-0.00129399518482
12.5885167284	-41.0	54.3209387806	0.0100860940292	-0.00267924345098	-0.00063855870394
12.3629022850	-41.0	54.2250100941	0.00991517212242	-0.00270374538377	-0.000713486981113
12.3250741999	-41.0	53.9669049207	0.00987666100264	-0.00276221637614	-0.00092416186817
12.6433012575	-41.0	54.8012784679	0.0101442020386	-0.00257033901289	-0.000245846371399
12.3949922544	-41.0	54.4655999616	0.00994813535362	-0.00264922319911	-0.000516859756317
12.4474862985	-41.0	54.7011358746	0.00999549403787	-0.00259550777264	-0.000324529712088
12.6796381718	-41.0	55.2811287785	0.0101864458993	-0.00246162666008	0.000147399274283
12.4622956689	-41.0	55.1697028966	0.0100216884166	-0.00248977425508	5.99963132117e-05
12.4702085146	-41.0	54.9407943904	0.0100203948095	-0.00254123727791	-0.000128204177599
12.4532130728	-41.0	55.6550409772	0.01002843678	-0.00238046166487	0.000459355534986
12.4759084236	-41.0	55.4098082171	0.0100387632847	-0.00243544508703	0.000257153966231
-1.69071245654	-41.0	50.7517393228	-0.00170165020972	-0.00388251268305	-0.00399923278019
-1.29763134998	-41.0	50.7924173192	-0.0013517375337	-0.0038855348248	-0.00398343475536
-1.31347759663	-41.0	51.0645215448	-0.00137477053795	-0.0038523611147	-0.0037802469451
-1.60548368501	-41.0	51.2251487406	-0.00164417515043	-0.00382637698203	-0.00364806875587
-1.48285434031	-41.0	50.7165891550	-0.00151506951079	-0.00389158423059	-0.00403339648619
-1.76610016808	-41.0	50.9944413337	-0.00177871459164	-0.00384969613515	-0.00381452729926
1.09419611426	-41.0	59.3764161315	0.000931089918595	-0.00245145824738	0.00399300968274
1.33793737421	-41.0	59.8947325858	0.00114175665658	-0.0022160904482	0.00443821400404
1.39723640555	-41.0	59.4366326692	0.00122544006445	-0.00239725527354	0.00403224257752
1.06130116322	-41.0	59.9203666156	0.000872701231856	-0.00222677644342	0.00447301566601
1.49490485671	-41.0	59.6883111346	0.00130462076049	-0.00228524720296	0.00425013713539
0.861759929102	-41.0	59.8096904992	0.000681981036905	-0.00228593777865	0.00438508810475
0.859549181584	-41.0	59.5546068870	0.000689820793923	-0.00239411671646	0.00416158977896
-5.61223937711	-41.0	58.5869190123	-0.00523691065609	-0.00214484450407	0.00303290970623
-5.96727055787	-41.0	58.6761402848	-0.00550667895004	-0.0020853204187	0.00309958378784
-5.98953689379	-41.0	58.9529348466	-0.00551337189972	-0.00201240298338	0.00334189832211
-5.56854968309	-41.0	59.0678291640	-0.00518272165209	-0.0020237728022	0.00346007710323
-5.46936659109	-41.0	58.8035277485	-0.00511732744053	-0.00210385071114	0.00323067721911
-5.79638683258	-41.0	59.1374806239	-0.00535661913455	-0.00198298296891	0.00351136224344
-5.78281966060	-41.0	58.5993363884	-0.00536786066368	-0.0021235786844	0.00303804292344
6.60446088647	-41.0	55.3817042361	0.00569171225652	-0.00272828829475	0.000186301083886
6.35223058410	-41.0	54.9125290034	0.00548546249047	-0.00284771854058	-0.000232983846217
6.18909291123	-41.0	55.3337189375	0.00537568237633	-0.00277981860563	0.000128855768708
6.16470346409	-41.0	55.0759229914	0.00534868659452	-0.00283404416405	-9.86610684777e-05
6.67521485849	-41.0	55.1288797439	0.00573762180284	-0.00277349259704	-3.14187418553e-05
6.38422852488	-41.0	55.4353084203	0.00552664324641	-0.00273896194994	0.000225539988605
6.53635033198	-41.0	54.9720407402	0.00562733784318	-0.00281822332181	-0.000173235035618
-5.00811353222	-41.0	50.7887946187	-0.00452285213396	-0.00374936452135	-0.00375268817879
-4.75253333122	-41.0	50.8981896167	-0.00432274723426	-0.00374163454399	-0.00368727208115
-5.17745908094	-41.0	50.9646375526	-0.00467079365626	-0.00371034420095	-0.00360261043534
-5.10895036407	-41.0	51.1833005219	-0.00463000684977	-0.00367474951781	-0.00343645433895
-4.81277031240	-41.0	51.1536403335	-0.00438858661801	-0.00369462557137	-0.00348309334368
0.995446305309	-41.0	49.0917496754	0.000686907267664	-0.00411464972422	-0.00520380726084
1.01041368074	-41.0	49.3222038951	0.000704032776412	-0.00407856563106	-0.00504018599167
1.34826529412	-41.0	48.8672216283	0.000985822989605	-0.00414342572913	-0.00534974690527
1.50079295631	-41.0	49.3044986321	0.00112804269884	-0.00407044542953	-0.00503443414345
1.23144919055	-41.0	49.4439870134	0.000898596539628	-0.00405538268387	-0.00494598876685
1.06107674032	-41.0	48.8928782006	0.000740009185392	-0.00414510210976	-0.00534191448241
1.48003744033	-41.0	49.0649307396	0.00110361271072	-0.0041086464189	-0.00520504405722
-0.387703487819	-41.0	62.5263374891	-0.000529962591827	-0.00126900069881	0.00659719062969
-0.634575243279	-41.0	62.6358307890	-0.000751891813707	-0.00123081717175	0.00668001687154
-0.759373470679	-41.0	62.0727844839	-0.000874652818311	-0.00142301060259	0.00623936858028
-0.500446227787	-41.0	62.0880170089	-0.000637375342194	-0.00142028788105	0.00625474750996
-0.825906760245	-41.0	62.4377452657	-0.000928078952711	-0.00129603827372	0.00652351789176
-0.867360742007	-41.0	62.2637097572	-0.000969206972513	-0.00135510228574	0.00638702977449
-0.316101110079	-41.0	62.3029880416	-0.000466718600364	-0.00134584889747	0.00642391759902
5.65570558362	-41.0	61.0670457092	0.00479691894725	-0.00142207578756	0.00516617298126
5.52305621229	-41.0	61.4432831321	0.00466639595106	-0.00132700568065	0.00548462662846
6.03573824676	-41.0	61.3234759931	0.00508440146223	-0.00132475583814	0.00535911694169
5.96121692450	-41.0	61.5862376728	0.00500903883949	-0.0012581392657	0.00557930301875
5.87833203070	-41.0	61.1089429505	0.00497216312215	-0.00139423331711	0.00518942205235
5.71887825970	-41.0	61.6567204234	0.00481054838747	-0.00125453993678	0.00564961554483
5.55255098474	-41.0	61.2295070374	0.00470378203318	-0.00138453615364	0.0053064795211
2.37708322850	-41.0	52.7702948362	0.00207558181137	-0.00360117829405	-0.00237470283173
2.46745010259	-41.0	53.3843071958	0.0022020698525	-0.0035368965473	-0.00185743696056
2.63781819309	-41.0	52.9177309894	0.0023206116166	-0.00356325926259	-0.00223194388673
2.21426217724	-41.0	53.2515435631	0.00196125707589	-0.00357456342317	-0.00199105357751
2.21070700853	-41.0	52.9535181306	0.00193706445862	-0.00359949003905	-0.00223853834905
2.65152697358	-41.0	53.1877390189	0.00235308241099	-0.00353537732735	-0.00200665998273
-0.318512291781	-41.0	55.5340237267	-0.000520200352184	-0.00365371885709	1.74279539351e-05
-0.174695943483	-41.0	54.9435830024	-0.000360211124644	-0.00368237891234	-0.000581461586989
-0.458313929756	-41.0	55.3533969271	-0.000668910099193	-0.00365756428801	-0.000167032980244
0.0457140390445	-41.0	55.0606934466	-0.000124768412206	-0.00368039612658	-0.00046635104809
0.0682285916713	-41.0	55.3313191608	-9.97665338218e-05	-0.00367037043907	-0.000193411658984
-0.38862178424	-41.0	55.0761195635	-0.000589752045926	-0.00367240142077	-0.000447932688985
-0.0966215373288	-41.0	55.5030923303	-0.000278817780782	-0.00366146164015	-1.62777469086e-05
6.15735143404	-41.0	50.5026633625	0.00504763098434	-0.00368188344873	-0.00385366985574
5.99026164566	-41.0	50.0133620661	0.00487764971331	-0.00377943366766	-0.00423369649798
5.63772601849	-41.0	50.1656740790	0.00461243791506	-0.00376660749316	-0.00414126040414
5.79812146764	-41.0	50.0793628420	0.0047320802696	-0.00377533165738	-0.00419587735087
6.1277850212	-41.0	50.2165577152	0.00500159338117	-0.00373610318638	-0.00407261494547
5.83291413034	-41.0	50.5425332783	0.00479637412354	-0.00368954706937	-0.00384367257357
5.60100235448	-41.0	50.3716275936	0.00459971884266	-0.00373120023869	-0.00398852536455
-9.17174301070	-41.0	56.0629452621	-0.00788859836757	-0.002449961612	0.000814695085865
-8.91341484200	-41.0	56.2130195889	-0.00770423328504	-0.00243052584119	0.000939041376114
-9.37510264008	-41.0	56.1924243005	-0.008036817424	-0.00241075456142	0.000923455809243
-9.28868917609	-41.0	56.4497715779	-0.00797778088599	-0.00235771900043	0.00113794999197
-9.01919848106	-41.0	56.4717540140	-0.0077835554257	-0.00236703339033	0.00115649565123
-5.04261846282	-41.0	54.9106157336	-0.00480186752975	-0.00303679285571	-0.000312127289362
-5.46539123320	-41.0	55.1427492362	-0.0051375948824	-0.00294309435412	-8.05981035228e-05
-5.68474203728	-41.0	54.9291271813	-0.00529781216756	-0.00296022486873	-0.000258885207586
-5.50040328351	-41.0	54.5619350159	-0.00514154043049	-0.00304947327822	-0.000593341945205
-5.20702950377	-41.0	54.6267284889	-0.00491732312366	-0.00306937331334	-0.000554788974114
-5.13992443165	-41.0	55.1489308028	-0.00488693686202	-0.00298056262545	-9.23090847209e-05
-5.64418290970	-41.0	54.7275664126	-0.00525904027745	-0.00300320936367	-0.000438996823505
-6.15197514647	-41.0	62.5118586125	-0.00547366123646	-0.00106341799255	0.00632760440931
-6.59527426253	-41.0	62.4489566632	-0.00583100831136	-0.00106131331995	0.00625076657161
-6.34948960865	-41.0	62.3722366356	-0.00563826505095	-0.00109142402653	0.0062026665546
-6.63863808332	-41.0	62.6777211393	-0.00585589464754	-0.00100096920505	0.00643387483433
-6.40559793279	-41.0	62.8527783041	-0.0056620221585	-0.000964765204117	0.00658890930936
-6.19898506561	-41.0	62.7108479655	-0.00550236692652	-0.00100948649924	0.00648609129712
2.27048602189	-41.0	65.9931725783	0.00176050397567	-0.000181997078471	0.00920432154089
2.42445386696	-41.0	65.7561550745	0.00189338787459	-0.000243112575845	0.00901912897825
2.53258199072	-41.0	66.3725139681	0.00197660294361	-7.38542075851e-05	0.00948579516262
2.81643713688	-41.0	66.2910930698	0.00221513817087	-8.88528011274e-05	0.00941503793001
2.70994180144	-41.0	65.7556031348	0.00213364092633	-0.000236260544625	0.00900969747454
2.87343605081	-41.0	65.9893177476	0.00226699677296	-0.000168595375726	0.00918282289058
2.34893456158	-41.0	66.2110004583	0.00182411354035	-0.000121342578495	0.00936803966761
-9.30831835837	-41.0	52.2984221797	-0.0078963721171	-0.00326725840569	-0.00227033905685
-9.90985213965	-41.0	52.3238504510	-0.00833863019943	-0.00324301235378	-0.00222331052646
-9.82462401688	-41.0	52.0977734094	-0.00826836004853	-0.00329565675929	-0.0024076376576
-9.39227537706	-41.0	52.0646720116	-0.00794935505837	-0.00331567949615	-0.0024536610581
-9.47092210508	-41.0	52.5228370063	-0.00802376680076	-0.00321274227463	-0.00208271015435
-9.62748099411	-41.0	51.9565359101	-0.00811835564673	-0.00333247939125	-0.00252917199396
-9.68464453860	-41.0	52.4738179824	-0.00817869789898	-0.00321657210588	-0.00211274647154
-2.10362944052	-41.0	48.1381326654	-0.0019603788387	-0.00428768061101	-0.00587568711489
-1.67895758848	-41.0	48.3477164820	-0.00160813611001	-0.00425294181332	-0.00573786534369
-1.83893498216	-41.0	48.1352227022	-0.00173672870733	-0.00428974302486	-0.00588433770463
-2.18138001639	-41.0	48.3636790421	-0.00203466974199	-0.00424677366391	-0.00571357272565
-1.79528526652	-41.0	48.5940918410	-0.00171531667002	-0.00420954404399	-0.00556065607816
-2.03284160868	-41.0	48.5672163556	-0.00191654800437	-0.00421232078224	-0.00557326944545
8.33116898989	-41.0	56.4173384369	0.00699682440609	-0.00236496562138	0.00111548567656
8.04894318758	-41.0	56.8037481733	0.00678906217217	-0.00229777349159	0.00144572602585
8.54648892157	-41.0	56.6281367695	0.00715752877295	-0.0023039393127	0.00129647436552
8.54252202421	-41.0	56.9143478017	0.00715526612476	-0.00223964964971	0.0015407265164
8.27954421658	-41.0	56.9804700456	0.00696016568691	-0.00224175816402	0.00159757013898
8.13712006543	-41.0	56.5750266019	0.00685394275934	-0.00234295590781	0.00124952325132
-2.42159401838	-41.0	59.5201063800	-0.00253211217932	-0.00226436881348	0.00404659565538
-2.18932287262	-41.0	59.4850822764	-0.00232207891531	-0.00230513745919	0.0040306057781
-2.21216472022	-41.0	59.0007200456	-0.00237784488127	-0.00248249969445	0.00358768226579
-2.47034151316	-41.0	58.9162808861	-0.00262033310719	-0.00247531710193	0.00349271623418
-2.61124129106	-41.0	59.1628885674	-0.00272965058684	-0.00236776098609	0.00371112441644
-2.08927034130	-41.0	59.2346411545	-0.00224706996232	-0.00241169356741	0.00381085090339
-2.54834854676	-41.0	59.3563641545	-0.00265877135098	-0.0023074792698	0.00389107805677
3.81877912187	-41.0	57.0439345731	0.00353590445593	-0.00276084477082	0.00164469715673
3.55775338183	-41.0	57.4931235500	0.00330796581693	-0.00269774463959	0.00208150129765
3.57582892819	-41.0	57.2324859861	0.00333098066039	-0.00276132370345	0.00182836933527
4.05492440620	-41.0	57.4821566966	0.00371777266264	-0.00260939635336	0.00206225854345
4.05728825711	-41.0	57.2131224342	0.00372705655172	-0.00267625716515	0.0018062449526
3.81330624387	-41.0	57.6495769069	0.00351411662996	-0.00260871718638	0.00222632661462
-2.52154096389	-41.0	64.7815343318	-0.00235105864704	-0.000549654243514	0.00829337351024
-2.93001746029	-41.0	64.9417185803	-0.0026940330863	-0.000499403569847	0.00840469542891
-2.79437171708	-41.0	64.7263353935	-0.00258562527597	-0.000561197753996	0.00824275426567
-2.84751585725	-41.0	65.1102135572	-0.00261865160428	-0.000454222317785	0.00853709783405
-2.71087324411	-41.0	65.2312696471	-0.00249893311411	-0.000422720651841	0.008634169586
-2.47613529380	-41.0	65.1803872486	-0.00230064545758	-0.000439233641373	0.00860123429447
-2.44100216299	-41.0	64.9599670542	-0.00227696215734	-0.000500726280734	0.00843278784305
8.84259198224	-41.0	53.3509913363	0.00728079909459	-0.002994264476	-0.00145380152389
9.28620395778	-41.0	52.9930453394	0.00759005034342	-0.00305117154494	-0.00173528492451
9.02850672975	-41.0	53.5201785862	0.00742690451443	-0.00295035471208	-0.00130947504658
9.03719704621	-41.0	52.9455887863	0.00740317860618	-0.00307093351148	-0.00178047351073
9.26277187701	-41.0	53.4729992539	0.00759769929573	-0.00295036379248	-0.00134260312188
8.89960825651	-41.0	53.1257766731	0.00731115275994	-0.00303891347721	-0.00163701106794
9.38041927125	-41.0	53.2294843974	0.007672265172	-0.00299743539654	-0.00153975177091
2.32985491589	-41.0	61.9473927757	0.0019386226777	-0.00139235390816	0.00607756199315
2.62492045763	-41.0	61.6143825617	0.00221829395741	-0.00148561794776	0.00579494610429
2.76788978668	-41.0	62.0985407389	0.00231513264589	-0.00131762446836	0.00617503933609
2.49169061280	-41.0	62.1407160866	0.00207105674781	-0.00131953309756	0.00622301362455
2.83084148981	-41.0	61.8339977977	0.00238553551026	-0.00139965617564	0.00596006214619
2.41526577891	-41.0	61.7263080181	0.00202644569799	-0.00146145757753	0.0058965194039
-8.86292847043	-41.0	60.1394804939	-0.00765936402604	-0.00153151201084	0.00422716140747
-8.44307100717	-41.0	59.7745187700	-0.00734970811754	-0.00163714762311	0.00394320674241
-8.56484582548	-41.0	60.1975874057	-0.00743338931352	-0.00153083715122	0.00428959773853
-8.91237339718	-41.0	59.7361510442	-0.00770245818421	-0.00162403157447	0.00389055465348
-8.64530495636	-41.0	59.6632080057	-0.00750340148807	-0.0016535804607	0.00384159013629
-8.36813224958	-41.0	59.9828569268	-0.00728918239474	-0.00159124843776	0.00412029260769
-8.95157447575	-41.0	59.9644172368	-0.00772873219103	-0.00156884407625	0.00407801941037
3.44163943791	-41.0	46.6162332472	0.00263762404211	-0.00449861818925	-0.00680146552622
3.35120639852	-41.0	47.0869017426	0.00258346949704	-0.00440971320495	-0.00648401957005
3.62969023664	-41.0	46.6752751585	0.00278758537024	-0.00448203226551	-0.0067489463836
3.75282725827	-41.0	46.8203163248	0.00289005879313	-0.00445036869496	-0.00664144568145
3.71913920276	-41.0	47.0231187262	0.00287244375795	-0.00441195070744	-0.00650438200682
3.30676491862	-41.0	46.8281001090	0.00253839092329	-0.00446079252288	-0.00666464678943
3.54121611805	-41.0	47.1382409313	0.00273671979085	-0.00439470726997	-0.00643666880205
-5.597881806	-41.0	47.9175943636	-0.00481400778517	-0.00428502354771	-0.00587854068726
-5.82189915447	-41.0	47.7997314178	-0.00498438533396	-0.00430618459359	-0.005953527987
-6.10673329249	-41.0	48.1402452032	-0.00523060001433	-0.00423085456714	-0.00568596227095
-5.71641395121	-41.0	48.3069139127	-0.00493235467002	-0.00420320220292	-0.00558417849243
-5.55660253683	-41.0	48.1419987385	-0.00479507585987	-0.00423964625224	-0.00571526400745
-6.05742871865	-41.0	47.8880320637	-0.00517596211284	-0.00428431807086	-0.00587577791885
-5.91244622751	-41.0	48.2645118793	-0.00508501147851	-0.00420840969309	-0.00560450321063
0.873808615381	-41.0	45.9380455540	0.000564883113839	-0.00468891160563	-0.0073873270303
0.614750313003	-41.0	45.8938562494	0.00035373060382	-0.00470172986388	-0.00742476573214
0.484088106983	-41.0	46.0455649113	0.000245440518484	-0.004672893323	-0.00732462434098
0.686675695268	-41.0	46.4161311730	0.000409219937865	-0.00459638750181	-0.00706646824256
0.932361932219	-41.0	46.3199163535	0.000611277297139	-0.00461160065606	-0.00712512526661
0.462937252828	-41.0	46.2336729791	0.000226412928896	-0.00463556591421	-0.00719674257562
0.945394773404	-41.0	46.1259304491	0.000622475054115	-0.0046499739401	-0.00725707691163
8.81304567728	-41.0	61.4783223930	0.0072425743565	-0.00113675137982	0.00536935171112
8.82868696998	-41.0	61.0288259168	0.00727266166359	-0.00124649750069	0.00499927159399
8.46154804714	-41.0	61.2896430884	0.00697998981923	-0.00119796209037	0.00522721279413
8.57405433838	-41.0	61.4750472914	0.00705869868398	-0.00114719965495	0.005375363864
8.88140357187	-41.0	61.2488024157	0.00730437459424	-0.00119042722508	0.00517848785967
8.5758637478	-41.0	61.1473181816	0.00707392627373	-0.00122818967793	0.00510589079931
-3.64367765070	-41.0	62.6709054482	-0.00339660723694	-0.00113137997687	0.00659863976762
-3.5255806711	-41.0	62.1691626899	-0.00332354358397	-0.00128800584935	0.00620304280892
-3.84928286740	-41.0	62.4443928989	-0.00358305522241	-0.00118921312969	0.00640622340143
-3.75085078827	-41.0	62.1982407679	-0.00351353455335	-0.00126755109522	0.00621371436864
-3.44481289651	-41.0	62.3940139131	-0.00324200699106	-0.00122351315804	0.00638802768663
-7.83886771099	-41.0	49.9891409121	-0.00668631773442	-0.00380674656481	-0.00417753215879
-7.98672477967	-41.0	50.1550509957	-0.00680809095502	-0.00376775301993	-0.00403972528875
-7.50930750458	-41.0	50.2679839322	-0.00645094783977	-0.00375724001788	-0.00398097932339
-7.88064993600	-41.0	50.3482088518	-0.00673835305497	-0.00372974132188	-0.00389544875361
-7.65830397507	-41.0	50.3893356710	-0.00657157460228	-0.00372753944248	-0.00387699180283
-7.60203431396	-41.0	50.0606400910	-0.00650980649516	-0.0037979062181	-0.00413642125204
3.95349749962	-41.0	63.8064878870	0.00323748611845	-0.000742088770494	0.00745872082189
4.51156853526	-41.0	63.6994395481	0.0037067362573	-0.000748484802898	0.00734813744202
4.02650052692	-41.0	63.4854453114	0.00331379449926	-0.000831006094813	0.00720421271399
4.18505340561	-41.0	63.9724527633	0.0034230821766	-0.000685409177095	0.00757717853412
4.28035449605	-41.0	63.4555126436	0.00352702685632	-0.000827984826174	0.0071680797264
4.3866254014	-41.0	63.8985971434	0.0035938040819	-0.000697864801623	0.00751001993194
-3.26799823511	-41.0	52.7415758214	-0.00320824538358	-0.0035568322055	-0.00233840500005
-3.56353418007	-41.0	52.7140630236	-0.00345941958949	-0.00353568093851	-0.00233528343961
-3.43597800613	-41.0	53.1999471586	-0.00338569656014	-0.00348433945328	-0.00194073980674
-3.22826820770	-41.0	53.0650158014	-0.00319724227302	-0.00352088734508	-0.00207291333936
-3.56374008600	-41.0	52.9733371811	-0.00347821600735	-0.00350138382055	-0.00211992254481
-0.154387121166	-41.0	65.8823609785	-0.000301598891383	-0.000249055941822	0.00916163343936
0.116643133079	-41.0	65.4222742280	-7.18004375813e-05	-0.000374808500055	0.00881084799767
0.0348845358437	-41.0	65.9007423267	-0.000139614989166	-0.000242522146436	0.00917464494705
-0.106274083672	-41.0	65.5251611868	-0.000262795365416	-0.000347700930433	0.00889017805457
0.235005117275	-41.0	65.6867461926	3.06870933855e-05	-0.000299765175441	0.00901072472334
-0.222976189504	-41.0	65.7013768852	-0.000361679616617	-0.000299433770124	0.00902441330254
7.27667084948	-41.0	59.0436913191	0.00616703229025	-0.00182691367809	0.00338454730809
6.88184688271	-41.0	59.3690589415	0.00585213676095	-0.00177640840411	0.0036755099427
7.24786487867	-41.0	59.2776882967	0.00613602483645	-0.0017709445674	0.00358559587039
6.78542367714	-41.0	59.0733492579	0.0057909716852	-0.00185916328337	0.00342447520234
7.08701029098	-41.0	58.8660148506	0.00602932134643	-0.00188588281162	0.00323709170334
7.11233657921	-41.0	59.4388667225	0.00602575717494	-0.00174077460542	0.00372752267867
6.93314536409	-41.0	58.9395380418	0.0059093083255	-0.00188028346747	0.00330470898189
-6.26645516417	-41.0	52.5967598301	-0.00563025148585	-0.00335117103532	-0.00220866478048
-6.66270252553	-41.0	52.7983690203	-0.00594481360167	-0.00328765017912	-0.00201469124295
-6.79961065632	-41.0	52.4225875640	-0.00602936325595	-0.00335283880122	-0.00231356406584
-6.58661313339	-41.0	52.2760862434	-0.00585850281641	-0.0033933185041	-0.00244781444781
-6.32003538732	-41.0	52.3631723764	-0.0056583234109	-0.00339209241793	-0.00239605922252
-6.44980915245	-41.0	52.7882629094	-0.0057816808112	-0.00330304936506	-0.00203776848502
-6.76541390936	-41.0	52.6088732789	-0.00601314939559	-0.0033183649648	-0.00216351076961
-3.39166952569	-41.0	57.0873288488	-0.00351630127989	-0.00286142877303	0.00168499862775
-3.48536666999	-41.0	57.3447945931	-0.00358879379928	-0.00277882465161	0.00193649658468
-3.48514336687	-41.0	56.8231431015	-0.00359766068868	-0.00290567683987	0.00142539362423
-3.72496788304	-41.0	57.3688447894	-0.00378632289357	-0.00272853462957	0.00195643352345
-3.73642675598	-41.0	56.8869695590	-0.00380463385954	-0.00284362421371	0.00148933765013
-3.83631626984	-41.0	57.1328796059	-0.0038827850949	-0.0027671889402	0.00172748835757
-3.53438148468	-41.0	46.0146233119	-0.00304686278105	-0.00469834543765	-0.00733222300187
-3.13523710300	-41.0	46.6025562035	-0.00275074783713	-0.0045775109902	-0.00692912796512
-3.60886086848	-41.0	46.3341632839	-0.00312333344482	-0.00463106576353	-0.00710475072265
-3.26245785093	-41.0	46.0686629526	-0.00282898172736	-0.00468748249114	-0.00730107165873
-3.41682844063	-41.0	46.5941086183	-0.00298022991046	-0.00457811029628	-0.0069269281812
-3.02505608268	-41.0	46.3577255405	-0.00264926394448	-0.00462791882455	-0.00710399309173
9.87377873177	-41.0	58.3261427076	0.00813435763121	-0.00184591719881	0.00271996622905
10.4478003377	-41.0	58.2876649751	0.00856258533895	-0.00183284655213	0.00267669209279
9.91145227379	-41.0	58.0695921894	0.00816507637501	-0.00190368294716	0.00250433548354
10.2686126715	-41.0	58.5093305299	0.00842672586441	-0.00178803713061	0.00286519783549
10.0238065138	-41.0	58.5084632530	0.00824399571866	-0.00179753405973	0.00286954897456
10.1075173864	-41.0	57.9839553575	0.0083115696907	-0.00191545195412	0.00242929812521
10.2952428063	-41.0	58.0868611738	0.00845049414784	-0.00188458478078	0.00251204427332
6.56329670397	-41.0	48.3237115180	0.00518040731549	-0.00408269744366	-0.00544462865219
6.34982673979	-41.0	48.1671076434	0.00500297965482	-0.0041186818853	-0.00556384027004
6.53579602258	-41.0	47.7458159381	0.00510810362175	-0.00419694650918	-0.00585630955175
6.82818415876	-41.0	48.2547528740	0.00537666166201	-0.00408990494907	-0.00548605062068
6.90822550543	-41.0	48.0141531109	0.00541568547487	-0.00413582520559	-0.00565685052425
6.78042393021	-41.0	47.7990389278	0.00529895164073	-0.00418115686625	-0.00581306871027
6.32266968035	-41.0	47.9099331929	0.0049597513862	-0.00416965270415	-0.00574685959145
6.43105891885	-41.0	52.4876275686	0.0054105790332	-0.00330144702457	-0.00227250438184
6.56877181311	-41.0	52.7468627755	0.00553431501612	-0.00324398069642	-0.00205230270512
6.22356424303	-41.0	53.1050576008	0.00529174786061	-0.00320244207978	-0.0017788328696
6.15863731943	-41.0	52.4512690169	0.00519690429792	-0.00332641112618	-0.00231991359033
6.04127765995	-41.0	52.8718769140	0.00513485539705	-0.00325878849253	-0.00198377738707
6.4916447662	-41.0	52.9910847435	0.00549104763195	-0.00320365605876	-0.00185619259719
6.03663761576	-41.0	52.6402955090	0.00511523941532	-0.00330085097812	-0.00217416323721
8.15116943510	-41.0	49.9809488501	0.00653050513938	-0.00371199380606	-0.00416087079793
8.48184253524	-41.0	50.0761433840	0.00678662210703	-0.00368404504843	-0.00407806038857
8.40790188934	-41.0	49.3932234691	0.00667237769812	-0.00382661283948	-0.00460316473618
8.09536295664	-41.0	49.4856195834	0.00644602067769	-0.00381430587731	-0.00454047648236
8.64000580308	-41.0	49.8248724502	0.00688372598961	-0.00373238162138	-0.00426768045872
7.98875641275	-41.0	49.7387524987	0.00638770638034	-0.00376542494632	-0.00435104360804
8.57050944574	-41.0	49.6013941899	0.00681243045256	-0.00378023507074	-0.00444074952975
7.57848315856	-41.0	63.5994994453	0.00618430413306	-0.000648843299132	0.00713365385309
7.04128379008	-41.0	63.6621615196	0.00575617933646	-0.000652057875413	0.00720466533676
7.34476984030	-41.0	63.7734692784	0.00599155807868	-0.0006121477345	0.00728136161342
7.51358214964	-41.0	63.3473217201	0.00614490732551	-0.000716001959518	0.00693452404812
7.03420334705	-41.0	63.3974478276	0.00576335191727	-0.000721326039638	0.00699387863278
7.25595194613	-41.0	63.3143858904	0.00594304362312	-0.00073423946742	0.00691843498498
3.35026682153	-41.0	49.6421743663	0.00271542207338	-0.00395594537258	-0.00468636816368
3.94129636806	-41.0	49.7404451971	0.00321178277954	-0.00391531130299	-0.00457354774699
3.52907290266	-41.0	49.4346449339	0.00285138958134	-0.00398310553282	-0.00482415547594
3.76993558587	-41.0	49.5136071807	0.00305547332391	-0.00396037986502	-0.0047504901886
3.76166890214	-41.0	49.9062731351	0.00307461852208	-0.00389565294608	-0.00446510501206
3.52266073325	-41.0	49.8280692492	0.00287084304728	-0.00391868967563	-0.00453927880153
10.0164365831	-41.0	56.3750256383	0.00824083294719	-0.00228486978449	0.00108189112507
9.60921109655	-41.0	56.0235687339	0.00793594587594	-0.00238121720031	0.000787305936683
9.77424464711	-41.0	56.4683776448	0.00806322135031	-0.00227429787628	0.00116102665197
9.56132925610	-41.0	56.2838909283	0.00790421571583	-0.00232540722936	0.00100620451849
10.0280276090	-41.0	56.0623812082	0.00824507977813	-0.00235436763614	0.000820022134576
9.80963092004	-41.0	55.9731168542	0.00808278098702	-0.00238345866092	0.00074526440585
3.19848284594	-41.0	60.5361239034	0.00279520312324	-0.00179953791667	0.00487013161182
3.23106266493	-41.0	60.2794749901	0.00284299394116	-0.00188161921687	0.00464986125007
2.95772262976	-41.0	60.5716340030	0.00258234096691	-0.0018111000536	0.00491594616324
2.98685545346	-41.0	60.1069645882	0.00264336261898	-0.00196662335657	0.00451834825799
2.79104943915	-41.0	60.3289042561	0.00245354953222	-0.00191118009388	0.00472162710503
-8.46925775126	-41.0	55.3608265580	-0.00737053342164	-0.00264374539256	0.000216217405978
-8.23366490654	-41.0	55.4679022026	-0.00720164831728	-0.00263490038924	0.000301575288177
-7.92846375217	-41.0	55.1257898022	-0.00697285030037	-0.00272857490927	3.84297482015e-06
-8.34246855456	-41.0	54.8887610706	-0.00726896105334	-0.00275349942967	-0.000184042088222
-8.51823507918	-41.0	55.0978426921	-0.00740098953247	-0.00269802869298	-3.73626494365e-06
-8.03781655717	-41.0	55.3502902887	-0.00705713266507	-0.00267302733846	0.000197331537493
-8.06141957858	-41.0	54.8980132405	-0.007064611651	-0.00276870885864	-0.000184829885256
-6.65497098344	-41.0	57.9157906850	-0.00604793336242	-0.00220679910854	0.00241248984821
-6.65017820384	-41.0	57.4221623428	-0.00605150638148	-0.00232378859073	0.00197832705453
-6.44431486303	-41.0	57.3964710849	-0.00589809380472	-0.0023496793583	0.00195712875575
-6.83018424730	-41.0	57.6236652583	-0.00618324009702	-0.00226012826897	0.00215365295298
-6.46258691521	-41.0	57.8271996695	-0.00590533483773	-0.00224602548406	0.00233781989664
-6.36717391619	-41.0	57.6074485193	-0.00583749776706	-0.0023077102378	0.00214479770511
2.47733418426	-41.0	56.9449591977	0.00238238717429	-0.00306592602283	0.0015470784856
2.48111464414	-41.0	56.3628576102	0.00238633644767	-0.0031923467759	0.000950163637754
2.27168787687	-41.0	56.8080143694	0.00219422392547	-0.00314512709156	0.00140534993261
2.69418899808	-41.0	56.7640442093	0.00258004199713	-0.00306016393006	0.00136335322168
2.71290255874	-41.0	56.4791961428	0.00259664305486	-0.00311750592664	0.00107447931077
2.26460829689	-41.0	56.5338678150	0.00218777172267	-0.00320685468614	0.00112112460192
5.06992468596	-41.0	54.8028248477	0.00449060183018	-0.00301092420705	-0.000397816445911
5.28308709646	-41.0	54.6473916609	0.0046502458863	-0.00301306787878	-0.000522312708199
5.25035884412	-41.0	54.3899323083	0.00461113220081	-0.00306295137852	-0.000750517880078
4.84951470343	-41.0	54.6857144035	0.00431050313637	-0.00305960769765	-0.000516212370712
4.7932082826	-41.0	54.3926457968	0.00424935808405	-0.00311671034433	-0.000779765949119
5.04600404962	-41.0	54.3233163468	0.00444626854733	-0.00309812370688	-0.000822712783702
0.0525342831838	-41.0	51.5279621086	-0.000128380110255	-0.00381501787342	-0.0034535988234
-0.186289297335	-41.0	51.9663116587	-0.000352264789399	-0.00377810769714	-0.00312099931762
-0.455580922452	-41.0	51.8089984525	-0.000603740278166	-0.00378992292099	-0.00323932012543
-0.197956552626	-41.0	51.3931990190	-0.000360392907169	-0.00382914626971	-0.00355547270738
-0.4342127818	-41.0	51.5481928004	-0.000580486492254	-0.00381359411404	-0.00343740987591
0.0393649781369	-41.0	51.7912999828	-0.000139965486596	-0.00379158742726	-0.00325440568849
0.964605254848	-41.0	64.0642860210	0.000667695421726	-0.000761138857342	0.00776725588366
0.70541036465	-41.0	64.0376229461	0.000441388954641	-0.000773547159042	0.00775142665952
0.961583814479	-41.0	64.5234014983	0.000659919867758	-0.000623689207714	0.00811731629074
0.726617287746	-41.0	64.4935855519	0.000456308684079	-0.00063617923297	0.00809856224805
1.03475043526	-41.0	64.2874325826	0.000726036378182	-0.000692591187544	0.00793612282723
0.660115035806	-41.0	64.2712023518	0.000399978423957	-0.000703500641976	0.00793019961566
0.627963508547	-41.0	57.8783589758	0.000506440876052	-0.00311228493229	0.0025537838228
1.03163542547	-41.0	58.1510591200	0.000924109015614	-0.00296410638839	0.0028244710993
0.529238914708	-41.0	58.3039828883	0.000391375331674	-0.00295225391164	0.00299217319116
0.951435932476	-41.0	57.8692546830	0.000850293785334	-0.00308056012727	0.00253737880848
0.814780611648	-41.0	58.3319741084	0.000691437569913	-0.00291693466716	0.00301315262914
0.452858829662	-41.0	58.1020328329	0.000314013363095	-0.003039075993	0.00278840074316
-4.94880665550	-41.0	63.2963327838	-0.00445660483092	-0.000901368563063	0.00702705932781
-4.96027417982	-41.0	63.5540151220	-0.00445398176089	-0.00083103479119	0.00723149580881
-5.21092037796	-41.0	63.1912523097	-0.00467735622078	-0.00092025793856	0.00692877732217
-5.41738074114	-41.0	63.5789401513	-0.00482875714079	-0.000809432356618	0.00722688669339
-5.20681454048	-41.0	63.6915524197	-0.00465091364458	-0.000786201155279	0.00732771027833
-5.39063711173	-41.0	63.3820354840	-0.00481575494632	-0.000862643821165	0.00707132136449
-1.71172227302	-41.0	57.9527505884	-0.00196586665697	-0.00294405478053	0.00259756180458
-1.33870442438	-41.0	58.2170570965	-0.00158209959045	-0.00290708756074	0.00287962285802
-1.16420201365	-41.0	58.0002102313	-0.00141323823482	-0.00301285972819	0.00266605545767
-1.61477008451	-41.0	58.1674194351	-0.00185989856254	-0.00288384617306	0.0028180538211
-1.53686919041	-41.0	57.7474439031	-0.00180158147123	-0.00304474262521	0.00239332742058
-1.25055922538	-41.0	57.7818287238	-0.00151012802962	-0.00307907513343	0.00243774265982
-9.84282054515	-41.0	54.5511255934	-0.0083470530808	-0.00275232363492	-0.000425098027335
-10.0593384609	-41.0	54.7184058535	-0.00850619748235	-0.00270628090948	-0.000284092209768
-9.55287353629	-41.0	54.8536498168	-0.00814365688711	-0.00269832392223	-0.000183317693882
-10.0132100453	-41.0	55.0160401682	-0.00847798865288	-0.00264220545068	-4.19193420385e-05
-9.62763653893	-41.0	54.6717637771	-0.00819414481521	-0.00273499335162	-0.000331172981532
-9.72249649775	-41.0	54.9904068983	-0.00826827157289	-0.00266052572988	-6.76629424561e-05
5.24262838156	-41.0	59.5100396405	0.00456610275432	-0.00189244467765	0.00386325828731
5.01176291485	-41.0	59.4170632929	0.00438763666898	-0.00194370152894	0.00379320373759
4.74884711016	-41.0	59.7824482544	0.00415170378983	-0.00186858698726	0.00412578275427
5.22258147747	-41.0	59.7933607512	0.00453233718872	-0.00181555957533	0.00411013420671
4.94184101396	-41.0	59.9238787539	0.00429827114567	-0.00180735124741	0.00423758104444
4.85192691296	-41.0	59.5898280660	0.00424806028605	-0.00191268115304	0.00395249389112
-4.31827314576	-41.0	60.7076207515	-0.00408295728266	-0.00167866551783	0.00494912359864
-4.78407196869	-41.0	60.8935156161	-0.00445435661823	-0.00158693187404	0.00507635436952
-4.67804809958	-41.0	60.4594207394	-0.00439487071708	-0.00172136432957	0.00471576070413
-4.47335738592	-41.0	60.9066812300	-0.00419832812622	-0.00160697265528	0.00510691525415
-4.44873060255	-41.0	60.4805690530	-0.00420555286109	-0.00173515547067	0.00474814930931
-4.78659736122	-41.0	60.6597028723	-0.00447087688372	-0.00165422528517	0.00487907137722
1.98967715810	-41.0	50.9606604160	0.00161955319345	-0.0038215124514	-0.00380711583421
1.55090119207	-41.0	50.9585246545	0.00122855801601	-0.00383943156339	-0.00383303547278
2.03812429245	-41.0	51.2100870904	0.00167520344257	-0.00378863094375	-0.00361730949953
1.67511760963	-41.0	51.3210253960	0.00135566899553	-0.00379222701304	-0.00355544709601
1.57165968700	-41.0	51.1647815665	0.00125567358918	-0.00381430541165	-0.00367826828733
1.74782395696	-41.0	50.8264357177	0.0013987297425	-0.0038482779637	-0.00392065616325
1.85513026123	-41.0	51.3222107506	0.00151750619989	-0.00378401856869	-0.00354411685839
-3.77876554148	-41.0	54.6706688337	-0.00377531140111	-0.00324537279084	-0.000617012090515
-3.27822394181	-41.0	54.9776745361	-0.00337212253362	-0.00327809387818	-0.000371283560526
-3.42423385349	-41.0	55.2191893831	-0.0035090832971	-0.0032186799217	-0.00013325396867
-3.86076514953	-41.0	54.9419627240	-0.00385830271989	-0.00319192209281	-0.000361857615644
-3.68531770227	-41.0	55.2132352764	-0.00372713757679	-0.00317639252171	-0.000121418568597
-3.54866280538	-41.0	54.6327094841	-0.0035807476379	-0.00328427972272	-0.000669874367304
-3.37851926485	-41.0	54.7659080519	-0.00344496662728	-0.00329138105735	-0.000560821965337
-10.6931957495	-41.0	57.7955907604	-0.00901307351887	-0.00199269293807	0.00222341017798
-10.9492055144	-41.0	57.3450369583	-0.00919202622026	-0.00208280235529	0.00184941850603
-10.9734848719	-41.0	57.6169111409	-0.00921464152634	-0.00202145427465	0.00206881482154
-10.5373394352	-41.0	57.3133181968	-0.00889202859253	-0.00210679112934	0.00183486123569
-10.4991139160	-41.0	57.5870373536	-0.00886844471097	-0.00204709242098	0.0020593625959
-10.7632023618	-41.0	57.1976685310	-0.00905413832515	-0.00212326901965	0.00173502753023
-5.41113314322	-41.0	65.7683308192	-0.00474078534171	-0.000246108422289	0.00895337574184
-5.65263036026	-41.0	65.6108842300	-0.00494455639273	-0.000282070745016	0.00881941616535
-5.16723361190	-41.0	65.6888089380	-0.00454198103398	-0.000269338983344	0.00890146289021
-5.58009325868	-41.0	65.3366963986	-0.00489384215325	-0.000351797963958	0.00860743690282
-5.10932668960	-41.0	65.4205374864	-0.00450294697657	-0.000338099373039	0.00869408249855
-5.32842477109	-41.0	65.2338489228	-0.00469017028809	-0.00038198128459	0.00853814277798
-0.943075120405	-41.0	46.1476571500	-0.000930543930735	-0.00466667441651	-0.00727394642308
-1.07734754053	-41.0	46.5544242939	-0.00105198542587	-0.00458644749597	-0.00699416315183
-1.32669368634	-41.0	46.5630471429	-0.00125888246112	-0.0045858300291	-0.00698745343834
-1.50596145462	-41.0	46.3649499077	-0.00140119099524	-0.00462584942579	-0.0071232332848
-1.43330788541	-41.0	46.0991783732	-0.00133301899768	-0.00467916531488	-0.00730700138956
-1.15088959564	-41.0	46.0071673665	-0.00109791918658	-0.00469640735537	-0.00737081700936
-0.970833278281	-41.0	46.3739987737	-0.000959179073106	-0.00462154438719	-0.00711839646101
-1.49905083819	-41.0	53.9753021723	-0.00168010441121	-0.00361711694859	-0.00143057515379
-1.71790573730	-41.0	53.8300032890	-0.00188197148964	-0.00360316550359	-0.00154336239211
-1.54311313759	-41.0	54.2118496723	-0.0017365879612	-0.00360178924166	-0.00121586304158
-1.95602130603	-41.0	53.9267170279	-0.00211359001696	-0.00357230659574	-0.00144062913023
-1.76265191968	-41.0	54.2731194179	-0.00195235328283	-0.00357345864177	-0.00114481279161
-1.97079803667	-41.0	54.1587134558	-0.0021428912878	-0.00355528946966	-0.00123259483371
4.96992337996	-41.0	65.5124399856	0.0040120058693	-0.00023469691223	0.0087385782972
5.02196481404	-41.0	65.7697951565	0.00404718518257	-0.00016419061285	0.00893553905189
4.81539713110	-41.0	65.9364664383	0.00387442391366	-0.000126328479382	0.00907193962485
4.53956189727	-41.0	65.7133870556	0.00365420617163	-0.00019471795531	0.00891042873263
4.71484681586	-41.0	65.4601320268	0.00380494887941	-0.000257129810052	0.00870815012604
4.65580760868	-41.0	65.8821297712	0.00374525156803	-0.000145863203215	0.00903605297208
4.91235187405	-41.0	50.9823476376	0.00409667659551	-0.00366038898937	-0.00357257318683
4.95648046173	-41.0	51.5503670654	0.00417640898377	-0.00356317171827	-0.00312856980599
4.70940127671	-41.0	51.4058994159	0.00396480457857	-0.00360261835158	-0.00326100364327
4.69028452026	-41.0	51.1024024073	0.00392579799518	-0.00365324318409	-0.00349740800448
5.13748513347	-41.0	51.4022320756	0.00431072758511	-0.00357652292587	-0.00323042226955
5.07595669892	-41.0	51.1853931445	0.00424440111965	-0.00361682265066	-0.00340366386808
6.88020139146	-41.0	56.8491670618	0.00591648416594	-0.00238414411433	0.00148036354221
6.96465517844	-41.0	57.3110812650	0.00597630441189	-0.00227038841695	0.00188598793466
6.46886330934	-41.0	57.0803613676	0.00560506572947	-0.0023724003695	0.00168288289569
6.94141408801	-41.0	57.0651560967	0.00596127938479	-0.00232922891155	0.00167029059958
6.63007942035	-41.0	56.9022836907	0.00572805432603	-0.00239654327743	0.00152579066344
6.73379913535	-41.0	57.3905558980	0.00580134615302	-0.00227376655675	0.00195666449144
6.52910373163	-41.0	57.2946642235	0.00564810773358	-0.00231656990945	0.00187272485346
-3.76588375725	-41.0	48.0909966855	-0.0033434049692	-0.00427836319432	-0.00584623310715
-3.65063736757	-41.0	48.3103387652	-0.00326030189171	-0.0042384522967	-0.00569330947474
-3.99596471812	-41.0	48.5027173601	-0.00355528108776	-0.00419646734372	-0.00553634017706
-4.09974494658	-41.0	48.2550802874	-0.00362633541226	-0.00424184137955	-0.00571110611781
-3.78171518563	-41.0	48.4898122065	-0.00337822549045	-0.00420266389847	-0.00555681250989
-3.95129272643	-41.0	48.0125807565	-0.00349124218337	-0.00429083546624	-0.00589407980442
-8.60680240168	-41.0	63.0814644609	-0.00739760138094	-0.000841967004817	0.00664688693359
-8.14253802660	-41.0	63.2776014639	-0.0070271436125	-0.000805988674983	0.00683202082291
-8.42075433307	-41.0	63.3090645018	-0.0072456416674	-0.000791997590568	0.00684132473543
-8.09550019753	-41.0	63.0240936619	-0.00699731241912	-0.000868270348292	0.00663015665486
-8.53046394617	-41.0	62.8318121486	-0.00734397396445	-0.000903209147509	0.00644949451089
-8.27618058847	-41.0	62.8061704309	-0.00714544160292	-0.0009159615729	0.00644347537309
-5.82164428926	-41.0	60.9754166140	-0.00528560532257	-0.00149007956497	0.00508252950385
-6.07388997566	-41.0	61.0387071802	-0.00548252929002	-0.00145687058102	0.00512079102919
-6.25272398490	-41.0	60.8351517529	-0.00563354603946	-0.00149935891386	0.00494045764208
-6.18560874984	-41.0	60.6494380834	-0.00558964908123	-0.00155269063544	0.00478832609951
-6.01427909997	-41.0	60.5856121123	-0.00545797636732	-0.00158139842097	0.00474409712479
-5.87239374762	-41.0	60.7439441419	-0.00533789023757	-0.0015489696525	0.00488546397537
-1.39785030224	-41.0	55.7667605771	-0.00166716251988	-0.00351799349301	0.000290240219329
-1.95013242512	-41.0	55.9702581992	-0.00222025834955	-0.00339012476616	0.000524098810274
-1.85302490685	-41.0	55.6751248596	-0.00211623567156	-0.00344839482568	0.000216595159145
-1.58732523139	-41.0	55.5854330899	-0.00185150746256	-0.00350565370172	0.000111740424472
-1.41179818775	-41.0	56.0154005258	-0.00168830098119	-0.00348449964076	0.000551421020646
-1.64062425325	-41.0	56.1194567873	-0.00192122533917	-0.00342784496024	0.000668588967528
7.07892618825	-41.0	51.4950067014	0.005837041419	-0.00345187704079	-0.00302946288139
7.43591563528	-41.0	50.9910762248	0.00607101153582	-0.00353388767689	-0.00340729393065
7.14067414824	-41.0	50.9829977539	0.00584529712796	-0.00354775926098	-0.00342805846594
6.96318207473	-41.0	51.2385532332	0.00572905829176	-0.00350656989031	-0.00323764560744
7.39737983545	-41.0	51.4852726375	0.00607907446101	-0.00343879708089	-0.00302067329176
7.53750304873	-41.0	51.2674177928	0.00616922229528	-0.00347538874485	-0.00318582518958
-2.12562216724	-41.0	66.5527955665	-0.00196985853836	-7.33801352908e-05	0.00966015737504
-2.42304286027	-41.0	67.1184591375	-0.00220927083865	7.26687067072e-05	0.0100891757756
-2.08490586057	-41.0	67.0015678946	-0.00192646100186	4.26253609476e-05	0.0100044636056
-2.36194758612	-41.0	66.4903728379	-0.00217106635682	-8.90434748726e-05	0.00960839726031
-2.56501020715	-41.0	66.6660110354	-0.00233860500157	-4.28538114647e-05	0.00973938126117
-2.56243345805	-41.0	66.8894461408	-0.00233150878921	1.45223475556e-05	0.00991098210216
-2.06726236554	-41.0	66.7585995206	-0.00191630690824	-1.99713140319e-05	0.00981859117746
10.0526593494	-41.0	52.0480712798	0.00810016319156	-0.00322884111665	-0.0024855050724
10.4074311064	-41.0	51.5764139923	0.00833105389029	-0.00332309561782	-0.00285946298391
9.98568455336	-41.0	51.8025167867	0.00803475361317	-0.00328330532648	-0.00268377247266
10.5327215789	-41.0	51.8414910724	0.00844113528728	-0.00326297152787	-0.00264579500072
10.3226960789	-41.0	52.0635739521	0.00830040778965	-0.00321910041384	-0.00246939412318
10.1370144100	-41.0	51.6395661319	0.00813562609255	-0.00331493723206	-0.00281208241358
-7.45182781833	-41.0	64.4565897909	-0.0064429291524	-0.000535892730113	0.0078161591664
-7.41458052121	-41.0	64.0590970645	-0.0064251772128	-0.000633279792964	0.00750079192221
-7.15236263170	-41.0	64.0203780986	-0.00621633837	-0.000648616522085	0.00748434849083
-7.20137042521	-41.0	64.5659451662	-0.00623827753589	-0.000513967010193	0.0079168016091
-6.96376830217	-41.0	64.4555871547	-0.00605029892176	-0.00054558890406	0.00784168578684
-6.94142074561	-41.0	64.2058106758	-0.00604058010504	-0.000607646943536	0.00764393154532
-7.51940372334	-41.0	64.2448902208	-0.00650340504944	-0.00058591918787	0.0076434998773
8.80637022113	-41.0	54.6762949235	0.00731112854555	-0.00271570007317	-0.000353669805918
8.93407385947	-41.0	55.2007266755	0.00742129655555	-0.00259587168694	8.92865064088e-05
8.56739467071	-41.0	54.7620118021	0.0071374042891	-0.00271057337523	-0.000286892754957
8.67469572219	-41.0	55.2583513216	0.0072313551791	-0.00259781838395	0.000133772016852
9.01497761540	-41.0	54.8235880444	0.00746993161738	-0.0026731940452	-0.000226193646085
8.51436157078	-41.0	55.0214426391	0.00710633955896	-0.00265822303481	-6.9360510679e-05
9.03930718482	-41.0	55.0192366892	0.00749384285882	-0.00262969499454	-6.16846373305e-05
-9.01572922198	-41.0	58.3399955447	-0.00778999458998	-0.0019432620611	0.00272311456501
-8.51718720866	-41.0	58.0768165415	-0.00742477178574	-0.00203126645647	0.00251460005529
-8.70351011796	-41.0	57.9003378795	-0.00756182381883	-0.00206117099151	0.00236170785502
-8.60083809785	-41.0	58.3002429687	-0.00748514896259	-0.00197474169545	0.00270102010109
-9.07485284488	-41.0	58.1218875486	-0.00783355999738	-0.00199032668024	0.00253912666813
-8.80325396950	-41.0	58.3869739624	-0.00763363344595	-0.00194352294784	0.00276844552718
-8.91800231875	-41.0	57.9600668432	-0.00771871674806	-0.00203563272953	0.00240733241662
-0.254274926481	-41.0	53.7367516267	-0.00043200145592	-0.00369536015205	-0.00168969808146
-0.24748611058	-41.0	53.1451830028	-0.000419470074121	-0.00371053977869	-0.00218716775998
-0.0270411708862	-41.0	53.5758848886	-0.000202000912395	-0.00369950942695	-0.00182847562246
-0.459302350834	-41.0	53.2880538495	-0.000630330643617	-0.0037024281919	-0.00206604483537
-0.480670491486	-41.0	53.5488595016	-0.000656650518067	-0.00369447655976	-0.00184657063801
-0.051327948582	-41.0	53.3066978328	-0.000226116317208	-0.00370614486746	-0.00205471157096
2.40959036118	-41.0	54.5810032173	0.00223756022751	-0.00344163086265	-0.000803722301498
2.21080678185	-41.0	54.7468419566	0.00206465506926	-0.00345942005515	-0.000665274448693
2.63275769622	-41.0	55.0114892642	0.00246923463419	-0.00335991661996	-0.000381453923183
2.21436195056	-41.0	55.0448673891	0.00208687898703	-0.0034321823623	-0.000381147052394
2.59385787474	-41.0	54.7282661595	0.00241563632153	-0.0033972687088	-0.000651447626296
2.43339160220	-41.0	55.1787850536	0.00229809316806	-0.0033779933583	-0.000235902058193
-3.11073966391	-41.0	61.1506045748	-0.0030286218971	-0.00163502455689	0.00539714470506
-3.28313725375	-41.0	60.7974060155	-0.00320158107206	-0.00173708656803	0.00509198661894
-2.89908881102	-41.0	60.5915962663	-0.00288126594387	-0.00183793669567	0.00494370097294
-2.79845052550	-41.0	60.8362069629	-0.00277602113783	-0.00176311424002	0.00515542179346
-2.91004894672	-41.0	61.1109513409	-0.00285609159619	-0.00166245701257	0.00537668075413
-3.14243228655	-41.0	60.5837299068	-0.00309448572807	-0.00181937101297	0.00492113782093
-3.22623498242	-41.0	60.9961625501	-0.00313893682323	-0.0016768531641	0.00526176067069
-2.54482269494	-41.0	49.3349250798	-0.00238441652618	-0.00407545128837	-0.00500280037522
-2.77637668666	-41.0	49.2785267679	-0.00257869740017	-0.00408060196787	-0.00503324018791
-2.91962285564	-41.0	49.7553043093	-0.00272427359596	-0.00399842951447	-0.00467694131657
-2.95664758376	-41.0	49.4804138005	-0.00274156685919	-0.00404296116903	-0.00487694656476
-2.48778177665	-41.0	49.5760569256	-0.00234673125669	-0.00403711106628	-0.00482984166592
-2.65594908108	-41.0	49.8031322401	-0.00250160857104	-0.00399709027261	-0.00465549901128
10.6249361484	-41.0	53.9591901822	0.00862284097821	-0.00279822619632	-0.000923689280171
10.9942382876	-41.0	53.5605588325	0.00887697003782	-0.00287647987716	-0.00124897318892
10.8161814420	-41.0	54.0157760119	0.00876586977392	-0.00278056785464	-0.000876372738276
10.7627963650	-41.0	53.5060270751	0.00870409235358	-0.00289402343333	-0.00129445560742
10.5918430861	-41.0	53.7264880762	0.00858842674643	-0.00285018002614	-0.0011149229249
11.0316626139	-41.0	53.8330306055	0.00891671143472	-0.00281549501233	-0.00102583412081
-0.794910570504	-41.0	47.0578659341	-0.000828765216284	-0.00448759365827	-0.0066468832083
-0.364622214903	-41.0	47.2885400785	-0.000472512154374	-0.00444143824279	-0.00648579373956
-0.873730353496	-41.0	47.3080975958	-0.000900106155314	-0.00444083940238	-0.00647376570851
-0.543817619122	-41.0	47.0661378221	-0.000619027996436	-0.00448447838426	-0.00664041517302
-0.503033622893	-41.0	47.5226113805	-0.000592388212681	-0.00439922278747	-0.00632471125573
-0.72644351723	-41.0	47.4874418571	-0.000779953144956	-0.00440692249686	-0.00634957058355
4.92294613787	-41.0	49.0410380722	0.00395698472857	-0.00399844814092	-0.00501359766349
5.38085589461	-41.0	48.7617826992	0.00429844576865	-0.00403377879411	-0.00518611678854
5.29192661144	-41.0	49.1390488725	0.00425772275776	-0.00396712776273	-0.00491977855563
4.90988021171	-41.0	48.8180463387	0.00392991164699	-0.00403949990869	-0.0051743471995
5.37930554142	-41.0	48.9553781229	0.0043124165386	-0.00399787398055	-0.00504717230797
5.08801035529	-41.0	49.1183284031	0.00409430498257	-0.00397836603224	-0.00494740437716
5.14711100626	-41.0	48.7158430018	0.00411040894687	-0.00405014399439	-0.00523272110149
-10.0557892547	-41.0	61.3794864015	-0.00854798126966	-0.00120471476112	0.00518076959997
-9.58405175736	-41.0	61.0419421562	-0.00819221418351	-0.00129497912712	0.00493201613426
-9.61829450066	-41.0	61.5086268185	-0.00821220315993	-0.00118597620167	0.0053111705929
-9.89643527843	-41.0	61.5736129078	-0.00842426717281	-0.00116399687249	0.00534808868542
-9.83290991444	-41.0	60.9860629054	-0.00838198233396	-0.00130069535226	0.00487252371386
-10.0388083623	-41.0	61.1138673020	-0.00853730365634	-0.00126589194406	0.00496525224298
-9.55557720183	-41.0	61.2846485180	-0.00816733017564	-0.00123958673794	0.00513195805252
-1.52412611084	-41.0	61.0311031591	-0.00161236454733	-0.00177700025961	0.00538534391671
-1.28703871859	-41.0	61.0465373719	-0.00139171001501	-0.00178200413939	0.00540731940418
-1.11800080606	-41.0	60.8058292225	-0.00124261295423	-0.00188041292131	0.00521678850055
-1.52315355841	-41.0	60.4794173286	-0.00163833831903	-0.00198532547802	0.00492965150625
-1.24972051472	-41.0	60.5291310606	-0.00137827044819	-0.00198179436848	0.00498326215893
-1.61398014543	-41.0	60.7670487861	-0.00170833372977	-0.00187053880654	0.00516457296908
-3.64269226515	-41.0	59.0140351118	-0.00363501696847	-0.00227165361866	0.00350978900678
-3.77319502998	-41.0	58.7864536473	-0.00375889707357	-0.00232266681269	0.00329410517588
-3.78069017231	-41.0	59.2324238516	-0.00373590225354	-0.00218559987843	0.00369922956452
-3.99484644502	-41.0	59.2114304365	-0.00391536206007	-0.00216448167339	0.00366758508608
-4.11041964177	-41.0	58.9965607208	-0.00402423972264	-0.00221356819384	0.00346736679785
-3.99863517743	-41.0	58.8023320018	-0.00394433457404	-0.00228597735986	0.00329669704661
-0.681972842166	-41.0	59.0706044978	-0.000877850456163	-0.00262100249529	0.00372972968034
-0.301250579579	-41.0	59.1079261246	-0.000485929776914	-0.00262047955766	0.00377225503325
-0.386442422047	-41.0	59.5457824190	-0.00056625646539	-0.00242605898529	0.00416741333902
-0.647770146001	-41.0	59.5402522339	-0.000829351076391	-0.00241925055161	0.00415689498186
-0.768652725982	-41.0	59.3049875879	-0.000958152755629	-0.00251441868022	0.0039422120899
-0.221695722531	-41.0	59.3131663553	-0.000401984405471	-0.00253133801743	0.0039609526284
-0.487238036345	-41.0	59.0564878821	-0.00067858985858	-0.00263706222177	0.00372133450583
2.26644749323	-41.0	63.9774828133	0.00179897935595	-0.000754903710913	0.00766386697069
2.70593809984	-41.0	63.7373256649	0.00218453723937	-0.000811691978015	0.00746153108776
2.32886957215	-41.0	63.7220741414	0.00186094653327	-0.000829518598039	0.00746489316225
2.67124647564	-41.0	64.1716320032	0.00213967543095	-0.000684654514771	0.00779792154208
2.40431996121	-41.0	64.1804146236	0.00191122677643	-0.000690546468832	0.00781476870179
2.81553850677	-41.0	63.9390862363	0.00227076234296	-0.000747957848944	0.00761285470799
2.54036057732	-41.0	63.5939686294	0.00204774201848	-0.000860757892951	0.00735755451024
-8.71809419334	-41.0	48.6935284826	-0.00727999443188	-0.00407224567607	-0.00512930285186
-8.12175786237	-41.0	48.7576875798	-0.00683030160144	-0.00406622746959	-0.00510976137593
-8.49142344029	-41.0	48.9283255323	-0.00712152570486	-0.00402318825945	-0.00496008200571
-8.60115699572	-41.0	48.4459911807	-0.00717699201778	-0.00412886869162	-0.00532446615398
-8.16106071709	-41.0	48.5178637227	-0.00684609310701	-0.00411833729595	-0.0052908603102
-8.23727460954	-41.0	48.9645797360	-0.00693047139794	-0.0040191328153	-0.00494531868026
-8.37398381396	-41.0	48.4340971214	-0.00700349081308	-0.00413416046649	-0.00534430984408
1.67592765836	-41.0	44.6657075327	0.00122014794033	-0.00494204694405	-0.00822348333895
1.95972300810	-41.0	44.6644382298	0.00144609762356	-0.00493684969842	-0.00821198802441
1.49758788435	-41.0	44.8737824254	0.00107588456012	-0.00490036560223	-0.00808933470398
2.10344982153	-41.0	45.0143762797	0.00155850488227	-0.00485850172117	-0.00796763785183
1.59349597635	-41.0	45.1304593634	0.00115093693603	-0.00484385481104	-0.00791110936552
1.84684044267	-41.0	45.1848777135	0.00135344883893	-0.0048274951987	-0.00786345172673
-0.0873294407579	-41.0	50.3209673454	-0.000256158265984	-0.00395191973075	-0.00434538535774
-0.333605662167	-41.0	49.9212266398	-0.000473636580864	-0.00400683423504	-0.00463460711762
0.155685446343	-41.0	50.1702296515	-3.88926782762e-05	-0.00396985653788	-0.00445253867656
0.159433578328	-41.0	49.9096804554	-3.63812541764e-05	-0.00400540046394	-0.00464019784704
-0.0610297383361	-41.0	49.7734909601	-0.000231556565268	-0.00402647536248	-0.00473992852494
-0.315137005803	-41.0	50.2106625643	-0.00045950920321	-0.0039672893472	-0.00442568119615
-9.66202752774	-41.0	49.9970965882	-0.00805892795324	-0.00376757257618	-0.00407501170412
-9.51302344639	-41.0	49.7261790563	-0.00793424528092	-0.00383061985485	-0.00429326435551
-9.05711422124	-41.0	49.9829135222	-0.00760592287406	-0.00378106930293	-0.00411505252123
-9.1198668359	-41.0	49.7530170873	-0.00764107750729	-0.00383081636392	-0.00429101707414
-9.43502740222	-41.0	50.1419400239	-0.00789661426097	-0.00373891438358	-0.00397227751091
-9.31517006988	-41.0	49.7096838054	-0.00778528582305	-0.00383728765883	-0.0043153190054
-9.18244914544	-41.0	50.1575117450	-0.00770866218954	-0.00374012254179	-0.0039724172093
5.31309604392	-41.0	56.1056768773	0.00472165038809	-0.00272620934993	0.000789446756244
4.75501218270	-41.0	56.4454102202	0.00428995629773	-0.00273495074362	0.00108808139339
5.07102369459	-41.0	56.0019827003	0.00453212391585	-0.00278113246895	0.000687129446305
5.35558591927	-41.0	56.3892990405	0.0047573777847	-0.002660154365	0.00104915932752
4.84312699104	-41.0	56.2061575149	0.00435707252473	-0.00277224136516	0.000868124363478
5.16080610635	-41.0	56.6073081497	0.00460724625736	-0.00263939821161	0.00124524079729
4.92237197041	-41.0	56.5877821006	0.0044215018861	-0.0026783964131	0.00122343783733
-3.82345042770	-41.0	65.8598144522	-0.00341841485351	-0.000242652546149	0.00908530969173
-3.53828809189	-41.0	66.2417918744	-0.00316824926995	-0.000146665668581	0.00938947033137
-3.96643913904	-41.0	66.2954392614	-0.00352528365329	-0.000129289779579	0.00941796321422
-3.76149251018	-41.0	66.3932344855	-0.00335113331676	-0.000106084284198	0.00949993450195
-3.59186118207	-41.0	65.9789682237	-0.00322066643275	-0.000214151645196	0.00918485969305
-3.96563096840	-41.0	66.0787226424	-0.00353085855022	-0.000184675547644	0.00925013516098
-1.60986406701	-41.0	63.5231891717	-0.00159981520846	-0.00093315920094	0.0073482603766
-1.65645547956	-41.0	63.9883898718	-0.00162795721553	-0.000791012018453	0.00770538812503
-1.48148213743	-41.0	63.7673946376	-0.00148087239359	-0.000859963533003	0.00753923645243
-1.87299922772	-41.0	63.5218144472	-0.00183027214371	-0.000929099449422	0.00734030921012
-2.01188586494	-41.0	63.7649193759	-0.00194366369396	-0.00085276941536	0.00752426078543
-1.89752021175	-41.0	63.9696795945	-0.00183806964196	-0.000793310115114	0.00768524548039
0.118130418773	-41.0	61.1383976318	-6.5639600507e-05	-0.00177038577385	0.0055043832399
0.433399180217	-41.0	60.6770925416	0.000240327863139	-0.00194642320275	0.00512662949041
0.414622651226	-41.0	61.2351934589	0.000213327410165	-0.00172889966052	0.00557903526351
0.175092689634	-41.0	60.6168574119	-7.77483455749e-06	-0.00197560712695	0.00508037535474
0.0101276368348	-41.0	60.8657113297	-0.000167505684658	-0.00187757366803	0.005284500774
0.560914961681	-41.0	61.0253407809	0.000355120719178	-0.00180602935143	0.00540767377242
0.51813868169	-41.0	60.8316211917	0.000318509235512	-0.00188281317241	0.00525136291981
-2.78285861297	-41.0	51.5418641301	-0.0027063342277	-0.00374037539586	-0.00333664310165
-2.85677620029	-41.0	51.1798522453	-0.00274892826565	-0.00378552637994	-0.00361096067354
-2.99962237501	-41.0	51.6426216051	-0.00290124886669	-0.00371575425379	-0.00324229989201
-3.09488290833	-41.0	51.1792515905	-0.00295457057655	-0.00377488089725	-0.00359491072595
-3.17201791337	-41.0	51.4549135734	-0.00303815375082	-0.00373217789456	-0.00337588181719
-2.77535613830	-41.0	51.3471213561	-0.00268807006069	-0.00376644497737	-0.00348787475377
9.56773882819	-41.0	59.5362578814	0.0078826053068	-0.00157508917619	0.00373838772066
9.34879974509	-41.0	60.0123033144	0.00770419137552	-0.00147084984928	0.00414078263566
9.24366955358	-41.0	59.8532570036	0.00762942386791	-0.00151344656479	0.00401155510917
9.68038379826	-41.0	59.7069976179	0.0079631889239	-0.00153005262837	0.00387743045576
9.57464855799	-41.0	59.9475285708	0.00787692051381	-0.00147709355224	0.00408032117411
9.35355446577	-41.0	59.6333563838	0.00771865434945	-0.00156115449499	0.00382517231628
4.92815591900	-41.0	47.2004290925	0.00382706918754	-0.00434435065836	-0.00630379188806
5.29137130086	-41.0	47.5421268024	0.00413360912353	-0.00426810560748	-0.00604786770418
4.83438379052	-41.0	47.5896032062	0.00378112099133	-0.00427173171192	-0.00604173447937
4.84442839939	-41.0	47.4058823841	0.00377617008053	-0.00430680252612	-0.00616780202836
5.14380052180	-41.0	47.6548024389	0.00402738107368	-0.00425043143332	-0.00597826577723
5.17738032655	-41.0	47.3230912292	0.00402882928029	-0.00431375438347	-0.00620494177565
5.00098721672	-41.0	47.6645097528	0.00391667941585	-0.0042526088655	-0.00597985740751
7.24479559037	-41.0	53.6996750798	0.00610582623631	-0.00301381875761	-0.00122556870338
7.70851299716	-41.0	53.7348711651	0.00645602494478	-0.00297615583986	-0.00117562583182
7.67042586503	-41.0	54.0399814132	0.00644218036905	-0.00291660916992	-0.000921776460018
7.24762581774	-41.0	53.9733304909	0.00612180726603	-0.00295916805044	-0.000995683949441
7.45316439592	-41.0	54.1347475694	0.00628381455317	-0.00291212159209	-0.000850783661008
7.4468224195	-41.0	53.6459775782	0.00625512795523	-0.00301086297259	-0.00126107875258
-6.12447991943	-41.0	46.2439203491	-0.00512676266953	-0.00463845115155	-0.00708061503246
-5.69333098086	-41.0	46.2850009695	-0.00478965928778	-0.00463149975985	-0.00706700840965
-5.90725023389	-41.0	46.1343012350	-0.00494920415804	-0.00466372538358	-0.00716861383989
-6.12545393139	-41.0	46.5165664393	-0.00514433253556	-0.00457821041346	-0.00688126636669
-5.94976233475	-41.0	46.5943598146	-0.00501086888835	-0.00456229085103	-0.00683156820014
-5.75112281615	-41.0	46.5361279453	-0.00485058967024	-0.00457628536969	-0.00688215298578
-10.3423733048	-41.0	60.2040218281	-0.00877112988383	-0.00146459334064	0.00420561106876
-10.3866939259	-41.0	59.6213314364	-0.00880400557071	-0.00159473891836	0.00372707517818
-10.1742183007	-41.0	59.7913028151	-0.00864559225738	-0.00156312249601	0.00387679110281
-10.5550895328	-41.0	60.0497251349	-0.00893071852624	-0.00149340182543	0.00406819488853
-10.5810722115	-41.0	59.7739244027	-0.00894948281348	-0.00155455095228	0.00384175241925
-10.1657986987	-41.0	60.0612876346	-0.00863888580352	-0.00150215742178	0.00409824540839
0.618842449562	-41.0	62.0808983377	0.000389196095057	-0.00141488434747	0.00624457933009
0.671183285487	-41.0	61.8012036024	0.000442382588517	-0.00151342980098	0.00602397974581
1.01430710125	-41.0	61.8212087838	0.000757440517191	-0.0014964339789	0.00603138748556
1.03009929468	-41.0	62.0910646202	0.000764356460422	-0.00140070915222	0.00624318607152
0.722141218572	-41.0	62.2416048405	0.000480651069665	-0.0013564445544	0.00636822916567
0.913027511718	-41.0	62.2670563008	0.000653581228107	-0.00134296156466	0.00638388982043
4.01864281808	-41.0	61.4022536287	0.00343222660013	-0.00145117309876	0.00553820282221
3.92608577663	-41.0	61.6917250518	0.00333448126912	-0.0013694439549	0.00578042306006
4.40670938097	-41.0	61.8928929117	0.00372352381237	-0.00127539550886	0.00591541454196
4.12070138634	-41.0	61.9248202333	0.00348268076777	-0.00128521723673	0.00595799833536
4.49211773277	-41.0	61.6338835932	0.00381158804521	-0.00134598778095	0.00569946644828
4.31323305358	-41.0	61.4116629729	0.0036781122908	-0.00142552680336	0.00552796805277
0.414302457908	-41.0	67.4247548796	0.000191631828784	0.000165519042639	0.0103301554918
0.848051661964	-41.0	67.2342310175	0.000556624785531	0.00012197939941	0.0101794097573
0.636229834042	-41.0	67.4391727364	0.000378926488338	0.000171970110387	0.0103384731337
0.533375871345	-41.0	66.9623585522	0.000289618736133	4.70836348541e-05	0.0099767325446
0.714660249238	-41.0	67.0300548933	0.000443210505182	6.70818699291e-05	0.0100259138271
0.293749677326	-41.0	67.3002479371	8.90087685548e-05	0.00013209041208	0.0102365510538
0.375227796131	-41.0	67.1078665571	0.000156631635036	8.31827346701e-05	0.0100892232731
-7.47101329131	-41.0	61.8374557151	-0.00654612947255	-0.00117985135876	0.00570122525096
-6.99144637461	-41.0	62.1048417191	-0.00615942711011	-0.0011327015236	0.0059474282898
-7.32119080354	-41.0	61.6564787794	-0.00643569696695	-0.00123135955073	0.00556122744456
-6.94452670709	-41.0	61.8660867652	-0.00613213563338	-0.00119532900862	0.00575474929065
-7.20927294633	-41.0	62.1689450861	-0.00632857531309	-0.00110764882993	0.00598721764982
-7.08028906781	-41.0	61.6525932380	-0.00624738167971	-0.00124325230718	0.0055716894567
-7.35508904611	-41.0	62.0370750202	-0.00644811242819	-0.00113483029418	0.00587116833776
6.15507823831	-41.0	64.3403011992	0.00501662539318	-0.000506631331518	0.00777721218765
6.25656241789	-41.0	64.6337889134	0.00508567644283	-0.00042511310312	0.00800373964012
6.03135261365	-41.0	64.8188876619	0.00489704078063	-0.000383896491257	0.00815757084638
5.75627564575	-41.0	64.7103212795	0.00467930920422	-0.00042256739107	0.00808359961957
5.69130668319	-41.0	64.4708873073	0.0046366606839	-0.000489074096549	0.00789891462773
5.89070797947	-41.0	64.2858772672	0.00480597699061	-0.000531108118594	0.00774539960548
8.80787686386	-41.0	58.3992677685	0.00733803305775	-0.00188068626449	0.00280115730129
8.56370447558	-41.0	58.8416752285	0.00714534148574	-0.0017898126971	0.00318047800101
8.94346034174	-41.0	58.5545657573	0.00743640260771	-0.00183674611617	0.00292984396219
8.52271989190	-41.0	58.5885395851	0.00712071172893	-0.00185242935549	0.00296698254533
8.61654376055	-41.0	58.3829176856	0.00719533162192	-0.001895509311	0.00279078027233
8.86301220152	-41.0	58.7191368004	0.00737274298444	-0.00180221861228	0.00307039660402
5.19086909144	-41.0	53.0378147154	0.00447707716376	-0.0032998432871	-0.00190883991309
5.01760088035	-41.0	52.6217085674	0.0043078311719	-0.00338325160556	-0.00226585124619
4.98090467002	-41.0	53.1350952366	0.00431617163122	-0.0033029159531	-0.00184443651233
5.21915701302	-41.0	52.7707429446	0.00448029441759	-0.00334194395691	-0.00212751561776
4.79025373089	-41.0	52.7533894343	0.0041342661716	-0.00338140851818	-0.00217650504783
4.78590126612	-41.0	53.0014563453	0.00414931820706	-0.00334251136519	-0.00197176891379
-6.90978361820	-41.0	59.3312943679	-0.00620313966647	-0.0018391222693	0.00363292940892
-6.92643196706	-41.0	59.6166036610	-0.00620626704767	-0.00176663219463	0.00387598457746
-7.40610081747	-41.0	59.5331506328	-0.00657345028594	-0.00175466842484	0.00378453009762
-7.36107984875	-41.0	59.2033356292	-0.00654843449593	-0.0018383639399	0.00350597477518
-7.09979661851	-41.0	59.1424821025	-0.00635288096964	-0.00187180680223	0.00346379959956
-7.16116096636	-41.0	59.7116719785	-0.00638205185533	-0.00172673352063	0.00394645426422
-11.4281808846	-41.0	55.0461090181	-0.00949895847589	-0.00257726246491	-1.39891005801e-06
-11.1870571057	-41.0	54.9170719484	-0.00932275317609	-0.00261659128591	-0.000106681305624
-11.4577604812	-41.0	55.2873498718	-0.00952387787402	-0.00252110231668	0.000190768463654
-10.9749476703	-41.0	55.0563299166	-0.0091716311872	-0.00259374198504	2.71526801043e-06
-10.9968403751	-41.0	55.2989361136	-0.00919104926288	-0.00253818440251	0.000197869216208
-11.2443764813	-41.0	55.4093180760	-0.00937146879733	-0.00250279111788	0.000287409551675
-1.41913824646	-41.0	52.6818047169	-0.00153591379058	-0.00369583140127	-0.00252472120337
-1.42269341517	-41.0	52.3837792843	-0.00152567506302	-0.0037182092201	-0.00276242685504
-1.68583967900	-41.0	52.7882801444	-0.00179114111234	-0.00367288663983	-0.00242309877649
-1.89881655401	-41.0	52.6238633339	-0.00197925162502	-0.00367277208716	-0.00254251784645
-1.65104333468	-41.0	52.2805314555	-0.00173264392652	-0.00371630606242	-0.00283187278546
-1.86134909786	-41.0	52.4118880282	-0.00193295918871	-0.00369356758893	-0.00271508167498
2.21073896593	-41.0	47.8780655666	0.00168518139981	-0.00429260311648	-0.00600223522633
2.64001681471	-41.0	47.8424979754	0.00203769211657	-0.00428796606138	-0.00600398192182
2.72187189646	-41.0	48.0792782016	0.00211411179043	-0.00424314942211	-0.0058345827274
2.20963854213	-41.0	48.1217940690	0.00169190880843	-0.00424929289147	-0.00583280809224
2.42577943712	-41.0	47.7662928559	0.00185905606486	-0.00430737901479	-0.00606858218089
2.58393165326	-41.0	48.2181918127	0.00200584158301	-0.00422234507278	-0.00574547192082
2.38729542482	-41.0	48.2090464839	0.00184251880273	-0.00422931648791	-0.00576265854761
11.3300521813	-41.0	55.4067805942	0.00919075962156	-0.00245850230567	0.000269467011094
11.0184897299	-41.0	55.7293572315	0.00896864105016	-0.0023946322035	0.000538796593901
11.2373800136	-41.0	55.9483986695	0.00913467351347	-0.00233949604444	0.000718633586075
11.0677226433	-41.0	55.4336227645	0.0089980121702	-0.00245935516432	0.000293401477393
11.5267599948	-41.0	55.5673775410	0.00933999754488	-0.00241782213561	0.000400462246034
11.4977922693	-41.0	55.8274016215	0.00932457484305	-0.00236013159156	0.000615754455794
-4.73678481833	-41.0	52.7821717461	-0.00443615252152	-0.0034285208676	-0.00217660190538
-4.84494393354	-41.0	52.5352272808	-0.00450698612258	-0.00346054090187	-0.00237154751085
-4.88264723866	-41.0	52.9883629841	-0.00456722918898	-0.00338286533952	-0.00199238141067
-5.20840249609	-41.0	52.7735825697	-0.00481343222782	-0.00339304585941	-0.00214445218444
-5.06444729698	-41.0	52.5708206337	-0.00468563009053	-0.00343837984838	-0.00232391967438
-5.05478659800	-41.0	52.9257162416	-0.00470085628331	-0.00337919220328	-0.00203043618239
5.89979631856	-41.0	58.7203897967	0.00512438081205	-0.00203334889375	0.00314468820579
5.61817645428	-41.0	58.5999764320	0.00491108745337	-0.00209550349973	0.00304717221297
5.57423324471	-41.0	58.3224353323	0.0048890397884	-0.00217231595889	0.0028013442643
5.78752457131	-41.0	58.1809947756	0.00505971768871	-0.00218328414485	0.00266978819855
5.98163112553	-41.0	58.2611874437	0.00520638655871	-0.00214139348827	0.00273668137379
6.04079316221	-41.0	58.4757874371	0.00524372700602	-0.00208095484413	0.00292500690557
-11.2379861157	-41.0	53.9336573682	-0.00934458337724	-0.0028390083462	-0.000891012081411
-11.3266815476	-41.0	54.2063298722	-0.00941329542547	-0.00277331215329	-0.000671678921208
-11.1059318291	-41.0	54.3853755868	-0.00925627164543	-0.00274046743289	-0.000533150043339
-10.7672401162	-41.0	54.1328217028	-0.00900713074952	-0.00280999834649	-0.000742754957173
-10.8430009671	-41.0	53.9047844379	-0.00905789900571	-0.00285892235115	-0.000923860992771
-10.9014911043	-41.0	54.3041295193	-0.00910709798336	-0.00276642176323	-0.000602294632699
-11.0450943324	-41.0	53.8690535535	-0.00920366775244	-0.0028602371458	-0.000947328575421
3.46462300122	-41.0	52.3061406483	0.00299661140889	-0.00356028764509	-0.00265558459796
3.87802540529	-41.0	52.0003454777	0.00332347070798	-0.00356936757453	-0.00286330096424
3.89173418578	-41.0	52.2703535072	0.00335584115237	-0.00353004457429	-0.00264671561308
3.64044482345	-41.0	51.8485532961	0.00311145978048	-0.00360832829028	-0.00300349993631
3.44552924327	-41.0	52.0199216662	0.00295850564726	-0.00359938852489	-0.00288508087397
3.68503298375	-41.0	52.4232510925	0.00319333584048	-0.00352628249675	-0.00254186941311
-0.982891658787	-41.0	44.8996845782	-0.000928983092308	-0.00492724962533	-0.00813007447869
-0.773463823094	-41.0	44.4542787440	-0.00074658478843	-0.00502225384116	-0.00843333359808
-1.04846954428	-41.0	44.4449985280	-0.000968457490671	-0.00502684433013	-0.00844269897789
-0.653676073778	-41.0	44.8682269329	-0.000660938560031	-0.00493103638291	-0.0081483265385
-0.600430473816	-41.0	44.6203896135	-0.000611266179476	-0.0049841850996	-0.00831726565957
-1.17682063661	-41.0	44.6355057817	-0.00107815559022	-0.00498615624383	-0.00831286516041
-7.71850609894	-41.0	52.4930564908	-0.0067265429534	-0.0032905486878	-0.00219726120122
-7.75003644448	-41.0	52.2186162913	-0.00673727411777	-0.00334550999105	-0.00241790153086
-8.06650438505	-41.0	52.1564963813	-0.00697113294154	-0.00334448763169	-0.0024493294768
-8.23926372075	-41.0	52.4076820036	-0.00711097242311	-0.00328450230882	-0.00223664450459
-7.89687643569	-41.0	52.6843160001	-0.00686826789752	-0.00324242538773	-0.00203114328906
-8.14587939528	-41.0	52.6536736067	-0.00705208163708	-0.00323704234324	-0.00204222230241
-7.53001465559	-41.0	53.5574401844	-0.00663168774918	-0.00308256666176	-0.00133240304422
-7.54753754398	-41.0	53.9627225598	-0.0066598597914	-0.00299811037257	-0.000992941320874
-7.67564778273	-41.0	53.7548899335	-0.00674712890759	-0.00303311552852	-0.0011603947496
-7.24930043066	-41.0	53.5940924774	-0.00642416160554	-0.00309260282665	-0.00131720665377
-7.30185030391	-41.0	53.9548219858	-0.00647745514289	-0.00301581877284	-0.00101191131398
-7.20158212003	-41.0	53.7744595984	-0.00639587733895	-0.0030592053663	-0.00116880354472
8.80860931418	-41.0	51.8113423829	0.00716288946569	-0.00331608462147	-0.00270422874019
8.53421438849	-41.0	51.4555187378	0.00693323370069	-0.00339906360023	-0.00299678160809
8.71134221448	-41.0	51.2695703308	0.00705200014636	-0.00343143916689	-0.00313840969466
8.98438907576	-41.0	51.6055335974	0.00727948034182	-0.00335300364532	-0.00286336871795
8.89090514481	-41.0	51.3991345985	0.00719527667388	-0.00339893414639	-0.00303028989583
8.61839754269	-41.0	51.6703803432	0.00701135769486	-0.00335193797946	-0.00282296864316
-7.69035710786	-41.0	56.3794492564	-0.00681854225695	-0.00247241603211	0.00107135239523
-7.48508155429	-41.0	56.5955406890	-0.00666987616569	-0.00243999483064	0.00125617836602
-7.62077537882	-41.0	56.1680392307	-0.00676570087671	-0.00252433214337	0.000888454844244
-7.33666544115	-41.0	56.1844715645	-0.00655789254233	-0.00254284101538	0.00089846085757
-7.28129622247	-41.0	56.4309984030	-0.00651942752302	-0.00249296776019	0.0011116922833
-7.63243890446	-41.0	56.5289583465	-0.00677733868361	-0.00244351476431	0.00119969027583
-5.40334453405	-41.0	49.2718587466	-0.00474340189248	-0.00401791837066	-0.00488290330395
-5.62024743464	-41.0	49.5515627390	-0.0049341795966	-0.0039576436393	-0.00465739611536
-5.49740104360	-41.0	49.7621574206	-0.00484963878989	-0.00392074370757	-0.00450586527586
-5.13899062024	-41.0	49.3278739587	-0.00453485595062	-0.00401418702677	-0.00485807284713
-5.11400011088	-41.0	49.7060209415	-0.00453859847039	-0.00394330965355	-0.00457478594035
-4.99801843403	-41.0	49.5403703079	-0.00443457206711	-0.00397788221017	-0.00470764329657
-5.28922204280	-41.0	49.8002839818	-0.00468547362834	-0.00392007594928	-0.00449126539752
-5.55228746651	-41.0	49.3855950653	-0.00486952858046	-0.00399181991816	-0.00478746695444
-7.09225280815	-41.0	46.9470604782	-0.00592642370611	-0.00447661522776	-0.00652345456183
-6.86471212344	-41.0	47.3312665056	-0.00577352475375	-0.00439377687871	-0.00624814024195
-7.26986353095	-41.0	47.0763783546	-0.00607223948464	-0.00444656470791	-0.00641958648339
-7.05505439210	-41.0	47.4708995639	-0.00593026727438	-0.00436132354662	-0.00613517593592
-7.23206877482	-41.0	47.3371017862	-0.00605921261013	-0.00438905414194	-0.00622675381601
-6.87478732795	-41.0	47.0727413652	-0.0057651954703	-0.00445043342188	-0.00643962016329
3.99531788099	-41.0	55.6785542792	0.00366766680963	-0.00301326508634	0.000341481762007
3.99176271229	-41.0	55.3805288467	0.00365335773677	-0.00306636630557	6.17519108346e-05
3.74618036480	-41.0	55.2848569868	0.0034463996999	-0.00312365405262	-4.2971689254e-05
3.77846306718	-41.0	55.8594692676	0.00349541963078	-0.00301875197329	0.000502644223161
3.53755075704	-41.0	55.4742765243	0.00328081916086	-0.00312974606641	0.000122561104945
3.57520744391	-41.0	55.7597171344	0.00332354567945	-0.00307447090745	0.000397384748794
0.913133294321	-41.0	54.3370334932	0.000768983270973	-0.00364970648661	-0.00113445345778
1.34684292196	-41.0	53.9752035165	0.00118500017561	-0.00362009415403	-0.0014351826394
1.09365499661	-41.0	53.8424398838	0.000928443390876	-0.00364729925059	-0.00156692159362
1.13354327685	-41.0	54.4541439374	0.000997665803879	-0.0036259344779	-0.00101518258452
0.884981360201	-41.0	54.0504381111	0.000729005842004	-0.00365780573338	-0.00139436288737
1.35039809067	-41.0	54.2732289490	0.00120513490401	-0.00360854133032	-0.00116795720533
1.15150347252	-41.0	52.6476454901	0.000930823967792	-0.00369854876772	-0.0025577256456
1.33761512469	-41.0	52.5010252764	0.00109996565152	-0.00369851267897	-0.00266437837854
0.936827186145	-41.0	52.2598496483	0.000713142275345	-0.00373496254906	-0.00287321791984
1.25592830724	-41.0	52.1511473031	0.00100813095924	-0.00372985377908	-0.00294330576435
0.967235958962	-41.0	52.5003825479	0.000750072707888	-0.0037169654388	-0.00268325489014
1.08878174770	-41.0	52.1543867452	0.000852187164128	-0.00373697490431	-0.00294879521243
1.32816441884	-41.0	52.3001015472	0.00108195049688	-0.00371432537213	-0.00282332114875
3.77408381521	-41.0	53.4335594562	0.00334732467309	-0.00338319083676	-0.00169669091702
3.58047504232	-41.0	53.5915796574	0.00319548463449	-0.00338516384363	-0.00157921214122
4.05110676428	-41.0	53.7371984281	0.00360190612264	-0.00330926571041	-0.00141179328784
3.65744407634	-41.0	53.8294587436	0.00327887455933	-0.00334504572675	-0.00136663264129
3.90360102078	-41.0	53.9099101070	0.00349170807749	-0.00330300908536	-0.00127473904286
3.98704664224	-41.0	53.5276105970	0.00353304063901	-0.00334625691175	-0.00159743893892
1.21555713011	-41.0	55.6395813654	0.00113202643115	-0.0035507734865	0.000153563159984
1.63897695383	-41.0	55.8826878400	0.00157057784963	-0.00344990147278	0.000423677935032
1.47753394120	-41.0	56.1110764538	0.00141385523602	-0.00344861997291	0.00065719516715
1.01703968338	-41.0	55.7983141159	0.000928938679863	-0.00356397335418	0.000312082032906
1.22266746753	-41.0	56.2356322305	0.001153723686	-0.00347456824966	0.000782952352893
0.97357994625	-41.0	56.1065027576	0.000889091868885	-0.00353229581378	0.00063847011188
1.44535929881	-41.0	55.6994163162	0.00136956200004	-0.00350715988316	0.000225432144362
0.182523535161	-41.0	56.4665377868	2.94323217531e-05	-0.00354521838017	0.0010208429303
0.0344158261219	-41.0	56.8356130993	-0.00013505507377	-0.00347041129135	0.00142819760367
0.451254718144	-41.0	56.4923799752	0.000326383073116	-0.00352596305311	0.00105070450809
0.495797565912	-41.0	56.7822374225	0.000375504343538	-0.00346180563793	0.00137006631121
0.296871679186	-41.0	56.9378789861	0.000156092704856	-0.00343705411069	0.00154148694128
0.00237743614819	-41.0	56.6235016316	-0.000170482831891	-0.00351791246794	0.00119366648141
4.60999569965	-41.0	45.4623776774	0.00350309582427	-0.00469803577289	-0.00750990770757
4.04133710887	-41.0	45.4992764982	0.0030736385379	-0.00470764003694	-0.00752463983372
4.08400238302	-41.0	45.7999125415	0.00311154010706	-0.00464496854693	-0.00731682125479
4.54205811430	-41.0	45.7259396668	0.00345707149245	-0.00464711198583	-0.00733512407169
4.33346938143	-41.0	45.8079076745	0.00330153037794	-0.00463647395372	-0.00729398708791
4.35144240899	-41.0	45.3549033185	0.00330747384578	-0.00472795823589	-0.00760133098811
9.39031146508	-41.0	62.8671908769	0.00763316452503	-0.000776949862484	0.00647868774831
8.92088747674	-41.0	62.6711301438	0.00727636925876	-0.000838636246044	0.00633693160489
9.11467475945	-41.0	62.4300511323	0.00743660191074	-0.000892103591468	0.0061345892027
9.12791529813	-41.0	62.8776890402	0.007428817451	-0.000781511189416	0.00649648346007
9.40328867254	-41.0	62.6338850772	0.00765223568305	-0.000833713682368	0.00628951750696
9.32093672972	-41.0	62.4538994928	0.00759540637955	-0.000880067120306	0.00614656461403
-4.16748764189	-41.0	64.2731152894	-0.00376307824627	-0.000658618286252	0.00783762242645
-3.62178943120	-41.0	64.1303211830	-0.00331001030281	-0.000711453496478	0.00774980662391
-3.76543912510	-41.0	63.9974770662	-0.00343679892831	-0.000744937220588	0.0076397517696
-4.12917799677	-41.0	64.0622119147	-0.0037398324348	-0.000717310060281	0.00767403235659
-4.00450501049	-41.0	64.4524508971	-0.00361925060861	-0.000613617477939	0.0079850172624
-3.71427954285	-41.0	64.3701292420	-0.00337844179012	-0.000642692029942	0.00793301034719
-3.92645829538	-41.0	63.9754300197	-0.00357336038724	-0.000746775709558	0.00761526124552
0.714860177442	-41.0	47.4133774900	0.000431713327998	-0.00440634414554	-0.00638156291097
0.753499671361	-41.0	47.8918073793	0.000466279278044	-0.00431957887486	-0.00604989752173
1.00333541910	-41.0	47.3283463336	0.000672130438033	-0.00441750325263	-0.00643184036016
1.00230906975	-41.0	47.9235784092	0.000676369119901	-0.00430997926742	-0.00602068100125
1.21493304337	-41.0	47.8176197615	0.000853849924169	-0.00432498008013	-0.00608705356717
1.25882236041	-41.0	47.5002268950	0.000886539579369	-0.00438145082444	-0.00630484288558
0.595526865433	-41.0	47.6485653203	0.000332172669005	-0.00436527468264	-0.00622222898528
10.0517055245	-41.0	50.4615018077	0.00798597652465	-0.00357102439739	-0.0037481833715
9.69410875807	-41.0	50.6360993171	0.00773475086316	-0.00353970006108	-0.00361530482769
9.54990474961	-41.0	50.4515846875	0.00761323282495	-0.00358188594691	-0.00376258697361
9.94124230965	-41.0	50.7187840359	0.00792425870895	-0.0035173415672	-0.00354663305916
9.67219645983	-41.0	50.2111115497	0.00768451578915	-0.00363108469173	-0.00394910760224
9.92720836770	-41.0	50.2284786055	0.00787502527237	-0.00362330186181	-0.00393251376227
-5.69294414788	-41.0	56.5592607637	-0.00533745158464	-0.00262277526781	0.00120438309386
-5.55831457487	-41.0	56.3550697256	-0.00523433834314	-0.00268379109912	0.00101679738145
-5.79681712305	-41.0	56.1413018724	-0.00541285751387	-0.00270139588974	0.00082897383254
-5.93111693642	-41.0	56.5276875645	-0.00551712699234	-0.00260211876594	0.00117939419579
-6.00522912468	-41.0	56.3159507647	-0.00557161308825	-0.00264024874195	0.000990565749817
5.90631230145	-41.0	63.5206745093	0.00485515035689	-0.000735902809538	0.00714087160304
5.48589888318	-41.0	63.2836893696	0.00452714040875	-0.000819401524495	0.00697263563052
5.73807514517	-41.0	63.2546677450	0.00473311170936	-0.000815468491055	0.006937477272
5.46419706718	-41.0	63.7310719415	0.0044864709489	-0.000698113697581	0.00732758874074
5.72856732602	-41.0	63.7854958735	0.00469827465713	-0.000672101275995	0.00735845277086
5.40382935143	-41.0	63.4937956071	0.00444935914129	-0.000765612348914	0.00714304670691
-2.33916578974	-41.0	45.7426624499	-0.00206266297027	-0.00475557940081	-0.00754582788795
-1.82941644901	-41.0	45.5223235747	-0.00163830514066	-0.00480018137023	-0.00770296575502
-1.87345641684	-41.0	45.7685612083	-0.00168313563336	-0.00474885804579	-0.00753262778744
-2.14279179818	-41.0	45.8755426708	-0.00190747471061	-0.0047274469398	-0.00745604233816
-2.30181074663	-41.0	45.4959122249	-0.00202229246497	-0.00480749970302	-0.00771745759994
-2.06508835759	-41.0	45.3807372330	-0.00182511901949	-0.00483111850917	-0.00779932038859
7.49532338294	-41.0	61.3276517985	0.00623110681772	-0.00123534689192	0.00529608223587
7.10911467410	-41.0	61.5628913233	0.00591766647995	-0.00119561492465	0.0055059986189
7.39812360920	-41.0	61.0711111181	0.00616847909987	-0.00130634207744	0.00508822500706
7.01221105084	-41.0	61.3466561535	0.00585337541997	-0.00125731830485	0.0053323158063
7.35681606131	-41.0	61.5364806684	0.0061126453802	-0.00118911999743	0.00547367008403
7.13572919906	-41.0	61.1689086682	0.00595930358395	-0.00129627692513	0.00518016796559
-6.39690376953	-41.0	50.4262655503	-0.00560169341043	-0.00376160885207	-0.00393209792674
-6.58697288340	-41.0	50.5740989721	-0.00575876841322	-0.00372552941553	-0.00380362966098
-6.59681028722	-41.0	50.8378769519	-0.0057824109681	-0.00367301516235	-0.00359640200622
-6.30601468529	-41.0	50.9252847627	-0.00556158367544	-0.00366776017472	-0.0035485571716
-6.10368161095	-41.0	50.7384906722	-0.00539165036753	-0.00371209508739	-0.00370972091332
-6.16103352211	-41.0	50.5008416276	-0.00542176421732	-0.00375569565222	-0.00389084476046
1.94426965071	-41.0	46.1745965654	0.00143410556484	-0.00462192483246	-0.00718567194417
1.77029203248	-41.0	46.3244197716	0.00129462254699	-0.00459565222263	-0.00709112454206
1.75973545640	-41.0	46.5766302843	0.00128840899561	-0.00454630050808	-0.00691926153377
1.97923976840	-41.0	46.6707770262	0.00146813329775	-0.00452342256904	-0.00684507051483
2.16013120572	-41.0	46.4874194620	0.0016119646607	-0.00455529941246	-0.00696194311604
2.14567874230	-41.0	46.2420704941	0.00159708422143	-0.0046041640453	-0.00713022612035
-5.13537438595	-41.0	61.8902350702	-0.00468276115134	-0.00128102488816	0.005881044548
-4.82203011400	-41.0	61.8433048113	-0.00442873220891	-0.00131209054962	0.00586153334007
-4.82220341225	-41.0	62.3424491042	-0.00440093921497	-0.00117089413106	0.00626804167405
-5.19593915066	-41.0	62.1458787212	-0.00471822824329	-0.00120679021347	0.00608625588939
-4.67254162164	-41.0	62.0794152448	-0.00429197726771	-0.00125320150983	0.00606333138421
-5.07840657055	-41.0	62.2892534441	-0.00461441604421	-0.00117303046864	0.00620982609689
10.4567334573	-41.0	56.7159585401	0.00856923311949	-0.00219113891944	0.00136429152917
10.4527665600	-41.0	57.0021695723	0.00856833625585	-0.00212653679773	0.00160340522416
10.7016134635	-41.0	56.6410354852	0.00874942727387	-0.00219959486276	0.00129946426023
10.9309758112	-41.0	56.8149952725	0.0089207412675	-0.00215301616117	0.0014417481143
10.6643039794	-41.0	57.0713438190	0.0087252445519	-0.00210349238478	0.00165863113943
10.8913422987	-41.0	57.0221856055	0.00889305770397	-0.0021073189564	0.00161469937302
-1.99079225576	-41.0	62.0798254604	-0.00198829872534	-0.00138779706322	0.00620842631906
-2.19279372561	-41.0	62.5683062694	-0.00214611412957	-0.00122035830282	0.00658617261797
-1.93776047137	-41.0	62.5600766837	-0.00192108273041	-0.00123112567235	0.00658942293376
-2.19344405899	-41.0	62.0989725704	-0.00216776295565	-0.00137338321656	0.00621495814994
-2.29527457674	-41.0	62.3429856386	-0.00224644877017	-0.00128940830473	0.00640408555046
-1.92200366168	-41.0	62.2978455786	-0.0019176278729	-0.0013176521752	0.00638365373015
3.82455078583	-41.0	48.1097329275	0.00301322946325	-0.00420475983992	-0.0057448935695
3.39242994960	-41.0	48.4615816861	0.00268233637325	-0.00415516411886	-0.0055259950459
3.28412549829	-41.0	48.1995926621	0.00258021336049	-0.00420519523323	-0.00571668101475
3.85174758170	-41.0	48.3761620319	0.0030509182252	-0.00415553851053	-0.0055562783964
3.67624099130	-41.0	48.5498663710	0.00291886460036	-0.00413025403395	-0.00544539699331
3.43239163217	-41.0	48.0289987894	0.00269207521342	-0.00423150975257	-0.00582652213052
3.62259488074	-41.0	48.0237144994	0.00284561584704	-0.0042267087847	-0.00581806339324
-6.82648853968	-41.0	55.0714346114	-0.00616110535339	-0.00282286596484	-8.09271878097e-05
-6.27804720129	-41.0	55.0187150208	-0.00575005123392	-0.00288281776011	-0.000150448628119
-6.66338748902	-41.0	55.3087092305	-0.00604605348781	-0.00278785754927	0.000118923548143
-6.45486861113	-41.0	54.8498166886	-0.00587734952569	-0.00290051638149	-0.000289395800792
-6.35867500450	-41.0	55.2535106481	-0.00581732112914	-0.00282743084244	5.87468312006e-05
-6.68156442798	-41.0	54.8992080697	-0.00604832638055	-0.00287061347626	-0.000236134830629
-7.07345067217	-41.0	49.1149469905	-0.0060466369614	-0.0040089301765	-0.00489604612812
-6.72077380139	-41.0	49.4727061340	-0.00579505553469	-0.00394314154983	-0.00464497739449
-6.88151767948	-41.0	48.9696188721	-0.00588884204626	-0.0040434403345	-0.00501804612577
-7.01231881953	-41.0	49.2959051383	-0.00601043179631	-0.00397249683738	-0.00476175965741
-6.89777640414	-41.0	49.3920918701	-0.00592757808045	-0.0039552799426	-0.00469539081678
-6.59526878345	-41.0	49.3198346158	-0.00568776670843	-0.00397759955376	-0.00476955948398
-6.68287696455	-41.0	49.0874165440	-0.00574160041288	-0.00402329675853	-0.00494072958827
-8.39761531375	-41.0	51.2310253820	-0.00717465532944	-0.00352720217779	-0.00316998409107
-8.46365003115	-41.0	50.9968418537	-0.0072125243023	-0.00357510335743	-0.0033515477553
-8.69084769928	-41.0	50.9608341041	-0.00738082965836	-0.00357627682388	-0.00336729153059
-8.75327193936	-41.0	51.3409239829	-0.00744554679841	-0.00349254254252	-0.00306297675706
-8.82218506763	-41.0	51.1312442545	-0.00748708331957	-0.00353577546775	-0.00322545436211
-8.56226097929	-41.0	51.3767225955	-0.0073047876358	-0.00349083123729	-0.00304503855295
3.78910262684	-41.0	58.8093615659	0.00342997023836	-0.00228099501692	0.00331288436428
4.04106314262	-41.0	58.9559446958	0.00362931191921	-0.00220006937161	0.00343277235515
3.82643839546	-41.0	59.3017650202	0.00342627125792	-0.00212468835525	0.00375591148622
3.67830533587	-41.0	59.2067655340	0.00330870179459	-0.00217465846799	0.00367969297804
3.65562524975	-41.0	59.0376569597	0.00330194551498	-0.00223072152585	0.00352834840305
3.95016507493	-41.0	59.1816817610	0.00353826093487	-0.00214475695975	0.00364113133401
-5.21700239621	-41.0	57.5698054388	-0.00496433954686	-0.00244814297184	0.00212492630817
-4.9653734078	-41.0	57.5618094367	-0.00476967357099	-0.0024837506935	0.00212103012018
-5.05281479251	-41.0	57.1286339133	-0.00484560010955	-0.00257587619126	0.00172053987626
-5.30714328190	-41.0	57.2903907475	-0.00503907725215	-0.00250372686423	0.00186845636927
-4.90914059524	-41.0	57.3175546099	-0.00473131844774	-0.00255107809789	0.00189587567002
-0.958982737193	-41.0	67.2315791490	-0.000971014262177	0.000104327009467	0.0101890703663
-0.955551339917	-41.0	66.7024694404	-0.000975324248429	-3.3125787013e-05	0.00978550687432
-0.745910697521	-41.0	66.7247822217	-0.00079707527766	-2.63216661551e-05	0.00980297569185
-0.742282146865	-41.0	67.1168196082	-0.000789137324318	7.59194444981e-05	0.0101017626002
-1.10292976176	-41.0	67.0876322223	-0.00109480379615	6.65947736707e-05	0.0100787514821
-1.13647789945	-41.0	66.8800999230	-0.00112623814493	1.26713848658e-05	0.00992021895945
-0.693015624639	-41.0	66.9125969551	-0.000749900413211	2.31642716244e-05	0.00994609482586
8.00017337640	-41.0	59.9519528813	0.0066825482063	-0.00155317224562	0.00413231784478
7.62021633448	-41.0	60.2404616604	0.00637969002128	-0.00150411820505	0.00438755424693
7.70646366630	-41.0	60.5213098006	0.00643321778625	-0.00142826326191	0.00461918255314
8.11249116595	-41.0	60.2709374008	0.00675535900518	-0.00146782060619	0.00439561251551
8.08752181993	-41.0	60.1222618182	0.00674234051257	-0.00150601495989	0.00427216477692
7.75847847696	-41.0	60.0182369189	0.00649530347437	-0.00155126710888	0.00419612880796
7.95824967542	-41.0	60.4225353280	0.00663093384355	-0.00143869337626	0.00452755531296
5.77469899824	-41.0	46.2673155600	0.00440534343943	-0.00450679287314	-0.00689266901463
6.19785323773	-41.0	46.6812398761	0.00475675612688	-0.00441495096311	-0.00660051172599
6.28808848352	-41.0	46.2659514735	0.00478832656518	-0.00449270335957	-0.00688217114657
6.03680816413	-41.0	46.1557418205	0.00459269247949	-0.00452093826607	-0.00696040363982
6.30368740936	-41.0	46.4624117252	0.00481693446636	-0.00445486744866	-0.00674805929884
5.83195712365	-41.0	46.4892112862	0.00446518464014	-0.00446181837469	-0.00674066832289
5.95504943619	-41.0	46.6318490464	0.00456946948543	-0.00443060696125	-0.0066399932839
3.30407778196	-41.0	64.8684010606	0.00265312055126	-0.000465048913611	0.00830881297588
3.46040944692	-41.0	64.5879890474	0.0027932676021	-0.000538750842679	0.00808658450842
3.64041739864	-41.0	65.0614385820	0.00292875594459	-0.000400689605158	0.00844389665872
3.77053251827	-41.0	64.8004626062	0.00304545462132	-0.000468759360956	0.00823748391122
3.43340638834	-41.0	65.0980339301	0.00275483424775	-0.000397049821913	0.00848021078855
3.64299193614	-41.0	64.6248989921	0.00294494139962	-0.000522131565958	0.00810737721622
-5.19049164902	-41.0	47.5536822401	-0.00446697697043	-0.00436574779451	-0.00616633798927
-4.87228892756	-41.0	47.1343234704	-0.0041871657595	-0.00445614056662	-0.00648584682494
-5.20924781136	-41.0	47.3586148169	-0.0044701914303	-0.00440593017265	-0.00630758237094
-4.95845379789	-41.0	47.5564706913	-0.00428128940985	-0.00436810683459	-0.00617572106421
-5.09572956970	-41.0	47.2002626690	-0.00436998670921	-0.00444015860558	-0.00642798608169
-4.77724063301	-41.0	47.3133557411	-0.00412135338411	-0.00442010723054	-0.00636065518484
10.5491299908	-41.0	54.8169860995	0.00859876628965	-0.0026116874069	-0.000216413871385
10.0444466744	-41.0	54.9296365533	0.00823112484068	-0.00260446919128	-0.000125288439449
10.6013311673	-41.0	55.0732953912	0.00864492822438	-0.00255333911628	-4.0042918954e-06
10.1911979724	-41.0	54.7076472667	0.00833201501518	-0.00264778570272	-0.000308621354634
10.3872656221	-41.0	55.1759125815	0.00849033519626	-0.00253772572614	8.08768163552e-05
10.3906557045	-41.0	54.7325840022	0.00847949180752	-0.00263544404879	-0.000286851311103
10.1798497880	-41.0	55.1592441656	0.00833731796592	-0.00254883733578	6.64052495267e-05
-0.667725919258	-41.0	48.4645526857	-0.000747146026697	-0.00423403875902	-0.00566821545362
-0.324355356304	-41.0	48.5174814981	-0.000453146436485	-0.00422360748053	-0.0056308619678
-0.729865282412	-41.0	48.9167181312	-0.000808065349702	-0.00415934761986	-0.00534936226904
-0.541991693678	-41.0	49.0021658628	-0.000646569300443	-0.00414530560374	-0.00528973294422
-0.840239652158	-41.0	48.7419032224	-0.000900276878383	-0.00418797042221	-0.00547209382057
-0.31523870385	-41.0	48.8559600052	-0.000448497536127	-0.00416786083952	-0.00539288157597
-1.01977805318	-41.0	65.3456500264	-0.00104975339491	-0.000401205848902	0.00875203311443
-1.45188178948	-41.0	65.5893622883	-0.00141610088758	-0.000332953059115	0.00893342215568
-1.35133636284	-41.0	65.0245107216	-0.00134054152295	-0.000491207872983	0.00850381888449
-1.08412817031	-41.0	65.0910870236	-0.00110915198456	-0.000473020685604	0.00855759158731
-1.22478695459	-41.0	65.5013727465	-0.00122320547234	-0.000357652897947	0.00886884238571
-1.56660016076	-41.0	65.3943577952	-0.0015181156341	-0.000386519532185	0.00878312531859
-1.56747938796	-41.0	65.1905384516	-0.00152305804659	-0.000443387078121	0.00862749293447
1.51035902497	-41.0	66.0493974714	0.00111742806621	-0.000182083473192	0.00926639139652
1.11341234553	-41.0	65.8958882162	0.000780930742621	-0.000230731151532	0.00915772095323
1.25878052733	-41.0	65.5542757556	0.000906654633582	-0.000322892039549	0.00889544095844
1.64749458436	-41.0	65.8609437862	0.00123506283853	-0.000231036479818	0.00911999866366
1.52621782288	-41.0	65.5998866650	0.00113426765893	-0.000305401656078	0.00892432872206
1.29169669031	-41.0	66.0258543495	0.000931993243285	-0.00019229069585	0.00925306882709
1.13372306846	-41.0	65.6971176958	0.000799102301244	-0.000285237882053	0.00900637265295
10.2229689417	-41.0	61.1610525763	0.00833424273878	-0.00116614426952	0.00506096426398
10.2535923084	-41.0	61.6660087011	0.0083422800526	-0.00104492367245	0.00547295343131
9.99674057511	-41.0	61.2089282869	0.00815983209759	-0.00116125505883	0.00510768778622
10.3976685562	-41.0	61.4928032631	0.00845811516047	-0.0010825562058	0.00532664638013
10.3670668323	-41.0	61.2922904732	0.00844057463109	-0.00113101874013	0.00516369286925
9.93172624830	-41.0	61.4152965556	0.00810342468321	-0.00111376377754	0.00527891376987
10.0461565013	-41.0	61.6419502966	0.00818377453834	-0.00105616613291	0.00546034704894
1.67841136418	-41.0	60.9257743256	0.00140577799175	-0.00179114926141	0.00528670521453
1.93822176727	-41.0	60.4644548843	0.00167268898804	-0.00194343819749	0.00489027006552
1.64904100475	-41.0	60.4077747684	0.00140753900632	-0.00198864843696	0.00485887238756
2.06456065568	-41.0	60.7253328484	0.00177189579699	-0.00183676043525	0.00510071078315
1.92873163449	-41.0	60.9285036865	0.00163541350048	-0.00177297845948	0.00527596287429
1.53358496853	-41.0	60.5659555327	0.00129060447216	-0.00193652894814	0.0049970317632
1.57870317069	-41.0	60.7625594542	0.0013221076224	-0.00185873289593	0.00515753077343
0.365763345343	-41.0	44.5454994757	0.000170760031324	-0.00498916395009	-0.00834942515939
0.811020449756	-41.0	44.5441246107	0.000529037148226	-0.00498309312388	-0.00833771750331
0.902045623495	-41.0	44.7802781490	0.000598851882387	-0.00493047898635	-0.00817414466292
0.336136320092	-41.0	44.8330540595	0.000141631899169	-0.00492728268728	-0.00815422926098
0.720814920202	-41.0	45.0066569602	0.000449752667919	-0.00488472683355	-0.00802570674568
0.494731112837	-41.0	44.9803280685	0.000267410476226	-0.0048935865052	-0.00804990902543
0.581404090134	-41.0	44.4842828188	0.000345437030774	-0.00499954028055	-0.00838530994952
7.75081601926	-41.0	52.7004529172	0.0064294510521	-0.00318152620457	-0.00202721869573
7.90270485251	-41.0	52.4559366618	0.00652817264199	-0.0032226620242	-0.00221926067024
7.89220004634	-41.0	52.9052188515	0.00654808338732	-0.0031329174526	-0.00185365718789
8.17454399133	-41.0	52.4534271865	0.00673183752224	-0.00321015203372	-0.00220996141434
8.28903937158	-41.0	52.6554183978	0.00682999473065	-0.00316371419467	-0.00204149680212
8.15447097865	-41.0	52.8934023289	0.00674370443448	-0.00312171527185	-0.00185257499106
-4.28430945289	-41.0	49.8114083259	-0.0038697773125	-0.00394993275404	-0.00455161556602
-3.94718279714	-41.0	49.4210505189	-0.00356796802953	-0.0040290215984	-0.00486449385062
-4.25310126208	-41.0	49.3992934526	-0.00381897692569	-0.00402485625818	-0.00486171524972
-3.87500503940	-41.0	49.7365733911	-0.00352675234899	-0.00397550500929	-0.0046343607828
-4.06703956342	-41.0	49.9236637081	-0.00369735597633	-0.0039371047169	-0.00448179291561
-4.39235418579	-41.0	49.5925711677	-0.00394503539428	-0.00398592557758	-0.00470858160406
-4.19954211553	-41.0	44.9136460063	-0.00352422008291	-0.0049377605319	-0.00809458922595
-3.99731898786	-41.0	45.4723356163	-0.00339208892547	-0.00481419591233	-0.00770330894738
-4.49106624030	-41.0	45.3029335929	-0.00377787207253	-0.00485119828954	-0.00781132094562
-4.29327189046	-41.0	45.5429091465	-0.00363302370533	-0.00479851523414	-0.00764574995264
-4.04676382363	-41.0	45.1826851033	-0.00341643067077	-0.00487778149545	-0.0079071354121
-4.45417165232	-41.0	44.9422570346	-0.00372865214013	-0.00493163894862	-0.00806896947324
10.6045764895	-41.0	60.0943817840	0.00865215621889	-0.00140736426692	0.00417169835418
10.8866257109	-41.0	59.5545378047	0.00887550786138	-0.00152555643581	0.00371781317517
10.5170701535	-41.0	59.6706757598	0.00859481468797	-0.00150923768524	0.00382411200553
10.8600436410	-41.0	60.0303422800	0.00884687528014	-0.0014153359225	0.00411131652072
10.4515046818	-41.0	59.9011637593	0.00854058749974	-0.00145724520553	0.00401661219075
10.6669055502	-41.0	59.5000246727	0.00871086772531	-0.00154454819858	0.00367875513621
10.9678660862	-41.0	59.7791193956	0.00893305148929	-0.00147110363469	0.00390097661875
6.21151508371	-41.0	60.0151480613	0.00530044967309	-0.00166380312294	0.00425353972241
6.57518844895	-41.0	59.8240396904	0.00559387169778	-0.00168425310403	0.00407554255798
6.66507734526	-41.0	60.0840148225	0.00565018970519	-0.0016096184263	0.0042927172035
6.31094728936	-41.0	60.2595632426	0.00536454934627	-0.00159083900508	0.0044564884156
6.34726165791	-41.0	59.7742139633	0.00541945872828	-0.00171603041235	0.00404222169891
6.52153860938	-41.0	60.2587093922	0.00552917085588	-0.00157480570488	0.00444649532437
3.28935518898	-41.0	45.1190301371	0.00249168369919	-0.00480819540098	-0.00783221982419
3.01392135738	-41.0	45.0629119935	0.00227674935013	-0.00482725957409	-0.00788676552474
3.40535281889	-41.0	45.3721017884	0.00258301873691	-0.00475175399333	-0.00765296537429
2.74435169047	-41.0	45.2220049526	0.00206553121097	-0.00480007752776	-0.00779388053343
2.84299691826	-41.0	45.5178455172	0.00214464659803	-0.00473567377776	-0.00758722331375
3.19770538820	-41.0	45.5941954493	0.00242346501909	-0.00471098022535	-0.00751455873251
3.00915718897	-41.0	45.6068967459	0.00227599893697	-0.00471311761066	-0.00751709239557
-6.03582230375	-41.0	53.9465524235	-0.00552406860515	-0.00311395106837	-0.0010927222902
-5.65857151207	-41.0	53.5165376168	-0.00521137611941	-0.00322581152432	-0.00148555811029
-6.16990771093	-41.0	53.6349557523	-0.00561144389212	-0.00316193583421	-0.00134917884134
-5.74539217554	-41.0	53.9837444738	-0.00530305923894	-0.00313269742765	-0.00108010822441
-5.89601398652	-41.0	53.4569459324	-0.00539194466546	-0.00321714300662	-0.00151878735051
-5.60302064265	-41.0	53.7558728759	-0.00518126925454	-0.00318730250001	-0.00128564867191
-8.05344928443	-41.0	61.7053957917	-0.00700369477272	-0.00118937774096	0.00556016061455
-8.64870598348	-41.0	61.6205917193	-0.00746587757021	-0.00118864199612	0.00545737566426
-8.17978154971	-41.0	61.4911236743	-0.0071076694876	-0.00123656808864	0.00537743512541
-8.47144423259	-41.0	61.8549990397	-0.00732320500538	-0.00113851134665	0.00565893016756
-8.19762657331	-41.0	61.8712291503	-0.00711063249037	-0.00114391150419	0.00568769359961
-8.47048943593	-41.0	61.4651885362	-0.00733245303854	-0.00123196991626	0.00534006254748
-0.456144417463	-41.0	63.7396613417	-0.00057999958517	-0.000874741410371	0.0075308852829
-0.373728574129	-41.0	64.2350820839	-0.000503347720951	-0.000723121047486	0.00790943577886
-0.675843137755	-41.0	64.1533782051	-0.000768422614783	-0.000747977930587	0.00784586556256
-0.146089887516	-41.0	64.0492114104	-0.000305127614411	-0.000778562156484	0.00776765029877
-0.181440496184	-41.0	63.7712360481	-0.00033749465365	-0.000864302972332	0.00755545683205
-0.610449080394	-41.0	63.9138240122	-0.000713999848813	-0.000820900837425	0.00766326067969
-10.9466953500	-41.0	52.7010938963	-0.00910682603717	-0.00313019054011	-0.00188291200902
-10.5397907395	-41.0	52.4243882786	-0.00880240090191	-0.00320340809412	-0.00211803126149
-10.6979075287	-41.0	52.6779814705	-0.00892491266131	-0.00314181903377	-0.0019099006895
-10.7685020099	-41.0	52.2287962354	-0.00896367896348	-0.00324236182496	-0.00226549524814
-11.1101624123	-41.0	52.5435429663	-0.00922187510878	-0.00316245597787	-0.00200301036239
-11.0456313028	-41.0	52.2923460035	-0.00916796829551	-0.00322170276195	-0.00220515695401
-4.29967526083	-41.0	56.0035392321	-0.00425310852006	-0.00293458951637	0.000655370648019
-4.69305539719	-41.0	56.1708772560	-0.00456619961187	-0.00283990404569	0.000825435156003
-4.86490695368	-41.0	55.9209128461	-0.00469590863213	-0.00286633241922	0.000599297170993
-4.47702813525	-41.0	55.7096977979	-0.00438663410023	-0.00296426238492	0.000387486827094
-4.75421869095	-41.0	55.6857963465	-0.00460401270539	-0.00292859482579	0.000377832097001
-4.46857890876	-41.0	56.1858923830	-0.00439014052972	-0.00287100439891	0.00083272223128
-3.17407426068	-41.0	57.8085255824	-0.00330893695354	-0.00271157175303	0.00239664502442
-2.78777754932	-41.0	58.3152563379	-0.00294553488493	-0.00262775714509	0.00290461769328
-2.80367818523	-41.0	57.7889320294	-0.00298841181211	-0.00278820889071	0.00239027198404
-3.24923375447	-41.0	58.0855760460	-0.00335936713964	-0.00261703506112	0.00266180816106
-3.08610391100	-41.0	58.3152780801	-0.00320631498471	-0.00257568317465	0.00288929906674
-2.7497840658	-41.0	58.0354324798	-0.00292824371718	-0.00272361142561	0.00263494881801
-2.98373023370	-41.0	57.7455335225	-0.00314776459709	-0.00276584387757	0.00234131491743
-4.52882589067	-41.0	53.8367188624	-0.00433711893857	-0.00327936164103	-0.00129874900449
-4.12816557348	-41.0	54.1474785645	-0.00403114408255	-0.00327709829435	-0.00105922808871
-4.11157213844	-41.0	53.6374993164	-0.00398389482871	-0.00335476151668	-0.00150655198377
-4.38226043028	-41.0	54.1453054459	-0.00423781061545	-0.00324690528214	-0.00104048708454
-4.33333936758	-41.0	53.5921594207	-0.00416272506118	-0.00333814555779	-0.00152659008745
-4.04222469770	-41.0	53.9010624247	-0.00394446775317	-0.00332391774282	-0.00128336984199
8.66032977419	-41.0	48.7833811148	0.00680509908125	-0.00394934695214	-0.00506133632734
8.90584746270	-41.0	48.1835450291	0.00692908046767	-0.00407329760492	-0.00551213603467
9.11048686979	-41.0	48.3325342713	0.00709629571065	-0.00404000701383	-0.00539937335998
8.94574269417	-41.0	48.7826562567	0.00701772561297	-0.00394586892799	-0.00505899544805
8.66369804621	-41.0	48.2970751592	0.00676032481715	-0.00405142875388	-0.00542756216601
9.12696345740	-41.0	48.5827306586	0.00713329622522	-0.00398646434769	-0.00520964758471
8.60843621965	-41.0	48.5293657074	0.00674202246591	-0.00400326261297	-0.00525341182947
-10.4011250269	-41.0	51.2805464116	-0.00866213254631	-0.0034655383788	-0.00303277652711
-10.8564581207	-41.0	51.5091445162	-0.00900506787002	-0.00340517354198	-0.00283408351243
-10.2774906220	-41.0	51.7184145193	-0.00858732219785	-0.00336911994964	-0.00269054202363
-10.5914300152	-41.0	51.7488995178	-0.00881876330823	-0.00335547490977	-0.0026537978556
-10.2519812139	-41.0	51.5088827138	-0.00856094900519	-0.00341690564528	-0.00285795261152
-10.6406398771	-41.0	51.3049134557	-0.00883928313851	-0.00345565937459	-0.003004017286
-7.56767855398	-41.0	60.5474003828	-0.00666548777372	-0.00149527878966	0.00462974794209
-7.75318347040	-41.0	60.7399012732	-0.00680169323459	-0.0014383738162	0.00478039262816
-7.73671656937	-41.0	60.3427990687	-0.00680114002898	-0.00153658550698	0.00445055263117
-8.15888281175	-41.0	60.5084919735	-0.0071183796972	-0.00147515826393	0.0045675621368
-8.02685192157	-41.0	60.7190528656	-0.00701196584851	-0.00143035710789	0.00474894512445
-7.96216923585	-41.0	60.2937614947	-0.00697426917031	-0.00153676827904	0.00439862441272
2.37710467099	-41.0	66.9469912039	0.00184209784493	7.45067154639e-05	0.00992808584124
2.00978464651	-41.0	67.2062369617	0.00153363961726	0.000134353264002	0.0101351365447
2.59399108897	-41.0	67.2108816352	0.00202198768966	0.000147983519128	0.0101233543828
2.40301609155	-41.0	67.4546298088	0.00186190463137	0.000206554424949	0.0103145753965
2.16976334260	-41.0	67.4461693645	0.00166712584905	0.000199456553673	0.0103141367435
2.10687239173	-41.0	66.9787685903	0.00161564792506	7.71150080254e-05	0.00995939876884
8.36702604685	-41.0	63.5684442062	0.00680580083281	-0.000631349859759	0.00707953376696
8.63434517270	-41.0	63.7434283844	0.00700798491016	-0.000579853367526	0.00721009587869
8.13065094539	-41.0	63.7877266015	0.00661073205993	-0.000582932494581	0.0072634620592
8.69050496799	-41.0	64.0319025686	0.00704032741487	-0.000506074575242	0.00743867456913
8.19401852941	-41.0	64.0701861625	0.006648554001	-0.000509439560119	0.00748649705201
8.49273727663	-41.0	64.1978125563	0.00687830522656	-0.000469256396173	0.00757777085528
1.97433708212	-41.0	63.0377435725	0.0015766620636	-0.00105349591468	0.00694926315919
1.41850791191	-41.0	63.0582560772	0.00108629802708	-0.00106523185968	0.00698417052627
1.55143171641	-41.0	62.8414986307	0.00121036579367	-0.00113127403893	0.00681220833212
1.89981938670	-41.0	63.3283749726	0.00150150363334	-0.000964648614172	0.00717698130757
1.78991007730	-41.0	62.8212545193	0.00142212421633	-0.00112957449164	0.00678809452802
1.64479470859	-41.0	63.4016759705	0.00127613707446	-0.000949687033426	0.00724210496992
1.47213192065	-41.0	63.2942025802	0.00112737214658	-0.000988436862826	0.00716460542753
-2.44210179351	-41.0	47.6634630801	-0.00222552474588	-0.00437294365838	-0.00620159879327
-2.78111000794	-41.0	47.1535413968	-0.00248504662886	-0.00446897698566	-0.00655132206157
-2.36484466330	-41.0	47.4162354955	-0.00215105200186	-0.00442016450688	-0.00637774821371
-2.69124246296	-41.0	47.6722883328	-0.00243349303491	-0.00436960346997	-0.00618789019063
-2.85816166177	-41.0	47.4009713853	-0.00255986116827	-0.00442036567256	-0.00637447787449
-2.54442025215	-41.0	47.1922284093	-0.0022909459658	-0.00446252617985	-0.00653055170551
3.57820451182	-41.0	63.0528440400	0.00295864720829	-0.000978683819994	0.00688724499196
3.15217063788	-41.0	62.5839352568	0.00262054195628	-0.00114272756036	0.0065397163853
3.05197066155	-41.0	62.8458827223	0.00252072582953	-0.00106703466736	0.0067512835376
3.41893861436	-41.0	62.5531671021	0.00285051763058	-0.00113768572919	0.0065011321567
3.33121068382	-41.0	63.1418738201	0.00274452124722	-0.000963905418757	0.00696958554909
3.62275488770	-41.0	62.7869418887	0.00301063829102	-0.00105587230064	0.00667528295889
3.16438592755	-41.0	63.0277608352	0.00260789692402	-0.00100612675305	0.00688840635121
3.89906897948	-41.0	66.8830513257	0.00310632586479	9.62131161941e-05	0.00983186066151
3.31616200963	-41.0	66.7282482125	0.00262626633048	3.97355033783e-05	0.00973287038505
3.76849843658	-41.0	67.2208539424	0.00299551780336	0.000180272661964	0.0100948624313
3.24919328145	-41.0	67.0735595421	0.00256758462638	0.00012824832811	0.00999891851097
3.56992041695	-41.0	66.6168846345	0.00283782719634	1.72198597284e-05	0.00963925290853
3.48513619760	-41.0	67.2391423614	0.00276162032969	0.000177290799911	0.0101180225611
3.74459124464	-41.0	66.7483369254	0.0029805554077	5.66230373806e-05	0.00973394606262
7.36252671902	-41.0	64.7885031858	0.00596195738763	-0.000348799396306	0.00808485411108
7.28628483656	-41.0	64.4939768262	0.00591343548149	-0.000427475693868	0.00785505864769
7.89123508119	-41.0	64.7712225093	0.00638134405017	-0.000338721612934	0.00805319752544
7.62989559388	-41.0	64.9158057811	0.00616898201406	-0.000308399816277	0.00817612372339
7.48409898231	-41.0	64.3248724612	0.00607739854604	-0.000465110817458	0.00771411601454
7.78117988460	-41.0	64.4333621890	0.00630785757676	-0.000428365921834	0.00778954848647
-7.29611386159	-41.0	51.2348067881	-0.00634306808934	-0.00356591492891	-0.00323506677523
-7.02482834450	-41.0	51.2373144642	-0.00613586744294	-0.00357636483386	-0.00325133651495
-7.35694508746	-41.0	51.7284869468	-0.00641615921631	-0.00346325803548	-0.00283738458529
-7.45810550314	-41.0	51.4421778426	-0.00647759856656	-0.00351721304469	-0.00305957882665
-6.94191136794	-41.0	51.5024859728	-0.00608743028715	-0.00352704082616	-0.00304608861916
-7.10532441615	-41.0	51.6655397672	-0.0062214252539	-0.00348718953319	-0.00290456833318
-2.08607985881	-41.0	57.0744151415	-0.0023573031649	-0.00313746836036	0.00168025679886
-2.47722182490	-41.0	57.2968398206	-0.00271512358449	-0.00299526378512	0.00190475024283
-2.18148830490	-41.0	56.8546478074	-0.00245026359335	-0.00317137409002	0.00145078427158
-2.45089444205	-41.0	56.8034223986	-0.00269982311875	-0.00312500214204	0.00139900727663
-2.25727807938	-41.0	57.2760853809	-0.0025134596508	-0.0030474010855	0.00188723416068
-2.54791729447	-41.0	57.0525378179	-0.0027847266756	-0.00304410932586	0.00165454496164
-10.4537755585	-41.0	58.9964379201	-0.00885095540434	-0.00173298083246	0.00321294087917
-10.5755680054	-41.0	58.4026118866	-0.00893523171544	-0.00186161219608	0.00272263819352
-10.7837409962	-41.0	58.5468420229	-0.00909005571157	-0.00182196171954	0.00283149210736
-10.2608311874	-41.0	58.8770027205	-0.00870760902762	-0.00176671287045	0.00312364869751
-10.3495845180	-41.0	58.4514267786	-0.00876972172409	-0.00185916037299	0.00277140387334
-10.2587989516	-41.0	58.6572194746	-0.00870466884226	-0.00181630975567	0.00294358166866
-10.6855757817	-41.0	58.8547846074	-0.00902110617608	-0.00175675004721	0.00308675295673
-1.53129405867	-41.0	49.4632321886	-0.00151654251385	-0.00406933762133	-0.00494650797918
-1.45791048822	-41.0	49.7248402412	-0.00146069074981	-0.00403014244512	-0.00475984672084
-1.66063490293	-41.0	49.9093758689	-0.00164407177363	-0.00400010542944	-0.00461992807686
-1.91379233873	-41.0	49.9000047934	-0.00186474737711	-0.00399740273133	-0.00461770687252
-1.98959588695	-41.0	49.6490425197	-0.00192072521895	-0.00403449125588	-0.00479747494683
-1.81311706336	-41.0	49.4409044599	-0.00176015286706	-0.00406966265291	-0.00495427893475
5.26468214018	-41.0	62.5438878987	0.00438876310363	-0.00103547784965	0.00639327988029
4.70428128662	-41.0	62.6229465282	0.0039244312793	-0.0010446193628	0.00648648384959
5.16562286854	-41.0	62.8162161230	0.00429204059765	-0.000964758219197	0.00661651976407
4.79567367153	-41.0	62.3579240251	0.0040158056654	-0.001115282299	0.00626902841032
4.90987153616	-41.0	62.8604311036	0.00407992489636	-0.000965882150922	0.00666507380083
5.10320626275	-41.0	62.3344923254	0.00426957057789	-0.00110362854321	0.0062334081158
7.37706239104	-41.0	57.9763950454	0.00627487525344	-0.0020781152416	0.00246230280027
7.93868802054	-41.0	57.8299357853	0.00669867405668	-0.00206965836696	0.00232888385653
7.85336166383	-41.0	58.0910876098	0.00662998575717	-0.00201430846937	0.00255435542203
7.44110525570	-41.0	57.6967993165	0.00632836623117	-0.00213894224726	0.0022192124743
7.72393514988	-41.0	57.6467486581	0.00654094479978	-0.00212836498395	0.00217332644388
7.61673318940	-41.0	58.1589731220	0.00645091990009	-0.00201574107632	0.00261643901467
9.49695173382	-41.0	57.4087208383	0.00786145403981	-0.00207421253435	0.00195447425358
9.25872669519	-41.0	57.2158618125	0.00768546247855	-0.00213013985194	0.00179372204002
9.0165347592	-41.0	57.3092138190	0.00750579172745	-0.00212179939263	0.00187456700951
9.47336720796	-41.0	57.7037472569	0.00784247554839	-0.00200768164359	0.00220342515968
8.99202709162	-41.0	57.6194377344	0.00748574919999	-0.00205195881426	0.00213781977072
9.24858291325	-41.0	57.7864517217	0.00767490221187	-0.00199978775345	0.00227609486319
6.91648898546	-41.0	56.0588653978	0.00593996793032	-0.002555584535	0.000787309894804
7.15224360293	-41.0	56.2747116377	0.00611881352961	-0.00248716934584	0.000980047043413
7.04046982957	-41.0	55.7770516466	0.00602846499532	-0.00260487850755	0.000543992849998
7.54972949076	-41.0	55.9945747720	0.00641225231811	-0.00251507433131	0.000743125216104
7.41769183172	-41.0	56.1856021797	0.0063161929138	-0.00248404266313	0.000906454864889
7.28984854000	-41.0	55.7052861249	0.0062136282213	-0.00259869988076	0.000487577985041
7.47215641872	-41.0	55.8012749862	0.00635142019019	-0.00256315805018	0.00057460158132
7.94871319898	-41.0	47.5587327132	0.00615217350423	-0.00421167491004	-0.00597653631121
8.03696889431	-41.0	47.2828283510	0.00618811277673	-0.00426746718585	-0.00617861142382
7.57042456104	-41.0	47.4980979225	0.00586404465139	-0.00422814209014	-0.00602051615715
7.54621034084	-41.0	47.2609073675	0.00582144875079	-0.00427623465657	-0.00619159685448
7.83853855379	-41.0	47.0994171575	0.00602083932608	-0.00430610310286	-0.00631045689806
7.71887342128	-41.0	47.6500577853	0.00599035480991	-0.0041955220513	-0.0059100408107
6.24651646403	-41.0	49.4752290950	0.00503369839862	-0.00387036055326	-0.0046200202778
6.45138548430	-41.0	48.9149650875	0.00514540215954	-0.00397082604468	-0.00502148037776
6.48789782598	-41.0	49.4775035968	0.00522098131478	-0.00386163825169	-0.00460626929998
6.63531259474	-41.0	49.0759505457	0.00530079519376	-0.0039342707023	-0.00489590922371
6.13915437557	-41.0	49.2488610989	0.00493150437251	-0.00391688151285	-0.0047921682708
6.20872157143	-41.0	49.0184634698	0.00496641499922	-0.00395839056	-0.00495708640665
6.60672240463	-41.0	49.2939852704	0.00529729807749	-0.00389300193638	-0.00473656971008
3.84589092021	-41.0	50.7832131489	0.00320568587631	-0.0037520728074	-0.00380690721795
3.63176633769	-41.0	51.2394630827	0.00305898068473	-0.00369575317018	-0.00347684347071
3.85761891987	-41.0	51.0872342066	0.00323757575825	-0.00370483729057	-0.00357513781637
3.60164706675	-41.0	50.6684799013	0.00299304747023	-0.00378273217939	-0.00391207123175
3.47761140675	-41.0	51.0171733911	0.00291277561337	-0.00373734743334	-0.00365862739272
3.45400992201	-41.0	50.7826290412	0.00287654343992	-0.00377329788171	-0.00383760756813
6.21953355643	-41.0	53.7737325424	0.00532953068614	-0.00307893962599	-0.00121856213082
6.28694584148	-41.0	54.3685196684	0.00541244633496	-0.00296020996757	-0.000707014929503
6.45708680654	-41.0	53.9369070911	0.00552064459771	-0.00302788824774	-0.00106641848106
6.47695932504	-41.0	54.1995849047	0.00554928928614	-0.00297572603449	-0.0008417275385
6.08345289393	-41.0	54.2625716304	0.00525131681934	-0.00299948640168	-0.000809414545074
6.04743711769	-41.0	53.9962601870	0.00520950183272	-0.00305276270956	-0.00103980791755
6.76630539338	-41.0	62.0332885041	0.0056225694716	-0.00109105347656	0.00590605428442
6.75117807077	-41.0	62.5253545248	0.00558380223811	-0.000962196092587	0.00630583101884
6.36181002284	-41.0	62.0524408197	0.00530085712671	-0.00110806385055	0.00594055093825
6.90277884667	-41.0	62.2817443520	0.00571685936302	-0.00101876666304	0.00610184576362
6.29180108021	-41.0	62.3561383434	0.00522777438164	-0.00103050109465	0.00619031861424
6.46483783656	-41.0	62.5849945360	0.00535300839692	-0.000960473844316	0.00636701798066
6.55638481486	-41.0	61.9966818781	0.00545851234347	-0.00111211708281	0.00588593538851
-7.94063670029	-41.0	57.9028785424	-0.00700198113918	-0.00210805586539	0.00237856991589
-7.36967813811	-41.0	57.7079595825	-0.00658248690888	-0.00219515711069	0.00222012773156
-7.59956872215	-41.0	57.5489565593	-0.00675334781408	-0.00221443525515	0.00207986030728
-7.85122037351	-41.0	57.6470258623	-0.00693787587807	-0.00217349780723	0.00216101645492
-7.73046013332	-41.0	58.0976595621	-0.00684504257515	-0.00207710708492	0.00254939775914
-7.44957490188	-41.0	57.9551102919	-0.00663887523115	-0.00213111029007	0.00243240897544
5.98560214613	-41.0	65.9805660408	0.00482154963538	-7.77204550104e-05	0.0090639218688
6.39413422626	-41.0	66.0907761903	0.00514637865126	-3.6479334085e-05	0.00913590192795
6.18147983485	-41.0	65.4723578994	0.0049941809848	-0.000205777658266	0.00866212043911
6.48304898799	-41.0	65.6008829327	0.00523180421442	-0.00016254701768	0.00875179469585
5.97098460600	-41.0	65.6523848184	0.00481918174773	-0.000164868630236	0.00880967639387
6.58597016114	-41.0	65.9169921859	0.00530455959961	-7.65190561651e-05	0.00899460818619
6.16586271484	-41.0	66.1593556667	0.00496171228588	-2.51957553701e-05	0.00919653847814
4.87052593888	-41.0	50.3957205659	0.00401764316484	-0.00376197928563	-0.0040211873129
4.54073498005	-41.0	49.9506983272	0.0037169654388	-0.00385355879553	-0.00437640445307
5.11761292562	-41.0	50.0720357333	0.00419134413823	-0.00380654307082	-0.0042459522374
4.61013628050	-41.0	50.2400635242	0.00379490898922	-0.00380112160929	-0.00415666773915
4.97684683209	-41.0	49.8912928939	0.00406458135694	-0.00384456315078	-0.00438977498561
4.78203031504	-41.0	49.8401123100	0.00390398036689	-0.00386200333014	-0.00444100564346
5.08088926161	-41.0	50.2779892478	0.00417786277831	-0.00377215328626	-0.00409454852343
2.30538134760	-41.0	49.2652837091	0.00181545014493	-0.00405407045037	-0.00502261565998
2.74303426001	-41.0	49.5408730161	0.00219942629337	-0.00399538083002	-0.00479941116646
2.60058761581	-41.0	49.2457299685	0.00206446950324	-0.00404774071649	-0.00501953018829
2.09535560826	-41.0	49.4679884024	0.00164475070778	-0.00402856757864	-0.00488941697404
2.49777379911	-41.0	49.7411682664	0.00200116354972	-0.0039728814736	-0.00467023067176
2.26232754807	-41.0	49.6675799597	0.00179630017374	-0.00399239826947	-0.00473710848019
7.94353461345	-41.0	62.0461725264	0.00654454017058	-0.00103097828105	0.005866530817
8.05862113355	-41.0	61.8358415388	0.00664395140484	-0.00107909145299	0.00569036835805
8.30119078094	-41.0	61.8286015512	0.00683235982433	-0.00107054843102	0.0056750732474
8.35286934434	-41.0	62.0411107583	0.00686281593516	-0.00101529690437	0.00584650179371
8.14055160476	-41.0	62.1696415368	0.00669202115387	-0.000991557142697	0.0059593161568
-3.16319944261	-41.0	56.3184122568	-0.00332498084754	-0.00307775544934	0.000921091996133
-2.61621306773	-41.0	56.0815215156	-0.00284222722985	-0.00323478761129	0.000664942781441
-3.11968340986	-41.0	55.8045346899	-0.0032752326224	-0.0031805599574	0.000412261782913
-2.76669928743	-41.0	56.3270527734	-0.00298119802028	-0.00315784779377	0.000918294710573
-2.81679238692	-41.0	55.8194969775	-0.00301242968999	-0.00323747494258	0.00041162330308
-3.25504488537	-41.0	56.0800717887	-0.00339864799753	-0.0031054909341	0.000688762404025
-2.96563827856	-41.0	56.3803655390	-0.00315588829108	-0.00310561433434	0.000977451330982
7.35043436135	-41.0	49.0814065989	0.0058476855047	-0.00391362188384	-0.00486571714282
7.51235505005	-41.0	48.6215183947	0.00592893036082	-0.00400203885511	-0.00520169921219
7.64844307699	-41.0	49.0489257501	0.00607047695667	-0.00391302304342	-0.00488119293004
7.71243599742	-41.0	48.8007426021	0.00609631557018	-0.00396179081872	-0.00506445579231
7.23994384453	-41.0	48.6687198473	0.00572702335194	-0.00399844814092	-0.00517379585654
7.15898350018	-41.0	48.8986639494	0.00568602234125	-0.00395470298827	-0.00500703323632
-3.89717042534	-41.0	51.8168559670	-0.00367819820531	-0.00363851292059	-0.00303346430883
-4.15516115207	-41.0	51.9241767732	-0.00390078104101	-0.00360592734069	-0.00292627583258
-3.72149862127	-41.0	52.0275130430	-0.00354491127655	-0.00361884781159	-0.00287987850606
-3.82715933789	-41.0	52.2624759746	-0.00365030858666	-0.00357779045589	-0.00268157548271
-4.07934440713	-41.0	52.2017546321	-0.00385698163882	-0.00356874708086	-0.00270914612338
11.2607494865	-41.0	58.3723525677	0.00916895829141	-0.00178861012682	0.00272963941097
11.0534053287	-41.0	58.2457756267	0.00901462137699	-0.00182332878467	0.00262928451411
11.6537700699	-41.0	58.0832876733	0.00946358777583	-0.00184519705363	0.00248118792661
11.4995023300	-41.0	58.3436525867	0.00934771820903	-0.00178921141196	0.00270027574152
11.4006504718	-41.0	57.9528265074	0.00927451904863	-0.00188109197188	0.00237881368957
11.1190409182	-41.0	57.9990647350	0.00906442292035	-0.00187802081928	0.0024230745621
6.26909186423	-41.0	50.9862304885	0.00517307128757	-0.00358742382377	-0.00347500503995
5.86110511158	-41.0	51.2388196036	0.00487328553572	-0.00356281152926	-0.0033053883817
6.38483597775	-41.0	51.2426839567	0.00528305256739	-0.00353421457112	-0.00326817436144
6.22371493675	-41.0	51.4801694797	0.00517588993534	-0.00349910976365	-0.00309210340492
5.97199390399	-41.0	51.4652166895	0.00497792568058	-0.00351598975249	-0.00312062725425
5.94465456053	-41.0	51.0261004043	0.00492238486186	-0.00359657243825	-0.00346500985324
-10.1526189687	-41.0	55.5350757611	-0.00858651287854	-0.00252092001028	0.000384208804462
-9.84384422189	-41.0	55.9630641306	-0.00837096106261	-0.00243942323141	0.000734415778425
-9.91627045571	-41.0	55.6884553687	-0.00841892790049	-0.002497225767	0.000508524710312
-10.0210429784	-41.0	56.0998750510	-0.00850045401603	-0.00240087462589	0.000847209186759
-10.2519313694	-41.0	55.9812021791	-0.0086648222059	-0.00241715996526	0.000749618979171
-10.2672826120	-41.0	55.7638824461	-0.00867254473269	-0.00246498710476	0.000571877462789
0.0254772052035	-41.0	62.8650346386	-0.000155490546604	-0.00115421623923	0.00685955770314
0.435051372832	-41.0	62.9478945679	0.000211872844375	-0.00112261471804	0.00692016538233
0.133261453547	-41.0	63.2765699962	-5.94363045821e-05	-0.00101883814204	0.00717562437057
0.251334438783	-41.0	62.8002690384	4.78940964967e-05	-0.00117385899648	0.00680821342394
-0.00312929401015	-41.0	63.0693987814	-0.000181083203643	-0.00108702434227	0.00701708579436
0.345065332028	-41.0	63.1558597037	0.000129850071971	-0.00105573725887	0.0070812003687
4.82732481690	-41.0	58.2331470929	0.00430698180571	-0.0022917878814	0.00274221715517
4.84187729968	-41.0	57.6359597494	0.00434182398021	-0.00244376761839	0.00219402043149
4.55769333986	-41.0	58.0537555469	0.00410043168813	-0.0023784392979	0.00258585577831
4.56538935521	-41.0	57.7672698483	0.00411834614351	-0.00245225359686	0.00232054712251
5.07430474270	-41.0	58.0689490977	0.00450899451971	-0.00230084033683	0.00258586159907
5.07453849087	-41.0	57.8106700244	0.00451883347705	-0.00236670323648	0.00235051568598
9.40218050251	-41.0	49.7507568652	0.00744527298957	-0.00373387290165	-0.00431111827493
9.16634503760	-41.0	49.2984169175	0.00722988415509	-0.00383364711888	-0.00466294866055
9.54320658252	-41.0	49.5445802644	0.00753204897046	-0.00377594539896	-0.00446914415807
9.11303603135	-41.0	49.7307907567	0.00722847925499	-0.00374288810417	-0.0043308455497
9.04353967402	-41.0	49.5073124964	0.0071571576409	-0.00379126588814	-0.00450415024534
9.44107801156	-41.0	49.3247011264	0.00743654277176	-0.00382439675741	-0.00463986862451
-10.0717759832	-41.0	53.3316312175	-0.00848626345396	-0.00301375659183	-0.00140778929926
-10.4758384433	-41.0	53.4979223846	-0.00878356210887	-0.00296301860362	-0.00126076804008
-10.1891389851	-41.0	53.1098849032	-0.00856589805335	-0.0030592973344	-0.00158211775124
-10.2332925463	-41.0	53.5400187051	-0.00860854331404	-0.00296175340191	-0.00123449694365
-10.4284076582	-41.0	53.0868691233	-0.00873936340213	-0.00305698253214	-0.00159222248476
-10.5594139145	-41.0	53.2928789767	-0.00883957650512	-0.00300653208978	-0.00142267660704
-0.613832007603	-41.0	58.0647540620	-0.000834184756968	-0.00304697826505	0.00274726445787
-0.191556860496	-41.0	57.9472782463	-0.00038147214218	-0.00311386841349	0.00263108685613
-0.268424125515	-41.0	58.2934024494	-0.00046145185479	-0.0029730105307	0.00298538571224
-0.512038738346	-41.0	58.2725348477	-0.000721386750229	-0.0029706384521	0.00296097854152
-0.089191701064	-41.0	58.1013657391	-0.000270032731351	-0.00305463862605	0.00279105943628
-0.426209369594	-41.0	57.8860079057	-0.000636233948171	-0.00312824640423	0.00256477156654
-2.70701809389	-41.0	63.5975928137	-0.00255139754154	-0.000887799251359	0.00737139722332
-3.02382425596	-41.0	63.7151708127	-0.00281867571175	-0.000845059286803	0.00745060900226
-3.06982851869	-41.0	63.9887733627	-0.00284699629992	-0.00076481862925	0.00766189489514
-2.54409002416	-41.0	63.8411985484	-0.00240174517967	-0.000819586624857	0.0075665442273
-2.86095994980	-41.0	64.1827540504	-0.00266123469919	-0.000713795190677	0.00782025139779
-2.63993798958	-41.0	64.0381266469	-0.00247709080577	-0.000759979186114	0.00771586271003
6.61394443415	-41.0	50.4620123465	0.00539915729314	-0.00366971408948	-0.00385829946026
7.08567534470	-41.0	50.2109450972	0.00574164977297	-0.00369953271002	-0.00402607722208
6.68823600772	-41.0	49.9749855518	0.00541693577543	-0.00375947961584	-0.00422429619357
6.90718062119	-41.0	50.4629103355	0.0056252037175	-0.00365761201829	-0.00384209793992
6.93153222797	-41.0	49.9863332747	0.00560504524037	-0.00374856521375	-0.00420394167304
6.58437802131	-41.0	50.1759066992	0.00535316858441	-0.00372513546608	-0.00407772650942
-9.36207191476	-41.0	62.2179764484	-0.0080040441826	-0.00102756090928	0.00590328173712
-9.02593536341	-41.0	61.8701252961	-0.0077510853298	-0.00111785763875	0.00563972862437
-9.27928479365	-41.0	61.9560759247	-0.00794474687427	-0.00109076860826	0.00569516699761
-9.16548565889	-41.0	62.4059592008	-0.00784833822399	-0.000988294021226	0.00606737891212
-8.91464257402	-41.0	62.3702823535	-0.00765439821407	-0.00100292486604	0.00605302397162
-8.84867361252	-41.0	62.1045326165	-0.00760912988335	-0.00106754340231	0.00584081513807
1.42337995196	-41.0	57.1988968602	0.00135881733149	-0.0032242173329	0.00181987183169
1.85457162613	-41.0	57.1359784902	0.00179094297346	-0.00315517280251	0.00174882996362
1.40173893702	-41.0	57.4735588505	0.00132990838028	-0.00314597832039	0.00211167871021
1.64646444191	-41.0	57.0360581674	0.00158732896671	-0.00322486436926	0.0016447941307
1.67983321717	-41.0	57.5150181900	0.00160808418877	-0.00308089470491	0.0021484803874
1.84565506657	-41.0	57.3501608425	0.00177677767351	-0.00309697701596	0.00197313958779
-2.17457249080	-41.0	54.9714241586	-0.00238681980409	-0.00346369040199	-0.000460522453068
-2.70993175548	-41.0	55.0216967665	-0.0028787846677	-0.00336781539954	-0.000372425187379
-2.25536380675	-41.0	55.2450650995	-0.00247793528251	-0.00342254689895	-0.000189275568118
-2.55305064423	-41.0	55.2781739010	-0.0027525681071	-0.00336460233666	-0.00013669031614
-2.56643839549	-41.0	54.7692124088	-0.00273426948115	-0.003419570392	-0.000622456078418
-2.31533805654	-41.0	54.8200679047	-0.00250827288255	-0.00345479859971	-0.000594308366999
0.886226612041	-41.0	50.8571815580	0.000626891094726	-0.00387185369618	-0.00393579574302
1.09217460643	-41.0	50.6863828669	0.000807972741313	-0.00388710596599	-0.00405410863459
0.625158371636	-41.0	50.4279256402	0.000383478676667	-0.00392988137901	-0.00425737863407
0.623087748897	-41.0	50.7073492685	0.000386059080483	-0.00389526109211	-0.00405343156308
0.851408036667	-41.0	50.2941572486	0.000583270215429	-0.003942866344	-0.00434833951294
1.07244354647	-41.0	50.4159403669	0.000783019931987	-0.00392185151577	-0.00425250129774
-11.1167345890	-41.0	56.2126445098	-0.00929253268987	-0.00232798466459	0.000932133349124
-10.8792750513	-41.0	56.1349724850	-0.00911953300238	-0.00235571339726	0.000871889991686
-10.6451024208	-41.0	56.5187859239	-0.00895690917969	-0.00227995682508	0.00118553405628
-10.6626881850	-41.0	56.2544988503	-0.00896517653018	-0.00233830953948	0.000970557273831
-10.8449636135	-41.0	56.6549431756	-0.00910378992558	-0.00224096816964	0.00129301531706
-11.0706952957	-41.0	56.5759986815	-0.00926583539695	-0.00224884459749	0.00122526136693
-11.1780709536	-41.0	56.3924276824	-0.00934019405395	-0.00228509865701	0.00107576372102
-5.36833730379	-41.0	51.8295283063	-0.00487993564457	-0.00354665750638	-0.00290203094482
-5.93184044553	-41.0	51.7428525638	-0.00531946029514	-0.00353061920032	-0.00292741740122
-5.72908071772	-41.0	51.5338264888	-0.00514693465084	-0.00357999838889	-0.00311024603434
-5.61463073714	-41.0	52.0167445302	-0.00508713722229	-0.00349860661663	-0.00273148040287
-5.45881427551	-41.0	51.5676513508	-0.00493498938158	-0.00358823011629	-0.00310442363843
-5.87826022238	-41.0	51.9764400174	-0.00529189128429	-0.00349040748551	-0.00274345348589
-9.60979997731	-41.0	59.6011464515	-0.00822488032281	-0.00162640691269	0.00374758592807
-9.33976179044	-41.0	59.1856903260	-0.00802614167333	-0.00173306511715	0.0034158823546
-9.81979417046	-41.0	59.1968044258	-0.0083821695298	-0.00171083025634	0.00340517424047
-9.38215086833	-41.0	59.4454762319	-0.00805614609271	-0.00167134241201	0.0036291712895
-9.61683691505	-41.0	59.0765196363	-0.00823189504445	-0.00174641271587	0.00331441289745
-9.80026291641	-41.0	59.4862110041	-0.00836722832173	-0.00164553546347	0.00364426639862
-7.16867375727	-41.0	65.1154837136	-0.00619570724666	-0.0003811653296	0.008355230093
-7.12479920475	-41.0	65.6578982934	-0.00614550383762	-0.000251211837167	0.0087872100994
-7.38855855458	-41.0	65.2745033399	-0.00636911997572	-0.000339776306646	0.00847008544952
-6.93711227507	-41.0	65.2618417749	-0.00600400473922	-0.000349152513081	0.00848304107785
-7.35964235341	-41.0	65.5211188017	-0.00633939122781	-0.000281141634332	0.00866716168821
-6.97514569281	-41.0	65.4740732749	-0.00602890038863	-0.000297282589599	0.00864914152771
-6.01580123543	-41.0	65.0231969288	-0.00526160188019	-0.000423001096351	0.00834009796381
-6.47123859594	-41.0	64.7484570972	-0.00564197963104	-0.000482972565806	0.00810007564723
-6.47727923677	-41.0	65.0051731700	-0.00563843268901	-0.00041930610314	0.00830301642418
-5.99569423004	-41.0	64.7739913917	-0.00525382952765	-0.000485958560603	0.0081443535164
-6.22725571224	-41.0	64.6276333304	-0.00544780492783	-0.000518017215654	0.008016878739
-6.27806660352	-41.0	65.1316671052	-0.00547210639343	-0.000391429348383	0.00841287430376
-0.345428681378	-41.0	57.3428504914	-0.0005538444384	-0.00332139967941	0.00198504980654
-0.933903635474	-41.0	57.1941904876	-0.00119309604634	-0.00331245409325	0.00181882246397
-0.402084985749	-41.0	57.1188283750	-0.000617576239165	-0.00338511308655	0.00173983629793
-0.646202059686	-41.0	57.0330015131	-0.000885100860614	-0.00338996853679	0.00164488330483
-0.842982242455	-41.0	57.4344765535	-0.00109225267079	-0.00325072347187	0.00207899487577
-0.569002392719	-41.0	57.4741119047	-0.000796654319856	-0.00326476152986	0.0021252494771
-2.79716089308	-41.0	44.8169844552	-0.00239466154017	-0.00495588826016	-0.00818427279592
-2.95104315377	-41.0	44.6410254127	-0.0025106058456	-0.00499536702409	-0.00830557011068
-2.85723408792	-41.0	44.3690251719	-0.00242296559736	-0.00505568040535	-0.00849646143615
-2.5759980548	-41.0	44.7305372346	-0.00221260194667	-0.00497402250767	-0.00824644230306
-2.64949496823	-41.0	44.3450318465	-0.00225513498299	-0.00506003806368	-0.00851449463516
-2.56134960350	-41.0	44.5029671120	-0.00219107279554	-0.00502432743087	-0.00840492360294
-5.92768788331	-41.0	64.0443656637	-0.00522585911676	-0.000673092668876	0.00756983691826
-5.90126095617	-41.0	63.8155896309	-0.00521362805739	-0.00073276279727	0.00738926231861
-6.36328825835	-41.0	63.7668762448	-0.00559029728174	-0.000732102489565	0.00732524925843
-6.17935637090	-41.0	64.1472131395	-0.00542654050514	-0.000640362559352	0.00763822812587
-6.40099169804	-41.0	64.0182604274	-0.00561112072319	-0.000667415442877	0.0075237271376
-6.12618581435	-41.0	63.7215324394	-0.00540018733591	-0.000750462000724	0.00730204768479
-4.32464945918	-41.0	46.6571701494	-0.00371947791427	-0.00456004915759	-0.00685126380995
-4.62524539553	-41.0	46.6692768258	-0.00396197102964	-0.00455546192825	-0.00683111511171
-4.42600787977	-41.0	46.1341736430	-0.00377190322615	-0.00467017106712	-0.00722102075815
-4.20453436097	-41.0	46.3831400848	-0.00360757065937	-0.00461823446676	-0.00705103436485
-4.71154748580	-41.0	46.2019049063	-0.00400442676619	-0.0046544210054	-0.00716295698658
-4.79076732408	-41.0	46.4793837491	-0.00408371351659	-0.00459459517151	-0.00696106860414
-4.57932209163	-41.0	66.4796455071	-0.00403095362708	-7.74919317337e-05	0.00954053550959
-4.85994230234	-41.0	66.6029341676	-0.0042605898343	-4.45053919975e-05	0.00962662510574
-4.8670644973	-41.0	66.9154813915	-0.00425833556801	3.24723951053e-05	0.00986981485039
-4.38844720037	-41.0	66.5985974561	-0.00386889535002	-4.9347334425e-05	0.00963940098882
-4.61172870935	-41.0	67.0295321413	-0.00404346175492	5.88631082792e-05	0.00996700953692
-4.39709094611	-41.0	66.8606948731	-0.0038691861555	1.59129995154e-05	0.00984262954444
2.10244054366	-41.0	65.1785169678	0.0016301573487	-0.000411207496654	0.0085883596912
1.73792723265	-41.0	64.7505879955	0.00132636271883	-0.000541848829016	0.0082724718377
2.24387016389	-41.0	64.9246016074	0.00175535713788	-0.000479667069158	0.00839019846171
1.82719593711	-41.0	65.1544773503	0.00139613053761	-0.000424265628681	0.0085778683424
2.11103087834	-41.0	64.6826964367	0.00164725864306	-0.000552425393835	0.00820958893746
1.90219324181	-41.0	64.6702030113	0.00146874203347	-0.000561273773201	0.00820644013584
1.70955052857	-41.0	64.9543340642	0.0012986715883	-0.000483821990201	0.00842853821814
3.70381792079	-41.0	59.8652944403	0.00328039261512	-0.00196319050156	0.00426089996472
3.91620787229	-41.0	60.2832443046	0.00342777906917	-0.00180750573054	0.00460784928873
3.70699693052	-41.0	60.1120257972	0.0032641584985	-0.00188420002814	0.00447451323271
4.23651011173	-41.0	59.9434749979	0.00372046581469	-0.00187746272422	0.00429526716471
3.90889485484	-41.0	59.7728010523	0.00346026732586	-0.00196781312115	0.00416706549004
4.13212142235	-41.0	60.1831351133	0.00361604709178	-0.00181569869164	0.00450836354867
4.07280009308	-41.0	59.8359124730	0.00359247764573	-0.00192891492043	0.00421185093001
3.57983448716	-41.0	66.0297790156	0.0028551297728	-0.000138676230563	0.00918944366276
3.38307499377	-41.0	65.8393672713	0.00269519165158	-0.000195525819436	0.00905066262931
3.67211426158	-41.0	65.5250969332	0.0029426116962	-0.000272466888418	0.00879901181906
3.46510325128	-41.0	65.5616922813	0.00276945321821	-0.000268634059466	0.00883489381522
3.76855338808	-41.0	65.9040793758	0.00301405810751	-0.000167036807397	0.00908623822033
3.78001248627	-41.0	65.6842508633	0.00302838347852	-0.000226017873501	0.00891710631549
-8.29226369921	-41.0	58.8548447334	-0.00725182332098	-0.00186292803846	0.00317765376531
-7.83026562048	-41.0	58.8831021070	-0.00690741883591	-0.0018844291335	0.00321686686948
-8.08884911917	-41.0	59.0110975217	-0.00709807593375	-0.00183792563621	0.0033164571505
-8.23539135642	-41.0	58.6125773207	-0.00721267424524	-0.00192324572708	0.00297485454939
-7.94156390028	-41.0	58.5839319132	-0.00699516478926	-0.00194831879344	0.00295917852782
-5.38004690434	-41.0	45.8591769160	-0.00451633101329	-0.00472656218335	-0.00738648185506
-5.59424722208	-41.0	45.4166184432	-0.00465923268348	-0.00482488423586	-0.00769957434386
-5.59396615737	-41.0	45.7084771815	-0.00467645283788	-0.00475943600759	-0.00748842023313
-5.02043465394	-41.0	45.4518120156	-0.00420740386471	-0.00481768837199	-0.00769072165713
-5.42759404893	-41.0	45.2746028098	-0.004519328475	-0.00485704699531	-0.00780688598752
-5.10817991013	-41.0	45.7595188324	-0.00429491093382	-0.00474935490638	-0.00746712042019
-5.20683782146	-41.0	45.2192352446	-0.00434162607417	-0.00486961891875	-0.00785270053893
2.45321232741	-41.0	51.7439691196	0.00207486283034	-0.00370298651978	-0.00318168988451
2.95558849863	-41.0	51.7526224441	0.00251656793989	-0.00366919278167	-0.00313572236337
2.73141729430	-41.0	51.8984626511	0.00233071134426	-0.00366662116721	-0.00304014561698
2.48855926281	-41.0	51.4674301672	0.00208878819831	-0.00373376579955	-0.00339149287902
2.66455454852	-41.0	51.3622744115	0.00223665032536	-0.00373681006022	-0.00345883425325
2.88176165752	-41.0	51.4910459438	0.00243441713974	-0.00370735069737	-0.00334370718338
-3.72035272455	-41.0	59.8780289275	-0.00364010501653	-0.00199103890918	0.00427567027509
-3.30516169753	-41.0	59.6812358507	-0.00330060021952	-0.0021017906256	0.00413025869057
-3.60258279788	-41.0	60.0855609832	-0.00352557352744	-0.00193767133169	0.00446401163936
-3.56526848440	-41.0	59.6789684491	-0.00352306594141	-0.00207181973383	0.00411098916084
-3.19312935264	-41.0	59.8708596933	-0.00318988435902	-0.00205186475068	0.00430459389463
-3.34050075080	-41.0	60.0959432333	-0.0033007171005	-0.00196151458658	0.00449051242322
-4.39341508738	-41.0	61.5920598577	-0.00408922089264	-0.00141069409437	0.0056814965792
-4.22975526965	-41.0	61.3506388359	-0.00396788446233	-0.00149299972691	0.00549243297428
-3.96413286801	-41.0	61.3601203309	-0.00374464248307	-0.00150849029887	0.00551696261391
-3.98503158699	-41.0	61.7988933821	-0.00373496836983	-0.00137451721821	0.00587596232072
-3.86498672735	-41.0	61.5695971389	-0.00364776002243	-0.00145132059697	0.00569562846795
-4.24392659501	-41.0	61.8281702913	-0.00395040679723	-0.00135040457826	0.0058842129074
-4.76316240637	-41.0	59.5476167571	-0.0045203557238	-0.0019763011951	0.00392211880535
-4.73677169384	-41.0	59.7638544895	-0.00448604952544	-0.00191717117559	0.00411283271387
-4.92419483427	-41.0	59.4161695837	-0.00465707527474	-0.00199624313973	0.00379781541415
-4.87433583830	-41.0	59.9665762306	-0.00458467705175	-0.00184557400644	0.00428081350401
-5.19147495178	-41.0	59.5056299269	-0.0048646684736	-0.00194368581288	0.00386226270348
-5.10793716251	-41.0	59.9714365794	-0.00477199349552	-0.00182230724022	0.00427151285112
-5.25845104655	-41.0	59.7618826741	-0.00490378495306	-0.00186653994024	0.00408184994012
4.76014820056	-41.0	60.9109955495	0.00408223178238	-0.00153787445743	0.00508611788973
4.51545486325	-41.0	60.9344059104	0.00387929659337	-0.0015518165892	0.00512028159574
4.45062993812	-41.0	60.5236537319	0.00385517068207	-0.00168038764969	0.00477888714522
4.74801253130	-41.0	60.4254241160	0.00410627154633	-0.0016811627429	0.00467782048509
4.85743232077	-41.0	60.6852357007	0.00417742831632	-0.00159532588441	0.00489107472822
4.40638579547	-41.0	60.7466705028	0.00380249251612	-0.00161759508774	0.00496969884261
0.0353710450071	-41.0	45.1944420346	-0.000108678359538	-0.00485408166423	-0.00791465677321
0.253604238873	-41.0	45.5535850503	6.29791466054e-05	-0.00477630598471	-0.00766534265131
0.122942032853	-41.0	45.7052937123	-4.59730545117e-05	-0.00474665593356	-0.00756462989375
-0.223780184477	-41.0	45.2721123696	-0.000321033672662	-0.00484065664932	-0.00786632858217
0.193965837753	-41.0	45.3417160437	1.77040219569e-05	-0.00482117151842	-0.00781101407483
-0.0951015745429	-41.0	45.7161499820	-0.000224529503612	-0.00474694697186	-0.00756116770208
-0.295990923343	-41.0	45.5174015751	-0.000385010847822	-0.0047901161015	-0.00769996829331
7.57297376300	-41.0	55.0768021616	0.00640920782462	-0.00270934868604	-4.59936600237e-05
7.21303050294	-41.0	54.7507578346	0.00612916098908	-0.00280468072742	-0.000337040575687
7.63611722922	-41.0	54.8218475765	0.00644807191566	-0.0027580044698	-0.000261665234575
7.17453735962	-41.0	54.9933536864	0.00610875012353	-0.00275790109299	-0.000130370652187
7.43029197205	-41.0	54.6559916783	0.00628839479759	-0.00280743977055	-0.000409927568398
7.35316209803	-41.0	55.1744126570	0.00624801544473	-0.00270586041734	3.1125950045e-05
4.51115760503	-41.0	66.7810121758	0.00360976951197	8.74259421835e-05	0.00973257329315
5.05024356207	-41.0	66.5786231829	0.00405223481357	5.08162629558e-05	0.00955819804221
4.65345767094	-41.0	67.0133651959	0.00372284254991	0.000152249529492	0.00990609358996
4.83107348883	-41.0	66.4509325722	0.00387624953873	1.04893360913e-05	0.00946762785316
4.88281853372	-41.0	66.9913859162	0.00390981603414	0.000153461296577	0.00988144241273
5.05231527330	-41.0	66.8701104754	0.00404915167019	0.000127076098579	0.00978246051818
4.66568081692	-41.0	66.5748614000	0.00373916700482	3.80358760594e-05	0.00956878717989
-3.89969391697	-41.0	47.1321701148	-0.00340126827359	-0.00446556694806	-0.00652829650789
-3.46005836095	-41.0	47.6213929467	-0.00306719145738	-0.00437262887135	-0.00619646022096
-3.91723475421	-41.0	47.3762453592	-0.00342867686413	-0.00441636005417	-0.0063531124033
-3.65802364220	-41.0	47.6390633699	-0.00323072890751	-0.00436710845679	-0.00617575598881
-3.58754639090	-41.0	47.1180853846	-0.00314598018304	-0.00447088759393	-0.00655010016635
-3.38300670711	-41.0	47.3739629583	-0.00299134664237	-0.00442169653252	-0.00637567834929
-3.84343261139	-41.0	47.5606474409	-0.00337837077677	-0.00438050786033	-0.00622410420328
-0.930183206734	-41.0	56.4569697007	-0.00119173096027	-0.00348799768835	0.00101514509879
-0.579226119713	-41.0	56.0755313120	-0.000809794757515	-0.0035857365001	0.000596168858465
-0.94174058493	-41.0	56.2401774110	-0.00120232265908	-0.00352335977368	0.00078001676593
-0.677112973655	-41.0	56.5607495749	-0.000919789541513	-0.00349710113369	0.00112636992708
-0.481667685129	-41.0	56.2566075590	-0.000704628473613	-0.00356747931801	0.00079178478336
-0.775024501573	-41.0	56.1224901100	-0.00102218263783	-0.00356087321416	0.000650008034427
-0.465034289691	-41.0	56.4344649691	-0.00068736524554	-0.00353909819387	0.000986393541098
-4.60416955603	-41.0	58.4093548340	-0.00445516267791	-0.00231375591829	0.00290972739458
-4.28464829129	-41.0	58.1625469704	-0.00421104393899	-0.00242623104714	0.00269418302923
-4.69117165316	-41.0	57.9597980536	-0.00454295938835	-0.00242128153332	0.00249385973439
-4.77793941593	-41.0	58.2136565067	-0.00460142968222	-0.00234281620942	0.00272457883693
-4.46072184322	-41.0	57.8889477477	-0.00436307955533	-0.00247303489596	0.00243426114321
-4.33141784962	-41.0	58.3909196672	-0.00423778314143	-0.00235661189072	0.00290363095701
-3.24705039777	-41.0	54.0642233628	-0.00328579801135	-0.00339980120771	-0.00120856659487
-3.43121033742	-41.0	53.6975054233	-0.00341762672178	-0.00342242210172	-0.00151456950698
-3.22851788648	-41.0	53.8411679270	-0.00325386575423	-0.00342872668989	-0.00140721641947
-3.46403222718	-41.0	54.1383190091	-0.00347668374889	-0.00336232827976	-0.00112360913772
-3.60819408749	-41.0	53.9298622189	-0.00358433532529	-0.00337153603323	-0.00129567505792
9.82282628017	-41.0	53.8936311137	0.00802998710424	-0.00283843721263	-0.000985701801255
9.58277675473	-41.0	53.9194616447	0.00785433221608	-0.00284201931208	-0.000968227919657
9.89409565391	-41.0	54.3043148393	0.00809915643185	-0.00274677248672	-0.000645503925625
9.52450765748	-41.0	54.1717023434	0.00782192964107	-0.00279009738006	-0.000760576687753
9.69184523856	-41.0	54.3307327231	0.00795132853091	-0.00274890847504	-0.000626222346909
9.90214387709	-41.0	54.0869726070	0.00809648633003	-0.0027936657425	-0.000825082417578
-8.49505836914	-41.0	57.3745086239	-0.00740951299667	-0.00219377549365	0.00192073604558
-8.45667031881	-41.0	56.8705620285	-0.00737969111651	-0.00231031840667	0.00149367412087
-8.21931913307	-41.0	57.2951346059	-0.00720829609782	-0.00222925306298	0.00185609783512
-8.14965460036	-41.0	57.0686904153	-0.00715712783858	-0.00228533241898	0.00166344991885
-8.64776897380	-41.0	57.2255195162	-0.00752026913688	-0.00221849116497	0.00179304601625
-8.58351158291	-41.0	57.0274717201	-0.00747267762199	-0.00226716534235	0.00162606476806
-8.26151587329	-41.0	56.9010851071	-0.00723799271509	-0.00231585046276	0.00152013788465
5.79867697593	-41.0	57.2183611675	0.00509366858751	-0.00241597229615	0.00180588837247
6.02911717912	-41.0	57.2572863435	0.00526910275221	-0.00237959623337	0.00184051250108
5.80248060462	-41.0	57.7036332697	0.00508638191968	-0.00229966058396	0.00224244268611
5.58942302619	-41.0	57.5867947531	0.00492546288297	-0.00235408032313	0.00213968753815
5.62954826680	-41.0	57.3867567332	0.00496092578396	-0.00239713257179	0.001958492212
6.08935760141	-41.0	57.4715891994	0.0053113005124	-0.00232223374769	0.00203196029179
5.96805662299	-41.0	57.6065018987	0.00521575612947	-0.0023038208019	0.00215355912223
11.4684226347	-41.0	56.4392543632	0.00931400712579	-0.00222308654338	0.00112272088882
11.9413599702	-41.0	56.8525516593	0.00967064034194	-0.00211896607652	0.00145695393439
11.7288348905	-41.0	56.3182573152	0.00950501486659	-0.00224430044182	0.00101876514964
11.4529049761	-41.0	56.6881372054	0.00930590741336	-0.00216725072823	0.00132922141347
12.0053976259	-41.0	56.6533012407	0.00971559248865	-0.00216279667802	0.00129105441738
11.9615359112	-41.0	56.4307871154	0.00967954471707	-0.00221399846487	0.00110799144022
11.6721866992	-41.0	56.8422520603	0.00947043765336	-0.00212712469511	0.00145334959961
-10.1612163877	-41.0	56.7649793530	-0.00861130282283	-0.00224582594819	0.00139299349394
-9.94791376090	-41.0	56.6193651514	-0.00845526624471	-0.00228801625781	0.00127542146947
-10.1352146539	-41.0	57.0167862705	-0.00859613437206	-0.00219048536383	0.00160029507242
-9.68430154044	-41.0	56.7399015084	-0.00826667342335	-0.00227324687876	0.00137734832242
-9.89863436538	-41.0	57.1234598304	-0.00842632167041	-0.00217708479613	0.00169204524718
-9.74158214344	-41.0	56.9891612367	-0.008311082609	-0.00221454980783	0.00158326153178
-11.3282067685	-41.0	58.2459691826	-0.00948586780578	-0.0018695294857	0.00256315385923
-11.4003229001	-41.0	57.9230594268	-0.00953262113035	-0.00193765806034	0.00229952903464
-11.8214656175	-41.0	58.2235211150	-0.00984819047153	-0.00185761239845	0.00252121523954
-11.6206147188	-41.0	58.3102736982	-0.00970219355077	-0.00184561382048	0.00260102027096
-11.8418613158	-41.0	57.9969664260	-0.00985814072192	-0.00190555432346	0.00233856658451
-11.6915636483	-41.0	57.8733803548	-0.00974509678781	-0.00193766900338	0.00224665831774
-3.96422453126	-41.0	67.3439588620	-0.00349663407542	0.000133067878778	0.010230046697
-3.76029670438	-41.0	66.9188498997	-0.00333643751219	2.6648363928e-05	0.00990642793477
-3.97388707897	-41.0	67.0831520926	-0.00351085187867	6.86697749188e-05	0.0100277271122
-3.52449731748	-41.0	67.0500856108	-0.00313595100306	5.83898254263e-05	0.0100139928982
-3.76677559045	-41.0	67.4357025548	-0.0033296905458	0.000154988956638	0.0103061646223
-3.61129688518	-41.0	67.2927734155	-0.00320294406265	0.000119176256703	0.0101994052529
11.6951226673	-41.0	53.7899484717	0.00940365158021	-0.00281145307235	-0.00106265104841
11.4828667584	-41.0	54.2416638842	0.00926575716585	-0.00271491752937	-0.000691420398653
11.9464743725	-41.0	54.2388666460	0.00960773043334	-0.00270690536126	-0.000697076728102
11.9086462875	-41.0	53.9807614726	0.0095693776384	-0.00276525085792	-0.000908123038244
11.6872247413	-41.0	54.3955057763	0.00942230038345	-0.00267654471099	-0.000566358328797
11.4798579743	-41.0	53.9983307967	0.00925378594548	-0.00276911235414	-0.000890978437383
-4.98798756811	-41.0	64.6038804686	-0.00443229451776	-0.00055102573242	0.00805926509202
-5.47225024948	-41.0	64.3190909029	-0.00484250066802	-0.00061385385925	0.00781114865094
-5.49235725487	-41.0	64.5682964401	-0.00484927883372	-0.000549005111679	0.00800692848861
-5.23525712167	-41.0	64.2029271386	-0.00465241027996	-0.000650154135656	0.00773130636662
-5.26079577267	-41.0	64.7146545014	-0.00465322611853	-0.000516302592587	0.00813344493508
-5.02656130945	-41.0	64.3229098917	-0.0044753793627	-0.000623903237283	0.00783632602543
-1.40885076837	-41.0	47.6076852442	-0.0013573418837	-0.00438649300486	-0.00626187724993
-1.53437927885	-41.0	47.1104271522	-0.00144782906864	-0.00447996426374	-0.00660664075986
-1.79638181470	-41.0	47.1663598625	-0.00166815659031	-0.00446932762861	-0.00656422972679
-1.67871504352	-41.0	47.6433074192	-0.00158536247909	-0.00437970319763	-0.00623307842761
-1.86615237167	-41.0	47.3989897976	-0.00173433136661	-0.00442501204088	-0.00640068622306
-1.36385291603	-41.0	47.3520359649	-0.00131230801344	-0.00443398673087	-0.00644046114758
-8.87224832994	-41.0	63.7901355340	-0.00759050343186	-0.000669364701025	0.00720240920782
-8.62718603605	-41.0	64.3604281032	-0.00738424435258	-0.000539253407624	0.00767405703664
-8.40858440568	-41.0	64.2291068534	-0.00721331778914	-0.00057359947823	0.00758124468848
-8.91217751931	-41.0	64.0940786152	-0.00761591084301	-0.000597506004851	0.00744423223659
-8.58022112086	-41.0	63.8028397416	-0.00735943904147	-0.000671502144542	0.00722948601469
-8.38381456864	-41.0	63.9901655709	-0.00719936192036	-0.00063066376606	0.00739112310112
-8.79977608227	-41.0	64.2558753886	-0.00752355298027	-0.000561279070098	0.0075804614462
-0.913368091418	-41.0	54.3940723498	-0.00111860211473	-0.00365542434156	-0.00108516693581
-0.789473180614	-41.0	54.7660464170	-0.00100444990676	-0.0036563614849	-0.000740185379982
-1.16012284175	-41.0	54.4869573460	-0.00137233012356	-0.00363107072189	-0.000986992265098
-1.20001942546	-41.0	54.7106434621	-0.00142285809852	-0.00361893326044	-0.000774401123635
-0.765778408006	-41.0	54.5411450847	-0.000972719746642	-0.00366314384155	-0.00095437548589
-1.02157409176	-41.0	54.8655587426	-0.00124787725508	-0.00363213615492	-0.000634578813333
-2.60390747028	-41.0	53.2189454154	-0.0026589455083	-0.00356318824925	-0.00199763732962
-2.37938959442	-41.0	53.4005152417	-0.00246907491237	-0.00356803275645	-0.00186257157475
-2.82790065332	-41.0	53.6309346698	-0.00288812257349	-0.00349880754948	-0.00162617058959
-2.82288330583	-41.0	53.3523408088	-0.00286344857886	-0.00352824502625	-0.00186582305469
-2.38833431943	-41.0	53.6499228256	-0.00249467603862	-0.00354565959424	-0.00164764118381
-2.61636467335	-41.0	53.7588264988	-0.00270876754075	-0.0035102898255	-0.00153333100025
4.71180199828	-41.0	64.4639061607	0.00383759802207	-0.000528000178747	0.00793590582907
4.34704691967	-41.0	64.9420165236	0.00351897953078	-0.000410051259678	0.00832262914628
4.31499133073	-41.0	64.4513207076	0.00351065979339	-0.000546416733414	0.00794378481805
4.76376357296	-41.0	64.7320595236	0.00386969139799	-0.000452711974503	0.00814216490835
4.57510234383	-41.0	64.9454405463	0.00370682426728	-0.000401214056183	0.00831568893045
4.51656332652	-41.0	64.3774650877	0.00368030229583	-0.000559240172151	0.00787736196071
4.24898310679	-41.0	64.7200298122	0.00344574591145	-0.000474469386972	0.00815500039607
-9.59590331593	-41.0	57.7145981270	-0.00821246393025	-0.00205761357211	0.00218730373308
-9.74742672769	-41.0	58.1426095116	-0.00832591019571	-0.0019536355976	0.00253786076792
-10.0305040761	-41.0	57.7986096205	-0.00852980371565	-0.00201912224293	0.00224592559971
-9.9986024223	-41.0	58.0559779192	-0.00850896909833	-0.00196239212528	0.00245879497379
-9.83214930677	-41.0	57.6315640235	-0.0083836959675	-0.00206555100158	0.00211312272586
-9.56746093478	-41.0	57.9888923218	-0.00819347705692	-0.00199668807909	0.00241560325958
-7.53559177857	-41.0	62.6917255697	-0.00656670844182	-0.000965815444943	0.00639349641278
-7.17201335121	-41.0	63.0398805790	-0.00626642117277	-0.00089107680833	0.00669598998502
-7.41645198381	-41.0	63.1079942512	-0.00645810738206	-0.000866748043336	0.00673694256693
-7.61385278734	-41.0	62.9226001213	-0.00662066880614	-0.000906539557036	0.00657588290051
-7.30311228135	-41.0	62.6464549939	-0.00638476433232	-0.000984812155366	0.00637019146234
-7.12864953042	-41.0	62.8111161030	-0.00624047406018	-0.000949645589571	0.00651362352073
6.79821802564	-41.0	56.3642656445	0.00585416844115	-0.00250015989877	0.00105313560925
6.68644425229	-41.0	55.8666056534	0.00576426973566	-0.00261869258247	0.00061357114464
6.34588826061	-41.0	56.3530092417	0.00551321450621	-0.00254859821871	0.00103580509312
6.30475674458	-41.0	56.0987211087	0.00547968409956	-0.00260808924213	0.0008091526106
6.46621189070	-41.0	55.9202098376	0.0055991387926	-0.00262926402502	0.000655120238662
6.54809605453	-41.0	56.4173822734	0.00566626992077	-0.00251329177991	0.00109617854469
1.72232846339	-41.0	49.7559963006	0.00133413344156	-0.00399601971731	-0.0047019966878
1.45298469763	-41.0	49.8954846819	0.00110409664921	-0.00398322427645	-0.00461401697248
1.91022733237	-41.0	50.1790970763	0.00151405949146	-0.00392888160422	-0.00438673887402
1.47469626294	-41.0	50.1610023231	0.00113167008385	-0.00394518999383	-0.00442135427147
1.88930040320	-41.0	49.9555878578	0.00148664263543	-0.00396161247045	-0.00454985629767
1.69135008779	-41.0	50.2993558864	0.00132719823159	-0.00391951203346	-0.00431059114635
2.43899059016	-41.0	59.3599378497	0.00221229018643	-0.00229855673388	0.00389848416671
2.53499154157	-41.0	59.6134442550	0.00227969675325	-0.00219399225898	0.00411832239479
2.89632623865	-41.0	59.3538009290	0.00262277969159	-0.00223688571714	0.00386212440208
2.65538224034	-41.0	59.1404924873	0.00242499122396	-0.00234604533762	0.00368493422866
2.81044738286	-41.0	59.6394122565	0.0025242944248	-0.00214951159433	0.00412253243849
-4.62758214124	-41.0	48.0215724513	-0.00404227431864	-0.00427900906652	-0.00585379963741
-4.97665069680	-41.0	48.4468085136	-0.00434960331768	-0.00418891198933	-0.00552312657237
-4.72720177189	-41.0	48.4684355764	-0.00414951797575	-0.00418945448473	-0.00552139058709
-5.04801417319	-41.0	48.2276187575	-0.00439364975318	-0.00423109252006	-0.00568042928353
-4.56268569913	-41.0	48.2427257935	-0.00400275737047	-0.00423650210723	-0.00569585477933
-4.85725559123	-41.0	48.0060028337	-0.00422678329051	-0.00427854945883	-0.00585315655917
-3.08931662329	-41.0	48.1432613505	-0.00278653227724	-0.00427741976455	-0.00583838252351
-2.87919246563	-41.0	48.7171413199	-0.00263850716874	-0.00417595310137	-0.00543506070971
-3.10152715427	-41.0	48.6383656072	-0.00282109691761	-0.00418661022559	-0.00548203196377
-2.84534577063	-41.0	48.1671483097	-0.00258428417146	-0.00427579414099	-0.00583086581901
-2.67395567706	-41.0	48.3838694337	-0.00245061190799	-0.00423823390156	-0.00568252475932
-3.17203551486	-41.0	48.3802738534	-0.00286706560291	-0.00423249742016	-0.00566484034061
-2.72454673291	-41.0	48.5813722838	-0.00250209146179	-0.00420225039124	-0.00553912483156
-3.58828199212	-41.0	50.1367108504	-0.00331102078781	-0.00391657976434	-0.00435338821262
-3.34079677759	-41.0	50.2100833970	-0.00310669071041	-0.0039127310738	-0.00431425636634
-3.63378186106	-41.0	50.7517719469	-0.00338677479886	-0.00381548772566	-0.00388435507193
-3.24782974269	-41.0	50.4795457163	-0.00304351188242	-0.00387319223955	-0.0041175945662
-3.80735498973	-41.0	50.5620402270	-0.00352065521292	-0.00383881665766	-0.00401676492766
-3.78031651613	-41.0	50.3238011674	-0.00348326354288	-0.00387897947803	-0.00419953186065
-3.39090836604	-41.0	50.7127275432	-0.00317899324	-0.00383157446049	-0.00393126066774
5.27536963766	-41.0	52.2261983450	0.00448457943276	-0.00342868547887	-0.00256639695726
5.47692577033	-41.0	52.3752327222	0.00465615931898	-0.0033885105513	-0.00243047066033
5.25456317807	-41.0	51.9648275963	0.00444803759456	-0.00347411679104	-0.00277750473469
5.77906252454	-41.0	52.1241785945	0.0048761642538	-0.0034107461106	-0.00261066644453
5.68004903244	-41.0	51.8890988204	0.00478045037016	-0.00345857720822	-0.00280587514862
5.43556784981	-41.0	51.8166926066	0.00458109145984	-0.00348709244281	-0.00288153416477
5.65706282087	-41.0	52.3132050866	0.0047940495424	-0.00338610028848	-0.00246719806455
-6.11256570867	-41.0	60.0139389207	-0.00556259695441	-0.00172543793451	0.00425374647602
-5.76302349274	-41.0	60.1040226780	-0.00528440019116	-0.00172920583282	0.00434909341857
-5.88282883508	-41.0	59.6819227832	-0.00539903854951	-0.00183179497253	0.0039803981781
-5.94817618261	-41.0	60.1403584101	-0.00542802363634	-0.00170479598455	0.00437018740922
-6.09844232436	-41.0	59.7602496237	-0.00556322978809	-0.00179311342072	0.00403721444309
-5.72196778035	-41.0	59.8685240705	-0.00526405870914	-0.00179588666651	0.00414933310822
-6.38862917940	-41.0	61.5247501108	-0.00570829724893	-0.00131051638164	0.00550599209964
-6.01532127176	-41.0	61.8522759809	-0.00539555633441	-0.00124385755043	0.00579744763672
-6.46287929690	-41.0	61.7645932246	-0.00575607223436	-0.00124419515487	0.00569924060255
-6.26401431052	-41.0	61.9266281509	-0.00559054594487	-0.00121171737555	0.0058438279666
-6.16287550265	-41.0	61.4895505843	-0.00553095526993	-0.00133209349588	0.00549001432955
-6.00837341491	-41.0	61.6401730893	-0.00540051143616	-0.00130066066049	0.00562341464683
-6.21444380667	-41.0	65.7673129836	-0.00540057569742	-0.00023590233468	0.00891694799066
-6.79107163612	-41.0	65.8711579119	-0.00586851965636	-0.000203834701097	0.00897190347314
-6.59867725324	-41.0	66.0588051485	-0.00570665113628	-0.000160742361913	0.0091288825497
-6.40417207318	-41.0	65.6015953286	-0.00556048890576	-0.000273939454928	0.00877756346017
-6.35700077786	-41.0	65.9948848171	-0.00551079772413	-0.000178783870069	0.0090895621106
-6.64141812417	-41.0	65.6873328933	-0.0057515357621	-0.000249992968747	0.00883391778916
11.5696815492	-41.0	53.1981949554	0.00928346719593	-0.00294529367238	-0.00154500594363
11.4404252523	-41.0	52.6735378878	0.0091605335474	-0.00306386593729	-0.00197099871002
11.3169925299	-41.0	53.1341055074	0.00909397937357	-0.00296397251077	-0.00159663020168
11.6952619502	-41.0	52.9744420522	0.0093647018075	-0.00299307424575	-0.00172762211878
11.2550897163	-41.0	52.8784441779	0.00903505273163	-0.0030216567684	-0.00180454005022
11.6570674995	-41.0	52.7222784094	0.00932304840535	-0.00304975872859	-0.00193220272195
-0.483901351261	-41.0	46.1979498843	-0.0005530033377	-0.00465310923755	-0.00723670003936
-0.0913258521761	-41.0	46.5808649635	-0.000234848746913	-0.00457379501313	-0.00696968333796
-0.367080820002	-41.0	46.6129889161	-0.000464021548396	-0.00457013677806	-0.00695092091337
-0.511659509137	-41.0	46.4242915079	-0.000580393476412	-0.00460835220292	-0.00708172097802
-0.036641765271	-41.0	46.3560052670	-0.000186545788893	-0.00461734924465	-0.00712290825322
-0.233534518512	-41.0	46.1787534689	-0.000346214830643	-0.00465462822467	-0.00724704517052
-2.10724006436	-41.0	46.7557283881	-0.00191163958516	-0.00454904651269	-0.00684521207586
-2.02450529679	-41.0	46.5016984427	-0.00183386763092	-0.0045995558612	-0.00702317291871
-2.35658621018	-41.0	46.7643512371	-0.00211802334525	-0.00454708235338	-0.00683454051614
-2.48309494565	-41.0	46.4808335616	-0.00221066107042	-0.0046037081629	-0.00702990125865
-2.22118710892	-41.0	46.3429083707	-0.00198983447626	-0.00463169207796	-0.00713058514521
-8.29986574161	-41.0	47.8352539459	-0.00691131362692	-0.00426859688014	-0.00580344861373
-8.83086912365	-41.0	47.7676104545	-0.00731195416301	-0.00427978113294	-0.00583254313096
-8.67918026870	-41.0	47.9763727948	-0.00720885815099	-0.00423358706757	-0.00567961344495
-8.58376523479	-41.0	47.4798635682	-0.00710673816502	-0.00434680236503	-0.0060612661764
-8.45200708694	-41.0	47.9644787355	-0.0070351595059	-0.00423822877929	-0.00569854816422
-8.73815872784	-41.0	47.5997373215	-0.00723153166473	-0.00431858794764	-0.00596409011632
-8.37384535287	-41.0	47.5945881351	-0.00695336610079	-0.00432218145579	-0.00598276313394
-7.21395349238	-41.0	48.1114698227	-0.00609338283539	-0.00422006845474	-0.00564745254815
-6.66228264390	-41.0	48.2142720940	-0.00567096751183	-0.0042063142173	-0.00559995509684
-7.16053074562	-41.0	48.3779026805	-0.00606854213402	-0.00416351016611	-0.00544961215928
-6.92961787311	-41.0	48.4721767451	-0.00589529564604	-0.00414723204449	-0.0053913379088
-6.98953851152	-41.0	47.9813519983	-0.00591125153005	-0.00425123795867	-0.00575687084347
-6.80745354469	-41.0	48.0559015436	-0.00577426189557	-0.00423779431731	-0.00571064138785
-6.77802820934	-41.0	48.3856518921	-0.00577195547521	-0.00416814861819	-0.00546496128663
3.06161419510	-41.0	49.8901968486	0.00248795724474	-0.00392800895497	-0.00452591385692
3.3050830483	-41.0	50.2871639187	0.00271783070639	-0.00385576253757	-0.00421785749495
2.87328101769	-41.0	50.3664543748	0.00235600490123	-0.00386353163049	-0.00418990524486
2.81635373421	-41.0	50.0904920989	0.00229143281467	-0.00390722090378	-0.00439630588517
3.15744590356	-41.0	50.4013130587	0.00260018976405	-0.00384527537972	-0.00414411025122
3.23400810682	-41.0	50.0760917315	0.00264458195306	-0.00389165664092	-0.00437822425738
10.7325547258	-41.0	52.5749325869	0.00863328017294	-0.00309872906655	-0.00205259607174
10.2848834762	-41.0	52.7776125188	0.00831491686404	-0.00306527246721	-0.00189246691298
10.3687149220	-41.0	53.0099169708	0.00838925875723	-0.00301261316054	-0.00170256057754
10.4730200049	-41.0	52.5511895119	0.00844069663435	-0.00310973264277	-0.00207401043735
10.6234317442	-41.0	53.0110185295	0.00857685599476	-0.00300586712547	-0.00169929000549
10.7929708532	-41.0	52.8098889574	0.00869091879576	-0.00304597639479	-0.0018616510788
-9.25225286009	-41.0	63.3039113027	-0.00789898913354	-0.000776523200329	0.00678863888606
-9.14627371964	-41.0	63.0890154694	-0.00782005209476	-0.000828712596558	0.0066214450635
-9.32077834901	-41.0	62.8750400043	-0.00796033535153	-0.000875233439729	0.00643822364509
-9.55134139927	-41.0	63.2769067062	-0.00813371874392	-0.000777703069616	0.00674914196134
-9.68739311952	-41.0	63.0899023004	-0.00824286416173	-0.000818694417831	0.00659008231014
-9.55016644845	-41.0	62.9123263324	-0.00813850574195	-0.000862169195898	0.0064547797665
8.60232327394	-41.0	63.4197039979	0.00699644954875	-0.00066185061587	0.00695179076865
8.15688728894	-41.0	63.0152968151	0.00666573643684	-0.000777655804995	0.00664307922125
8.09862904663	-41.0	63.4640022150	0.00659982627258	-0.000666029693093	0.00700568035245
8.48087711462	-41.0	62.9639223894	0.00692121870816	-0.000779702735599	0.00658955797553
8.03372803770	-41.0	63.2118244898	0.00656027533114	-0.000732147833332	0.0068058068864
8.68790493601	-41.0	63.1704812859	0.00707389833406	-0.000721634482034	0.00674838433042
7.61215599272	-41.0	52.4713803820	0.00631044618785	-0.00323443231173	-0.00221997383051
7.60165118654	-41.0	52.9206625717	0.00633069640025	-0.0031458765734	-0.00185400620103
7.32030823578	-41.0	52.4736654630	0.00608984474093	-0.00324984034523	-0.00223257252946
7.16091111060	-41.0	52.7281870858	0.00598544208333	-0.00320960441604	-0.00203363085166
7.35121917158	-41.0	52.9106712587	0.00614112103358	-0.00316252047196	-0.00187431497034
-9.83324575419	-41.0	49.7872516625	-0.00817644968629	-0.00381239550188	-0.0042314059101
-10.3023664637	-41.0	50.1300554454	-0.0085415141657	-0.00372851546854	-0.00394361559302
-10.2600053607	-41.0	49.9032424491	-0.00849975738674	-0.00378075614572	-0.00412309030071
-10.1067147806	-41.0	50.3034935268	-0.00840405654162	-0.00369177339599	-0.00381549377926
-10.0917204867	-41.0	49.7131346584	-0.00836559571326	-0.0038260340225	-0.00427852710709
-9.75524971003	-41.0	50.2030126301	-0.00813823007047	-0.0037198625505	-0.00390962557867
-9.93197669927	-41.0	50.2775375033	-0.00827311351895	-0.00370028638281	-0.00384335452691
-8.80555879649	-41.0	48.9385376411	-0.00736009981483	-0.00401654141024	-0.00493678171188
-9.33783425829	-41.0	48.6422097532	-0.00774550903589	-0.00407714489847	-0.00514112226665
-9.22772426309	-41.0	48.8818021152	-0.00767563190311	-0.00402409117669	-0.00496102729812
-8.91529235192	-41.0	48.4562032895	-0.00741585018113	-0.00412324024364	-0.00530237564817
-9.20362903159	-41.0	48.4320921383	-0.00763257965446	-0.00412600208074	-0.00530850142241
-9.03563226773	-41.0	48.9423554927	-0.00753411650658	-0.00401272764429	-0.00492300232872
4.61200487851	-41.0	46.7934433646	0.00355679588392	-0.00443246541545	-0.00660238601267
4.74673659382	-41.0	46.6208587591	0.00365034001879	-0.00446303328499	-0.00671118171886
5.01703450154	-41.0	46.7429449829	0.00386469392106	-0.00443188054487	-0.00661063194275
4.73749739269	-41.0	47.1248470746	0.00367424893193	-0.00436425581574	-0.00636754045263
4.59943561235	-41.0	46.9796668409	0.00355813791975	-0.00439631845802	-0.00647590355948
5.07044931985	-41.0	47.0420559197	0.00392598938197	-0.00437157228589	-0.00640352070332
5.70094696007	-41.0	58.8935710258	0.00496159633622	-0.00200957432389	0.00330383190885
5.73140398905	-41.0	59.1660643944	0.00497138081118	-0.0019342926098	0.00354166817851
5.91745108208	-41.0	59.2780022693	0.00511083239689	-0.00188587943558	0.00363189680502
6.25263115798	-41.0	59.0113598535	0.00538402749225	-0.00192288996186	0.00338785722852
6.12112757250	-41.0	59.2572438099	0.00527038658038	-0.0018716637278	0.00360605749302
6.12356366801	-41.0	58.7693820309	0.00529523519799	-0.00199762708507	0.00318073970266
-6.46380983564	-41.0	58.3548754656	-0.00589438714087	-0.00211805361323	0.00280203763396
-6.90728651749	-41.0	57.8981128583	-0.00623674178496	-0.00218856986612	0.00239259609953
-6.69082031900	-41.0	58.4472191392	-0.00606324383989	-0.00207514408976	0.00287657999434
-6.98718328126	-41.0	58.1452635677	-0.00629212707281	-0.00212291465141	0.00260637025349
-6.53968918541	-41.0	58.1016472695	-0.00595770403743	-0.00217275274917	0.00257796421647
-6.86167471656	-41.0	58.3275108106	-0.00619447976351	-0.00208961660974	0.00276781991124
7.13883735241	-41.0	57.7835360196	0.00609967298806	-0.00214395672083	0.00229770969599
7.31446528611	-41.0	58.2457098251	0.00622124876827	-0.00201879977249	0.00269642216153
7.10033160352	-41.0	58.3285991251	0.00605718931183	-0.00201657647267	0.00277221063152
6.90798130931	-41.0	57.8630106526	0.005923894234	-0.00214569247328	0.00236980058253
6.81527898619	-41.0	58.0991317544	0.00584784243256	-0.00209743715823	0.00257761636749
6.95437349328	-41.0	58.2367114061	0.00594933470711	-0.00205152435228	0.00269516045228
-4.08330551577	-41.0	65.3723495790	-0.00365156237967	-0.000366415770259	0.00869811605662
-3.80402302172	-41.0	65.3050119062	-0.00341985141858	-0.000388353859307	0.0086561627686
-4.15790200225	-41.0	65.6386909052	-0.00370511459187	-0.000295919948258	0.00890220329165
-3.64206177458	-41.0	65.6972848093	-0.0032712589018	-0.000287092028884	0.00896550156176
-3.63425315451	-41.0	65.4615543903	-0.00327212363482	-0.000349274545442	0.00878338515759
-4.01583156091	-41.0	65.7970392280	-0.00358136510476	-0.000256701518083	0.00903014931828
5.42690368598	-41.0	60.5574417768	0.00464639393613	-0.00158229842782	0.00475159985945
5.63453278889	-41.0	60.5827541292	0.00481076491997	-0.00155784655362	0.00476203020662
5.32097735296	-41.0	60.7269975844	0.00455017993227	-0.00154353771359	0.00490004429594
5.76707515553	-41.0	60.8304466159	0.0049008205533	-0.00147896329872	0.00496306689456
5.44129410957	-41.0	60.9510107027	0.00463228765875	-0.00147078582086	0.00508098164573
-4.72527723043	-41.0	63.4076483793	-0.00426641711965	-0.000878872000612	0.00712765101343
-4.97592342857	-41.0	63.0448855670	-0.00449118204415	-0.00096904556267	0.00682471506298
-4.44138383551	-41.0	63.2855335101	-0.00403627799824	-0.000922749808524	0.00704560335726
-4.69796047593	-41.0	62.8752003319	-0.00427005859092	-0.00102728139609	0.00670432625338
-4.47850701600	-41.0	63.0443844708	-0.00407914770767	-0.000988846644759	0.0068516805768
-1.28009304074	-41.0	67.6091132214	-0.00123692082707	0.000198986352189	0.0104766506702
-1.04766884220	-41.0	67.8225284939	-0.00103793025482	0.000253921636613	0.010640706867
-0.831253885743	-41.0	67.6393508807	-0.00085778394714	0.000209054880543	0.010500731878
-0.804150197594	-41.0	67.3999582421	-0.00083792040823	0.000148334205733	0.010317816399
-1.16479781249	-41.0	67.3707708562	-0.00114305026364	0.000138997856993	0.010294794105
-2.36236457446	-41.0	51.7931580094	-0.00235065375455	-0.00373063795269	-0.00317008444108
-2.56984895955	-41.0	51.9857861259	-0.00254638423212	-0.00369690405205	-0.00300447246991
-2.81541819300	-41.0	51.8045302711	-0.00275106960908	-0.0037049332168	-0.00312910391949
-2.59115195628	-41.0	51.5090300220	-0.00253644003533	-0.00375400739722	-0.00337540102191
-2.41158889701	-41.0	51.5738459276	-0.00238180835731	-0.00375439831987	-0.00333716650493
-11.4386944701	-41.0	59.8006860319	-0.00959064438939	-0.00152618810534	0.00381621089764
-11.3643596603	-41.0	60.0533272587	-0.00953752826899	-0.00147240888327	0.0040255994536
-11.1478441384	-41.0	60.1607632482	-0.00937587860972	-0.00145359290764	0.00412546982989
-10.9656711236	-41.0	60.0410778772	-0.00923845730722	-0.00148451526184	0.00403852621093
-11.2261223122	-41.0	59.6612906218	-0.00943035352975	-0.00156200153288	0.00371515727602
-10.9916538023	-41.0	59.7652771449	-0.00925614498556	-0.0015451037325	0.00381268118508
-5.68781673935	-41.0	65.8753772422	-0.00496534537524	-0.00021594435384	0.00902535580099
-5.20241999099	-41.0	65.9533019502	-0.00456280540675	-0.000202531751711	0.00910678040236
-5.27446908457	-41.0	66.2454389552	-0.00461371894926	-0.00012910143414	0.00933216512203
-5.63280397619	-41.0	66.0916596306	-0.00491370214149	-0.000163223259733	0.00919722951949
-5.50162151871	-41.0	66.2056736226	-0.00480234762654	-0.000136563190608	0.00929194036871
-11.8580662850	-41.0	56.8335764021	-0.00984312593937	-0.00215663341805	0.00141178362537
-11.7872832507	-41.0	56.6037341728	-0.00978656113148	-0.00221048737876	0.00123178132344
-11.4383617680	-41.0	56.7451444844	-0.00953590404242	-0.00219511450268	0.00135314825457
-11.5457374259	-41.0	56.5615734853	-0.00961016025394	-0.00223098765127	0.00120408809744
-11.6017425397	-41.0	56.8816357178	-0.00965757947415	-0.00215764925815	0.00145769375376
8.30207290596	-41.0	50.3303750437	0.00667279493064	-0.00363661232404	-0.00388681609184
7.79290508230	-41.0	50.4871457481	0.00630197348073	-0.00362052163109	-0.0037834898103
7.67615831878	-41.0	50.2271020389	0.00619249138981	-0.00367623171769	-0.00398845039308
8.05771095609	-41.0	50.5353076859	0.0065056332387	-0.00360223837197	-0.00373619864695
7.80898678347	-41.0	49.9929841584	0.00627358211204	-0.00371900992468	-0.00416289875284
8.95776203487	-41.0	50.4347378901	0.00717157963663	-0.0035981121473	-0.00378760672174
8.65198402694	-41.0	50.7184647287	0.00696587841958	-0.00354705448262	-0.00357399182394
8.79090927393	-41.0	50.1742986438	0.00702587421983	-0.00365635822527	-0.00399421015754
8.38838405623	-41.0	50.6305022198	0.00676165521145	-0.00357277644798	-0.00365084270015
8.88812205218	-41.0	50.6623940375	0.00713775400072	-0.00355230644345	-0.00361136021093
6.88323929266	-41.0	52.2267207045	0.00574009539559	-0.00332239107229	-0.002456295304
6.72384216748	-41.0	52.4812423272	0.00563549157232	-0.00328378030099	-0.00225961161777
6.74328036898	-41.0	51.9844895300	0.00561555847526	-0.00337630650029	-0.00265916949138
6.46641521445	-41.0	51.9655215847	0.00540067441761	-0.00339588127099	-0.00269132084213
6.31370767379	-41.0	52.1856485687	0.00529834022745	-0.00336466217414	-0.00252446206287
-9.27042891409	-41.0	51.6075452845	-0.0078411558643	-0.00341937784106	-0.0028242636472
-9.56672661869	-41.0	51.2639570934	-0.00804585963488	-0.00348716205917	-0.00308266980574
-9.50563453114	-41.0	51.4994091831	-0.00801051966846	-0.0034366780892	-0.00289880787022
-9.12264327728	-41.0	51.4339402582	-0.00772427441552	-0.00346151390113	-0.00296970596537
-9.19155640556	-41.0	51.2242605298	-0.00776613550261	-0.00350539572537	-0.00313251721673
-9.37495958377	-41.0	51.1819970941	-0.00790030974895	-0.00350995501503	-0.00315682752989
5.12840396042	-41.0	58.6598145566	0.00452419789508	-0.00213811080903	0.00311722257175
4.56784934801	-41.0	58.3670799061	0.00409342814237	-0.00229258602485	0.00287312245928
4.92799552269	-41.0	58.8393315777	0.00435550604016	-0.00211442564614	0.00328567507677
4.55208920826	-41.0	58.6882222690	0.00406309077516	-0.00220587290823	0.00316582480446
5.08446075085	-41.0	58.3822734569	0.00450324639678	-0.00221764249727	0.00286939437501
4.73969899284	-41.0	58.8061247244	0.00420695077628	-0.00214772159234	0.00326397502795
0.0606090102061	-41.0	67.7638251370	-0.000104088416265	0.000248018157436	0.0105921961367
0.312555504479	-41.0	67.8953010773	0.000109239277663	0.000284017121885	0.0106902783737
0.505711795273	-41.0	67.6527889616	0.000270193559118	0.000224920906476	0.0105029707775
0.163231638556	-41.0	67.5138641622	-1.96096334548e-05	0.000185522614629	0.010400579311
7.48355058324	-41.0	62.1953179943	0.00617806706578	-0.00101343006827	0.00600663060322
7.59477851716	-41.0	61.9204514916	0.00627885712311	-0.00107871438377	0.00577810639516
7.84477864870	-41.0	61.8947646347	0.00647494243458	-0.00107370142359	0.00574696483091
7.92670911991	-41.0	62.2285646327	0.00652271974832	-0.000985497026704	0.00601562764496
7.69849742333	-41.0	62.2929138557	0.0063414182514	-0.000978858442977	0.00607707118616
9.79284005213	-41.0	52.0380679656	0.00790762994438	-0.00323773059063	-0.00249793333933
9.94171504898	-41.0	52.5255481379	0.00804752577096	-0.00312910298817	-0.00210186070763
9.66893939224	-41.0	52.5202813752	0.00784587208182	-0.00313837500289	-0.00211114087142
9.61179245923	-41.0	52.2367197744	0.00778639083728	-0.00320054055192	-0.00234151748009
10.1298515776	-41.0	52.2991251310	0.00817276351154	-0.00317278597504	-0.00228202505969
0.609102493871	-41.0	51.2726545994	0.000383151491405	-0.00383215025067	-0.00363583443686
1.10528161649	-41.0	50.9838895350	0.000828343851026	-0.00385123235174	-0.0038342946209
0.636194758959	-41.0	51.0048559366	0.000403066020226	-0.00386048457585	-0.00383404968306
0.821815820006	-41.0	51.4207952421	0.00058187218383	-0.00381200830452	-0.00351879070513
1.02647696168	-41.0	51.3719763515	0.000768367841374	-0.00381103274412	-0.00354809942655
1.12604011142	-41.0	51.1901464471	0.000853549572639	-0.00382733298466	-0.00368016632274
-1.82013687649	-41.0	44.7993248369	-0.00160454283468	-0.00495502259582	-0.00820201728493
-2.08368049815	-41.0	44.3638788093	-0.00180081638973	-0.00505259865895	-0.00850306265056
-1.87614415460	-41.0	44.4191309500	-0.00163568917196	-0.00503896921873	-0.00846475083381
-2.21100213948	-41.0	44.7568947378	-0.001919069211	-0.0049664825201	-0.00823033042252
-2.02375593922	-41.0	44.8775291286	-0.001772335032	-0.00493916589767	-0.00814754143357
-1.74334757348	-41.0	44.6178767018	-0.00153580715414	-0.00499421777204	-0.0083272671327
-2.19635368818	-41.0	44.5293246152	-0.00189815508202	-0.00501653226092	-0.00838815327734
-11.1469861546	-41.0	60.6679793228	-0.00937802996486	-0.00134111649822	0.00453776214272
-10.9583149611	-41.0	61.0525061188	-0.00923616159707	-0.00125915720128	0.00486154900864
-10.9506204483	-41.0	60.8148106609	-0.00922996178269	-0.00131244619843	0.0046688024886
-11.1398059994	-41.0	61.1469148449	-0.0093742609024	-0.00123469601385	0.00492723612115
-11.3385830055	-41.0	60.7595141805	-0.00952340662479	-0.0013170967577	0.00460055936128
1.15612649538	-41.0	67.5121965928	0.000817077641841	0.00019810073718	0.0103861875832
1.44759939134	-41.0	67.2275619990	0.00106164696626	0.000129525607917	0.0101638557389
1.24517605546	-41.0	66.9844539139	0.000891004456207	6.29051501164e-05	0.00998267903924
0.939460999329	-41.0	67.4622650995	0.000634564494248	0.000182053379831	0.0103517165408
1.37927684095	-41.0	67.4717761989	0.00100455770735	0.000191330735106	0.0103512722999
1.01789141452	-41.0	67.0531472564	0.000699369178619	7.73555875639e-05	0.0100389169529
2.26901570339	-41.0	52.1696273590	0.00193766644225	-0.0036684977822	-0.00286376895383
2.49318690772	-41.0	52.0237871520	0.00212855893187	-0.00366860348731	-0.00296099227853
2.25032887624	-41.0	51.5927546681	0.00188537721988	-0.00373254879378	-0.00331275095232
2.04603088706	-41.0	52.0894133829	0.00173133809585	-0.00369143276475	-0.00294301123358
1.98126385752	-41.0	51.8720243364	0.00166011147667	-0.00371740432456	-0.00311641930602
2.06733484501	-41.0	51.7048783283	0.00172824237961	-0.00373025843874	-0.00323938508518
-9.53667555010	-41.0	62.0222715309	-0.00814203731716	-0.00106894480996	0.00573405902833
-9.81481632786	-41.0	62.0872576202	-0.00835546851158	-0.0010476228781	0.00577052216977
-9.42287641534	-41.0	62.4721548070	-0.00804675556719	-0.000966955849435	0.00610596640036
-9.90349989066	-41.0	62.4100357092	-0.00841991044581	-0.000971520552412	0.00602710526437
-9.65226451478	-41.0	62.5094411350	-0.00822401791811	-0.000953510112595	0.00612262729555
0.784033286391	-41.0	47.0941395526	0.000488720892463	-0.00446457928047	-0.00659935316071
0.297996921461	-41.0	46.9723541187	8.46584080136e-05	-0.00449420791119	-0.00669451523572
0.201437357855	-41.0	47.2268803278	2.48688252213e-06	-0.00444750674069	-0.00652125151828
0.576419450806	-41.0	46.9299526161	0.000316326419124	-0.00449863169342	-0.00671748770401
0.376224732721	-41.0	47.4143585393	0.000148052873556	-0.00441077537835	-0.00638877041638
-3.44754265489	-41.0	63.2435778295	-0.00320118898526	-0.000970056164078	0.00706238206476
-3.90980466913	-41.0	63.1911217126	-0.00359531352296	-0.000968889158685	0.00699822651222
-3.34372068635	-41.0	62.9187601949	-0.00312831113115	-0.00106979731936	0.00681087747216
-3.85625659004	-41.0	62.7346298969	-0.00357331521809	-0.0011033838382	0.00663812272251
-3.68959966435	-41.0	63.2348276324	-0.00340713257901	-0.000964205246419	0.00704379193485
-3.94692784962	-41.0	62.9499726734	-0.00363865122199	-0.00103693886194	0.00680489419028
-3.45178661915	-41.0	62.6842509110	-0.00323251518421	-0.00113561772741	0.00661932677031
-2.86307061751	-41.0	52.7301878541	-0.00285458564758	-0.0035917009227	-0.00238242931664
-2.57270412135	-41.0	52.5940159482	-0.00258807628416	-0.00362909492105	-0.00251732370816
-2.36876316211	-41.0	52.8202423081	-0.00242004799657	-0.00362176145427	-0.00234852312133
-2.37984687869	-41.0	53.1018022670	-0.00244892085902	-0.00359465647489	-0.00211450667121
-2.82334059010	-41.0	53.0536278341	-0.00284238229506	-0.00355962757021	-0.0021177593153
-3.01914494927	-41.0	44.8827684827	-0.0025764615275	-0.00494214612991	-0.00813584122807
-3.11877230861	-41.0	45.1537988692	-0.00266932323575	-0.0048830206506	-0.00794493686408
-2.64409985029	-41.0	44.9722803045	-0.00227796030231	-0.0049212789163	-0.00807762518525
-2.69357603907	-41.0	45.2080896873	-0.00232820375822	-0.00487023359165	-0.0079129524529
-2.89083494340	-41.0	45.2697676272	-0.0024905486498	-0.00485739391297	-0.00786732230335
10.0460066649	-41.0	60.9587908413	0.00820519588888	-0.00121950649191	0.00490079820156
10.3739657867	-41.0	60.6579086308	0.00846354663372	-0.00128124549519	0.0046429685317
10.5180162542	-41.0	60.8459441451	0.00856827851385	-0.00123280799016	0.0047928923741
10.4163329220	-41.0	61.0421530276	0.00848538521677	-0.00118908926379	0.00495715485886
10.1289554587	-41.0	60.7163580131	0.00827552191913	-0.00127467652783	0.00469881063327
-2.44079890859	-41.0	65.9754251193	-0.00224978779443	-0.000224273273489	0.00921209622175
-2.69191335444	-41.0	65.8554590760	-0.00246552121826	-0.000254512269748	0.00911439675838
-2.28197206485	-41.0	65.7797751075	-0.00211977655999	-0.00027756075724	0.00906541012228
-2.61731103356	-41.0	65.6143772352	-0.00240872311406	-0.000319654500345	0.0089310426265
-2.38257308325	-41.0	65.5634948367	-0.00221069552936	-0.000335318822181	0.00889749079943
-0.420396942521	-41.0	48.2309650500	-0.000532184261829	-0.00427282229066	-0.00583173008636
-0.982331408187	-41.0	48.0015198886	-0.00100676598959	-0.00431492971256	-0.00599095132202
-1.09221828965	-41.0	48.2496358433	-0.00110585254151	-0.00427146302536	-0.00581625010818
-0.566636825238	-41.0	47.9603843940	-0.000652968941722	-0.00432082731277	-0.00602079974487
-0.790046719574	-41.0	47.9252148707	-0.000842011999339	-0.00432798964903	-0.00604512728751
-0.936281238375	-41.0	48.4553867742	-0.000977145158686	-0.00423603877425	-0.00567317195237
1.81722850733	-41.0	66.1090800071	0.00137681339402	-0.000160084280651	0.00930463243276
1.50958111580	-41.0	66.5045590697	0.00111470359843	-5.94554185227e-05	0.00961243733764
1.89567704702	-41.0	66.3269078871	0.00144146941602	-9.97655224637e-05	0.00946841668338
1.46143061328	-41.0	66.2739905704	0.00107484206092	-0.00012212106958	0.00943815428764
1.80909219689	-41.0	66.5201987834	0.00136734859552	-4.97748915222e-05	0.00961759407073
10.3174057729	-41.0	51.1593063915	0.00823535490781	-0.00341537338682	-0.00319319567643
10.7968368804	-41.0	51.1225732485	0.00858695525676	-0.00341582694091	-0.00321926199831
10.6946488347	-41.0	51.6053849637	0.00854501873255	-0.00331155629829	-0.00283395312726
10.9126202580	-41.0	51.3555308148	0.00868890527636	-0.00336297904141	-0.00303293974139
10.5623213356	-41.0	51.0823496271	0.008410776034	-0.00342807895504	-0.00325244897977
10.2989416658	-41.0	51.4034600233	0.00823902711272	-0.00336273573339	-0.00299880746752
-1.04640933078	-41.0	58.6644048268	-0.00126518437173	-0.00276457937434	0.00333234062418
-0.77011365079	-41.0	58.6553387473	-0.000981734949164	-0.00279323407449	0.00333319325
-1.06714178793	-41.0	58.8682381664	-0.00127718306612	-0.00267769442871	0.0035265116021
-0.947990265156	-41.0	59.0929103736	-0.00114705937449	-0.00259313010611	0.00374161708169
-0.666575575519	-41.0	58.8444106679	-0.000868790957611	-0.00271972338669	0.00351767730899
-7.00176195778	-41.0	60.4814024462	-0.0062323953025	-0.00154386309441	0.00460352702066
-7.45727914511	-41.0	60.7618244887	-0.00657349964604	-0.00144799647387	0.00481405947357
-7.06853654531	-41.0	60.7443506442	-0.00627391086891	-0.00147350307088	0.00482001388445
-7.44081224408	-41.0	60.3647222841	-0.00657421862707	-0.00154741096776	0.00448350794613
-7.22670183803	-41.0	60.2848620376	-0.00641277385876	-0.00157974101603	0.00442717596889
-7.25162734305	-41.0	60.7961225520	-0.00641361391172	-0.00145036599133	0.00485345907509
5.56553293845	-41.0	45.8728117565	0.00422486849129	-0.00458868965507	-0.0071689481847
5.35330724212	-41.0	45.9183741657	0.00406963471323	-0.00458621932194	-0.00714952265844
5.78244111218	-41.0	46.0130172091	0.0043936050497	-0.00455551920459	-0.00706446077675
5.36658801853	-41.0	46.3455435657	0.00410408293828	-0.004502015654	-0.00685934582725
5.30905347021	-41.0	46.1162148170	0.00404694117606	-0.0045488262549	-0.0070180031471
5.5775900717	-41.0	46.3464866748	0.00426302663982	-0.00449643470347	-0.00684770895168
11.2751978019	-41.0	58.7724128353	0.00917722843587	-0.00169625820126	0.00306062097661
10.9744522460	-41.0	58.4589962159	0.00895439181477	-0.00177659385372	0.00280801858753
11.4205492473	-41.0	58.5568731759	0.0092876618728	-0.00174220500048	0.00287864403799
11.0335147529	-41.0	58.7172342568	0.00899652671069	-0.00171542260796	0.00302085769363
-11.6897053011	-41.0	58.7688824629	-0.00976200960577	-0.00174419139512	0.00296702375636
-11.5375599076	-41.0	58.9645378182	-0.00965279340744	-0.00170614453964	0.00313324970193
-11.8978782919	-41.0	58.9131125992	-0.00991883594543	-0.00170727807563	0.00307191465981
-11.8386508328	-41.0	59.1462929545	-0.0098792463541	-0.00165867607575	0.00326341670007
-11.6674141374	-41.0	59.1349829278	-0.00975189451128	-0.00166557473131	0.00326393544674
-7.91224310622	-41.0	64.8143962952	-0.00680261896923	-0.000442343502073	0.00807644985616
-7.91657241985	-41.0	64.5089516971	-0.00681389076635	-0.000515128893312	0.00783251784742
-7.42077611344	-41.0	64.7314359745	-0.00640998920426	-0.000469938706374	0.00803680252284
-7.64066091075	-41.0	64.8904556009	-0.00658250274137	-0.000428201135946	0.00815162993968
-7.73880941158	-41.0	64.4103810292	-0.00667429808527	-0.000541810935829	0.00776358973235
8.57336092588	-41.0	56.3239864304	0.00717528862879	-0.00237024272792	0.00103722338099
8.63919817535	-41.0	56.0329582313	0.00722056208178	-0.00243070186116	0.00078997889068
8.46284348883	-41.0	55.8352820387	0.00708715897053	-0.00248504197225	0.000619959260803
8.09349270648	-41.0	56.0665131254	0.00681718066335	-0.00245880079456	0.00081290648086
8.21437159701	-41.0	55.8610306567	0.00690372195095	-0.00249555148184	0.000638639787212
8.16399206974	-41.0	56.2708762628	0.00687172729522	-0.00240881694481	0.000988826388493
8.59201943092	-41.0	54.4789800621	0.00714563345537	-0.00276937708259	-0.000523970695212
8.89683223081	-41.0	54.1022349844	0.00735607836396	-0.00283333845437	-0.000830986071378
8.62158932203	-41.0	54.2082226261	0.00715691270307	-0.00282501731999	-0.000749676022679
9.03960237561	-41.0	54.5405563044	0.00747851748019	-0.00273280916736	-0.00046254802146
9.07282828082	-41.0	54.3072963507	0.00749432528391	-0.00278115947731	-0.000656406395137
2.04873972474	-41.0	57.9872073463	0.00194525241386	-0.00285432673991	0.00261859432794
1.59597251262	-41.0	58.2167798586	0.00149332953151	-0.00285550113767	0.00286830705591
1.95268074002	-41.0	58.4917440101	0.00182333146222	-0.0026933462359	0.00312002468854
1.67204249210	-41.0	58.4746933315	0.00155344326049	-0.00274592102505	0.00311863841489
1.79386729978	-41.0	57.9764347611	0.00170067336876	-0.00290672550909	0.00261837639846
2.13704805644	-41.0	58.2148219704	0.00201569218189	-0.00275954091921	0.00284017296508
0.945691336243	-41.0	55.5069529855	0.000845709932037	-0.0035996621009	6.09422022535e-06
0.923798800445	-41.0	55.2311097908	0.000814008817542	-0.00361958961003	-0.00027565236087
1.14065361426	-41.0	55.0501948025	0.00103230064269	-0.00360253942199	-0.00044557833462
1.36106359679	-41.0	55.1673052466	0.00126220460515	-0.00356561900117	-0.000318082544254
1.37401095167	-41.0	55.4080551858	0.00128596415743	-0.00354624004103	-7.62381023378e-05
3.88616219691	-41.0	54.5486532721	0.0035210212227	-0.00321439793333	-0.000709734507836
3.39423033350	-41.0	54.3843280950	0.0030952503439	-0.003309691092	-0.000898694212083
3.67280151281	-41.0	54.7426626048	0.00335512822494	-0.0032183942385	-0.000550347846001
3.56518831474	-41.0	54.2301446089	0.00323003460653	-0.00330487010069	-0.00102200719994
3.81134525918	-41.0	54.3105959723	0.00344294658862	-0.0032593247015	-0.000929280591663
3.43917354982	-41.0	54.6459458735	0.0031514740549	-0.00326857808977	-0.000657472992316
1.33802155445	-41.0	52.7872440629	0.00111390487291	-0.00367895048112	-0.00243560504168
1.35424865032	-41.0	53.0660509699	0.00114337506238	-0.00366106280126	-0.00220786966383
1.10461589368	-41.0	53.2313127697	0.000911090988666	-0.0036693434231	-0.00208563753404
0.97205858078	-41.0	53.0504223588	0.000775144377258	-0.00368548231199	-0.00224112602882
0.96764238872	-41.0	52.7866013344	0.000760887225624	-0.00369944283739	-0.00245525175706
3.59481397063	-41.0	56.6287986964	0.00335476920009	-0.00289941765368	0.00124019314535
4.14977688272	-41.0	56.6465916954	0.00380876567215	-0.00279155978933	0.00126616493799
3.59836913934	-41.0	56.9268241289	0.00335561414249	-0.0028310266789	0.00153086497448
3.81166878445	-41.0	56.4478837081	0.00353330676444	-0.00289640878327	0.00106909894384
4.07982846826	-41.0	56.9074605771	0.00375054706819	-0.00274500553496	0.00151431735139
4.00196919365	-41.0	56.5104024034	0.0036889789626	-0.00284779397771	0.00113347312436
5.29630952930	-41.0	54.9165715832	0.00467322254553	-0.00296222884208	-0.000283211295027
5.30355710133	-41.0	55.1891152142	0.00469006411731	-0.00291018025018	-3.96885370719e-05
5.08670228751	-41.0	55.3700302025	0.00452750176191	-0.00290387682617	0.000112149427878
4.86629230498	-41.0	55.2529197583	0.00435005873442	-0.00295588932931	-5.43162104805e-06
4.86273713627	-41.0	54.9548943258	0.00433433847502	-0.00301046622917	-0.000274633464869
2.35537706157	-41.0	57.4958520869	0.00225572683848	-0.00294562312774	0.00211176089942
2.62990318973	-41.0	57.4949064287	0.00250588590279	-0.00288689159788	0.00210387818515
2.27524304557	-41.0	57.1060398019	0.00219312030822	-0.00307106948458	0.00171359837987
2.69774416679	-41.0	57.0620696419	0.00257936771959	-0.00298787979409	0.0016658619279
2.69920000118	-41.0	57.2815373292	0.00257512158714	-0.00293081952259	0.00188759097364
2.26632648601	-41.0	57.3202221542	0.00217928388156	-0.00301525811665	0.00193433160894
2.23974935157	-41.0	55.9566073197	0.00215386552736	-0.00331592862494	0.000526105926838
2.69775387488	-41.0	55.9049004894	0.00257131201215	-0.00322603154927	0.00049549137475
2.72023818733	-41.0	56.1951199879	0.00259912898764	-0.00317109702155	0.000787405471783
2.27194392548	-41.0	56.2497916601	0.00219127582386	-0.00326008908451	0.000827997282613
2.47262397585	-41.0	55.7836139655	0.00236346595921	-0.00329245789908	0.000362684950233
2.21041161758	-41.0	54.4587215423	0.00204460485838	-0.0034830418881	-0.000933166360483
2.45648920552	-41.0	53.9954343099	0.00223792460747	-0.00348560442217	-0.00132956530433
2.20685644888	-41.0	54.1606961097	0.00202018907294	-0.00350623414852	-0.00120412756223
2.59386111056	-41.0	54.2099001700	0.00237861112691	-0.00344745675102	-0.0011262295302
2.59346271048	-41.0	54.4401457452	0.00239509460516	-0.00342577602714	-0.000917585100979
-0.0458497664984	-41.0	53.8813242069	-0.000221464273636	-0.00369479763322	-0.00156536395662
-0.225667317142	-41.0	54.3438742575	-0.000408902706113	-0.00368931447156	-0.00115034647752
-0.499479087099	-41.0	53.8542988200	-0.000681834644638	-0.00368764670566	-0.0015834113583
-0.563488068702	-41.0	54.1044367512	-0.000752718944568	-0.00368134165183	-0.0013608498266
-0.00881250332311	-41.0	54.1629592691	-0.000183397598448	-0.00369211193174	-0.0013156972127
-0.415898385291	-41.0	54.2515094862	-0.000604568864219	-0.00368530373089	-0.00123173242901
-0.209140842844	-41.0	52.5631868850	-0.00037743919529	-0.00373744498938	-0.00265628891066
-0.471322130545	-41.0	53.0019245439	-0.000637089076918	-0.00371285877191	-0.00230109319091
-0.474877299253	-41.0	52.7038991114	-0.000635352393147	-0.00372717692517	-0.00254142656922
-0.0700505290267	-41.0	52.7570967132	-0.000243810602115	-0.00372732896358	-0.00250247097574
-0.063347728293	-41.0	53.0205685273	-0.000237612592173	-0.00371583970264	-0.00228990474716
0.109835734125	-41.0	58.7234413209	-5.85570887779e-05	-0.00279150134884	0.00341062434018
0.183444523929	-41.0	58.9431366877	1.66237095982e-05	-0.00269370363094	0.0036194389686
-0.145776775373	-41.0	58.7135279758	-0.000327694986481	-0.00279665389098	0.00340102706105
-0.0203109991191	-41.0	59.1384107679	-0.00019577916828	-0.0026100629475	0.00380215933546
-0.285853312933	-41.0	58.8817322947	-0.000473004125524	-0.00272050942294	0.0035606934689
-1.42105153853	-41.0	61.3064713435	-0.00150526093785	-0.00168039242271	0.00561279291287
-1.76853800459	-41.0	61.5573244036	-0.00181196979247	-0.0015760329552	0.00580070912838
-1.54216530989	-41.0	61.5858279322	-0.00160487007815	-0.00157523865346	0.00583261530846
-1.74799296537	-41.0	61.0269827577	-0.00181883550249	-0.00176687841304	0.0053719417192
-1.85959138659	-41.0	61.3017271356	-0.00190684653353	-0.00166197749786	0.00559045094997
-3.29319559406	-41.0	61.6980967797	-0.00315200956538	-0.0014470925089	0.00583510706201
-3.39842085159	-41.0	61.4978786145	-0.00325485179201	-0.00150377152022	0.00566537072882
-3.08284147801	-41.0	61.6736277738	-0.0029717029538	-0.0014673875412	0.00582741014659
-2.97124305678	-41.0	61.3988833959	-0.00289136730134	-0.00156328117009	0.00560987787321
-3.28742909248	-41.0	61.2840946051	-0.00317292963155	-0.00157928082626	0.00549642462283
-2.25964101193	-41.0	59.7686194237	-0.00236650160514	-0.00219170819037	0.00427755760029
-2.62027211293	-41.0	60.0620817700	-0.00267167948186	-0.00204769172706	0.0045096478425
-2.35152558164	-41.0	60.0720205142	-0.00242889951915	-0.00207097199745	0.00453578075394
-2.71624419032	-41.0	59.8291318706	-0.00277420366183	-0.00211955979466	0.0043003084138
-2.61866668607	-41.0	59.6399013018	-0.00270105409436	-0.00219764653593	0.00413999892771
7.20839142552	-41.0	65.2406925626	0.00582249183208	-0.000235687519307	0.00844576116651
7.07544089959	-41.0	64.6639593662	0.00573887582868	-0.000389860011637	0.00799679849297
6.85456533791	-41.0	64.8503761567	0.00555547373369	-0.000348108675098	0.00815145578235
7.41905165691	-41.0	65.0857883212	0.00599542399868	-0.000270137301413	0.00831704959273
6.93092468681	-41.0	65.1639999384	0.00560444872826	-0.000263697467744	0.00839497428387
-2.11163431047	-41.0	50.5985112900	-0.00206730142236	-0.0038922438398	-0.0040942481719
-1.72539408396	-41.0	50.3533641898	-0.00171707139816	-0.00393529655412	-0.00429270416498
-1.97855151976	-41.0	50.3439931142	-0.00193935108837	-0.00393124576658	-0.00428920192644
-1.64205433297	-41.0	50.5361468561	-0.0016502198996	-0.00391198461875	-0.00416104588658
-1.92530016074	-41.0	50.8139990348	-0.00191256823018	-0.00386836729012	-0.00394233502448
0.106590729874	-41.0	44.6303440607	-3.9945840399e-05	-0.00497405929491	-0.00829777587205
0.0285870848916	-41.0	44.0830066882	-9.08642905415e-05	-0.00509551167488	-0.00867343042046
-0.099314899648	-41.0	44.4601770762	-0.000202453738893	-0.00501370290294	-0.00841830484569
0.237329934375	-41.0	44.0879382478	7.66563025536e-05	-0.0050917477347	-0.00866503454745
-0.0798798226224	-41.0	44.2549988670	-0.000182068746653	-0.0050586448051	-0.00855815969408
0.351858499916	-41.0	44.2815728201	0.000164656506968	-0.00504727102816	-0.0085298102349
8.77675473277	-41.0	53.6420195354	0.00724653108045	-0.00293628918007	-0.00121572217904
8.28248972651	-41.0	53.5387491892	0.00687454314902	-0.00298287952319	-0.00131674122531
8.50151182399	-41.0	53.7480071771	0.00704755773768	-0.00292788655497	-0.00113611249253
8.64785625952	-41.0	53.2476176223	0.00713097443804	-0.00302483094856	-0.00154465041123
8.42920853175	-41.0	53.2873138732	0.00697061186656	-0.00302718672901	-0.00151919841301
-4.01367751727	-41.0	65.0992304474	-0.00360270659439	-0.000439591211034	0.00848852470517
-4.51412319013	-41.0	64.9544400466	-0.00402581784874	-0.000468848622404	0.00835524871945
-4.36755649781	-41.0	65.4329094465	-0.00388684310019	-0.000346352986526	0.00873429700732
-4.56783331319	-41.0	65.2519026430	-0.00405981484801	-0.000390191475162	0.00858519785106
-4.19741681590	-41.0	64.9420229306	-0.00376211479306	-0.000478084810311	0.00835883058608
5.71692378858	-41.0	66.4285330043	0.00459451926872	3.19232021866e-05	0.00941969081759
5.50276252916	-41.0	66.2750879563	0.00442499248311	-1.50157920871e-05	0.00930843129754
5.49016013887	-41.0	65.9807260638	0.00442184973508	-9.3165137514e-05	0.00908136367798
5.70065536771	-41.0	65.8006991448	0.00459687551484	-0.000134176327265	0.00893443170935
5.89553347655	-41.0	66.3076699931	0.00474097905681	5.63745879845e-06	0.0093203112483
-1.26881045975	-41.0	49.5047520476	-0.00128918502014	-0.00406523421407	-0.00492300512269
-1.11512013099	-41.0	49.1627555618	-0.00114687089808	-0.0041194120422	-0.00517049105838
-1.62401703490	-41.0	49.2208162663	-0.00158914458007	-0.00410675723106	-0.00511810416356
-1.49775923005	-41.0	49.0285650811	-0.00147419259883	-0.00413888972253	-0.00525870220736
-1.11992320641	-41.0	49.3337815160	-0.00115510099567	-0.00409252149984	-0.00504835834727
-1.22549450074	-41.0	48.9879406530	-0.00123813271057	-0.00414701737463	-0.00529306987301
3.73181356998	-41.0	61.4344389486	0.0031876899302	-0.00146338937338	0.00558224646375
3.83822237175	-41.0	60.8437338825	0.00332010770217	-0.00163942750078	0.0050867930986
3.59643161098	-41.0	60.9291642884	0.00310844811611	-0.00163412722759	0.00517364451662
3.52411856161	-41.0	61.2111139237	0.00302632735111	-0.00155029073358	0.0054118046537
4.11896084694	-41.0	61.1543768697	0.00353386322968	-0.00151896779425	0.00532759446651
4.00989177916	-41.0	60.9666414621	0.00345581979491	-0.00158586131874	0.00517845526338
-2.16235870936	-41.0	66.2555666923	-0.00200730678625	-0.000151286556502	0.00943199358881
-1.75123138055	-41.0	66.0920974879	-0.00166168110445	-0.000195861473912	0.00931328162551
-1.70102684273	-41.0	66.3405209424	-0.0016142053064	-0.000129793668748	0.00950367096812
-2.00353186562	-41.0	66.0599166805	-0.00187680707313	-0.000203775314731	0.0092849265784
-1.86767348879	-41.0	66.5237933750	-0.00175203208346	-8.1351310655e-05	0.00964163988829
3.23507935120	-41.0	44.8314667575	0.00244941725396	-0.00487113278359	-0.00803087744862
3.62651081270	-41.0	45.1406565523	0.00275280931965	-0.00479435781017	-0.00779627077281
3.73581267886	-41.0	44.6865130931	0.00283775152639	-0.00488815223798	-0.00809746887535
3.50535527796	-41.0	44.6116578083	0.00266008009203	-0.00491131097078	-0.00816328357905
3.74294981169	-41.0	44.9011208899	0.00284242350608	-0.00484180171043	-0.00795137882233
-2.18273767684	-41.0	67.3324253200	-0.00200264062732	0.000126838887809	0.0102568650618
-2.30684741984	-41.0	67.6466743851	-0.0021012602374	0.000205684147659	0.0104966191575
-2.79099638178	-41.0	67.4075686626	-0.00251283473335	0.000145931175211	0.0103052603081
-2.70995935622	-41.0	67.6652932298	-0.00243963627145	0.000210102996789	0.0105050979182
-2.51276388031	-41.0	67.7213508433	-0.00227295584045	0.000224101124331	0.010551251471
-2.66026527432	-41.0	67.2203035662	-0.00240684021264	9.87352541415e-05	0.010163477622
-8.75226538916	-41.0	60.4333998679	-0.00757062016055	-0.001466805581	0.00447569927201
-9.21787548824	-41.0	60.6011473193	-0.00792034994811	-0.00140941108111	0.00459024682641
-9.13899403942	-41.0	60.2002296990	-0.0078664412722	-0.00150598795153	0.00426400173455
-9.28913785378	-41.0	60.3600317869	-0.00797752011567	-0.00146303791553	0.00438823085278
-8.97311969281	-41.0	60.5510996053	-0.00773577950895	-0.00143021310214	0.00456166407093
1.84925720918	-41.0	44.3949277352	0.00136059895158	-0.00499794678763	-0.00840013939887
1.29609691169	-41.0	44.3681183925	0.000920139544178	-0.00501386960968	-0.00844088383019
1.38712208543	-41.0	44.6042719308	0.000990088912658	-0.00496060913429	-0.00827681273222
1.44318388142	-41.0	44.1362828187	0.00104050070513	-0.00506268721074	-0.00859316065907
1.68097436282	-41.0	44.1184861672	0.00122989295051	-0.00506239430979	-0.00859557650983
-11.5120577168	-41.0	54.0341941396	-0.00954489503056	-0.00280651403591	-0.000804723415058
-11.5337230718	-41.0	53.5556088385	-0.00955236982554	-0.00291704665869	-0.00118467537686
-11.2304705015	-41.0	53.6969178209	-0.00933493953198	-0.00289363763295	-0.0010800085729
-11.3313638918	-41.0	53.5429666292	-0.00940525904298	-0.00292601482943	-0.00120004592463
-11.6267814870	-41.0	53.7649837185	-0.0096236160025	-0.0028653847985	-0.00101600168273
4.16194460773	-41.0	47.7084646268	0.00325919850729	-0.00426885345951	-0.0060023907572
4.35065739140	-41.0	47.8314853034	0.00341650121845	-0.00424010260031	-0.00590468756855
4.09483092332	-41.0	48.2316577006	0.00323783466592	-0.00417392374948	-0.00564186833799
4.37579409535	-41.0	48.0734799504	0.0034521620255	-0.00419416697696	-0.00573434634134
3.97401994173	-41.0	47.7494778913	0.00311216362752	-0.00426677288488	-0.00598617410287
3.86567822236	-41.0	47.8792101680	0.00303302216344	-0.00424588797614	-0.00590303586796
4.46177613203	-41.0	49.0648488966	0.0035889276769	-0.00401119142771	-0.00502669531852
4.67680774916	-41.0	48.9284085953	0.00375194847584	-0.0040277428925	-0.0051103355363
4.70845631685	-41.0	49.3673664911	0.00380946369842	-0.00394808733836	-0.00479181110859
4.51431782324	-41.0	49.2780492579	0.00364651717246	-0.00397145980969	-0.0048695858568
4.85493789274	-41.0	49.2286906597	0.00391669198871	-0.00396714033559	-0.0048825875856
5.84588336741	-41.0	48.4508546462	0.00463740481064	-0.00407777260989	-0.00538332387805
5.58736123451	-41.0	48.3519950178	0.00442787865177	-0.00410433253273	-0.00546650774777
5.81668941873	-41.0	48.7109569031	0.00463598873466	-0.00402918783948	-0.00519881537184
5.60414283559	-41.0	48.7864850065	0.0044758701697	-0.00402176892385	-0.00515584601089
5.37194830044	-41.0	48.5469498854	0.00427458342165	-0.0040742168203	-0.00533990003169
-4.9951089212	-41.0	61.6490762958	-0.00458181090653	-0.00135684385896	0.0056915152818
-5.45382861693	-41.0	61.4173400682	-0.00496729044244	-0.00139326811768	0.00547227170318
-5.14216368625	-41.0	61.3944896600	-0.00471631111577	-0.00141930009704	0.0054722269997
-5.36901795786	-41.0	61.9516502057	-0.00486961565912	-0.00125122105237	0.00591731537133
-5.55852007243	-41.0	61.8433560311	-0.00502884900197	-0.00127056310885	0.00581722287461
-5.55157221559	-41.0	61.6312531395	-0.00503450771794	-0.00132878997829	0.00564318802208
-1.17736012328	-41.0	52.5381095089	-0.00130197987892	-0.00371711072512	-0.00265152286738
-1.44050638711	-41.0	52.942610369	-0.00156864721794	-0.00367699214257	-0.00231184298173
-0.928471662687	-41.0	52.9904651660	-0.00108087912668	-0.00369982398115	-0.00229724822566
-0.932026831395	-41.0	52.6924397335	-0.00107444729656	-0.00371623947285	-0.00253816437908
-1.19517309523	-41.0	53.0969405936	-0.00134203326888	-0.00368181639351	-0.00219816248864
8.92290318020	-41.0	52.3784655846	0.0072849043645	-0.00319404900074	-0.00224455934949
8.58673967541	-41.0	52.1583745799	0.00702075427398	-0.00325271021575	-0.00243297708221
9.04153600877	-41.0	51.8890951983	0.00734136858955	-0.00329194939695	-0.00263505824842
9.11476315876	-41.0	52.1423605369	0.00741236563772	-0.00323647307232	-0.00242956634611
8.70123505565	-41.0	52.3603657911	0.00711899297312	-0.00320646050386	-0.00226613972336
8.67554447569	-41.0	51.9539419441	0.00707341078669	-0.00329140457325	-0.00259427074343
-0.568274744955	-41.0	63.2085536902	-0.000684972677846	-0.00104267976712	0.00712287751958
-0.213618741151	-41.0	63.5105957479	-0.000367235188605	-0.00094609730877	0.00735602620989
-0.742869483796	-41.0	63.4194365769	-0.000837305153254	-0.000974583555944	0.00728342495859
-0.350009488708	-41.0	63.3034245331	-0.000489673926495	-0.00101240188815	0.00719695910811
-0.642627325361	-41.0	63.6531837120	-0.000745475292206	-0.000901476247236	0.00746359070763
-7.13538084272	-41.0	46.3976739999	-0.0059255938977	-0.00459951814264	-0.00692943530157
-7.29732651286	-41.0	46.8175308239	-0.00607736362144	-0.0045042023994	-0.00661125220358
-6.92065831781	-41.0	46.5518008881	-0.00576835218817	-0.0045658564195	-0.00682352716103
-7.32610546146	-41.0	46.5451056231	-0.00608266377822	-0.00456539494917	-0.00681282812729
-6.90225030986	-41.0	46.8138938345	-0.00577039411291	-0.00450752256438	-0.0066302837804
-10.1065746091	-41.0	54.4709739417	-0.0085358582437	-0.00275925104506	-0.000484530959511
-9.59423462665	-41.0	54.2281404284	-0.00816103070974	-0.00283401878551	-0.000695370195899
-10.1859634897	-41.0	54.2317719932	-0.00858872849494	-0.00280930940062	-0.000676829891745
-10.0191784436	-41.0	54.0458310488	-0.00846447236836	-0.00285703619011	-0.000831968325656
-9.74232789412	-41.0	54.0397706931	-0.00826403964311	-0.00286931125447	-0.000844794732984
-9.67487268721	-41.0	54.4243318653	-0.00822339206934	-0.00278741773218	-0.000532762205694
11.1082369227	-41.0	52.1538578982	0.00888530351222	-0.00318415206857	-0.00239130295813
10.8694485280	-41.0	52.1162879985	0.00870689935982	-0.00319652212784	-0.0024223937653
11.1647094123	-41.0	52.3921640336	0.00894119776785	-0.0031306440942	-0.00219875131734
10.6594230280	-41.0	52.3383708782	0.00856556463987	-0.00315199489705	-0.00224450160749
10.9793738763	-41.0	52.5970703238	0.00881639029831	-0.00308885402046	-0.00203337077983
-0.531577265056	-41.0	59.8033529408	-0.000706504331902	-0.00231059850194	0.00439041992649
-0.0488552002963	-41.0	59.7982106233	-0.000224503572099	-0.00232015224174	0.00439136149362
-0.117715260225	-41.0	60.0667922133	-0.000292492652079	-0.00220524449833	0.0046216128394
-0.409441229651	-41.0	60.0554420269	-0.000580551102757	-0.00220674369484	0.00460928957909
-0.105502841587	-41.0	59.5762670622	-0.000281950749923	-0.00241681584157	0.00419694930315
-1.01492623374	-41.0	61.0811974069	-0.00113619689364	-0.00177902891301	0.00544448243454
-1.04089371427	-41.0	61.5669496425	-0.00114552420564	-0.00159815978259	0.00583366584033
-1.30507791763	-41.0	61.6012621450	-0.00138741522096	-0.00157810025848	0.00585329160094
-0.903352338129	-41.0	61.3276273385	-0.00102466158569	-0.00168963940814	0.00564598059282
-1.84178184605	-41.0	59.9606303949	-0.00196689926088	-0.00216081202962	0.00447100540623
-2.11925443588	-41.0	60.0369964107	-0.00221915543079	-0.00210626982152	0.0045203329064
-1.92731733485	-41.0	59.4831541983	-0.00207843841054	-0.00233628135175	0.00404566340148
-1.83494053344	-41.0	59.7038541342	-0.00197689980268	-0.00226069474593	0.00424726447091
0.247905326501	-41.0	48.2099621750	3.82536600227e-05	-0.00427082460374	-0.00583980325609
0.821646430955	-41.0	48.1678015176	0.000526026764419	-0.00427030259743	-0.00585638126358
0.492887583879	-41.0	48.4285529329	0.000247782474617	-0.00423068366945	-0.00568271940574
0.41486422664	-41.0	47.8927884287	0.000180096074473	-0.00432411255315	-0.00605716230348
0.730218246232	-41.0	48.3874917117	0.000450192019343	-0.00423419848084	-0.00570578221232
-0.992576084644	-41.0	53.7728821224	-0.00117320136633	-0.00366544118151	-0.00163674983196
-1.47813241629	-41.0	53.7340586666	-0.00164634769317	-0.00363041367382	-0.00164338410832
-1.23790937653	-41.0	53.6185518978	-0.00140738184564	-0.00365454354323	-0.00175740278792
-1.05658506625	-41.0	54.0230200537	-0.0012473546667	-0.00365376798436	-0.00141411495861
-1.30333981658	-41.0	54.1159050499	-0.00149654166307	-0.00362999807112	-0.00131755357143
-4.24186055948	-41.0	59.8441491060	-0.00407719425857	-0.00194511609152	0.00421263463795
-3.87725304009	-41.0	60.0764907380	-0.00375812198035	-0.0019121337682	0.00443798862398
-3.83993872661	-41.0	59.6698982038	-0.00375529797748	-0.00204280344769	0.00408517522737
-4.15010720691	-41.0	60.0680191607	-0.00398630835116	-0.00188704952598	0.00441301707178
-4.05409499931	-41.0	59.6489047887	-0.00393517781049	-0.00202470715158	0.004053149838
-3.14003268759	-41.0	59.0616340740	-0.00320312543772	-0.00232740584761	0.00358410249464
-3.53936143696	-41.0	58.8064787814	-0.00356181198731	-0.00235066516325	0.00332553568296
-3.29745927137	-41.0	58.8150481349	-0.00335585675202	-0.00238407752477	0.00334743200801
-3.28674979242	-41.0	59.2547163872	-0.00331581290811	-0.00224381475709	0.00375029677525
-3.54685657929	-41.0	59.2524489856	-0.00353783066384	-0.00220997002907	0.0037316728849
-3.78050274357	-41.0	60.7266612737	-0.00363148143515	-0.00171805976424	0.00500002456829
-3.63810603353	-41.0	60.5080811524	-0.00352584035136	-0.00179948436562	0.00482419878244
-3.66996458208	-41.0	60.9352032471	-0.00352363917045	-0.00166175037157	0.00518243387341
-3.37602398645	-41.0	60.5184634025	-0.00330104329623	-0.00181996182073	0.00485039222986
-3.45982668232	-41.0	60.9308960458	-0.00334452558309	-0.0016797328135	0.00519235385582
2.06615756918	-41.0	63.7936779597	0.00163170159794	-0.000816346146166	0.00752969039604
1.81113289107	-41.0	63.8669789576	0.00140864646528	-0.000801610178314	0.00759453279898
2.14160795825	-41.0	64.2520184419	0.00168384856079	-0.000677213422023	0.00787897687405
1.78381514761	-41.0	64.0641743218	0.0013800697634	-0.00074287870666	0.00774656562135
1.93277032171	-41.0	64.2395250165	0.00150449830107	-0.000686659768689	0.00787622574717
3.74048056265	-41.0	63.5720334953	0.00306978658773	-0.000818665954284	0.00728596514091
3.52290214605	-41.0	64.1152764930	0.00286319502629	-0.000670852372423	0.00771857285872
3.89903344134	-41.0	64.0590409473	0.00318084005266	-0.000672391732223	0.00765789765865
3.49348673465	-41.0	63.6610632754	0.00285758660175	-0.000803289527539	0.00736720440909
3.38469752635	-41.0	63.9326847743	0.00275408336893	-0.000728703802451	0.00758324097842
3.70548463527	-41.0	64.1521864377	0.00301499920897	-0.000653402763419	0.00773900095373
-0.804347350973	-41.0	66.4788111470	-0.000849835225381	-9.15987184271e-05	0.00961556565017
-1.24500419417	-41.0	66.4097754147	-0.00122553762048	-0.000111239365651	0.009560899809
-1.06272356117	-41.0	66.2513283654	-0.00107287243009	-0.00015314250777	0.00944132637233
-1.1949145529	-41.0	66.6341288482	-0.00117949047126	-5.18614069733e-05	0.00973229575902
-0.837251496205	-41.0	66.2823504559	-0.000880392093677	-0.000144164980156	0.00946592632681
3.47522504434	-41.0	58.6216640785	0.00317851593718	-0.0023876267951	0.00315676815808
4.03049721544	-41.0	58.3622475931	0.00365788396448	-0.00237503089011	0.00288965692744
4.01473707569	-41.0	58.6833899561	0.00362554565072	-0.00228458596393	0.00318610016257
3.52075725359	-41.0	58.3464020340	0.00323484442197	-0.00246369233355	0.00289731868543
3.79657506847	-41.0	58.2431821049	0.00347165204585	-0.00244714017026	0.00278835860081
3.62929918282	-41.0	58.7651022200	0.00329899974167	-0.00231895339675	0.0032809774857
-7.81120958395	-41.0	56.1607110580	-0.00690457969904	-0.00251193647273	0.000884727051016
-8.04863777793	-41.0	56.3159222127	-0.00707905227318	-0.00246098078787	0.00102019577753
-7.82287310959	-41.0	56.5216301737	-0.00691634276882	-0.00243107439019	0.0011946966406
-8.00538452278	-41.0	56.5340710386	-0.00704942736775	-0.00241540744901	0.00120642769616
-4.72101632799	-41.0	51.8448676694	-0.00436019245535	-0.00358297559433	-0.00294258538634
-4.90293044977	-41.0	52.0945693208	-0.00452436134219	-0.00352979381569	-0.00272628245875
-5.31947409059	-41.0	52.0684322936	-0.00485648307949	-0.00350754079409	-0.002713247668
-5.16365762895	-41.0	51.6193391142	-0.00470264581963	-0.00359534751624	-0.00308675598353
-5.12243381321	-41.0	52.1301626737	-0.00470318784937	-0.00350941438228	-0.00267929164693
-4.86747757728	-41.0	51.5896789258	-0.00446193758398	-0.00361714651808	-0.00313434796408
-8.08390210988	-41.0	49.9319650476	-0.00686932448298	-0.0038128758315	-0.00420749746263
-8.18875164943	-41.0	49.7029344021	-0.00693597458303	-0.00385968782939	-0.0043790792115
-7.76417812054	-41.0	49.5859862164	-0.00660603959113	-0.00389410648495	-0.0044938637875
-8.00331771157	-41.0	49.5059490311	-0.00678377086297	-0.00390601879917	-0.00454177754
-7.69921164418	-41.0	49.8375541429	-0.00657109031454	-0.00384232471697	-0.00430340925232
0.771305965299	-41.0	49.2671501051	0.000495385087561	-0.00409138156101	-0.00508630741388
0.58463836253	-41.0	48.8788856318	0.000329456030158	-0.0041553187184	-0.00536503177136
0.821969024883	-41.0	48.8378244106	0.000533544633072	-0.00415825331584	-0.0053878990002
0.576505886451	-41.0	49.1533620535	0.000324806722347	-0.00411202246323	-0.00517165428028
-1.93433293299	-41.0	56.8787272302	-0.00221484270878	-0.00321818259545	0.00147560681216
-1.53799257757	-41.0	57.1088740286	-0.00182089675218	-0.00323876924813	0.00172119797207
-2.01012270747	-41.0	57.3001648036	-0.00227981247008	-0.00309251784347	0.00191628362518
-1.73338114958	-41.0	57.3147752738	-0.00201102090068	-0.00314389634877	0.00193664128892
-1.70747407944	-41.0	56.9370308699	-0.00199252134189	-0.00325038773008	0.00153736677021
-2.92762777437	-41.0	63.4084352138	-0.00274901580997	-0.000937938224524	0.00721499556676
-2.30900690534	-41.0	63.2913580208	-0.00221867114305	-0.000990165164694	0.00714761065319
-2.82380580583	-41.0	63.0836175791	-0.0026737798471	-0.00103860057425	0.00696486234665
-2.44789354257	-41.0	63.5344629494	-0.00233002961613	-0.000913011084776	0.00733178202063
-2.44688081520	-41.0	63.0457152545	-0.00234850961715	-0.00106197432615	0.00695071881637
-2.63459312995	-41.0	63.0257053272	-0.00251254905015	-0.00106235360727	0.00692744506523
2.94946952632	-41.0	65.1718941882	0.0023469182197	-0.000390919653	0.00855514965951
3.22199509178	-41.0	64.6178889283	0.00259188376367	-0.000538234249689	0.00811939500272
2.80541121207	-41.0	64.9185307676	0.00223176903091	-0.000466069730464	0.00836628675461
2.93949844095	-41.0	64.6678429765	0.00235201488249	-0.000533060345333	0.00816897116601
3.19499203320	-41.0	65.1279338110	0.00255432352424	-0.000396005751099	0.00851236376911
6.41232626844	-41.0	47.2093379399	0.00496586086228	-0.00430580787361	-0.00623379228637
6.12100659953	-41.0	47.1021595438	0.00473514897749	-0.00433357572183	-0.00631453795359
6.47247459690	-41.0	46.7336114299	0.00496771605685	-0.00439828308299	-0.00656103063375
6.65867309088	-41.0	46.8597070431	0.00511914119124	-0.00436964165419	-0.00647310912609
6.12383662373	-41.0	46.9030487511	0.00472003920004	-0.00437295576558	-0.00645076530054
6.58450705385	-41.0	47.0665420901	0.0050828862004	-0.00433037383482	-0.00633017811924
0.772488394732	-41.0	45.6803739805	0.000484188261908	-0.00474297581241	-0.00756581081077
1.21607259626	-41.0	45.5251319924	0.000845041824505	-0.00476788263768	-0.00765716889873
0.938933800976	-41.0	45.4948338656	0.000620906532276	-0.0047787274234	-0.00768703501672
1.26685184190	-41.0	45.7620359788	0.000885163783096	-0.00471822964028	-0.00749420421198
1.10313285513	-41.0	45.9124481803	0.000751790241338	-0.00469040684402	-0.00739747146145
5.17047230137	-41.0	53.2828223350	0.0044781556353	-0.00326086697169	-0.00170571426861
5.40872464438	-41.0	52.9184700431	0.00464165909216	-0.00330113433301	-0.00199095997959
5.35856182695	-41.0	53.4593105182	0.00463937455788	-0.00321328639984	-0.00154276634566
5.56049073355	-41.0	53.3268094589	0.00478960620239	-0.0032176382374	-0.0016394428676
5.59350173911	-41.0	53.0880238125	0.00479939673096	-0.00325636961497	-0.00183653272688
-4.54432831009	-41.0	55.2106401822	-0.00442267768085	-0.00304714892991	-7.00441742083e-05
-4.88862393791	-41.0	54.6645364168	-0.00467012310401	-0.00309962127358	-0.000542085326742
-4.60799394238	-41.0	54.6792546186	-0.00444885296747	-0.00313164340332	-0.000548101612367
-4.43589869364	-41.0	54.9527216275	-0.00432505691424	-0.00310751376674	-0.000312480784487
-4.82151886579	-41.0	55.1867387307	-0.00464018946514	-0.0030139114242	-7.58525784477e-05
2.27677937236	-41.0	44.7435964822	0.00169710977934	-0.0049130981788	-0.00814322289079
2.37147825091	-41.0	44.2374124736	0.00177545601036	-0.00502215931192	-0.00848258566111
2.16770099152	-41.0	44.1298012869	0.00161553907674	-0.00505043240264	-0.00856589898467
1.96476971257	-41.0	44.1172168643	0.00145508279093	-0.0050572915934	-0.00858397595584
2.38111346496	-41.0	44.4520180267	0.00178135721944	-0.00497447885573	-0.00833615660667
-9.81813719363	-41.0	49.2595587603	-0.00813894253224	-0.00393223483115	-0.00464319065213
-9.55373032473	-41.0	49.2880988848	-0.00794232543558	-0.00392869673669	-0.00463218009099
-9.94271640539	-41.0	49.4422171264	-0.00824125763029	-0.00388936209492	-0.00449595181271
-9.48638829633	-41.0	49.4998388796	-0.00790278799832	-0.00388182606548	-0.0044706617482
1.31467795987	-41.0	46.8732957808	0.00092673843028	-0.00449758116156	-0.00673384545371
1.32799546936	-41.0	47.1809889576	0.000940458674449	-0.00443919701502	-0.00652217445895
0.864894692468	-41.0	46.8449214597	0.000555450911634	-0.00451057730243	-0.00676805945113
1.11058092942	-41.0	46.7487066402	0.000757990812417	-0.00452505098656	-0.00682630389929
8.92580219508	-41.0	63.8831623603	0.00723078707233	-0.000537543150131	0.00731170317158
9.09974746391	-41.0	63.7295445678	0.00737301446497	-0.000571608601604	0.00718271406367
8.95522406186	-41.0	63.3454654641	0.00727532757446	-0.000670541950967	0.00687956437469
9.07979619677	-41.0	63.5120441632	0.00736594339833	-0.000626014603768	0.00700899166986
-11.6211272091	-41.0	54.6149494279	-0.0096325231716	-0.00266814720817	-0.000341712788213
-11.4003774906	-41.0	54.7939951425	-0.00947526749223	-0.00263593834825	-0.000202391063794
-11.8771719915	-41.0	54.7626296834	-0.00981997977942	-0.00262358784676	-0.000221718786634
-11.6710808661	-41.0	55.1642730658	-0.00967638939619	-0.00253979139961	9.40114914556e-05
-11.9003139748	-41.0	55.0307208730	-0.00984043255448	-0.00256047258154	-1.0222450328e-05
-1.07959648274	-41.0	50.9247572423	-0.00115919427481	-0.00387308537029	-0.00389163079672
-0.843340253562	-41.0	50.7697634608	-0.000941987789702	-0.00389454420656	-0.00401179306209
-1.24897322642	-41.0	50.5768248525	-0.00130161526613	-0.0039136428386	-0.00414425972849
-0.814098999544	-41.0	50.5148476163	-0.000910534057766	-0.00392646575347	-0.00419968413189
-1.07021527634	-41.0	50.4288809870	-0.00113790039904	-0.00393525417894	-0.00425757048652
-8.83517583721	-41.0	49.7999066274	-0.00742964167148	-0.0038255455438	-0.00426890421659
-8.50209120056	-41.0	50.0638390967	-0.00719291111454	-0.00377481803298	-0.00408127903938
-8.60694074011	-41.0	49.8348084512	-0.00725959520787	-0.00382235343568	-0.00425378698856
-8.89775814675	-41.0	50.2044012851	-0.00749781820923	-0.00373554439284	-0.00395030342042
-8.64517988996	-41.0	50.2199730062	-0.00730896461755	-0.00373771390878	-0.00395161565393
0.69983364921	-41.0	54.8159739141	0.000566019210964	-0.00365681573749	-0.000693069363479
0.916688463029	-41.0	54.6350589257	0.000784720177762	-0.0036423036363	-0.000857081322465
0.479423666683	-41.0	54.6988634699	0.000331741641276	-0.0036738505587	-0.000812475802377
0.668126546381	-41.0	54.2313530994	0.000515097926836	-0.00366941001266	-0.00124101818074
0.475868497975	-41.0	54.4008380374	0.000321561732562	-0.00367795815691	-0.00109204766341
1.56014256707	-41.0	53.4962630956	0.00136416847818	-0.00362140708603	-0.00183533213567
1.31050981043	-41.0	53.6615248954	0.00113243644591	-0.00363560765982	-0.00171069824137
1.78055254960	-41.0	53.6133735398	0.00158149539493	-0.00359354703687	-0.00171922903974
1.56725290449	-41.0	54.0923139607	0.00140729511622	-0.00359170441516	-0.0013160915114
1.78410771831	-41.0	53.9113989723	0.00160444411449	-0.00357594736852	-0.00146011693869
5.54918461936	-41.0	55.5908348236	0.00489322701469	-0.00280101178214	0.000331871560775
5.33232980554	-41.0	55.7717498120	0.00473029911518	-0.00279230508022	0.000486592995003
5.77704565039	-41.0	55.6821326470	0.00507057923824	-0.00275497953407	0.000422351964517
5.61689203022	-41.0	56.1590661521	0.00495637534186	-0.00267531652935	0.000846210983582
5.81072611792	-41.0	55.9622334008	0.00510201323777	-0.00269303401001	0.000674351293128
3.33734339930	-41.0	57.3760131059	0.00312655186281	-0.00277166697197	0.00197138194926
3.04909243972	-41.0	57.6917394485	0.00286725745536	-0.00274356617592	0.00228763278574
3.29900290011	-41.0	57.8963239558	0.00307219126262	-0.00263590179384	0.00247815414332
3.57482071498	-41.0	57.7931040267	0.00331010413356	-0.00261341850273	0.00236986996606
3.11838925116	-41.0	57.4783703490	0.00293596601114	-0.00278887199238	0.00207597878762
-4.76489617129	-41.0	58.8857470388	-0.00455920910463	-0.00216229469515	0.00333440536633
-4.84001776943	-41.0	58.4518260322	-0.00464005954564	-0.00227125477977	0.0029394638259
-4.93299319681	-41.0	58.7109059665	-0.00470136618242	-0.00218986044638	0.00316984718665
-4.50528066744	-41.0	58.8233179116	-0.00435485364869	-0.00221204711124	0.00329043436795
-4.39349620311	-41.0	58.6290891926	-0.00427545467392	-0.00228150887415	0.00311929243617
-3.05406785945	-41.0	66.4432531204	-0.00275600259192	-9.81246848824e-05	0.00955763179809
-3.10211968426	-41.0	66.1476488796	-0.0028041319456	-0.000174481901922	0.00932886637747
-3.52653076689	-41.0	66.4935284932	-0.00315158627927	-8.22384608909e-05	0.00958416797221
-3.29073137999	-41.0	66.6247642043	-0.00295036821626	-5.0215421652e-05	0.00969162676483
-3.35689943877	-41.0	66.0792622315	-0.00302042532712	-0.000190250866581	0.00926923658699
-8.78496155073	-41.0	58.9881376380	-0.00761600257829	-0.00180494983215	0.00327257206663
-8.30204878960	-41.0	59.0834658194	-0.00725585687906	-0.00180842436384	0.00336989481002
-8.44859102685	-41.0	58.6849456185	-0.00736974924803	-0.00189382990357	0.003029438667
-8.5602821878	-41.0	59.1749805054	-0.00744691956788	-0.00177281023934	0.00343718426302
-8.65100689850	-41.0	58.7716766121	-0.00751873105764	-0.00186240009498	0.00309587665834
-0.977608029877	-41.0	60.5637910956	-0.00111834169365	-0.00198068725877	0.00502196326852
-0.697260619706	-41.0	60.5712450927	-0.000849717180245	-0.00198735645972	0.00503595499322
-0.570499703079	-41.0	60.8314491968	-0.000722646422219	-0.00188703543972	0.00525209447369
-0.734314425601	-41.0	61.0869191891	-0.000872439355589	-0.00178457878064	0.00545619474724
1.82834848367	-41.0	61.1705885331	0.00153009139467	-0.00169191218447	0.00547883333638
1.38907739436	-41.0	61.3846214648	0.0011171491351	-0.00163879757747	0.00567136891186
1.68913303248	-41.0	61.3861449353	0.00139199139085	-0.00162264308892	0.00565976370126
1.47832001986	-41.0	61.0046443008	0.00121665699407	-0.00177419127431	0.00536058144644
1.38887036194	-41.0	61.1335581630	0.001127790194	-0.00173113588244	0.00546911777928
0.217386711383	-41.0	61.4645775674	2.55999511865e-05	-0.00164551206399	0.0057642608881
-0.229537158782	-41.0	61.6051202595	-0.0003917554277	-0.00159558095038	0.00587664498016
0.0119752317532	-41.0	61.6045856235	-0.000166828511283	-0.00159535254352	0.00587644614279
-0.187108303008	-41.0	61.0950954383	-0.000354844814865	-0.00178827298805	0.00546984700486
-0.35092302553	-41.0	61.3505654305	-0.000507357297465	-0.00168993719853	0.0056735239923
0.293125511235	-41.0	60.3849364303	0.000109210530354	-0.00206821644679	0.00488727865741
0.758723537164	-41.0	60.3141498387	0.000563324603718	-0.00208204402588	0.00481833098456
0.559182303046	-41.0	60.2034737223	0.000372365844669	-0.00213584140874	0.00473048863932
0.636171503291	-41.0	60.5997002100	0.000436829082901	-0.00197138590738	0.00505882687867
0.727138885304	-41.0	60.4722459573	0.000527900701854	-0.00201920815744	0.00495104631409
-2.13041944017	-41.0	64.5951657871	-0.00202131620608	-0.000607488793321	0.00816041138023
-2.21463899210	-41.0	64.3795833432	-0.00210006115958	-0.000668370455969	0.00799247156829
-2.64587457094	-41.0	64.5163786265	-0.00246573425829	-0.000622618710622	0.00808535981923
-2.42485261071	-41.0	64.3717512230	-0.00228104670532	-0.000667450600304	0.00798049196601
-2.29250501685	-41.0	64.7500102872	-0.00215601245873	-0.000561462307815	0.00827529747039
-1.35253994739	-41.0	63.5388137416	-0.00137337110937	-0.000931892544031	0.00736597320065
-1.74405703767	-41.0	63.2932335513	-0.00172441278119	-0.00100221636239	0.00716700637713
-1.62689769329	-41.0	63.0393611994	-0.00162907596678	-0.00108460430056	0.00697339093313
-1.23916909106	-41.0	63.3272301940	-0.00127842056099	-0.000999528565444	0.00720516918227
-1.37761219879	-41.0	63.0809198053	-0.00140715844464	-0.00107588921674	0.00701193325222
-0.951116363776	-41.0	60.0424578447	-0.00111184339039	-0.00219255476259	0.00458437437192
-0.670768953605	-41.0	60.0499118419	-0.000837886414956	-0.00220172014087	0.00459924852476
-1.04240963663	-41.0	59.7884035636	-0.00121126603335	-0.00229251175188	0.00436179572716
-0.913787568992	-41.0	59.5625581097	-0.00109389226418	-0.00239542266354	0.00416813092306
5.27225330747	-41.0	49.5165578753	0.00427154684439	-0.00389913725667	-0.00464609172195
5.65819293970	-41.0	49.3186207055	0.00456098886207	-0.00392071949318	-0.00476738531142
5.51521355243	-41.0	49.1637511798	0.00443605519831	-0.00395453395322	-0.00488851964474
5.22391836631	-41.0	49.3267014600	0.004218372982	-0.00393541483209	-0.00478778360412
5.58033381384	-41.0	49.4721209711	0.00451193330809	-0.00389529601671	-0.00465959217399
5.45562476775	-41.0	49.5247417067	0.00441759126261	-0.00389046221972	-0.00462858425453
-0.935582000103	-41.0	52.3944143010	-0.00106836133637	-0.0037356603425	-0.00277471751906
-0.939137168811	-41.0	52.0963888684	-0.00106283323839	-0.00375809846446	-0.00300756120123
-1.16748708832	-41.0	51.9931410396	-0.00127261073794	-0.00376046542078	-0.00307955709286
-1.40926521150	-41.0	52.1368362476	-0.00150243623648	-0.00373949296772	-0.00295735732652
8.26428687675	-41.0	59.3847116608	0.00690379738808	-0.00167662592139	0.00364681542851
7.99250437086	-41.0	59.4811616714	0.00669461442158	-0.0016695758095	0.00373604451306
8.33977527763	-41.0	59.6341022273	0.0069525083527	-0.00161160598509	0.00385466916487
8.21724786524	-41.0	59.8366633585	0.00685222633183	-0.00156902580056	0.00402854988351
7.88820452226	-41.0	59.7326384592	0.00660589244217	-0.00161416712217	0.00395147455856
9.91420233731	-41.0	59.2436892669	0.00814974494278	-0.00163019041065	0.00348560814746
9.53610716534	-41.0	59.1161335546	0.0078686280176	-0.00167573697399	0.00338848889805
9.79899867141	-41.0	59.0371403234	0.00806739088148	-0.00168322154786	0.00331617845222
9.79152187255	-41.0	59.4710045528	0.0080526266247	-0.00158147432376	0.00367806712165
9.46469254006	-41.0	59.3973633187	0.00780847808346	-0.00161238433793	0.00362527370453
9.09763423152	-41.0	60.5149333026	0.00749718770385	-0.00136038172059	0.00456560449675
9.36843832728	-41.0	60.4458441186	0.00770549289882	-0.00136599235702	0.00449971901253
9.01614541353	-41.0	60.2859779286	0.00744313886389	-0.00141933443956	0.00437836535275
9.13586854477	-41.0	60.0933093716	0.00754039455205	-0.00146054523066	0.00421453360468
9.46684754918	-41.0	60.1875809387	0.00778831541538	-0.0014240629971	0.00428272970021
2.20309734352	-41.0	63.2476378878	0.00176881218795	-0.000979233649559	0.00710309762508
2.09318803412	-41.0	62.7405174344	0.00169246795122	-0.00114383909386	0.00671328604221
2.51931546417	-41.0	62.8970373860	0.00205816072412	-0.00107595173176	0.00681686587632
2.34331626663	-41.0	62.6772652681	0.00191460479982	-0.00115333660506	0.00665297033265
2.41458834869	-41.0	63.1195323757	0.00195764866658	-0.00101090036333	0.00699492543936
-7.77274553144	-41.0	63.6537288210	-0.00672332802787	-0.000723878794815	0.00715582305565
-7.33452102281	-41.0	63.7883761805	-0.00636987201869	-0.000701380020473	0.00728856679052
-7.52830689885	-41.0	63.5856151489	-0.00653104484081	-0.000746332516428	0.00711498735473
-7.85455528569	-41.0	63.8725176881	-0.00678193476051	-0.000669150205795	0.00732676777989
-7.70156211446	-41.0	64.0128883028	-0.00665592681617	-0.000638434023131	0.00744783505797
-7.76693750989	-41.0	47.9612775288	-0.00651061115786	-0.00424590753391	-0.00573276961222
-7.97894434858	-41.0	48.1394196807	-0.00668413471431	-0.0042041381821	-0.00558764999732
-7.92217492921	-41.0	47.7719454784	-0.00661826785654	-0.00428622402251	-0.00586844375357
-8.19186744544	-41.0	48.0556530795	-0.00684201577678	-0.00422035483643	-0.00564106926322
-8.11370571137	-41.0	47.6857624791	-0.00675986986607	-0.00430372403935	-0.0059249214828
7.47219706904	-41.0	52.2291492076	0.0061885882169	-0.00328952539712	-0.00242272950709
7.65069179255	-41.0	51.9771839693	0.00630631530657	-0.00333027425222	-0.00261667370796
8.03588396480	-41.0	52.2243546513	0.0066130887717	-0.00326287234202	-0.00240080966614
7.91063528421	-41.0	52.0031798876	0.0065040984191	-0.00331300450489	-0.00258404691704
5.55834247813	-41.0	47.8569448278	0.00436555268243	-0.00419992348179	-0.00581570388749
5.71151422491	-41.0	47.4273343549	0.00444920640439	-0.00427937181666	-0.00610614800826
5.78970755159	-41.0	47.6986300058	0.00453177001327	-0.00422435766086	-0.00591502618045
5.40008489697	-41.0	47.7154648394	0.00423142313957	-0.00423159729689	-0.00592217734084
5.43366470172	-41.0	47.3837536296	0.0042315418832	-0.00429507950321	-0.00614939862862
-5.77218093311	-41.0	47.3148947559	-0.00491501530632	-0.00440878048539	-0.00631249276921
-5.97217496024	-41.0	47.1462478240	-0.00506258523092	-0.0044426494278	-0.00642669945955
-5.56691974697	-41.0	47.2376902784	-0.00474759330973	-0.004427339416	-0.00637877499685
-5.84456130156	-41.0	46.9550439411	-0.00495006144047	-0.00448490586132	-0.00657256320119
-5.64592178296	-41.0	46.8968120718	-0.00478939944878	-0.00449913693592	-0.00662389583886
-5.45340150532	-41.0	47.0793381305	-0.00464778300375	-0.00446199066937	-0.00649952655658
7.04953488157	-41.0	53.8079293334	0.00596404355019	-0.00300633441657	-0.00114420161117
7.14443791894	-41.0	53.3198599012	0.00600907206535	-0.00309544638731	-0.00154711259529
6.84647553798	-41.0	53.6587451023	0.00580221228302	-0.0030505314935	-0.00127987889573
6.87700281105	-41.0	53.3815976962	0.0058097098954	-0.00310189416632	-0.00150992150884
7.24873148333	-41.0	53.4805764207	0.00609699683264	-0.00305688683875	-0.0014082781272
-7.57445027705	-41.0	48.9201278176	-0.00642104167491	-0.00404020072892	-0.0050153657794
-7.87885974232	-41.0	48.5922349287	-0.00663477461785	-0.00410604849458	-0.00524864951149
-7.61343015687	-41.0	48.6805256346	-0.00643648067489	-0.00409106863663	-0.00519566051662
-7.71593404374	-41.0	49.1189881274	-0.0065415292047	-0.00399488396943	-0.00485542742535
-7.95507363476	-41.0	49.0389509421	-0.00671968096867	-0.00400769663975	-0.00490341149271
-7.77641548366	-41.0	62.7424723400	-0.00675477087498	-0.000945765234064	0.0064207483083
-7.46567497768	-41.0	62.4663272126	-0.00651949131861	-0.00102392502595	0.00621460331604
-7.95709587460	-41.0	62.5245491090	-0.00690356176347	-0.000993348890916	0.0062336102128
-7.87159261154	-41.0	62.3006712003	-0.00684363022447	-0.00105071731377	0.00605653785169
-7.61149107746	-41.0	62.3344571467	-0.00663870805874	-0.00105140625965	0.00609896751121
-1.25091240254	-41.0	64.2657322221	-0.00126846961211	-0.000712068285793	0.00792551692575
-1.39913135994	-41.0	64.0040144418	-0.00140325678512	-0.000789163634181	0.00772258639336
-1.47472165969	-41.0	64.4807560487	-0.00145829108078	-0.000647131353617	0.00808648020029
-1.73094988233	-41.0	64.4218818427	-0.00168147042859	-0.0006620369968	0.00803654175252
-1.81516943426	-41.0	64.2062993987	-0.00176000548527	-0.000724283512682	0.00786923803389
-0.954252026469	-41.0	55.5618183690	-0.00120169925503	-0.00360067258589	6.07241454418e-05
-1.35249189736	-41.0	55.4771238315	-0.0016108447453	-0.0035537944641	-1.00863398984e-05
-1.17696485371	-41.0	55.9070912674	-0.00144392508082	-0.0035362993367	0.000429606006946
-1.01024877036	-41.0	55.7894039665	-0.00126663176343	-0.00357289030217	0.000300293875625
-1.11666079210	-41.0	55.3840533309	-0.00136561924592	-0.00359395006672	-0.000115252580144
-4.74994934255	-41.0	66.0426284136	-0.00418535340577	-0.00018541055033	0.00919427070767
-4.49176560486	-41.0	65.9553637654	-0.00397345609963	-0.000210467682336	0.00913601834327
-4.82199843612	-41.0	66.3347654186	-0.00423655752093	-0.000111432447738	0.00941912923008
-4.35050333415	-41.0	66.3304287072	-0.00384474615566	-0.000116952782264	0.00943245179951
-4.34969516351	-41.0	66.1137120882	-0.00385037716478	-0.000171792824403	0.00926419906318
5.07622994635	-41.0	45.1565376334	0.00384812825359	-0.00474112061784	-0.00768505362794
4.85593024794	-41.0	45.0559215006	0.00368515355513	-0.00477015273646	-0.00776851410046
5.03305408106	-41.0	45.5160439725	0.00381897808984	-0.00467374641448	-0.00744366692379
4.81188803882	-41.0	45.5834925514	0.00365600944497	-0.00466756848618	-0.00741312792525
5.10149388694	-41.0	45.3438913761	0.00386716658249	-0.00470448005944	-0.00755615253001
4.62127233352	-41.0	45.2124562032	0.00350968097337	-0.00474791834131	-0.00767907779664
1.73011073396	-41.0	47.8650890237	0.00128556403797	-0.00430613709614	-0.00603392766789
1.77400005099	-41.0	47.5476961572	0.00131528126076	-0.00436250632629	-0.0062515954487
1.96341726752	-41.0	47.9862512979	0.00148298311979	-0.00427929637954	-0.00593923451379
2.17955816251	-41.0	47.6307500848	0.0016522804508	-0.00433812104166	-0.00617516599596
1.99911604855	-41.0	47.5391467952	0.00150116207078	-0.00435909861699	-0.00624724896625
5.02523520331	-41.0	61.5746258374	0.00425409292802	-0.00132499216124	0.00562008237466
5.24735944273	-41.0	61.8102034562	0.0044198515825	-0.00124274846166	0.00580043392256
5.09104386143	-41.0	61.3289948562	0.0043240073137	-0.00139054097235	0.00541419861838
5.47497201321	-41.0	61.7544615117	0.00460787676275	-0.00124339619651	0.00574256107211
5.30864473824	-41.0	61.3272481256	0.00450072111562	-0.00137492117938	0.00540057150647
1.99705356489	-41.0	62.2674529040	0.00162778748199	-0.00130274682306	0.00634666904807
2.24718179740	-41.0	62.2042007377	0.00185235857498	-0.00131157075521	0.00628534099087
1.94279197604	-41.0	61.8076540627	0.00160085246898	-0.00146088120528	0.00598522508517
1.85055836698	-41.0	62.0616311469	0.00150633195881	-0.00137869559694	0.00619071722031
2.17075696351	-41.0	61.7897926692	0.00180567870848	-0.00145444646478	0.00595994060859
0.461538107911	-41.0	61.8410681299	0.000248338474194	-0.00150348432362	0.00605901330709
0.353214211294	-41.0	62.3551657020	0.000143274417496	-0.00132375571411	0.00646237796173
0.256126628281	-41.0	61.9810761860	5.75158519496e-05	-0.00145636638626	0.00617136526853
0.512496040996	-41.0	62.2814693681	0.000289096147753	-0.00134679616895	0.0064029591158
0.198959355453	-41.0	62.1965818547	3.66605286217e-06	-0.00138078595046	0.00634030345827
-4.66008551054	-41.0	49.9229976764	-0.00418451800942	-0.0039178323932	-0.00444187875837
-4.21878921132	-41.0	50.0884395832	-0.00383297959343	-0.00390341342427	-0.00434731272981
-4.59701005914	-41.0	50.1219640632	-0.00414565950632	-0.0038842826616	-0.00429541990161
-4.54410383369	-41.0	49.7573470428	-0.00407946156338	-0.0039515378885	-0.00457482691854
-4.39643615465	-41.0	50.1911346822	-0.00398572487757	-0.003879242111	-0.00425707176328
-4.11086127202	-41.0	51.7011984630	-0.00384868332185	-0.00364312739111	-0.00310779106803
-3.67719874122	-41.0	51.8045347329	-0.00349215953611	-0.00365387229249	-0.00306139653549
-3.78066027849	-41.0	51.3252570907	-0.00354730081744	-0.00371951330453	-0.00343033578247
-4.01946406726	-41.0	51.3950976415	-0.00375192565843	-0.00369607028551	-0.0033568169456
-3.61492178852	-41.0	51.5618746697	-0.00342312594876	-0.00369294430129	-0.00325804040767
-10.2769641093	-41.0	54.9358885165	-0.00866658706218	-0.00264899153262	-0.000103302423668
-10.4024814054	-41.0	54.3990522533	-0.00874812342227	-0.00276370509528	-0.000536399777047
-10.5290636829	-41.0	54.7908641054	-0.00884593091905	-0.00267118751071	-0.00021707979613
-10.5367323934	-41.0	54.5703600698	-0.00884792581201	-0.00272022886202	-0.000395214563468
-0.446055718245	-41.0	66.2941044760	-0.000546964933164	-0.000139139170642	0.00947524420917
-0.108133070904	-41.0	66.1054663720	-0.000260455621174	-0.000187781377463	0.00933089386672
-0.365993796251	-41.0	65.9061009305	-0.000482394418214	-0.000243923641392	0.00918024033308
-0.253853004886	-41.0	66.3084243739	-0.000383076927392	-0.000134033747599	0.00948569364846
-0.478959863477	-41.0	66.0976437850	-0.000577040249482	-0.000192352454178	0.00932591222227
-4.06772425423	-41.0	49.1737115206	-0.00365298404358	-0.00407056603581	-0.00504025677219
-3.68962803155	-41.0	49.5109914591	-0.00335927121341	-0.00401992723346	-0.00481345644221
-3.52123133668	-41.0	49.0288107516	-0.00319191068411	-0.00410897331312	-0.00517768179998
-3.47916754514	-41.0	49.3094734969	-0.0031722181011	-0.00406030006707	-0.00497426232323
-3.93706704782	-41.0	48.9630975927	-0.0035330017563	-0.00411201966926	-0.00520291365683
-3.72281751533	-41.0	48.9501924390	-0.00335508375429	-0.0041189417243	-0.00522428750992
10.8219027866	-41.0	54.9615414672	0.00880391802639	-0.00257138465531	-9.65711005847e-05
11.0070817309	-41.0	54.5400956248	0.00892638135701	-0.00265971943736	-0.000444692879682
10.7885917749	-41.0	54.4795079437	0.00876346137375	-0.00267904042266	-0.000494741136208
10.9788716332	-41.0	54.7671012163	0.00891332980245	-0.00261013163254	-0.000257429666817
10.6112273237	-41.0	54.6208300782	0.00863795448095	-0.00265304394998	-0.000378486787667
4.59009784615	-41.0	57.4834068640	0.00414734054357	-0.00252018938772	0.00205607502721
4.59246169706	-41.0	57.2143726016	0.0041558323428	-0.00258555705659	0.00180478114635
5.09924698181	-41.0	57.5268070401	0.00454680388793	-0.00243380852044	0.00209028203972
5.13937222243	-41.0	57.3267690201	0.00458287401125	-0.00247665750794	0.0019064724911
5.06820403517	-41.0	57.1154016494	0.00453127920628	-0.00253691058606	0.00171227671672
4.82976989924	-41.0	57.0958756003	0.00434508221224	-0.00257673300803	0.00169403408654
-5.67026341374	-41.0	62.3129738290	-0.00509499944746	-0.00113777932711	0.00619422132149
-5.85976552832	-41.0	62.2046796544	-0.00525334710255	-0.00115777470637	0.00609487947077
-6.10845856708	-41.0	62.2790318243	-0.00544959260151	-0.00112645886838	0.00614086724818
-5.74772448351	-41.0	62.5273605070	-0.00514707155526	-0.00107679178473	0.00636371411383
-5.95795402405	-41.0	62.6176431542	-0.0053125959821	-0.00104379223194	0.00642461935058
10.0836232273	-41.0	49.5557121299	0.00793403759599	-0.00376721424982	-0.00445692753419
10.2436687556	-41.0	49.3479719827	0.00803429074585	-0.0038111070171	-0.00461830431595
10.1976090551	-41.0	49.7792557866	0.00803790334612	-0.00371730513871	-0.00428217556328
10.4809648041	-41.0	49.7777101070	0.00824772845954	-0.00371480314061	-0.00428280886263
-0.365881451972	-41.0	50.7422628416	-0.00050953682512	-0.00390023458749	-0.00403778022155
0.134182254192	-41.0	50.4469140843	-5.72379467485e-05	-0.00393414404243	-0.00425218511373
0.132111631453	-41.0	50.7263377126	-5.80431515118e-05	-0.0038998904638	-0.00404812768102
-0.145471469445	-41.0	50.8593732858	-0.000310117728077	-0.00388617906719	-0.00395204871893
-0.336640197955	-41.0	50.4873469971	-0.000480949151097	-0.0039314632304	-0.00422452390194
1.94146438187	-41.0	67.8916171916	0.00147629808635	0.00030832819175	0.0106597002596
1.59501075323	-41.0	68.1287538094	0.00118712650146	0.000361562561011	0.0108485277742
1.71316313540	-41.0	67.8958989888	0.0012853902299	0.000305112072965	0.0106680709869
2.05211586030	-41.0	68.0968401586	0.00156894896645	0.000362153921742	0.0108139887452
4.85391514453	-41.0	63.9645780615	0.00397636415437	-0.000659964338411	0.00753959454596
5.11060459084	-41.0	64.0938860805	0.00418079923838	-0.000613827316556	0.0076290294528
5.17557355340	-41.0	64.3333200526	0.00422320328653	-0.000545927381609	0.00781349372119
4.97617225712	-41.0	64.5183300928	0.00405232934281	-0.00050315214321	0.0079666627571
4.72897201068	-41.0	64.1637356569	0.00386453676037	-0.000610011338722	0.00770113477483
5.35891942561	-41.0	65.1065963691	0.00434208521619	-0.000330428825691	0.00840852968395
5.21300593583	-41.0	65.5752165895	0.00420821458101	-0.000209925608942	0.00877778790891
5.42350116467	-41.0	65.3951896705	0.00438477797434	-0.000251027522609	0.00863017141819
5.09454916677	-41.0	65.0521724371	0.00412869593129	-0.000354228133801	0.00837691966444
4.90588793764	-41.0	65.2655534598	0.0039673410356	-0.00030317142955	0.008550029248
6.26785425117	-41.0	63.8360458629	0.00513049587607	-0.000636381737422	0.00737472577021
6.67683927585	-41.0	64.2623620828	0.00543825840577	-0.000508264463861	0.00769496057183
6.45596371417	-41.0	64.4487788733	0.00525344163179	-0.000467001838842	0.00785054359585
6.57116737140	-41.0	63.9819499591	0.00536655075848	-0.000585937814321	0.00747752888128
6.09010927575	-41.0	64.1008672271	0.00497512798756	-0.000572855002247	0.00759141426533
1.75193816209	-41.0	46.0832389338	0.00127814779989	-0.00464412895963	-0.00725642591715
1.91660160419	-41.0	45.6839765636	0.00140913005453	-0.00472198659554	-0.00752109196037
1.71403638351	-41.0	45.8664622000	0.00124668574426	-0.00468869274482	-0.00740569783375
2.12732487191	-41.0	46.0008896562	0.00157992192544	-0.00465295929462	-0.00729558430612
2.08743508206	-41.0	45.7770155867	0.00154642271809	-0.00469935126603	-0.00744994357228
3.83387213825	-41.0	61.9570055532	0.0032391725108	-0.00129474047571	0.00600086990744
3.36328788843	-41.0	61.7539989213	0.00285151600838	-0.00138981861528	0.00586470030248
3.56710416177	-41.0	61.9877737078	0.00301081710495	-0.00130289490335	0.00604127254337
3.43156152016	-41.0	61.5005853468	0.00292693893425	-0.001465355861	0.00565480906516
-10.4351449193	-41.0	61.7927973824	-0.0088350744918	-0.00110240851063	0.00549444602802
-10.5722742003	-41.0	61.6002498692	-0.00894109439105	-0.00114342186134	0.00532982638106
-10.1695239608	-41.0	61.6962166795	-0.00863218680024	-0.00112974015065	0.00543182482943
-10.5315430138	-41.0	61.3387313739	-0.00891106761992	-0.00120336632244	0.00511971442029
-10.3118970446	-41.0	61.2364710736	-0.00874424353242	-0.00123133335728	0.00504943029955
0.888641810538	-41.0	66.2106556457	0.000589101517107	-0.000148300547153	0.00940057262778
0.693715653815	-41.0	66.1252726985	0.000423267832957	-0.000174081826117	0.00933856330812
0.683789669005	-41.0	65.8431853169	0.000414734997321	-0.000251388264587	0.00912454072386
1.06448393383	-41.0	66.1204813151	0.000738650152925	-0.000170158382389	0.00932917650789
0.906510311977	-41.0	65.7917446614	0.000604914035648	-0.000262529909378	0.0090821813792
-2.37392242150	-41.0	50.8704576734	-0.00231070350856	-0.00384687655605	-0.00387654500082
-2.65495097335	-41.0	50.5689548097	-0.00253973831423	-0.00388009194285	-0.0040870946832
-2.24027338103	-41.0	50.3712073803	-0.00216949102469	-0.00392094487324	-0.00425687758252
-2.55992288866	-41.0	50.8027372913	-0.0024696670007	-0.00384979695082	-0.00391677767038
-2.48424423369	-41.0	50.3473204211	-0.00238049309701	-0.00391785614192	-0.00426215166226
-2.18702202201	-41.0	50.8412133009	-0.00214502867311	-0.00385699607432	-0.00390883116052
3.60263095996	-41.0	46.1736846799	0.00274994992651	-0.00458232359961	-0.00709389802068
3.35231825513	-41.0	46.0951422975	0.00255270418711	-0.00460468279198	-0.00716348830611
3.56547372775	-41.0	46.4114109808	0.00272803101689	-0.00453580869362	-0.0069337701425
3.24254840973	-41.0	46.5642359313	0.00247889081948	-0.004514047876	-0.00684953015298
3.20785078508	-41.0	46.3087842814	0.00244443002157	-0.00456553371623	-0.00702643720433
-4.91897044372	-41.0	54.0867807904	-0.00466370582581	-0.0031961700879	-0.00105007714592
-4.63834044819	-41.0	54.1014989922	-0.0044412589632	-0.00322455400601	-0.00105878652539
-5.06997269056	-41.0	53.7941157195	-0.00476631429046	-0.00323063065298	-0.00129254523199
-4.79649638056	-41.0	53.5035531936	-0.0045312717557	-0.00330594042316	-0.00156379607506
-4.58941938548	-41.0	53.5483529670	-0.00436764024198	-0.00331894215196	-0.00154260406271
-4.94757248569	-41.0	53.6092159100	-0.00465835025534	-0.00327389664017	-0.00146113464143
8.11271939005	-41.0	58.0313650528	0.0068253017962	-0.00201019924134	0.00249938480556
7.98329287609	-41.0	57.5870261011	0.00673547340557	-0.00212312070653	0.00211964081973
8.22641859717	-41.0	57.5048322718	0.00691758049652	-0.0021252357401	0.0020471685566
8.46488873722	-41.0	57.7489339433	0.00709242513403	-0.00205313623883	0.00225361669436
8.35119932425	-41.0	57.9778835212	0.00700439186767	-0.0020069857128	0.0024503597524
9.65673841833	-41.0	58.1528242215	0.00797469355166	-0.0018954698462	0.00257850834168
9.38862547021	-41.0	58.4691123487	0.00777052715421	-0.00183431478217	0.00284917489626
9.50620115226	-41.0	58.6706885164	0.00785495806485	-0.00178169528954	0.00301608955488
9.76909265833	-41.0	58.5916952852	0.00805267319083	-0.00178860104643	0.0029444093816
9.43195412363	-41.0	58.2355286863	0.00780628062785	-0.00188668037299	0.00265190354548
7.47638386548	-41.0	59.1834164164	0.00631366157904	-0.00177749455906	0.00349833630025
7.52966296038	-41.0	58.6888536702	0.00637095514685	-0.00189478974789	0.00307378242724
7.31552927778	-41.0	58.7717429702	0.00620621349663	-0.00189092452638	0.00315009034239
7.68014957815	-41.0	59.1226941800	0.00647050514817	-0.00177801609971	0.003440864617
7.71478038608	-41.0	58.8859931780	0.00650464603677	-0.001833406277	0.00323811150156
7.78106469751	-41.0	57.1449232723	0.00658879382536	-0.00223999004811	0.00173968449235
8.02419041858	-41.0	57.0627294429	0.00677021313459	-0.00224080844782	0.00166847347282
7.67922924514	-41.0	56.6439502695	0.00651391176507	-0.00236134277657	0.00130633579101
7.88176626743	-41.0	56.6572859992	0.00666460581124	-0.00234291097149	0.00131899956614
7.59658532336	-41.0	56.8401236164	0.00645245239139	-0.00232372316532	0.00147580401972
7.61886283169	-41.0	57.0115389665	0.00646856799722	-0.00228305673227	0.00162438442931
3.54189713984	-41.0	53.3494557730	0.00314389471896	-0.0034202428069	-0.00178925984073
3.51042263645	-41.0	53.0952449321	0.00309711461887	-0.00345549103804	-0.00200596847571
3.71712383848	-41.0	52.9423473468	0.0032610418275	-0.00345422374085	-0.00211434788071
3.94846873975	-41.0	53.2854867126	0.0034823815804	-0.00338405603543	-0.00180648069363
3.92103930660	-41.0	53.0425192098	0.00344061898068	-0.0034203408286	-0.00201269448735
5.23545643328	-41.0	52.5023638951	0.00447344221175	-0.00338540785015	-0.0023458651267
5.01309384102	-41.0	52.0919587693	0.00426395842806	-0.00347015890293	-0.00269494252279
4.77972343649	-41.0	52.2174991493	0.00408482644707	-0.0034673595801	-0.00261320522986
4.80655315115	-41.0	52.4850103848	0.00412712944672	-0.0034226605203	-0.00239466200583
4.87246201516	-41.0	53.5888547275	0.00426120962948	-0.00323997531086	-0.00147033494432
5.14859740552	-41.0	53.5565910394	0.00447949860245	-0.00321712903678	-0.00147624698002
4.75761900104	-41.0	53.4446062091	0.00415869290009	-0.00327502330765	-0.00160219962709
4.76550447606	-41.0	53.2464639650	0.00415078923106	-0.00330564496107	-0.00176872278098
-8.94823877276	-41.0	55.9806158203	-0.00772636430338	-0.00248018745333	0.000744259392377
-8.95930038240	-41.0	55.6902683339	-0.00773014500737	-0.00254375557415	0.000501138274558
-9.40992657083	-41.0	55.9600205319	-0.00805869605392	-0.00246071605943	0.000730217376258
-9.48235280465	-41.0	55.6854117700	-0.00810680445284	-0.00251808622852	0.000502771581523
-9.22348303223	-41.0	55.6083288821	-0.00791927333921	-0.00254797236994	0.000436013942817
5.93986459276	-41.0	56.7611246113	0.00520575745031	-0.00250392849557	0.00139484275132
5.70489898902	-41.0	56.7036692296	0.0050264862366	-0.00254544825293	0.0013404940255
5.98085627567	-41.0	57.0035753199	0.00523545593023	-0.00244400976226	0.00161292776465
5.58128736335	-41.0	57.1330457095	0.00492815161124	-0.0024630613625	0.00172878382728
5.51011917610	-41.0	56.9216783388	0.00487573025748	-0.00252110557631	0.00153649412096
-0.625605539387	-41.0	64.3881586471	-0.000721743388567	-0.000677644042298	0.00802527647465
-0.0958522891479	-41.0	64.2839918524	-0.000260133965639	-0.000707230356056	0.00794652104378
-0.582206604016	-41.0	64.6697587757	-0.000680821714923	-0.00059455120936	0.00824004318565
-0.0806244861202	-41.0	64.5410114166	-0.000245802482823	-0.000630506547168	0.0081421630457
-0.285479202658	-41.0	64.7198246298	-0.000422797631472	-0.000579013256356	0.00827861670405
7.81194931342	-41.0	54.9910852830	0.00658454559743	-0.00271002273075	-0.00011224993068
7.99789176392	-41.0	55.1647992414	0.00672784401104	-0.00266039790586	4.05357423006e-05
7.52899418223	-41.0	55.3436503634	0.00638387352228	-0.00265644514002	0.000181577212061
7.90975402351	-41.0	55.4274565419	0.00666919676587	-0.0026104291901	0.000262588408077
7.71130206095	-41.0	55.4396392247	0.00652199331671	-0.00262221507728	0.000268520525424
-5.41449706837	-41.0	58.0527364520	-0.00510327704251	-0.00230360496789	0.00256015080959
-5.24963584273	-41.0	58.2985989031	-0.00496715819463	-0.00226066750474	0.00278670759872
-5.34261127011	-41.0	58.5576788374	-0.00502913817763	-0.00218236981891	0.00301638781093
-5.65606433961	-41.0	58.3534874773	-0.00527921132743	-0.00219981744885	0.00282353698276
-5.58152805141	-41.0	58.1501321293	-0.00522869220003	-0.00225955038331	0.00264360453002
-4.65386782909	-41.0	49.1327358203	-0.00413030572236	-0.0040637771599	-0.00503483740613
-4.51128181398	-41.0	48.9194132366	-0.0040013124235	-0.00410738075152	-0.00520163634792
-4.24298551276	-41.0	48.9413405264	-0.00378335011192	-0.00410929368809	-0.00520130293444
-4.51289564288	-41.0	49.3452321695	-0.00402846606448	-0.004027786199	-0.00488552451134
0.807984906041	-41.0	49.7631219661	0.000535017577931	-0.00401691254228	-0.00473213102669
0.585483372995	-41.0	49.6363411615	0.000337650824804	-0.00403900817037	-0.00482841441408
1.00730885054	-41.0	49.6193874431	0.000707155209966	-0.00403393758461	-0.00482878740877
0.591473261881	-41.0	49.3838162733	0.000340125960065	-0.00407645152882	-0.0050080306828
-7.94107112859	-41.0	59.6443636469	-0.00697460304946	-0.00169504154474	0.00385590386577
-8.15463365857	-41.0	59.4425440580	-0.00713945785537	-0.00173140363768	0.00367745035328
-8.41286705677	-41.0	59.5340587440	-0.00733134383336	-0.00169574364554	0.00374361779541
-8.13569435000	-41.0	59.8537076652	-0.00711659388617	-0.0016339836875	0.00402298383415
-6.69552309992	-41.0	59.5249545487	-0.00603308808059	-0.0018066263292	0.00380780012347
-6.45947692028	-41.0	59.1563735127	-0.00586595619097	-0.00191859947518	0.00350045552477
-6.86888775137	-41.0	59.0508329903	-0.00618087360635	-0.00191189348698	0.00339370034635
-6.66422106771	-41.0	58.9719226245	-0.00602811621502	-0.00194789469242	0.00333307497203
-6.48194034834	-41.0	59.4192461305	-0.00587340770289	-0.00185005099047	0.00372633314691
10.2251058211	-41.0	59.3723019000	0.00838079303503	-0.0015886296751	0.0035846196115
10.2791302640	-41.0	58.9814320508	0.00842817593366	-0.00167801138014	0.00325830723159
10.0343241062	-41.0	58.9805647740	0.0082447649911	-0.00168720004149	0.00326340086758
10.3749412178	-41.0	59.2016508129	0.00849644467235	-0.00162338174414	0.00343903200701
10.0268473074	-41.0	59.4144290034	0.00823087524623	-0.00158584408928	0.00362480501644
-7.36789427391	-41.0	55.0854037004	-0.00656143529341	-0.00277675245889	-4.86023491248e-05
-7.25109712681	-41.0	55.3085491232	-0.00648073060438	-0.0027385330759	0.000139162759297
-6.94224167199	-41.0	55.3281603572	-0.00625333888456	-0.00275955046527	0.000145835045259
-7.2262027795	-41.0	54.8505006472	-0.00645086914301	-0.00283667771146	-0.000255077466136
-6.96041861094	-41.0	54.9186591964	-0.00625618500635	-0.00284336064942	-0.000207384189707
9.50427237351	-41.0	54.8091912542	0.00782997254282	-0.00265300297178	-0.000230833422393
9.90708627515	-41.0	54.7085437964	0.00812311004847	-0.00265818717889	-0.000310149625875
9.66747394959	-41.0	55.1607907670	0.00796044059098	-0.00256908894517	6.44744723104e-05
9.70483585981	-41.0	54.7349616803	0.00797517597675	-0.00266055390239	-0.000290273776045
9.52860194294	-41.0	55.0048398990	0.00785385631025	-0.00260931951925	-6.72030946589e-05
9.89573809080	-41.0	55.1601406954	0.00812836922705	-0.00255965557881	6.56550764688e-05
-9.27862267419	-41.0	57.2737721138	-0.00797860324383	-0.00217296392657	0.00182615953963
-9.63287893128	-41.0	57.4543448725	-0.00823721475899	-0.00211478024721	0.00197060359642
-9.36819055929	-41.0	57.8116731708	-0.00804712809622	-0.00204646773636	0.00227316189557
-9.14955843703	-41.0	57.4411343938	-0.00788601860404	-0.0021417082753	0.00196799798869
-9.47582670934	-41.0	57.3200462788	-0.00812203250825	-0.00215266551822	0.00186178018339
-9.21134003316	-41.0	57.6498524653	-0.007932045497	-0.00209111114964	0.00214145658538
9.00337880726	-41.0	55.6974275262	0.007483785972	-0.00248371553607	0.000509045203216
8.82702412074	-41.0	55.4997513336	0.00734961126	-0.00253673433326	0.000340030936059
9.25292498186	-41.0	55.6431538336	0.00766667444259	-0.00248261820525	0.00046550098341
9.33050759002	-41.0	55.4165875692	0.00771886436269	-0.00252852821723	0.000275677622994
9.19163558337	-41.0	55.2606367012	0.00761273689568	-0.00256949523464	0.000143168959767
-3.2726545693	-41.0	44.9778398267	-0.00278494996019	-0.00492189871147	-0.00806580390781
-3.07921814411	-41.0	44.4348091994	-0.00260402471758	-0.00504191964865	-0.0084486277774
-3.30503530072	-41.0	44.4812020040	-0.00278716697358	-0.00503240851685	-0.00841380562633
-3.41414262537	-41.0	44.7110823902	-0.00288569461554	-0.00498133851215	-0.00825096573681
1.26621619842	-41.0	48.3936061694	0.000906217086595	-0.00422376580536	-0.00568479532376
1.47884017205	-41.0	48.2876475216	0.00108402292244	-0.00423753121868	-0.00575063377619
1.71214670561	-41.0	48.4088097957	0.00128371454775	-0.00421161297709	-0.00565624283627
1.17478801370	-41.0	48.6132963635	0.000832410645671	-0.00418865261599	-0.00553438905627
1.74246344157	-41.0	48.6215485030	0.00131513318047	-0.00417492771521	-0.00550592457876
1.59374871371	-41.0	48.7853489025	0.00119337823708	-0.00415127445012	-0.00539738126099
-12.0127421540	-41.0	55.9179636656	-0.0099363271147	-0.0023522565607	0.000686806510203
-11.9322909601	-41.0	55.5471801158	-0.00987142231315	-0.0024402490817	0.000396270159399
-12.1615240688	-41.0	55.4136279230	-0.0100353723392	-0.00246007344685	0.000290769123239
-12.2275904499	-41.0	55.9245944571	-0.0100922267884	-0.00234024808742	0.000689042091835
-11.9157197824	-41.0	55.7377190125	-0.00986269395798	-0.00239772256464	0.00054622994503
10.0512884835	-41.0	53.4486348898	0.00817776937038	-0.00292680715211	-0.00134814472403
9.67124930023	-41.0	53.6910175896	0.00790932495147	-0.0028877381701	-0.00115502183326
9.78889669447	-41.0	53.4475027331	0.00798447988927	-0.00293583446182	-0.00135307421442
10.1350520269	-41.0	53.6701974496	0.00824983417988	-0.00287609733641	-0.00116534973495
9.99061642259	-41.0	53.8585285519	0.00815194193274	-0.00284005189314	-0.00101230270229
-6.79852427440	-41.0	60.6564294922	-0.00606803875417	-0.00151165563148	0.00476088002324
-6.72196056783	-41.0	60.1018725680	-0.00603131204844	-0.0016582198441	0.00429782271385
-6.52250120056	-41.0	60.2498534468	-0.00587087962776	-0.00163396552671	0.00443315971643
-6.59655655942	-41.0	60.6258125769	-0.00591221777722	-0.00153200875502	0.00474603706971
-6.95668956712	-41.0	60.1969408856	-0.00620848778635	-0.00161856296472	0.00436656177044
-6.52944132436	-41.0	60.4400989074	-0.00586804421619	-0.00158434605692	0.00459343893453
11.1364335010	-41.0	55.1910085887	0.00904221180826	-0.00251164520159	9.22909530345e-05
11.5954708525	-41.0	55.3247633652	0.00938449241221	-0.00247065769508	0.000199424393941
11.5259704283	-41.0	54.9234046384	0.00932145304978	-0.0025619843509	-0.00013096476323
11.2934023476	-41.0	54.9965683378	0.00915221683681	-0.00255102245137	-6.91329187248e-05
11.6247508208	-41.0	55.1407040927	0.00940093304962	-0.0025112463627	4.73184663861e-05
-6.09810516740	-41.0	45.9905040651	-0.00509048392996	-0.00469497870654	-0.00726656196639
-6.31305033310	-41.0	45.8320448212	-0.00524930469692	-0.00472992938012	-0.00737497955561
-6.52312035363	-41.0	45.9678369685	-0.00542201241478	-0.00469872169197	-0.00726839900017
-6.51846784925	-41.0	46.2577560040	-0.00543634686619	-0.00463358964771	-0.0070556961
-6.31630886490	-41.0	46.3727692693	-0.00528523884714	-0.00460891705006	-0.00697900773957
-9.01759106797	-41.0	54.1483468253	-0.00774144846946	-0.0028773797676	-0.000778552261181
-8.59761250300	-41.0	54.3749853374	-0.00744206178933	-0.00284962588921	-0.000605184468441
-8.87049832757	-41.0	54.3526881151	-0.00763973267749	-0.00284031056799	-0.000614664866589
-8.46033066234	-41.0	54.1492997279	-0.00733601814136	-0.00290534528904	-0.000797625456471
-8.61166687410	-41.0	53.9250607588	-0.00744001893327	-0.00294540147297	-0.000977463438176
-8.87763561151	-41.0	53.9348940928	-0.00763412006199	-0.002930207178	-0.000959216442425
-7.02165037674	-41.0	63.4787825109	-0.00613050349057	-0.000786127580795	0.00705784792081
-6.77300505097	-41.0	63.4128309054	-0.00593386311084	-0.000809836725239	0.0070189232938
-7.21543625278	-41.0	63.2760214792	-0.00629244558513	-0.000831031298731	0.00688384287059
-6.92763379939	-41.0	62.9791433310	-0.00607420084998	-0.000914200791158	0.00666098250076
-6.69459364887	-41.0	63.1542004957	-0.00588114466518	-0.000877642771229	0.00681543909013
-1.70209756753	-41.0	53.3189227899	-0.00183630886022	-0.00363498670049	-0.00198315666057
-1.46187452777	-41.0	53.2034160211	-0.00160217366647	-0.00365967233665	-0.00209533330053
-1.92018469466	-41.0	52.8846689860	-0.0020142281428	-0.00364975584671	-0.00232892925851
-1.93126841124	-41.0	53.1662289450	-0.00204161205329	-0.00362708186731	-0.00209512328729
-4.18709084880	-41.0	55.7666981370	-0.00415739649907	-0.00299846054986	0.000427568738814
-3.90321378508	-41.0	55.7800521347	-0.00392841780558	-0.00304263015278	0.000426966900704
-3.77749141182	-41.0	56.0615433401	-0.00383312022313	-0.00301144062541	0.000690877554007
-3.93692935816	-41.0	56.3637102657	-0.00396758923307	-0.00292237708345	0.000986604951322
-4.17864162231	-41.0	56.2428927221	-0.00416063051671	-0.00290597602725	0.000877818907611
3.09508800368	-41.0	48.4069370894	0.00243576057255	-0.00417414400727	-0.005583090242
3.31169690630	-41.0	48.9309151374	0.00264181802049	-0.00407611997798	-0.00519924098626
2.99044418098	-41.0	48.8433015222	0.00237107044086	-0.00410187151283	-0.00528183672577
3.48720349670	-41.0	48.7572107983	0.00277641112916	-0.00410009687766	-0.00531109888107
2.95714776048	-41.0	48.5458507005	0.00232880795375	-0.00415408844128	-0.00549388723448
2.90492847062	-41.0	47.9081678393	0.00225718971342	-0.00426881667227	-0.00594308972359
3.00981511956	-41.0	47.4825468367	0.00232516648248	-0.00434416113421	-0.0062319827266
2.60883601129	-41.0	47.5951824936	0.00200338894501	-0.00433393288404	-0.0061771501787
3.05319460450	-41.0	47.7375739665	0.0023707638029	-0.00429577752948	-0.00605276180431
2.80395479905	-41.0	47.4242578211	0.00215628719889	-0.00436053238809	-0.00628430536017
-8.24629350649	-41.0	51.0549352070	-0.00705232936889	-0.00356942415237	-0.00331817264669
-7.94934461206	-41.0	51.3548334190	-0.00684427423403	-0.00351641117595	-0.00309818051755
-8.16465213695	-41.0	51.5790226132	-0.00701718777418	-0.0034615744371	-0.00290674786083
-8.02659989926	-41.0	51.0957911191	-0.00688910111785	-0.00356795452535	-0.00329892453738
-8.34490445463	-41.0	51.4348159487	-0.00714513938874	-0.00348565075547	-0.00301116006449
-3.07088363192	-41.0	53.9672663853	-0.00312615511939	-0.00343359005637	-0.0013101339573
-2.89246574905	-41.0	54.3568981618	-0.00299732922576	-0.00341420760378	-0.000976352661382
-3.30639797261	-41.0	54.2644174674	-0.00335077475756	-0.0033673606813	-0.00102435587905
-3.13625443208	-41.0	54.3976160353	-0.0032131888438	-0.00337470322847	-0.000918459903914
-2.85934765195	-41.0	54.0951582143	-0.00294953281991	-0.00344671984203	-0.00121505337302
1.44437324820	-41.0	65.3529011700	0.00106682919431	-0.00037600545329	0.00873840879649
1.12917153055	-41.0	65.0421030648	0.00079971231753	-0.000469941704068	0.00850876793265
0.954606018454	-41.0	65.2665617416	0.000648172979709	-0.000408742576838	0.00868255831301
1.32672783967	-41.0	65.1527578839	0.000968209526036	-0.000434828863945	0.00858881697059
1.05187849378	-41.0	65.4501322009	0.000730495317839	-0.00035543445847	0.00882028322667
-7.91645251270	-41.0	60.9334769714	-0.00692115165293	-0.00138324033469	0.00493228854612
-7.54990762821	-41.0	61.1752247013	-0.00663080252707	-0.00134080543648	0.00515190698206
-7.82606238125	-41.0	61.1419295195	-0.00684520881623	-0.00133633730002	0.00510940840468
-7.43713225947	-41.0	60.9886234425	-0.00655006896704	-0.00139263097662	0.00500352913514
4.53751656003	-41.0	46.4949083408	0.00348335155286	-0.00449346145615	-0.00681117130443
4.20129170723	-41.0	46.7140140855	0.0032350984402	-0.00445907888934	-0.00668434612453
4.27758896931	-41.0	46.5187933432	0.00328484992497	-0.00449556810781	-0.00681266048923
4.39021557856	-41.0	46.8537164226	0.00338877667673	-0.00442659901455	-0.00657599652186
10.4775580128	-41.0	61.7476219424	0.00851186271757	-0.00101997575257	0.00553193455562
10.4272941416	-41.0	62.1583641665	0.00846065953374	-0.000923195970245	0.00586800370365
10.5469792740	-41.0	61.9689633860	0.00855869147927	-0.000965713465121	0.00570985954255
10.2287369610	-41.0	62.1323493785	0.00830829981714	-0.000933969626203	0.00585370138288
10.1260459578	-41.0	61.8967689759	0.00823685061187	-0.000992967630737	0.0056654876098
9.50335597345	-41.0	57.1133618403	0.00786656700075	-0.00214123679325	0.00170536665246
9.71799648621	-41.0	57.6012472846	0.00802455749363	-0.00201981840655	0.00211404799484
9.74554790944	-41.0	57.0200098338	0.00804550293833	-0.00215110415593	0.00162493658718
9.98377294807	-41.0	57.2128688596	0.00822208728641	-0.00209696078673	0.00178479263559
9.91406159880	-41.0	57.5156104528	0.00817024149001	-0.00203085225075	0.00203963555396
10.9945284199	-41.0	56.028361131	0.00895692687482	-0.00232831877656	0.000787122291513
10.8248710497	-41.0	55.5135852260	0.00882104877383	-0.00244852853939	0.000360812788131
10.5163594334	-41.0	55.8655628107	0.00860137119889	-0.00237998273224	0.00065453350544
10.7496484137	-41.0	56.1032841859	0.00877757836133	-0.00231900066137	0.000851231801789
10.6108055045	-41.0	55.6162024163	0.00866576656699	-0.00243241921999	0.000446732185083
9.02690589619	-41.0	56.7276437888	0.00751333218068	-0.00225322716869	0.00138132576831
8.7847139602	-41.0	56.8209957953	0.00733449868858	-0.00224599079229	0.00146089878399
8.85451810703	-41.0	56.2437565640	0.00738224480301	-0.00237128278241	0.000970523396973
9.05618244118	-41.0	56.4498050658	0.00753318704665	-0.00231401482597	0.00114587333519
5.43946140286	-41.0	62.7705020630	0.0045178020373	-0.000962987018283	0.00656593777239
5.69163766486	-41.0	62.7414804384	0.00472382968292	-0.000957738433499	0.0065300213173
5.37704479708	-41.0	62.2887782654	0.00449549034238	-0.00110028521158	0.00618191901594
5.77698708973	-41.0	62.4662510939	0.00480856746435	-0.00102851120755	0.00630449876189
5.60465736756	-41.0	62.2330363208	0.00468325987458	-0.00110240781214	0.00612493557855
4.50911135230	-41.0	62.3912685946	0.00377694098279	-0.00112276570871	0.00631162291393
4.22310335767	-41.0	62.4231959161	0.00353693938814	-0.00113043771125	0.00635315850377
4.62330921693	-41.0	62.8937756731	0.00384180480614	-0.000971556466538	0.00670667784289
4.16015165454	-41.0	62.6877388573	0.00346855330281	-0.00105623982381	0.00656766491011
4.36945524780	-41.0	62.9237083409	0.00362959969789	-0.000976293231361	0.00674385298043
2.51290199016	-41.0	61.0559166083	0.00215452513658	-0.00168370758183	0.00534707074985
2.37707296898	-41.0	61.2590874464	0.00202031363733	-0.00162347848527	0.00552120385692
2.88139821615	-41.0	61.5644722349	0.00244648149237	-0.00148469221313	0.00573987327516
2.94967184788	-41.0	61.3110586604	0.00252272188663	-0.00156337593216	0.00552958808839
2.78122468107	-41.0	61.0646191246	0.00239169318229	-0.00165930285584	0.00533778173849
2.46582250526	-41.0	61.4567824553	0.00208719982766	-0.00154942309018	0.00567663880065
-4.62452112710	-41.0	52.5548670373	-0.00432984437793	-0.00347394822165	-0.00237409071997
-4.66222443222	-41.0	53.0080027406	-0.00439096242189	-0.00339834135957	-0.00199454673566
-4.45514743714	-41.0	53.0528025139	-0.00422577885911	-0.00340939243324	-0.00197466858663
-4.36679026037	-41.0	52.5827432448	-0.00412113079801	-0.00348943076096	-0.00237328698859
-4.28621581572	-41.0	52.8064941587	-0.0040704170242	-0.00346176349558	-0.00219520344399
-5.77581678603	-41.0	52.4489314584	-0.00524057727307	-0.00341026764363	-0.0023669518996
-5.96344610420	-41.0	52.9198397713	-0.00541440583766	-0.00331119680777	-0.00196399935521
-5.72273170776	-41.0	52.7134237745	-0.00521501153708	-0.00336596718989	-0.00215338240378
-6.03944627127	-41.0	52.4086269456	-0.00544373737648	-0.00340074277483	-0.00237976317294
-6.16922003641	-41.0	52.8337174787	-0.00556858209893	-0.00331293139607	-0.00202029617503
1.80846825701	-41.0	60.1885401737	0.00156998238526	-0.00205923477188	0.00466463528574
2.22398790794	-41.0	60.5060982537	0.00193160586059	-0.0019031856209	0.00490814354271
2.24598758126	-41.0	60.0241633537	0.00198577553965	-0.00207783142105	0.00449661631137
1.96543573951	-41.0	59.9821187225	0.00173007848207	-0.00212299078703	0.00447820778936
2.32563740824	-41.0	60.2720710231	0.00204034126364	-0.00197870726697	0.00470387842506
-7.26645487403	-41.0	56.6397616629	-0.00650967238471	-0.0024476875551	0.00129303371068
-7.50626057763	-41.0	57.0461426670	-0.00668646488339	-0.00233680917881	0.001646167133
-7.68824769629	-41.0	56.9177677794	-0.00681976927444	-0.00235204817727	0.00153513229452
-7.26143622736	-41.0	56.8814087993	-0.00650655850768	-0.00239377119578	0.00150322017726
-7.61759755602	-41.0	56.7377216063	-0.00676755374298	-0.0023979281541	0.0013797362335
-1.37048820519	-41.0	45.0534239436	-0.00124855118338	-0.00489718047902	-0.008026573807
-1.33843535934	-41.0	45.2732145771	-0.0012294963235	-0.00485009513795	-0.00787542387843
-0.770554339354	-41.0	45.1046969596	-0.000762151088566	-0.0048814797774	-0.00798775721341
-1.10005703740	-41.0	45.4274412040	-0.00103971466888	-0.00481592211872	-0.0077688228339
-1.29369890219	-41.0	44.8719758085	-0.00118035776541	-0.00493571255356	-0.00815103575587
-0.84276507822	-41.0	45.3499861652	-0.000827516196296	-0.0048302016221	-0.00782042462379
-3.93420418806	-41.0	57.8922700266	-0.00393915968016	-0.00255439709872	0.00245234416798
-3.84853479091	-41.0	58.3664029745	-0.00384595245123	-0.00243528722785	0.00290139205754
-3.76976246880	-41.0	58.1452702940	-0.00379263283685	-0.00251111714169	0.00269723311067
-4.20327893198	-41.0	57.8803094096	-0.00415749195963	-0.00251454534009	0.0024332255125
-4.07397493837	-41.0	58.3822813290	-0.00402980111539	-0.00239649810828	0.002906300826
0.828255098982	-41.0	63.8320218395	0.000551173347048	-0.000834625563584	0.00759238796309
1.35299014053	-41.0	63.7717780990	0.00101183634251	-0.000842496170662	0.00753478007391
0.986712200296	-41.0	63.6089239962	0.000693490088452	-0.000901012914255	0.00741862133145
1.32567239706	-41.0	63.9689734632	0.000984167912975	-0.000782824063208	0.00768642826006
1.18032735259	-41.0	63.6643047088	0.000862705463078	-0.000879676779732	0.00745674408972
1.15759516959	-41.0	64.0818314760	0.000835793674923	-0.000752152875066	0.00777665246278
3.27163057968	-41.0	52.7290462630	0.00286327023059	-0.00352410972118	-0.0023303211201
3.23882804123	-41.0	52.1728192515	0.00279251742177	-0.00359557871707	-0.00278166728094
3.0146568369	-41.0	52.3186594585	0.00260883430019	-0.0035955789499	-0.00268476712517
3.47833178172	-41.0	52.5761486777	0.00302916578948	-0.00352422799915	-0.00243643089198
3.05122059716	-41.0	52.6119358189	0.00266277440824	-0.00355811300687	-0.00244545005262
4.09843538782	-41.0	52.1174559219	0.0035168856848	-0.00353550654836	-0.00275108823553
3.84714602548	-41.0	51.6956557108	0.00327423354611	-0.00361534859985	-0.00310585228726
4.07299860766	-41.0	51.5434268347	0.00345151894726	-0.0036224888172	-0.00320580624975
4.29142780936	-41.0	51.6945503071	0.00364428688772	-0.00358469760977	-0.00306944665499
4.30513658985	-41.0	51.9645583366	0.00367647991516	-0.00354256760329	-0.00285513023846
12.0038137206	-41.0	55.6370396342	0.00969458185136	-0.00239217863418	0.000452059874078
11.9748459951	-41.0	55.8970637147	0.0096791703254	-0.00233418121934	0.000667005020659
12.2381441259	-41.0	55.5434861962	0.00986590608954	-0.00240906700492	0.000371325237211
12.2075470158	-41.0	56.0095935149	0.00985425245017	-0.00230447552167	0.00075597059913
10.1759163986	-41.0	50.7210226713	0.00809813197702	-0.00351284793578	-0.00354220974259
10.1618824566	-41.0	50.2307172409	0.00804906338453	-0.00361945154145	-0.00392869999632
10.4208319612	-41.0	50.6440659068	0.00827341526747	-0.0035258680582	-0.00360109470785
10.4452382056	-41.0	50.2291715614	0.00825874414295	-0.00361621635966	-0.00392835680395
10.5586473002	-41.0	50.4492527281	0.00836022570729	-0.00356666347943	-0.00375440390781
6.77256580533	-41.0	46.2222310687	0.00514100026339	-0.00448817014694	-0.00691567547619
6.53265359436	-41.0	45.8821200576	0.00493433233351	-0.00455379113555	-0.00714624160901
6.29583059746	-41.0	46.0116531226	0.00477262260392	-0.00453927181661	-0.00705532636493
6.56270984269	-41.0	46.3183230273	0.0049962461926	-0.00447558891028	-0.00684638693929
6.77319555186	-41.0	45.9954663370	0.00511837285012	-0.0045277918689	-0.00707317795604
-0.955919974164	-41.0	44.2360627205	-0.000887403264642	-0.005072186701	-0.00858532171696
-0.856623776228	-41.0	44.0298650145	-0.000801226356998	-0.00511721754447	-0.00872587412596
-0.507880903699	-41.0	44.4114538060	-0.000530962075572	-0.00502897007391	-0.00845896080136
-0.618301347694	-41.0	44.0320742163	-0.000609603303019	-0.00511429645121	-0.0087208673358
-0.488445826673	-41.0	44.2062755968	-0.000509855453856	-0.00507408566773	-0.00859922356904
-7.48457925814	-41.0	52.2676065106	-0.0065402192995	-0.00334796798415	-0.00239462242462
-7.25261297252	-41.0	52.4179582887	-0.0063727661036	-0.00332922162488	-0.00228723720647
-7.63141924935	-41.0	52.7333062194	-0.00667236885056	-0.00324562261812	-0.00200652750209
-7.37590395327	-41.0	52.7523495793	-0.0064818165265	-0.00325527996756	-0.00200632377528
-7.21841622556	-41.0	52.6042440036	-0.00635619089007	-0.00329366629012	-0.00213743443601
-8.85387728225	-41.0	52.1131592434	-0.00755407800898	-0.0033230194822	-0.00244126119651
-9.10318629523	-41.0	52.0898761577	-0.00773728778586	-0.00331947230734	-0.00244740606286
-9.18183302326	-41.0	52.5480411524	-0.00781252793968	-0.00321727665141	-0.00207552989013
-8.75689671638	-41.0	52.3474620307	-0.00749191688374	-0.00327629502863	-0.00225781369954
-8.91902768698	-41.0	52.5744102740	-0.00762026011944	-0.00322135095485	-0.00206669257022
1.92010489867	-41.0	59.2558769159	0.00173913338222	-0.00240763835609	0.00383841991425
2.12003552045	-41.0	59.0269432392	0.00194359524176	-0.00246702809818	0.00361571181566
2.29832519158	-41.0	59.5496000126	0.00206927210093	-0.00224758475088	0.00407767761499
2.41871589035	-41.0	59.0766482449	0.00221562897786	-0.00240411842242	0.00364213553257
2.01777334983	-41.0	59.5075553813	0.0018125786446	-0.00229842122644	0.00405863346532
-7.78232312076	-41.0	53.5435678952	-0.00681819580495	-0.00307057262398	-0.00133075355552
-7.72323978986	-41.0	53.1353419374	-0.00675823027268	-0.00315820449032	-0.00167133647483
-7.3559757687	-41.0	53.3827704390	-0.00649499567226	-0.0031287681777	-0.00148726464249
-7.46772449378	-41.0	53.1543852972	-0.00656866049394	-0.00316856941208	-0.00167005870026
-7.90110323935	-41.0	53.3300763618	-0.00689795892686	-0.00310827465728	-0.00150126637891
-11.7322432339	-41.0	53.1008015026	-0.00968772172928	-0.00301811634563	-0.00154108391143
-11.5917213969	-41.0	52.7323496038	-0.00957742799073	-0.00310779805295	-0.00183789664879
-11.9246120793	-41.0	53.0966196454	-0.00982750114053	-0.00301441992633	-0.00153958250303
-11.7867443967	-41.0	52.5804917611	-0.00971597153693	-0.00313932052813	-0.00195323629305
-11.6339667736	-41.0	52.9317996987	-0.00961266830564	-0.00306015298702	-0.00167809717823
-0.898405982513	-41.0	49.7822652336	-0.000971000234131	-0.00402608327568	-0.00473016593605
-0.556842065022	-41.0	49.5257164794	-0.000666385807563	-0.0040644556284	-0.00491748377681
-0.328809151897	-41.0	49.6504346873	-0.000467197154649	-0.00404556142166	-0.00482890242711
-0.749518729173	-41.0	49.6112947019	-0.000836839142721	-0.00405164575204	-0.00485482206568
-0.582916419364	-41.0	50.0876062915	-0.00069689785596	-0.00398398656398	-0.0045134765096
-0.839032696162	-41.0	50.0016396621	-0.000922853127122	-0.00399504881352	-0.00457274541259
-6.63358718997	-41.0	53.2994587815	-0.00594791816548	-0.00319215841591	-0.00160073454026
-6.92681115731	-41.0	53.2324277559	-0.00616641109809	-0.00318580446765	-0.00163788488135
-7.03855988239	-41.0	53.0040426141	-0.00623989570886	-0.00322415307164	-0.00182020512875
-6.56546739777	-41.0	53.0353266689	-0.00588297238573	-0.00324798189104	-0.00182525406126
-6.88107215468	-41.0	52.8559370384	-0.00611365633085	-0.0032630013302	-0.00195261009503
-7.79984600916	-41.0	53.9488502706	-0.00684566469863	-0.00298533006571	-0.000992500572465
-7.50939930338	-41.0	54.3833992265	-0.00664583360776	-0.00291351578198	-0.000640507671051
-7.92781375952	-41.0	54.1555879387	-0.0069465325214	-0.0029343443457	-0.00081392127322
-7.78404662420	-41.0	54.3905257181	-0.00684814713895	-0.00289392401464	-0.00062279595295
-7.42604853033	-41.0	54.1487823229	-0.00657651619986	-0.00296769966371	-0.000842407578602
8.12550454201	-41.0	54.3897917648	0.00679635023698	-0.00281539838761	-0.000611829455011
8.38261377161	-41.0	54.2939395047	0.00698335561901	-0.00282018678263	-0.000684604397975
8.11406833007	-41.0	54.6504138193	0.00679768202826	-0.00276152486913	-0.000392542249756
8.30001078056	-41.0	54.8241277777	0.00694153225049	-0.00271321157925	-0.000240876586759
8.49409422180	-41.0	51.1973082866	0.0068843443878	-0.00345339253545	-0.00320257921703
8.23049425109	-41.0	51.1093457777	0.00668019102886	-0.003480295185	-0.00328121636994
8.06727579075	-41.0	51.3375254080	0.00657457485795	-0.00344012863934	-0.00310753006488
8.18709606914	-41.0	51.5813761711	0.00668232282624	-0.00338626722805	-0.0029094745405
8.40114955000	-41.0	51.5981182990	0.00684391940013	-0.00337467202917	-0.00288810464554
9.47159051324	-41.0	51.7378999427	0.00765016768128	-0.00331053161062	-0.0027452991344
9.54481766323	-41.0	51.9911652813	0.00772120105103	-0.00325471861288	-0.00254061538726
9.63651743888	-41.0	51.5382490053	0.00775860296562	-0.00334848812781	-0.00290135666728
9.87719511281	-41.0	51.6295628177	0.00794294755906	-0.00332303461619	-0.00282401544973
4.44871020587	-41.0	48.8418571631	0.00356273073703	-0.00405149441212	-0.00518716033548
4.17785315397	-41.0	48.7381921346	0.00333739630878	-0.0040796152316	-0.00527889980003
4.00234656357	-41.0	48.9118964737	0.0032065808773	-0.00405502691865	-0.00516696134582
4.06770265639	-41.0	49.1645630596	0.00327643938363	-0.00400845473632	-0.00498171709478
4.28622027996	-41.0	49.1914978257	0.00345587194897	-0.00399545161054	-0.00494748679921
-9.46059034815	-41.0	58.4577925515	-0.00811676587909	-0.00189474376384	0.00280783651397
-9.65914487250	-41.0	58.6120613054	-0.00826302729547	-0.001850719098	0.00292894220911
-9.95085545857	-41.0	58.3067701529	-0.00847595650703	-0.00190769217443	0.00266692019068
-9.51971397105	-41.0	58.2396845554	-0.00815964490175	-0.00194181199186	0.00262501952238
-9.86006989211	-41.0	58.5125628489	-0.00841047801077	-0.00186484516598	0.00283968192525
5.83538421827	-41.0	45.5069396662	0.00440700678155	-0.00464360509068	-0.00740645825863
5.39850823428	-41.0	45.6665949737	0.00409277016297	-0.00463277939707	-0.00731789926067
5.82764210433	-41.0	45.7612380171	0.00441222731024	-0.00460026180372	-0.0072335456498
5.64871055511	-41.0	45.3868160530	0.00426853308454	-0.00467283139005	-0.00749514298514
5.46694804015	-41.0	45.4944423773	0.00413815351203	-0.00466212583706	-0.00743101537228
5.92026525604	-41.0	59.7621957866	0.0050865248777	-0.00175672152545	0.00405012769625
5.71417125892	-41.0	59.9335790225	0.0049142180942	-0.00172928301618	0.00420661550015
5.85640602080	-41.0	60.1796651546	0.00501178158447	-0.00164967402816	0.00440982310101
6.08762737791	-41.0	60.2267866065	0.00519121577963	-0.00161754037254	0.00443893251941
6.12394174646	-41.0	59.7414373272	0.00524713238701	-0.0017439473886	0.00402348674834
-10.0394240632	-41.0	51.1077710886	-0.0083886878565	-0.00351154757664	-0.00318471249193
-10.2651445645	-41.0	50.7977052145	-0.0085427025333	-0.0035773597192	-0.00341993570328
-10.4321350704	-41.0	50.8639157238	-0.00866874493659	-0.00355959776789	-0.00336088379845
-10.1499655903	-41.0	51.2749288720	-0.0084769083187	-0.00347172771581	-0.00304767349735
-10.5386242536	-41.0	51.0709596140	-0.00875541940331	-0.00351072801277	-0.00319310207851
-10.1401772838	-41.0	50.9281747669	-0.00845573842525	-0.00355004984885	-0.00332224415615
7.56177813326	-41.0	49.2770028252	0.0060251429677	-0.0038692902308	-0.00471314927563
7.45517158937	-41.0	49.5301357405	0.00596629315987	-0.00382156437263	-0.00452658254653
7.07231855645	-41.0	49.1267410246	0.00563997821882	-0.00391190126538	-0.00484145013615
7.16820000794	-41.0	49.5396417986	0.00574869243428	-0.00382796511985	-0.0045301518403
7.04372836634	-41.0	49.3447757494	0.0056369761005	-0.00386987859383	-0.00468062981963
-6.51662435362	-41.0	57.1772903427	-0.005954134278	-0.00239343638532	0.00176270212978
-6.90249373789	-41.0	57.4044845161	-0.00623930757865	-0.00230483780615	0.00196088082157
-6.65649303657	-41.0	56.9368941310	-0.00605937838554	-0.00243491656147	0.00155025941785
-6.88755997165	-41.0	57.0807476252	-0.00623029610142	-0.00238073850051	0.00167709926609
-1.90276481205	-41.0	51.7003295411	-0.00193368573673	-0.00376234017313	-0.00327050476335
-2.33355910306	-41.0	52.0751713393	-0.00234153401107	-0.00370030780323	-0.00295077566989
-1.88184492449	-41.0	51.9580658208	-0.00192767358385	-0.00373607245274	-0.00307173305191
-2.09215068767	-41.0	52.0894223934	-0.00212529394776	-0.00371211138554	-0.00295578152873
-2.17529904052	-41.0	51.6632311410	-0.00217657187022	-0.00375470146537	-0.0032830813434
-9.55069210976	-41.0	53.3228295047	-0.0081070382148	-0.00303449039347	-0.00143374875188
-9.94263006945	-41.0	53.1494471265	-0.00838757120073	-0.00305863586254	-0.00155920663383
-9.98678363064	-41.0	53.5795809284	-0.00843062531203	-0.00296165561303	-0.00121052411851
-9.70993308118	-41.0	53.5735205727	-0.00822951924056	-0.0029733069241	-0.00122473947704
-9.74040310355	-41.0	53.1876200936	-0.00824139174074	-0.0030572314281	-0.00153594987933
-6.71025081446	-41.0	61.1275157288	-0.0059792753309	-0.00139594171196	0.00515865674242
-6.66333114695	-41.0	60.8887607749	-0.00595290120691	-0.00146011332981	0.00496246339753
-6.92026329267	-41.0	61.1538653154	-0.00614233035594	-0.00137776997872	0.00516881747171
-7.04838965967	-41.0	60.9711495980	-0.00624945340678	-0.00141728378367	0.00501003442332
-6.64213219623	-41.0	50.3354319646	-0.00578703312203	-0.00377103034407	-0.00398566061631
-6.52802650366	-41.0	49.9556568396	-0.00567484414205	-0.0038507131394	-0.00428716465831
-6.21619283494	-41.0	50.2621746200	-0.00545008806512	-0.00380020868033	-0.00407204451039
-6.70836502234	-41.0	50.0799734041	-0.00582283781841	-0.00382013083436	-0.00417911401019
-6.28840301665	-41.0	50.0426287593	-0.00549294706434	-0.0038409573026	-0.00423649139702
-5.19844685282	-41.0	49.0575019741	-0.00456571578979	-0.0040647117421	-0.00505669787526
-5.30530976263	-41.0	48.8225523277	-0.00463676964864	-0.0041080978699	-0.00522529752925
-5.53648465340	-41.0	48.7682777458	-0.00481807719916	-0.00411374354735	-0.00525162834674
-5.68124693742	-41.0	48.9230709988	-0.00494301784784	-0.00407966226339	-0.00512698292732
-5.61174369909	-41.0	49.1152230807	-0.0048998198472	-0.00404322799295	-0.0049872030504
-4.79688073596	-41.0	50.6778453504	-0.00434439629316	-0.00377814704552	-0.0038547439035
-5.22180648569	-41.0	50.7442932863	-0.0046920850873	-0.00374801130965	-0.00377100892365
-4.90521097723	-41.0	50.4180971388	-0.00441547017545	-0.00381983141415	-0.00404682895169
-5.27583061467	-41.0	50.4977365554	-0.00471946783364	-0.00379071058705	-0.00395802222192
-5.14350836054	-41.0	50.3133937924	-0.00460122199729	-0.00382964755408	-0.00410976679996
-6.44288071080	-41.0	47.3200174391	-0.00544337788597	-0.00440046563745	-0.00627647293732
-6.85497668930	-41.0	47.5962580606	-0.0057825227268	-0.00433616060764	-0.00605142861605
-6.47841624784	-41.0	47.5769650169	-0.00548728043213	-0.00434472365305	-0.00608449010178
-6.67470962516	-41.0	47.1980998619	-0.00561705324799	-0.00442468514666	-0.00635578855872
-6.67289172248	-41.0	47.6708076059	-0.00564521271735	-0.00432220567018	-0.00600499939173
-7.88101276794	-41.0	46.9515243673	-0.00653623882681	-0.00447072135285	-0.00648777326569
-7.69444080299	-41.0	46.8218551227	-0.00638451986015	-0.00450104940683	-0.00659223413095
-7.72321975159	-41.0	46.5494299220	-0.0063897985965	-0.00456276722252	-0.00679490948096
-8.08733954936	-41.0	46.8265580425	-0.00668711867183	-0.00449814181775	-0.00657383492216
2.23722867728	-41.0	51.0667890414	0.00184389599599	-0.00379682378843	-0.00371219147928
2.16580558637	-41.0	50.5628788586	0.00175494037103	-0.00386615330353	-0.00409126887098
2.43725219173	-41.0	50.6889202227	0.00199834653176	-0.00383726158179	-0.003980897367
2.41322396299	-41.0	50.9616332856	0.00199263519607	-0.00380183127709	-0.00377928512171
1.94692834179	-41.0	50.6831376687	0.00156851112843	-0.00385886896402	-0.00401548435912
0.103679080581	-41.0	60.0561197107	-7.34574714443e-05	-0.00220884406008	0.00461245700717
0.115891499219	-41.0	59.5655945596	-5.8099252783e-05	-0.00242030061781	0.00418737716973
0.369735872392	-41.0	59.8746570027	0.000192657797015	-0.00228078360669	0.00445416942239
0.367525124874	-41.0	59.6195733904	0.000195229295059	-0.00239095604047	0.0042320638895
11.1311820471	-41.0	60.5031883653	0.00904318317771	-0.00129817659035	0.00449200626463
11.0197653631	-41.0	60.7552633836	0.0089529408142	-0.00124172260985	0.00470239762217
11.1474269788	-41.0	60.9802140234	0.00904535409063	-0.00118617457338	0.00488253682852
11.3848706321	-41.0	60.4644794233	0.00923701748252	-0.0013016811572	0.00445219036192
-7.45751791725	-41.0	55.9657333660	-0.00664385454729	-0.00258115166798	0.000711311527994
-7.99123799441	-41.0	55.8567237478	-0.00703179324046	-0.00256606843323	0.000627340923529
-7.56923969295	-41.0	55.7377567703	-0.00672224024311	-0.00262214755639	0.000517197535373
-7.79538964504	-41.0	55.7391118339	-0.00688739679754	-0.00260533578694	0.000523176393472
-7.97905604890	-41.0	56.1045121870	-0.00702617783099	-0.00251250131987	0.000838763837237
-8.73840824765	-41.0	49.3716724417	-0.00733346818015	-0.00392153393477	-0.00460590934381
-8.51017315054	-41.0	49.4065742655	-0.00716287223622	-0.00391776813194	-0.00459073251113
-8.32473921268	-41.0	49.2095888946	-0.00701112160459	-0.00396410096437	-0.00475244596601
-8.80896151468	-41.0	49.1771525424	-0.00737598817796	-0.00396346626803	-0.0047526624985
1.82960541779	-41.0	56.0628217980	0.00176416966133	-0.00338644138537	0.000618827238213
2.00489340304	-41.0	55.5275221654	0.0019146730192	-0.00342148263007	7.94065126684e-05
1.79743077539	-41.0	55.6511616603	0.00171898514964	-0.00344768213108	0.000192867781152
2.02324300432	-41.0	56.1276175245	0.00195349822752	-0.00333528965712	0.000693223439157
2.22392305469	-41.0	55.6614398299	0.00212812726386	-0.00336133665405	0.000226586198551
3.35186377695	-41.0	56.8173501093	0.00315029197372	-0.00290607847273	0.00142214132939
3.56516342206	-41.0	56.3384096885	0.00332851754501	-0.00296669080853	0.000956673175097
3.13145379443	-41.0	56.7002396652	0.00296329893172	-0.00297880615108	0.00130387570243
3.15016735509	-41.0	56.4153915986	0.0029784431681	-0.00303563266061	0.00102098321076
3.36190779880	-41.0	56.2386575552	0.00315645989031	-0.00302722398192	0.000852988625411
4.17639586272	-41.0	54.9099326657	0.00378121272661	-0.00311543652788	-0.000360307429219
3.93081351522	-41.0	54.8142608058	0.00357431173325	-0.00316783506423	-0.000465282588266
4.39325067653	-41.0	54.7290176774	0.0039473194629	-0.00311353895813	-0.000508901895955
4.33694425571	-41.0	54.4359490707	0.00388443493284	-0.00316843483597	-0.000775364867877
4.0693572616	-41.0	54.3821941733	0.00366186443716	-0.00321300514042	-0.000844243448228
1.18282142382	-41.0	56.8176268393	0.00111492071301	-0.00336612435058	0.00141075986903
1.18557237489	-41.0	57.3695937038	0.00110978027806	-0.00321529456414	0.00200534332544
1.43029787978	-41.0	56.9320930208	0.00137005373836	-0.00329393730499	0.00153459387366
0.978276750307	-41.0	56.9783548138	0.000897443038411	-0.00335839088075	0.00158532522619
1.01836094944	-41.0	57.2093308391	0.000937212782446	-0.00328910839744	0.00183534622192
1.41329593148	-41.0	56.4157661885	0.00135281519033	-0.00340960687026	0.000980048323981
1.66077238744	-41.0	56.5302323699	0.00160440104082	-0.00333889853209	0.00110656954348
1.86179999169	-41.0	56.3560061383	0.00180128135253	-0.00333032337949	0.000926530570723
0.725281353716	-41.0	55.3898425413	0.000609040551353	-0.00363156967796	-0.000121683777252
0.703714152381	-41.0	55.9738743778	0.000597676087637	-0.00358266266994	0.00049048056826
0.527385923815	-41.0	55.5433578113	0.000399829557864	-0.00363872526214	3.1592171581e-05
0.563930887543	-41.0	55.7817725844	0.000443207478384	-0.00361641147174	0.00028278955142
3.31681386356	-41.0	53.2532651334	0.00294315628707	-0.00345686334185	-0.00189115852118
3.11011266153	-41.0	53.4061627187	0.0027755969204	-0.00346238911152	-0.00178082298953
3.42525740097	-41.0	53.7453550604	0.00307471887209	-0.00338494894095	-0.00146065896843
3.19498838542	-41.0	53.6363450306	0.00286747212522	-0.00342644634657	-0.00157599349041
1.54036030249	-41.0	52.9194307562	0.0013121542288	-0.0036568690557	-0.0023161068093
1.75721511631	-41.0	52.7385157678	0.0015048814239	-0.00365384179167	-0.00244810222648
1.70060651995	-41.0	52.4750784973	0.00143717695028	-0.00367860868573	-0.00266281631775
1.51468250077	-41.0	52.4397001200	0.00126266037114	-0.00369301810861	-0.00270269601606
0.733427673719	-41.0	51.9225874255	0.000512359838467	-0.00376829016022	-0.00314115243964
0.507545042538	-41.0	52.037784657	0.000302697444567	-0.0037648063153	-0.00305895972997
0.752966102346	-41.0	52.3988054926	0.000543287431356	-0.00373198301531	-0.00277149025351
0.874511891083	-41.0	52.0528096899	0.000648044457193	-0.00375320902094	-0.00303623499349
0.559662971546	-41.0	52.2590806749	0.000356247619493	-0.00374722876586	-0.00288646109402
2.01518320696	-41.0	54.9225857141	0.0018915043911	-0.00347761507146	-0.000513423758093
1.79477322443	-41.0	54.8054752699	0.00167254870757	-0.00352221913636	-0.000641609134618
1.79121805572	-41.0	54.5074498374	0.00165037752595	-0.00354132428765	-0.000921732920688
2.00807286954	-41.0	54.3265348490	0.00184544583317	-0.00352207990363	-0.0010707071051
0.410679300679	-41.0	53.8326075931	0.000242620779318	-0.00368736777455	-0.00160269613843
0.218421252272	-41.0	54.0020925310	4.93160514452e-05	-0.00369078735821	-0.00145738152787
0.157097211401	-41.0	53.4512704130	-1.78674381459e-05	-0.00370079092681	-0.00193276582286
0.350400342201	-41.0	53.5909952308	0.000177434281795	-0.00369356898591	-0.00181177514605
2.88129367201	-41.0	55.4424372101	0.00271508796141	-0.0032584820874	5.06129326823e-05
3.07786174130	-41.0	55.2704820552	0.00287824613042	-0.00324529898353	-0.000101673947938
2.81663004552	-41.0	54.8706317921	0.00262494501658	-0.00334358843975	-0.000500046240631
2.65616377298	-41.0	55.3211506862	0.00250835740007	-0.00331858266145	-8.21068679215e-05
3.05286338607	-41.0	54.9843457863	0.00284008798189	-0.00328842364252	-0.000374584516976
4.21217269481	-41.0	55.4976392909	0.00383737660013	-0.00300959311426	0.000183523487067
3.99887304970	-41.0	55.9765797117	0.0036791798193	-0.00295702903531	0.000623734435067
4.43258267734	-41.0	55.6147497350	0.0040188212879	-0.00295294751413	0.000303750421153
4.42509595631	-41.0	55.9360349938	0.00402171863243	-0.00289254751988	0.000602588115726
4.18917345890	-41.0	56.0390984071	0.00383469159715	-0.00291163800284	0.000690417655278
3.90544296628	-41.0	52.5403615366	0.00338840624318	-0.00349115254357	-0.00242737890221
4.31884537034	-41.0	52.2345663660	0.00370877073146	-0.00350080803037	-0.0026383488439
4.34567508500	-41.0	52.5020776015	0.00375169632025	-0.00345850875601	-0.00241986243054
4.10935843440	-41.0	52.6405333996	0.00356668047607	-0.00345886661671	-0.00232763867825
-1.38744881776	-41.0	51.3574886637	-0.00145194120705	-0.00381732406095	-0.00355711020529
-0.859186500208	-41.0	51.0418676864	-0.000962217280176	-0.0038624855224	-0.00380988186225
-1.12475080702	-41.0	51.4715297354	-0.00121603277512	-0.00381148047745	-0.00348031963222
-0.875032746855	-41.0	51.3139719120	-0.000982865109108	-0.00383246690035	-0.00360614480451
5.47674368747	-41.0	54.5036790438	0.00479420972988	-0.00301706045866	-0.000636508339085
5.51671951183	-41.0	55.0336820274	0.00484946137294	-0.00291379075497	-0.000167166610481
5.72019109572	-41.0	54.8671839046	0.00499984994531	-0.00292225414887	-0.000303601205815
5.70422526818	-41.0	54.5978418786	0.00497544975951	-0.00297484151088	-0.000540631473996
3.10110631872	-41.0	63.4989114074	0.00253191031516	-0.000867350434419	0.00725929392502
2.99231711041	-41.0	63.7705329062	0.00242788670585	-0.000791156722698	0.00747499614954
2.71713918096	-41.0	63.4254152993	0.00220641191117	-0.00090499111684	0.00721945101395
2.93428156245	-41.0	63.3847984225	0.00239440752193	-0.00090843741782	0.00717816874385
0.203448892048	-41.0	64.8895359151	1.66729410012e-06	-0.000526224728674	0.00840560812503
0.0217385638251	-41.0	65.2697984817	-0.000154069246491	-0.000418681564042	0.00869564153254
0.488465932417	-41.0	65.1963723727	0.000247724732617	-0.000435000198195	0.00863593816757
0.363017764772	-41.0	65.4313834874	0.000139899027999	-0.000369848858099	0.00881571602076
0.428064917777	-41.0	64.9420977495	0.00019590582815	-0.000508697237819	0.00844347756356
-0.00140582448967	-41.0	65.0683491283	-0.000174908083864	-0.000476337969303	0.0085427518934
0.391523232266	-41.0	56.2562208312	0.000259645603364	-0.00357058667578	0.000791478494648
-0.0739874451679	-41.0	56.2094850776	-0.000254936516285	-0.00359055609442	0.000738215341698
0.0503448747	-41.0	55.9974774343	-0.000117840252642	-0.00361790996976	0.000508144090418
0.251739967428	-41.0	56.0641190378	0.000104461723822	-0.00360479275696	0.000581201456953
-0.0573540497296	-41.0	56.3873424876	-0.000236812848016	-0.00356233655475	0.000933180039283
0.22843787602	-41.0	57.5395188901	7.76381639298e-05	-0.00325980014168	0.00219858414494
0.840458936023	-41.0	57.6533599869	0.00073872943176	-0.00317123765126	0.00231327093206
0.239516673777	-41.0	57.7320506440	8.82830572664e-05	-0.00319149554707	0.00240438384935
0.434237424715	-41.0	57.4177626604	0.000303953798721	-0.00328931468539	0.00206608022563
0.673247510572	-41.0	57.4930971221	0.000563043751754	-0.00324419233948	0.00214504054748
0.341881833209	-41.0	57.8861381367	0.000198117049877	-0.0031294063665	0.00256608356722
1.33484526588	-41.0	59.1554436869	0.00118095730431	-0.00251963059418	0.00378061784431
0.749279939309	-41.0	59.0241649937	0.000599001185037	-0.0026302433107	0.0036837735679
1.25413763974	-41.0	58.9094593317	0.00111463700887	-0.00263032503426	0.00355596328154
0.961212846444	-41.0	58.8324608470	0.000823072448839	-0.00269429082982	0.00349585944787
0.797158041916	-41.0	59.2734179047	0.000638514000457	-0.00251903897151	0.00391153991222
-10.1024456242	-41.0	60.5953924039	-0.00858910288662	-0.00138255383354	0.00453840941191
-10.3083440720	-41.0	60.7231968005	-0.00874409358948	-0.00134795589838	0.00463132048026
-10.5202955285	-41.0	60.5877616429	-0.00890459213406	-0.00137321429793	0.00450892560184
-10.5344882199	-41.0	60.3212449338	-0.00891546439379	-0.00143288448453	0.00429082009941
-10.1451973857	-41.0	60.3328074334	-0.00862256996334	-0.00144109711982	0.00432144803926
-1.37222198498	-41.0	44.0201963843	-0.00121562194545	-0.00512412469834	-0.00873809773475
-1.27292578704	-41.0	43.8139986783	-0.0011288911337	-0.00516973342746	-0.00887962989509
-1.63336965843	-41.0	44.0119578863	-0.00142527685966	-0.00512813450769	-0.00874563027173
-1.75411787751	-41.0	43.7895681852	-0.00151407020167	-0.00517936563119	-0.00890046544373
9.12047950044	-41.0	61.5893374456	0.00747459102422	-0.00109800754581	0.00544931925833
8.96865589397	-41.0	61.9387354057	0.00734364101663	-0.00101771368645	0.00574021693319
8.68399580247	-41.0	61.6732287734	0.00713503500447	-0.00109372672159	0.00553370360285
8.73567436587	-41.0	61.8857379805	0.00716591905802	-0.00103918858804	0.00570546509698
8.99134503596	-41.0	61.4469838977	0.0073809325695	-0.00113757245708	0.00533728394657
9.08707948055	-41.0	61.7585641576	0.00744221638888	-0.00105778849684	0.00558889331296
-6.35472820192	-41.0	53.8650814543	-0.00576310046017	-0.00310315168463	-0.00114183360711
-5.93021266653	-41.0	54.2138701758	-0.0054557765834	-0.0030727153644	-0.000869628798682
-6.47599582330	-41.0	54.0974557543	-0.00586504396051	-0.00304819853045	-0.000936458527576
-6.29137283014	-41.0	54.4121640090	-0.00573853217065	-0.00300203915685	-0.000676881812979
-6.07399229273	-41.0	54.3795015725	-0.00557253789157	-0.00302787241526	-0.000717626593541
-6.40765445676	-41.0	54.2714264362	-0.0058206464164	-0.00301967095584	-0.000791447528172
-7.11803876089	-41.0	56.2286925384	-0.00639772135764	-0.00255122734234	0.000933475675993
-6.93314939797	-41.0	56.0474359906	-0.00625947955996	-0.00260680564679	0.00077193020843
-7.28512975528	-41.0	55.7541891041	-0.00651432806626	-0.00264060497284	0.000524832110386
-6.97627430046	-41.0	55.7738003381	-0.00628731492907	-0.00266207498498	0.000534164777491
-1.69196798535	-41.0	67.4595213685	-0.00158668053336	0.000159724091645	0.0103595340624
-1.81607772835	-41.0	67.7737704336	-0.00168607290834	0.00023840572976	0.0105994734913
-1.30691109502	-41.0	67.9169239324	-0.00125507824123	0.000276176870102	0.0107123479247
-1.63077904352	-41.0	67.9448063136	-0.00152736960445	0.000281680229818	0.0107321226969
-1.42404006532	-41.0	67.4651662947	-0.0013605391141	0.000161973832292	0.0103657497093
1.46021100886	-41.0	51.7394801148	0.00117921526544	-0.00375762139447	-0.0032499183435
1.25718993649	-41.0	51.7650661897	0.000993804889731	-0.00376387871802	-0.00324062420987
1.55415267296	-41.0	51.9078114776	0.00127299549058	-0.00373693672009	-0.00311551336199
1.19361301217	-41.0	51.9441073447	0.000941941223573	-0.00375019432977	-0.00310645787977
1.43299568331	-41.0	52.0898221467	0.00116989330854	-0.00372645747848	-0.00298159127124
1.01547722899	-41.0	67.9704360827	0.00070076942211	0.000312323798425	0.0107382424176
0.944304667456	-41.0	67.7171383117	0.000639750505798	0.000247210642556	0.0105459913611
1.26596812690	-41.0	67.9595042317	0.000910920847673	0.00031347075128	0.0107255624607
1.38412050907	-41.0	67.7266494111	0.00100924854632	0.000256492872722	0.0105455629528
1.29888050302	-41.0	62.7812740506	0.000987579813227	-0.00115884863771	0.00677341222763
0.915310858608	-41.0	62.9414255474	0.000641641905531	-0.00111609359737	0.00690703233704
1.02596555496	-41.0	63.1785972876	0.000735652458388	-0.00103661348112	0.00708733219653
1.21958070726	-41.0	63.2339780002	0.000905997992959	-0.00101427815389	0.00712526682764
1.08176204741	-41.0	62.7455551443	0.000794523919467	-0.00117670255713	0.00675168354064
-3.31165170881	-41.0	52.2776675383	-0.00321313529275	-0.00361266336404	-0.00271307560615
-2.83140998430	-41.0	52.4039713618	-0.0028043310158	-0.00363129586913	-0.00265063322149
-3.41731242542	-41.0	52.5126304698	-0.00332024111412	-0.00357404584065	-0.0025133676827
-3.08204645305	-41.0	52.8635832476	-0.0030558151193	-0.00355798332021	-0.00225364952348
-3.07697921775	-41.0	52.2227155069	-0.00300658610649	-0.00363609520718	-0.00277665886097
-4.45285135984	-41.0	63.5432158483	-0.00403356784955	-0.000850798562169	0.00724935065955
-4.98328511541	-41.0	63.8028680153	-0.00446175038815	-0.000763324089348	0.00742769613862
-4.54398217389	-41.0	63.8011652468	-0.00409766519442	-0.00077705073636	0.00744865229353
-4.77458930318	-41.0	63.9228507684	-0.0042838063091	-0.00073725177208	0.00753321126103
-3.46219591689	-41.0	64.9619194182	-0.00314392265864	-0.000485662778374	0.00840251520276
-3.35570974788	-41.0	64.7223902463	-0.00306238094345	-0.000552901881747	0.00822073593736
-3.05435106734	-41.0	64.6765628750	-0.00280850101262	-0.000570867268834	0.00819585006684
-3.29242604968	-41.0	65.1184619023	-0.0029952856712	-0.000445870304247	0.00852951034904
-3.10749520752	-41.0	65.0604410388	-0.00284074270166	-0.00046431136434	0.00849072542042
-2.33123035431	-41.0	58.6804316990	-0.0025098095648	-0.00258078472689	0.00327984895557
-1.92834658092	-41.0	58.5679389529	-0.00214068987407	-0.00268560741097	0.00319586414844
-2.13807288764	-41.0	58.5588842443	-0.00233914796263	-0.00265548052266	0.00317514594644
-1.95015918245	-41.0	58.9987919674	-0.00213300460018	-0.00251966132782	0.003602379933
-1.86556633729	-41.0	58.7747222926	-0.0020675426349	-0.00261707301252	0.00339705077931
-5.99742721291	-41.0	51.4988385097	-0.00535573018715	-0.00357269844972	-0.00311754830182
-6.41318446365	-41.0	51.8543659053	-0.00570080708712	-0.00348391523585	-0.00280168280005
-6.23523592731	-41.0	51.4467507762	-0.00553833274171	-0.00357081065886	-0.00314120436087
-6.14660671757	-41.0	51.9414520383	-0.00549924792722	-0.00348173757084	-0.00275126309134
-6.44311455267	-41.0	51.6245144740	-0.00571043603122	-0.00352659635246	-0.00298399594612
-9.27528089935	-41.0	55.1474291995	-0.0079489108175	-0.00264686532319	5.39195789315e-05
-9.15719487739	-41.0	54.7350059416	-0.00785584188998	-0.00274299737066	-0.000290167459752
-9.06007557744	-41.0	54.9663847854	-0.00779031030834	-0.00269730645232	-0.000100674857094
-9.38492567835	-41.0	54.7268560887	-0.00802010577172	-0.00273391767405	-0.000291409087367
-9.47978563717	-41.0	55.0454992098	-0.0080944430083	-0.00265947380103	-2.66393326456e-05
11.2041970924	-41.0	59.1422333430	0.00912032462656	-0.001612746506	0.00336836557835
11.5139506454	-41.0	58.7437128543	0.00935661792755	-0.00169704481959	0.00303082237951
11.6250943862	-41.0	58.9911099429	0.00943843647838	-0.0016376238782	0.00323222461157
11.1269161510	-41.0	58.9040739352	0.00906479451805	-0.00166976894252	0.00317333615385
11.4087249855	-41.0	59.1639814888	0.00927400682122	-0.00160271127243	0.003380832728
9.42698207210	-41.0	50.6284208323	0.00753596564755	-0.00354674714617	-0.0036259344779
9.81831963215	-41.0	50.8956201807	0.00784668326378	-0.00348167004995	-0.00340862339363
9.55917785110	-41.0	51.0484600000	0.00766610214487	-0.00345458788797	-0.00329213542864
9.35734208941	-41.0	50.8560769796	0.00750186108053	-0.00350008462556	-0.00344816129655
-1.88059178898	-41.0	58.1563382007	-0.00211942847818	-0.00284314365126	0.00279490672983
-2.24548207885	-41.0	57.9890070886	-0.00247338553891	-0.00283391121775	0.00261150230654
-2.07943245277	-41.0	57.7217521984	-0.00233068387024	-0.0029521281831	0.00234875967726
-2.09031809570	-41.0	58.1472834921	-0.00231949728914	-0.00280929193832	0.00277587980963
-1.80269089488	-41.0	57.7363626686	-0.00206446764059	-0.00300051388331	0.00237307092175
-4.29844840201	-41.0	50.7322067165	-0.00393970869482	-0.0037902505137	-0.00385041162372
-4.36367906210	-41.0	50.9917789873	-0.00401046918705	-0.00374387297779	-0.00364463590086
-4.64963077623	-41.0	50.5274921369	-0.00421466538683	-0.0038106625434	-0.00398167595267
-4.60153751614	-41.0	51.0426910652	-0.0042090844363	-0.00372393825091	-0.00358648202382
-4.44905687174	-41.0	50.5966627559	-0.0040549072437	-0.00380689976737	-0.00394343724474
-4.96834980358	-41.0	56.1452512092	-0.00477998098359	-0.0028057184536	0.000809890392702
-5.05682588246	-41.0	56.3712720701	-0.00485076569021	-0.00274557201192	0.0010207950836
-4.90581656016	-41.0	56.6386376855	-0.00473507167771	-0.00270845904015	0.00126554153394
-4.57202175867	-41.0	56.4102307460	-0.00447395676747	-0.00280789751559	0.00104614114389
-4.69358915913	-41.0	56.6036527402	-0.0045699053444	-0.00274735386483	0.00122977828141
-6.45062969576	-41.0	56.9112028731	-0.00590624893084	-0.00246082944795	0.00152682245243
-6.18675962687	-41.0	56.9220816419	-0.00570901343599	-0.00248559238389	0.00153538573068
-6.10946224240	-41.0	57.1472965094	-0.00564963463694	-0.00244223116897	0.00173663778696
-6.23362006597	-41.0	57.3625765193	-0.00574063556269	-0.00237897387706	0.00192840059754
-5.78910924180	-41.0	55.1990686117	-0.00538645265624	-0.00289614591748	-1.44181112773e-05
-5.35497989889	-41.0	55.6539887330	-0.00506812008098	-0.00285547343083	0.000374262745026
-5.24429163617	-41.0	55.4188722333	-0.00497665116563	-0.00291582918726	0.000156594309374
-5.68195852595	-41.0	55.6662417406	-0.00531769450754	-0.00281395530328	0.000398092728574
-5.86973704500	-41.0	55.4338642390	-0.00545428134501	-0.00284035992809	0.000197826084332
4.04954260833	-41.0	50.9353847194	0.00338633917272	-0.00371709954925	-0.00367562705651
3.79357075521	-41.0	50.5166304140	0.00314306584187	-0.00379635021091	-0.00401116767898
4.24885505358	-41.0	50.7830111831	0.00353989237919	-0.003730047727	-0.00377570884302
4.21053274899	-41.0	50.5072993717	0.00348791875876	-0.00377656356432	-0.00398651370779
3.96150398262	-41.0	50.3837621127	0.00327327847481	-0.00380902155302	-0.00409767217934
6.01299181149	-41.0	63.2507938024	0.00495513435453	-0.000803823466413	0.00692151254043
6.48454208798	-41.0	63.6627046629	0.00531253032386	-0.000673642731272	0.00722809694707
6.27137799271	-41.0	63.2044206506	0.00516508845612	-0.000804502051324	0.00687269773334
6.00348399234	-41.0	63.7816219309	0.00492049334571	-0.000661656842567	0.00734312832355
6.47746164495	-41.0	63.3979909708	0.00532004190609	-0.000744020566344	0.0070178755559
4.80625953654	-41.0	63.4051198208	0.00396485906094	-0.000817776017357	0.0071021639742
5.04030905293	-41.0	63.8082874121	0.00413673510775	-0.000695227528922	0.00740822870284
4.55240556742	-41.0	63.4350524886	0.00375377945602	-0.000821225112304	0.00713841523975
4.65867647277	-41.0	63.8781369885	0.00381968985312	-0.000692131347023	0.00748108327389
4.97994133718	-41.0	63.5710110777	0.00409903051332	-0.000763512565754	0.00722440611571
5.06055154073	-41.0	53.7653429106	0.00442335754633	-0.00319119589403	-0.00130493682809
4.53698398063	-41.0	53.7981600573	0.00400494318455	-0.00324333854951	-0.00131806533318
4.65706523123	-41.0	54.0246266335	0.00411731796339	-0.00319358054549	-0.00111226236913
4.66957313625	-41.0	53.6533580804	0.00410227989778	-0.00325124594383	-0.0014315986773
4.90986099825	-41.0	53.9552971835	0.00431556720287	-0.00317587144673	-0.00115289504174
7.04064221801	-41.0	54.3377679792	0.00598284322768	-0.00290186773054	-0.000696497911122
6.99042618376	-41.0	54.8365470658	0.00596511689946	-0.00280528771691	-0.000271945435088
7.24618079618	-41.0	54.4991850577	0.00614428892732	-0.0028534156736	-0.000550464377739
6.85745539293	-41.0	54.4512615617	0.00584959052503	-0.00289399852045	-0.00060793251032
6.85156165724	-41.0	54.6797080622	0.0058545935899	-0.00284877535887	-0.000412408611737
7.45623266968	-41.0	60.5242201199	0.00624034693465	-0.0014424379915	0.00463116774336
7.13265251661	-41.0	60.1817384637	0.0060072010383	-0.00155067257583	0.00435655517504
7.27325331679	-41.0	59.9915711127	0.00612451555207	-0.00158947391901	0.00419092644006
7.20476524523	-41.0	60.4144967298	0.00605147331953	-0.00148628407624	0.00454923696816
7.50824748034	-41.0	60.0211472382	0.00630356930196	-0.00156634312589	0.00420735031366
6.22999271247	-41.0	61.5641716221	0.00522448075935	-0.00124698807485	0.00554775027558
6.33149188350	-41.0	61.0509950114	0.00533507531509	-0.00137819163501	0.00511886226013
6.53758445976	-41.0	61.3287841367	0.00548159889877	-0.00129065313376	0.0053391251713
6.14710781867	-41.0	61.0868768998	0.00518713099882	-0.00138124264777	0.00515761598945
6.42456750449	-41.0	61.5084126805	0.00538200698793	-0.00124984839931	0.00549248699099
6.46221969674	-41.0	61.1842080337	0.00543047534302	-0.00133391562849	0.00522314105183
7.63967977525	-41.0	61.0616089405	0.00635619694367	-0.00129538448527	0.00507057690993
7.97843571504	-41.0	61.3086474435	0.00660648895428	-0.0012155479053	0.00526110781357
7.59837222736	-41.0	61.5269784909	0.00630127917975	-0.00117906730156	0.00545580498874
7.84837235890	-41.0	61.5012916340	0.0064966888167	-0.00117323314771	0.00542462477461
7.89598777413	-41.0	61.1439476179	0.00655045406893	-0.00126110773999	0.00512853171676
-1.99257486146	-41.0	55.2015389429	-0.00222829380073	-0.00347309117205	-0.000249666132731
-1.72687518601	-41.0	55.1118471731	-0.00196710554883	-0.00352490041405	-0.000354832038283
-1.66948941445	-41.0	54.8638613920	-0.00189751479775	-0.00355091760866	-0.000599401828367
-2.05254911125	-41.0	54.7765417481	-0.00226017972454	-0.00349990860559	-0.000655528041534
-1.84913161284	-41.0	54.7014450216	-0.00206204107963	-0.00353562855162	-0.000741561176255
-8.98487761494	-41.0	53.2853743747	-0.00769315799698	-0.00306545826606	-0.00148691132199
-8.75623208765	-41.0	53.0607387015	-0.00751816760749	-0.00312356557697	-0.00168006285094
-8.50071679158	-41.0	53.0797820613	-0.00733104161918	-0.0031309009064	-0.00167664105538
-8.42957728148	-41.0	53.3051588792	-0.00728677725419	-0.00308645702899	-0.0014956103405
-8.59010112502	-41.0	53.5011491116	-0.00741120520979	-0.00303704012185	-0.00132746633608
-8.85606986243	-41.0	53.5109824456	-0.00760605186224	-0.00302250357345	-0.00130804500077
7.78769174238	-41.0	48.5689314730	0.00613152980804	-0.00400737766176	-0.00523491716012
7.31519958949	-41.0	48.4369087183	0.00576293747872	-0.00404314091429	-0.00534173334017
7.62905713128	-41.0	48.1461525272	0.00597217632458	-0.00409597856924	-0.00554878637195
7.81572126409	-41.0	48.3109092213	0.00612813374028	-0.00405946699902	-0.00542517425492
7.39524093616	-41.0	48.1963089552	0.00580100761726	-0.0040898709558	-0.00551572488621
-6.84203871392	-41.0	50.7470433663	-0.00596667500213	-0.00368165923283	-0.00365060428157
-7.05456296924	-41.0	50.4035031954	-0.00611007492989	-0.00374351185746	-0.00390483555384
-6.89843413621	-41.0	50.2278068260	-0.00597910070792	-0.00378424813971	-0.00405188603327
-7.01395450520	-41.0	50.5880049839	-0.00608974834904	-0.00370745686814	-0.003763491055
-5.59290975976	-41.0	51.1049743275	-0.00501176109537	-0.00366550846957	-0.0034604773391
-5.32264331754	-41.0	51.1387991895	-0.00479857204482	-0.00367224426009	-0.00345476041548
-5.62838539981	-41.0	50.8660925035	-0.00502460636199	-0.00370802287944	-0.00364523567259
-5.44517616340	-41.0	50.6735794893	-0.00486636115238	-0.00375145254657	-0.00380911678076
8.21843871829	-41.0	47.4440432824	0.00634035747498	-0.00423314562067	-0.00606157630682
8.38574013771	-41.0	47.6170229464	0.00648325262591	-0.00419619958848	-0.00593465194106
8.31089214065	-41.0	47.9035327406	0.00645766733214	-0.00413714721799	-0.00572244264185
7.90034324526	-41.0	47.8112727166	0.00614219764248	-0.00416047498584	-0.00579169206321
8.08700737807	-41.0	47.9760294107	0.00629817787558	-0.00412445422262	-0.00566964223981
9.65782810829	-41.0	60.8229995533	0.00791346747428	-0.00126462744083	0.00480175344273
9.61401382462	-41.0	61.0185117457	0.00787358451635	-0.0012191577116	0.00496407365426
9.90272709218	-41.0	60.7642337236	0.00810188055038	-0.00127044168767	0.00474544288591
9.75476397151	-41.0	61.2130348207	0.00797464232892	-0.00116773310583	0.00511912815273
-0.356911002643	-41.0	68.0763578747	-0.000452854350442	0.00032258729334	0.0108338538557
-0.812871251521	-41.0	68.1968878927	-0.000835371203721	0.000348920730175	0.0109275700524
-0.324254529713	-41.0	68.3007716127	-0.000423029181547	0.000378749828087	0.0110055627301
-0.596456295063	-41.0	68.0137102794	-0.000655306736007	0.000304912799038	0.0107868099585
2.72111355975	-41.0	46.4330732991	0.00206139031798	-0.00455301254988	-0.00696987332776
2.56585381680	-41.0	46.8688959253	0.00194694974925	-0.00447174999863	-0.00667985435575
2.76396448772	-41.0	46.9326223552	0.00210820604116	-0.00445462530479	-0.00662514194846
2.92538332833	-41.0	46.7321097371	0.00223182560876	-0.00448931567371	-0.00675348052755
2.55036582828	-41.0	46.6235891010	0.00192876264919	-0.00451967306435	-0.00684883492067
2.89068570369	-41.0	46.4766580872	0.00219749193639	-0.00454024225473	-0.00693045463413
-9.72012282121	-41.0	50.9592049481	-0.00814635585994	-0.00355135835707	-0.00331646646373
-9.44213204645	-41.0	50.7332370341	-0.00793001055717	-0.00360748451203	-0.00350783625618
-9.59437825190	-41.0	50.5486581774	-0.00803468376398	-0.0036453763023	-0.00364577327855
-9.82087604177	-41.0	50.7796086265	-0.00821317266673	-0.00358942872845	-0.00345351058058
-9.52835578629	-41.0	50.8772449489	-0.00800058431923	-0.00357370916754	-0.0033901759889
-9.77110524114	-41.0	50.6231830505	-0.00816933251917	-0.00362538197078	-0.00357896089554
-10.7873182389	-41.0	52.9047816782	-0.00899593252689	-0.00308784446679	-0.00172571092844
-11.1995731225	-41.0	52.7703431740	-0.00929275527596	-0.00310806068592	-0.00181949266698
-10.9183244952	-41.0	53.1107915316	-0.00909617822617	-0.00303725223057	-0.00155688927043
-11.1377357795	-41.0	53.1261528635	-0.0092560434714	-0.00302765564993	-0.00153783545829
-11.2418184992	-41.0	52.9697932689	-0.00932820886374	-0.00306095182896	-0.00165928469505
-4.96007419840	-41.0	62.7701198578	-0.00449195224792	-0.00104530842509	0.00660520698875
-5.41775388481	-41.0	63.1305882672	-0.00484965322539	-0.000928854511585	0.00686869863421
-5.46324774307	-41.0	62.9526032232	-0.0048952922225	-0.000974826340098	0.00672329077497
-5.21627735670	-41.0	62.7169241977	-0.00470506260172	-0.00104884174652	0.00654771830887
-5.41127100657	-41.0	62.7879361528	-0.0048608914949	-0.00102126749698	0.00659373681992
-5.78843517021	-41.0	63.2371278135	-0.00514681404456	-0.000887106463779	0.00693332403898
-6.19879469969	-41.0	63.1266886850	-0.0054838731885	-0.000901478109881	0.00682148849592
-5.83392902848	-41.0	63.0591427696	-0.0051918127574	-0.000932290742639	0.00678789243102
-5.99218183251	-41.0	62.9847583464	-0.00532332342118	-0.000945917563513	0.00671904115006
-6.04010365779	-41.0	63.3399752893	-0.00534642999992	-0.000851626857184	0.00700166309252
-8.70097221370	-41.0	55.8403426606	-0.00754591682926	-0.00252508209087	0.000623869418632
-8.46537936899	-41.0	55.9474183052	-0.00737705407664	-0.00251548481174	0.000711320724804
-8.60509861385	-41.0	56.3828324917	-0.00748331984505	-0.00241050147451	0.0010806939099
-8.45319742347	-41.0	56.1952067443	-0.00737133342773	-0.00246145064011	0.00092097040033
-8.79569424312	-41.0	56.3894245721	-0.0076212300919	-0.00239788251929	0.00108694087248
9.74082531073	-41.0	62.9030337403	0.00790408626199	-0.000759467075113	0.00649533467367
9.84573646785	-41.0	62.5135442861	0.00799942482263	-0.00085144652985	0.00617647450417
9.96226036077	-41.0	62.9597932493	0.00807409826666	-0.000740672054235	0.0065334350802
9.75380251819	-41.0	62.6697279405	0.00792261492461	-0.000815858889837	0.00630621146411
10.0970576630	-41.0	62.7648538058	0.00818544719368	-0.000784867268521	0.00637119775638
10.0200223603	-41.0	62.5373462159	0.00813349802047	-0.000841494242195	0.00618969416246
2.92823917935	-41.0	67.4643327382	0.00229904660955	0.000221080888878	0.0103072859347
2.73726418193	-41.0	67.7080809119	0.00213963910937	0.00027878137189	0.0104990415275
3.16418209550	-41.0	67.6299155576	0.00249400222674	0.000269207492238	0.0104268556461
2.84082013682	-41.0	67.8948894620	0.00222523044795	0.00032851472497	0.0106389848515
3.06535152340	-41.0	67.8541391065	0.00241140788421	0.000323626969475	0.0106013482437
-3.26830342568	-41.0	57.3250652841	-0.00340691790916	-0.00282552139834	0.0019202431431
-3.26808012255	-41.0	56.8034137926	-0.00341570004821	-0.00295286159962	0.00140447390731
-3.07051895851	-41.0	56.8653670748	-0.00324684055522	-0.00297856982797	0.00146482978016
-3.07795939869	-41.0	57.2620732243	-0.00324631342664	-0.00287964637391	0.00186067423783
-2.96860281980	-41.0	57.0611697284	-0.00315640564077	-0.00295286718756	0.00166102428921
0.350423303125	-41.0	63.9517399718	0.000130702726892	-0.000804473878816	0.00769041059539
0.315072694456	-41.0	63.6737646095	0.000100613338873	-0.000891014409717	0.00747842667624
0.727517310098	-41.0	63.5822609213	0.000465437711682	-0.000914086704142	0.00740305194631
0.523764879941	-41.0	64.0389381704	0.000282327877358	-0.000775702588726	0.00775499362499
0.526876572937	-41.0	63.5530543170	0.000288477283902	-0.000926337495912	0.00738369766623
10.7304854199	-41.0	57.5489300582	0.00877573341131	-0.00199266360141	0.00205580634065
10.3430939547	-41.0	57.3590518821	0.00848829373717	-0.00204946822487	0.00190299283713
10.2733826054	-41.0	57.6617934753	0.00843633990735	-0.00198296783492	0.00215713400394
10.5546313741	-41.0	57.4282261288	0.00864515732974	-0.00202609738335	0.00195785355754
10.4611080253	-41.0	57.7646992916	0.00857543665916	-0.00195252138656	0.00224014837295
10.6793011462	-41.0	57.7187922012	0.00873764138669	-0.00195555109531	0.00219820509665
11.2364879662	-41.0	57.4495909284	0.00915139261633	-0.00200018752366	0.00196457584389
11.7257945586	-41.0	57.4602889670	0.00951563660055	-0.00198563095182	0.00196400517598
11.4669132461	-41.0	57.5732148438	0.00932329054922	-0.00196604058146	0.00206278334372
11.5465874753	-41.0	57.2266533073	0.00938070844859	-0.00204290612601	0.00177401548717
11.2876722398	-41.0	57.2797287854	0.00918862316757	-0.00203743996099	0.001822658116
-2.31099121513	-41.0	61.0961345315	-0.00232592923567	-0.00170845421962	0.00539954472333
-2.52739651222	-41.0	61.6105680292	-0.0024889218621	-0.00151985033881	0.00580711429939
-2.35001938792	-41.0	61.5988647738	-0.00233227317221	-0.00153340050019	0.00580685772002
-2.48157679407	-41.0	61.0727825286	-0.00247992365621	-0.00170522532426	0.00537069886923
-2.23842096670	-41.0	61.3241203959	-0.00224770675413	-0.0016335536493	0.00558991264552
-2.59317521529	-41.0	61.3475269066	-0.00256234686822	-0.00160427647643	0.00558969704434
-1.59921902359	-41.0	62.5955766515	-0.00161882222164	-0.00122881191783	0.00662852544338
-1.22822719949	-41.0	62.4744772361	-0.00129027909134	-0.00127724232152	0.00654402934015
-1.42587811327	-41.0	62.1438289568	-0.00147854688112	-0.00138469308149	0.00627938983962
-1.26968118125	-41.0	62.3004417276	-0.00133260549046	-0.00133516301867	0.00640686741099
-1.34993352909	-41.0	62.6371352574	-0.00139486335684	-0.00122067984194	0.00666790502146
-1.58346221389	-41.0	62.3333455464	-0.00161377049517	-0.00131621328183	0.00642351200804
-2.73860156525	-41.0	62.1269246779	-0.0026463449467	-0.00134021381382	0.00621135951951
-2.93749909821	-41.0	62.6224574462	-0.00279380357824	-0.0011756925378	0.00659596314654
-2.91597868955	-41.0	62.1386279333	-0.00280026393011	-0.00132804003078	0.00621160445735
-2.66305495870	-41.0	62.3592344908	-0.00256841047667	-0.00126942177303	0.00640021078289
-3.04556503101	-41.0	62.3879481623	-0.00289922091179	-0.00124376558233	0.00640417216346
-2.74828642233	-41.0	62.5645451942	-0.00263256882317	-0.00120122241788	0.00655904971063
-2.20866167243	-41.0	60.5984214565	-0.00226411409676	-0.00189239066094	0.00499242078513
-2.02201566961	-41.0	60.8096868982	-0.00208138418384	-0.00182928959839	0.0051790853031
-2.37676991820	-41.0	60.8330934089	-0.00240102526732	-0.00179605500307	0.00517842872068
-2.13361409083	-41.0	61.0844312762	-0.00216690683737	-0.00172372325324	0.00539954379201
-5.46203623264	-41.0	60.9253435995	-0.00500113191083	-0.001528252149	0.00506176101044
-5.15037130196	-41.0	60.9024931913	-0.00475150719285	-0.00155695481226	0.00506134610623
-5.46951835348	-41.0	60.4992033657	-0.0050308033824	-0.0016450494295	0.00470204139128
-5.27794875705	-41.0	60.4732586635	-0.00487913843244	-0.00166737125255	0.00469121010974
-5.51278569099	-41.0	60.6938711275	-0.00505456095561	-0.00158828264102	0.00486412318423
-5.15289669448	-41.0	60.6686804476	-0.00476728519425	-0.00162255321629	0.00486426474527
2.29514801209	-41.0	48.8841100535	0.00179107079748	-0.00411654217169	-0.00529361469671
2.59035428030	-41.0	48.8645563130	0.00203834334388	-0.00411096354946	-0.00529085472226
2.55705785981	-41.0	48.5671054914	0.00199768180028	-0.00416243076324	-0.00550250010565
2.21308148465	-41.0	48.6834464549	0.00171428045724	-0.0041523934342	-0.00543946633115
2.36042163137	-41.0	48.5579601626	0.00183312851004	-0.00416959961876	-0.00551981665194
5.35647024003	-41.0	48.1044468354	0.00422781892121	-0.00415828451514	-0.0056532388553
4.91393263154	-41.0	48.1397622613	0.00388303515501	-0.00416502077132	-0.00565410777926
5.19821265887	-41.0	47.9629668470	0.00409314222634	-0.00418988335878	-0.00576104177162
5.05539935379	-41.0	47.9726741609	0.00398197211325	-0.00419225078076	-0.00576249649748
5.14105730596	-41.0	48.2994017031	0.00407387409359	-0.00412798346952	-0.00552838528529
-6.50950241947	-41.0	55.9842844954	-0.00594477402046	-0.00265961675905	0.000706879713107
-6.55262732196	-41.0	55.7106488429	-0.00597239704803	-0.00271378993057	0.000467089470476
-6.06013631838	-41.0	55.8878277621	-0.00560750672594	-0.00272597535513	0.000609107606579
-6.24791483743	-41.0	55.6554502605	-0.00574394781142	-0.00275518326089	0.000408668187447
-6.26854832001	-41.0	56.0624766544	-0.00576620781794	-0.00266690738499	0.000770198297687
-6.84348701392	-41.0	54.2070317245	-0.00614539766684	-0.00299754622392	-0.000822494912427
-7.15134400616	-41.0	54.5029728110	-0.00638497062027	-0.00291421683505	-0.000555144099053
-6.88555983760	-41.0	54.5711313603	-0.00618980545551	-0.00292066042311	-0.000509321980644
-7.06799323311	-41.0	54.2683559074	-0.00631508231163	-0.00296835880727	-0.000758756708819
-6.77514564738	-41.0	54.3810024064	-0.00610079802573	-0.00296789454296	-0.000677615171298
6.26094619169	-41.0	57.9428004203	0.00543073751032	-0.00219007534906	0.00244911946356
6.55841203798	-41.0	57.7264553565	0.00566245708615	-0.00221173278987	0.00225401669741
6.46570971486	-41.0	57.9625764583	0.00558619434014	-0.00216418760829	0.00246339617297
6.35371663426	-41.0	57.6305636819	0.00550920329988	-0.0022556039039	0.00217129662633
6.23241565584	-41.0	57.7654763813	0.00541374320164	-0.00223612855189	0.00229230965488
7.20265256711	-41.0	46.4500151972	0.00547971390188	-0.00443878956139	-0.00676552765071
7.36623087355	-41.0	46.8508639928	0.00564414495602	-0.00435980875045	-0.00648386217654
7.65855908650	-41.0	46.6893737828	0.00584152108058	-0.00438888045028	-0.00660409266129
7.40079062158	-41.0	46.3494621254	0.00561280129477	-0.00445552356541	-0.00684170238674
7.57147260495	-41.0	46.4588752694	0.00575046613812	-0.00443391874433	-0.00676771253347
7.17899509845	-41.0	46.6722027689	0.00548664247617	-0.00439689587802	-0.00660796836019
-8.53952589202	-41.0	50.7847439290	-0.00725874816999	-0.00361839192919	-0.00351453619078
-8.09263461666	-41.0	50.8616075908	-0.00692663667724	-0.00361515558325	-0.00347988121212
-8.41513239063	-41.0	50.6154473143	-0.00715663842857	-0.00365813425742	-0.00365469837561
-8.16596885756	-41.0	50.6524712611	-0.00697089033201	-0.00365722086281	-0.00364006543532
-0.267576558852	-41.0	67.2660523746	-0.000385786581319	0.000117802926979	0.0102145327255
-0.252032716613	-41.0	67.6901517767	-0.000368436274584	0.000226333868341	0.0105380322784
-0.491578009032	-41.0	67.6275041813	-0.000571235374082	0.000208448589547	0.0104911765084
-0.149410088263	-41.0	67.4401908019	-0.000284230307443	0.00016357837012	0.0103466920555
-0.464474320882	-41.0	67.3881115428	-0.00055098667508	0.000147608719999	0.0103083420545
-11.5995580770	-41.0	56.0945740026	-0.0096400808543	-0.00233248481527	0.000831673678476
-11.1000937656	-41.0	55.9643949613	-0.00927618518472	-0.00238426844589	0.000732732005417
-11.5025357054	-41.0	55.9143293495	-0.00956649519503	-0.00237743300386	0.000689501117449
-11.3057228832	-41.0	55.8457586570	-0.00942285265774	-0.00240180757828	0.000636286858935
-11.3988896680	-41.0	56.2218501587	-0.00949700735509	-0.00231333309785	0.000935816322453
-7.46366151707	-41.0	58.7578315865	-0.00663598114625	-0.00193917483557	0.00312192062847
-7.20237828683	-41.0	58.6969780598	-0.00644161272794	-0.00197294447571	0.00307785603218
-7.57495979688	-41.0	58.4586613927	-0.00672464584932	-0.00200285343453	0.00286250002682
-7.29407456543	-41.0	58.3161121225	-0.00651794858277	-0.00205753464252	0.00274718226865
-7.16856600073	-41.0	58.4983593654	-0.00642067706212	-0.00202352367342	0.00290770805441
-7.12316163483	-41.0	51.0083136700	-0.0061980956234	-0.00361851858906	-0.00342585938051
-7.55643879348	-41.0	51.2131770483	-0.00653983838856	-0.00356028112583	-0.00323523394763
-7.63369408067	-41.0	50.9541347484	-0.0065843667835	-0.00361092272215	-0.00343520590104
-7.29507742611	-41.0	50.8492752876	-0.00632056081668	-0.00364442355931	-0.00353974965401
-7.48468236064	-41.0	50.7861252378	-0.00646169763058	-0.00365075306036	-0.00357707915828
-5.77376017677	-41.0	49.7714894284	-0.00507012521848	-0.00391037855297	-0.00447976123542
-6.02853842036	-41.0	49.3476840109	-0.0052448650822	-0.00398649089038	-0.00478487787768
-6.01067475938	-41.0	49.7292768614	-0.00525486050174	-0.00391140719876	-0.00449579767883
-6.12479322844	-41.0	49.4894334234	-0.00532967224717	-0.00395563710481	-0.00467094313353
-5.82864659968	-41.0	49.3949270732	-0.00508977426216	-0.00398244801909	-0.00476218247786
-7.41525166566	-41.0	49.5290925677	-0.00633537070826	-0.00391424028203	-0.00455849105492
-7.10142954688	-41.0	49.8123079660	-0.00611078366637	-0.00386322499253	-0.00435999874026
-7.21263604633	-41.0	49.5111904057	-0.00617834925652	-0.00392285268754	-0.00458462303504
-7.09809363094	-41.0	49.6073771375	-0.00609579589218	-0.00390570284799	-0.00451790075749
-7.3502851893	-41.0	49.7806604942	-0.00630048010498	-0.00386315211654	-0.00436873314902
-6.33060042790	-41.0	48.4421865112	-0.00542562501505	-0.00416416674852	-0.00544803729281
-6.21543195299	-41.0	48.9085574935	-0.00536443572491	-0.00407049339265	-0.00510476250201
-6.44634599333	-41.0	48.6135663093	-0.00552713871002	-0.00412639277056	-0.00531277060509
-6.08504337064	-41.0	48.7636484738	-0.00525263976306	-0.00410285312682	-0.00522167142481
-6.13631336292	-41.0	48.5664531874	-0.00528065115213	-0.0041421558708	-0.00536637473851
-6.39929494217	-41.0	48.8178888342	-0.00550309335813	-0.00408508908004	-0.00516184000298
-11.3310858512	-41.0	57.3035677421	-0.00946937687695	-0.00207632873207	0.00180385599378
-11.3553652087	-41.0	57.5754419248	-0.00949270557612	-0.00201553874649	0.00202155695297
-11.6466059570	-41.0	57.5257628528	-0.00970447901636	-0.0020148109179	0.00197023595683
-11.5341951524	-41.0	57.2137460541	-0.00961554795504	-0.0020875709597	0.00172495446168
-11.6614696874	-41.0	57.3309995036	-0.00971100013703	-0.00205657910556	0.00181403034367
3.43047323879	-41.0	59.9533318677	0.00304048880935	-0.00196701893583	0.00435544736683
3.27214488310	-41.0	59.4952101384	0.0029399858322	-0.00213765725493	0.00396347837523
3.63237116311	-41.0	59.6141071229	0.00323907332495	-0.00205190805718	0.00404533464462
3.18626602731	-41.0	59.7808214658	0.002843108261	-0.00205354718491	0.00422143796459
3.48423810352	-41.0	59.5191076366	0.00312030571513	-0.00210160342976	0.00397084234282
4.32737827059	-41.0	59.0862527894	0.00385583052412	-0.00212231115438	0.00353493099101
4.44036878033	-41.0	59.6027470595	0.00391284795478	-0.00195615785196	0.00398630695418
4.27665876168	-41.0	59.4951845346	0.00378601858392	-0.00200778129511	0.00390110141598
4.54344858313	-41.0	59.4101268711	0.00401024892926	-0.00200039963238	0.00381124462001
4.23648020290	-41.0	59.3119898546	0.00376589247026	-0.00206753006205	0.00374124385417
4.51498805517	-41.0	59.2041552448	0.00400087144226	-0.00206368695945	0.00363038037904
3.23320573803	-41.0	58.4312592863	0.00298451934941	-0.00248733256012	0.00299125933088
3.15233453295	-41.0	58.9951705483	0.00287467078306	-0.0023199103307	0.00352006801404
2.91139053464	-41.0	58.7818621066	0.00267990212888	-0.00242884736508	0.00333803915419
3.02315725875	-41.0	58.5116038580	0.00279709114693	-0.00249850098044	0.00307817012072
3.34174766725	-41.0	58.8499594723	0.00304877059534	-0.0023374739103	0.00337527343072
-1.35696233647	-41.0	59.5298644376	-0.00153074786067	-0.00237548281439	0.0041198451072
-1.34749179160	-41.0	59.0793467765	-0.00154622842092	-0.002561629517	0.00371121196076
-1.22834026883	-41.0	59.3040189837	-0.0014167559566	-0.00248029455543	0.00392313674092
-1.62463759612	-41.0	59.2567287901	-0.00180559570435	-0.00245921593159	0.00385931972414
-1.54004475095	-41.0	59.0326591152	-0.00173750333488	-0.00255884160288	0.00365779874846
-1.53226079471	-41.0	59.4774287260	-0.00170324184	-0.00238034874201	0.0040637482889
-4.51508886474	-41.0	59.6031017974	-0.0043163835071	-0.00198697391897	0.00398499378935
-4.70251200517	-41.0	59.2554168916	-0.00448876712471	-0.00206597126089	0.00366750173271
-4.32732330457	-41.0	59.4078574801	-0.00417576776817	-0.00206533796154	0.00382357090712
-4.44289650132	-41.0	59.1929877644	-0.00428312970325	-0.00211430573836	0.003625795478
-5.88506879166	-41.0	57.7942065651	-0.00547015573829	-0.00231347396038	0.00231797038577
-5.55870348146	-41.0	57.6750054669	-0.00522421766073	-0.00237989332527	0.00221584690735
-5.84103017715	-41.0	57.3643010325	-0.00544470641762	-0.00242133950815	0.00193243043032
-5.64884436715	-41.0	57.3955907757	-0.00529838399962	-0.00243632844649	0.00196198793128
-5.72573446450	-41.0	57.7724011441	-0.00534944469109	-0.00233664503321	0.00230106036179
-5.96518800072	-41.0	57.5795810424	-0.0055351885967	-0.00235636904836	0.00212462688796
-4.34324643682	-41.0	56.9876995614	-0.00429228926077	-0.002715180628	0.00158820487559
-4.40352778489	-41.0	57.3711949156	-0.00433340808377	-0.00261347345077	0.00195036013611
-4.50919157852	-41.0	56.9738847528	-0.00442358106375	-0.00269195460714	0.00157563423272
-4.57774478227	-41.0	57.1977903947	-0.00447447178885	-0.00262854597531	0.00178604037501
-4.24580142777	-41.0	57.1471903492	-0.00421249028295	-0.00269336462952	0.00173959543463
-5.70819548815	-41.0	66.6256218643	-0.00496125360951	-3.19901701005e-05	0.0096123656258
-5.30152687507	-41.0	66.6066123033	-0.00462612463161	-3.99639138777e-05	0.00961327366531
-5.30864907003	-41.0	66.9191595272	-0.00462400214747	3.63066028513e-05	0.00985712744296
-5.71115272342	-41.0	66.8196322729	-0.0049588214606	1.49936768139e-05	0.00976416841149
-5.52867930921	-41.0	66.5668469707	-0.00481476215646	-4.77775320178e-05	0.00957344193012
-5.52510972301	-41.0	66.9235987315	-0.00480277184397	3.88313637814e-05	0.00985261518508
2.65846549732	-41.0	45.9316227892	0.00200306950137	-0.00465501472354	-0.00731565384194
2.52838662182	-41.0	46.3685457189	0.00190611346625	-0.00457037426531	-0.00702447071671
2.51393415840	-41.0	46.1231967509	0.00189064629376	-0.0046196738258	-0.00719275791198
2.86870649722	-41.0	46.2216147051	0.00217447476462	-0.00459146080539	-0.00710605829954
2.82462576803	-41.0	46.0206740178	0.00213601021096	-0.00463297590613	-0.00724572129548
3.13703739123	-41.0	51.0128354956	0.00262251659296	-0.00375709030777	-0.0036883149296
2.82927102062	-41.0	50.7434324618	0.00234094914049	-0.00381115358323	-0.00391337275505
2.80524279188	-41.0	51.0161455247	0.00233712117188	-0.00377463852055	-0.00371069600806
3.11343590649	-41.0	50.7782911457	0.0025868921075	-0.00379186472856	-0.00386662711389
3.02244990089	-41.0	51.1449170570	0.00253297318704	-0.00374512979761	-0.0035970392637
7.47576030037	-41.0	65.3679951579	0.0060303453356	-0.000195495260414	0.00853690411896
6.98763333027	-41.0	65.4462067752	0.00563968671486	-0.000188295452972	0.00861411169171
7.09055450342	-41.0	65.7623160284	0.00571143534034	-0.000103030572063	0.00885787792504
7.49192229999	-41.0	65.5952114798	0.00603560591117	-0.000136273229145	0.00871452409774
7.33633855429	-41.0	65.7249743922	0.00590798817575	-0.000106459752715	0.00882096216083
3.10362554631	-41.0	55.5590643686	0.00291470973752	-0.00319804390892	0.000177667607204
2.92954178947	-41.0	56.0212390220	0.00277984212153	-0.00315720099024	0.000621923885774
2.68192757799	-41.0	55.6097329996	0.00254566571675	-0.00327438861132	0.000201657996513
3.14128223318	-41.0	55.8445049786	0.00295827235095	-0.00314421835355	0.000457551737782
4.38828601796	-41.0	56.8157795565	0.00399915641174	-0.00271235802211	0.00142962846439
4.54634924076	-41.0	56.3156579695	0.00412429776043	-0.00279560615309	0.00096194940852
4.31042674335	-41.0	56.4187213828	0.00393717782572	-0.00281297438778	0.00105298613198
4.62559422013	-41.0	56.6972825552	0.00418816786259	-0.00270009646192	0.00132086919621
6.56295111911	-41.0	58.7838560557	0.005632431712	-0.00195169670042	0.00318041793071
6.57948511563	-41.0	58.3470542777	0.00566111225635	-0.00205895444378	0.00279896426946
6.43388362914	-41.0	58.5418782331	0.00554300285876	-0.00202455208637	0.00297285779379
6.71067280606	-41.0	58.6500448395	0.00575051875785	-0.00197174423374	0.00306010991335
6.71857962271	-41.0	58.4846339293	0.00576243549585	-0.00201203185134	0.00291597633623
5.13692134138	-41.0	50.7789420471	0.00426176097244	-0.00368267134763	-0.00371154560708
5.49564699101	-41.0	51.0448356130	0.00456908764318	-0.00361721380614	-0.00348145514727
5.57919643996	-41.0	50.8321164137	0.00461874064058	-0.00365022220649	-0.00363935600035
5.34728466410	-41.0	50.6612107290	0.00442089186981	-0.00369219109416	-0.0037862106692
5.30052616625	-41.0	50.9819875540	0.00440864823759	-0.00363885308616	-0.00354398041964
-0.0239984869165	-41.0	66.8233343714	-0.0001834477589	4.69122142022e-06	0.00987609382719
-0.0754876126151	-41.0	67.2152187923	-0.000223789247684	0.000106366336695	0.0101747559384
-0.390551845235	-41.0	67.1631395332	-0.000490869570058	9.02565370779e-05	0.0101365596056
-0.201977682532	-41.0	66.7854220445	-0.000334753160132	-6.80448329149e-06	0.00984821654856
-0.341285323009	-41.0	66.9589168801	-0.000451237312518	3.75786803488e-05	0.0099808210507
0.00599050618971	-41.0	67.0228374124	-0.000156445690664	5.71922100789e-05	0.0100277084857
5.73006354802	-41.0	47.0664531603	0.0044339876622	-0.00434993533418	-0.00635269610211
5.39879920652	-41.0	46.7237614983	0.00415468495339	-0.00442601088434	-0.00660142768174
5.60980125968	-41.0	46.7247046074	0.00431524775922	-0.00442070234567	-0.00659030117095
5.45221402483	-41.0	47.0228724350	0.00421786960214	-0.00436546700075	-0.0063953907229
5.73289357222	-41.0	46.8673423676	0.0044200620614	-0.00438938522711	-0.00648814672604
-2.89953508920	-41.0	45.8326951235	-0.00252298847772	-0.0047373031266	-0.00747422222048
-2.66213332095	-41.0	46.1217577114	-0.00234221830033	-0.00467701395974	-0.00727694807574
-2.40022548422	-41.0	45.9838325205	-0.00212231371552	-0.00470542348921	-0.00737744942307
-2.55924443267	-41.0	45.6042020745	-0.00223622494377	-0.00478519219905	-0.00763909891248
-2.75650333700	-41.0	45.6658800144	-0.0023992753122	-0.0047724279575	-0.00759316235781
6.54634695742	-41.0	60.7960558048	0.00551875540987	-0.00143128854688	0.00489652948454
6.88688466760	-41.0	60.6885765045	0.00579076586291	-0.00143644947093	0.00479171006009
6.67707477066	-41.0	60.9292688271	0.00561377825215	-0.00138732115738	0.00500159617513
6.67123320309	-41.0	60.6305128081	0.0056256945245	-0.00146625528578	0.00475254096091
6.87595768191	-41.0	60.8960974447	0.0057711401023	-0.00138308503665	0.00496515678242
8.70071232507	-41.0	60.7305954408	0.00718643749133	-0.0013251794735	0.00475741410628
8.61922350708	-41.0	60.5016400668	0.00713307177648	-0.00138504337519	0.00457041431218
8.40084496209	-41.0	60.4940017096	0.00696662766859	-0.00139756232966	0.00457151327282
8.25112546133	-41.0	60.8267127868	0.00683813681826	-0.00132268923335	0.0048528695479
8.24660347156	-41.0	60.6455996368	0.00684236967936	-0.0013678688556	0.0047028567642
8.44788910289	-41.0	60.8490877055	0.0069881239906	-0.00130765710492	0.00486429827288
8.65592437950	-41.0	59.1870520162	0.00720539968461	-0.00170205312315	0.00346976495348
9.15325592770	-41.0	59.1015187127	0.00758158741519	-0.00169679964893	0.00338553264737
8.73141278037	-41.0	59.4364425827	0.00725502613932	-0.00163811678067	0.00367749016732
8.90138006776	-41.0	59.4539354181	0.00738271931186	-0.00162520620506	0.00368754705414
8.95523210543	-41.0	59.0645135881	0.00743377488106	-0.00171545392368	0.00335923512466
9.08184130242	-41.0	59.3827484768	0.00752070359886	-0.00163337006234	0.00362308206968
1.11775713769	-41.0	44.5761932852	0.000774748448748	-0.00497127976269	-0.00830575637519
1.17381893368	-41.0	44.1082041731	0.000826111470815	-0.00507349101827	-0.00862247124314
0.921599700687	-41.0	44.0917577659	0.000624872860499	-0.00508115813136	-0.00864242669195
0.797115604329	-41.0	44.2801979551	0.000522084184922	-0.00504123419523	-0.00851793307811
9.44063363258	-41.0	61.6827388657	0.00771719962358	-0.00106438715011	0.00551446899772
9.66935788886	-41.0	62.0797871161	0.00787874497473	-0.000961161276791	0.00583030935377
9.62652252518	-41.0	61.6413549023	0.00786154810339	-0.00106853654142	0.0054742093198
9.49507199638	-41.0	62.0559851862	0.00774521194398	-0.000972005305812	0.00581703195348
9.40723361270	-41.0	61.8519655778	0.00768517423421	-0.00102433178108	0.00565382651985
9.74095277821	-41.0	61.8680086433	0.00794149097055	-0.0010103546083	0.0056552933529
-9.37688699658	-41.0	59.7243042762	-0.0080501595512	-0.00160715810489	0.00385982822627
-9.79499904465	-41.0	59.7650390484	-0.00836235005409	-0.00158197467681	0.00387382251211
-9.41608807514	-41.0	59.9525704688	-0.00807749293745	-0.00155282544438	0.00404632138088
-9.56623188951	-41.0	60.1123725567	-0.00818873755634	-0.00151036481839	0.00417056679726
-9.78657944259	-41.0	60.0350238679	-0.00835466012359	-0.00152044789866	0.00409602886066
7.71302239639	-41.0	62.7873348842	0.00632867729291	-0.000851979479194	0.00647659832612
7.19074092453	-41.0	62.7807783349	0.00591809116304	-0.000875268655363	0.0064927241765
7.34234170043	-41.0	62.5371681621	0.00604991847649	-0.000931721937377	0.00628971401602
7.58986314515	-41.0	62.9838625589	0.00622242875397	-0.000806484778877	0.00663982145488
7.33223294164	-41.0	62.9509267293	0.00602115923539	-0.000825243827421	0.00662377336994
7.55728854052	-41.0	62.6347640235	0.0062139169313	-0.000897359568626	0.00635970942676
4.21179128676	-41.0	66.5529090328	0.00336789060384	1.86415891221e-05	0.00956797599792
4.25587193674	-41.0	65.9997500465	0.00341433286667	-0.000126842744066	0.00914160348475
4.05731355192	-41.0	66.4181946326	0.00324301095679	-2.14574429265e-05	0.00947011541575
4.36631449865	-41.0	66.3467582570	0.00349817355163	-3.11905714625e-05	0.00940420292318
4.07136162515	-41.0	66.1610427019	0.00325912912376	-8.93386240932e-05	0.00927230902016
4.37211764815	-41.0	66.1684927621	0.00350634125061	-7.83198920544e-05	0.00926701352
4.24747103080	-41.0	65.4630765072	0.00342063652351	-0.00027146548382	0.00872891768813
3.9665215927	-41.0	65.2453867200	0.00319450604729	-0.000339673337294	0.0085724145174
4.42275594938	-41.0	65.2098214783	0.00357260927558	-0.000334446522174	0.00852649752051
4.09663671234	-41.0	64.9844107442	0.00331042846665	-0.000406958046369	0.00836585927755
4.07441981739	-41.0	65.4045406501	0.00327933114022	-0.00029284649645	0.00869066920131
-2.60443351507	-41.0	49.0761026537	-0.00242325477302	-0.00411788513884	-0.00518777826801
-2.31583860506	-41.0	49.3736328114	-0.00219038384967	-0.00407307315618	-0.00498447148129
-2.13935978147	-41.0	49.1654947516	-0.00203052163124	-0.00410984735936	-0.005141611211
-2.44978778235	-41.0	48.9403336175	-0.00228588958271	-0.00414336659014	-0.00529203563929
-2.25065831880	-41.0	48.9463680811	-0.00211674300954	-0.00414501875639	-0.00529517838731
2.69007585269	-41.0	44.9344415730	0.00202270341106	-0.00486262515187	-0.00799222104251
3.22992144636	-41.0	44.5555396648	0.00244646030478	-0.00493124499917	-0.00821854826063
2.99120458368	-41.0	44.4917643128	0.00226050522178	-0.00495145423338	-0.00827604066581
2.79440994530	-41.0	44.6428631175	0.00210555945523	-0.00492321699858	-0.00818456150591
-4.31013512806	-41.0	47.5873974984	-0.00375992781483	-0.00436984980479	-0.00618416303769
-4.38478520538	-41.0	48.0142991109	-0.0038449796848	-0.00428417092189	-0.00587153434753
-4.67935509749	-41.0	47.7775761511	-0.00406974228099	-0.0043269507587	-0.00602874299511
-4.23633298524	-41.0	47.7717995800	-0.00371040962636	-0.00433407491073	-0.00605447636917
-4.49814193261	-41.0	47.5344612010	-0.00390918552876	-0.00437825359404	-0.00621368130669
11.0587277019	-41.0	51.9080319435	0.00883346330374	-0.00323913455941	-0.00258943904191
11.3539885861	-41.0	52.1839079786	0.00906841084361	-0.00317369168624	-0.00236698170193
11.2766991252	-41.0	51.6581777946	0.00897818058729	-0.0032911777962	-0.0027901516296
11.5070099158	-41.0	52.0043005682	0.00917035993189	-0.00321142259054	-0.00251222355291
11.4513387898	-41.0	51.8105500199	0.00911703519523	-0.00325516378507	-0.00266806501895
-5.70358368583	-41.0	53.2570568278	-0.00523185404018	-0.0032691238448	-0.00170147418976
-5.41059034196	-41.0	53.5559837713	-0.00502031389624	-0.00324024353176	-0.00147053308319
-5.46286928939	-41.0	53.0506408309	-0.00503161828965	-0.00332508701831	-0.00189318496268
-5.28819013709	-41.0	53.3710839618	-0.00491344789043	-0.00328341685236	-0.00163707952015
-5.3092533913	-41.0	53.2027745029	-0.00491992151365	-0.00331086781807	-0.00177757465281
-8.53594286857	-41.0	60.6976277327	-0.00740093830973	-0.00141302577686	0.00470497878268
-8.40391197840	-41.0	60.9081886248	-0.00729528954253	-0.00136813230347	0.00488565769047
-8.81022093795	-41.0	61.0112155274	-0.00760326627642	-0.00132776109967	0.00494888331741
-8.75679717223	-41.0	60.8153274702	-0.00756655260921	-0.00137617357541	0.00479056127369
-8.60422973317	-41.0	61.0907060348	-0.00744413724169	-0.00131654483266	0.00502529088408
4.44496787167	-41.0	47.5747213340	0.00347458827309	-0.00428581982851	-0.00607662880793
4.45501248055	-41.0	47.3910005119	0.00347087788396	-0.00432063220069	-0.00620282348245
4.09433877336	-41.0	47.3089203425	0.00318261538632	-0.00434658816084	-0.00628303177655
4.31695070021	-41.0	47.2458202782	0.0033539137803	-0.0043524201028	-0.00631182361394
4.06833042201	-41.0	47.4927139219	0.00317237060517	-0.00431232154369	-0.00615788018331
6.77832345544	-41.0	64.5558497970	0.00550661887974	-0.00042773631867	0.00792250409722
6.89352711266	-41.0	64.0890208828	0.00561884790659	-0.000546015566215	0.00754943536595
7.19701316288	-41.0	64.2003286416	0.0058551649563	-0.000506561715156	0.00762598775327
-8.93783430094	-41.0	51.8794090753	-0.00760647607967	-0.00337054161355	-0.00262418878265
-8.41878538638	-41.0	51.8858093261	-0.00722142634913	-0.00338741275482	-0.00264687323943
-8.59154472209	-41.0	52.1369949483	-0.00736083416268	-0.00332753895782	-0.00243582669646
-8.79004866413	-41.0	51.7058040490	-0.00748943025246	-0.00341284507886	-0.00277058593929
-8.59903770406	-41.0	51.7416026616	-0.00734906503931	-0.00341161713004	-0.0027522938326
-2.56048913842	-41.0	51.0474694086	-0.00248339213431	-0.0038159689866	-0.00373138580471
-2.47906907643	-41.0	51.2147385194	-0.00242123845965	-0.00379691878334	-0.00360896321945
-2.29950601716	-41.0	51.2795544250	-0.00226648338139	-0.0037958570756	-0.00357044558041
-2.18758827177	-41.0	51.0859454182	-0.00215753004886	-0.00382475042716	-0.00372416805476
0.113397847739	-41.0	66.3647180489	-6.99346564943e-05	-0.00011586790788	0.0095264967531
0.32344441398	-41.0	66.4328092964	0.000109098305984	-9.54940333031e-05	0.0095764324069
0.333794177692	-41.0	66.6595834138	0.000119004660519	-3.49637775798e-05	0.00974866747856
-0.0323220862438	-41.0	66.5676760509	-0.000192482970306	-6.29667847534e-05	0.00968171376735
0.175646102478	-41.0	66.8050914187	-1.42771623359e-05	1.81004884325e-06	0.00986074376851
-5.66695622883	-41.0	46.0315846855	-0.00475349789485	-0.00468744430691	-0.00725189270452
-5.18116998159	-41.0	46.0826263364	-0.00437180930749	-0.00467817625031	-0.00723216123879
-5.26038981988	-41.0	46.3601051792	-0.00445117335767	-0.00461747637019	-0.00702911661938
-5.51082881110	-41.0	46.4334113958	-0.00465426919982	-0.00460011791438	-0.00696637434885
2.10833191179	-41.0	65.6836088181	0.0016274380032	-0.000270306423772	0.00897311232984
1.83308730524	-41.0	65.6595692007	0.00139449117705	-0.000282822875306	0.00896224752069
2.03281260641	-41.0	66.1384542019	0.00155861629173	-0.000147766142618	0.00932149495929
-0.776572115141	-41.0	65.1242180282	-0.000843529414851	-0.000463681295514	0.00858508888632
-0.917230899416	-41.0	65.5345037511	-0.000958921329584	-0.000348441186361	0.00889650266618
-0.456700325469	-41.0	65.3757332357	-0.000565162685234	-0.000391628331272	0.00877727847546
-0.744902190851	-41.0	65.5822546196	-0.000810452736914	-0.000334854703397	0.00893366616219
-0.479844713784	-41.0	65.1742838823	-0.000587056041695	-0.000448728824267	0.0086241401732
-0.5734024313	-41.0	65.5519489341	-0.000663648417685	-0.000342750776326	0.00891109369695
0.167955877812	-41.0	48.5024846203	-3.03997130686e-05	-0.00422212993726	-0.00563682289794
-0.223266262284	-41.0	48.0133132065	-0.000361825455911	-0.0043093720451	-0.00598241575062
0.0899325205725	-41.0	47.9667201161	-9.54412098508e-05	-0.00431477278471	-0.00601140921935
-0.0679097271135	-41.0	48.6223723695	-0.000233458267758	-0.0042043896392	-0.00555561622605
2.54778769133	-41.0	65.4460393746	0.00200255401433	-0.000325526896631	0.00877861492336
2.40372937708	-41.0	65.1926759540	0.00188562832773	-0.000399829033995	0.00858980696648
1.98705515031	-41.0	65.4225516969	0.00152822164819	-0.000345380743966	0.00877766683698
-4.43610287049	-41.0	46.9056054155	-0.00382323749363	-0.00450750719756	-0.00666906638071
-4.01539183593	-41.0	46.6194686745	-0.00346765480936	-0.00456979870796	-0.00688934559003
-4.15304777139	-41.0	47.1375739835	-0.00360736157745	-0.00446227099746	-0.00651431269944
-3.82335940808	-41.0	46.8794140089	-0.00332574988715	-0.00451747048646	-0.00671126227826
-4.34105457594	-41.0	47.0846376862	-0.00375660299323	-0.00447139283642	-0.00654452061281
-6.21491988469	-41.0	53.3754749632	-0.00563275441527	-0.00320762209594	-0.00156506767962
-6.78203757644	-41.0	53.4864537575	-0.00606899568811	-0.00314529053867	-0.00143482116982
-6.61008123049	-41.0	53.7858590831	-0.00595274753869	-0.00309881940484	-0.00119328452274
-6.42069381689	-41.0	53.2893526706	-0.00578556209803	-0.00320899044164	-0.00162328581791
-6.73431926581	-41.0	53.6668208785	-0.00604114681482	-0.00311310729012	-0.00128622737247
-9.14298033207	-41.0	58.7856228012	-0.00788233801723	-0.00183428754099	0.00309096509591
-9.42005545668	-41.0	58.6764521115	-0.0080870045349	-0.00184654409532	0.0029906257987
-9.28062455523	-41.0	58.3040753616	-0.00798448361456	-0.00193835410755	0.00268555316143
-9.00902567985	-41.0	58.5691617754	-0.00778439780697	-0.00189078820404	0.00291485805064
-6.18528145571	-41.0	54.8165482247	-0.0056735733524	-0.00293202931061	-0.000331595510943
-5.96790091830	-41.0	54.7838857882	-0.00550794461742	-0.00295942160301	-0.000371485191863
-6.08908784908	-41.0	55.2202421841	-0.00561391282827	-0.00286062108353	1.80164352059e-05
-4.58156262611	-41.0	64.5505592492	-0.00409735878929	-0.000574211589992	0.00803626514971
-4.38952923815	-41.0	64.1479031508	-0.00395387830213	-0.000687025429215	0.00772919645533
-4.26485625188	-41.0	64.5381421332	-0.00383383384906	-0.000584612949751	0.00804069079459
-4.62013636745	-41.0	64.2695886723	-0.00414081057534	-0.000648260931484	0.00781392771751
-3.90301113312	-41.0	44.6521673930	-0.00327384797856	-0.00499584339559	-0.00828516297042
-3.98683688140	-41.0	44.4360138521	-0.00332949846052	-0.00504488730803	-0.00843687634915
-3.99798593355	-41.0	44.8580185429	-0.00336038717069	-0.00494991242886	-0.00813789479434
-4.40539376223	-41.0	44.6175904742	-0.00367216649465	-0.00500479247421	-0.00830108392984
9.75083959308	-41.0	52.7622070544	0.00792034901679	-0.0030841154512	-0.00191326555796
10.1074466956	-41.0	52.9997782690	0.00819629617035	-0.00302212731913	-0.00171407905873
10.2117517785	-41.0	52.5410508102	0.00824756268412	-0.00311841140501	-0.0020852596499
9.84505490655	-41.0	52.9986461123	0.0080028725788	-0.00303042423911	-0.00171910983045
10.8203774845	-41.0	61.4026454718	0.00878471694887	-0.00109391298611	0.00523882824928
10.6910555218	-41.0	61.7957579480	0.0086746448651	-0.00100371043663	0.00556389801204
10.5910325366	-41.0	61.3739037145	0.00860972888768	-0.00110601971392	0.00522300414741
10.8080712945	-41.0	61.6333237899	0.00876910798252	-0.00103965995368	0.00542751746252
1.24265128350	-41.0	60.1574940876	0.00103637774009	-0.0021174158901	0.00466782459989
1.67625497699	-41.0	59.9254386066	0.00146270846017	-0.00217347266153	0.00444650743157
1.40383145827	-41.0	60.2900408221	0.00118323729839	-0.00205300166272	0.00477233389392
0.857002759599	-41.0	61.5813785760	0.000619128404651	-0.00158811279107	0.00584584614262
0.308467464205	-41.0	61.7013814507	0.000108355830889	-0.00155669951346	0.00595091795549
0.66017125429	-41.0	61.3515207165	0.00044161619735	-0.00167901138775	0.00566758261994
1.30469040342	-41.0	45.0690237615	0.000919562007766	-0.0048620859161	-0.00796402152628
1.02755160814	-41.0	45.0387256348	0.000696817296557	-0.00487315608189	-0.00799431931227
7.85858734070	-41.0	53.3650472994	0.00654906360433	-0.00304195936769	-0.00147664046381
7.49260319866	-41.0	53.1154371930	0.00626014079899	-0.00311361625791	-0.00169900653418
8.00530614594	-41.0	53.1136119834	0.00664490275085	-0.00308474269696	-0.00167796807364
7.59689676304	-41.0	53.2761537125	0.00634786905721	-0.00307532027364	-0.00156148674432
11.4738309593	-41.0	56.1264055210	0.00931281410158	-0.00229347567074	0.000863507157192
10.9685386974	-41.0	56.3223256239	0.0089425900951	-0.00226302887313	0.00103159062564
11.1979010450	-41.0	56.4962854112	0.00911459047347	-0.00221725623123	0.00117356446572
-1.20242932554	-41.0	56.8542846442	-0.00147963874042	-0.00336297927424	0.0014489076566
-1.17935536103	-41.0	56.3725235059	-0.0014544831356	-0.00346711813472	0.000927168177441
-0.91472774975	-41.0	56.6930956698	-0.00117596820928	-0.0034421836026	0.00127272843383
-1.40818142652	-41.0	56.4765797673	-0.00169200822711	-0.00340921804309	0.00104281841777
-1.37191082740	-41.0	56.6824414856	-0.0016556881601	-0.00337349064648	0.00126397365239
1.11507665785	-41.0	66.5711902784	0.000781001057476	-4.81900679006e-05	0.00967074651271
0.696157875311	-41.0	66.3454131625	0.00042561115697	-0.000114539798233	0.00950572174042
0.706507639023	-41.0	66.5721872798	0.000434855959611	-5.37224987056e-05	0.00967787113041
1.06692615533	-41.0	66.3406217791	0.000740375253372	-0.000110617009341	0.00949636660516
0.887792016916	-41.0	66.6398836209	0.000588615366723	-3.3281998185e-05	0.00972670130432
-4.55076612053	-41.0	52.0582209205	-0.00423584412783	-0.0035589307081	-0.00278511992656
-4.27745479399	-41.0	51.5024184477	-0.00397335411981	-0.00366487563588	-0.00325156794861
-4.29303525381	-41.0	52.0860971280	-0.00402605999261	-0.00357176829129	-0.00278444983996
-4.51531324804	-41.0	51.5533305255	-0.0041725775227	-0.00364322611131	-0.00319193140604
-10.9447474854	-41.0	51.7435437806	-0.00907760392874	-0.00334981200285	-0.00264491792768
-11.2115974732	-41.0	51.2241075822	-0.00925614591688	-0.00346527784131	-0.00304755265824
-11.2218767783	-41.0	51.8070935487	-0.00928257592022	-0.00333019089885	-0.00258489954285
-11.4165023831	-41.0	51.7026563711	-0.00942193157971	-0.00335120107047	-0.0026615166571
-10.9939573473	-41.0	51.2995577186	-0.00909881852567	-0.00345105445012	-0.0029952195473
-3.55929994938	-41.0	45.4776144396	-0.00304015353322	-0.0048131654039	-0.007709632162
-4.04227087271	-41.0	45.7769321961	-0.00344431167468	-0.004748060368	-0.00748651474714
-3.82079735391	-41.0	46.0258986379	-0.00327900610864	-0.00469528418034	-0.00731647806242
-3.47439433637	-41.0	45.7603983067	-0.00298568536527	-0.00475241057575	-0.00751264346763
-3.79576280588	-41.0	45.4167081529	-0.00322735030204	-0.00482640089467	-0.00774733489379
-1.07593906041	-41.0	64.0447369879	-0.00112008629367	-0.000779402325861	0.00775887118652
-1.15152936017	-41.0	64.5214785948	-0.00117721932475	-0.0006371641648	0.00812237150967
-0.884321167642	-41.0	64.5880548968	-0.000944182684179	-0.000618465011939	0.00817594863474
-0.862326045652	-41.0	64.0669005754	-0.000932811351959	-0.000773713807575	0.00777828227729
11.6777995295	-41.0	59.6546872441	0.00947170704603	-0.00148348289076	0.0037776415702
11.5171948245	-41.0	59.9768855575	0.00934569723904	-0.00141222483944	0.00404755398631
11.4946162026	-41.0	59.5615381699	0.00933428201824	-0.00150890473742	0.00370635115542
11.3713286848	-41.0	59.7643716151	0.00923832319677	-0.00146469008178	0.00387706141919
11.6545082749	-41.0	59.8477938325	0.00945164076984	-0.00143930653576	0.00393719784915
7.29942087190	-41.0	56.4910024264	0.00623021041974	-0.00242659170181	0.00117044674698
7.09518533965	-41.0	56.7961009192	0.00607787817717	-0.0023762488272	0.00143508648034
6.78385067199	-41.0	56.6332285133	0.00584437511861	-0.00244196038693	0.00128963694442
7.21677695013	-41.0	56.6871757733	0.00616895547137	-0.00238995021209	0.00134071416687
9.02260258623	-41.0	58.3735519687	0.00749888643622	-0.00187505048234	0.00277550658211
8.80937541802	-41.0	57.9729543191	0.0073460736312	-0.00198034499772	0.00243986584246
8.69568600505	-41.0	58.2019038970	0.00725779263303	-0.00193342624698	0.00263584428467
9.06593123965	-41.0	58.1399683063	0.00753488857299	-0.00192733854055	0.00257744104601
6.61911869717	-41.0	59.3044449999	0.00565310334787	-0.0018146232469	0.00362895731814
6.80543079905	-41.0	59.8601298156	0.00577027024701	-0.00165689573623	0.0040972288698
6.94603159923	-41.0	59.6699624645	0.00588779430836	-0.00169488962274	0.00393025763333
6.48761511169	-41.0	59.5503289563	0.00553984567523	-0.00176253414247	0.00384498108178
3.78517371676	-41.0	45.6943642469	0.00288037862629	-0.00467473454773	-0.00740899657831
3.53486101192	-41.0	45.6158218646	0.00268594711088	-0.00469766743481	-0.00747886067256
4.05261374273	-41.0	45.2493550240	0.00308006606065	-0.00475896475837	-0.00769396405667
3.85894744160	-41.0	45.1541925413	0.00293159973808	-0.00478474190459	-0.00777175230905
2.16389680692	-41.0	45.2640359659	0.00160615006462	-0.00480428384617	-0.00779514759779
2.51915141357	-41.0	45.3893750967	0.00188831926789	-0.00477012759075	-0.00769217731431
2.52484027839	-41.0	44.8019560766	0.00189287576359	-0.00489499699324	-0.00809100549668
2.33473028479	-41.0	45.3570749889	0.00174202141352	-0.00478103104979	-0.00772356567904
9.30320189088	-41.0	63.0857445888	0.00755694322288	-0.000725572754163	0.00665816338733
9.63167168278	-41.0	63.3276953884	0.00780366128311	-0.000658397504594	0.00684153568
9.42777402579	-41.0	63.2523232879	0.00764755206183	-0.000681558158249	0.00678799301386
9.78703310786	-41.0	63.1320059344	0.00793175492436	-0.000702704885043	0.00667849788442
9.57857526529	-41.0	62.8419406257	0.00778033491224	-0.000778293935582	0.0064516547136
8.17232578160	-41.0	49.1521258621	0.00647416012362	-0.00388094526716	-0.0047909906134
8.23631870202	-41.0	48.9039427141	0.00649945251644	-0.00393082108349	-0.00497666792944
8.77027763428	-41.0	49.0590048897	0.00691290572286	-0.00388994859532	-0.0048509594053
8.64747227070	-41.0	49.2679004685	0.00684032728896	-0.00384817621671	-0.00469388207421
8.43297115976	-41.0	48.8057143404	0.00663744378835	-0.00394794763997	-0.00504744285718
0.625149956858	-41.0	53.0388456578	0.000437477196101	-0.00370172713883	-0.00226412084885
0.288748743336	-41.0	52.7829253020	0.000104965154605	-0.00372246070765	-0.00247889966704
0.295451544069	-41.0	53.0463971160	0.000114817303256	-0.00371085735969	-0.00226594274864
0.620733764798	-41.0	52.7750246334	0.000426365382737	-0.0037142301444	-0.00247749453411
0.427430633998	-41.0	52.6352998157	0.000236905791098	-0.00372714712285	-0.0025940600317
0.488754674869	-41.0	53.1861219337	0.000307298003463	-0.00370068498887	-0.00214739050716
2.96941874835	-41.0	54.2092593279	0.00271372240968	-0.00339297321625	-0.00109334860463
2.96902034827	-41.0	54.4395049032	0.00273013557307	-0.00336765847169	-0.000885549583472
3.33126845375	-41.0	54.1374176328	0.00302343326621	-0.00334963505156	-0.00112510530744
3.10099943820	-41.0	54.0284076029	0.00281557976268	-0.00339436950162	-0.00124237826094
3.20525368882	-41.0	54.5532188974	0.00294436467811	-0.00331732304767	-0.000761628267355
7.10093558459	-41.0	62.0370845184	0.00588605785742	-0.00107274693437	0.00589420320466
6.86755850805	-41.0	61.5723935008	0.00572769204155	-0.00120664737187	0.00552452076226
7.21216351852	-41.0	61.7622180157	0.00598784117028	-0.00113842065912	0.00566493999213
6.75454155278	-41.0	61.7520220446	0.0056288219057	-0.00116581993643	0.00567694567144
5.39035118311	-41.0	53.9896494569	0.00469807861373	-0.00311822607182	-0.0010882728966
5.67149701584	-41.0	54.3403825261	0.00493722641841	-0.00302599137649	-0.000766718992963
5.23966064062	-41.0	54.1796037298	0.0045908135362	-0.0031010992825	-0.000934546464123
5.63548123960	-41.0	54.0740710827	0.00489469710737	-0.003078160109	-0.000999093055725
-5.34640875859	-41.0	54.3158556991	-0.00501088518649	-0.00311075081117	-0.000819181383122
-5.49741100543	-41.0	54.0231906283	-0.00511335907504	-0.00314863515086	-0.00106321414933
-5.78356216452	-41.0	54.4166936228	-0.00535263773054	-0.00304809166119	-0.000702855933923
7.94776001908	-41.0	65.0685076447	0.006414887961	-0.000261081033386	0.00828600581735
8.09904430980	-41.0	64.5860640526	0.00655271904543	-0.000380732759368	0.00789964944124
8.39776305702	-41.0	64.7136904464	0.00678346119821	-0.000341063510859	0.00799076166004
8.14293357642	-41.0	65.1518282444	0.00656627304852	-0.000235289364355	0.00834536552429
-7.60685368265	-41.0	61.5771009591	-0.0066611552611	-0.0012387392344	0.00547994021326
-7.88300843570	-41.0	61.5438057773	-0.00687658088282	-0.00123545248061	0.00543716410175
-7.90085345930	-41.0	61.9239112534	-0.00687844166532	-0.00114178739022	0.00574757438153
-7.64075192522	-41.0	61.9576971998	-0.00667451322079	-0.00114330067299	0.00578997377306
-10.6785411826	-41.0	61.8909570784	-0.00902132596821	-0.00107580586337	0.00555935269222
-10.2757909430	-41.0	61.9869238887	-0.00871134363115	-0.00106129969936	0.00566161656752
-10.3644745058	-41.0	62.3097019777	-0.00877712946385	-0.000986197614111	0.00591800361872
-10.1370687163	-41.0	52.1484058269	-0.00849919207394	-0.00327589781955	-0.00235399790108
-10.1411449552	-41.0	52.6510918403	-0.00851807743311	-0.00316331186332	-0.00195200229064
-10.3804136283	-41.0	52.6280760604	-0.00869200471789	-0.00316163524985	-0.00196130131371
-10.4510081095	-41.0	52.1788908253	-0.0087300054729	-0.00326114613563	-0.00231716153212
-9.99708923807	-41.0	52.5244503998	-0.00840896647424	-0.0031958243344	-0.00205914513208
-5.02951309734	-41.0	55.6601702996	-0.00481755519286	-0.00289587699808	0.000366278283764
-5.22867743895	-41.0	56.1213076603	-0.00498024048284	-0.00277550285682	0.000795447675046
-5.46717998713	-41.0	55.9075398070	-0.0051592560485	-0.00278987199999	0.000608134141658
-3.60160178302	-41.0	57.6065812248	-0.00367706036195	-0.00268882745877	0.00218839850277
-3.43716006376	-41.0	57.8595814922	-0.00352951046079	-0.00264888326637	0.00243714894168
-3.17165654299	-41.0	57.5195389686	-0.00331860175356	-0.00279288762249	0.00211369479075
-2.73030692515	-41.0	58.8426002209	-0.00285922712646	-0.00246170302853	0.00340761314146
-2.88773350893	-41.0	58.5960142818	-0.00301550491713	-0.00251935282722	0.0031667354051
-2.55141366373	-41.0	58.3161686815	-0.00273437029682	-0.0026693334803	0.00291788810864
-2.39624968058	-41.0	58.4744450849	-0.0025833172258	-0.00264254026115	0.00307925534435
-5.45178309084	-41.0	56.5515195593	-0.00515432097018	-0.00265412312001	0.00119363877457
-5.30077376853	-41.0	56.8188851746	-0.00503886025399	-0.00261386483908	0.00143639638554
-5.82458545239	-41.0	56.7241373982	-0.00543714361265	-0.00257058022544	0.00135507911909
-5.74728806792	-41.0	56.9493522657	-0.00537799671292	-0.00252863601781	0.00155798043124
-5.55510225792	-41.0	56.9806420088	-0.00523196626455	-0.00254462193698	0.00158562115394
-0.89252967521	-41.0	45.8592175865	-0.000881578424014	-0.00472490256652	-0.00747174210846
-0.712473357853	-41.0	46.2260489936	-0.000742201227695	-0.00464933551848	-0.00721914321184
-0.434348367227	-41.0	45.9805109546	-0.000507829419803	-0.00469644227996	-0.00738509884104
-0.635237716027	-41.0	45.7817625477	-0.000668505905196	-0.00473875831813	-0.00752310082316
-4.23768013101	-41.0	54.4122586943	-0.0041366298683	-0.00322264339775	-0.000814856903162
-4.06558488227	-41.0	54.6857257032	-0.00401217956096	-0.00320251798257	-0.000581484113354
-3.75348253811	-41.0	54.3764724633	-0.00373616372235	-0.0032915873453	-0.000885775487404
-3.89764439843	-41.0	54.1680156730	-0.00384252681397	-0.00330262375064	-0.00106015265919
9.18053949840	-41.0	48.0090468186	0.00711530493572	-0.00410875724629	-0.0056439707987
8.80859867188	-41.0	47.6870779124	0.00680489372462	-0.00417914567515	-0.00588428834453
8.73375067482	-41.0	47.9735877065	0.00677954778075	-0.00411902694032	-0.00566984014586
-3.01119160833	-41.0	65.7514278445	-0.0027383370325	-0.000279478321318	0.00902623310685
-3.26597136284	-41.0	65.6830411963	-0.00295529607683	-0.000295062287478	0.0089662624523
-3.25816274277	-41.0	65.4473107773	-0.00295584765263	-0.000357850134606	0.00878460891545
-3.07323190060	-41.0	65.3892899138	-0.00280139502138	-0.000375632895157	0.0087454887107
-2.93658928745	-41.0	65.5103460037	-0.00268218037672	-0.000344599684468	0.00884269271046
5.50441340991	-41.0	66.5747405935	0.00442012632266	6.37559132883e-05	0.00953966751695
5.50648512114	-41.0	66.8662278860	0.00441668136045	0.000139893920277	0.00976435095072
5.89718435730	-41.0	66.6073226303	0.0047359354794	8.41785804369e-05	0.00955190695822
8.30276025548	-41.0	62.7344993848	0.00679246103391	-0.000843312474899	0.00641104392707
7.85561117856	-41.0	62.9824014852	0.00643121637404	-0.00079677667236	0.00662815989926
8.05124827051	-41.0	62.5689537267	0.0066037774086	-0.000894315540791	0.00628680735826
7.82303657393	-41.0	62.6333029498	0.00642231525853	-0.000886917754542	0.00634783459827
-6.87778017929	-41.0	56.2939628291	-0.00622119568288	-0.00255790003575	0.000986692728475
-6.82658396046	-41.0	56.5730130192	-0.00618513999507	-0.00250085117295	0.0012309217127
-7.05765089554	-41.0	56.7168665133	-0.00635621882975	-0.00244806916453	0.00135888368823
-3.45339940650	-41.0	56.3008875772	-0.00356955640018	-0.0030242104549	0.000912389717996
-3.61283735284	-41.0	56.6030545028	-0.00370411062613	-0.00293058669195	0.00121151795611
-3.16399279968	-41.0	56.6011813275	-0.00332781602629	-0.00301901856437	0.00120236014482
4.08150969350	-41.0	67.1638761481	0.00325336959213	0.000174389802851	0.0100408596918
4.35438030232	-41.0	67.0584265515	0.00347806233913	0.000155028363224	0.00995083153248
4.05760250156	-41.0	66.6913591311	0.00323916506022	5.05535972479e-05	0.00967955496162
4.36660344829	-41.0	66.6199227555	0.0034938484896	4.08588748542e-05	0.00961394142359
-8.04673636649	-41.0	53.5275261110	-0.00701287854463	-0.00305919582024	-0.00133084750269
-8.05592399826	-41.0	53.9477553124	-0.00703397486359	-0.0029704910703	-0.000981806078926
-8.20726021003	-41.0	53.7235163433	-0.00713776377961	-0.00300935329869	-0.00116119824816
-8.47644097862	-41.0	55.6570708188	-0.00738079892471	-0.0025786140468	0.000466134806629
-8.97621647317	-41.0	55.4680557224	-0.00773882307112	-0.00259176059626	0.000315585930366
-8.76101115126	-41.0	55.2870113084	-0.00758028496057	-0.00264310464263	0.000160305309691
6.33223808952	-41.0	64.9273653360	0.00513469846919	-0.000344863830833	0.00823097769171
6.63380724266	-41.0	65.0558903693	0.00537132145837	-0.000301178690279	0.00832063239068
-10.3657799868	-41.0	51.9528137837	-0.00866021588445	-0.00331423617899	-0.00250055920333
-9.8546975708	-41.0	51.7810912860	-0.00827890913934	-0.00336521910504	-0.00265876646154
-10.0263311854	-41.0	51.7127969798	-0.00840257760137	-0.0033761956729	-0.00270558637567
-5.81561818663	-41.0	50.1594174036	-0.00512794777751	-0.00383409997448	-0.00417964858934
-5.57505703906	-41.0	50.2045534342	-0.00493979547173	-0.00383402430452	-0.00416213320568
-5.88782836833	-41.0	49.9398715429	-0.0051711499691	-0.00387407583185	-0.00434315949678
-5.44273478492	-41.0	50.0202106712	-0.00482242135331	-0.00387347885408	-0.00431290874258
-2.14866129653	-41.0	56.3622032295	-0.00241807545535	-0.00328312325291	0.00093746825587
-2.41806743368	-41.0	56.3109778207	-0.00266753765754	-0.00323519413359	0.000891778501682
-2.17047369570	-41.0	55.7703132234	-0.00242314324714	-0.00337461475283	0.000329394330038
-2.46816053317	-41.0	55.8034220248	-0.00269973883405	-0.00331014650874	0.000377950316761
-1.95807304210	-41.0	56.2146451510	-0.00223399163224	-0.00334962410852	0.000778252608143
-11.3800034302	-41.0	54.4859123582	-0.00945609807968	-0.00270721968263	-0.000447978120064
-11.8567979311	-41.0	54.4545468991	-0.00980097893625	-0.00269619328901	-0.000465169054223
-11.8547601046	-41.0	54.2130810298	-0.00979601871222	-0.002752836328	-0.000656055053696
-11.7154769189	-41.0	54.0376562225	-0.00969240069389	-0.00279876263812	-0.000797664397396
10.2394144629	-41.0	54.3135832811	0.00835348106921	-0.00273246038705	-0.000634378055111
10.6162366462	-41.0	54.1971978822	0.00862609315664	-0.0027461880818	-0.000727945473045
10.3918982903	-41.0	53.9079099466	0.00844927038997	-0.00281626894139	-0.000967437401414
10.4388721950	-41.0	54.3385200167	0.00850108079612	-0.0027205015067	-0.000612378760707
10.2474626861	-41.0	54.0962410489	0.008350873366	-0.00277969217859	-0.000813646242023
-8.98326004118	-41.0	63.3029843228	-0.00768802966923	-0.000781735870987	0.00680369790643
-9.12916837101	-41.0	63.8218232373	-0.00779265724123	-0.000657805707306	0.00721293548122
-8.79721197257	-41.0	63.5305843637	-0.00753688439727	-0.000731753418222	0.00699796015397
-9.38832772082	-41.0	63.4908755596	-0.0080024683848	-0.000730734551325	0.00693132728338
-9.29695003064	-41.0	63.6750917283	-0.00792749691755	-0.000689376494847	0.00708506675437
-7.64067970454	-41.0	59.9017393777	-0.00674080196768	-0.00164989684708	0.00408550677821
-7.83530292594	-41.0	60.1110833960	-0.00688278581947	-0.00158785202075	0.00425211526453
-7.39573985342	-41.0	60.0802607234	-0.00654901331291	-0.00162049022038	0.00424701347947
2.76241115054	-41.0	66.5978882033	0.00216666911729	-8.52572520671e-06	0.0096507910639
2.69544242235	-41.0	66.9431995329	0.00210804049857	8.06942625786e-05	0.00991622172296
2.29490857524	-41.0	66.5177955917	0.00177596369758	-4.04577658628e-05	0.00960328429937
2.20832372511	-41.0	66.7110864880	0.00170200073626	8.91067065822e-06	0.00975285936147
7.62854062690	-41.0	63.8572544435	0.00621208036318	-0.000580929685384	0.00733733223751
7.79735293624	-41.0	63.4311068851	0.00636453460902	-0.000684428261593	0.00699064182118
7.92562152919	-41.0	63.9657441713	0.00644164672121	-0.000543801405001	0.00741286156699
9.15590725921	-41.0	64.0180187520	0.00740597536787	-0.000498764507938	0.00741157494485
8.78419429901	-41.0	64.3375465322	0.00710201123729	-0.000427207734901	0.00767907779664
8.82053736386	-41.0	62.4420459477	0.00720806792378	-0.000898538681213	0.00615498237312
8.83377790254	-41.0	62.8896838556	0.00719948625192	-0.000787142314948	0.0065167429857
8.58755583576	-41.0	62.3890485226	0.00702950917184	-0.000919675745536	0.0061205830425
8.37523809619	-41.0	62.5175793011	0.00685873068869	-0.000895173405297	0.00623277854174
5.44978412476	-41.0	59.0456510297	0.00475696381181	-0.00199665967375	0.00344722089358
5.21891865806	-41.0	58.9526746822	0.00457998970523	-0.00204807287082	0.00337447738275
5.37538388622	-41.0	58.4956165614	0.00472638290375	-0.00215127691627	0.00296188844368
7.65134360734	-41.0	59.3566911576	0.00644014868885	-0.0017224275507	0.00364071293734
7.31204959520	-41.0	59.5785918198	0.00617260206491	-0.00169091671705	0.003839869285
7.54704375875	-41.0	59.6081679454	0.0063508618623	-0.00166715821251	0.00385725055821
2.19223544153	-41.0	46.9877259093	0.00164697389118	-0.00445778155699	-0.00661761546507
2.39160675054	-41.0	47.2843262717	0.00181656924542	-0.00439708959311	-0.00640348065645
2.58672553830	-41.0	47.1134015993	0.00197034538724	-0.00442452123389	-0.00651072710752
2.37312687886	-41.0	46.8043683451	0.00178982166108	-0.00448877317831	-0.00673430366442
2.21116463658	-41.0	47.1927229822	0.00166699069086	-0.00441854586825	-0.00647577550262
1.67028266841	-41.0	62.5442724927	0.00132596329786	-0.00122457637917	0.00657679606229
1.33175763488	-41.0	62.3528060172	0.00102956453338	-0.0013008894166	0.00643902970478
1.21468585191	-41.0	62.5287976978	0.000919164798688	-0.00124524068087	0.00657978793606
1.52378747050	-41.0	62.3384507356	0.00120250775944	-0.00129885936622	0.00642126007006
-4.25601410677	-41.0	55.2149381482	-0.00419277418405	-0.00308766472153	-8.34360980662e-05
-4.08056665951	-41.0	55.4862107005	-0.00406234618276	-0.00306688109413	0.000158668466611
-4.64163427892	-41.0	55.4489552514	-0.00450842780992	-0.00298976898193	0.000154166613356
7.02095218692	-41.0	52.4859559114	0.00586305977777	-0.00326475128531	-0.00223864382133
7.04039038842	-41.0	51.9892031142	0.00584356626496	-0.00335895479657	-0.00263831275515
7.35884403561	-41.0	51.9794690503	0.00608542654663	-0.00334419636056	-0.00262915017083
7.05186312272	-41.0	52.9229617071	0.00591493397951	-0.00317865749821	-0.00187984993681
6.78442801482	-41.0	52.9846995021	0.00571501627564	-0.00318442936987	-0.0018439849373
-3.45420110336	-41.0	47.8896148262	-0.00307609280571	-0.00432093068957	-0.00600488344207
-3.01226496945	-41.0	47.8958313621	-0.00271058711223	-0.00432458333671	-0.00601807283238
-3.17918416827	-41.0	47.6245144145	-0.00283580599353	-0.00437470478937	-0.00620500417426
-3.33895471368	-41.0	48.1089569058	-0.00299205025658	-0.00428072083741	-0.00585252651945
-2.00531831955	-41.0	47.8991578528	-0.00186873099301	-0.00433160271496	-0.0060468534939
-2.19275564770	-41.0	47.6548402312	-0.00201684678905	-0.00437589921057	-0.00621428433806
-2.51915344735	-41.0	47.9108930686	-0.00230024475604	-0.00432618381456	-0.00602437416092
-2.34776335378	-41.0	48.1276141926	-0.00216554221697	-0.00428778026253	-0.00587608478963
-3.22962054438	-41.0	46.8737768640	-0.00284095085226	-0.00452220905572	-0.00673521449789
-3.02508086059	-41.0	47.1296544377	-0.00268514524214	-0.00447235815227	-0.00656090443954
-2.71133945097	-41.0	46.9209114617	-0.00241723447107	-0.00451510678977	-0.00671676034108
-2.83784818644	-41.0	46.6373937862	-0.002508753445	-0.00457141827792	-0.00691247638315
-1.20260618604	-41.0	46.8218645067	-0.00116308080032	-0.00453472044319	-0.00680920248851
-1.03207982321	-41.0	47.0634733194	-0.00102709198836	-0.00448765186593	-0.00664275884628
-0.70216708884	-41.0	46.8215135457	-0.000746475008782	-0.00453226314858	-0.00680970912799
-0.846745777976	-41.0	46.6328161375	-0.000862588814925	-0.00456979637966	-0.00694007147104
1.56740396777	-41.0	46.4852726526	0.0011308999965	-0.00456794351339	-0.006989704445
1.36330693732	-41.0	46.3606835121	0.000963752449024	-0.00459624128416	-0.0070826811716
1.54005876528	-41.0	46.0162854062	0.00110643042717	-0.00466168858111	-0.00731076858938
1.37633977851	-41.0	46.1666976077	0.000973848858848	-0.00463451398537	-0.00721454620361
-10.5801219888	-41.0	49.9751287001	-0.00874078739434	-0.00376076553948	-0.0040545752272
-10.4268314087	-41.0	50.3753797778	-0.00864454638213	-0.0036709504202	-0.00374599150382
-10.5938219146	-41.0	50.4415902871	-0.00877095200121	-0.00365363480523	-0.00368746067397
-10.7654900029	-41.0	50.3447857704	-0.00889394432306	-0.00367377558723	-0.00375734386034
-8.37618364988	-41.0	64.8325886429	-0.0071738450788	-0.000431635184214	0.00806561950594
-8.38051296351	-41.0	64.5271440447	-0.00718407845125	-0.000503591320012	0.00782134663314
-8.77170464009	-41.0	64.5539125799	-0.0074952878058	-0.000491892977152	0.0078207757324
-4.17216563326	-41.0	53.3491334209	-0.0040140976198	-0.00339097599499	-0.0017486535944
-3.70406721332	-41.0	53.4256796293	-0.00362953590229	-0.00342779560015	-0.0017247000942
-3.83182929319	-41.0	53.1990696517	-0.0037207712885	-0.00344576430507	-0.00190614280291
-3.88105096339	-41.0	53.6580364249	-0.00379430432804	-0.00337694282643	-0.00150893582031
-4.00323401184	-41.0	53.1028250657	-0.00385707896203	-0.00344305555336	-0.00197213003412
4.39288477109	-41.0	48.6017518334	0.00350129418075	-0.00409672735259	-0.00536150392145
4.67384794312	-41.0	48.4435740832	0.00371476425789	-0.00411619432271	-0.00545527692884
4.90097261755	-41.0	48.6032135250	0.00390688236803	-0.00407923292369	-0.00532796327025
-9.79773584072	-41.0	48.7917311525	-0.00809947494417	-0.00403909059241	-0.00500703928992
-9.53332897183	-41.0	48.8202712770	-0.00790234655142	-0.0040349047631	-0.00499551557004
-9.50923374034	-41.0	48.3705613001	-0.00785979442298	-0.00413758167997	-0.00534359319136
4.94254618306	-41.0	46.4444099590	0.00378941162489	-0.00449301442131	-0.00681831687689
4.41232068462	-41.0	46.3462087377	0.00338051328436	-0.004526311066	-0.00692125596106
4.70809936441	-41.0	46.0846891380	0.00359400035813	-0.00457070861012	-0.00707899220288
4.88501163474	-41.0	46.2150812103	0.0037335252855	-0.0045401067473	-0.00697808619589
4.49951063155	-41.0	46.1666571457	0.00343933235854	-0.00455986196175	-0.00703763170168
-6.09589355933	-41.0	58.2611588228	-0.00561825605109	-0.00217662472278	0.00272916676477
-6.17177290909	-41.0	58.0079306266	-0.00568242231384	-0.0022311671637	0.00250305142254
-5.91144266205	-41.0	58.1843549263	-0.00548007711768	-0.00221471884288	0.00266575999558
-5.83690637385	-41.0	57.9809995783	-0.00542896194384	-0.00227308482863	0.00248605944216
-6.07635991007	-41.0	57.7881794765	-0.00561519153416	-0.00229431618936	0.00230945297517
0.345963630728	-41.0	51.1228223099	0.000139619703987	-0.00385256903246	-0.00375286978669
0.0683805298303	-41.0	51.2558578831	-0.000114455622679	-0.00384170049801	-0.00365734496154
0.531584691775	-41.0	51.5387616154	0.000316406920319	-0.00380728836171	-0.00343819824047
0.305702060593	-41.0	51.6539588469	0.000108041938802	-0.00380068738014	-0.00335571798496
-3.91813432185	-41.0	64.8746852577	-0.00353069626726	-0.000501227041241	0.00831763073802
-3.62790885421	-41.0	64.7923636026	-0.00328966719098	-0.000528831616975	0.00826491508633
-3.56462515602	-41.0	65.1884352586	-0.00322253955528	-0.000422976969276	0.00857433769852
-0.116767064425	-41.0	57.1925513842	-0.000302483997075	-0.00337462243624	0.00182157673407
-0.0490319622973	-41.0	57.6091052544	-0.000227182783419	-0.00324075273238	0.00227378844284
0.14568878864	-41.0	57.2948172709	-1.22090614241e-05	-0.00334199192002	0.00193355686497
-0.283684471395	-41.0	57.5478349138	-0.000484632852022	-0.00325695890933	0.00220707105473
2.97929756852	-41.0	66.8617786346	0.00234512914903	6.61936064716e-05	0.00984556414187
3.30002470402	-41.0	66.4051037270	0.00261676264927	-4.60873452539e-05	0.0094863595441
3.10326521063	-41.0	66.2146919827	0.00245565245859	-0.00010204071441	0.00934739410877
4.22380975942	-41.0	67.3962291682	0.00336791668087	0.000238346357946	0.0102142589167
3.66757691162	-41.0	67.5199671838	0.00291026686318	0.000254343030974	0.0103271175176
3.78319050860	-41.0	67.6790642584	0.0030044822488	0.00029804056976	0.0104453060776
3.56648976195	-41.0	63.3400206999	0.00293425517157	-0.00089419761207	0.00711309537292
3.85803396582	-41.0	62.9850887684	0.0031984152738	-0.000984795857221	0.00681936601177
4.06733755908	-41.0	63.2210582520	0.00336140929721	-0.000905456021428	0.00699450401589
2.86121586574	-41.0	62.5751208188	0.00237026112154	-0.00116069521755	0.00654777651653
2.68521666819	-41.0	62.3553487009	0.00222897483036	-0.00123958813492	0.00638317363337
3.02436754520	-41.0	62.0486304121	0.00254091713578	-0.00131826102734	0.00612114556134
3.22818381854	-41.0	62.2824051986	0.00270283059217	-0.00123219296802	0.00629637762904
9.40506977386	-41.0	50.2034330648	0.00748558249325	-0.00363745517097	-0.00395909557119
9.11592530270	-41.0	50.1834669563	0.00726890284568	-0.00364734209143	-0.00397992879152
9.21313808095	-41.0	50.6715623500	0.00738046085462	-0.0035423997324	-0.00359640317038
-6.56108051582	-41.0	51.0982291569	-0.00577039923519	-0.00362335168757	-0.00339389243163
-6.76895914119	-41.0	51.2759928547	-0.00594152696431	-0.00357950059697	-0.00323837576434
-7.02379190902	-41.0	50.8517829637	-0.00611281068996	-0.00365385576151	-0.0035559120588
-7.28414331805	-41.0	52.1435180892	-0.00638269307092	-0.0033828462474	-0.00250792712905
-7.61727001935	-41.0	51.706857207	-0.0066119893454	-0.00345648429357	-0.00283795502037
-7.83257754424	-41.0	51.9310464012	-0.00678532756865	-0.0034012477845	-0.00264474214055
-7.26448893236	-41.0	51.9302191317	-0.00635670404881	-0.00342672481202	-0.00268137664534
7.70258253138	-41.0	65.4403072383	0.00620775576681	-0.000171257503098	0.0085864039138
7.88159408910	-41.0	65.2964115162	0.00635445909575	-0.000204142124858	0.00846761930734
-6.21781275357	-41.0	58.7963072080	-0.00569408107549	-0.00203088228591	0.00319630349986
-6.42255690101	-41.0	58.6118563198	-0.00585590396076	-0.00205838656984	0.00302819348872
-6.27142576741	-41.0	58.2662844501	-0.00575125124305	-0.00215799338184	0.00272916117683
-6.01109552037	-41.0	58.4427087498	-0.00554813910276	-0.00213991990313	0.00289213843644
-2.56731429965	-41.0	57.7898443729	-0.00277780834585	-0.00283436081372	0.00239980267361
-2.40126467356	-41.0	57.5225894827	-0.00263836514205	-0.00294773606583	0.00213625538163
-2.80126046755	-41.0	57.4999454156	-0.00299824401736	-0.0028719601687	0.00210318644531
-2.69190388865	-41.0	57.2990419197	-0.00290804333054	-0.00294939638115	0.00190349703189
2.68921731156	-41.0	65.1921240143	0.00212708837353	-0.000392505520722	0.00857986323535
2.99676987518	-41.0	65.6792020477	0.00237563834526	-0.000249667587923	0.00894170533866
3.07879813269	-41.0	65.4015270577	0.0024501781445	-0.000323610787746	0.0087263379246
-3.14061196790	-41.0	63.2011955782	-0.0029410161078	-0.000992914312519	0.00704324943945
-3.29043819917	-41.0	63.7996157628	-0.00304272212088	-0.000813618244138	0.00750554446131
-3.43408789306	-41.0	63.6667716460	-0.00317055359483	-0.000847772636916	0.00739544723183
-3.48649094590	-41.0	63.5172630157	-0.00322170346044	-0.000889250717591	0.00727584818378
-6.06519188587	-41.0	66.3345737605	-0.00526250246912	-9.94280271698e-05	0.00936944596469
-6.16504396832	-41.0	66.5624243087	-0.00533866649494	-4.3521009502e-05	0.00954413879663
-5.86762215153	-41.0	66.3232843155	-0.00510045653209	-0.000104068225482	0.00936893839389
-5.91891310825	-41.0	66.6900836097	-0.00513316178694	-1.47277341966e-05	0.00965444371104
-5.73643969404	-41.0	66.4372983074	-0.00498944800347	-7.75309963501e-05	0.00946372747421
-3.60718765377	-41.0	52.2501547404	-0.00346363522112	-0.00359525135718	-0.00271032308228
-3.26685444609	-41.0	51.9602397775	-0.00315287592821	-0.00365766114555	-0.00297101773322
-3.43924998445	-41.0	51.7725317458	-0.0032879258506	-0.00367283448577	-0.00310599547811
-9.44650582736	-41.0	53.9642174399	-0.00804803706706	-0.00289817992598	-0.000915534619708
-9.15131981948	-41.0	54.3569284650	-0.00784339476377	-0.00282571860589	-0.000602488347795
-9.37905062044	-41.0	54.3487786122	-0.00800802279264	-0.00281698489562	-0.000602593529038
-9.15845710343	-41.0	53.9391344428	-0.00783840101212	-0.00291625712998	-0.000945693696849
-9.30053584009	-41.0	56.8071796883	-0.00799028668553	-0.00227702409029	0.00143627729267
-9.03154817078	-41.0	57.1775275317	-0.00779871735722	-0.00220768735744	0.00174867419992
-8.96729077988	-41.0	56.9794797356	-0.00775073841214	-0.00225591380149	0.00158297631424
-9.35781644309	-41.0	57.0564394166	-0.0080341566354	-0.00221802224405	0.00164377281908
-9.03104514506	-41.0	56.8291621244	-0.00779565237463	-0.00228626746684	0.00145634543151
6.73069119768	-41.0	50.7220560557	0.0055100414902	-0.0036154598929	-0.00365215865895
6.55319912416	-41.0	50.9776115350	0.00539302453399	-0.00357528636232	-0.00346449366771
6.40788859780	-41.0	50.4350524194	0.00523735117167	-0.00368348322809	-0.00389042706229
6.11301770694	-41.0	50.7610279825	0.00503350095823	-0.00363643374294	-0.00365861342289
5.24937568704	-41.0	59.2251680507	0.00458859046921	-0.00197030091658	0.0036136447452
5.66628824678	-41.0	59.4300822732	0.00490588555112	-0.00187035487033	0.00377439078875
5.46019424966	-41.0	59.6014655091	0.00473328027874	-0.00184458482545	0.00393240433186
-10.2174688630	-41.0	59.1907256440	-0.00867698248476	-0.00169750850182	0.00338267302141
-10.1979376089	-41.0	59.4801322222	-0.00866317003965	-0.00163277762476	0.00362074817531
-10.6047915197	-41.0	59.4627538098	-0.00896581634879	-0.00162355904467	0.00358659191988
-10.6422134573	-41.0	59.1685075309	-0.00899172946811	-0.00168816256337	0.0033446457237
-10.8621711187	-41.0	58.2667389129	-0.00914389360696	-0.00188143725973	0.00260034063831
-10.9342872502	-41.0	57.9438291571	-0.00919169001281	-0.0019504528027	0.00233526038937
-10.4599162943	-41.0	57.9139553697	-0.00884443148971	-0.00197544554248	0.00232769921422
-10.4280146405	-41.0	58.1713236685	-0.00882431492209	-0.00191901077051	0.00253925193101
-5.88115654656	-41.0	45.5890262127	-0.00489552225918	-0.00478563271463	-0.00756598869339
-6.09610171227	-41.0	45.4305669688	-0.00505470018834	-0.00482119526714	-0.00767484446988
-5.71478443813	-41.0	45.1551518410	-0.00473856087774	-0.00488401390612	-0.00788557250053
-12.0764111465	-41.0	56.1537118107	-0.00998713914305	-0.00229629711248	0.000870691321325
-11.9024402663	-41.0	56.3165178627	-0.00986421015114	-0.00226856279187	0.00100209959783
-11.7645404790	-41.0	55.9668363661	-0.00975729059428	-0.00235330243595	0.000728372193407
-11.6608944415	-41.0	56.2743571753	-0.00968802534044	-0.00228946236894	0.000973406480625
-9.31027696098	-41.0	53.0234607737	-0.00792272295803	-0.00310909096152	-0.00168586301152
-9.43535812341	-41.0	53.5251566366	-0.00802868977189	-0.0029946854338	-0.00127382029314
-9.04747162470	-41.0	53.0498298954	-0.00773131614551	-0.00311370682903	-0.0016757985577
-9.14730939948	-41.0	53.5000736395	-0.00781824905425	-0.00301206833683	-0.00130520563107
-9.46582814578	-41.0	53.1392561575	-0.00803987309337	-0.00307792169042	-0.00158573500812
-2.29914751623	-41.0	56.6077344873	-0.00256064254791	-0.00320154614747	0.0011952862842
-1.83915312465	-41.0	56.5114018176	-0.00212271814235	-0.00331901200116	0.00108702224679
-1.80288252553	-41.0	56.7172635358	-0.00208772835322	-0.00328290485777	0.00130455254111
5.37475300455	-41.0	60.1055603995	0.00463388115168	-0.00171332329046	0.00437062233686
5.51698776643	-41.0	60.3516465315	0.00473168399185	-0.00163191894535	0.00457280222327
5.09401254103	-41.0	60.2360784021	0.00440005538985	-0.00170300295576	0.00449704471976
5.20343233050	-41.0	60.4958899867	0.00447082798928	-0.0016190612223	0.00471169734374
-4.26008877897	-41.0	63.6790503776	-0.00386634096503	-0.000819371140096	0.00736636435613
-3.94875296014	-41.0	63.4648068989	-0.00361500494182	-0.000889451126568	0.00721263559535
-4.20608114541	-41.0	63.1799519399	-0.00384484301321	-0.00096109660808	0.00697409501299
-4.05736907759	-41.0	63.5922684827	-0.0037004116457	-0.000849970674608	0.0073078549467
-3.36996505929	-41.0	49.8998868780	-0.00311356992461	-0.00396255170926	-0.00454412261024
-3.40698978740	-41.0	49.6249963691	-0.00312927272171	-0.00400768360123	-0.00474578188732
-3.80948479783	-41.0	50.0136046483	-0.00348879094236	-0.00392994610593	-0.00443129893392
-6.83917950950	-41.0	52.1473685466	-0.00604471424595	-0.00340464408509	-0.00253466167487
-7.03252264674	-41.0	52.0805709097	-0.00618847599253	-0.00340790487826	-0.00257551739924
-7.01798028547	-41.0	52.4801555821	-0.00619838340208	-0.00332934828475	-0.00225183879957
-11.6189163311	-41.0	59.9388057769	-0.00972717627883	-0.0014919359237	0.00391767593101
-11.8231511071	-41.0	59.4902818069	-0.00987354386598	-0.00158482126426	0.00354236760177
-11.6519144117	-41.0	59.4789717803	-0.00974571052939	-0.00159133051056	0.00354314316064
-11.4806789831	-41.0	59.5467691400	-0.00961897242814	-0.00158074556384	0.00360786449164
-3.05832219543	-41.0	48.9409286290	-0.00280001433566	-0.00413350621238	-0.00526513205841
-3.01625840389	-41.0	49.2215913743	-0.00277879298665	-0.00408556126058	-0.00506308209151
-2.68134177407	-41.0	48.8839353056	-0.00247956765816	-0.00414967956021	-0.00532325729728
1.30734012164	-41.0	64.6838246194	0.000957006355748	-0.000570321979467	0.00823237095028
1.54858396989	-41.0	64.3349976909	0.00117083976511	-0.000667883025017	0.00796042196453
1.69753914399	-41.0	64.5103483856	0.00129604560789	-0.000612730160356	0.00809025391936
1.50489643076	-41.0	64.7944794384	0.00112554768566	-0.00053420488257	0.0083120027557
1.38050674241	-41.0	64.4478557037	0.00102358113509	-0.000638139550574	0.00805082265288
9.80631140268	-41.0	51.1311447187	0.00785528402776	-0.00343144172803	-0.00322223291732
10.3103687464	-41.0	50.9013481350	0.00821122061461	-0.00347152655013	-0.0033981713932
10.0469890766	-41.0	51.2224585312	0.00803998019546	-0.00340680754744	-0.00314608868212
-3.21118732343	-41.0	67.5777863379	-0.00286178011447	0.000188789228559	0.0104285134003
-3.13015029786	-41.0	67.8355109050	-0.00278867059387	0.000252225348959	0.0106290858239
-3.56197475858	-41.0	67.7342141640	-0.00315209594555	0.000227814845857	0.0105419913307
-3.40649605331	-41.0	67.5912850246	-0.0030250409618	0.000192445731955	0.010434855707
-1.41675689539	-41.0	51.6321569312	-0.00148898281623	-0.0037872553803	-0.00334708602168
-1.65853501857	-41.0	51.7758521391	-0.00171574170236	-0.00376417580992	-0.00322535517626
-1.95198913460	-41.0	51.4810174593	-0.00196718494408	-0.00378508865833	-0.00343639892526
-1.84007138921	-41.0	51.2874084526	-0.00185766653158	-0.00381178944372	-0.00358986482024
-1.11078716149	-41.0	63.5714356599	-0.001159783802	-0.000924314255826	0.00739540625364
-1.01054500305	-41.0	63.8051827950	-0.00106711674016	-0.000852773431689	0.00757623743266
5.59257839322	-41.0	63.0138086627	0.00462835887447	-0.000888187380042	0.00675268936902
5.08465079884	-41.0	63.0870452680	0.0042105410248	-0.000893279386219	0.00683636497706
5.25833259948	-41.0	63.2529365249	0.00434347894043	-0.000838686479256	0.00695934286341
4.31449574258	-41.0	62.1581734131	0.00362963951193	-0.00120303977747	0.00613521877676
4.68591208901	-41.0	61.8672367730	0.00395640684292	-0.00126400543377	0.00587841775268
4.90803632843	-41.0	62.1028143918	0.00412407005206	-0.00118147395551	0.00605700677261
-12.1230905277	-41.0	57.1975039796	-0.0100449519232	-0.00206574634649	0.00169008655939
-12.2191515646	-41.0	56.7481886891	-0.0101041318849	-0.00215845555067	0.00133310863748
-12.0141007164	-41.0	56.7157969355	-0.00995406322181	-0.00217519234866	0.0013139853254
-11.8285600053	-41.0	56.9936984805	-0.00982525013387	-0.00212293397635	0.00153964373749
-11.9558345403	-41.0	57.1109519300	-0.00992077868432	-0.00209175306372	0.00162809004541
-3.28737631564	-41.0	45.5316540803	-0.00282336282544	-0.00480145215988	-0.0076773269102
-3.51376998472	-41.0	44.9821127767	-0.00297891697846	-0.00492146285251	-0.00805895589292
-3.60874478515	-41.0	45.1879639266	-0.0030654463917	-0.00487629743293	-0.00791243836284
-3.14434456343	-41.0	45.3648389712	-0.00269985664636	-0.00483727641404	-0.0077968458645
8.60865923228	-41.0	59.7862338556	0.00715102860704	-0.00156002794392	0.00397428311408
8.72947971090	-41.0	60.1451089264	0.00723023759201	-0.00146678194869	0.00427028117701
8.77862651967	-41.0	59.8037266909	0.00727917067707	-0.00154713587835	0.00398385804147
8.51110116591	-41.0	60.1374705693	0.0070644817315	-0.00147950509563	0.00427090469748
8.48613181990	-41.0	59.9887949867	0.0070509579964	-0.00151713099331	0.00414752727374
8.84920284214	-41.0	59.9524403694	0.00732772611082	-0.00150773080532	0.00410594046116
1.83781617895	-41.0	58.9867265478	0.00168001477141	-0.00252310046926	0.00359612237662
1.55717793103	-41.0	58.9696758693	0.00141018535942	-0.00256848149002	0.00359658966772
1.73555400833	-41.0	59.4673386900	0.00154927931726	-0.00234786816873	0.00404042564332
6.78468735121	-41.0	51.4905184715	0.00561102665961	-0.00346733699553	-0.0030494525563
7.21888511193	-41.0	51.7372378759	0.0059616737999	-0.00339828967117	-0.00282987952232
6.62356631021	-41.0	51.7280039945	0.00550461094826	-0.00343118538149	-0.00287095503882
7.49766359527	-41.0	50.4790672773	0.00607756758109	-0.00363226351328	-0.00380188412964
7.31916887175	-41.0	50.7310325156	0.00596181629226	-0.00358943687752	-0.00361514510587
7.87921623258	-41.0	50.7872729242	0.00639098975807	-0.00355752254836	-0.0035470193252
7.71599777224	-41.0	51.0154525545	0.00628530792892	-0.00351800839417	-0.00337555911392
-9.20053899875	-41.0	61.6744203786	-0.00788924284279	-0.00115884141997	0.00547019392252
-9.13782169992	-41.0	61.4504420781	-0.00784521363676	-0.00121321121696	0.00529085379094
-8.76992781762	-41.0	61.8228770704	-0.00755462655798	-0.00113662669901	0.00561578478664
-8.97496422574	-41.0	61.3535760594	-0.00772230466828	-0.00124114763457	0.00522069213912
-8.76897302096	-41.0	61.4330665668	-0.00756267830729	-0.00122919573914	0.00529719749466
2.48228963875	-41.0	49.0372306715	0.00195519556291	-0.00408560456708	-0.00517475698143
1.97705763120	-41.0	49.2594891054	0.00153547583614	-0.00406482256949	-0.00504422793165
2.10501684310	-41.0	48.8561208134	0.00162947748322	-0.0041265594773	-0.00532342400402
1.95630211523	-41.0	49.0199212129	0.00150918052532	-0.00410379143432	-0.0052151796408
-2.14607883561	-41.0	63.5349637555	-0.00206800061278	-0.000919685116969	0.00734233204275
-2.14506610824	-41.0	63.0462160606	-0.00208488386124	-0.0010702710133	0.00696235569194
-1.89003285400	-41.0	63.0379864749	-0.00186121731531	-0.00107927201316	0.00696451822296
-10.8207272391	-41.0	55.6577046698	-0.00906949862838	-0.0024651165586	0.000486439850647
-10.6460473616	-41.0	56.0062493018	-0.00894911866635	-0.0023945744615	0.000769068486989
-11.0682633454	-41.0	55.7680866322	-0.00924992468208	-0.00242971233092	0.000575116020627
-10.6613986041	-41.0	55.7889295689	-0.0089567117393	-0.00244251615368	0.000592664058786
4.28245773122	-41.0	58.5088307230	0.00385525543243	-0.00229477137327	0.00301399896853
4.30591388633	-41.0	57.9012026615	0.00390503020026	-0.00245798984542	0.00245133205317
4.06429572400	-41.0	58.0686228717	0.00370123493485	-0.00245197396725	0.0026150229387
-5.85677685481	-41.0	65.4437428216	-0.00511751137674	-0.000320690800436	0.00867885909975
-6.11904222290	-41.0	65.5522129980	-0.00532893789932	-0.00028998972266	0.00875204242766
-6.07187092757	-41.0	65.9455024865	-0.00527866184711	-0.000194063497474	0.00906354002655
-5.87430119323	-41.0	65.9342130414	-0.0051168682985	-0.000199168280233	0.00906339194626
-1.96871042014	-41.0	67.5297831422	-0.00181875051931	0.000176851463038	0.0104108154774
-1.57667275710	-41.0	67.2211790033	-0.00149331521243	9.93969588308e-05	0.0101780034602
-1.61022089478	-41.0	67.0136467039	-0.00152515934315	4.60550363641e-05	0.0100189950317
-1.82695718211	-41.0	66.9725657031	-0.00170911918394	3.52189126716e-05	0.00998540222645
-2.29873662361	-41.0	67.9187086655	-0.00208956212737	0.000273301411653	0.010705942288
-1.9075214783	-41.0	68.0150680873	-0.00175909406971	0.00029814185109	0.0107840374112
-1.13162949742	-41.0	44.0205847985	-0.00102214713115	-0.00512191420421	-0.00873556733131
-1.49207336880	-41.0	44.2185440065	-0.00131889455952	-0.00508072832599	-0.00860202126205
-1.35927678768	-41.0	44.4172897582	-0.0012185703963	-0.00503557035699	-0.00846418179572
5.93010408008	-41.0	62.7095576936	0.00491794804111	-0.000954090617597	0.00649265805259
6.10314083644	-41.0	62.9384138862	0.00504434853792	-0.000883638160303	0.00666787661612
-8.66969335476	-41.0	49.6049120163	-0.0072944178246	-0.00387143017724	-0.00442889239639
-8.96848171889	-41.0	49.3754902932	-0.00750719243661	-0.0039170505479	-0.00459149759263
-9.09323168584	-41.0	49.5266769106	-0.00760916573927	-0.00388152594678	-0.00446821190417
9.02293899883	-41.0	57.0138548210	0.00751106394455	-0.00218872237019	0.00162405078299
9.50732287082	-41.0	56.8271508081	0.0078687723726	-0.00220590084791	0.00146401289385
9.29440747981	-41.0	56.6426640916	0.00771051738411	-0.00225809542462	0.00130899203941
6.88117906842	-41.0	55.3319674099	0.00589875830337	-0.00271288282238	0.000152311200509
6.59019273481	-41.0	55.6383960864	0.00568729639053	-0.00267630838789	0.00041060365038
7.05980380683	-41.0	55.5130263805	0.00603742292151	-0.00265920720994	0.000314961129334
8.51776925521	-41.0	57.1733290714	0.00713643431664	-0.00218232953921	0.00176189502236
8.75623939526	-41.0	57.4174307429	0.00731214834377	-0.00211186334491	0.00196847203188
7.79076455890	-41.0	58.3604023895	0.00657689711079	-0.00195477926172	0.00278658699244
8.17204909888	-41.0	58.4446572452	0.00686113210395	-0.00190847855993	0.00285150716081
8.26587296754	-41.0	58.2390353457	0.00693589448929	-0.00195110135246	0.00267447787337
7.97588198461	-41.0	58.5575418972	0.00671101734042	-0.00189462001435	0.00295170396566
7.48571011125	-41.0	57.4538896324	0.00636536348611	-0.00219203485176	0.00200821529143
7.17963912664	-41.0	57.2580151224	0.00613833265379	-0.00226327730343	0.00183901563287
6.97202417397	-41.0	57.5834149238	0.00597780989483	-0.00220610550605	0.00212452863343
7.32350824544	-41.0	57.3205053266	0.00624548830092	-0.00223641423509	0.00189307995606
9.99170674280	-41.0	56.6404467951	0.00822524540126	-0.00222622579895	0.00130451889709
10.2454897047	-41.0	56.2344503585	0.00840787775815	-0.00230728671886	0.000963352969848
10.2299317814	-41.0	56.8333058209	0.00840258505195	-0.00217308988795	0.00146439019591
10.4787786850	-41.0	56.4721717337	0.0085830129683	-0.0022453032434	0.0011605679756
3.57752628607	-41.0	45.9164579079	0.00272422842681	-0.00463494611904	-0.00727115571499
3.79068175870	-41.0	46.2327265912	0.00289772753604	-0.00456550577655	-0.00704119447619
3.99011604241	-41.0	46.1825470152	0.00305020157248	-0.00457021454349	-0.00706205330789
4.07730598933	-41.0	46.0029954233	0.0031116080936	-0.0046040485613	-0.00717867724597
-11.1424602410	-41.0	58.0880592935	-0.00934666208923	-0.00191081943922	0.00244373921305
-11.3627520597	-41.0	58.4752735649	-0.00951538514346	-0.00181818951387	0.00274675898254
-11.2106066662	-41.0	58.6709289202	-0.00940641015768	-0.0017802164657	0.00291249342263
-10.9721788950	-41.0	58.7189116337	-0.00923114269972	-0.00177737965714	0.00296286749654
-0.40135507202	-41.0	62.8285930389	-0.000539547530934	-0.00116736907512	0.00683109322563
0.0713739170207	-41.0	62.6543341389	-0.000113940062874	-0.0012244542595	0.00669660093263
-0.183089815773	-41.0	62.9234638819	-0.000342768500559	-0.00113581295591	0.00690496340394
-0.0828809388195	-41.0	62.4957502916	-0.000253669219092	-0.0012792153284	0.00657418882474
-8.32215185404	-41.0	60.7020676717	-0.00723794335499	-0.00142109382432	0.00471966527402
-8.25746916831	-41.0	60.2767763008	-0.00719900149852	-0.00152625900228	0.00437018275261
-8.67503704787	-41.0	60.6092065171	-0.00750859687105	-0.00142832356505	0.00462482962757
8.10826407310	-41.0	46.9847277266	0.00620738277212	-0.00432793330401	-0.00639712810516
8.47399583304	-41.0	47.3411185843	0.00651864381507	-0.0042532030493	-0.00613920716569
7.34939152689	-41.0	47.3614875081	0.00568515108898	-0.0042585413903	-0.00611897837371
7.52205460733	-41.0	47.7506379259	0.0058533125557	-0.00417772401124	-0.00583793176338
7.28823841220	-41.0	47.8007943539	0.0056827282533	-0.00417126063257	-0.0058038183488
7.16043683699	-41.0	47.5856801708	0.00556582491845	-0.00421653641388	-0.00595942186192
2.54722067028	-41.0	52.3241208905	0.00219703069888	-0.00363200600259	-0.00271968613379
2.58378443053	-41.0	52.6173972509	0.00225040782243	-0.00359835708514	-0.0024815115612
2.15667324597	-41.0	52.6531843920	0.00186746590771	-0.00363031774759	-0.00248738820665
2.10006464961	-41.0	52.3897471214	0.00179882277735	-0.00365870422684	-0.00270247249864
2.50439089833	-41.0	57.7477738854	0.00238119927235	-0.00283895293251	0.00236105220392
1.97499234521	-41.0	57.7379469584	0.00188702670857	-0.00295140757225	0.00236960523762
2.14081419461	-41.0	57.5730896109	0.00205237627961	-0.00296867568977	0.00219628121704
2.31817310187	-41.0	57.9763341677	0.00219854246825	-0.00280473986641	0.00259594386443
4.85867421844	-41.0	59.3049564763	0.00427194824442	-0.00199290085584	0.00370221817866
4.83021369048	-41.0	59.0989848499	0.00426199287176	-0.00205441121943	0.00352136604488
6.34465679583	-41.0	49.7448299756	0.00513213686645	-0.00381586002186	-0.00441465014592
5.99591334541	-41.0	49.5161874777	0.00484176492319	-0.00387161993422	-0.00460316799581
5.91113525585	-41.0	49.8085562498	0.00479910615832	-0.00382047519088	-0.00439134566113
6.24079880942	-41.0	49.9457511230	0.00506783183664	-0.00378197198734	-0.00426996545866
5.91805421955	-41.0	49.6696877433	0.00479329843074	-0.00384593661875	-0.00449405889958
6.29954351021	-41.0	48.4654235842	0.00498995091766	-0.00406201183796	-0.00535276113078
6.77790092919	-41.0	48.5530688149	0.00536482548341	-0.00403237901628	-0.00527206249535
6.69694058484	-41.0	48.7830129170	0.00532293599099	-0.00398946227506	-0.00510776415467
6.27034956154	-41.0	48.7255258411	0.00498952530324	-0.00401264801621	-0.00516679743305
3.83541802582	-41.0	51.3916346531	0.00324151222594	-0.00366065348499	-0.00334317679517
3.41464986346	-41.0	51.7152318993	0.00290945451707	-0.00364266568795	-0.0031269446481
3.45541051269	-41.0	51.3215738376	0.00291556678712	-0.00369476969354	-0.00342812552117
3.34082302235	-41.0	51.4536553990	0.00282739498653	-0.00368342781439	-0.00333580560982
4.27969980969	-41.0	51.3905292494	0.00361122773029	-0.0036323829554	-0.00330759142525
4.26058305325	-41.0	51.0870322408	0.00357238319702	-0.00368108367547	-0.003543126164
9.22905702478	-41.0	52.7094837386	0.00753177935258	-0.00311320391484	-0.0019676941447
9.42091700334	-41.0	52.4733786909	0.00765976402909	-0.00315634650178	-0.00215451861732
9.57227924981	-41.0	52.9933793496	0.00780137209222	-0.00304066785611	-0.00172858219594
-5.04095584881	-41.0	48.8785675398	-0.0044279252179	-0.00410315347835	-0.00519982352853
-4.79150692390	-41.0	48.9001946025	-0.00422776862979	-0.00410463940352	-0.00519897183403
-4.79312075280	-41.0	49.3260135355	-0.0042553213425	-0.00402388209477	-0.0048819235526
4.68196285228	-41.0	50.8146039348	0.00389690999873	-0.00370117207058	-0.00371835706756
4.64364054768	-41.0	50.5388921233	0.00384470378049	-0.00374912121333	-0.00393011141568
5.11439352879	-41.0	50.5768178469	0.00422795303166	-0.00371867860667	-0.00386691233143
5.06763503094	-41.0	50.8975946720	0.00421531638131	-0.00366608821787	-0.00362590723671
5.95584233293	-41.0	53.4624721444	0.00510714622214	-0.00315893697552	-0.00149799266364
5.98885333849	-41.0	53.2236864980	0.00511753978208	-0.0031993847806	-0.00169571267907
6.40869317167	-41.0	53.6200417335	0.00546595221385	-0.0030920074787	-0.00133698002901
6.43922044474	-41.0	53.3428943274	0.00547290313989	-0.00314174033701	-0.00156739051454
5.99904348282	-41.0	53.6793948295	0.00515392050147	-0.00311563373543	-0.00131219404284
6.11843737165	-41.0	54.8098354249	0.00530324643478	-0.00289115542546	-0.000333469128236
6.49597797522	-41.0	54.4775066732	0.00557682802901	-0.00292002898641	-0.000602548883762
6.49008423953	-41.0	54.7059531736	0.00558209978044	-0.00287560862489	-0.000405876606237
6.10247154411	-41.0	54.5404933988	0.0052793212235	-0.00294477120042	-0.000568430463318
3.76171977149	-41.0	62.2208688893	0.00316144223325	-0.00121895491611	0.00621722638607
3.96553604483	-41.0	62.4546436759	0.00331914937124	-0.00113626790699	0.00639266008511
7.08580826198	-41.0	62.5291505391	0.0058482568711	-0.000945370935369	0.00629414618015
6.64786725187	-41.0	62.8324007232	0.0054853358306	-0.000886097142939	0.00655783014372
6.85395090411	-41.0	63.0259710434	0.00563897984102	-0.000825905182865	0.00670418236405
7.07569950318	-41.0	62.9429091063	0.005818949081	-0.00083806598559	0.00662803510204
6.08546244759	-41.0	62.1306308255	0.0050758975558	-0.00110261631198	0.00601755827665
5.91313272542	-41.0	61.8974160524	0.0049517378211	-0.00117618648801	0.00583640579134
6.35004618223	-41.0	61.7711743602	0.00530771212652	-0.00118406210095	0.00571162998676
0.926941529071	-41.0	60.9683064255	0.000702598772477	-0.00181553489529	0.00535212364048
1.16789745772	-41.0	60.6215831994	0.000943529012147	-0.00193825270981	0.0050596143119
1.21301565988	-41.0	60.8181871209	0.000977525254712	-0.00185961287934	0.00521953171119
0.88416524908	-41.0	60.7745868363	0.000668538734317	-0.00189241336193	0.00519556831568
0.975132631094	-41.0	60.6471325836	0.000759482558351	-0.0019383574836	0.00508792931214
1.12356600196	-41.0	60.9471009831	0.000888277310878	-0.00181485374924	0.00532821100205
1.54149261955	-41.0	66.9546925322	0.00114068388939	6.00802377448e-05	0.00995418988168
1.90389465150	-41.0	67.4377330201	0.00144466385245	0.000192005143617	0.0103141339496
1.67559340503	-41.0	67.4420148173	0.00125329592265	0.000188836202142	0.0103225214407
1.84100370064	-41.0	66.9703322459	0.00139255309477	6.96546121617e-05	0.00995944906026
-3.12851198655	-41.0	55.2699580647	-0.00325962994248	-0.00326212635264	-0.000105154824269
-2.82562096362	-41.0	55.2849203523	-0.00299640907906	-0.00331426388584	-0.00011147512123
-2.83900871488	-41.0	54.7759588601	-0.00297819613479	-0.00337505689822	-0.000594377401285
-3.08279739791	-41.0	54.8166767336	-0.00319424085319	-0.00333115365356	-0.000536903156899
0.0038762345871	-41.0	47.0200637376	-0.000160880706972	-0.00448849564418	-0.00666675809771
0.378858327538	-41.0	46.7231360259	0.000153394139488	-0.00454082107171	-0.00686382316053
-0.175319169633	-41.0	46.7976614811	-0.000307522510411	-0.00453264871612	-0.0068220118992
0.155119885098	-41.0	46.5406778319	-3.03027009068e-05	-0.00457894895226	-0.00699324766174
-8.41073981499	-41.0	57.8193466893	-0.00734763639048	-0.0020970213227	0.00229895953089
-8.13500057892	-41.0	57.7399726712	-0.00714579597116	-0.00213278178126	0.00223621563055
-8.30806779488	-41.0	58.2192517786	-0.00727015174925	-0.00201076036319	0.00263995002024
-8.01424033874	-41.0	58.1906063711	-0.00705374730751	-0.00203605601564	0.00262255966663
-7.31239036538	-41.0	57.4469844083	-0.00654233573005	-0.00226032314822	0.00199458724819
-7.16239654511	-41.0	57.8531381410	-0.00642723450437	-0.00217775139026	0.00234913872555
-7.06756601511	-41.0	57.2822505406	-0.00636250572279	-0.00231867819093	0.00185292330571
6.72417300298	-41.0	66.1755166618	0.00540787447244	-5.01069735037e-06	0.00919128581882
6.30406555668	-41.0	66.4178801426	0.00506629934534	4.65999873995e-05	0.00939244963229
6.40859743842	-41.0	65.2409891177	0.00518430070952	-0.000259621825535	0.00847351644188
5.83195131737	-41.0	65.0038977020	0.0047290767543	-0.000341583334375	0.0083099026233
5.89653305643	-41.0	65.2924910034	0.00477085262537	-0.000262658140855	0.00853239558637
-1.60915364017	-41.0	45.1904839157	-0.00144720356911	-0.00486938748509	-0.00793246738613
-1.84482554876	-41.0	45.0488975739	-0.00163369637448	-0.00490108365193	-0.00802967511117
-1.56441718302	-41.0	44.7892451471	-0.00139708304778	-0.0049555725418	-0.00820882525295
2.21449777516	-41.0	60.9701470558	0.00189249415416	-0.00173686991911	0.0052941525355
2.61864948726	-41.0	60.7756787340	0.00226778443903	-0.00177218089812	0.00510880118236
2.45197629665	-41.0	60.5329489871	0.00213589915074	-0.00187265209388	0.00491637596861
11.4162846502	-41.0	53.4074388012	0.00918060354888	-0.00290155922994	-0.00137398694642
11.7945540705	-41.0	53.2477753460	0.00945183169097	-0.00293068075553	-0.00150578899775
11.8824972896	-41.0	53.6623412501	0.00953627936542	-0.00283681438304	-0.00116826524027
11.8711631493	-41.0	53.4500278169	0.00951813347638	-0.00288439542055	-0.0013414764544
11.4537089765	-41.0	53.6799105742	0.00922079291195	-0.00284038833342	-0.00115153193474
-10.9471442763	-41.0	54.8042160409	-0.00914780329913	-0.00265169283375	-0.000200138703804
-10.9548129868	-41.0	54.5837120053	-0.0091500505805	-0.00270119449124	-0.000377018761355
-2.33710252891	-41.0	52.4940258157	-0.00237042549998	-0.00365611235611	-0.00261640409008
-2.78661272159	-41.0	52.0865436010	-0.00274390331469	-0.0036718940828	-0.00290848035365
-2.29963507276	-41.0	52.2820505100	-0.00232356111519	-0.00368019053712	-0.00278904195875
-5.59712159822	-41.0	47.6385666855	-0.00479617714882	-0.00434287870303	-0.00608376367018
-5.33182498057	-41.0	47.9808340062	-0.00460593029857	-0.0042761717923	-0.00584629736841
-5.39186041208	-41.0	47.5613622081	-0.00462815957144	-0.00436160154641	-0.00615070993081
-5.14106639862	-41.0	47.7592180824	-0.00443986710161	-0.00432421406731	-0.0060187485069
3.24119527649	-41.0	49.4004335937	0.00261005922221	-0.00399977574125	-0.00486819911748
2.91994255116	-41.0	49.3128199785	0.00233653164469	-0.00402587326244	-0.00495192781091
2.81712873447	-41.0	49.8082582764	0.00227640825324	-0.00395055767149	-0.00460166297853
3.23478310708	-41.0	49.7938579090	0.00262797134928	-0.00393616594374	-0.00458417786285
4.31384958885	-41.0	50.0938698847	0.00354253267869	-0.00383968837559	-0.00428691180423
4.07308750622	-41.0	49.5776666713	0.00330886268057	-0.00393722672015	-0.00468282587826
4.48574362340	-41.0	49.6939186705	0.00365347089246	-0.00390007044189	-0.00456906110048
4.29160512979	-41.0	49.6046014374	0.00348922121339	-0.00392358936369	-0.00464789755642
4.06482082249	-41.0	49.9703326257	0.00332936597988	-0.00387166556902	-0.0043962225318
5.25743808602	-41.0	49.8664366604	0.00428704265505	-0.00383685831912	-0.00438927905634
5.55859962869	-41.0	49.9608682628	0.00453360704705	-0.00380706880242	-0.00429954053834
5.44080954630	-41.0	49.8746204919	0.00443346658722	-0.00382762216032	-0.00437124120072
5.36148051553	-41.0	50.2531330143	0.00440019508824	-0.00376341911033	-0.00409384723753
-1.96075738580	-41.0	44.1550533677	-0.00169379485305	-0.00509842904285	-0.00864777714014
-2.36911228411	-41.0	44.1073117674	-0.00201993482187	-0.00511185545474	-0.00868106354028
-2.08150560488	-41.0	43.9326636666	-0.00178211065941	-0.00514939473942	-0.00880243256688
-2.28096691938	-41.0	44.2652470329	-0.00195562583394	-0.00507582630962	-0.00857131741941
-2.26864537434	-41.0	43.9597773863	-0.00193327816669	-0.00514455186203	-0.00878384895623
2.72135384291	-41.0	67.4508381378	0.00212714052759	0.000212730563362	0.0103029431775
3.14827175648	-41.0	67.3726727835	0.00248200632632	0.000202982657356	0.0102306520566
10.7311636935	-41.0	60.3408626269	0.00874267984182	-0.0013460466871	0.00437099812552
10.6197470094	-41.0	60.5929376452	0.00865215156227	-0.00128976884298	0.00458181696013
10.3226247343	-41.0	60.2116841062	0.00843594409525	-0.0013881631894	0.00427689356729
10.2306862140	-41.0	60.4633515131	0.00835981220007	-0.00133154308423	0.00448726583272
-9.99448718082	-41.0	55.3869024389	-0.00847047567368	-0.00256074336357	0.000261507550022
-10.4829352674	-41.0	55.0884984202	-0.00881732814014	-0.00260654999875	2.34118633671e-05
-10.5048279721	-41.0	55.3311046172	-0.00883685238659	-0.00255149020813	0.000220511414227
-9.94012214621	-41.0	55.2078895613	-0.00842854008079	-0.00260283029638	0.000114104237582
-10.3454993371	-41.0	55.4623295163	-0.00872416235507	-0.00252888491377	0.000326102424879
-2.60174674927	-41.0	66.3687821611	-0.00237647327594	-0.00011982217984	0.00951051991433
-2.64979857409	-41.0	66.0731779204	-0.0024242978543	-0.0001971112506	0.00928255636245
-2.2398572845	-41.0	65.9974939519	-0.00207884865813	-0.000219465247937	0.00923300627619
-1.31078219236	-41.0	48.0731194945	-0.00128731958102	-0.00430237036198	-0.00593754788861
-1.47075958604	-41.0	47.8606257147	-0.00141681253444	-0.00434024725109	-0.00608422001824
-1.15589745855	-41.0	47.5693542604	-0.00114338181447	-0.00439330330119	-0.00629109377041
-1.00861062229	-41.0	47.7486985218	-0.00102340639569	-0.00436026277021	-0.00616719620302
-2.97163087530	-41.0	55.5264351992	-0.00313617871143	-0.00325312442146	0.000132170840516
-3.53560574701	-41.0	55.5055188049	-0.00361570110545	-0.00315413763747	0.000145826066728
-3.40988337375	-41.0	55.7870100104	-0.0035209688358	-0.00312876561657	0.000409648229834
-2.76749264451	-41.0	56.6098218441	-0.00298417755403	-0.00309981475584	0.00120452383999
-2.66557650580	-41.0	56.8056244978	-0.00289345975034	-0.00307801901363	0.001402480877
11.1400987763	-41.0	51.1377961797	0.00884166453034	-0.00340803922154	-0.00320668914355
10.7897998538	-41.0	50.8646149920	0.00856292061508	-0.00347260339186	-0.00342458626255
10.9276151928	-41.0	50.6698018133	0.00865018833429	-0.00351386750117	-0.00357913947664
8.40762207708	-41.0	50.9233973708	0.00679889740422	-0.00351226795465	-0.00342109613121
8.85078497812	-41.0	51.1409241473	0.00714649958536	-0.00345380418003	-0.00323597691022
8.90736007302	-41.0	50.9552891885	0.00717471539974	-0.00349078467116	-0.00338082155213
-0.605685446762	-41.0	55.6458122188	-0.00083229545271	-0.00362853612751	0.000138892777613
-0.368325374203	-41.0	56.0075152653	-0.000578609411605	-0.00360834551975	0.00052021240117
-0.243993054335	-41.0	55.7955076220	-0.000441149284597	-0.00363588565961	0.000292066630209
-0.661682190648	-41.0	55.8733978163	-0.000896425568499	-0.00360252754763	0.000380585115636
-1.05700586948	-41.0	58.2534355050	-0.00129303743597	-0.00292953453027	0.00292690098286
-1.50757394035	-41.0	58.4206447088	-0.00174074457027	-0.00280503183603	0.00307440222241
-0.955212600226	-41.0	58.4612162906	-0.00117986579426	-0.00285729882307	0.00313733122312
-1.25224073736	-41.0	58.6741157098	-0.00147282809485	-0.00273807207122	0.00333290407434
-1.44479369671	-41.0	58.6274280485	-0.00166724156588	-0.0027328717988	0.00327887944877
-11.0651228950	-41.0	50.8564547404	-0.00913524534553	-0.00355225009844	-0.00334330601618
-10.7409935859	-41.0	50.7248609866	-0.00889119319618	-0.00358678190969	-0.00345870992169
-10.8474827691	-41.0	50.9319048768	-0.00897770747542	-0.00353777734563	-0.00329132704064
-10.9126616742	-41.0	50.6280564699	-0.00901410356164	-0.00360683095641	-0.00352890300564
-11.0404484791	-41.0	50.6850594636	-0.00911060161889	-0.0035921507515	-0.0034795163665
4.17579952378	-41.0	59.0557101511	0.00373362819664	-0.00215169764124	0.00351553433575
4.45430737605	-41.0	58.9478755413	0.00396821694449	-0.00214549596421	0.00340441521257
1.87355496999	-41.0	63.6115702858	0.00146992935333	-0.000877740851138	0.00739621231332
2.34007065327	-41.0	63.4101637759	0.00188167311717	-0.000923995452467	0.00722347805277
7.92377976932	-41.0	48.9963388284	0.00627330085263	-0.00391776813194	-0.00491368118674
7.75318030501	-41.0	49.4976548917	0.00618918100372	-0.00382014759816	-0.00454120291397
10.8200748241	-41.0	59.2707010403	0.00882980041206	-0.00159341911785	0.00348481000401
10.9625140434	-41.0	59.0870547645	0.0089393267408	-0.00163195421919	0.00332903210074
11.2443228779	-41.0	59.3469623181	0.00914809480309	-0.00156439444982	0.00353644159622
11.1210353601	-41.0	59.5497957633	0.00905236788094	-0.00152046908624	0.00370734534226
10.2351183983	-41.0	59.7879780820	0.00837968476117	-0.00149074441288	0.0039291176945
10.4505192667	-41.0	59.3868389954	0.0085500087589	-0.00157766975462	0.00359077425674
10.1024253563	-41.0	59.5996171859	0.00828380789608	-0.00153959786985	0.00377662386745
8.01580221146	-41.0	48.4901334286	0.00629531219602	-0.00401962501928	-0.00528962956741
8.18442514748	-41.0	48.6499273067	0.00643682014197	-0.0039840885438	-0.00516801234335
-8.15758201950	-41.0	64.7012673930	-0.00700193177909	-0.0004656399542	0.00797280948609
-7.88167051041	-41.0	65.0827712969	-0.00677147274837	-0.000378959899535	0.00829186011106
-8.03269321002	-41.0	65.2371046210	-0.0068893567659	-0.000340539350873	0.0084066586569
8.74400066998	-41.0	55.7550521723	0.00729347486049	-0.00248562195338	0.000555107428227
9.16990153110	-41.0	55.8984546723	0.00761018646881	-0.00243057007901	0.0006801073323
9.12201969065	-41.0	56.1587768668	0.00757869379595	-0.00237537175417	0.000899754639249
8.68742657150	-41.0	53.9171944270	0.00719317235053	-0.00288289645687	-0.000990210101008
9.19693462754	-41.0	53.7640274530	0.00756291113794	-0.00289130094461	-0.00110426032916
9.13866553029	-41.0	54.0162681517	0.00753104547039	-0.00284018577076	-0.000896823767107
8.40731183205	-41.0	55.3204672972	0.00703529268503	-0.002600396052	0.000181580107892
8.31917409164	-41.0	55.5831245977	0.00697613554075	-0.002549179364	0.000403229234507
3.09583010591	-41.0	64.3874309633	0.00249303109013	-0.000608072790783	0.00794707611203
3.24012213704	-41.0	64.1548851964	0.00262326141819	-0.000669916858897	0.00776160089299
3.56090924596	-41.0	64.3743868598	0.00288516585715	-0.000595629680902	0.00791739858687
1.24413085294	-41.0	57.9260601311	0.00115247198846	-0.00301889772527	0.00258748512715
1.40040032541	-41.0	58.4657780411	0.00128515297547	-0.00279078166932	0.00312318699434
1.10747553211	-41.0	58.3887795565	0.000992436078377	-0.00286081619561	0.00305990246125
1.52222513309	-41.0	57.9675194706	0.00143263617065	-0.00295866257511	0.00262020388618
5.30711227003	-41.0	55.4871406467	0.00470309192315	-0.00285221938975	0.000228284116019
5.75182811488	-41.0	55.3975234817	0.00504352338612	-0.00281533924863	0.000167415229953
5.72743866775	-41.0	55.1397275356	0.00501616718248	-0.00286894664168	-6.26133114565e-05
3.96303517861	-41.0	55.1039419984	0.00361667526886	-0.00311708799563	-0.000196987297386
4.42902750863	-41.0	55.3167243025	0.00400490267202	-0.00300784432329	2.82853707176e-05
4.42547233993	-41.0	55.0186988700	0.00398857006803	-0.00306042283773	-0.000244498602115
1.79832839314	-41.0	55.1035007025	0.00169314991217	-0.00349991279654	-0.00035391523852
1.81127574802	-41.0	55.3442506416	0.00171845580917	-0.00347708282061	-0.000115433445899
2.23776802731	-41.0	55.3545288111	0.002126412699	-0.00339561025612	-7.79611800681e-05
1.30695464172	-41.0	53.3634994629	0.00111322442535	-0.00364909903146	-0.0019638966769
1.77699738089	-41.0	53.3153481073	0.001558896387	-0.00361202959903	-0.00197229883634
1.77344221218	-41.0	53.0173226747	0.00153689191211	-0.00363231822848	-0.00221999548376
0.920243631737	-41.0	54.9330843583	0.000799762550741	-0.00363299646415	-0.000570884847548
0.482978835391	-41.0	54.9968889025	0.000341866922099	-0.00366712640971	-0.000523314112797
0.505493388018	-41.0	55.2675146166	0.000371159549104	-0.00365597126074	-0.000252337398706
0.909341936527	-41.0	56.4111924923	0.000824137649033	-0.00349253579043	0.000966671505012
1.40590591377	-41.0	56.6547881466	0.00134644086938	-0.0033631392289	0.00123637367506
0.953884784296	-41.0	56.7010499396	0.000872746342793	-0.00342839863151	0.00128286459949
3.13500896313	-41.0	56.9982650977	0.00296329543926	-0.00290872668847	0.00160051696002
3.13646479753	-41.0	57.2177327850	0.00295970146544	-0.00285375746898	0.00181826250628
-0.424512251806	-41.0	52.4080322992	-0.000582466018386	-0.00374520942569	-0.00277634430677
-0.428067420514	-41.0	52.1100068666	-0.00058177835308	-0.00376587128267	-0.0030084643513
0.0668784800748	-41.0	52.0923083969	-0.00011323470244	-0.00376744265668	-0.00302365189418
-0.0196854815796	-41.0	52.4612299010	-0.000194931009901	-0.00374325877056	-0.00273693865165
0.118996409083	-41.0	52.3136044148	-6.26267719781e-05	-0.00375153450295	-0.00285170436837
0.0421588703363	-41.0	54.7626680141	-0.000129128049593	-0.00368649535812	-0.000757756642997
0.0386037016281	-41.0	54.4646425816	-0.000133719673613	-0.00368967209943	-0.00103952235077
-0.392176952948	-41.0	54.7780941309	-0.00058889464708	-0.00367952045053	-0.000739686191082
-0.36848218034	-41.0	54.5531927986	-0.000560253334697	-0.00368374190293	-0.000953964423388
2.25059528877	-41.0	53.5652221842	0.00201730616391	-0.00354587030597	-0.00172215898056
2.68786008511	-41.0	53.5014176400	0.00240955851041	-0.00350134447217	-0.00173817097675
2.25415045748	-41.0	53.8632476167	0.00204232428223	-0.00352252391167	-0.00146370916627
2.64115511916	-41.0	53.9124516769	0.00239897193387	-0.00346836075187	-0.00138623663224
2.77273580900	-41.0	53.7315999519	0.00250307144597	-0.00346876611002	-0.0015323049156
4.86984747369	-41.0	55.5509451909	0.00436348980293	-0.00289933430031	0.000266071001533
4.86236075266	-41.0	55.8722304496	0.00436633033678	-0.00283759296872	0.000560518761631
0.848648248668	-41.0	53.7367594900	0.00068032409763	-0.00366777204908	-0.00167071749456
0.924764572179	-41.0	53.3478708519	0.000740719260648	-0.00367533997633	-0.00199737935327
0.78836929019	-41.0	53.4951471277	0.000611732481048	-0.00367792649195	-0.00187961722258
3.50882322336	-41.0	55.1976896760	0.00324333528988	-0.00317834271118	-0.000140614487464
3.48382486813	-41.0	54.9115534072	0.00320608029142	-0.00322465179488	-0.0004095180484
1.35750842808	-41.0	54.8692798141	0.0012441680301	-0.00358276884072	-0.000609699636698
1.35395325938	-41.0	54.5712543816	0.00122498720884	-0.0035967186559	-0.000892949814443
9.55887207996	-41.0	48.2646385679	0.00742264650762	-0.00405175704509	-0.00545142171904
9.40165549310	-41.0	48.4082324481	0.00732026807964	-0.00402167765424	-0.00534177524969
5.89434750931	-41.0	56.5001436970	0.00517112063244	-0.0025674358476	0.00115957576782
6.17030479596	-41.0	56.8000497874	0.00538083398715	-0.0024685699027	0.00143181171734
6.08818159701	-41.0	56.3033109457	0.00531753199175	-0.00258784787729	0.000986670609564
6.33152090696	-41.0	56.6219721104	0.00550330337137	-0.00249078008346	0.00127468805294
3.61028337129	-41.0	60.6279306454	0.00314257037826	-0.0017291624099	0.00492036994547
3.64286319029	-41.0	60.3712817321	0.00318976747803	-0.0018081991002	0.00470081856474
4.06798768212	-41.0	60.4423910482	0.00354314013384	-0.00174246064853	0.00473379297182
4.02374353947	-41.0	60.6654078191	0.00348951900378	-0.00167783466168	0.00492526218295
4.33216134312	-41.0	64.1511502037	0.00353734381497	-0.000629308342468	0.0077095781453
4.06458112339	-41.0	64.4937149282	0.00330125796609	-0.000543867005035	0.00798772834241
3.93704054126	-41.0	64.3181513140	0.00320191029459	-0.000597726320848	0.00785730592906
-1.39815130401	-41.0	49.9508957279	-0.0014151945943	-0.00399750471115	-0.00459769973531
-1.04653963596	-41.0	49.5953895686	-0.00109712593257	-0.00405292958021	-0.00486220372841
-1.13605360295	-41.0	49.9857345288	-0.00118523160927	-0.00399526022375	-0.0045788991265
-0.70017264305	-41.0	49.1678148602	-0.000786394404713	-0.00411934731528	-0.00517158722505
-0.892849307201	-41.0	49.2533930828	-0.000955633702688	-0.00410582544282	-0.0051089823246
-0.99842060153	-41.0	48.9075522197	-0.00104008091148	-0.00416074879467	-0.00535342423245
-1.58064646751	-41.0	48.1087416694	-0.00151720095892	-0.004295501858	-0.00590828759596
-1.53699675187	-41.0	48.5676108081	-0.00149401044473	-0.00421562371776	-0.00558535661548
-1.26473202255	-41.0	48.5269863800	-0.0012600235641	-0.00422355532646	-0.00561890657991
-0.182187524862	-41.0	44.9955689794	-0.000281368294964	-0.00489882240072	-0.00805435609072
-0.1289419249	-41.0	44.7477316600	-0.000232829188462	-0.00495145935565	-0.00822253525257
0.235558497368	-41.0	45.0651726535	5.6158467487e-05	-0.00487898848951	-0.00799850001931
0.393146114221	-41.0	58.7334074714	0.000238673485001	-0.00277824676596	0.00341713381931
0.605079021356	-41.0	58.5417033247	0.000465381192043	-0.00284776650369	0.0032266639173
0.0639248149184	-41.0	58.5037987595	-0.000106200532173	-0.00288712256588	0.00319665460847
0.24315723937	-41.0	58.3117620492	8.65609690663e-05	-0.00296404981054	0.00300415139645
-2.46161780915	-41.0	61.8736091518	-0.0024164498318	-0.00143585458864	0.00602237228304
-2.81637205774	-41.0	61.8970156625	-0.00272677582689	-0.00141032284591	0.00602287566289
-2.56344832689	-41.0	62.1176222200	-0.00249343668111	-0.00135126966052	0.00621262332425
-2.70477363652	-41.0	61.6222712845	-0.00264463177882	-0.00150604208466	0.00580700393766
-2.47988553688	-41.0	60.3304587570	-0.0025268716272	-0.00196583336219	0.00474923942238
-2.84460414556	-41.0	60.0875701134	-0.00286912312731	-0.00201573129743	0.00451667420566
-2.64799378266	-41.0	60.5651307094	-0.00266110757366	-0.00186851166654	0.00493744155392
-2.99197554371	-41.0	60.3126536533	-0.00298240338452	-0.00192408380099	0.00470047956333
-3.63972753131	-41.0	61.9867350076	-0.00343138095923	-0.00133756280411	0.00604918599129
-3.51968267167	-41.0	61.7574387643	-0.00334269343875	-0.00141498842277	0.00587003212422
-3.20410329809	-41.0	61.9331879237	-0.00306126987562	-0.00137810327578	0.00603077514097
-3.33368963955	-41.0	62.1825081528	-0.00315856328234	-0.00129369099159	0.00622441945598
-1.65256438369	-41.0	61.8521152051	-0.00169421709143	-0.00147785479203	0.00604086276144
-2.08158888162	-41.0	61.8427587864	-0.00208034995012	-0.00146385002881	0.00601569190621
-1.81014848431	-41.0	62.0416317946	-0.0018283467507	-0.00140735972673	0.00618533138186
-1.96999046040	-41.0	61.5680144085	-0.00199357699603	-0.00156309898011	0.00580043485388
-4.77240498333	-41.0	54.3953673739	-0.00456460146233	-0.00316007062793	-0.000789583369624
-5.2040372257	-41.0	54.0879841012	-0.00488815689459	-0.00316612888128	-0.00102794507984
6.81308776472	-41.0	65.6856234042	0.00549279153347	-0.000130647924379	0.00880691688508
10.5879204220	-41.0	58.5540848295	0.00866471137851	-0.00176660239231	0.00289563066326
10.8261705951	-41.0	58.5906573158	0.00884246546775	-0.00175064662471	0.00292069278657
10.6145505568	-41.0	58.1316154735	0.00868795346469	-0.00186306843534	0.00254336046055
10.8327436777	-41.0	58.0857083831	0.00885075330734	-0.00186660641339	0.00250085629523
5.62178966069	-41.0	52.8209520418	0.00480300700292	-0.00330046843737	-0.0020554875955
5.61714961649	-41.0	52.5893706368	0.00478275865316	-0.00334105454385	-0.00224575563334
-2.98008106145	-41.0	67.6235453295	-0.00266712834127	0.000199854606763	0.0104682762176
-3.16962724920	-41.0	67.1366316444	-0.00283652730286	7.88022443885e-05	0.010089055635
-2.93038697955	-41.0	67.1785556659	-0.00263476604596	8.87072746991e-05	0.0101263346151
-3.25642681690	-41.0	67.3793194490	-0.00290391384624	0.000139669471537	0.0102743757889
0.382767886334	-41.0	45.7878933378	0.000165276709595	-0.00472647231072	-0.00750273978338
0.679875498598	-41.0	45.4506445609	0.00041116977809	-0.00479184370488	-0.00772480852902
0.453791691234	-41.0	45.4243156692	0.000227794938837	-0.00480053015053	-0.00774871837348
7.20242210823	-41.0	50.4709888064	0.00585202081129	-0.00364465289749	-0.00382142933086
7.51374529643	-41.0	49.9849056875	0.00604929355904	-0.00372952246107	-0.00418001692742
7.22677371501	-41.0	49.9944117455	0.00583164487034	-0.00373686989769	-0.00418455107138
7.79878800039	-41.0	60.8874069374	0.00648741191253	-0.00133085984271	0.00492008402944
7.29101257706	-41.0	60.6953448700	0.00610428117216	-0.00140892737545	0.00478050392121
7.79426601062	-41.0	60.7062937875	0.006492305547	-0.00137672619894	0.0047699091956
7.28008559137	-41.0	60.9028658102	0.00608535762876	-0.00135635060724	0.0049536046572
-0.317366013876	-41.0	43.8210146978	-0.000362151069567	-0.00515836849809	-0.00886044371873
0.129699264141	-41.0	43.8281554591	-3.89854221794e-06	-0.00515133002773	-0.00884557049721
-0.187510492856	-41.0	43.9952160783	-0.000262363057118	-0.00511773489416	-0.00873827468604
-0.271878733239	-41.0	47.0521876902	-0.000391515524825	-0.00448501110077	-0.00664799800143
-0.23109473701	-41.0	47.5086612486	-0.000363109254977	-0.0043997913599	-0.0063325711526
0.0821040458466	-41.0	47.4620681582	-9.91410634015e-05	-0.0044053918682	-0.00636101141572
7.93605233564	-41.0	53.9097763410	0.00663453713059	-0.00292638153769	-0.00102069065906
8.19316156525	-41.0	53.8139240808	0.00682156905532	-0.00293097947724	-0.00109144428279
8.12085827301	-41.0	53.3532307769	0.0067444415763	-0.00302969734184	-0.001476003672
7.71244889012	-41.0	53.5157725060	0.00644768727943	-0.00302019203082	-0.00135785143357
-10.5576311368	-41.0	53.9318130399	-0.00885177496821	-0.00286269024946	-0.000909550231881
-10.3150852398	-41.0	53.9739093604	-0.00867707468569	-0.00286193983629	-0.000882092455868
-10.6161212739	-41.0	54.3311581213	-0.0089012729004	-0.00277084531263	-0.000586612324696
-4.78899649200	-41.0	65.0397745693	-0.00425107916817	-0.00044142655679	0.00841007754207
-5.00809457350	-41.0	64.8530860057	-0.00443940982223	-0.000485674798256	0.00825401209295
-4.41857999471	-41.0	64.7298948569	-0.00395466806367	-0.00053007301176	0.0081839049235
-4.77386011027	-41.0	64.4613413961	-0.00426062336192	-0.00059344881447	0.00795735698193
-7.66150920061	-41.0	47.0765179448	-0.0063749155961	-0.00444380287081	-0.0064028990455
-7.82635246194	-41.0	47.4118249281	-0.00652257259935	-0.00436742557213	-0.00614418741316
-8.05440794698	-41.0	47.0812208646	-0.00667748041451	-0.00444039376453	-0.00638348562643
-7.62371444449	-41.0	47.3372413764	-0.00636193016544	-0.00438570510596	-0.00620909081772
-8.01788324410	-41.0	47.3256419288	-0.00666442792863	-0.00438536703587	-0.0062008947134
0.0964357887967	-41.0	63.8201458166	-9.24612249946e-05	-0.000847464078106	0.0075919306837
0.147014200493	-41.0	64.3551407431	-4.7904180974e-05	-0.000684149097651	0.00799955334514
0.305127974281	-41.0	64.1853193775	9.03362088138e-05	-0.000733749766368	0.0078689577058
-4.82881941431	-41.0	61.3475594011	-0.00446337508038	-0.00145313481335	0.00545255001634
-4.51810483153	-41.0	61.3607250150	-0.00420681107789	-0.00147030362859	0.00548277515918
-4.53227615689	-41.0	61.8382564704	-0.00418978510424	-0.00133042165544	0.00587497046217
11.8135698307	-41.0	58.2678082814	0.00958312116563	-0.00179948948789	0.00262990966439
11.9735992849	-41.0	57.7640563252	0.00970212463289	-0.00191118253861	0.002209759783
12.0240382389	-41.0	58.2701917154	0.0097409747541	-0.00179466523696	0.00262653524987
11.7147179724	-41.0	57.8769822021	0.00950896553695	-0.00189093721565	0.00230909185484
5.27764976019	-41.0	66.1269336529	0.00424610404298	-6.11693176324e-05	0.00920195970684
5.07108207725	-41.0	66.2936049347	0.00407467689365	-2.35808729485e-05	0.00933791790158
5.29232386172	-41.0	66.7127828379	0.00424616923556	9.33577830438e-05	0.00965322740376
0.775319715055	-41.0	63.1219913378	0.000513808336109	-0.00106008851435	0.00704896496609
0.48094808465	-41.0	62.7371940682	0.000255129794823	-0.00119194504805	0.00675697345287
0.640229914352	-41.0	62.6634977343	0.00039952780935	-0.00121399096679	0.0066975527443
0.831116207498	-41.0	62.6889491946	0.00057091366034	-0.0012015622342	0.00671363761649
0.574678977894	-41.0	63.0927847335	0.000335330492817	-0.00107307487633	0.00702984351665
-8.13714149610	-41.0	64.1568815124	-0.00699910102412	-0.00059540849179	0.0075387028046
-7.98414832486	-41.0	64.2972521270	-0.00687346700579	-0.000564594869502	0.00765960477293
5.73237029775	-41.0	51.4527333829	0.00478836987168	-0.00353206391446	-0.00314704887569
5.48788911512	-41.0	51.3803271691	0.00458906311542	-0.00355915701948	-0.00322133605368
5.70503095429	-41.0	51.0136170976	0.00473261019215	-0.00361142423935	-0.00349088315852
5.42636068057	-41.0	51.1634882379	0.00452321348712	-0.00360037363134	-0.0033946139738
3.40107242952	-41.0	60.4567121379	0.00297632953152	-0.00180540652946	0.00478937942535
3.29617956116	-41.0	60.9953106866	0.00284590083174	-0.00163907126989	0.00524789653718
3.12773239435	-41.0	60.7488711508	0.00271774968132	-0.00173540879041	0.00505360029638
-10.1809863400	-41.0	56.5087356127	-0.00862174946815	-0.00230235559866	0.00118236080743
-10.3682872330	-41.0	56.9061567319	-0.0087630962953	-0.00220515555702	0.00150567980018
-10.4118747311	-41.0	56.3900627408	-0.00878642406315	-0.00231881882064	0.00108316435944
-10.5941501596	-41.0	56.7905070660	-0.00892463419586	-0.00222138292156	0.00140742049553
-9.68571243403	-41.0	55.8148908083	-0.00825499743223	-0.00247968616895	0.000611455761828
-9.79048495669	-41.0	56.2263104906	-0.00833633355796	-0.00238317390904	0.000951716676354
-9.52687273623	-41.0	56.3468468476	-0.00814815051854	-0.0023687989451	0.00105194072239
12.2233310302	-41.0	56.8747467427	0.00988089479506	-0.00210849707946	0.00146957230754
12.0693271869	-41.0	57.2973332218	0.00977065134794	-0.00201548798941	0.00182192388456
11.8901201035	-41.0	57.0636975622	0.00963488314301	-0.00207215570845	0.00163254607469
-1.34933463572	-41.0	65.7782160130	-0.00132499146275	-0.000281325890683	0.0090785715729
-1.52622493280	-41.0	66.1146290093	-0.00146980467252	-0.000190144070075	0.00933325197548
-1.82872995569	-41.0	65.8340247475	-0.00173292669933	-0.000265092879999	0.00911500677466
-1.34394429979	-41.0	65.9561819599	-0.00131729245186	-0.000232927137404	0.00921429228038
-1.69114784189	-41.0	65.6712010617	-0.00161898520309	-0.000309837574605	0.0089926822111
-4.47494937559	-41.0	52.3357987794	-0.00419279932976	-0.00351990410127	-0.00256636273116
-4.95218360575	-41.0	52.3435159248	-0.00458061089739	-0.00348469382152	-0.00251973001286
3.02882748689	-41.0	57.9514127344	0.00283672753721	-0.00267165689729	0.00254163029604
2.84821383795	-41.0	57.5334591276	0.00269855000079	-0.00282965623774	0.00213689683005
2.81877900761	-41.0	58.0317573062	0.0026480499655	-0.00268801627681	0.00262856436893
2.59269923003	-41.0	57.9753885094	0.0024493241217	-0.00275015342049	0.00258321384899
-8.69123283211	-41.0	63.3156885304	-0.00745833432302	-0.000784588861279	0.00683097774163
-9.05178553010	-41.0	62.8741130245	-0.00775049999356	-0.000881031039171	0.00645330362022
-8.80094244522	-41.0	62.8384361772	-0.0075553599745	-0.000895081553608	0.00643911305815
3.73065477403	-41.0	44.4105860004	0.00283567840233	-0.00494850240648	-0.0082850297913
4.18375263893	-41.0	44.5451397372	0.00318257906474	-0.0049035823904	-0.00816242955625
3.96824930776	-41.0	44.7000490820	0.00301630166359	-0.00487779546529	-0.00807258114219
2.29712609654	-41.0	67.6861258671	0.00177321094088	0.000263446214376	0.0104940719903
2.40777757497	-41.0	67.8913488341	0.00186530908104	0.000317829428241	0.0106480242684
2.63393480039	-41.0	67.8813948616	0.00205346220173	0.000320319144521	0.0106344008818
-1.71395486770	-41.0	46.8864200660	-0.0015902123414	-0.00452334899455	-0.00676013017073
-1.63122010013	-41.0	46.6323901205	-0.00151328882203	-0.00457303458825	-0.00693725980818
-1.28142596903	-41.0	47.0720961684	-0.00123557576444	-0.0044868295081	-0.00663554575294
-2.70184855998	-41.0	67.9373275102	-0.00242767715827	0.00027735272306	0.0107148485258
-3.02951280986	-41.0	50.2427217440	-0.00284402444959	-0.00391753390431	-0.00430911080912
-3.15950457287	-41.0	49.6983689158	-0.00292472355068	-0.00400176877156	-0.00470576249063
-2.85880607020	-41.0	50.0210873554	-0.00268624024466	-0.00395738054067	-0.00448390142992
-6.09582064756	-41.0	45.7224257072	-0.00507228542119	-0.00475516216829	-0.00746213737875
-5.52440104288	-41.0	51.3236372968	-0.00497140688822	-0.00362888816744	-0.0032931601163
-6.03247619950	-41.0	51.2377247012	-0.00536697776988	-0.00362013466656	-0.00332231656648
-5.83014312516	-41.0	51.0509306107	-0.00519608799368	-0.00366458157077	-0.00348497834057
-9.63426109947	-41.0	60.7711224317	-0.00823352858424	-0.00135606608819	0.00470763491467
-9.35692838686	-41.0	61.0697080444	-0.0080189621076	-0.00129544734955	0.00496723409742
-9.45666530792	-41.0	60.5858861501	-0.00810123793781	-0.00140466040466	0.00456523569301
-9.19407091267	-41.0	60.9728420257	-0.00789649970829	-0.00132334174123	0.00489673018456
-9.14064714696	-41.0	60.7769539685	-0.00785908196121	-0.00137104128953	0.00473879510537
1.06868667042	-41.0	43.8599221921	0.000746150792111	-0.00513075152412	-0.00879570934922
1.55869638481	-41.0	43.8585719479	0.00113612588029	-0.0051228380762	-0.00877794157714
5.82755141313	-41.0	48.2099600812	0.00460331141949	-0.00412445794791	-0.00555506208912
6.05687959735	-41.0	48.5689219665	0.00481106620282	-0.00404895981774	-0.00528904190287
6.05891648659	-41.0	48.0516452591	0.00476912641898	-0.00414869142696	-0.00565666845068
4.64372526421	-41.0	47.5140211884	0.00362671539187	-0.00429166620597	-0.00610584905371
4.65881735929	-41.0	47.9397366575	0.00366748333909	-0.00421041762456	-0.00580963818356
4.80028408154	-41.0	47.7726485571	0.00376723287627	-0.00423777569085	-0.00591704854742
-2.37105301489	-41.0	55.5082886853	-0.00259825657122	-0.0033701073844	7.7562763181e-05
-1.80766650197	-41.0	55.3854881141	-0.00205953791738	-0.00348765379749	-7.87922981544e-05
4.31597375259	-41.0	57.3456827005	0.00393241457641	-0.00259882444516	0.00192992156371
4.07199173936	-41.0	57.7821371732	0.00372058851644	-0.00252825883217	0.00234582531266
5.54473200326	-41.0	58.0766349050	0.00487573770806	-0.0022383928299	0.00258184317499
5.33167442483	-41.0	57.9597963884	0.00471439352259	-0.00229464704171	0.00248103193007
0.230954826159	-41.0	46.1277100676	3.68234541384e-05	-0.00465969927609	-0.00727418856695
0.0340620729182	-41.0	45.9504582695	-0.000122494457173	-0.00469771027565	-0.00739897880703
-8.04499978453	-41.0	55.6465345495	-0.00706764962524	-0.0026083085686	0.000449239945738
-8.22866618839	-41.0	56.0119349026	-0.00720636965707	-0.00251617887989	0.000763063435443
9.66838756409	-41.0	49.7567833262	0.00764350453392	-0.00372867099941	-0.00430335011333
9.23821701292	-41.0	49.9429938185	0.00733981188387	-0.00369577505626	-0.00416451925412
9.78237339195	-41.0	49.9803269829	0.00774710392579	-0.00367894978262	-0.00412811012939
8.93288519068	-41.0	49.2671756105	0.00705319736153	-0.00384369469248	-0.00468992255628
9.23691131748	-41.0	48.8583544335	0.00724158855155	-0.00392653653398	-0.00499916169792
9.33042352822	-41.0	49.0845642404	0.00733232172206	-0.00387713452801	-0.00482539273798
-4.82103646889	-41.0	50.0687775385	-0.00432474398986	-0.00388596416451	-0.00431998912245
-4.76813024344	-41.0	49.7041605182	-0.00425866432488	-0.00395429739729	-0.00459972210228
-5.05933385220	-41.0	49.9640741921	-0.00451094005257	-0.00389696098864	-0.0043827900663
-5.28753911003	-41.0	61.1158231735	-0.00485000573099	-0.00148756080307	0.00523161096498
-5.85144972711	-41.0	61.2019641480	-0.00529755698517	-0.0014271393884	0.00526977935806
-5.69694763937	-41.0	61.3525866530	-0.00516621116549	-0.00139599631075	0.0054040485993
-5.64995349906	-41.0	60.9072011096	-0.00515243876725	-0.00152015639469	0.0050354427658
-0.704506511451	-41.0	53.4056010427	-0.000875428551808	-0.00369132775813	-0.00196154275909
-0.686693539507	-41.0	52.8467699581	-0.000843042158522	-0.00371526717208	-0.0024218573235
-0.949839803339	-41.0	53.2512708182	-0.00111093942542	-0.00368673563935	-0.00208151689731
-8.99524036687	-41.0	50.7328749793	-0.00759713258594	-0.00361778587103	-0.00353066413663
-8.89806092850	-41.0	50.9191463298	-0.00753358239308	-0.00357967242599	-0.00338899251074
-8.89490831554	-41.0	50.5638678436	-0.0075138672255	-0.00365707743913	-0.0036688237451
-8.64233005876	-41.0	50.5794395647	-0.00732543598861	-0.00365990702994	-0.00367024424486
3.35702361794	-41.0	66.1033284048	0.00266871647909	-0.000125134974951	0.00925362668931
3.72845393903	-41.0	66.4251924400	0.00297159515321	-2.90466105071e-05	0.00948707386851
3.74250201226	-41.0	66.1680405092	0.00298741599545	-9.70471737674e-05	0.00928955990821
6.17408566744	-41.0	60.8364619688	0.00522341532633	-0.00144686549902	0.00494777038693
6.27276465791	-41.0	60.6358909341	0.00531302159652	-0.001493453281	0.00477520143613
6.4891975455	-41.0	60.9337931027	0.00546607933939	-0.00139870657586	0.00501397391781
6.48335597792	-41.0	60.6350370837	0.00547844544053	-0.00147831754293	0.00476474547759
9.17191009177	-41.0	52.4259221377	0.0074725439772	-0.00317497202195	-0.00219914223999
8.84246132350	-41.0	52.8422150723	0.00725296558812	-0.0031006007921	-0.00187044334598
8.75838198866	-41.0	52.6439273920	0.00717890402302	-0.00314536923543	-0.00203446322121
2.15888926180	-41.0	62.4607762150	0.00176234240644	-0.00123157782946	0.00649148225784
1.76226583139	-41.0	62.3182066242	0.00141656817868	-0.00129617052153	0.00639639049768
-3.14485593216	-41.0	62.6418686598	-0.00297170085832	-0.00116127880756	0.00660120369866
-2.84757732348	-41.0	62.8184656916	-0.00270650302991	-0.00111873575952	0.00675515644252
-0.839558344446	-41.0	62.7400008155	-0.000934731971938	-0.00119425309822	0.00675812736154
-0.822821566321	-41.0	63.1489692256	-0.000912558170967	-0.00106057222001	0.00707442546263
-0.429961571233	-41.0	63.0329571818	-0.000563334440812	-0.00109995761886	0.00698859523982
-0.961264674053	-41.0	62.9026588369	-0.00104065937921	-0.00113931344822	0.0068822032772
1.28307980297	-41.0	48.0936138997	0.000915257201996	-0.00427504489198	-0.00589315732941
0.979027644619	-41.0	48.4192627417	0.000662551727146	-0.00422476511449	-0.00567652424797
-6.94097587486	-41.0	45.9713429051	-0.00574796507135	-0.00469679478556	-0.00725166732445
-6.93632337047	-41.0	46.2612619406	-0.00576240615919	-0.00463110907003	-0.00703770807013
-7.34177051412	-41.0	46.2545666756	-0.00607667025179	-0.00463122641668	-0.00702821789309
1.75710855281	-41.0	58.7407421926	0.00161911000032	-0.00263047358021	0.00336992880329
2.33642717062	-41.0	58.8074978768	0.00216046487913	-0.00251419749111	0.00339778489433
2.22211411715	-41.0	58.4808708314	0.00207789242268	-0.00265042553656	0.00309438351542
-8.95004400925	-41.0	47.9999036474	-0.00741599593312	-0.00422614486888	-0.00565035967156
-9.23838068892	-41.0	47.9757924961	-0.00763310026377	-0.00422965688631	-0.00565743725747
-9.00902246839	-41.0	47.6232681740	-0.00743887154385	-0.00431164493784	-0.0059357858263
-1.38276078223	-41.0	60.2373792016	-0.00151810550597	-0.00208854465745	0.00473241135478
-1.47405405509	-41.0	59.9833249205	-0.00161836005282	-0.00218282849528	0.00451085111126
-1.93366641576	-41.0	60.2640314854	-0.00203316169791	-0.00203752005473	0.00472607975826
-1.74702041294	-41.0	60.4752969271	-0.00184759194963	-0.00197206065059	0.00491498783231
-1.64935251332	-41.0	59.9308892089	-0.00178777193651	-0.00218930514529	0.00445626862347
-0.638896039388	-41.0	61.8272262537	-0.0007685199962	-0.00151174538769	0.00604811450467
-1.16200748563	-41.0	61.8463062312	-0.0012483780738	-0.00149499531835	0.00605215737596
-0.760281906135	-41.0	61.5726714247	-0.000885697721969	-0.00160226249136	0.00584468245506
-1.00581055361	-41.0	62.0029190020	-0.00110136496369	-0.00144345336594	0.00617967732251
-0.256906948774	-41.0	60.3133511143	-0.000427596532973	-0.00210098666139	0.00482870591804
-0.130146032147	-41.0	60.5735552184	-0.000302612432279	-0.00199502240866	0.00504543632269
0.300875812463	-41.0	60.1432385927	0.000120266930026	-0.00216863770038	0.00468435231596
-4.06145526487	-41.0	56.7533002194	-0.00406914995983	-0.00281619559973	0.00136294425465
-4.30316752901	-41.0	56.6324826758	-0.00426250230521	-0.00280238012783	0.00125084375031
-4.42473492947	-41.0	56.8259046699	-0.0043582143262	-0.00273936311714	0.00143551989459
-4.16134477873	-41.0	56.9992102663	-0.00414721341804	-0.00274256360717	0.00159881345462
1.93945330279	-41.0	61.3888742962	0.00161929929163	-0.00160706252791	0.00564991123974
2.16741829026	-41.0	61.3710129028	0.0018258393975	-0.00159894116223	0.00562367308885
-10.3908460907	-41.0	53.7458720955	-0.00872728601098	-0.00291025848128	-0.00106386258267
-10.7169674589	-41.0	53.4987323671	-0.00895852129906	-0.00295505602844	-0.00125277996995
-10.8354853529	-41.0	53.6680448906	-0.00904796086252	-0.00291287410073	-0.00111372384708
-0.971207943991	-41.0	53.5120764703	-0.00114163663238	-0.00367538770661	-0.00186155270785
-0.789883633707	-41.0	53.9165446262	-0.000976419891231	-0.00367370876484	-0.00151991460007
0.605655442146	-41.0	68.1630167051	0.000357691664249	0.000354880903615	0.0108914626762
0.798811732939	-41.0	67.9205045894	0.000518485321663	0.000296608894132	0.0107034444809
1.12047519239	-41.0	68.1628705094	0.000789806363173	0.000362221675459	0.0108835762367
-1.89322263597	-41.0	46.6883228308	-0.00173211470246	-0.00456235092133	-0.00689538940787
-2.04572796051	-41.0	47.1749827114	-0.00187615829054	-0.00446737976745	-0.00655389158055
-2.22530354936	-41.0	46.9509756252	-0.00201681093313	-0.00451051304117	-0.00670685758814
8.15507443312	-41.0	54.1190343288	0.00680710282177	-0.00287000462413	-0.000838045496494
7.88652899158	-41.0	54.4755086435	0.00662196427584	-0.00281275110319	-0.000547200324945
7.68070373441	-41.0	54.3096527452	0.00646176328883	-0.00286078290083	-0.000694372458383
0.67868781116	-41.0	58.7613986915	0.000535477360245	-0.00274872151203	0.00343764200807
0.262999380977	-41.0	59.1483769184	9.65883009485e-05	-0.00260108429939	0.00380967487581
0.514633006632	-41.0	59.2023557491	0.00035378272878	-0.00256736204028	0.00385471968912
-4.19936077365	-41.0	60.9202435147	-0.0039701955393	-0.00162441562861	0.00513578718528
-3.90187982345	-41.0	60.5026029150	-0.00374925532378	-0.00177730678115	0.00480220513418
-3.93373837200	-41.0	60.9297250096	-0.00374712352641	-0.00164249713998	0.00516079645604
-4.17473399028	-41.0	60.4941313377	-0.0039779599756	-0.00175531825516	0.00477721868083
-3.02863328682	-41.0	58.8426219631	-0.0031218463555	-0.00241592363454	0.00338914711028
-3.01792380788	-41.0	59.2822902154	-0.00308092660271	-0.00227089528926	0.00379278161563
-2.80831395875	-41.0	59.2826834892	-0.00289652030915	-0.00229894369841	0.00380703620613
-4.62626229666	-41.0	60.0220612710	-0.00438037561253	-0.00185350188985	0.00434357300401
-4.39694479963	-41.0	60.0432095845	-0.00419159466401	-0.00186977069825	0.00437595369294
-4.30093259203	-41.0	59.6240952125	-0.00414029648528	-0.00200439523906	0.00401614326984
-0.780710189498	-41.0	58.2443694254	-0.00100603164174	-0.00296198902652	0.0029262281023
-0.968860670482	-41.0	57.8182071322	-0.00121656048577	-0.00310458289459	0.00248326198198
-0.694880820746	-41.0	57.8578424834	-0.000925171305425	-0.0031192721799	0.00253088981844
10.6600384179	-41.0	55.3204679492	0.00869488809258	-0.00249663880095	0.000200988491997
11.0310728096	-41.0	55.0234105080	0.00895976088941	-0.00255177845247	-4.58299546153e-05
0.650268797543	-41.0	48.6800141570	0.000384276994737	-0.0041866498068	-0.00550316087902
0.177072530265	-41.0	48.8409631274	-2.27154960157e-05	-0.00416644942015	-0.00539921876043
0.404805659112	-41.0	48.9955518000	0.000174751927261	-0.00413914956152	-0.00528662418947
-3.48009215580	-41.0	63.9403741960	-0.00319793680683	-0.0007684622542	0.00760746654123
-3.42893257355	-41.0	64.3130263718	-0.00313959340565	-0.000664896448143	0.00790009088814
-3.12757389302	-41.0	64.2671990005	-0.00288551626727	-0.000684241065755	0.00787605252117
-2.17059981964	-41.0	63.9828289028	-0.00207438436337	-0.000785020180047	0.00768793513998
-2.38081343826	-41.0	63.9749967827	-0.00225625210442	-0.000783529365435	0.00767552899197
-0.949359092458	-41.0	56.9580645184	-0.00121209048666	-0.00337460753508	0.00156189186964
-1.43244924025	-41.0	57.3251547381	-0.00170946668368	-0.0031969754491	0.00195282849018
-1.14613927523	-41.0	57.3595395588	-0.0014140419662	-0.00323332031257	0.00199416698888
-1.40654217011	-41.0	56.9474103342	-0.0016897150781	-0.00330503494479	0.00154934066813
-2.02790676386	-41.0	62.7923437087	-0.00199167733081	-0.00115367036778	0.00676819449291
-2.38542086922	-41.0	62.5752526636	-0.00231515360065	-0.0012114609126	0.00658369809389
-2.47065233285	-41.0	62.7805633670	-0.00238058157265	-0.00114368228242	0.00674178078771
-5.51268244567	-41.0	52.5201408336	-0.0050382935442	-0.0034152099397	-0.00232919352129
-5.82939700918	-41.0	52.2153440047	-0.00526829995215	-0.00344947143458	-0.00255354912952
-5.36872724656	-41.0	52.3173788976	-0.00491164950654	-0.00346073019318	-0.00250686286017
-8.09973083242	-41.0	61.1210811118	-0.00705650728196	-0.00132948404644	0.00507744448259
-8.39043871864	-41.0	61.0951459737	-0.00728033017367	-0.0013238012325	0.00504044024274
2.67924622619	-41.0	64.6880728026	0.00213106884621	-0.000535164261237	0.00819425936788
2.41231971177	-41.0	64.6968554229	0.00190397747792	-0.00054028944578	0.00821047183126
6.82933437803	-41.0	49.7584522002	0.00550762983039	-0.00379613460973	-0.00438048085198
6.48218017137	-41.0	49.9480256247	0.00525547005236	-0.00377228227444	-0.00425518816337
6.70486273642	-41.0	49.5635861510	0.00539558799937	-0.00383789814077	-0.00453203544021
6.84643531120	-41.0	50.9785095240	0.00561933778226	-0.00356157287024	-0.00344714079984
6.16669244270	-41.0	47.3590579029	0.00479228328913	-0.00428168801591	-0.00613628420979
6.70264001925	-41.0	47.5194592887	0.00521421758458	-0.00423823716119	-0.00601213052869
6.24488576938	-41.0	47.6303535538	0.00487575726584	-0.00422638328746	-0.00594547810033
6.63019289703	-41.0	47.3234404492	0.00514125125483	-0.00427858345211	-0.00615075556561
1.65394296174	-41.0	45.3801190496	0.00119838630781	-0.00479015801102	-0.00773898744956
1.12345970013	-41.0	45.2954025727	0.00077176844934	-0.00481734005734	-0.00781659036875
1.45137774106	-41.0	45.5626046860	0.00103489670437	-0.0047559752129	-0.00762300612405
11.7704458316	-41.0	58.7755702834	0.00954918004572	-0.00168404122815	0.0030503871385
11.8697704990	-41.0	58.5305566289	0.00962481088936	-0.00173817120958	0.00284549337812
2.40612668351	-41.0	43.9735553282	0.00180523260497	-0.00508040515706	-0.0086605399847
2.81633379532	-41.0	44.1446732633	0.00212606694549	-0.00503270234913	-0.00852201879025
2.61953915694	-41.0	44.2957720680	0.00197033816949	-0.00500368932262	-0.00842999480665
-9.68762584552	-41.0	49.0313235145	-0.00802938919514	-0.00398545200005	-0.00482574664056
-10.0766119262	-41.0	49.1854417562	-0.00832856819034	-0.00394665449858	-0.00469062011689
-9.73202920676	-41.0	61.8253570965	-0.00829516258091	-0.00110990542453	0.00556253455579
-9.39117113016	-41.0	61.5363927067	-0.00803786609322	-0.00118570239283	0.00534675130621
1.57016490117	-41.0	47.0451763421	0.00113875698298	-0.00446011032909	-0.00660613970831
1.35275036124	-41.0	46.6128940247	0.000956287316512	-0.00454704277217	-0.00691073853523
1.77635170369	-41.0	46.8316299073	0.00130504602566	-0.00449662748724	-0.00674398150295
6.28911538890	-41.0	45.5176120537	0.00473297713324	-0.00461958348751	-0.00739344302565
6.052292392	-41.0	45.6471451188	0.00457016332075	-0.00461111729965	-0.00730582419783
5.87336084277	-41.0	45.2727231547	0.00442830054089	-0.00467872712761	-0.00756427459419
-11.1902970150	-41.0	57.4932753550	-0.00937051977962	-0.00204023323022	0.00196142587811
-10.9800145050	-41.0	57.0740327450	-0.00920938514173	-0.00214179628529	0.00162926514167
-11.2057461871	-41.0	56.9950882509	-0.00937189720571	-0.00214981008321	0.00155963865109
-11.3691269588	-41.0	57.1315794843	-0.00949353538454	-0.00211266451515	0.00166455889121
3.13504968625	-41.0	47.9743541927	0.00244784075767	-0.00425025029108	-0.00588316936046
2.84884330917	-41.0	48.2838616766	0.00222733709961	-0.00420322502032	-0.00568427890539
3.09874863229	-41.0	49.1052905462	0.00247484608553	-0.00405396101996	-0.00508881080896
3.59550794801	-41.0	49.0191998223	0.00288078398444	-0.0040510063991	-0.00511768832803
3.66086404082	-41.0	49.2718664081	0.0029501193203	-0.00400542654097	-0.00493234815076
9.51379891789	-41.0	63.7222726554	0.00769719714299	-0.000564208487049	0.00716254161671
9.30990126089	-41.0	63.6469005549	0.00754055893049	-0.000587200804148	0.0071091693826
-12.1108048869	-41.0	54.3607612853	-0.00998371932656	-0.002708731452	-0.000535432423931
-12.1359846968	-41.0	54.8703183443	-0.0100089712068	-0.00258761225268	-0.000134744579555
-8.32132348822	-41.0	57.5634940092	-0.00728274555877	-0.00216138456017	0.00208328221925
-8.74977332895	-41.0	57.4938789195	-0.00759535189718	-0.00215152744204	0.00201833760366
-8.81155492508	-41.0	57.7025969910	-0.00764077203348	-0.00210040179081	0.00219312030822
-3.67676127681	-41.0	57.8836316884	-0.00372811732814	-0.00260004820302	0.00245232786983
-4.11027773999	-41.0	57.6186708040	-0.00409214710817	-0.00259811338037	0.0021887596231
-3.95255138287	-41.0	57.3946662376	-0.00397131033242	-0.00268185837194	0.001978171058
1.53959309363	-41.0	47.6702623854	0.00112293648999	-0.00434513669461	-0.00617678184062
1.72901031016	-41.0	48.1088175261	0.00129033077974	-0.0042630857788	-0.00586469843984
-0.402520288507	-41.0	51.0039843492	-0.000545354036149	-0.00386994355358	-0.00384450750425
-0.638776517681	-41.0	51.1589781306	-0.000763371062931	-0.00385172758251	-0.00372672523372
-0.593689017017	-41.0	50.6319580605	-0.000714211375453	-0.0039130859077	-0.00411694776267
-6.64169459754	-41.0	56.3917564714	-0.00604718364775	-0.00255827396177	0.00106902548578
-6.73601571885	-41.0	55.8390706288	-0.00611072406173	-0.00266940891743	0.000584960565902
-6.45193671691	-41.0	56.1908984403	-0.00590446963906	-0.00262066023424	0.000888186215889
-8.33660871811	-41.0	49.8688444857	-0.00705727888271	-0.00382067589089	-0.00424214685336
-8.37484786796	-41.0	50.2540090406	-0.00710717309266	-0.00373676698655	-0.00394004164264
-8.12568433489	-41.0	50.2910329873	-0.00692093372345	-0.00373519468121	-0.00392549065873
3.97231864509	-41.0	56.2200133954	0.00366222858429	-0.00291375233792	0.000854743644595
3.57876261262	-41.0	56.0577425669	0.00333499209955	-0.00301931006834	0.000684622616973
6.01336961345	-41.0	55.7689220589	0.00525297829881	-0.00270979478955	0.000507878139615
5.95529969878	-41.0	55.2310253590	0.00519411731511	-0.0028254839126	2.85942169285e-05
6.17482475957	-41.0	55.5904107878	0.00537179270759	-0.00272891484201	0.000354873511242
1.86148955395	-41.0	56.8691746509	0.00180191290565	-0.00322174862958	0.00146767462138
2.06251715820	-41.0	56.6949484192	0.00199719634838	-0.00321760145016	0.00128584727645
2.06068017861	-41.0	57.1832773259	0.00198906590231	-0.00309792836197	0.00179586710874
-4.70033672198	-41.0	65.7865154208	-0.00415209541097	-0.000250850978773	0.00899666082114
-5.03056955325	-41.0	66.1659170740	-0.00441430602223	-0.000151419342728	0.00927962828428
-4.90061353737	-41.0	65.6055086173	-0.00432407204062	-0.000294174591545	0.00884745642543
-5.13082455058	-41.0	59.2134300614	-0.00483226031065	-0.00203028181568	0.00360859581269
-5.03164145858	-41.0	58.9491286459	-0.0047674709931	-0.00211344938725	0.00337882246822
-4.60392892921	-41.0	59.0615405910	-0.00442079128698	-0.00213252217509	0.00349984527566
-1.52358801512	-41.0	62.8256727290	-0.00154408125672	-0.00115539249964	0.00681011285633
-1.75711669992	-41.0	62.5218830179	-0.00176209979691	-0.00124888122082	0.00656577153131
-9.49926889543	-41.0	55.4631991586	-0.00811551045626	-0.00256643537432	0.000318873702781
-9.70377363324	-41.0	55.3612691689	-0.00826098304242	-0.00257940310985	0.000237197862589
-3.59109187967	-41.0	58.3577646364	-0.0036328448914	-0.00247846869752	0.00290501699783
-3.42796203619	-41.0	58.5874666705	-0.00348177086562	-0.00243517686613	0.00312852300704
-3.89530434924	-41.0	58.5947756714	-0.00387161877006	-0.00236182054505	0.00311126350425
-2.85286119512	-41.0	66.2488161179	-0.00259138224646	-0.000149782979861	0.00941285025328
-3.04147289085	-41.0	66.7259314425	-0.00273845857009	-2.56451385212e-05	0.00977552123368
-2.80223262120	-41.0	66.7678554641	-0.0025361997541	-1.58879956871e-05	0.00981294456869
11.0379107305	-41.0	51.6206078949	0.0087994094938	-0.00330279814079	-0.00282037374564
10.6099138072	-41.0	52.0925449235	0.00851406063884	-0.00320668960921	-0.00244320719503
-9.10684880971	-41.0	59.3088481507	-0.007852261886	-0.00171489815693	0.00352746783756
-9.34153485643	-41.0	58.9398915551	-0.0080285044387	-0.00178958568722	0.00321202585474
-8.83978036889	-41.0	59.2359051122	-0.00765424780548	-0.00174441072159	0.00347739923745
-8.93050507960	-41.0	58.8326012190	-0.00772504555061	-0.00183378404472	0.00313747813925
-0.828980328371	-41.0	60.2945469308	-0.000984615879133	-0.00209467718378	0.00480192899704
-1.20062101140	-41.0	60.0330386526	-0.0013538839994	-0.00218206248246	0.00456646829844
1.12719524728	-41.0	60.3156748519	0.000918336212635	-0.00206165295094	0.00480643240735
0.766473838393	-41.0	60.0724520010	0.000578826409765	-0.00218127598055	0.00461402675137
0.934430420651	-41.0	60.3412242361	0.000732100743335	-0.00206245621666	0.0048352945596
-0.13845640596	-41.0	61.8419241427	-0.00030617316952	-0.00150910718367	0.00606374815106
-0.501354663243	-41.0	61.5879039497	-0.000644945423119	-0.00160032219719	0.00586081435904
-0.195623678788	-41.0	62.0574298114	-0.00035802545608	-0.00143206631765	0.00623267283663
1.21591876880	-41.0	61.8712395939	0.000940260186326	-0.00147161481436	0.00606469577178
1.50018221348	-41.0	61.6029072280	0.00120971119031	-0.00155478483066	0.00584146846086
1.00329507005	-41.0	61.3715258980	0.000760915165301	-0.00166033615824	0.00567456940189
1.40794860442	-41.0	61.8568843123	0.00111557205673	-0.00146910431795	0.00604667374864
1.19991954294	-41.0	61.3503204556	0.000943975115661	-0.00166010856628	0.00565102742985
-0.421872001573	-41.0	60.5622050321	-0.000584804976825	-0.00199712114409	0.00503363413736
6.50782219669	-41.0	51.4715505262	0.00539593724534	-0.00348531012423	-0.00308093684725
-0.693803876924	-41.0	52.2507190930	-0.000835742277559	-0.00375186093152	-0.00289436755702
-0.925708965142	-41.0	51.8494458317	-0.0010432881536	-0.00377943506464	-0.0031984965317
-0.67599090498	-41.0	51.6918880083	-0.000807360513136	-0.00379798817448	-0.00332497642376
-9.23112698127	-41.0	49.1204170165	-0.00769114634022	-0.00397037994117	-0.00477649597451
-9.35587694822	-41.0	49.2716036339	-0.00779299577698	-0.00393484253436	-0.00465375324711
-6.51271208152	-41.0	59.9582447206	-0.00587561167777	-0.00170977239031	0.00418621208519
-6.94690044808	-41.0	59.9053321594	-0.00621174089611	-0.0016927421093	0.00412046397105
-6.49858869721	-41.0	59.7045554237	-0.00587506359443	-0.00177593284752	0.00397040275857
-4.31967973906	-41.0	54.6835525846	-0.0042182370089	-0.00316839129664	-0.000564695277717
9.22507382252	-41.0	60.7084217388	0.0075874873437	-0.00130833196454	0.0047214361839
8.87278090877	-41.0	60.5485555488	0.00732469605282	-0.00136194692459	0.004600842949
9.18125953885	-41.0	60.9039339311	0.0075470879674	-0.00126269017346	0.00488422065973
9.00698632866	-41.0	60.9974874216	0.00741038704291	-0.00124684523325	0.00496726017445
8.70144650458	-41.0	60.8960031875	0.00718047330156	-0.00128455786034	0.00489413645118
8.12689182591	-41.0	59.1995189106	0.00680599873886	-0.00172991829459	0.00349405361339
8.35768974811	-41.0	58.8499332565	0.00699031352997	-0.00180002499837	0.00319215143099
8.47416273267	-41.0	59.3524594665	0.00706343399361	-0.00167233950924	0.00361385801807
8.16152263384	-41.0	58.9628179086	0.00683946115896	-0.00178502500057	0.0032925279811
8.69798205773	-41.0	58.9805304718	0.00724264420569	-0.00174913415685	0.00329465116374
2.58501669186	-41.0	62.6172961665	0.00212840572931	-0.00116115761921	0.00659464392811
2.65628877392	-41.0	63.0595632741	0.00216961535625	-0.00101940066088	0.00693751405925
2.87343115541	-41.0	63.0189463973	0.00235875789076	-0.0010222963756	0.00689565809444
6.78816473117	-41.0	46.4186913205	0.00517218140885	-0.00445170421153	-0.00677955336869
7.19615874828	-41.0	46.2220462901	0.00544911855832	-0.0044807526283	-0.00692652352154
6.97436322515	-41.0	46.5447869336	0.00532234832644	-0.00442439643666	-0.00669448589906
6.99865044034	-41.0	46.0958346302	0.00529184332117	-0.00450583035126	-0.00700994255021
1.29149855092	-41.0	50.5426483439	0.000981877557933	-0.00389962038025	-0.00415147980675
1.33198810581	-41.0	51.0193477559	0.00103419891093	-0.00383998546749	-0.00379840517417
1.50815237576	-41.0	50.6810019071	0.00117961142678	-0.00387520296499	-0.00404023425654
0.375126518554	-41.0	50.5756000188	0.000160589392181	-0.00391534110531	-0.00415503466502
0.603446806323	-41.0	50.1624079989	0.000360192323569	-0.00396499317139	-0.00445033796132
0.380945273277	-41.0	50.0356271943	0.000160924697411	-0.00398549251258	-0.00454636476934
11.7632109406	-41.0	55.7453843925	0.00951902288944	-0.00237260991707	0.000544783542864
12.0265090714	-41.0	55.3918068741	0.00970503222197	-0.0024469292257	0.000249614327913
11.8214586343	-41.0	55.3013010395	0.00955083407462	-0.00247117551044	0.000177659167093
-3.97213704306	-41.0	55.2282921459	-0.0039636362344	-0.00312840030529	-8.87124915607e-05
-7.70431351797	-41.0	63.4122488234	-0.00667642289773	-0.000784238392953	0.00696560088545
-8.22696845703	-41.0	63.5118255334	-0.00708738947287	-0.000747829268221	0.00701580569148
-7.90171432150	-41.0	63.2268546936	-0.00683844741434	-0.000824255461339	0.00680495938286
-8.03056190481	-41.0	63.6991513627	-0.00692671630532	-0.000707149796654	0.00717764673755
-7.70615575836	-41.0	48.1742689197	-0.00647691451013	-0.00419980799779	-0.00557475723326
-7.44072617292	-41.0	48.2625596256	-0.00627795606852	-0.00418416177854	-0.00552167138085
-7.26973393882	-41.0	47.8660089433	-0.00612130993977	-0.00427262298763	-0.00582903623581
-7.64938633900	-41.0	47.8067947173	-0.00641069887206	-0.00428129034117	-0.00585496844724
-7.44674832155	-41.0	47.7322111656	-0.00624984316528	-0.00429988559335	-0.00592079991475
7.67746197241	-41.0	51.5096489673	0.00629322370514	-0.00342159252614	-0.00298802810721
7.79728225079	-41.0	51.7534997303	0.00640130089596	-0.00336793414317	-0.00278876139782
-6.02113297383	-41.0	47.3520568079	-0.00511395232752	-0.00439812848344	-0.00627317465842
-5.61587776056	-41.0	47.4434992623	-0.00479906937107	-0.00438343454152	-0.00622586766258
-6.05666851087	-41.0	47.6090043857	-0.00515795079991	-0.00434310128912	-0.00608208496124
0.095472794918	-41.0	50.9880592203	-9.04421467567e-05	-0.0038701321464	-0.00385583820753
-7.34832354633	-41.0	48.7685946664	-0.00623775692657	-0.00407675793394	-0.00514344824478
-7.11741067382	-41.0	48.8628687310	-0.00606514001265	-0.00406107120216	-0.00508511206135
-7.45082743320	-41.0	49.2070571591	-0.00634335633367	-0.00398144172505	-0.00480331480503
-7.24821181387	-41.0	49.1891549972	-0.0061862221919	-0.00398955447599	-0.0048289867118
-11.3280659995	-41.0	60.2988829932	-0.00951233785599	-0.00141908845399	0.0042271357961
-11.5196628503	-41.0	60.3904178509	-0.00965736992657	-0.00139504473191	0.0042899758555
4.72604123101	-41.0	67.2688002918	0.00377900875174	0.00022047071252	0.010099847801
-1.10813042480	-41.0	64.8030787234	-0.00113467941992	-0.000555412727408	0.00833777710795
-1.63156683995	-41.0	64.6776282154	-0.00158945156727	-0.000588798138779	0.00823436398059
-1.59148164245	-41.0	64.9025301514	-0.00154983776156	-0.000524673610926	0.0084070796147
9.36311060522	-41.0	61.2662639778	0.00767300836742	-0.00116803881247	0.00517606036738
9.18883739503	-41.0	61.3598174683	0.00753594143316	-0.00115154695231	0.00525885168463
9.50386075211	-41.0	61.4607870528	0.00777386222035	-0.00111612677574	0.00533070834354
9.28457183963	-41.0	61.6713977282	0.00759761966765	-0.00107229396235	0.0055106584914
-5.70031176384	-41.0	52.9910491465	-0.00521394237876	-0.0033174555283	-0.00192456040531
-6.14680009248	-41.0	53.1113428507	-0.00556656392291	-0.00326243485324	-0.00179112155456
-0.675794939221	-41.0	55.1879080556	-0.000897497637197	-0.00365088996477	-0.000329498521751
-0.801483828622	-41.0	55.6927710168	-0.0010430556722	-0.0036065611057	0.000192734922166
-0.907895850366	-41.0	55.2874203812	-0.00114479335025	-0.00362463365309	-0.000221557973418
4.55564580568	-41.0	56.9581514368	0.00413083005697	-0.00265198829584	0.00156479864381
-6.52083583379	-41.0	45.6997586106	-0.00540364580229	-0.00475943554193	-0.00746514741331
10.8752141610	-41.0	60.5288981412	0.00884792022407	-0.001298228628	0.004521174822
11.2403194300	-41.0	60.2381141810	0.00913125649095	-0.00135755224619	0.00427083484828
11.0944532903	-41.0	60.0256002385	0.00902446825057	-0.00141048256774	0.00410042982548
-4.64242979968	-41.0	65.5182439692	-0.00411272980273	-0.000320224877214	0.00878986436874
-4.30008254295	-41.0	65.8575990955	-0.00381682370789	-0.000237695494434	0.00906704459339
6.19399361502	-41.0	51.9291630331	0.00518654054031	-0.00341898016632	-0.00273807276972
6.09498012292	-41.0	51.6940832590	0.00509166903794	-0.00346757564694	-0.0029317040462
3.29113552167	-41.0	62.0178622574	0.00277283391915	-0.00131132954266	0.00608142884448
3.15559288006	-41.0	61.5306738964	0.00268719368614	-0.00147609773558	0.00569610157982
-1.62114076215	-41.0	45.6565121828	-0.00147282355465	-0.00477111758664	-0.00761135993525
-1.33872247238	-41.0	45.5645011761	-0.00123885995708	-0.00478880200535	-0.0076752002351
-1.81277270290	-41.0	45.2686882074	-0.00161562429275	-0.00485382787883	-0.00787809118629
5.05233457012	-41.0	44.8925285719	0.00383297447115	-0.00479283183813	-0.00786506012082
5.47966072407	-41.0	45.0728721231	0.00414447765797	-0.00473572267219	-0.00771623617038
5.29789820912	-41.0	45.1804984474	0.00401115464047	-0.0047264220193	-0.00765399634838
6.96182803963	-41.0	48.7140542730	0.00551949674264	-0.00399609841406	-0.00514886714518
7.12282973065	-41.0	48.2435104078	0.00559950107709	-0.00408572843298	-0.00548684364185
3.26148051044	-41.0	44.2719553636	0.00247291708365	-0.00499294791371	-0.00840928871185
-9.82156723644	-41.0	58.9510056549	-0.00838338118047	-0.00176675838884	0.00320260040462
-10.0049932378	-41.0	59.3606970227	-0.00851961318403	-0.00166660139803	0.00353177264333
-10.0224922561	-41.0	58.8515071985	-0.00853152666241	-0.00178144662641	0.00311260158196
-8.88216944678	-41.0	59.4956910181	-0.00768291391432	-0.00168169685639	0.00369205349125
-9.18843896617	-41.0	59.7969002492	-0.00790847744793	-0.00159797840752	0.00392843876034
9.96945917238	-41.0	49.3428665781	0.00783045776188	-0.00381467281841	-0.00462266150862
9.92339947196	-41.0	49.7741503820	0.00783417932689	-0.00372157036327	-0.00428765127435
9.70728507314	-41.0	49.3307275873	0.00763479433954	-0.0038199799601	-0.00463323481381
-5.10974084179	-41.0	66.7706013029	-0.00446317298338	-1.32081834181e-06	0.00974837318063
-5.32977108096	-41.0	66.4182887464	-0.00465455651283	-8.59289139044e-05	0.00946506112814
-4.37198652624	-41.0	62.5542759852	-0.00401597237214	-0.00113248138223	0.0064650811255
-4.46265778582	-41.0	62.7696187617	-0.00408007018268	-0.00106700311881	0.0066328542307
-4.53244945514	-41.0	62.3374007633	-0.00416143378243	-0.00118681823369	0.00628092931584
-4.93831440405	-41.0	62.5472389626	-0.00448563275859	-0.00110807095189	0.00642690435052
-9.42234893097	-41.0	51.7479898881	-0.00795913673937	-0.00338426046073	-0.00270505063236
-9.03935767711	-41.0	51.6825209633	-0.00767329707742	-0.00340991024859	-0.00277616130188
-6.82365780753	-41.0	63.6837056092	-0.00596433365718	-0.000740408839192	0.0072332737036
-7.26608900934	-41.0	63.5468961830	-0.0063233487308	-0.000762564362958	0.00709872692823
-6.86136124722	-41.0	63.9350897918	-0.00598554499447	-0.000676669878885	0.0074322456494
1.78966921317	-41.0	47.1393230841	0.00132062088232	-0.00443790713325	-0.00653223367408
1.80859840822	-41.0	47.3443201569	0.00133987399749	-0.00439921254292	-0.00639033876359
-4.38189114990	-41.0	67.4032195277	-0.00384339271113	0.000149194805999	0.0102644525468
-4.16725338666	-41.0	67.2343822595	-0.00366853061132	0.000106927051092	0.010139528662
-3.96014189814	-41.0	67.5869327217	-0.00348779535852	0.000192644292838	0.010418468155
7.69690675973	-41.0	56.2108655607	0.0065243714489	-0.0024561714381	0.000932160648517
7.94982330930	-41.0	55.8143556844	0.00670684408396	-0.00252406974323	0.000594677985646
7.89944378203	-41.0	56.2242012904	0.00667501054704	-0.00243796617724	0.000946065993048
7.75137134673	-41.0	55.8265383672	0.00655965926126	-0.00253597949632	0.000601717329118
4.99344468023	-41.0	61.8438050732	0.00421059783548	-0.00125011382625	0.00584192527458
4.83712909894	-41.0	61.3625964732	0.00411431724206	-0.00139995687641	0.00545647926629
4.59243576162	-41.0	61.3860068342	0.00391141651198	-0.00141172856092	0.00549014983699
10.8248937686	-41.0	57.3785692760	0.00884551275522	-0.00202844664454	0.00191239849664
11.2311730944	-41.0	57.6228971208	0.00914794392884	-0.00196085032076	0.00210855691694
11.0519320880	-41.0	57.3294110624	0.00901381671429	-0.00203272630461	0.00186788989231
10.9495635408	-41.0	57.6691353484	0.00893854256719	-0.00195836345665	0.00215215189382
7.25790368712	-41.0	54.2430018230	0.00614213803783	-0.00290433154441	-0.000767507997807
6.84930576536	-41.0	53.9324005134	0.00581887876615	-0.00299702119082	-0.00104932440445
6.86917828387	-41.0	54.1950783270	0.00584687292576	-0.00294384895824	-0.00082575972192
-0.0753055674292	-41.0	63.3349992396	-0.000245080969762	-0.00100145628676	0.0072213136591
0.272889058609	-41.0	63.4214601618	6.42855666229e-05	-0.000971112458501	0.0072856945917
-6.93271659728	-41.0	64.7304333383	-0.00601643836126	-0.00047875099699	0.00806184578687
-7.39020351763	-41.0	64.9998109762	-0.00637783203274	-0.000405723025324	0.00825186166912
-6.93875723812	-41.0	64.9871494111	-0.00601342739537	-0.000415911723394	0.0082652727142
-4.66515959658	-41.0	61.1061383792	-0.00434377929196	-0.00153418979608	0.00526186451316
-4.97839957188	-41.0	60.8591600216	-0.00461476575583	-0.0015820186818	0.00503546791151
-1.85403315452	-41.0	50.1260602801	-0.00182137032971	-0.00396508770064	-0.00445468351245
-1.51753596773	-41.0	50.3182140220	-0.00153222144581	-0.00394394202158	-0.00432600826025
-1.33877801766	-41.0	50.1702701565	-0.00136940507218	-0.00396706396714	-0.00443971250206
-1.48458105495	-41.0	55.0478105632	-0.00172493769787	-0.00356585998088	-0.000432489177911
-1.30613572125	-41.0	55.2027258437	-0.00155265245121	-0.00358099373989	-0.000289182411507
-6.89017523241	-41.0	66.1132677461	-0.00594315258786	-0.000144736040966	0.00915833748877
-7.31741276395	-41.0	65.7888410178	-0.00629855971783	-0.000217781620449	0.0088813547045
-6.93291610334	-41.0	65.7417954910	-0.00598739692941	-0.000233329134062	0.00886293128133
-3.88202314037	-41.0	50.8669048045	-0.00360246375203	-0.00378645653836	-0.00377788161859
-3.94725380046	-41.0	51.1264770754	-0.00367384497076	-0.00374203477986	-0.00357219506986
-3.46557651668	-41.0	51.0175921207	-0.0032612150535	-0.00378166814335	-0.00369262765162
-3.54271152172	-41.0	51.2932541035	-0.00334429065697	-0.00373659282923	-0.00347366416827
-5.67738480453	-41.0	63.9439568089	-0.00502575747669	-0.000705849379301	0.0075033120811
-5.72391873707	-41.0	64.4219383788	-0.0050447084941	-0.000581296277232	0.00787973403931
-5.46681860387	-41.0	64.0565690773	-0.00484872423112	-0.000682324287482	0.00760368304327
-5.95548021927	-41.0	64.2755803174	-0.00523944571614	-0.000613204727415	0.00775192072615
-5.76413274784	-41.0	64.9203494530	-0.00505922688171	-0.000453561166069	0.00827123131603
-5.53257126564	-41.0	65.0667075143	-0.00486402539536	-0.000420816795668	0.00839748047292
-6.04650512132	-41.0	65.2780251665	-0.00527824042365	-0.00035893425229	0.00853952113539
-6.70115511509	-41.0	64.8767913996	-0.0058243512176	-0.00044700136641	0.00818998832256
-6.45113159055	-41.0	64.4992515601	-0.00563422683626	-0.000545431335922	0.00790350884199
-6.67276691769	-41.0	64.3702988479	-0.00581820169464	-0.000572787306737	0.00778936361894
4.57504549734	-41.0	63.1611929164	0.00378699600697	-0.000897772726603	0.00692118238658
5.00258126710	-41.0	63.2971515055	0.00413187965751	-0.000838666164782	0.00700707081705
-0.544194830913	-41.0	64.9197208795	-0.000645209045615	-0.000521851761732	0.00843039993197
-0.417540442733	-41.0	56.8827024059	-0.000635403615888	-0.00344663672149	0.00148010940757
0.0890324842696	-41.0	57.0707951546	-7.45947108953e-05	-0.00340888998471	0.00168810703326
-0.205461758769	-41.0	56.7564178001	-0.000401348923333	-0.0034864791669	0.00134064059239
-6.32662830982	-41.0	56.6816854302	-0.00581394229084	-0.00252519943751	0.00132200133521
-6.82156531379	-41.0	56.8146601556	-0.00618192460388	-0.00244715460576	0.0014432418393
-6.40074049808	-41.0	56.4699486304	-0.00586853129789	-0.0025646854192	0.00113467033952
-0.402503995218	-41.0	66.5154438262	-0.000507653690875	-7.96898602857e-05	0.0096434885636
-0.541811635695	-41.0	66.6889386617	-0.000624206208158	-3.46261695086e-05	0.00977571308613
-0.627610853809	-41.0	66.3046632372	-0.000701533048414	-0.000137290582643	0.00948331225663
-3.71305427632	-41.0	52.7443918294	-0.00358828599565	-0.00351902772672	-0.00229705264792
-3.96503343963	-41.0	52.4243963294	-0.00377723388374	-0.00354415737092	-0.00253800838254
-3.88445899497	-41.0	52.6481472434	-0.00372563092969	-0.00351826497354	-0.0023614813108
-7.58117211377	-41.0	65.4054460643	-0.00652142707258	-0.000306048255879	0.00856410525739
-7.76111101455	-41.0	65.3131639267	-0.00666887732223	-0.000325796776451	0.00848147273064
-3.23859309253	-41.0	49.1428156616	-0.00296176271513	-0.00409471010789	-0.00510928360745
-3.35116524467	-41.0	48.6040611625	-0.00302763353102	-0.00418881559744	-0.00549522507936
-3.48224306273	-41.0	48.7835346037	-0.00314618484117	-0.00415389146656	-0.00535857025534
11.0259718957	-41.0	54.3143713930	0.0089320326224	-0.00270922807977	-0.000630567432381
11.4488198346	-41.0	54.5288009663	0.00925133936107	-0.00265170098282	-0.000455329805845
11.2162517539	-41.0	54.6019646656	0.00908254552633	-0.00264074490406	-0.000394135131501
11.2414530676	-41.0	54.1316259866	0.00908356439322	-0.00274457177147	-0.000780951872002
9.46962766565	-41.0	57.9789781680	0.007837343961	-0.00194437394384	0.00243534287438
9.89047707294	-41.0	57.8106368714	0.00815144088119	-0.00196420960128	0.00228753406554
0.0893800955469	-41.0	68.0207551095	-7.76179367676e-05	0.000313066906529	0.0107882944867
-0.129909925796	-41.0	68.1136929071	-0.000261360575678	0.000334051233949	0.0108610931784
-0.402111691145	-41.0	67.8266315738	-0.000493591825943	0.000259527587332	0.0106430193409
-0.059943770376	-41.0	67.6393181944	-0.000206856770092	0.000215222971747	0.0104980478063
-0.284266141191	-41.0	49.3779807997	-0.00042591089732	-0.00408592494205	-0.00502319680527
-0.704975718467	-41.0	49.3388408143	-0.000793335377239	-0.00409279577434	-0.00504987314343
-0.285546064488	-41.0	49.1070567342	-0.000424918252975	-0.00412771292031	-0.00521542783827
-5.61908483715	-41.0	62.0989996821	-0.00506446603686	-0.00119799014647	0.00602286774665
-5.31205014246	-41.0	62.3506685796	-0.00480213854462	-0.00114462093916	0.00624592183158
-5.50704379234	-41.0	62.4216805347	-0.00495718466118	-0.00111607578583	0.00629208935425
-3.21122623487	-41.0	44.2092017633	-0.00269915512763	-0.00509335100651	-0.00860575027764
-2.77766995857	-41.0	44.1388156332	-0.00234890310094	-0.00510711828247	-0.00865786802024
-0.418366535153	-41.0	51.2760885748	-0.000562789908145	-0.00384063296951	-0.0036419518292
-9.71864663557	-41.0	51.4044016970	-0.00816394947469	-0.00345235294662	-0.00296423351392
-9.89028025018	-41.0	51.3361073908	-0.00828785076737	-0.00346356839873	-0.00301057309844
-9.88049194367	-41.0	50.9893532857	-0.00826633069664	-0.00354130147025	-0.00328533328138
-9.58797168819	-41.0	51.0869896081	-0.00805401057005	-0.00352586410008	-0.00322170020081
0.577454775524	-41.0	43.8382814018	0.000354286807124	-0.0051430077292	-0.00882644671947
0.691983341066	-41.0	44.0319159740	0.000442218588432	-0.00509794708341	-0.00869061797857
-4.89836983371	-41.0	48.6652449561	-0.00429981807247	-0.00414769724011	-0.00536647764966
-5.37899364940	-41.0	48.5893433115	-0.00468120118603	-0.00415271241218	-0.00539424549788
-5.21918223501	-41.0	48.4244281372	-0.00454308046028	-0.00418873410672	-0.00552572123706
-1.92806118934	-41.0	47.6519302681	-0.00179500202648	-0.00437749596313	-0.00622235890478
-6.34150264888	-41.0	47.9495181710	-0.00540328072384	-0.00426721433178	-0.00581495510414
-6.53597812351	-41.0	48.0433607600	-0.00556154875085	-0.00424447469413	-0.00573459407315
-6.50655278816	-41.0	48.3731111085	-0.00555919669569	-0.0041754427366	-0.0054896902293
-6.19652015775	-41.0	48.3259979867	-0.00531295547262	-0.00419070851058	-0.00554256467149
7.09134125842	-41.0	63.9199165178	0.0057838759385	-0.000583099783398	0.00740763125941
6.78077476518	-41.0	63.5438950670	0.00555476173759	-0.000693064881489	0.00712115224451
5.62145608853	-41.0	65.1839246210	0.00455234246328	-0.000300763174891	0.00845834705979
5.49190538691	-41.0	64.6558973475	0.00446725590155	-0.000446756370366	0.00805194675922
5.29250409063	-41.0	64.8409073876	0.00429781991988	-0.00040417976561	0.00820450205356
5.36196746180	-41.0	64.1770294032	0.00438213953748	-0.00058106466895	0.00768286921084
5.56136875807	-41.0	63.9920193631	0.00455279927701	-0.000623180589173	0.00752870040014
5.23663078349	-41.0	63.7003190967	0.0043026059866	-0.000716422859114	0.00731401285157
1.70472220738	-41.0	45.6170230361	0.00123885716312	-0.00473998393863	-0.00757581647485
2.07812090593	-41.0	45.5275764227	0.00153804733418	-0.00475096283481	-0.00762007106096
-10.7749392771	-41.0	61.4368910699	-0.00909642782062	-0.00117643119302	0.00518490793183
-10.9564303154	-41.0	61.5312997960	-0.00923492014408	-0.00115198723506	0.00525050889701
-5.44039167673	-41.0	63.8277930446	-0.00483671110123	-0.000743028125726	0.00742357270792
-5.62421424798	-41.0	63.5182761088	-0.0050005572848	-0.000818741624244	0.00716728158295
-5.87588273557	-41.0	63.6211235846	-0.0052011157386	-0.000783887109719	0.00723559688777
-2.84151769028	-41.0	50.7459665449	-0.00271072937176	-0.00384779111482	-0.0039424514398
-2.7658390353	-41.0	50.2905496747	-0.00262071401812	-0.00391819374636	-0.00428886152804
-3.07962439832	-41.0	50.7453658901	-0.00291548622772	-0.00383884692565	-0.0039274985902
11.2251255397	-41.0	52.6271204041	0.00899920705706	-0.00307772750966	-0.00200848211534
11.6271033229	-41.0	52.4709546356	0.00928686093539	-0.00310609140433	-0.002135732444
11.5634824054	-41.0	52.2426067035	0.00922655127943	-0.00315772951581	-0.00232012779452
8.87957618443	-41.0	49.6995494496	0.00705180549994	-0.00375368841924	-0.00435908697546
2.47326530243	-41.0	45.8767896231	0.00185525522102	-0.00467047886923	-0.00736287701875
2.78395691206	-41.0	45.7742668900	0.00210051657632	-0.00468414463103	-0.00741596147418
2.43337551257	-41.0	45.6529155535	0.00182165286969	-0.00471728295088	-0.00751737086102
3.18274611119	-41.0	46.0515575094	0.00241888151504	-0.00461782654747	-0.00720367580652
3.13866538200	-41.0	45.8506168221	0.00238071451895	-0.00465975981206	-0.00734341191128
-10.9151847714	-41.0	60.5531503208	-0.00920257437974	-0.0013716313988	0.00445807632059
-11.3031473285	-41.0	60.4978538403	-0.00949499662966	-0.0013756690314	0.0043902201578
-10.9293774628	-41.0	60.2866336116	-0.0092123830691	-0.00143075466622	0.00424041133374
1.99263357968	-41.0	48.4427185075	0.0015207772376	-0.00419905828312	-0.00561953010038
2.13997372641	-41.0	48.3172322151	0.00164021283854	-0.00421691453084	-0.00569998472929
5.47554259875	-41.0	65.6525448414	0.00441904645413	-0.00018074750551	0.00882780086249
5.05847968696	-41.0	65.9992430422	0.00407107081264	-0.000101938123407	0.00911133922637
-5.23263926767	-41.0	53.6104192209	-0.00488382810727	-0.00324679608457	-0.0014376953477
-4.53601812516	-41.0	45.6075301728	-0.00383063801564	-0.00478402106091	-0.00759311532602
-4.82155773119	-41.0	45.6752614360	-0.00406214315444	-0.00476858764887	-0.00753639359027
-4.92021564252	-41.0	45.1349778482	-0.00410972768441	-0.00488861417398	-0.00792053714395
-4.69691788701	-41.0	45.0068780609	-0.00392524898052	-0.00491732498631	-0.00801750831306
-3.67096722253	-41.0	55.7810559037	-0.00373817328364	-0.00308273104019	0.00041678789421
3.28538410053	-41.0	67.7624791518	0.00259372382425	0.00030595093267	0.0105246510357
3.49982826961	-41.0	67.6973526774	0.00277104601264	0.000295020232443	0.010468211025
-4.60100985747	-41.0	53.2589937519	-0.00435810023919	-0.00336381816305	-0.00178826390766
-4.95916295767	-41.0	53.3198566949	-0.00464965868741	-0.00332121411338	-0.00170682847966
-4.98022621189	-41.0	53.1515472360	-0.00465581426397	-0.00334749021567	-0.00184728682507
9.27576174616	-41.0	58.7304261252	0.00768150715157	-0.00177848129533	0.00307111884467
9.20151471752	-41.0	58.2952662952	0.00763366091996	-0.00188408710528	0.0027062559966
9.07773792388	-41.0	58.6934210006	0.00753406528383	-0.00179701554589	0.00304418499582
0.704797263018	-41.0	56.5719204668	0.000604077533353	-0.00348718115129	0.00114007806405
0.520471150411	-41.0	56.0899612262	0.000399741344154	-0.00358495628461	0.00061218906194
1.4420256401	-41.0	57.6857150336	0.00136344949715	-0.0030700431671	0.00233277352527
0.9967199345	-41.0	57.4839928294	0.000908725720365	-0.00320794293657	0.00213035289198
3.49204056221	-41.0	52.8461567072	0.00306191900745	-0.00348869734444	-0.0022143011447
3.06492937765	-41.0	52.8819438483	0.00269536790438	-0.00352583290078	-0.00222344906069
3.07863815814	-41.0	53.1519518778	0.00272828154266	-0.00349416094832	-0.00199806690216
4.74520819641	-41.0	51.6861203712	0.00401565432549	-0.00355494837277	-0.00303878309205
4.75891697690	-41.0	51.9561284007	0.0040477369912	-0.0035106674768	-0.00282400008291
5.17329205317	-41.0	51.6824530309	0.00436120480299	-0.0035270890221	-0.00300778564997
-4.90222073539	-41.0	46.7278190152	-0.00418731197715	-0.00454112188891	-0.00677798036486
-4.96013944897	-41.0	46.9836512905	-0.00424867449328	-0.00448676198721	-0.00659091304988
-4.64165051228	-41.0	47.0967443626	-0.00399970309809	-0.00446615228429	-0.00652308901772
-4.11675025651	-41.0	46.0964721681	-0.00352131808177	-0.00467938138172	-0.00725771533325
-4.62376338135	-41.0	45.9152369896	-0.00391797767952	-0.00471666781232	-0.00737091060728
-6.75062266951	-41.0	62.0540949488	-0.00597123149782	-0.00115600659046	0.00591986114159
-6.55175768313	-41.0	62.2161298750	-0.00580646842718	-0.001123094582	0.00606373371556
-7.01536890874	-41.0	62.3569532697	-0.00616826396435	-0.00106797239278	0.00615161564201
-6.84090615781	-41.0	62.5216143788	-0.00602337345481	-0.0010330354562	0.00629556272179
3.71726012916	-41.0	50.2690288651	0.00306226289831	-0.00383920967579	-0.00420113978907
3.40168975702	-41.0	50.5160463063	0.00281430524774	-0.00381612987258	-0.00404107151553
3.47825196027	-41.0	50.1908249792	0.00285722175613	-0.00386273884214	-0.00427643069997
5.44318149014	-41.0	62.0236407475	0.00456536514685	-0.00117027270608	0.0059636333026
-4.86152724880	-41.0	67.1971992766	-0.00424683839083	0.000101219113276	0.0100894263014
-5.33332368973	-41.0	67.0875877312	-0.00464032171294	7.72779530962e-05	0.00998779945076
-3.95468181403	-41.0	66.5471758802	-0.00350851239637	-6.55581025057e-05	0.00961324106902
-4.16827218863	-41.0	66.7114780731	-0.00368242477998	-2.27506006922e-05	0.00973399821669
-4.15882027224	-41.0	66.2326640372	-0.00368774589151	-0.000143491284689	0.00936305616051
7.98080364603	-41.0	51.0636144922	0.00648894021288	-0.0034984620288	-0.00332676572725
0.534482880613	-41.0	67.9097189341	0.000296131998766	0.000290369032882	0.0106987608597
0.122036568477	-41.0	68.2451688474	-4.81814968225e-05	0.000369499670342	0.0109597072005
-10.0988535473	-41.0	62.2131212748	-0.00857302173972	-0.00101298873778	0.00585575355217
7.16179298873	-41.0	65.9643910213	0.00576215004548	-4.86288736283e-05	0.0090133594349
1.18354551159	-41.0	58.6466930295	0.00105749710929	-0.00274697388522	0.00330902938731
1.59416513522	-41.0	65.1983687933	0.00119655649178	-0.000416746421251	0.00861732382327
3.69876806836	-41.0	62.4854118305	0.00309221143834	-0.001142513589	0.00643200147897
3.18944503704	-41.0	60.0275528227	0.00282650627196	-0.00197050860152	0.00443604728207
4.38828992157	-41.0	60.1026217415	0.00383423641324	-0.00181294092909	0.0044233915396
4.68567251474	-41.0	60.0043921256	0.0040850173682	-0.00181070656981	0.00432133022696
4.32896859230	-41.0	59.7553991013	0.00381050561555	-0.00192371278536	0.00412623211741
4.59575841375	-41.0	59.6703414378	0.00403501978144	-0.00191827618983	0.00403667381033
9.28143567509	-41.0	54.4545894717	0.00765371788293	-0.00273977592587	-0.000529764045496
9.44877325617	-41.0	54.6136198514	0.00778263062239	-0.00269789644517	-0.000394617789425
9.27253933930	-41.0	54.8834980701	0.00766165368259	-0.00264752586372	-0.000171913925442
-5.0918810922	-41.0	57.7564068007	-0.00486283143982	-0.00241849967279	0.00229775160551
-5.17864885497	-41.0	58.0102652539	-0.00492229312658	-0.00234330445528	0.00252753845416
-5.43365096630	-41.0	57.4849881116	-0.00513258110732	-0.0024411296472	0.00204501952976
-5.51054106365	-41.0	57.8617984800	-0.00518271699548	-0.0023398110643	0.0023855548352
-10.2992617445	-41.0	52.9046850323	-0.00864059198648	-0.00310182361864	-0.00174284318928
-9.85776610548	-41.0	52.9658737793	-0.00832060072571	-0.00310218543746	-0.00171025563031
-9.91593735420	-41.0	52.8010593717	-0.00835817493498	-0.00313681038097	-0.00184052251279
5.85321599327	-41.0	56.2458555640	0.00513815600425	-0.00262771081179	0.000930185837205
5.46460209264	-41.0	56.6606974245	0.00484200939536	-0.00258595054038	0.00129852106329
-12.1294752545	-41.0	57.6811661653	-0.0100615965202	-0.0019623383414	0.00207286910154
-11.9791775869	-41.0	57.5575800940	-0.00994850788265	-0.00199455209076	0.00198146537878
-11.9940413174	-41.0	57.3628167448	-0.00995468348265	-0.00203573633917	0.00182613835204
-1.73783429919	-41.0	46.1685213508	-0.00158588518389	-0.00466621620581	-0.00725727155805
-2.00716968053	-41.0	46.2755028133	-0.00181126582902	-0.00464511848986	-0.00718039320782
-4.38062460757	-41.0	48.7087993087	-0.00388217438012	-0.00415007025003	-0.00536444922909
-4.48440483603	-41.0	48.4611622360	-0.00395208690315	-0.0041954391636	-0.00554029736668
10.1639265981	-41.0	58.7748831074	0.00834504980594	-0.00173027184792	0.003088937141
10.5045437096	-41.0	58.9959691463	0.00859689712524	-0.00166695821099	0.00326495268382
10.6469829289	-41.0	58.8123228705	0.00870604999363	-0.00170497281943	0.00310897221789
4.61921398732	-41.0	44.6983753142	0.00351151195355	-0.0048530548811	-0.00802722480148
4.59737695728	-41.0	44.9484471417	0.00349251762964	-0.00480238767341	-0.00785980094224
3.55455576215	-41.0	58.0527773126	0.00328016886488	-0.00254382449202	0.00261844648048
3.06868946800	-41.0	58.2363418135	0.00285471207462	-0.00257726432756	0.00281446892768
0.607194938308	-41.0	49.9018588028	0.000360033125617	-0.00400067586452	-0.00463785836473
1.02902041585	-41.0	49.8849050844	0.000731824198738	-0.00399508420378	-0.00463795335963
1.05073198116	-41.0	50.1504227256	0.000757121597417	-0.0039576892741	-0.00444590253755
7.35960217970	-41.0	49.7602938650	0.00591326737776	-0.00377872912213	-0.00435651326552
-6.44482323693	-41.0	58.8886508816	-0.00586404977366	-0.00198729219846	0.00326877855696
-6.04692902828	-41.0	59.2576475471	-0.00554523663595	-0.00192844914272	0.00360537436791
-6.26254251756	-41.0	59.3359743877	-0.00570816965774	-0.00188944605179	0.00366394920275
-7.62648818088	-41.0	59.3135427818	-0.00674554659054	-0.00179398036562	0.00358946737833
-7.88507167958	-41.0	59.4415381965	-0.00693706981838	-0.00174714112654	0.00368745415471
-7.86613237101	-41.0	59.8527018037	-0.00691296346486	-0.00164892489556	0.00403416389599
-7.42656929849	-41.0	59.8218791311	-0.00658052461222	-0.00168239034247	0.00402788538486
3.24229238206	-41.0	65.6352416705	0.00258192140609	-0.000254942773608	0.00889940187335
-7.51364867807	-41.0	55.3030670855	-0.00667341146618	-0.00271969963796	0.000142642922583
-7.48875433076	-41.0	54.8450186094	-0.00664411718026	-0.00281848106533	-0.000249589968007
-7.73979863017	-41.0	55.3044221491	-0.00683892471716	-0.00270313257352	0.000150371502968
-7.76340165158	-41.0	54.8521451010	-0.00684577366337	-0.00279791350476	-0.000233552258578
-10.3694760119	-41.0	49.5582079130	-0.00856517627835	-0.00385856232606	-0.00438884878531
-11.9694838748	-41.0	53.9438706087	-0.00987508893013	-0.00281236832961	-0.000866861490067
-12.1442795234	-41.0	53.9116367312	-0.0100013492629	-0.00281445379369	-0.000889145594556
-7.32018398192	-41.0	58.9228742516	-0.00652471976355	-0.00190951977856	0.00326788215898
-7.84005071086	-41.0	59.1117231930	-0.0069103371352	-0.00182913627941	0.00341042899527
-7.69276549197	-41.0	58.6845575845	-0.00680845649913	-0.0019408686785	0.00305224163458
11.9669442359	-41.0	56.1179382733	0.00967790000141	-0.00228452892043	0.000849471718539
9.37156586525	-41.0	56.1045031742	0.00776199018583	-0.00237459666096	0.000854828045703
9.49703031386	-41.0	55.6176147153	0.00784593913704	-0.00247636297718	0.0004458228359
9.61986752919	-41.0	55.7937291001	0.00793988164514	-0.00243175937794	0.0005942924181
5.53861583769	-41.0	53.6005781632	0.00479032890871	-0.00317179155536	-0.00141013378743
5.18599638861	-41.0	53.9230334954	0.00453297654167	-0.00315124704503	-0.00116017076652
5.58181698759	-41.0	53.8175008483	0.00483768759295	-0.00312938541174	-0.0012226132676
6.85227750517	-41.0	49.1620330999	0.00547476904467	-0.00391117157415	-0.00482367817312
-3.70324430986	-41.0	46.6053839443	-0.0032138407696	-0.00457442458719	-0.00690993992612
-4.09678646580	-41.0	47.5660513096	-0.0035853353329	-0.00437662238255	-0.00620920211077
-4.35859541318	-41.0	47.3287129306	-0.00378454476595	-0.00442143995315	-0.00636838376522
0.386858029249	-41.0	64.6647221417	0.000160617855727	-0.000589981034864	0.0082330647856
-0.0426127130176	-41.0	64.7909735205	-0.000211721853702	-0.000556852901354	0.00833213794976
0.320355777309	-41.0	64.4423389417	0.000103167643829	-0.000656464777421	0.00806454848498
4.96511649571	-41.0	45.7796059619	0.00377541943453	-0.00462432624772	-0.00726900435984
5.25472234383	-41.0	45.5400047865	0.00398330530152	-0.00466159172356	-0.00741268647835
5.14202876604	-41.0	45.9099980342	0.00391209265217	-0.00459374813363	-0.00716838426888
-3.54615071614	-41.0	44.4854749540	-0.00298031489365	-0.00503230281174	-0.00840793270618
-3.62997646443	-41.0	44.2693214131	-0.00303653581068	-0.00508148223162	-0.00855935458094
-2.18299413855	-41.0	49.8657269308	-0.0020971337799	-0.00399758666754	-0.00463178567588
-2.35116144298	-41.0	50.0928022453	-0.0022529384587	-0.00395931815729	-0.00445732846856
4.6865193321	-41.0	66.2898431518	0.00376138137653	-3.65007799701e-05	0.00934885628521
4.69232248160	-41.0	66.1115776569	0.00376983266324	-8.35934260977e-05	0.00921143777668
0.0644119948915	-41.0	57.9557245011	-0.000103645928903	-0.00311189191416	0.00264038541354
-0.272605673638	-41.0	57.7403666677	-0.000471168779768	-0.00318927620538	0.00241283024661
8.18247442304	-41.0	52.0006704123	0.00670806271955	-0.00330155063421	-0.00257473136298
8.42221848386	-41.0	52.4238363873	0.00691506173462	-0.0032050490845	-0.00222447724082
8.39652790391	-41.0	52.0174125402	0.00686942227185	-0.00328925112262	-0.00255309627391
1.99941814517	-41.0	43.8533597190	0.00148550560698	-0.00511582428589	-0.00876229442656
-9.87144964429	-41.0	53.7819080603	-0.00835175253451	-0.00292115542106	-0.00105041183997
7.34863697180	-41.0	62.0106738635	0.00608181580901	-0.00106733036228	0.00586200878024
7.45235587797	-41.0	62.3831362277	0.00614413665608	-0.000966558989603	0.0061604026705
-5.06180469656	-41.0	65.1505486021	-0.00447299377993	-0.000407876708778	0.00848476868123
-6.50798312267	-41.0	65.2600014077	-0.00565538275987	-0.00035607375321	0.00850294809788
-6.74522917366	-41.0	65.3457389724	-0.00584579352289	-0.000331561197527	0.00855901371688
-11.9298935714	-41.0	55.2719617267	-0.00986533332616	-0.00250350846909	0.000179851063876
-11.6840892851	-41.0	55.5960528162	-0.00969250034541	-0.0024407771416	0.000435806257883
-11.4872764628	-41.0	55.5274821237	-0.00954892765731	-0.00246534519829	0.000381867575925
0.902967093834	-41.0	46.5845197037	0.000586790323723	-0.00456017581746	-0.00694520864636
0.433542414443	-41.0	46.4982763293	0.000200149108423	-0.0045837755315	-0.00701657123864
10.4459949636	-41.0	53.2331842796	0.00845768209547	-0.00296194828115	-0.00151973939501
9.92888635234	-41.0	53.2309505643	0.00807681959122	-0.00297775724903	-0.00152809533756
10.2750416847	-41.0	53.4536452808	0.0083427047357	-0.00291880290024	-0.00134128227364
-6.32019283805	-41.0	60.2964710600	-0.0057114851661	-0.00163601525128	0.00448314333335
-6.14886318819	-41.0	60.2326450889	-0.00558068882674	-0.00166514969897	0.00443806685507
-6.29912932994	-41.0	59.8525363025	-0.00571484770626	-0.00175311695784	0.00410647178069
1.16168617197	-41.0	46.2943189798	0.000798979774117	-0.00461289891973	-0.00713516632095
4.65824441975	-41.0	61.1403758529	0.00398260354996	-0.00147895002738	0.00528319226578
5.00022187727	-41.0	60.8912056432	0.00427959719673	-0.00152342370711	0.00505561986938
5.12053863387	-41.0	61.1152187615	0.00436222180724	-0.00144941557664	0.00523545825854
0.164230088598	-41.0	49.6388885029	-3.28343157889e-05	-0.00404395721853	-0.00483403960243
0.390683294148	-41.0	49.5225531099	0.000165620978805	-0.00405848072842	-0.00491351727396
-2.96506893437	-41.0	46.1035005353	-0.00258863484487	-0.00468060886487	-0.00728352041915
-3.05943895043	-41.0	45.6476228383	-0.00264435261488	-0.00477654486895	-0.00760054728016
1.59121254841	-41.0	63.8820666479	0.0012172012357	-0.000802901166026	0.00761276856065
1.44586750394	-41.0	63.5773978934	0.00109733443242	-0.00090032024309	0.0073831952177
3.21070672564	-41.0	63.7006719788	0.00261644995771	-0.000803225615527	0.00741107249632
3.15267117768	-41.0	63.3149374951	0.00258415052667	-0.000920115387999	0.00711356988177
3.05541934497	-41.0	61.0308207861	0.00263442425057	-0.00164798821788	0.00529272295535
-5.32737503751	-41.0	44.9577686424	-0.00442162668332	-0.00492880074307	-0.00803794898093
2.99556307895	-41.0	52.0324404764	0.00257125752978	-0.0036316299811	-0.00291348458268
3.14590744217	-41.0	51.6250237691	0.00267237587832	-0.00367295485921	-0.00321925012395
2.80795563487	-41.0	52.4715570438	0.00243878480978	-0.00359502900392	-0.00257997191511
2.46167109735	-41.0	51.2110599600	0.00204957416281	-0.00376720819622	-0.00358829949982
2.10268178041	-41.0	51.4283393759	0.00174440571573	-0.00375958462246	-0.00344819948077
-8.73134125452	-41.0	54.5835669772	-0.00754427816719	-0.00279755913652	-0.000427491555456
-8.32117358929	-41.0	54.3801785900	-0.00724088586867	-0.0028637314681	-0.000610606395639
-8.63422195456	-41.0	54.8149458211	-0.0074790851213	-0.00275275157765	-0.000237512387685
-8.17740645397	-41.0	54.6151163694	-0.00714222062379	-0.00282201170921	-0.000419080635766
-4.22500124098	-41.0	53.0574851700	-0.00403743097559	-0.00342932087369	-0.00199073692784
-6.49660107965	-41.0	63.3591235941	-0.0057140220888	-0.000831902725622	0.00699138268828
-6.61271592144	-41.0	63.8691381864	-0.0057877372019	-0.000699514406733	0.00739322882146
-6.33791003775	-41.0	63.5724101984	-0.00557752372697	-0.000782376737334	0.00717120058835
-5.79932097226	-41.0	60.3227288461	-0.0053017991595	-0.00166754738893	0.00453351298347
-5.42259868597	-41.0	60.2604484118	-0.00500666722655	-0.00171453133225	0.00450163055211
-5.65743561991	-41.0	60.4810608757	-0.00518125575036	-0.00163558835629	0.00467584701255
-5.57311257000	-41.0	60.0508945065	-0.00513738486916	-0.00175928568933	0.00431391317397
-4.53450894409	-41.0	60.2459313256	-0.00429117772728	-0.0017966919113	0.00454214122146
-4.99742776533	-41.0	60.2296433608	-0.00466803787276	-0.0017594700912	0.00450000632554
-4.87237570276	-41.0	60.4250651449	-0.0045551173389	-0.00171461026184	0.00467452406883
-5.29892157609	-41.0	59.0385889891	-0.00497342087328	-0.00205967389047	0.00344618037343
-5.62594181758	-41.0	59.3725418645	-0.00521327042952	-0.00193723128177	0.00372446887195
-5.46508076285	-41.0	59.5591431518	-0.0050779026933	-0.00190241483506	0.00389489717782
-4.08882261216	-41.0	61.1287854881	-0.00386421754956	-0.00156979565509	0.00531716505066
-1.45676427564	-41.0	53.4732530145	-0.00161151820794	-0.00364509550855	-0.00186859897804
-1.92615815912	-41.0	53.4360659383	-0.00205379049294	-0.00360821164213	-0.0018681071233
-1.93510288413	-41.0	53.6854735221	-0.00207817275077	-0.00359032466076	-0.00165323435795
11.4305218185	-41.0	51.5231259712	0.00908283516765	-0.00331922387704	-0.00289892125875
4.30448201466	-41.0	60.9760508063	0.00370147568174	-0.00155749300029	0.00516793970019
-3.70468279561	-41.0	56.3647140347	-0.00377835170366	-0.0029639613349	0.000981514807791
-0.388093154383	-41.0	44.8254019949	-0.000444499164587	-0.00493758637458	-0.00817395374179
-0.513549493212	-41.0	45.3185285199	-0.000558190164156	-0.00483386777341	-0.0078387055546
3.23993633518	-41.0	47.5487331901	0.00251367827877	-0.00432549929246	-0.00617223931476
2.99069652973	-41.0	47.2354170447	0.00230042799376	-0.00439107324928	-0.00640368787572
3.15211537034	-41.0	47.0349044267	0.00242266361602	-0.00442500086501	-0.00653205951676
3.38656656976	-41.0	47.3450452490	0.00262250797823	-0.00435963505879	-0.00630390364677
2.74419948647	-41.0	48.7202261093	0.00216032774188	-0.00413064891472	-0.00538380816579
-7.93373795992	-41.0	51.6447372970	-0.00684716925025	-0.00345654063858	-0.00286805466749
-7.79568572223	-41.0	51.1615058029	-0.00671826675534	-0.00356220337562	-0.00326105719432
6.37251258987	-41.0	56.8644228191	0.00553377624601	-0.00243187905289	0.00149071984924
6.27153690115	-41.0	57.2568033518	0.00545350369066	-0.00235256832093	0.00183963961899
0.90684159635	-41.0	65.0013745458	0.000608739734162	-0.000485230324557	0.0084818629548
0.84644058171	-41.0	64.7470999226	0.000558348139748	-0.000559828593396	0.00828955043107
1.27896341757	-41.0	64.8875706881	0.000930051319301	-0.000511727586854	0.00838811136782
1.15457372922	-41.0	64.5409469533	0.000826868228614	-0.000615114055108	0.00812687538564
5.64624134270	-41.0	59.7134033839	0.00487369904295	-0.00179561763071	0.00402054423466
6.05601183024	-41.0	59.5212616886	0.0052060293965	-0.00180839071982	0.00383696914651
8.01166572651	-41.0	57.3216451446	0.0067593450658	-0.00218242383562	0.00189124897588
7.60633813962	-41.0	57.2704546682	0.006457506679	-0.00222476688214	0.00184867507778
7.34000240188	-41.0	58.5111772017	0.00623303325847	-0.00195256771985	0.00292518991046
7.73925351018	-41.0	58.6254274094	0.0065310341306	-0.00189482478891	0.00301474286243
8.49326158763	-41.0	57.4835529868	0.00711631029844	-0.00211272970773	0.00202687992714
-7.73318594793	-41.0	61.3628288417	-0.00676635699347	-0.00128616706934	0.00529663870111
-7.21612945916	-41.0	61.3922384820	-0.00636367779225	-0.0013024918735	0.00534956762567
-7.34425582615	-41.0	61.2095227646	-0.0064701908268	-0.00134211755358	0.00519151240587
10.6407916507	-41.0	62.2065001721	0.00862400606275	-0.000907156674657	0.00589973479509
10.3995846403	-41.0	62.5973937545	0.00842546019703	-0.00081873225281	0.00622512353584
10.3225493377	-41.0	62.3698861647	0.00837309006602	-0.000874899968039	0.00604339456186
-9.08669183397	-41.0	48.1845548365	-0.00753016071394	-0.00418315362185	-0.00550338998437
-8.57118197254	-41.0	48.1967719284	-0.00713964644819	-0.00418496364728	-0.00551624642685
-0.949911092255	-41.0	65.7379773396	-0.000984034268185	-0.000292228331091	0.00905114971101
-1.11684946490	-41.0	65.8681924181	-0.00112485513091	-0.000256781378994	0.00914918631315
9.53659941580	-41.0	56.5493120851	0.0078886365518	-0.00226709386334	0.00122973532416
9.98773984544	-41.0	56.9266578274	0.00822417158633	-0.00216174521483	0.00154462305363
10.4903697109	-41.0	56.1595273036	0.00858730264008	-0.0023151114583	0.000899644452147
10.3515268016	-41.0	55.6724455340	0.00847609899938	-0.00242884480394	0.00049401121214
10.1441109675	-41.0	55.6557771180	0.00832306686789	-0.00244029029272	0.000480114831589
10.0386840416	-41.0	55.8325415744	0.0082489810884	-0.00240516127087	0.000627716246527
10.1562535348	-41.0	57.4222584463	0.00834987591952	-0.00204223021865	0.00195830594748
10.4375023035	-41.0	57.1886910998	0.00855784956366	-0.00208475883119	0.001759407809
4.11188793495	-41.0	62.9551561006	0.00341301434673	-0.000980586744845	0.00678238412365
6.18849026131	-41.0	62.6631845418	0.00512796733528	-0.000953460112214	0.00644297152758
5.84312378279	-41.0	62.2011135760	0.00487740151584	-0.00109734828584	0.00608686590567
-11.8364527041	-41.0	53.3455141843	-0.00976826250553	-0.002957792487	-0.00134405610152
-11.4417246788	-41.0	53.3370538322	-0.00948137696832	-0.00297054392286	-0.00136100139935
-11.7371422739	-41.0	53.5590709215	-0.00970008503646	-0.00291025266051	-0.00117690092884
-11.5458073984	-41.0	53.1806942376	-0.00955383293331	-0.00300414557569	-0.00148257275578
6.28137327496	-41.0	45.7719104046	0.0047436542809	-0.00458101695403	-0.00721924146637
6.75873822937	-41.0	45.7557236190	0.00508426874876	-0.0045666997321	-0.00723990937695
-3.53691999494	-41.0	48.1266273290	-0.00315666967072	-0.00427477108315	-0.0058310944587
-3.83757535380	-41.0	47.8288693203	-0.00338804651983	-0.00432799803093	-0.00603176513687
-3.30667219822	-41.0	47.1212068524	-0.00291615258902	-0.00447226688266	-0.00655774911866
-4.98852282566	-41.0	46.2604470957	-0.00422893930227	-0.00464046513662	-0.00711107021198
-8.25602431979	-41.0	49.4428284692	-0.00697227241471	-0.00391456112266	-0.00457638502121
4.47552645496	-41.0	65.4665005298	0.00360833504237	-0.000263206777163	0.00872253067791
4.11573122477	-41.0	65.8810482141	0.0033015103545	-0.000162882526638	0.00905561447144
4.12719032296	-41.0	65.6612197016	0.00331616518088	-0.000221684473217	0.00888615753502
4.41648724777	-41.0	65.8884982743	0.00354886194691	-0.000151660715346	0.00905000418425
2.11377430124	-41.0	59.7610617866	0.00188332551625	-0.00219075777568	0.00427658762783
2.66978198427	-41.0	59.8290744194	0.00238405098207	-0.00210027233697	0.00429889652878
2.47397596997	-41.0	60.0510140872	0.00219098106027	-0.00204336480238	0.00450481940061
-4.92701986656	-41.0	58.0022692518	-0.00472659058869	-0.00237802113406	0.00252665486187
-4.60980229385	-41.0	57.6775604928	-0.00448823766783	-0.00250548240729	0.00223413854837
-4.78401929123	-41.0	57.5041559719	-0.00462974607944	-0.00252343993634	0.00207012938336
-10.7569275457	-41.0	55.1860802061	-0.00901627913117	-0.00257350923494	0.000105183804408
-10.7427035515	-41.0	54.7229699734	-0.00899898353964	-0.0026780241169	-0.000268529431196
-7.79393260078	-41.0	57.3860506881	-0.00689694238827	-0.00223766732961	0.00193766364828
-7.72426806808	-41.0	57.1596064975	-0.00684628402814	-0.00229449570179	0.00174338126089
-7.29745659914	-41.0	57.1232475174	-0.00653283204883	-0.00233589066193	0.00171348813456
-6.35960424050	-41.0	52.0879533589	-0.00567303458229	-0.0034421607852	-0.00261697475798
-6.65611207560	-41.0	51.7710157946	-0.00588334258646	-0.00348764541559	-0.00285117281601
-6.81952512382	-41.0	51.9340695890	-0.00601793639362	-0.0034475682769	-0.00270844763145
-8.64712788772	-41.0	56.7918845280	-0.00751736620441	-0.00231646001339	0.00142651319038
-8.36838543325	-41.0	56.4473490891	-0.00731247989461	-0.00241071172059	0.00113429815974
-8.7108822529	-41.0	56.6415669168	-0.00756233884022	-0.00234643532895	0.00129944342189
-8.32513217810	-41.0	56.6654979150	-0.00728285685182	-0.00236471300013	0.00131958408747
-1.10064736565	-41.0	54.2595675537	-0.00130203156732	-0.00364345428534	-0.00119924824685
-0.7063029319	-41.0	54.3137552924	-0.00090439064661	-0.00367115531117	-0.0011670201784
-3.73908378907	-41.0	44.4992017992	-0.00313515611924	-0.00502984551713	-0.00839570257813
-3.75023284122	-41.0	44.9212064901	-0.00316547905095	-0.00493538565934	-0.00809774454683
-8.32180482051	-41.0	52.1201121134	-0.00715976348147	-0.00334160635248	-0.0024641349446
-8.32929780248	-41.0	51.7247198267	-0.00714728608727	-0.00342483189888	-0.00278085633181
-3.25504357156	-41.0	53.6005484458	-0.00325933960266	-0.00345424748957	-0.00161445164122
-3.25002622407	-41.0	53.3219545848	-0.0032347147353	-0.00348793063313	-0.00185384950601
-3.58549810237	-41.0	53.2302759645	-0.00351526471786	-0.00346572091803	-0.00190167734399
-3.63471977257	-41.0	53.6892427376	-0.0035898166243	-0.00340021378361	-0.00150362355635
9.37293067755	-41.0	53.9690888193	0.00770182115957	-0.00283997133374	-0.000931056973059
9.54884716904	-41.0	53.4733332641	0.00780880777165	-0.00293902121484	-0.00133623520378
6.20850522710	-41.0	55.8705115417	0.00540328444913	-0.00266696489416	0.0006041196757
-3.34918971408	-41.0	58.3663339899	-0.00342854694463	-0.00251547480002	0.00292474520393
-3.15569277444	-41.0	65.8848252290	-0.00285649602301	-0.000242887457716	0.00912499520928
-2.82631069906	-41.0	65.7121300363	-0.00258313212544	-0.000291624804959	0.00900090951473
-1.16329221661	-41.0	59.5531389176	-0.00134038343094	-0.00238203699701	0.00414967676625
-1.46721274249	-41.0	59.7265486598	-0.0016261767596	-0.00228591961786	0.00428793765604
3.90265723236	-41.0	52.7934309849	0.00340578239411	-0.00345635670237	-0.00222062156536
4.47901225494	-41.0	51.2381557132	0.0037636209745	-0.00364394462667	-0.00340942968614
4.51183779188	-41.0	51.8116607513	0.00383478892036	-0.00355114904232	-0.00295887608081
2.85822817562	-41.0	53.0348414336	0.0025254432112	-0.00352963991463	-0.00211560889147
-9.08163143370	-41.0	52.7988251006	-0.00774784758687	-0.00316665251739	-0.00187768158503
-9.49998795477	-41.0	52.8882513626	-0.00805710069835	-0.00313163967803	-0.00178718625102
-9.55815920349	-41.0	52.7234369551	-0.00809435825795	-0.00316577451304	-0.00191756780259
-7.97591971944	-41.0	57.2576758005	-0.00703044747934	-0.00225416012108	0.00182606384624
-4.95795454900	-41.0	51.3278019704	-0.00451775314286	-0.00365716707893	-0.00333457300439
7.69190821092	-41.0	64.1397140044	0.00624971371144	-0.00050638243556	0.00755970785394
-8.65669512682	-41.0	52.5982459790	-0.00742784002796	-0.00322661292739	-0.00206037471071
-8.40117983074	-41.0	52.6172893388	-0.00723979156464	-0.0032333235722	-0.0020580899436
5.94227258226	-41.0	51.9142102429	0.00498869176954	-0.00343730859458	-0.0027671600692
5.91928637069	-41.0	52.3383165091	0.00500201294199	-0.00336323282681	-0.00242799846455
10.9530210388	-41.0	56.5712084661	0.0089344587177	-0.00220741587691	0.00123868137598
-0.794010870945	-41.0	43.8165962942	-0.000744536577258	-0.00516453711316	-0.00887179560959
-10.5145621214	-41.0	61.0731122744	-0.008899115026	-0.00126378645655	0.00490461755544
-10.7265135778	-41.0	60.9376771168	-0.0090602375567	-0.00128965207841	0.00478197121993
-10.9156991289	-41.0	61.2697813007	-0.00920388568193	-0.00121133681387	0.00504065444693
1.49768812611	-41.0	49.6016821801	0.00113404798321	-0.00402518827468	-0.00482280831784
1.93400383167	-41.0	49.6617853560	0.00151376449503	-0.0040037878789	-0.0047590630129
1.74627637589	-41.0	49.2226259063	0.00133664999157	-0.00407701451331	-0.00508164754137
-6.85423406803	-41.0	58.7831103592	-0.00617754925042	-0.00197913008742	0.00316321151331
-7.02508846558	-41.0	58.6634020306	-0.00630932534114	-0.00199477095157	0.00305435690098
-0.858071940023	-41.0	67.9471615917	-0.000876518548466	0.000286355119897	0.0107362540439
-1.39835484497	-41.0	68.1582215861	-0.00132861884777	0.000335711345542	0.010897138156
1.29091878115	-41.0	66.4810159478	0.000929905567318	-6.94595946698e-05	0.00959897227585
1.63858036476	-41.0	66.7272241607	0.00122287229169	1.98464113055e-06	0.00977900624275
1.11178464274	-41.0	66.7802777896	0.000778257322963	7.17566763342e-06	0.00982976797968
-7.55427429002	-41.0	52.9436090886	-0.00662409793586	-0.0032067168504	-0.00183867919259
-8.05879254568	-41.0	52.8939233353	-0.00699743488804	-0.00319096189924	-0.00185108894948
-7.98765303558	-41.0	53.1193001532	-0.00695378985256	-0.00314753782004	-0.00167023821268
0.291185152347	-41.0	66.1919389677	8.05773815955e-05	-0.000160693452926	0.00939377956092
0.281259167537	-41.0	65.9098515861	7.10205931682e-05	-0.000237712098169	0.00917969178408
-0.0645813478765	-41.0	66.3268057221	-0.000221709473408	-0.000127631094074	0.00949883460999
9.68348642240	-41.0	62.4524511715	0.00787606649101	-0.000870396208484	0.00613260874525
9.60113447959	-41.0	62.2724655871	0.00781902112067	-0.000916333228815	0.00598938250914
9.94970626454	-41.0	62.3200694469	0.00808661617339	-0.000895621778909	0.00601588515565
9.84701526142	-41.0	62.0844890442	0.0080155627802	-0.000955124967732	0.00582795916125
-7.18701026886	-41.0	53.1910375902	-0.00636019837111	-0.00317775621079	-0.00165627442766
-7.02754323314	-41.0	53.5997898530	-0.00625857524574	-0.00310602900572	-0.00132509449031
-7.14127126623	-41.0	52.8145468727	-0.00630824221298	-0.00325586879626	-0.00196989881806
11.4016651095	-41.0	56.8992831083	0.00927026476711	-0.00212076492608	0.00150509306695
11.1427498741	-41.0	56.9523585864	0.00907877832651	-0.00211569783278	0.00155309529509
12.2435069713	-41.0	56.4529821988	0.00988952163607	-0.00220364960842	0.00112105347216
8.06103523014	-41.0	54.9098446563	0.00676707923412	-0.00271024554968	-0.000174485961907
7.66926752247	-41.0	54.5702747997	0.00646367669106	-0.00280785793439	-0.000474334461614
8.15883994023	-41.0	55.3462159152	0.00685198605061	-0.00261078844778	0.000198592068045
-9.81953500065	-41.0	58.7312224090	-0.00838145054877	-0.00181684200652	0.00302149145864
3.86845777981	-41.0	65.0234000085	0.00311979628168	-0.00040380723658	0.00840535014868
3.53133164987	-41.0	65.3209713324	0.00283055822365	-0.000332532596076	0.00864766631275
3.84624088486	-41.0	65.4435299144	0.00308926776052	-0.000289375340799	0.00872963294387
-7.65727568890	-41.0	63.1587410215	-0.00664724083617	-0.000847385439556	0.00676406640559
-9.30655037090	-41.0	53.7507647075	-0.00794108398259	-0.00295077101327	-0.00109463743865
9.29054292033	-41.0	51.9365517514	0.00752929784358	-0.00327394530177	-0.00259039434604
9.12383183939	-41.0	51.4768874139	0.00737409712747	-0.00337560125627	-0.00296203466132
9.38224269599	-41.0	51.4836354754	0.00756638497114	-0.00336680631153	-0.00295031047426
7.93740546407	-41.0	51.5356448856	0.00649130158126	-0.0034054685384	-0.00295595428906
-2.14424528625	-41.0	53.0018121344	-0.002227721503	-0.00362317124382	-0.00221604388207
-2.09569411352	-41.0	52.5082768698	-0.00215277308598	-0.00367063120939	-0.00262228213251
-9.33687922001	-41.0	63.9790348095	-0.00795383937657	-0.000618222577032	0.00732714729384
-9.05669612334	-41.0	64.2875630919	-0.00772678898647	-0.000550308905076	0.00759111251682
-9.70407149271	-41.0	56.4836577680	-0.00827763509005	-0.00232971715741	0.00116489618085
-10.1985721042	-41.0	56.2444485391	-0.0086304359138	-0.00236070039682	0.000965431565419
-11.5058171208	-41.0	57.7154704657	-0.00960562378168	-0.0019790136721	0.00212808232754
-10.3040599800	-41.0	57.4316828062	-0.00872435234487	-0.00209002383053	0.00193740904797
-10.1057052106	-41.0	57.2646372092	-0.00857814867049	-0.00213610357605	0.00180465332232
-10.5681484258	-41.0	57.0423139836	-0.00891000125557	-0.00216614408419	0.00161311822012
0.518415386728	-41.0	51.8020994895	0.000308663031319	-0.00378382555209	-0.00323907961138
0.948959159587	-41.0	51.6380833674	0.000704990176018	-0.00378706166521	-0.00335038127378
0.885382235272	-41.0	51.8171245224	0.00065130245639	-0.00377269135788	-0.00321662286296
-5.31564216829	-41.0	52.5818712137	-0.00488638225943	-0.00341821531765	-0.00229423004203
-5.30598146932	-41.0	52.9367668216	-0.00490102963522	-0.00335735594854	-0.0020007987041
-2.16427372784	-41.0	53.5327796772	-0.00228123553097	-0.0035785168875	-0.00176698458381
-10.3981702315	-41.0	50.6150283685	-0.00863346457481	-0.00361674255691	-0.00355850346386
-10.1062124449	-41.0	50.6792874116	-0.00842016097158	-0.00360681512393	-0.0035199795384
-10.0564416443	-41.0	50.5228618356	-0.00837650150061	-0.0036429555621	-0.00364523846656
6.94815895667	-41.0	49.5749338739	0.00558343390003	-0.00382781238295	-0.00451275939122
-10.6695366739	-41.0	53.0876791057	-0.00891474820673	-0.00304961646907	-0.00158342113718
1.25005592566	-41.0	50.0066882026	0.000929350906517	-0.00397273432463	-0.00454227952287
-3.42474769958	-41.0	59.4731051270	-0.00341827841476	-0.00215507834218	0.0039375051856
-3.05260856783	-41.0	59.6649963713	-0.00308287912048	-0.00213716505095	0.004132875707
-2.95503106358	-41.0	59.4757658025	-0.00301149766892	-0.00221349135973	0.00397109054029
-4.03233728024	-41.0	60.2755512164	-0.00387414428405	-0.00183524738532	0.0045995558612
-3.49740106633	-41.0	60.2944050437	-0.00342097389512	-0.00188112852629	0.00465104635805
-3.72405406986	-41.0	61.3477437911	-0.00354245654307	-0.00152889580932	0.0055217971094
-3.61306231075	-41.0	61.1339597817	-0.00346191995777	-0.0016035704175	0.00535178370774
-3.89901075916	-41.0	59.4498443103	-0.00381982093677	-0.00210381112993	0.00388656044379
7.61750551964	-41.0	46.9628067431	0.00584217952564	-0.00433519203216	-0.00640674680471
7.13622261679	-41.0	47.3484896158	0.00552443694323	-0.00426432676613	-0.00612862501293
7.13794153159	-41.0	46.9456357292	0.00548507133499	-0.00434420257807	-0.00641422672197
7.06377549456	-41.0	47.1524707763	0.00545075302944	-0.00430450728163	-0.00626772455871
-11.8560109087	-41.0	58.4528254973	-0.0098785739392	-0.00180725764949	0.00270360871218
-12.0772575058	-41.0	58.1395182252	-0.0100344577804	-0.00186699035112	0.00244083255529
-12.0641838995	-41.0	58.5970556337	-0.0100353257731	-0.00177017424721	0.00280832778662
-3.96332555977	-41.0	66.8092732972	-0.00350885349326	3.77226825776e-07	0.00981592014432
-3.51393579829	-41.0	66.7762068154	-0.00313377543353	-1.05372573671e-05	0.00980275124311
-6.62945288450	-41.0	61.5754968811	-0.00589623162523	-0.00128479464911	0.00553396018222
-6.32944909025	-41.0	61.3004542408	-0.00567198731005	-0.00137249706313	0.00532382680103
-6.50828309948	-41.0	61.0968988134	-0.005822267849	-0.0014153389493	0.00514455186203
-6.76521524521	-41.0	61.3620033540	-0.00601229118183	-0.00133274553809	0.0053499257192
6.56761066990	-41.0	63.0856110546	0.00540809659287	-0.000822810223326	0.00676449155435
-3.04733377314	-41.0	53.4656170885	-0.00306914607063	-0.00349256722257	-0.00174919259734
-2.84081514066	-41.0	53.8721027785	-0.00291706970893	-0.00347245321609	-0.00141442508902
-6.25672508099	-41.0	49.2762226875	-0.00542001193389	-0.00399492681026	-0.0048242919147
-6.03008169056	-41.0	48.9895642553	-0.00522349961102	-0.00405825581402	-0.00505526037887
-6.34433326209	-41.0	49.0438046156	-0.00547417765483	-0.0040399893187	-0.00499472999945
-5.96057845223	-41.0	49.1817163372	-0.00518071791157	-0.00402135029435	-0.00491480901837
-5.45035712578	-41.0	48.3701535553	-0.00472457753494	-0.00419524312019	-0.00555256195366
-5.75493082419	-41.0	48.6898619826	-0.00498688360676	-0.00412477692589	-0.00529689062387
-5.80620081647	-41.0	48.4926666962	-0.00501518277451	-0.00416367780417	-0.00544091034681
-6.78432844363	-41.0	49.8480317010	-0.00586758321151	-0.00386480451562	-0.00435299379751
-6.36436643794	-41.0	49.8106870562	-0.0055379406549	-0.00388468056917	-0.00440960330889
-6.78099252770	-41.0	49.6431008725	-0.00585239287466	-0.00390669284388	-0.00451067229733
-6.47848490701	-41.0	49.5708436182	-0.00561222340912	-0.00392959266901	-0.00458563584834
-7.50371618426	-41.0	46.6744234995	-0.00622812751681	-0.00453533651307	-0.00670974561945
-7.43714247954	-41.0	47.2075721318	-0.00620985077694	-0.00441608810797	-0.00631437357515
9.85158715781	-41.0	54.5129723936	0.0080755725503	-0.0027030154597	-0.000473084714031
10.2532953053	-41.0	54.5114912453	0.00837094523013	-0.002688648412	-0.000470661179861
10.0618857963	-41.0	54.2692122775	0.00822122395039	-0.00274827796966	-0.000672676775139
-6.95585507107	-41.0	54.0795575660	-0.0062244865112	-0.00301479315385	-0.000924789987039
-6.66300748533	-41.0	54.1922040650	-0.0060096392408	-0.00301452097483	-0.00084492348833
-6.85558688719	-41.0	53.8991951785	-0.00614226423204	-0.0030582586769	-0.00108300254215
4.42157319390	-41.0	50.6589468931	0.00367253390141	-0.00374083709903	-0.00385627918877
-1.38276244021	-41.0	45.8107388097	-0.00128256040625	-0.00473793596029	-0.00750579545274
-1.93451611132	-41.0	46.0097312789	-0.00174187240191	-0.00469919992611	-0.00736530451104
-0.90434082449	-41.0	51.5886401795	-0.00101662089583	-0.00380412512459	-0.0033980673179
-1.39583700783	-41.0	51.8898932108	-0.0014799265191	-0.00376244215295	-0.00314986798912
10.8914590927	-41.0	61.0059237993	0.00884917005897	-0.00118580437265	0.00491198105738
10.6621141448	-41.0	60.9771820420	0.00867475941777	-0.00119807966985	0.00489589758217
6.39119190613	-41.0	59.2546192728	0.00547965196893	-0.00184739101678	0.00359397684224
6.39362800163	-41.0	58.7667574938	0.0055032717064	-0.00197183829732	0.00317038292997
6.67041717855	-41.0	58.8749241002	0.00571105862036	-0.00191908713896	0.00325639476068
-7.08799607616	-41.0	55.5458237423	-0.00636559072882	-0.00270134676248	0.000339166115737
-7.62300148307	-41.0	55.5275675719	-0.00675792945549	-0.00266356673092	0.00033804931445
-6.72625334994	-41.0	46.1254697933	-0.00559035222977	-0.00466251559556	-0.00714542903006
-10.0890177044	-41.0	60.8430475775	-0.00857743807137	-0.00132646108977	0.00474143587053
-9.70552346501	-41.0	60.5300068993	-0.00828988943249	-0.00140942272265	0.004506285768
-9.92587101809	-41.0	60.4526582104	-0.0084567470476	-0.00142030918505	0.00443121651188
-5.51246426026	-41.0	64.8175019772	-0.00485645281151	-0.000484645686811	0.00820234790444
-5.97558722465	-41.0	64.5247858546	-0.0052464469336	-0.000549346732441	0.0079483082518
-5.02112966384	-41.0	64.0603880661	-0.00448182271793	-0.000693497189786	0.00762946577743
-6.42878403399	-41.0	64.2494750811	-0.0056250365451	-0.000608483620454	0.00770626356825
7.76740612299	-41.0	56.4152286981	0.00657849851996	-0.00240557151847	0.00110935245175
7.48222517892	-41.0	56.5980663153	0.00636701611802	-0.00238738791086	0.0012651940342
1.85440997398	-41.0	56.5950280964	0.00179606920574	-0.00328478775918	0.00117828382645
1.57436324190	-41.0	54.6883648258	0.00145019055344	-0.0035620033741	-0.000768110039644
1.59086576549	-41.0	55.2271401974	0.0014958276879	-0.00352517701685	-0.000245446542976
4.64195077013	-41.0	55.7551200054	0.00418964633718	-0.00289368000813	0.000443438329967
4.64588232245	-41.0	55.1358093142	0.00417046202347	-0.00300810392946	-0.000124294645502
1.99385219471	-41.0	53.1344331189	0.00174980121665	-0.0036047345493	-0.00210654549301
2.00096253212	-41.0	53.7304839840	0.00179725710768	-0.00356231257319	-0.00160063663498
0.28508340549	-41.0	55.1504041724	0.000132827291964	-0.00367215415463	-0.000374442606699
0.259013684155	-41.0	54.5817530257	9.81373377726e-05	-0.00368453538977	-0.000927913701162
2.93331254127	-41.0	56.5963065870	0.00279166153632	-0.00304422574118	0.00119696417823
2.916054815	-41.0	57.1006223409	0.00277148210444	-0.00293037947267	0.00170336198062
5.91494442410	-41.0	54.7038873869	0.00514274975285	-0.0029324896168	-0.000436345202615
4.39854155169	-41.0	56.1794686774	0.00400508800521	-0.00284813647158	0.000829909986351
3.33785030248	-41.0	55.6725498236	0.00312032015063	-0.00313440570608	0.000300858693663
3.27519526037	-41.0	55.1009729447	0.00303933047689	-0.00323344650678	-0.000248220894719
0.447716563854	-41.0	54.1142426553	0.00028609536821	-0.00368226226419	-0.00135319656692
0.579695653783	-41.0	53.7031453550	0.000410237058531	-0.00368294701912	-0.00170993141364
1.78766288701	-41.0	54.2094244049	0.00162760552485	-0.00355897611007	-0.00119444355369
0.344650684555	-41.0	52.1385927389	0.000150345949805	-0.00376056181267	-0.00298460177146
1.93368842964	-41.0	52.5729704158	0.0016581332311	-0.00365435821004	-0.00256867567077
2.95681268	-41.0	53.5350317750	0.00265112915076	-0.00346627109684	-0.00168490223587
0.142747829117	-41.0	55.5928030561	-1.76845624082e-05	-0.00365393492393	7.7787473856e-05
0.344142921845	-41.0	55.6594446597	0.00020251137903	-0.0036416396033	0.000149825224071
0.55041422406	-41.0	57.0174194777	0.000434522342402	-0.00339851877652	0.00162893871311
0.789424309917	-41.0	57.0927539394	0.000693874491844	-0.00335292844102	0.00171037949622
4.58602073292	-41.0	54.5447152749	0.00409225746989	-0.00311770779081	-0.000659983081277
3.16376654564	-41.0	56.1347244771	0.00298574566841	-0.00308776414022	0.000743687443901
4.55237628703	-41.0	52.3491800162	0.00390966888517	-0.00346459564753	-0.00252605951391
-0.43530230741	-41.0	58.4730178127	-0.000636208918877	-0.00289134611376	0.00316251977347
-0.331764232139	-41.0	58.6620897333	-0.000524083559867	-0.00281481747516	0.00334935099818
-0.0124552701281	-41.0	58.3018487041	-0.000187247715076	-0.00297291856259	0.00299533572979
-2.29507410633	-41.0	47.1836055603	-0.00208376650698	-0.00446510780603	-0.00654264958575
-0.963612769939	-41.0	47.4930492425	-0.000979695352726	-0.0044068582356	-0.00634524831548
-3.67614490252	-41.0	63.6580214489	-0.00337613839656	-0.000843165325932	0.00737768597901
-3.78476101997	-41.0	63.7854830327	-0.00346223521046	-0.000803887844086	0.00747273722664
0.620237097478	-41.0	45.2387755542	0.000365336978575	-0.00483704125509	-0.00787064246833
-8.30877821128	-41.0	63.7306144006	-0.0071463692002	-0.000693830137607	0.00718703260645
-6.05727999049	-41.0	62.0650576774	-0.0054187765345	-0.00118534360081	0.00596927525476
-5.80163909488	-41.0	61.7786026159	-0.00522800255567	-0.00127485417761	0.00574956415221
6.97200379239	-41.0	58.6675896929	0.00594896962866	-0.0019445217913	0.00306875468232
6.97991060904	-41.0	58.5021787826	0.00596056785434	-0.00198454852216	0.00292526953854
4.40963306148	-41.0	54.0251800920	0.00391694996506	-0.00322315166704	-0.00113155145664
4.42214096650	-41.0	53.6539115388	0.00390130863525	-0.00327854813077	-0.00145162863191
4.14204606738	-41.0	53.9714251946	0.00369396014139	-0.00326433172449	-0.00120059901383
4.22549168883	-41.0	53.5891256845	0.00373526499607	-0.00331032765098	-0.00152391742449
-10.5068676087	-41.0	60.8354168165	-0.00889396108687	-0.00131765508559	0.00471150362864
8.78134311847	-41.0	62.1479695111	0.00719013856724	-0.000972682784777	0.0059174997732
9.22058661684	-41.0	62.2248152968	0.00752676511183	-0.00093917909544	0.0059641120024
9.13274823316	-41.0	62.0207956883	0.00746700074524	-0.000991981942207	0.00580120598897
-6.47442813681	-41.0	55.5102363939	-0.00591009156778	-0.00276332511567	0.000288452632958
-6.14472232814	-41.0	54.6149874560	-0.00563558237627	-0.00297556724399	-0.000509341072757
-6.58879868240	-41.0	54.6970412736	-0.00597257027403	-0.00291960011236	-0.000415287009673
-6.47838449217	-41.0	54.5069123197	-0.00588305434212	-0.00296713365242	-0.000584982975852
-0.582408021097	-41.0	54.6857293596	-0.000786685675848	-0.00367207941599	-0.000823721988127
-0.83820370485	-41.0	55.0101430175	-0.00106318003964	-0.00364441797137	-0.000501046015415
-1.38729869969	-41.0	54.5761386660	-0.0016038112808	-0.00360312289558	-0.000890468712896
-1.56694089808	-41.0	54.4137222955	-0.00177151360549	-0.00358935678378	-0.00102991424501
2.41427623518	-41.0	50.4344367144	0.00196468341164	-0.00387363531627	-0.004170358181
2.35734895169	-41.0	50.1584744385	0.00190125929657	-0.00391554832458	-0.00437605846673
2.12190270065	-41.0	50.0848861318	0.00169406866189	-0.00393496220931	-0.00444348854944
1.92395238524	-41.0	50.4286541603	0.00153679260984	-0.00389376631938	-0.00420389091596
2.54640694065	-41.0	64.4461676318	0.0020248524379	-0.000608667964116	0.00801359210163
2.95762548621	-41.0	64.2048392446	0.0023822246585	-0.00066538178362	0.007812009193
5.77355574986	-41.0	53.2292914576	0.00495012663305	-0.0032162796706	-0.00170584709849
5.78374589419	-41.0	53.6849997891	0.00498713646084	-0.00313397264108	-0.00132160901558
5.22753512808	-41.0	64.6014734155	0.00425432436168	-0.000471186474897	0.00802061893046
5.62633772063	-41.0	64.2314533352	0.00459448574111	-0.000555922684725	0.00771395163611
4.83947260267	-41.0	64.9998644783	0.00392196048051	-0.000377223244868	0.00834682025015
10.0367916113	-41.0	48.9287399102	0.00784233864397	-0.00390438176692	-0.00494310073555
9.86733060141	-41.0	49.1229874401	0.00773465074599	-0.00386340264231	-0.00479311542585
1.35664137363	-41.0	51.5636784019	0.00107708736323	-0.00377956870943	-0.00338898971677
1.45620452337	-41.0	51.3818484975	0.0011604091851	-0.00379463867284	-0.00352134066634
1.65360411011	-41.0	51.7064236897	0.00135424884502	-0.00375184090808	-0.00326434290037
1.73967509759	-41.0	51.5392776815	0.00142421270721	-0.00376522680745	-0.00338667281903
-2.98459631363	-41.0	50.9791483717	-0.00284754880704	-0.00380836054683	-0.0037559340708
-2.66506954360	-41.0	51.1470181373	-0.00258027529344	-0.00379826081917	-0.00364885758609
-0.224323041241	-41.0	65.1712360870	-0.000366714026313	-0.0004483970406	0.00862170662731
-0.317880758758	-41.0	65.5489011388	-0.000444306526333	-0.000342422368703	0.00890879984945
-1.41973880472	-41.0	56.2597874776	-0.00170122005511	-0.0034459666349	0.000811028818134
-1.02419665586	-41.0	56.0380439152	-0.00128654856235	-0.00354164792225	0.000564387475606
7.47482172381	-41.0	63.1459933302	0.00612400192767	-0.000769271282479	0.00677468487993
1.81231280375	-41.0	52.0921440989	0.00151885894593	-0.00370545499027	-0.00295676081441
1.69115581410	-41.0	52.2741547681	0.00141757191159	-0.00369613617659	-0.00282220845111
-1.84792089419	-41.0	52.1649449914	-0.00190749624744	-0.00371720804833	-0.00291159260087
-9.97704238169	-41.0	59.9200884205	-0.00849788077176	-0.00154029764235	0.00399219989777
-4.14849989164	-41.0	63.8502178812	-0.00376521726139	-0.000775275984779	0.00750660011545
-4.58182672232	-41.0	64.0586852977	-0.00411786139011	-0.00070603180211	0.00764984684065
-1.99336590720	-41.0	58.3619523388	-0.00221530371346	-0.00275051221251	0.00299229682423
-1.72085935684	-41.0	58.5777903871	-0.00194081838708	-0.00271352031268	0.00321666477248
-8.56331080134	-41.0	52.8442375821	-0.00736841140315	-0.00317816063762	-0.00186549371574
-8.35686760776	-41.0	59.3312332936	-0.00729285459965	-0.00174677406903	0.00357597530819
5.12489883337	-41.0	67.1255455712	0.0041044796817	0.000195563407033	0.00997655000538
-10.2339328070	-41.0	57.9627702617	-0.00867997482419	-0.00197359616868	0.00237491051666
-10.0674796915	-41.0	57.5383563660	-0.00855381507427	-0.00207617552951	0.00203071464784
-1.62042446114	-41.0	44.4090512602	-0.00142905372195	-0.00503940694034	-0.00847113877535
-1.87396926134	-41.0	43.9879158073	-0.00161767704412	-0.00513539835811	-0.00876343436539
-6.50483801562	-41.0	61.9773749211	-0.00577975716442	-0.00118693639524	0.00587135134265
-6.83946536271	-41.0	61.6018464677	-0.00606041727588	-0.0012675751932	0.0055436398834
-8.03535688337	-41.0	62.7554236606	-0.00695793936029	-0.000934912823141	0.00641630543396
-8.09789122792	-41.0	58.4140327983	-0.00711319223046	-0.00197833799757	0.00281049031764
-8.59413455571	-41.0	58.5294091994	-0.00747870281339	-0.00192192546092	0.00289410748519
7.27798964667	-41.0	56.9031648082	0.00621442822739	-0.00233590579592	0.00152946927119
7.30026715500	-41.0	57.0745801582	0.00623023929074	-0.00229495344684	0.00167891872115
8.61804231471	-41.0	57.9566042362	0.0072037470527	-0.00199536094442	0.00242861639708
8.98828754931	-41.0	57.8946686456	0.00748026045039	-0.00198855088092	0.00237105390988
1.48842131581	-41.0	50.4105594071	0.0011523202993	-0.00391094572842	-0.00423925556242
2.87605153883	-41.0	59.0705113242	0.00262690079398	-0.00233698147349	0.00360661721788
3.03111668135	-41.0	59.5694310934	0.00272442330606	-0.00214480864815	0.00404552789405
3.32908875755	-41.0	59.3077172641	0.00300363893621	-0.00219140946865	0.00379223702475
3.30640867144	-41.0	59.1386086899	0.0029970430769	-0.0022498157341	0.00364111224189
2.74687426462	-41.0	58.5869446339	0.00254818447866	-0.00252164434642	0.00316499685869
2.52079448704	-41.0	58.5305758371	0.00234895944595	-0.0025803851895	0.003124659881
4.00135333540	-41.0	59.5847251556	0.00355157419108	-0.00201472640038	0.00399632006884
3.68931503756	-41.0	59.4266142486	0.00330159254372	-0.00210405676626	0.00387565628625
3.96117477662	-41.0	59.4015304756	0.0035315763671	-0.00207609916106	0.00383672374301
3.27765409701	-41.0	50.8647397962	0.00273261661641	-0.00377067690715	-0.00378931174055
3.18666809141	-41.0	51.2313657074	0.00267986534163	-0.00372370192781	-0.00351855135523
7.13055777885	-41.0	55.2602018883	0.00608390942216	-0.00270615401678	9.8151009297e-05
6.81306851393	-41.0	54.9223039141	0.0058346320875	-0.00280309398659	-0.000205019008718
7.82274725104	-41.0	46.5708180197	0.00594807136804	-0.00441144639626	-0.00669280346483
-2.34737055413	-41.0	57.7690899331	-0.00257859472185	-0.00288441660814	0.00238703633659
-2.35825619706	-41.0	58.1946212268	-0.00256595108658	-0.0027445894666	0.00280949869193
-4.12082692914	-41.0	50.9367453554	-0.00380600662902	-0.00376431061886	-0.00370597816072
-4.02855779545	-41.0	50.4389340250	-0.00369741721079	-0.00385051453486	-0.00409478601068
-4.20620473878	-41.0	50.5416291240	-0.00385121209547	-0.00382622913457	-0.00400357227772
-2.59690402322	-41.0	48.1364394453	-0.00237502530217	-0.00428397906944	-0.00586172100157
-2.93521331561	-41.0	47.6484013737	-0.00263503217138	-0.00437224283814	-0.00619675219059
-2.47610498550	-41.0	48.5506634194	-0.00229134364054	-0.004210755229	-0.00557056395337
-2.27697552194	-41.0	48.5566978829	-0.00212322478183	-0.00421185093001	-0.00557315023616
-2.08231886319	-41.0	49.4066265974	-0.00199118605815	-0.0040713804774	-0.00496967462823
-2.42696499121	-41.0	49.8418399717	-0.00230677728541	-0.0039961640723	-0.00463826395571
-5.55565606601	-41.0	56.1335606680	-0.00523009663448	-0.00273163313977	0.000815715990029
-5.16614419552	-41.0	56.6146941366	-0.00493593234569	-0.00267748255283	0.00124722276814
-5.98193713324	-41.0	55.6874153131	-0.0055449209176	-0.00277626886964	0.000427950319136
-6.00257061582	-41.0	56.0944417070	-0.00556728849187	-0.00268831825815	0.000792086299043
-5.26946336260	-41.0	57.0438165861	-0.00501333363354	-0.00256647542119	0.00164254172705
-4.80290747219	-41.0	56.8470748066	-0.00465456675738	-0.00267661642283	0.00145840202458
-4.87146067595	-41.0	57.0709804485	-0.00470586307347	-0.00261494540609	0.00166715565138
-0.315412477396	-41.0	44.3723864663	-0.000374679424567	-0.00503548095003	-0.00848247203976
9.16537785884	-41.0	63.2628214512	0.00744261266664	-0.00068549340358	0.00680566346273
4.13422212293	-41.0	50.2596978227	0.00340707064606	-0.00382070848718	-0.0041771158576
12.2687523224	-41.0	55.0693449299	0.00987510383129	-0.00251531042159	-1.92978895939e-05
12.0557890396	-41.0	55.2077476016	0.00972152873874	-0.00248777563684	9.763379785e-05
3.94652112879	-41.0	48.6717911440	0.00314587494358	-0.00409946357831	-0.0053413589485
4.40299089122	-41.0	48.3399090547	0.00349160423502	-0.00414414191619	-0.0055457400158
3.83637063122	-41.0	49.0981620690	0.00308322790079	-0.00402860948816	-0.00504504842684
-3.81164815284	-41.0	64.6351560858	-0.0034501652699	-0.000568026618566	0.00813548732549
5.59877790754	-41.0	51.6067242550	0.00469457171857	-0.0035130425822	-0.00303554371931
10.9321537084	-41.0	53.2888175957	0.00881827902049	-0.00293772970326	-0.00147112528794
11.1016928174	-41.0	53.0876880237	0.00893299281597	-0.00297839962877	-0.00163454888389
11.2010199573	-41.0	53.6158211261	0.00903173722327	-0.00285969744436	-0.00120353477541
-6.06795183955	-41.0	50.9988428772	-0.00537989288568	-0.00366381113417	-0.00350816966966
-6.47816353926	-41.0	51.3634006655	-0.00572204263881	-0.00357536273077	-0.00318971532397
-6.45610437414	-41.0	66.2369946514	-0.0055854790844	-0.000119257158076	0.00927568227053
-6.55595645659	-41.0	66.4648451995	-0.00566156068817	-6.3693827542e-05	0.00945060700178
4.26212731798	-41.0	54.1978917708	0.00380805949681	-0.00321518443525	-0.000992083339952
4.78251007910	-41.0	54.1823172182	0.00422812299803	-0.00315304519609	-0.000965162354987
-7.65273301160	-41.0	48.4407017775	-0.00645211106166	-0.00414240872487	-0.00537569448352
-8.13108569391	-41.0	48.2686444703	-0.00680833216757	-0.00417375657707	-0.00548212230206
-2.60115843065	-41.0	46.6760807987	-0.00231594359502	-0.00456422800198	-0.00689100148156
-0.595652826594	-41.0	46.6410880255	-0.000654267903883	-0.00456649903208	-0.0069333971478
-8.43412990744	-41.0	47.0859510371	-0.00696872081608	-0.00443739630282	-0.00636542635038
-8.76191857953	-41.0	47.3355212877	-0.00723393401131	-0.00437877653167	-0.0061641219072
-8.39760520456	-41.0	47.3303721014	-0.0069555900991	-0.00438189366832	-0.00618191389367
-7.15639055364	-41.0	48.6232665480	-0.00608052546158	-0.00411117449403	-0.00526446988806
-3.96342972761	-41.0	62.2619652166	-0.00368962762877	-0.00123761000577	0.00625294772908
-4.15253306632	-41.0	62.7234601241	-0.00382332107984	-0.00109376583714	0.00661308970302
-4.22232473563	-41.0	62.2912421258	-0.00390543160029	-0.00121579424012	0.00626165000722
-6.77388801736	-41.0	48.6310157596	-0.00578404869884	-0.00411649653688	-0.00528049934655
-6.7268369662	-41.0	48.8353382845	-0.00576014444232	-0.00407467642799	-0.00512899737805
-4.39155369760	-41.0	67.1424127583	-0.00385756394826	8.53849342093e-05	0.0100615844131
-2.44441501595	-41.0	54.5743299984	-0.00261052395217	-0.00345773133449	-0.000814353465103
-2.93930403792	-41.0	54.5641923759	-0.00305263069458	-0.00338402506895	-0.000782721617725
-2.66239725779	-41.0	54.2617345549	-0.00278607080691	-0.00345626031049	-0.00108232791536
-2.44914363451	-41.0	54.3848273097	-0.00260192994028	-0.00347435497679	-0.000988471438177
-2.47241320079	-41.0	45.1216424667	-0.0021454419475	-0.0048882169649	-0.00797546748072
-2.23569081175	-41.0	45.0064674748	-0.00194900552742	-0.00491219758987	-0.00805724505335
-2.40828856071	-41.0	44.6582629614	-0.00207431381568	-0.00498917279765	-0.00829778052866
8.08992852495	-41.0	61.4917894565	0.00668421387672	-0.00116422597785	0.0054073529318
8.33249817233	-41.0	61.4845494689	0.00687199598178	-0.00115514395293	0.00539215374738
8.13754394018	-41.0	61.1344454403	0.00673726433888	-0.00125153688714	0.0051114410162
8.33430758175	-41.0	61.1568203591	0.00688780006021	-0.00123667146545	0.00512254424393
6.65763792952	-41.0	61.5357868748	0.00556450150907	-0.00122848013416	0.00550403166562
6.69529012176	-41.0	61.2115822280	0.00561232771724	-0.0013117864728	0.00523497024551
6.89417303301	-41.0	61.1784108457	0.00577008025721	-0.00130821380299	0.00519856996834
7.03592049555	-41.0	59.9299375966	0.00594473304227	-0.00162185064983	0.0041476469487
6.96743242398	-41.0	60.3528632138	0.00587087264284	-0.00151803321205	0.00450707320124
6.75178095948	-41.0	60.2947995174	0.00570650212467	-0.00154830352403	0.00446714507416
-10.9568486729	-41.0	52.0468485503	-0.00909592676908	-0.0032799472101	-0.00240351166576
2.62879555705	-41.0	50.2845158026	0.00214173994027	-0.00388620956801	-0.00426664808765
2.66169461180	-41.0	50.8331911413	0.00220159278251	-0.00380692328326	-0.0038582184352
2.96988772640	-41.0	50.5953367624	0.00245250784792	-0.00382550130598	-0.00401363894343
-1.07234384317	-41.0	62.3678797838	-0.00115256209392	-0.00131617265288	0.00646436819807
-1.15259619102	-41.0	62.7045733136	-0.00121635221876	-0.00120193825569	0.00672499462962
-6.25666253800	-41.0	47.4403574538	-0.00530481664464	-0.00437660096213	-0.00619658920914
-6.45295591532	-41.0	47.0614922988	-0.00543512497097	-0.00445649120957	-0.0064669251442
-6.26920493890	-41.0	46.9144126178	-0.00528189679608	-0.00449010776356	-0.0065834610723
-6.09351334227	-41.0	46.9922059931	-0.00514863152057	-0.0044746985659	-0.00653415732086
-6.70319283762	-41.0	46.6774817752	-0.0056067542173	-0.00453909905627	-0.00673941383138
-6.51944186121	-41.0	46.5304020942	-0.00545405736193	-0.00457283528522	-0.00685525825247
-1.60683748178	-41.0	54.6374084116	-0.00182344857603	-0.00357291824184	-0.000818930624519
-1.24874994970	-41.0	54.9547400626	-0.0014833942987	-0.0036027294118	-0.000536610314157
-8.23665599517	-41.0	53.0886577598	-0.00713672535494	-0.00314150191844	-0.00168246182147
-8.97544707459	-41.0	62.6244607122	-0.00769619923085	-0.000941478705499	0.00625566672534
-9.45567825891	-41.0	62.6974238874	-0.00806844513863	-0.000913876050618	0.00628653448075
8.56644925540	-41.0	47.8006080425	0.0066370558925	-0.00415660673752	-0.00579881994054
8.28770786043	-41.0	64.3758301260	0.00670981267467	-0.000429405656178	0.00772641226649
-5.92297067637	-41.0	50.5743997420	-0.00523913651705	-0.00375070562586	-0.00385086680762
-5.68240952880	-41.0	50.6195357726	-0.00505168596283	-0.00375174335204	-0.00383345177397
-7.12079579536	-41.0	50.1480446348	-0.0061458684504	-0.00379359303042	-0.00409911386669
-7.23631616435	-41.0	50.5082427927	-0.00625590607524	-0.00371615611948	-0.0038110841997
-7.42592109888	-41.0	50.4450927430	-0.00639742147177	-0.0037230453454	-0.00384813710116
-7.36965143778	-41.0	50.1163971630	-0.00633521331474	-0.00379279046319	-0.00410768017173
-9.49773987524	-41.0	56.8534538533	-0.00813325773925	-0.00225675082766	0.00147328292951
-9.17096857721	-41.0	56.6261765611	-0.00789482239634	-0.00232436950319	0.00128563819453
8.26771649575	-41.0	48.1596145067	0.00645143911242	-0.00408440735191	-0.00553257577121
8.43633943177	-41.0	48.3194083848	0.00659310631454	-0.0040492080152	-0.00541227450594
-9.59603856982	-41.0	63.6480871318	-0.00816315598786	-0.000691194669344	0.00704563315958
-9.82346798024	-41.0	63.2768665573	-0.00834661722183	-0.000773452571593	0.00673283683136
9.45206363461	-41.0	60.8348447471	0.00775619735941	-0.00126912503038	0.00481825228781
9.74077690217	-41.0	60.5805667251	0.00798426009715	-0.00131979747675	0.00459924293682
9.59428714018	-41.0	60.3810693749	0.00787907559425	-0.00137282023206	0.00443904008716
-0.843052191261	-41.0	45.6412727642	-0.000835397280753	-0.00476939976215	-0.00762088643387
-2.46575932939	-41.0	46.2546379323	-0.00218708696775	-0.0046497057192	-0.00718793133274
-5.10676305671	-41.0	58.5152076392	-0.00484693143517	-0.0022212266922	0.00298682739958
0.491305733779	-41.0	65.9779428336	0.000250553392107	-0.00021674988966	0.00922924187034
0.5115814823	-41.0	66.4868043326	0.00026918243384	-7.8933306213e-05	0.00961545761675
-0.0575131513631	-41.0	49.2317749421	-0.000226979143918	-0.00410689879209	-0.00512587232515
0.170219977484	-41.0	49.3863636146	-2.8112966902e-05	-0.00408133119345	-0.00501379556954
-2.40124880677	-41.0	53.8910909342	-0.00252354121767	-0.00352362683043	-0.00143580208533
-2.18799518349	-41.0	54.0141836889	-0.00233616470359	-0.00353922974318	-0.00134450977203
1.88594176965	-41.0	57.5623170257	0.00180872739293	-0.00302486191504	0.00219229492359
-5.98546085646	-41.0	56.9177790665	-0.00555787328631	-0.00250848336145	0.00153062620666
-6.13687042919	-41.0	56.4808273992	-0.00567142525688	-0.00258976919577	0.00114048062824
-4.55356948130	-41.0	57.4333056660	-0.00445054704323	-0.0025749807246	0.00200701225549
-4.22162612679	-41.0	57.3827056205	-0.00418824376538	-0.00263975770213	0.00196326081641
-0.57537884497	-41.0	58.6412221316	-0.00077983335359	-0.00281247776002	0.00332454033196
-0.94452075633	-41.0	65.9159432866	-0.000976892071776	-0.000243504793616	0.00918662082404
-0.60608262414	-41.0	65.7554225226	-0.000689413340297	-0.000286487978883	0.00906570442021
-0.719048691365	-41.0	65.9469653771	-0.000783803407103	-0.000234411665588	0.00921110250056
-3.20457749340	-41.0	51.7175797144	-0.00308315991424	-0.00369420670904	-0.0031678720843
1.11463917926	-41.0	62.3170871109	0.000834900012705	-0.00132003135514	0.00641765864566
1.42374079786	-41.0	62.1267401487	0.00112002249807	-0.00137472676579	0.00625879643485
-0.42583292139	-41.0	43.9930068766	-0.000453795277281	-0.00512095214799	-0.00874442048371
11.7204796868	-41.0	57.6335951593	0.00951252970845	-0.00194629956968	0.00210756086744
11.8001539159	-41.0	57.2870336228	0.00956987775862	-0.00202337419614	0.00181909953244
-1.90457937015	-41.0	57.5164455131	-0.00217153364792	-0.00305049843155	0.00214330968447
-7.05873272954	-41.0	62.5857177458	-0.00619363691658	-0.00100866227876	0.00633501354605
-7.37901158025	-41.0	62.2891865709	-0.00645765010267	-0.0010710565839	0.00607547489926
-5.73976143995	-41.0	50.3818867279	-0.00508200004697	-0.00379437650554	-0.00401349458843
-6.05253276923	-41.0	50.1172048366	-0.00531235570088	-0.00383413140662	-0.00419542333111
3.87666154811	-41.0	46.6154940584	0.00297838286497	-0.00448718294501	-0.00677364226431
3.95295881019	-41.0	46.4202733161	0.00302994973026	-0.00452376483008	-0.00690212473273
-7.83560504646	-41.0	56.8511854369	-0.00692733610049	-0.00235626427457	0.00147786154412
-8.01811645966	-41.0	56.8636263017	-0.00706055900082	-0.00234059477225	0.00148852716666
-9.82918816264	-41.0	51.5715594805	-0.00825211778283	-0.00341250002384	-0.00282651069574
-1.26999475696	-41.0	62.0372315045	-0.00134091184009	-0.00142548431177	0.00619996711612
-1.58377578961	-41.0	62.0701353233	-0.0016236146912	-0.00140526785981	0.00621614838019
-2.02449300277	-41.0	60.5516629429	-0.00209909048863	-0.00192339869682	0.00496385246515
-2.37924725136	-41.0	60.5750694536	-0.00241988268681	-0.00188731006347	0.00496260495856
4.34288935109	-41.0	52.7551470498	0.00376896141097	-0.00342106632888	-0.00221319426782
4.57485353693	-41.0	52.8647581627	0.00396759947762	-0.00338329211809	-0.00210284767672
-7.52317854032	-41.0	58.2428381206	-0.00668956758454	-0.00205779704265	0.00267860037275
2.72029898756	-41.0	60.5416515034	0.0023749654647	-0.00184431148227	0.00490638194606
5.80039435369	-41.0	47.9527856307	0.00456102751195	-0.00417478801683	-0.00573722738773
5.41077169907	-41.0	47.9696204643	0.00425966642797	-0.00418244209141	-0.00574469473213
5.35361634616	-41.0	48.3060553204	0.00424134451896	-0.00412015477195	-0.00551156885922
-0.449578832706	-41.0	56.6705909382	-0.000670908833854	-0.00349344871938	0.00124619691633
-3.74495278884	-41.0	61.7865168423	-0.00353277451359	-0.00139262457378	0.00588032882661
-4.1238926565	-41.0	62.0450899947	-0.00383704947308	-0.00129324058071	0.0060680876486
-6.54601654040	-41.0	65.4722329077	-0.0056799701415	-0.000303575972794	0.00866871420294
5.58238210746	-41.0	60.1308727519	0.00479769939557	-0.00168721319642	0.00438169343397
5.15940688206	-41.0	60.0153046225	0.00446733972058	-0.00175937043969	0.00430459342897
-11.0263563567	-41.0	55.5390683655	-0.00921601895243	-0.00248294207267	0.000391021516407
-10.6194916154	-41.0	55.5599113022	-0.00892294570804	-0.00249552330934	0.000406854611356
-7.62171015717	-41.0	54.6172420477	-0.00673553999513	-0.00285705947317	-0.000437934824731
-7.08127866780	-41.0	54.6782741054	-0.00633861403912	-0.00288344500586	-0.000408598571084
-7.26371206331	-41.0	54.3754986525	-0.0064640250057	-0.00293224584311	-0.000658342149109
-1.15382167174	-41.0	59.1026212565	-0.0013530383585	-0.00257124588825	0.00374200358056
-1.46552615386	-41.0	58.8312613880	-0.00167635572143	-0.00264881621115	0.00347271724604
-3.55275142332	-41.0	48.5254428499	-0.00319089042023	-0.00419990438968	-0.00554237980396
-7.83145079091	-41.0	49.3258802836	-0.00664216838777	-0.00394822563976	-0.0046901833266
-7.38969558055	-41.0	49.3880153069	-0.00630725407973	-0.00394452689216	-0.00466834520921
-7.52734472352	-41.0	49.6574853954	-0.00642903754488	-0.00388453039341	-0.00445286650211
1.83557210112	-41.0	67.6819472200	0.00138752488419	0.000253146019531	0.010502002202
2.17452482602	-41.0	67.8828883898	0.00167089200113	0.000310773350066	0.0106474626809
-3.88466490090	-41.0	52.9074214008	-0.00374423409812	-0.00348160020076	-0.00214646244422
10.7897757605	-41.0	61.2021326818	0.00876650679857	-0.00114193395711	0.00507593201473
11.0068145184	-41.0	61.4615527572	0.00892620254308	-0.00107602390926	0.0052806516178
1.07958956370	-41.0	63.4145437906	0.000778652552981	-0.00096015969757	0.00726749654859
0.685333674251	-41.0	63.3299564737	0.000431056105299	-0.000994725967757	0.00721034267917
-7.22233334068	-41.0	47.6020933411	-0.00606819242239	-0.00433085206896	-0.00602916488424
-6.86323399113	-41.0	47.8104406643	-0.00580234499648	-0.00428974302486	-0.00589124578983
10.3207410488	-41.0	49.9961483592	0.00814742781222	-0.00366859836504	-0.00411191862077
-6.65122982807	-41.0	62.9254360196	-0.00585567951202	-0.000937259057537	0.00663347402588
-7.73219481338	-41.0	65.5597793884	-0.00663977861404	-0.000267686409643	0.00867885909975
2.07064278969	-41.0	64.4424568268	0.00161815958563	-0.000623258820269	0.00802715029567
0.787791067222	-41.0	52.9031594166	0.000591646588873	-0.00370150711387	-0.00236868136562
0.655811977294	-41.0	53.3142567168	0.000475142267533	-0.00369007559493	-0.00203627534211
2.77812862412	-41.0	54.3571631122	0.00255502131768	-0.00340566202067	-0.000977003131993
2.91010771405	-41.0	53.9460658119	0.00264153233729	-0.00342924729921	-0.00133235903922
0.126107632971	-41.0	52.9186115432	-5.22605914739e-05	-0.00371879641898	-0.00237183412537
0.2580867229	-41.0	52.5075142430	7.20948373782e-05	-0.00373769062571	-0.00269816955552
-1.29373976197	-41.0	66.2046054145	-0.00127031758893	-0.000166011377587	0.00940411537886
-1.42593075370	-41.0	66.5874058973	-0.00137629406527	-6.4583029598e-05	0.00969498790801
-1.64266704103	-41.0	66.5463248965	-0.00156086077914	-7.55313085392e-05	0.00966153852642
12.1338489949	-41.0	54.1112594244	0.00974114146084	-0.00273252441548	-0.00080361351138
11.9124274487	-41.0	54.5260037281	0.00959334429353	-0.00264322757721	-0.000461184274172
12.2241711240	-41.0	54.6049005108	0.00982668809593	-0.00262040738016	-0.00040013025864
5.95356610047	-41.0	47.5231751577	0.00464326003566	-0.00425449758768	-0.00603002076969
5.59752325060	-41.0	47.2082987816	0.00434386217967	-0.0043252967298	-0.00626167654991
5.87820279799	-41.0	47.0527687141	0.0045460043475	-0.00434911157936	-0.00635623792186
5.15530954245	-41.0	46.3371674341	0.00394421909004	-0.00450897915289	-0.00687753083184
5.42384614394	-41.0	46.5674392920	0.00416247872636	-0.00445654708892	-0.00670600822195
5.26625890909	-41.0	46.8656071196	0.00406380509958	-0.00440123165026	-0.00651238486171
-4.21610853482	-41.0	48.4830895258	-0.00373457721435	-0.00419620098546	-0.00553891994059
-3.89807877387	-41.0	48.7178214449	-0.00348689034581	-0.00415802979842	-0.0053846524097
-11.5030146165	-41.0	58.7352334359	-0.00962339621037	-0.00175703666173	0.00294973002747
-11.8633330008	-41.0	58.6838082169	-0.00988874118775	-0.00175747624598	0.00288906344213
-6.84945521284	-41.0	51.7042181577	-0.00602797977626	-0.00349134556018	-0.00289114238694
-9.02519380109	-41.0	55.2050718566	-0.00776959350333	-0.00264686974697	9.70984401647e-05
-9.44490386082	-41.0	55.2841862810	-0.00807345006615	-0.00260854815133	0.000170002153027
2.82596900937	-41.0	44.3592788163	0.00213196408004	-0.00498475134373	-0.00837549567223
-1.77958223475	-41.0	49.0062373524	-0.00171597662847	-0.00414024107158	-0.00526743754745
-2.01713857692	-41.0	48.9793618670	-0.00191863172222	-0.00414226436988	-0.00527948513627
-1.38105970059	-41.0	48.7733617390	-0.00136638490949	-0.00418162439018	-0.00544263329357
-1.89088077207	-41.0	48.7871106818	-0.00180361943785	-0.00417585996911	-0.00542073976249
-10.1112455867	-41.0	58.4259312565	-0.00859446171671	-0.00187419506256	0.00275939027779
4.38455607290	-41.0	44.8549100168	0.003332544351	-0.00483015552163	-0.00793831981719
4.19088977176	-41.0	44.7597475341	0.00318612158298	-0.00485732266679	-0.00801660027355
-12.3223394105	-41.0	56.3555404077	-0.0101701179519	-0.00223955139518	0.00102313433308
-12.1483685303	-41.0	56.5183464598	-0.010047246702	-0.00221209763549	0.00115494243801
-3.22006400466	-41.0	64.5070070595	-0.00295522692613	-0.000615063705482	0.0080586951226
-5.64296447684	-41.0	63.1433863975	-0.00503276893869	-0.00091708736727	0.00686632050201
-5.84913910616	-41.0	63.4242189172	-0.00518785696477	-0.000836026738398	0.00707975588739
9.65622893428	-41.0	58.8530090617	0.00796390604228	-0.00173236592673	0.00316558266059
9.19531360594	-41.0	58.8949971683	0.00761786755174	-0.00174361548852	0.00321116298437
9.32192280292	-41.0	59.2132320570	0.00770560279489	-0.00166236970108	0.00347499642521
7.75080947142	-41.0	59.5474457090	0.00650850730017	-0.0016686640447	0.00379939540289
7.88974012795	-41.0	59.0592679192	0.00663129845634	-0.00177925336175	0.00338130351156
0.590498423191	-41.0	57.2483955029	0.000476560700918	-0.00332947913557	0.00188114331104
2.74943181126	-41.0	60.0769820887	0.00243583018892	-0.00200361432508	0.00450861407444
-8.90710777913	-41.0	54.7926485987	-0.00767623214051	-0.00274301273748	-0.000248723838013
-9.23195788004	-41.0	54.5531199019	-0.00790608115494	-0.00277912034653	-0.000438476185082
-0.0563073621442	-41.0	47.6961394601	-0.000217532899114	-0.00436427257955	-0.00620097434148
-0.592916039337	-41.0	47.7075630272	-0.00067120679887	-0.00436612218618	-0.00619668606669
11.8819400209	-41.0	52.7718588000	0.00949176214635	-0.00303561380133	-0.00189335609321
11.9967435504	-41.0	53.2262749137	0.00960007403046	-0.00293256854638	-0.00152487691958
10.8774925557	-41.0	61.8546652335	0.00881650298834	-0.000985851977021	0.00560548668727
9.48199916138	-41.0	54.3803598978	0.00779870850965	-0.00274688145146	-0.000588155293372
11.8484034987	-41.0	59.2889879922	0.00960442516953	-0.00156440923456	0.00347151537426
11.6320340979	-41.0	59.4618595381	0.00943929329515	-0.00152896903455	0.00362022244371
11.7919261703	-41.0	59.7481152006	0.00955705996603	-0.00145963020623	0.00385102699511
4.92185547544	-41.0	49.6345132372	0.00400088215247	-0.00389218353666	-0.0045826015994
5.06833705133	-41.0	49.4958374059	0.00410752557218	-0.00391094433144	-0.00467439554632
5.30004345277	-41.0	49.6938776525	0.00430747866631	-0.00386602454819	-0.00451401388273
-4.42391604328	-41.0	51.2472297041	-0.00407698424533	-0.00369851244614	-0.00344055145979
8.41052903308	-41.0	58.3911757136	0.00704101007432	-0.00190598308109	0.00280153611675
8.12053805015	-41.0	58.7096822652	0.00681576272473	-0.00184853107203	0.00307835103013
11.3481418752	-41.0	59.9868912966	0.0092173628509	-0.00141356722452	0.0040609324351
11.6313214653	-41.0	60.0703135140	0.00943094678223	-0.00138824153692	0.00412080110982
5.54496575143	-41.0	57.8183558317	0.00488462531939	-0.00230291183107	0.00234931986779
5.95212988407	-41.0	58.0153870164	0.00519216712564	-0.00220591621473	0.00251885224134
5.92359934823	-41.0	57.8380629773	0.00517565757036	-0.00225276150741	0.00236117187887
2.02467629597	-41.0	66.5495729782	0.00154869654216	-3.76942552975e-05	0.00963463727385
-8.32604032861	-41.0	53.5100248100	-0.00721779372543	-0.00304820179008	-0.00133205915336
5.95811845281	-41.0	49.0594218525	0.00477487873286	-0.0039587430656	-0.00493979174644
5.74557186968	-41.0	49.1349499559	0.00461482256651	-0.0039517711848	-0.00489629292861
5.81069213109	-41.0	49.4433197472	0.0046908184886	-0.00389200518839	-0.00466724345461
-8.33522796039	-41.0	53.9302540114	-0.00723817897961	-0.00295872008428	-0.00098435592372
-8.04012461330	-41.0	54.3894307598	-0.00703582912683	-0.00287824287079	-0.00061344448477
-6.28252942274	-41.0	61.0616992869	-0.00564623437822	-0.00143792189192	0.00512802274898
-5.94919332577	-41.0	61.4158772193	-0.00536453165114	-0.00136385532096	0.00544158834964
-6.31427998121	-41.0	66.4009248681	-0.00546515127644	-8.11145218904e-05	0.00941087119281
-6.01685816442	-41.0	66.1617848749	-0.00522746844217	-0.000141893047839	0.00923585146666
-5.09978712944	-41.0	47.9836224573	-0.00442039128393	-0.00427923817188	-0.00585668114945
-10.7330117565	-41.0	60.4334649498	-0.00906498543918	-0.00140264839865	0.00437114201486
5.37203341362	-41.0	57.5014792952	0.00475958222523	-0.00240276032127	0.00206445320509
-11.2985090753	-41.0	52.3615952812	-0.00935446005315	-0.0032003656961	-0.00214169314131
-11.5580631846	-41.0	52.4609344013	-0.00954636279494	-0.00317195244133	-0.00205472181551
-11.4052855615	-41.0	52.8122423388	-0.00944353453815	-0.00309343403205	-0.00177979841828
-4.10583300610	-41.0	56.5460634166	-0.00410486105829	-0.00285435281694	0.00116519036237
-3.96401025581	-41.0	56.9127910071	-0.00398945529014	-0.00279670138843	0.00151536811609
-7.60198574086	-41.0	47.5428791151	-0.00635789707303	-0.00434013875201	-0.00605571316555
-7.99615454048	-41.0	47.5312796676	-0.00666033755988	-0.00433931965381	-0.00604678504169
-9.16559635714	-41.0	61.2155483876	-0.00787067972124	-0.00126743293367	0.00509716104716
9.43574091537	-41.0	55.2350975829	0.00779184931889	-0.00256325607188	0.000124469021102
9.80287706323	-41.0	55.3903983793	0.00806596409529	-0.0025128244888	0.000257333624177
9.69745013735	-41.0	55.5671628356	0.00799242407084	-0.00247837696224	0.000404666847317
-8.47032063201	-41.0	62.5631421472	-0.0073038735427	-0.0009689614526	0.0062353098765
-8.65863502822	-41.0	62.3230341278	-0.00745661649853	-0.00102102407254	0.0060294684954
10.6301174885	-41.0	54.3951058464	0.00864383112639	-0.00270223408006	-0.000564778165426
11.0229631116	-41.0	54.0710383055	0.00892028398812	-0.00276312837377	-0.000830577453598
-4.13664406421	-41.0	52.5874259008	-0.00393157172948	-0.00350684532896	-0.00238941982388
-1.61229427110	-41.0	56.5697054573	-0.00189905567095	-0.0033524883911	0.00114555226173
-1.97201461452	-41.0	64.4031715654	-0.00189025711734	-0.000664772291202	0.00801679305732
-1.84770986508	-41.0	64.8436559454	-0.00177168345544	-0.000539520347957	0.00835733115673
-2.04988063927	-41.0	64.7735985095	-0.00194720900618	-0.00055752141634	0.00829930603504
-2.26644778507	-41.0	64.1797570014	-0.00215087411925	-0.000725578225683	0.00783707946539
-1.94344832697	-41.0	65.6390202544	-0.00183494167868	-0.000317568628816	0.00896406266838
-2.18163145916	-41.0	65.5855636692	-0.00203915219754	-0.000330748269334	0.00891867093742
0.606827916613	-41.0	65.4608443372	0.000349159381585	-0.000358731951565	0.00883531104773
0.671875069618	-41.0	64.9715585993	0.000406341947382	-0.000497184169944	0.00846284814179
0.829548559585	-41.0	65.4094036818	0.00054025935242	-0.000370226392988	0.0087930932641
4.12024434760	-41.0	49.3777634210	0.00333369919099	-0.00396952033043	-0.00482446886599
7.49149039598	-41.0	55.5372497201	0.00636056531221	-0.00261822761968	0.000347186229192
-9.12657773522	-41.0	50.9032851298	-0.00770315760747	-0.00357731175609	-0.00338956853375
-9.37600337905	-41.0	50.5324349226	-0.00787142943591	-0.00365333631635	-0.00366899929941
-9.30998091343	-41.0	50.8610216941	-0.00783764291555	-0.00358220445924	-0.00341363297775
-9.12342512227	-41.0	50.5480066436	-0.00768384477124	-0.00365528906696	-0.00366939022206
-1.98989717858	-41.0	54.5500887677	-0.00218649907038	-0.00352606037632	-0.000872980628628
-2.19804329557	-41.0	54.4356828055	-0.00237424764782	-0.00350542087108	-0.000962373043876
10.8702508947	-41.0	53.0331562663	0.00875974353403	-0.00299530196935	-0.00167971907649
10.5297585069	-41.0	53.4547468395	0.00853019114584	-0.00291133159772	-0.00133794511203
9.28875876504	-41.0	51.2772364765	0.00748227722943	-0.00341289490461	-0.00311659416184
9.08692300335	-41.0	51.0848534562	0.00731814885512	-0.00345877418295	-0.00327387824655
12.0846867695	-41.0	53.6408408177	0.00968466512859	-0.00283860671334	-0.00118768983521
0.456512980303	-41.0	62.5158722048	0.00023544562282	-0.00126706797164	0.00658593373373
0.14297629476	-41.0	62.4309846914	-4.8454865464e-05	-0.00129999080673	0.00652313511819
7.70986503726	-41.0	61.7101205039	0.00637896778062	-0.00112690438982	0.00560143776238
4.53290046478	-41.0	49.4940154202	0.00367714068852	-0.00393282482401	-0.0047116917558
4.87352053428	-41.0	49.4446568220	0.00394777115434	-0.0039278366603	-0.00472458777949
0.0458887117479	-41.0	62.0568951754	-0.000136116053909	-0.0014313692227	0.00623208517209
1.70800424254	-41.0	61.8584077828	0.00138724327553	-0.00145517394412	0.00603600917384
2.02820283907	-41.0	61.5865693051	0.0016887919046	-0.00153248000424	0.00580449169502
-9.71207270018	-41.0	57.2370121753	-0.0082925055176	-0.00216011353768	0.00178900605533
5.80192671122	-41.0	52.7589244062	0.00494015589356	-0.0032972227782	-0.00209340592846
2.17674745302	-41.0	46.7424190850	0.00162959541194	-0.00450522499159	-0.00678662909195
2.01478521073	-41.0	47.1307737220	0.00150507932995	-0.0044346600771	-0.00652789603919
8.62079319895	-41.0	52.8241152789	0.00708725536242	-0.00311391730793	-0.00189225317445
8.48622480602	-41.0	53.0620992100	0.0070007359609	-0.00307092466392	-0.00170223752502
8.27127922333	-41.0	51.7962377766	0.00676058186218	-0.00333935255185	-0.00273495423608
6.97473607580	-41.0	53.1671836750	0.00587131036445	-0.00313654518686	-0.00168260978535
7.34646474808	-41.0	53.2661623995	0.0061586718075	-0.00309281703085	-0.00158151995856
9.34533385995	-41.0	51.0916015177	0.0075106616132	-0.00345058715902	-0.00326240505092
9.78784729555	-41.0	51.3752983504	0.00785918999463	-0.00337958917953	-0.00302845146507
10.6930996480	-41.0	50.6295781918	0.00847368594259	-0.00352546037175	-0.00361133599654
5.81513906554	-41.0	48.9045523268	0.0046505718492	-0.00399266276509	-0.00505949323997
11.6652201718	-41.0	59.1958389180	0.00946697033942	-0.00158961280249	0.00340001448058
11.9809142399	-41.0	58.7779537175	0.00970755424351	-0.00167924456764	0.0030466010794
-6.21157681037	-41.0	62.9585628458	-0.00550149613991	-0.000944593688473	0.00668539945036
-6.25949863565	-41.0	63.3137797887	-0.00552487885579	-0.000851127377246	0.00696834363043
-9.18289765201	-41.0	57.9241466602	-0.00791231263429	-0.0020300578326	0.00237121991813
-6.82042178192	-41.0	58.5844916648	-0.00615734700114	-0.00203057797626	0.00299223675393
10.0368598846	-41.0	59.8301051854	0.00822909548879	-0.00148761400487	0.00396962277591
10.0776144063	-41.0	60.2701334884	0.00824880599976	-0.00138217315543	0.00433253310621
9.93112464433	-41.0	60.0706361383	0.00814315583557	-0.00143446074799	0.00417194329202
10.7175058924	-41.0	50.2146838464	0.00845910981297	-0.00361642008647	-0.00393924349919
-6.96133104638	-41.0	49.7674174370	-0.00599981704727	-0.00387630518526	-0.00440354971215
-7.21352260474	-41.0	49.9407007936	-0.00620487099513	-0.00383360334672	-0.00425372738391
8.40214547118	-41.0	52.8638115297	0.00692680338398	-0.00311573175713	-0.00186742714141
5.85715923598	-41.0	60.6246513706	0.00498526636511	-0.00152835610788	0.00478592934087
5.95583822645	-41.0	60.4240803359	0.00507563306019	-0.00157505075913	0.00461211055517
5.50492466465	-41.0	45.2602258658	0.00416246149689	-0.00470188353211	-0.00758824544027
11.4206097369	-41.0	54.7558065578	0.00923835113645	-0.00260173738934	-0.000268338917522
11.9649214928	-41.0	54.7615396411	0.00964032951742	-0.00258953683078	-0.00026826155954
11.7519582100	-41.0	54.8999423127	0.00948750879616	-0.00256251473911	-0.000152209191583
1.48911847247	-41.0	67.9190838378	0.00109784689266	0.000306998350425	0.0106904255226
0.0129112187626	-41.0	46.1385663373	-0.000142631892231	-0.00466007785872	-0.00727082090452
3.96611051423	-41.0	46.9633376262	0.0030638743192	-0.00441674282774	-0.00652919802815
4.07609583182	-41.0	46.5653144824	0.00313124572858	-0.00449175480753	-0.00679458677769
4.18872244107	-41.0	46.9002375618	0.00323467073031	-0.00442293472588	-0.00655763922259
0.310877483584	-41.0	59.3976298293	0.000141765063745	-0.00248976424336	0.00403567589819
7.85716760037	-41.0	48.0673544827	0.00613552657887	-0.00410859286785	-0.00560402590781
7.43668727244	-41.0	47.9527542167	0.00580899976194	-0.0041382284835	-0.00569219281897
4.58128382536	-41.0	60.2440522410	0.00398271996528	-0.0017508683959	0.00453315442428
4.23965708954	-41.0	60.5652986278	0.00367731601	-0.00168798840605	0.00482715992257
-2.28516700052	-41.0	45.2422768576	-0.00199857237749	-0.00486153969541	-0.00789345055819
-2.71914829389	-41.0	45.4191297894	-0.00235813064501	-0.00482489634305	-0.00776565726846
6.99544292122	-41.0	63.1961194377	0.00574259785935	-0.000775406369939	0.0068345060572
8.21245466920	-41.0	48.3919050549	0.00643304828554	-0.0040369653143	-0.00536022940651
4.98808620801	-41.0	60.4056342097	0.00430293008685	-0.00166438845918	0.00464723398909
-6.39424819691	-41.0	60.6724301901	-0.00575218023732	-0.00153287360445	0.00479614920914
-0.897174146727	-41.0	63.5935992474	-0.000971014902461	-0.000919000245631	0.00741540500894
-1.13585941289	-41.0	63.1135417236	-0.00119178253226	-0.00106887263246	0.00704218633473
6.76450726251	-41.0	46.6408788922	0.00517686549574	-0.00441003544256	-0.00662504695356
4.51570809274	-41.0	47.1851201326	0.00350559270009	-0.00435860175639	-0.0063405171968
5.34099046698	-41.0	57.0900739045	0.00474338838831	-0.00250469823368	0.00168933242094
7.56497878612	-41.0	46.2309063623	0.005718131084	-0.00447671394795	-0.00693070422858
7.19678849481	-41.0	45.9952815584	0.00542291533202	-0.00452025653794	-0.00708703324199
-3.51391617009	-41.0	61.3434365897	-0.0033636521548	-0.00154478359036	0.00553132826462
-3.08794762110	-41.0	60.0797037539	-0.00308313872665	-0.00199323357083	0.00449352152646
-2.84299871870	-41.0	59.6653896451	-0.0028988046106	-0.00216208025813	0.00414743507281
5.72591404153	-41.0	49.7356885193	0.00464771781117	-0.00384124228731	-0.00445648794994
5.60120499544	-41.0	49.7883092549	0.00455358158797	-0.00383662851527	-0.0044251200743
-4.17916626518	-41.0	50.3033900644	-0.00381371891126	-0.00386774726212	-0.0041871718131
5.21782275408	-41.0	60.8894589127	0.00445616338402	-0.00150601041969	0.00504184747115
-5.31818165517	-41.0	46.6112321551	-0.00451208371669	-0.00456294696778	-0.00684524141252
-5.12566137753	-41.0	46.7937582138	-0.00436968449503	-0.0045254197903	-0.00672113802284
-8.83822654272	-41.0	57.1468420156	-0.00765825202689	-0.00222530774772	0.00172485189978
-8.96426552974	-41.0	57.5536078832	-0.00775173259899	-0.00212598592043	0.00206526136026
-2.69768336390	-41.0	64.3165522847	-0.00251679285429	-0.000678635260556	0.00792938284576
6.66611894028	-41.0	54.0458940959	0.00568558461964	-0.00298950029537	-0.000962637830526
6.67677369484	-41.0	53.5060688761	0.00566441752017	-0.00309268175624	-0.00141710136086
-3.03889614174	-41.0	66.9493665479	-0.00273104803637	3.11603653245e-05	0.00994761008769
-3.36493597909	-41.0	67.1501303311	-0.00299996486865	8.28166666906e-05	0.0100950719789
2.33642202253	-41.0	49.9349652200	0.00187229225412	-0.00394928595051	-0.00453977426514
1.71284997905	-41.0	64.2546127068	0.00131440465339	-0.000687840627506	0.00789442658424
1.39581757747	-41.0	64.1921200248	0.00104112597182	-0.000713904213626	0.00785524770617
-8.22421002552	-41.0	47.2006756040	-0.00681501533836	-0.00441234605387	-0.0062867696397
-7.95937848782	-41.0	64.0583108445	-0.0068601607345	-0.000622302643023	0.00746975373477
-4.55738711300	-41.0	50.3369145443	-0.00412698416039	-0.00384771730751	-0.00413449294865
-4.99625840080	-41.0	50.1630405789	-0.00447274465114	-0.00386258354411	-0.00423561036587
6.68009772310	-41.0	54.5370184100	0.00571913458407	-0.00289200991392	-0.000542593421414
11.7801246526	-41.0	52.2913472252	0.00938941538334	-0.0031441017054	-0.00228188117035
-4.22874022861	-41.0	59.2139811795	-0.00410753069445	-0.00213429494761	0.00365643110126
3.87103231732	-41.0	64.5868604186	0.00313667533919	-0.000524833565578	0.00806827004999
-8.30004858719	-41.0	61.3035985218	-0.00720551051199	-0.00127721019089	0.00521681131795
-10.9190608242	-41.0	53.4630014827	-0.00910443998873	-0.00295686605386	-0.00127540086396
-11.0199542145	-41.0	53.3090502910	-0.00917444378138	-0.00298902089708	-0.00139543495607
8.20243481618	-41.0	61.6771936594	0.00676277140155	-0.0011126754107	0.00555502250791
7.87225023726	-41.0	55.6210558986	0.00664564082399	-0.00257151434198	0.000427541759564
-10.4448117379	-41.0	55.9084559342	-0.00880254153162	-0.00242505408823	0.000690029992256
0.70410039194	-41.0	65.6444147965	0.000432253087638	-0.000306146830553	0.00897336006165
3.64618518768	-41.0	50.0579566779	0.00298877595924	-0.00387620087713	-0.00436209701002
8.71961842093	-41.0	59.6193428684	0.00724047282711	-0.00159466639161	0.00383123802021
8.42712372116	-41.0	59.8044111642	0.00701276632026	-0.00156525336206	0.00399500178173
8.57291354579	-41.0	60.3119618176	0.00710500590503	-0.00143372791354	0.00441429391503
8.91101522202	-41.0	60.1269316178	0.00736873410642	-0.00146258668974	0.00424944190308
-3.29983802671	-41.0	51.2542096998	-0.00313501898199	-0.0037543810904	-0.00352218840271
-4.23252896103	-41.0	58.8048827448	-0.00413546059281	-0.00225321855396	0.00328703993
-4.17143654313	-41.0	47.9929529222	-0.0036700591445	-0.00429150182754	-0.00589763280004
-11.4807234527	-41.0	59.1013339008	-0.00961279962212	-0.00167795934249	0.00324700772762
-11.3094880241	-41.0	59.1691312606	-0.00948669947684	-0.00166790548246	0.00331117608584
-11.1124414517	-41.0	58.9788715047	-0.00933816563338	-0.00171552482061	0.00316710304469
4.15503438556	-41.0	47.1030399632	0.00321905757301	-0.00438446598127	-0.00642071710899
3.90641410736	-41.0	47.3499336070	0.00303642824292	-0.00434410246089	-0.00626709265634
3.75449937400	-41.0	47.2812622326	0.00291259749793	-0.00436147069559	-0.00632438901812
-5.63648159861	-41.0	62.8007342832	-0.00504364259541	-0.00100852223113	0.00659113004804
-5.84671113915	-41.0	62.8910169304	-0.00520990649238	-0.000976128911134	0.0066518522799
7.41151545928	-41.0	59.7693463712	0.00624051364139	-0.00163608125877	0.00399822881445
10.2143696238	-41.0	53.8635389430	0.00831678230315	-0.00283150374889	-0.00100557273254
2.76870403993	-41.0	63.2414413870	0.00225853873417	-0.000958783552051	0.00707412371412
4.35808084445	-41.0	53.4443237076	0.00383363896981	-0.00331713748164	-0.0016359614674
4.56261559715	-41.0	53.3109673179	0.00399097148329	-0.00331590115093	-0.00173136719968
3.01396356459	-41.0	54.7011226816	0.00278781540692	-0.00333016947843	-0.000641837017611
3.74838337943	-41.0	54.0636855100	0.00337278959341	-0.0033020414412	-0.00115354137961
3.27195741944	-41.0	53.8742241168	0.00295246997848	-0.00338911544532	-0.00136243575253
0.326113564505	-41.0	53.3218081750	0.00014906670549	-0.00370085984468	-0.00203865487128
0.590071744363	-41.0	52.4996135745	0.000390458386391	-0.00373068219051	-0.0026973222848
-7.10335409042	-41.0	61.2056372232	-0.00628302060068	-0.00135508587118	0.00520158419386
-8.40435167052	-41.0	62.2973924102	-0.0072594601661	-0.00103452219628	0.00602327147499
-8.13053401124	-41.0	62.3136225208	-0.00704557821155	-0.00103907857556	0.00605221418664
8.49668302696	-41.0	61.8824628789	0.00698129367083	-0.00104918610305	0.00571166258305
-0.458925807468	-41.0	61.0778791285	-0.000612478062976	-0.00179291504901	0.00545367691666
0.763687284755	-41.0	60.9479484493	0.000549040036276	-0.00182968517765	0.0053403316997
1.00308803763	-41.0	61.1204625961	0.000768992118537	-0.00175431836396	0.00547285191715
1.33349362420	-41.0	60.6448255079	0.00109873968177	-0.0019194415072	0.00507182488218
1.09561059542	-41.0	60.4737709705	0.000881180574652	-0.00200054049492	0.00493989000097
4.82542078550	-41.0	48.0146432041	0.00380419683643	-0.00419125985354	-0.00574703561142
4.91107873767	-41.0	48.3413707463	0.00389556773007	-0.00412741210312	-0.00551257561892
8.33604385079	-41.0	62.2235028645	0.00684150867164	-0.000970301334746	0.00599559536204
6.35099996146	-41.0	58.1153557224	0.00549434637651	-0.00213853036985	0.00260004960001
6.20539847498	-41.0	58.3101796779	0.00537646561861	-0.00210530194454	0.0027748614084
6.11770590245	-41.0	57.9182556454	0.00532203353941	-0.00221143336967	0.00242961570621
8.96016203079	-41.0	59.7855493823	0.00741712143645	-0.00154268171173	0.00396333541721
9.07004694298	-41.0	59.5656487625	0.0075067137368	-0.00159022968728	0.00377646274865
8.32956565478	-41.0	60.1556478779	0.00692557916045	-0.0014845165424	0.00429200613871
8.20029351027	-41.0	60.4559213877	0.00681484490633	-0.00141726434231	0.00454679876566
-12.1172885623	-41.0	56.3231486541	-0.0100203808397	-0.00225666584447	0.0010026730597
0.703215623905	-41.0	66.7812747910	0.000432645756518	1.64802202107e-06	0.00983684696257
0.363783170798	-41.0	66.8590864548	0.000145503086969	1.80250553967e-05	0.00990005210042
9.57534866757	-41.0	48.5148349552	0.00745987379923	-0.00399751262739	-0.00526058441028
9.83832188817	-41.0	48.5467972322	0.00765832699835	-0.0039889626205	-0.00523665547371
-6.06939245635	-41.0	59.5205201649	-0.00555137591437	-0.001858171192	0.00383211858571
-5.69291791234	-41.0	59.6287946117	-0.00525319948792	-0.00186261220369	0.00394390337169
-5.29709833277	-41.0	47.2079426370	-0.00453118328005	-0.00443644821644	-0.00641311146319
-4.72781538261	-41.0	47.5188915834	-0.00409363443032	-0.00437862565741	-0.00621413206682
-0.146434619751	-41.0	55.9765838690	-0.000334711890901	-0.00361966737546	0.000485732831294
-0.25413354418	-41.0	56.3664489223	-0.000454631197499	-0.00356196169741	0.000910596339963
-11.9473555366	-41.0	57.7893774649	-0.00993073266	-0.00194621400442	0.00216758390889
0.452970679166	-41.0	44.0267215910	0.000250884186244	-0.00510250311345	-0.00870115868747
-11.7017718573	-41.0	56.4437940188	-0.00972109567374	-0.00224988651462	0.00110699806828
-2.40408642234	-41.0	51.3791031536	-0.00236425572075	-0.00377893657424	-0.00348777510226
-3.83716407281	-41.0	63.6359744024	-0.00351310707629	-0.000844540190883	0.00735285226256
4.23958304082	-41.0	46.1905421482	0.00324205588549	-0.0045619783923	-0.00703947152942
0.544971803038	-41.0	64.4949007761	0.000298452941934	-0.000638256955426	0.00810209382325
-9.16378495287	-41.0	49.3321570113	-0.00765185058117	-0.00392383616418	-0.00461568264291
-1.25543826667	-41.0	50.3530528228	-0.00130088662263	-0.00394308427349	-0.00430841138586
6.64846580776	-41.0	57.8990106586	0.00572665175423	-0.00216148747131	0.00240479083732
6.53647272716	-41.0	57.5669978822	0.00564917409793	-0.00225187488832	0.0021134770941
-3.40266390888	-41.0	65.5807081618	-0.00307354959659	-0.000320626480971	0.00888308882713
6.08838059308	-41.0	60.6717728225	0.00516550336033	-0.00149764015805	0.00481409206986
-1.99462579715	-41.0	54.3605860790	-0.00217874650843	-0.0035386653617	-0.00104744418059
-5.36687803825	-41.0	50.2426799954	-0.0047760065645	-0.00383439986035	-0.00414782203734
9.68110530131	-41.0	48.6903911124	0.00755555415526	-0.00395876495168	-0.00512626441196
9.51164429144	-41.0	48.8846386423	0.00744826253504	-0.00391816906631	-0.00497763929889
-8.31884840745	-41.0	62.0735145014	-0.00719905598089	-0.00109100935515	0.00584589922801
-1.74267195837	-41.0	59.0086434016	-0.00193481938913	-0.00254342681728	0.00362392701209
-1.73488800213	-41.0	59.4534130123	-0.00189859047532	-0.00236902316101	0.0040306202136
1.33843799993	-41.0	45.9499208739	0.000942895654589	-0.00467876717448	-0.0073636835441
1.25318345100	-41.0	51.4074345724	0.000976693467237	-0.00379969761707	-0.00351188378409
1.09004337695	-41.0	51.7683056318	0.000839606800582	-0.00377008272335	-0.00324575905688
9.49384765074	-41.0	63.5047722508	0.00768959987909	-0.000618071120698	0.00698870234191
9.85310673281	-41.0	63.3844548973	0.00797428470105	-0.000639839796349	0.00687947683036
-11.0197430346	-41.0	56.8477198236	-0.00923399161547	-0.00219050981104	0.00144544919021
8.05057400950	-41.0	60.7886324648	0.00668575800955	-0.00134232465643	0.0048286668025
8.25185964084	-41.0	60.9921205335	0.00683155888692	-0.00128152954858	0.00498966686428
6.82389368810	-41.0	60.5275577834	0.00575028546154	-0.00148261908907	0.00465968390927
7.02861816692	-41.0	60.7931424201	0.00589558342472	-0.00140010565519	0.00487286970019
-3.35323626149	-41.0	54.4717116816	-0.00340476678684	-0.00333443004638	-0.0008327854448
-3.66754166233	-41.0	54.1300563235	-0.00364806666039	-0.00333722750656	-0.00111342640594
-6.15580331199	-41.0	60.4228905495	-0.00557710323483	-0.00161452544853	0.00459891324863
-5.84258830977	-41.0	60.5173966079	-0.0053259478882	-0.00161196407862	0.00469611166045
5.29276829036	-41.0	51.3174791100	0.00442860135809	-0.00358156021684	-0.00328477565199
-6.48667354967	-41.0	47.7911476206	-0.00550715485588	-0.00429879268631	-0.00592503976077
-10.0735284053	-41.0	62.8128807577	-0.00854711607099	-0.0008760993951	0.00634297775105
-9.82229302943	-41.0	62.9122861835	-0.0083504896611	-0.000857401522808	0.00643849465996
2.85487349207	-41.0	51.2346757365	0.00239412253723	-0.0037425220944	-0.00354163814336
-8.83772351700	-41.0	56.7984766084	-0.00765548460186	-0.00230389856733	0.00143146107439
-0.885987064006	-41.0	66.0771804556	-0.000924681371544	-0.000199573376449	0.00930960197002
12.7	-41.0	56.0	0.0102203674614	-0.00229891692288	0.000738139031455
12.6908933363	-41.0	56.4808599857	0.0102234715596	-0.00219019688666	0.00113422097638
12.6635848965	-41.0	56.9610502427	0.0102108083665	-0.00208170711994	0.00153046788182
12.6179658658	-41.0	57.4411583572	0.0101823396981	-0.00197333050892	0.00192723434884
12.5537511100	-41.0	57.9218046381	0.010137790814	-0.00186490488704	0.00232500233687
12.4704095139	-41.0	58.4039314791	0.0100767323747	-0.00175622536335	0.00272448407486
12.3693395722	-41.0	58.8791385077	0.0100001953542	-0.00164915912319	0.00311864097603
12.2514572166	-41.0	59.3454141852	0.00990892201662	-0.00154414004646	0.00350574008189
12.1158976064	-41.0	59.8072332725	0.00980229862034	-0.00144014321268	0.00388938211836
11.9610881142	-41.0	60.2687669326	0.00967907626182	-0.00133620307315	0.00427299970761
11.7890639037	-41.0	60.7231316172	0.00954086706042	-0.001233853749	0.00465079955757
11.6017785461	-41.0	61.1661140683	0.00938932597637	-0.0011339840712	0.00501919817179
11.3967680883	-41.0	61.6038983878	0.00922249723226	-0.00103516282979	0.00538328569382
11.1745418014	-41.0	62.0348666538	0.00904085673392	-0.000937697419431	0.00574165536091
10.9380172070	-41.0	62.4536640430	0.00884686596692	-0.000842784240376	0.00608975393698
10.6838780895	-41.0	62.8662033882	0.00863789953291	-0.000749034981709	0.00643244665116
10.4148790875	-41.0	63.2677571225	0.00841628480703	-0.000657496217173	0.00676575116813
10.1271597674	-41.0	63.6635915240	0.0081789875403	-0.000566844420973	0.00709404423833
9.82862155345	-41.0	64.0428973858	0.00793269928545	-0.000479628768517	0.00740818213671
9.51603475128	-41.0	64.4104151272	0.00767492037266	-0.000394695904106	0.00771214440465
9.19076770991	-41.0	64.7646898920	0.007406945806	-0.000312437885441	0.00800471473485
8.85169376567	-41.0	65.1070037597	0.00712812505662	-0.000232674501603	0.00828687380999
8.49973917941	-41.0	65.4363358292	0.00683936476707	-0.00015578881721	0.00855786446482
8.13575224354	-41.0	65.7518990680	0.00654154084623	-8.21247813292e-05	0.00881716050208
7.75975671250	-41.0	66.0536647926	0.00623495364562	-1.2058444554e-05	0.00906470231712
7.37047475061	-41.0	66.3424417789	0.00591842643917	5.41808185517e-05	0.009301523678
6.97066105296	-41.0	66.6160201811	0.00559415481985	0.000115732989798	0.00952593609691
6.56108186296	-41.0	66.8739231553	0.00526259606704	0.00017216685228	0.00973777286708
6.14374969475	-41.0	67.1150501433	0.00492492550984	0.000222972754273	0.00993648171425
5.71288886759	-41.0	67.3425262083	0.00457604555413	0.000268980831606	0.0101250465959
5.27902068288	-41.0	67.5508415550	0.00422413181514	0.000309313560138	0.0102990167215
4.83216575793	-41.0	67.7447934885	0.00386068131775	0.000345143780578	0.0104623744264
4.37873976626	-41.0	67.9212683075	0.00349052157253	0.000376225507353	0.0106123927981
3.92422507196	-41.0	68.0785122256	0.00311803724617	0.000402670702897	0.0107473907992
3.46239592967	-41.0	68.2189121621	0.0027380399406	0.000425195554271	0.0108692087233
2.98858465922	-41.0	68.3433529373	0.0023467738647	0.000444284436526	0.0109784388915
2.51680721634	-41.0	68.4481195944	0.00195585354231	0.000459388538729	0.0110715208575
2.04345224585	-41.0	68.5345244393	0.00156235555187	0.00047084770631	0.0111494064331
1.56739238172	-41.0	68.6029076455	0.00116558023728	0.000478853587992	0.0112121943384
1.08908468842	-41.0	68.6532167666	0.000765964156017	0.000483322073705	0.0112596526742
0.609215116702	-41.0	68.6853796530	0.000364242616342	0.000484321208205	0.0112916026264
0.128471857238	-41.0	68.6993501795	-3.89113774872e-05	0.000481738592498	0.0113078597933
-0.352455646319	-41.0	68.6951083106	-0.000442739052232	0.000475622102385	0.0113083031029
-0.832877686093	-41.0	68.6726601296	-0.000846582930535	0.000465904624434	0.0112928953022
-1.31210527910	-41.0	68.6320378299	-0.00124968588352	0.000452614651294	0.0112616112456
-1.78945115534	-41.0	68.5732996688	-0.00165140756872	0.000435654685134	0.0112144667655
-2.26423074342	-41.0	68.4965298840	-0.00205104146153	0.000415031187003	0.0111515177414
-2.73652263166	-41.0	68.4016710119	-0.00244857231155	0.000390711677028	0.0110727297142
-3.20983917619	-41.0	68.2876740054	-0.00284688617103	0.000362388906069	0.010977213271
-3.67919118341	-41.0	68.1553918997	-0.00324170012027	0.000330296199536	0.0108656948432
-4.13679247616	-41.0	68.0073705702	-0.00362638384104	0.000294987170491	0.0107403211296
-4.58896113498	-41.0	67.8419354711	-0.00400617253035	0.000256054627243	0.0105997193605
-5.04298235951	-41.0	67.6558281096	-0.00438711140305	0.000212705373997	0.0104411225766
-5.48197235556	-41.0	67.4559145900	-0.00475495029241	0.000166549201822	0.0102704204619
-5.91445899284	-41.0	67.2387354637	-0.00511676957831	0.000116765062558	0.0100846905261
-6.33966773884	-41.0	67.0044814944	-0.00547184841707	6.33842864772e-05	0.0098841348663
-6.75178439961	-41.0	66.7565518370	-0.00581527361646	7.16968452252e-06	0.00967172067612
-7.16044850539	-41.0	66.4889454762	-0.00615500705317	-5.32316335011e-05	0.00944235455245
-7.55361993298	-41.0	66.2094478748	-0.00648095784709	-0.000116080154839	0.00920275691897
-7.93748368446	-41.0	65.9139473853	-0.00679821847007	-0.000182290023076	0.00894947350025
-8.30758795290	-41.0	65.6059347491	-0.00710306596011	-0.000251095334534	0.00868554599583
-8.66648357187	-41.0	65.2834294578	-0.00739754410461	-0.000322904990753	0.00840937998146
-9.01176758800	-41.0	64.9486336912	-0.00767963984981	-0.000397239637095	0.0081229088828
-9.34468507906	-41.0	64.6003988729	-0.00795031711459	-0.00047437401372	0.00782520603389
-9.66414911524	-41.0	64.2397950143	-0.00820867158473	-0.000554015685339	0.00751728890464
-9.97052882134	-41.0	63.8662923301	-0.00845493283123	-0.000636274111457	0.00719880219549
-10.2629143265	-41.0	63.4808147636	-0.00868833996356	-0.000720924872439	0.00687062321231
-10.5436675044	-41.0	63.0796239700	-0.00891070719808	-0.000808751152363	0.00652968743816
-10.8051902767	-41.0	62.6736693868	-0.0091160023585	-0.000897295656614	0.00618540588766
-11.0510545169	-41.0	62.2581302371	-0.00930706690997	-0.000987574341707	0.00583378737792
-11.2800876036	-41.0	61.8352055367	-0.00948298536241	-0.00107906130143	0.00547682819888
-11.4958673727	-41.0	61.3976877781	-0.00964647717774	-0.00117321033031	0.00510861817747
-11.6919967483	-41.0	60.9585493885	-0.00979269482195	-0.00126715237275	0.00474028708413
-11.8716541387	-41.0	60.5115216957	-0.00992411654443	-0.00136214774102	0.00436670938507
-12.0362124894	-41.0	60.0521091928	-0.0100417369977	-0.00145900750067	0.00398448947817
-12.1818514601	-41.0	59.5906120653	-0.0101429568604	-0.00155542383436	0.00360247213393
-12.3090676524	-41.0	59.1267960483	-0.0102283451706	-0.00165140465833	0.00322092534043
-12.4187608410	-41.0	58.6578899853	-0.010298807174	-0.0017474667402	0.0028379035648
-12.5120213705	-41.0	58.1769982138	-0.0103553468361	-0.00184507248923	0.00244867126457
-12.5862646110	-41.0	57.6958605904	-0.0103969164193	-0.0019422195619	0.00206352467649
-12.6416894153	-41.0	57.2156022071	-0.0104244193062	-0.00203991634771	0.00168361025862
-12.6786805110	-41.0	56.7355681485	-0.0104387830943	-0.00213999836706	0.00130847760011
-12.6974399448	-41.0	56.2549879359	-0.0104407118633	-0.00224390206859	0.000935752643272
-12.6979897228	-41.0	55.7740420399	-0.0104308873415	-0.00235168286599	0.000564889458474
-12.6803290564	-41.0	55.2934201948	-0.0104098450392	-0.00246426509693	0.000194445194211
-12.6444662110	-41.0	54.8136298056	-0.0103764841333	-0.00258015887812	-0.000177578229341
-12.5902270786	-41.0	54.3338121029	-0.0103307720274	-0.00269815674983	-0.000552193028852
-12.5169685360	-41.0	53.8516288333	-0.0102706793696	-0.00281764334068	-0.000931710586883
-12.4248831073	-41.0	53.3708785176	-0.0101960701868	-0.00293672527187	-0.00131260568742
-12.3162040141	-41.0	52.9014328015	-0.0101083740592	-0.0030523086898	-0.00168645358644
-12.1900515333	-41.0	52.4373263388	-0.0100065935403	-0.00316573935561	-0.00205746828578
-12.0456760290	-41.0	51.9761102146	-0.00988992210478	-0.00327757047489	-0.00242721149698
-11.8822483773	-41.0	51.5164552528	-0.00975755602121	-0.00338822929189	-0.00279619637877
-11.7034797688	-41.0	51.0686146672	-0.00961236655712	-0.00349544873461	-0.0031560100615
-11.5082247114	-41.0	50.6287092806	-0.00945339910686	-0.00360028073192	-0.00350955291651
-11.2923731394	-41.0	50.1886052552	-0.00927728507668	-0.00370477046818	-0.00386316608638
-11.0642390420	-41.0	49.7652093522	-0.00909082125872	-0.00380499707535	-0.00420321151614
-10.8186413215	-41.0	49.3481581531	-0.00888980645686	-0.00390347023495	-0.00453787576407
-10.5576284933	-41.0	48.9412125265	-0.00867593009025	-0.00399939715862	-0.00486408174038
-10.2802729100	-41.0	48.5430576711	-0.00844846386462	-0.00409312685952	-0.00518280360848
-9.98990139025	-41.0	48.1583247827	-0.00821018498391	-0.00418357783929	-0.00549029093236
-9.68496178316	-41.0	47.7846780186	-0.00795987434685	-0.00427130889148	-0.00578840076923
-9.36589094941	-41.0	47.4226993335	-0.0076979319565	-0.00435621012002	-0.00607664231211
-9.03132678528	-41.0	47.0711066477	-0.00742330821231	-0.0044385548681	-0.00635599717498
-8.6867761723	-41.0	46.7355561563	-0.00714055541903	-0.00451702438295	-0.00662194099277
-8.32672284843	-41.0	46.4106472270	-0.00684519857168	-0.00459288386628	-0.00687874900177
-7.95679403442	-41.0	46.1015441258	-0.00654191384092	-0.00466490210965	-0.00712232850492
-7.57518533511	-41.0	45.8065429251	-0.00622926373035	-0.00473348144442	-0.00735404109582
-7.18237511266	-41.0	45.5260567244	-0.00590769387782	-0.00479850778356	-0.00757353333756
-6.77475977468	-41.0	45.2579038361	-0.00557429855689	-0.0048604584299	-0.007782519795
-6.36243137200	-41.0	45.0086640013	-0.00523739680648	-0.00491778785363	-0.00797587633133
-5.93803343026	-41.0	44.7737023476	-0.004891007673	-0.0049715526402	-0.00815719459206
-5.50750964047	-41.0	44.5563407268	-0.0045400201343	-0.00502097094432	-0.00832394696772
-5.06624446693	-41.0	44.3542639992	-0.00418072519824	-0.00506655219942	-0.0084779066965
-4.61722157361	-41.0	44.1690547740	-0.00381559925154	-0.00510791270062	-0.00861787982285
-4.16560303755	-41.0	44.0025939748	-0.00344889727421	-0.00514458213001	-0.0087424647063
-3.70587899151	-41.0	43.8527179624	-0.00307613774203	-0.00517707830295	-0.0088532846421
-3.23637643833	-41.0	43.7192888012	-0.00269607407972	-0.00520534068346	-0.00895043183118
-2.76701749330	-41.0	43.6050972496	-0.00231671030633	-0.00522878346965	-0.00903190299869
-2.29572528413	-41.0	43.5092175818	-0.00193646887783	-0.00524757942185	-0.00909838918597
-1.82114072882	-41.0	43.4312511981	-0.0015542920446	-0.00526176020503	-0.00915015675128
-1.34394443868	-41.0	43.3713099117	-0.00117072125431	-0.00527133047581	-0.00918715819716
-0.861448523541	-41.0	43.3292499653	-0.000783706142101	-0.00527624133974	-0.00920948013663
-0.373271970169	-41.0	43.3054866956	-0.000393012363929	-0.00527632376179	-0.0092167519033
0.116529927581	-41.0	43.3005346264	-1.99391865863e-06	-0.00527150323614	-0.00920859444886
0.605899669198	-41.0	43.3144615569	0.000387653184589	-0.00526166474447	-0.00918503291905
1.09215609325	-41.0	43.3470479702	0.000773660663981	-0.00524693261832	-0.00914626941085
1.57128130452	-41.0	43.3975766195	0.00115276314318	-0.00522740511224	-0.00909299496561
2.04732004434	-41.0	43.4661067247	0.00152804807294	-0.00520293833688	-0.00902497861534
2.52042268099	-41.0	43.5526119403	0.0018994549755	-0.00517342798412	-0.00894222408533
2.99035021604	-41.0	43.6570746747	0.00226660678163	-0.00513858580962	-0.00884476676583
3.45956022820	-41.0	43.7802846585	0.002630953677	-0.00509794428945	-0.00873178988695
3.92691052038	-41.0	43.9223605881	0.00299127353355	-0.00505075836554	-0.00860354956239
4.38139024173	-41.0	44.0797055594	0.00333800469525	-0.00499746296555	-0.0084636779502
4.83170065323	-41.0	44.2550151640	0.00367691391148	-0.00493608834222	-0.00831056013703
5.27835016322	-41.0	44.4488520244	0.00400610640645	-0.00486530549824	-0.00814789999276
5.71290020694	-41.0	44.6574795030	0.00431604450569	-0.00478886719793	-0.00798236206174
6.14065801593	-41.0	44.8832415187	0.00461113639176	-0.00471364008263	-0.00782049354166
6.56016118365	-41.0	45.1255213806	0.00489966804162	-0.00465505756438	-0.00766406813636
6.96896143150	-41.0	45.3828640130	0.00519663980231	-0.00461260182783	-0.0075049395673
7.37056137207	-41.0	45.6576199518	0.00550879677758	-0.00457472819835	-0.00733003625646
7.75745457598	-41.0	45.9445587615	0.00582306133583	-0.00452926615253	-0.00714025227353
8.13423215745	-41.0	46.2468329652	0.006137679331	-0.00447544455528	-0.00693371845409
8.49779209575	-41.0	46.5619107073	0.00644511915743	-0.00441415794194	-0.00671295123175
8.85143053404	-41.0	46.8927403956	0.00674704508856	-0.00434674602002	-0.00647573266178
9.19173669399	-41.0	47.2363263098	0.00703959679231	-0.00427425466478	-0.00622494565323
9.51770003155	-41.0	47.5914694441	0.00732135400176	-0.0041976608336	-0.00596183910966
9.83098114091	-41.0	47.9599869523	0.0075934836641	-0.00411696033552	-0.00568537414074
10.1284464565	-41.0	48.338109086	0.00785311684012	-0.00403327122331	-0.00539858965203
10.4133955252	-41.0	48.7301173575	0.00810301862657	-0.00394584797323	-0.00509845558554
10.6823702618	-41.0	49.1314509837	0.00834006257355	-0.00385583634488	-0.00478858547285
10.9377701180	-41.0	49.5459171957	0.00856629852206	-0.00376251223497	-0.00446615600958
11.1742979583	-41.0	49.9646818527	0.00877695996314	-0.00366792478599	-0.00413819868118
11.3966639395	-41.0	50.3958898075	0.0089761596173	-0.0035703254398	-0.00379843241535
11.6030119359	-41.0	50.8366567017	0.00916222017258	-0.00347038987093	-0.00344924698584
11.7901914994	-41.0	51.2796838658	0.009332196787	-0.00336984056048	-0.00309651182033
11.9622247067	-41.0	51.7344191407	0.00948969740421	-0.00326657481492	-0.0027327851858
12.1165428276	-41.0	52.1948206471	0.00963235460222	-0.00316198403016	-0.00236298306845
12.2520848694	-41.0	52.6568852319	0.0097590982914	-0.00305701605976	-0.00199039420113
12.3698797122	-41.0	53.1231830254	0.00987083557993	-0.00295110186562	-0.0016130922595
12.4707702550	-41.0	53.5979406237	0.00996834691614	-0.00284330360591	-0.00122768699657
12.5541274901	-41.0	54.0806555904	0.0100510269403	-0.00273375422694	-0.000834627542645
12.6183074288	-41.0	54.5618353255	0.0101172262803	-0.00262462068349	-0.000441726908321
12.6637518610	-41.0	55.0411523571	0.0101672858	-0.00251599377953	-4.93842235301e-05
12.6909773706	-41.0	55.5213629982	0.0102016925812	-0.00240723160096	0.000344611617038
-4.46911267070	-41.0	56.6186678672	-0.00439378200099	-0.00277870171703	0.00124032539316
-10.9957792296	-41.0	51.0198765217	-0.00909019075334	-0.0035154633224	-0.00321651156992
-11.1887449396	-41.0	50.7730311085	-0.00922325253487	-0.00357005861588	-0.00340512418188
2.58971742146	-41.0	47.3480527016	0.00197975174524	-0.00438026245683	-0.00634892703965
2.21415651974	-41.0	47.4273740845	0.00167526886798	-0.00437469081953	-0.00631393818185
7.89775608872	-41.0	65.5236278381	0.0063597150147	-0.000145414378494	0.00864562671632
7.56316078530	-41.0	65.7972864727	0.00608590012416	-8.23425070848e-05	0.00887046381831
10.7427938827	-41.0	59.0325416326	0.0087750768289	-0.0016509675188	0.00328943459317
-10.7731871266	-41.0	59.8911475084	-0.00909355655313	-0.00152291811537	0.0039270920679
11.6608326091	-41.0	51.8692487448	0.00927551276982	-0.00323958159424	-0.00262175640091
-10.6716499206	-41.0	50.8882827680	-0.00884642638266	-0.00355032645166	-0.00333230569959
-10.7368288256	-41.0	50.5844343611	-0.00888253003359	-0.00361906341277	-0.00356961158104
-11.1384721085	-41.0	53.4783628146	-0.00926399696618	-0.00294669694267	-0.00125685322564
-0.614553295415	-41.0	67.5245913399	-0.000676234660205	0.00018136453582	0.0104128681123
-3.20992444664	-41.0	65.2869568792	-0.00292013189755	-0.000401489029173	0.00866234488785
-2.88835099133	-41.0	65.3499921056	-0.00264604669064	-0.000388384534745	0.00872059166431
-11.4286035705	-41.0	52.0059611408	-0.00943969842046	-0.00328046269715	-0.00242029759102
-11.4935320751	-41.0	52.2097374385	-0.00949276611209	-0.00323182321154	-0.00225636013784
-7.78492921410	-41.0	62.1235305585	-0.00678159901872	-0.00109712011181	0.00591717427596
10.2385570386	-41.0	55.4064167236	0.00838690344244	-0.00249203154817	0.000272326316917
-7.11678474417	-41.0	58.2825360933	-0.00638631964102	-0.00207945681177	0.00272249989212
10.2742676054	-41.0	57.8279058558	0.00843640603125	-0.00194488069974	0.00229601445608
-11.6881576799	-41.0	52.1053002609	-0.00963213015348	-0.00325275748037	-0.00233364175074
7.0750695021	-41.0	47.7877964616	0.00552089046687	-0.00417760107666	-0.00581588223577
-8.96048516858	-41.0	51.2992362086	-0.00759784830734	-0.00349543732591	-0.00308500626124
-8.70056108024	-41.0	51.5447145496	-0.00741568068042	-0.00345038645901	-0.00290380837396
3.47351906869	-41.0	47.7984760299	0.00271362904459	-0.0042725102976	-0.00598443066701
3.42994605471	-41.0	47.6000723789	0.00266890856437	-0.00431056553498	-0.00612483592704
2.51426683754	-41.0	48.4136299589	0.00195579021238	-0.00419012364	-0.00561262574047
-7.94627525033	-41.0	50.6933271733	-0.00680707907304	-0.00365513982251	-0.00362112349831
-7.72392928940	-41.0	50.7344539924	-0.0066407895647	-0.00365351093933	-0.00360250915401
-9.37778385910	-41.0	60.1849685297	-0.00804637745023	-0.0015004404122	0.00423965556547
-2.11260561767	-41.0	51.2503100525	-0.00209925114177	-0.00380669301376	-0.00360355712473
-4.88332105453	-41.0	44.7743012899	-0.00406000716612	-0.00497005879879	-0.00817978475243
-11.9295111193	-41.0	53.5548890643	-0.00983963534236	-0.00290571968071	-0.00117578101344
-12.1043067679	-41.0	53.5226551868	-0.00996596273035	-0.0029085080605	-0.00119765172713
-9.93630173424	-41.0	62.6353047896	-0.00844258349389	-0.000919139478356	0.00620759138837
-1.34152784723	-41.0	57.5654408040	-0.0016103972448	-0.00313758919947	0.00220878794789
-2.48178547414	-41.0	44.2727575733	-0.00211732601747	-0.00507532292977	-0.00856558885425
-2.46946392910	-41.0	43.9672879267	-0.00209454330616	-0.005144150462	-0.00877856928855
0.806681103152	-41.0	62.4676273312	0.00055304117268	-0.00127679167781	0.00654247310013
2.63256121114	-41.0	58.2603175885	0.0024679931812	-0.00265076290816	0.00285917730071
2.51133352987	-41.0	68.0781573842	0.00195139471907	0.000367099215509	0.010788208805
6.87482080466	-41.0	47.3766634389	0.00533086946234	-0.0042632385157	-0.00611040415242
5.86296282032	-41.0	54.1682339175	0.00507640559226	-0.00303837074898	-0.000903639418539
-6.16800120359	-41.0	66.7564347173	-0.00533639406785	3.08525341097e-06	0.0096963532269
-7.38531263483	-41.0	50.6295945316	-0.00637697987258	-0.0036863272544	-0.00370638887398
1.8336167617	-41.0	51.7076090443	0.00151766021736	-0.00374265993014	-0.00325254234485
1.62638878456	-41.0	52.0567657216	0.00134662725031	-0.00371930631809	-0.00299603189342
6.41016199815	-41.0	58.3299557158	0.00553248031065	-0.00207962375134	0.00278768665157
6.69485799172	-41.0	58.2727114120	0.00575133645907	-0.00206634262577	0.00273154303432
4.92086272380	-41.0	45.9774466131	0.00374959642068	-0.00458650477231	-0.00713728042319
4.53536172061	-41.0	45.9290225485	0.00345781398937	-0.00460649933666	-0.00719717051834
-5.71597766199	-41.0	57.1742836772	-0.00535241654143	-0.00248043308966	0.00176143669523
-6.03232129556	-41.0	57.3582739439	-0.00558930309489	-0.00240143807605	0.00192579405848
-12.0122785325	-41.0	59.0612187085	-0.0100065721199	-0.00167254160624	0.00318488222547
6.21047634502	-41.0	57.6060189070	0.005400785245	-0.00227678730153	0.00215082638897
-0.384870883278	-41.0	45.7625661323	-0.00046277261572	-0.00474041095003	-0.00753362290561
0.564721856757	-41.0	59.7066922724	0.000390873901779	-0.00234573450871	0.00430433638394
0.179292792845	-41.0	55.8312178292	2.34229992202e-05	-0.00363327399828	0.000330224313075
9.14062326545	-41.0	59.7143624410	0.00755566032603	-0.00155133218504	0.00389871676452
-6.25189211815	-41.0	57.7933051039	-0.00574754737318	-0.00227496400476	0.00231120269746
-0.781238032472	-41.0	57.6394609759	-0.00102230638731	-0.00318906572647	0.00229916675016
4.13400213363	-41.0	53.1365703506	0.00362554821186	-0.00338555243798	-0.00191507220734
4.36596631947	-41.0	53.2461814636	0.00382535904646	-0.00334584247321	-0.0018027870683
6.39765090357	-41.0	60.4703479374	0.00542057678103	-0.00152824784163	0.00463038031012
7.42185876547	-41.0	56.9656550123	0.00632171845064	-0.00230951025151	0.00158427702263
11.3255632533	-41.0	59.5715439091	0.0092064384371	-0.0015104340855	0.00371947954409
2.94625504983	-41.0	46.9766154111	0.00225591496564	-0.00444155232981	-0.00658442825079
-9.21280147506	-41.0	51.0472930445	-0.00777393765748	-0.00354361254722	-0.00327145727351
7.89551441464	-41.0	62.4163828661	0.00648938305676	-0.000939145043958	0.00616933591664
-2.41602553741	-41.0	54.1230873621	-0.00255337636918	-0.00350198172964	-0.00122824707069
-2.18185724988	-41.0	43.7926398259	-0.00185696117114	-0.00518190488219	-0.00890014041215
-0.820564039798	-41.0	50.2910755867	-0.000911966664717	-0.00395557610318	-0.00436299620196
9.79843160235	-41.0	59.8822752422	0.0080477707088	-0.00148394459393	0.00401968648657
-11.0362837188	-41.0	50.5446328380	-0.00910210888833	-0.00362465088256	-0.00359047437087
9.23397614075	-41.0	61.1239104300	0.00757935410365	-0.0012072629761	0.00506353797391
9.54899949782	-41.0	61.2248800145	0.00781680922955	-0.00117163895629	0.00513576809317
-11.8119215995	-41.0	57.4710280445	-0.00982411857694	-0.00201995042153	0.00191975629423
4.33853688632	-41.0	53.0032139608	0.00378440041095	-0.00338462786749	-0.00200840434991
-11.7818143779	-41.0	59.2830890371	-0.00983936525881	-0.00163060007617	0.00337720173411
-8.75253290956	-41.0	53.7158483764	-0.00753666693345	-0.00298331934027	-0.00114423548803
-9.27567132772	-41.0	50.3634277869	-0.00778849748895	-0.00369276618585	-0.00380657427013
-9.70497657375	-41.0	50.4223809390	-0.00811106245965	-0.00367152434774	-0.00373983080499
1.28916216844	-41.0	60.9703432916	0.0010422806954	-0.00179758283775	0.00534070655704
0.811878386778	-41.0	60.6267746074	0.000604487431701	-0.00195381045341	0.00507639395073
-11.4393422539	-41.0	59.3395763702	-0.00958547089249	-0.00162706989795	0.00344225182198
-6.23886142001	-41.0	49.6578155379	-0.00542996544391	-0.00391886150464	-0.00453502405435
5.75794050965	-41.0	46.7110201613	0.00442664092407	-0.00441981432959	-0.00659322133288
-5.75210833490	-41.0	58.1625495053	-0.00535906618461	-0.00223735370673	0.00265032611787
9.83918612407	-41.0	60.3223035452	0.00806662347168	-0.00137793505564	0.00438289158046
-3.60721425205	-41.0	67.5357472751	-0.00319412979297	0.000179187263711	0.0103874159977
-6.50103385326	-41.0	46.7924950405	-0.00545597542077	-0.00451502203941	-0.00666308682412
-6.14159128022	-41.0	46.7232087349	-0.00516978418455	-0.00453280936927	-0.00672930432484
-5.76726016499	-41.0	46.7427702409	-0.00487596588209	-0.00453132437542	-0.00673093413934
-11.0336383153	-41.0	59.5113602530	-0.0092854173854	-0.00160022394266	0.00360386702232
-11.0710602529	-41.0	59.2171139741	-0.00931030604988	-0.00166420731694	0.00336271431297
-2.04404934537	-41.0	65.4227399835	-0.00192578823771	-0.000376172421966	0.00879674032331
-1.80674544038	-41.0	65.2723772250	-0.00172642001417	-0.000419255258748	0.0086861141026
-9.74827522654	-41.0	60.2674219288	-0.00832431390882	-0.00146841665264	0.00428871996701
3.77206403664	-41.0	47.6634594631	0.00294621684588	-0.00428881915286	-0.00605899048969
3.72849102265	-41.0	47.4650558121	0.00290110800415	-0.00432734191418	-0.0061991661787
9.80417989774	-41.0	61.6460568304	0.00799783878028	-0.00106205430347	0.00547195132822
2.96202214186	-41.0	68.0274530562	0.00232543493621	0.000364770879969	0.0107370167971
9.77461751204	-41.0	48.9166009193	0.00764658907428	-0.00390900112689	-0.00495242234319
5.10970081283	-41.0	47.8378477898	0.00401444593444	-0.00421632640064	-0.0058532548137
3.07297626580	-41.0	46.5206511432	0.0023434041068	-0.0045269834809	-0.00688964501023
2.34318642693	-41.0	46.3137125528	0.00175677624065	-0.00458552269265	-0.00707154953852
4.16905274172	-41.0	45.0098193616	0.00316825066693	-0.00480529898778	-0.00784860551357
-9.93147436361	-41.0	50.6533313881	-0.00828959792852	-0.0036156938877	-0.00354801747017
-11.3434482185	-41.0	53.1680520283	-0.00940648000687	-0.00301243783906	-0.00149833632167
-5.38951121223	-41.0	62.5650552576	-0.00485427072272	-0.00108256016392	0.00641508772969
-5.79473440265	-41.0	62.7263498599	-0.00517554953694	-0.00102182244882	0.00652199145406
0.124156976779	-41.0	67.1969758397	-5.50824079255e-05	0.000103585181932	0.0101594142616
10.1432654601	-41.0	62.9938259999	0.00821362063289	-0.000728623941541	0.00655458308756
-0.538183085039	-41.0	67.0809760482	-0.000616744277067	6.79220684106e-05	0.0100742997602
-8.17323098773	-41.0	56.4778721676	-0.00717106554657	-0.00241657043807	0.00115930626635
9.50920052993	-41.0	62.4286492416	0.0077420999296	-0.000880891340785	0.00611942168325
10.2010274597	-41.0	62.5713789666	0.00827250350267	-0.000829201948363	0.00621096882969
3.40099769751	-41.0	67.9215762263	0.00268858065829	0.000349137320882	0.010642984882
5.60812395914	-41.0	49.6494407484	0.0045479843393	-0.00386171392165	-0.00452742399648
-1.34229297475	-41.0	67.0192916302	-0.00129841209855	4.81159040646e-05	0.010025344789
-1.59257739976	-41.0	66.7706783300	-0.00151441886555	-1.68299502548e-05	0.00983343273401
-2.86451549693	-41.0	56.8589372634	-0.00306855910458	-0.00302315736189	0.00145758700091
-2.87195593712	-41.0	57.2556434129	-0.00306803523563	-0.00292340340093	0.00185704161413
-8.77051481415	-41.0	50.3945712290	-0.00741214537993	-0.00369687657803	-0.0038082532119
10.8760780423	-41.0	57.2087071330	0.00888282991946	-0.00206546601839	0.00177019310649
10.6801861462	-41.0	57.8849045817	0.00873792171478	-0.00191750843078	0.00233660521917
11.1799888207	-41.0	57.7927592637	0.0091100288555	-0.00192349310964	0.00225056591444
11.3620315971	-41.0	57.1064734413	0.00924268551171	-0.0020748230163	0.0016776152188
-5.10597702697	-41.0	60.4299254937	-0.00474354205653	-0.00169354409445	0.00466457987204
-5.38154297358	-41.0	60.0249498043	-0.00498702656478	-0.00178284198046	0.00430219620466
-2.38607120259	-41.0	62.1059189646	-0.00233788811602	-0.00136297103018	0.00621174881235
-2.17264226362	-41.0	61.5871615185	-0.00217459327541	-0.00154657801613	0.00580628309399
-3.12333552350	-41.0	62.1580391469	-0.002978826873	-0.00131179706659	0.00621621496975
-2.88215076081	-41.0	61.6339745399	-0.00279937288724	-0.00149200158194	0.00580663466826
-1.94944542117	-41.0	61.0376727626	-0.00200244621374	-0.00175154116005	0.00537081481889
-2.65895391836	-41.0	61.0844857840	-0.00263671134599	-0.00168905314058	0.00536998081952
-2.57313318397	-41.0	62.5552427362	-0.00248037232086	-0.00121092970949	0.00655972538516
-2.51697042787	-41.0	65.4201657969	-0.00232876348309	-0.000373140879674	0.00878436118364
2.17029046237	-41.0	48.5299709224	0.00167281553149	-0.00417956337333	-0.00554950768128
1.87423558778	-41.0	48.8192576143	0.00143275724258	-0.00413880171254	-0.00536083476618
3.62014930328	-41.0	47.5947880888	0.00282117933966	-0.00430608261377	-0.00611638836563
-7.07253754583	-41.0	49.4662998767	-0.00606745900586	-0.00393562531099	-0.00462771998718
-6.70508030901	-41.0	54.5563037008	-0.00605467706919	-0.0029382314533	-0.00053083471721
-7.08009310638	-41.0	53.9605193614	-0.00631260825321	-0.00302987918258	-0.00101879355498
5.03138814379	-41.0	56.8591804846	0.00450555142015	-0.0026015304029	0.00147574907169
6.87653971947	-41.0	46.9738095524	0.00529314950109	-0.00434299744666	-0.00639340933412
-10.8365917429	-41.0	59.3211004972	-0.00913718342781	-0.00164809788112	0.00345937116072
-8.94931511724	-41.0	60.9227943117	-0.00771104218438	-0.00134359451476	0.00486878165975
-8.79674767819	-41.0	61.1981728763	-0.00758905801922	-0.00128394784406	0.00510313082486
-8.26877302430	-41.0	50.4471668968	-0.00703750317916	-0.00369808869436	-0.00379506452009
-7.79726353030	-41.0	50.5253176627	-0.00668489839882	-0.00369493919425	-0.00376203889027
-5.68810597259	-41.0	66.2645094218	-0.00495434552431	-0.000120191274618	0.00933033972979
-0.547548931815	-41.0	65.9166596917	-0.000637545133941	-0.000241981702857	0.00918833445758
-11.4707052851	-41.0	55.7180210204	-0.00954008474946	-0.00242305314168	0.000533489917871
-11.3528503746	-41.0	56.5852043304	-0.00947060156614	-0.00223441189155	0.00122714939062
-11.4088554883	-41.0	56.9052665629	-0.0095177507028	-0.00216096034274	0.00148200965486
-5.73582734311	-41.0	66.9880604769	-0.00497512100264	5.57483836019e-05	0.00989509932697
9.33901020343	-41.0	62.0446440488	0.00762525480241	-0.000979533186182	0.00581329548731
10.0213011539	-41.0	62.1082909741	0.00814913213253	-0.000944837345742	0.00584129290655
0.168940054187	-41.0	49.1154395491	-2.9597998946e-05	-0.00412296224386	-0.00520578306168
-6.57524730243	-41.0	48.7488134315	-0.00563645921648	-0.00409575784579	-0.00520334765315
-6.44058807017	-41.0	49.1855540282	-0.0055584940128	-0.0040088025853	-0.00488136708736
-5.95096310050	-41.0	48.6474599492	-0.00513948267326	-0.00412930781022	-0.00531679531559
-5.83018986988	-41.0	49.0368073176	-0.00506839016452	-0.00405348045751	-0.00503226928413
-11.6995107949	-41.0	57.1590112458	-0.00973489414901	-0.00209247949533	0.00167550251354
4.12508001486	-41.0	59.4646418964	0.00366313080303	-0.00203586462885	0.00388292060234
3.51850189185	-41.0	59.1625061881	0.00317668356001	-0.00221128785051	0.00364954513498
4.67037768859	-41.0	59.2717496230	0.00412237364799	-0.00202495255508	0.00368233001791
-4.65923327492	-41.0	57.0359955032	-0.00454070512205	-0.00265439064242	0.00163427542429
2.28884417365	-41.0	45.8444895153	0.00170792872086	-0.0046812100336	-0.00739426072687
2.99419791196	-41.0	46.0642588059	0.00227074534632	-0.00461999932304	-0.00720622949302
6.82604568215	-41.0	58.5757019739	0.00584111642092	-0.00197986722924	0.00299264793284
5.55666862738	-41.0	50.6299922136	0.00458497460932	-0.00368719105609	-0.00379544845782
-0.349608922336	-41.0	66.7032585596	-0.000460837676656	-2.95800582535e-05	0.00978624820709
-2.04492857257	-41.0	65.2189206399	-0.00193150609266	-0.000432489032391	0.00864068511873
-2.24709934676	-41.0	65.1488632040	-0.00210610427894	-0.000450218038168	0.0085825920105
12.0637018853	-41.0	54.9788390954	0.00972045306116	-0.00253905891441	-9.08132642508e-05
-9.71371038830	-41.0	52.8392323388	-0.00821170024574	-0.00313500524499	-0.00181790126953
6.81880826999	-41.0	61.0338347427	0.00571898790076	-0.00135072076228	0.0050821271725
-12.0049963376	-41.0	53.7362119240	-0.00989749841392	-0.00286053586751	-0.00103051681072
-2.00979544176	-41.0	64.9985004455	-0.0019069572445	-0.000494344276376	0.00847258418798
3.91717283995	-41.0	66.2994928002	0.00312948017381	-5.70120064367e-05	0.00938408449292
4.52692980968	-41.0	66.2355064847	0.00363192637451	-5.58017381991e-05	0.009312864393
3.94268001136	-41.0	65.8225123570	0.00315992278047	-0.000183835552889	0.00901715550572
-7.94746631939	-41.0	56.6835801286	-0.00700821261853	-0.00238599348813	0.0013342363527
-2.32756657780	-41.0	48.7542007329	-0.00217420863919	-0.00417692260817	-0.00543022993952
-5.37610036875	-41.0	46.8670644303	-0.00457349698991	-0.00450778985396	-0.00665732705966
-5.13130231701	-41.0	53.2572099525	-0.00478259334341	-0.00331661850214	-0.00174585659988
9.92571427857	-41.0	55.5665127640	0.00816042069346	-0.00246878969483	0.000405102327932
-1.53151246388	-41.0	50.9321816217	-0.00156634766608	-0.00386340869591	-0.00387113913894
1.15658725393	-41.0	59.6576051138	0.000978418276645	-0.00232830061577	0.0042402963154
-5.73899469809	-41.0	58.8327679234	-0.00532506359741	-0.00206799409352	0.00324599724263
6.39849667655	-41.0	55.1786165700	0.00552988471463	-0.00278985081241	1.11293809368e-06
-4.96376612747	-41.0	51.0091388850	-0.00450142892078	-0.00371243385598	-0.0035843718797
1.23455402075	-41.0	49.1468034654	0.000894410535693	-0.00410118885338	-0.0051567251794
-0.620923659078	-41.0	62.3335752391	-0.000743935524952	-0.0013337576529	0.00644523696974
5.76696245879	-41.0	61.3455420438	0.00486847991124	-0.00133709690999	0.00539108598605
2.43111699105	-41.0	53.0706285747	0.00214589899406	-0.00356861855835	-0.00212345551699
-0.171140774775	-41.0	55.2416084350	-0.000358374003554	-0.00367361586541	-0.00028455699794
5.87724785744	-41.0	50.2841686583	0.0048106815666	-0.00373449688777	-0.00403680419549
-9.13691907994	-41.0	56.2953490307	-0.00786647666246	-0.00240008137189	0.00100884633139
-5.36102402868	-41.0	54.8728078057	-0.00504722073674	-0.00300649274141	-0.000326930719893
-6.39300618804	-41.0	62.6050634238	-0.00566270714626	-0.00102922145743	0.00638920394704
2.58660797706	-41.0	66.0657188347	0.00202546571381	-0.000155025263666	0.00925023667514
-9.59740744019	-41.0	52.2732180336	-0.00810781680048	-0.00326352682896	-0.00227734819055
-1.93724610313	-41.0	48.3741975148	-0.00182834092993	-0.00424679042771	-0.0057129743509
8.30429698558	-41.0	56.7214887760	0.00697844428942	-0.00229865382425	0.00137571059167
-2.35127587907	-41.0	59.2365692327	-0.00248875468969	-0.0023766704835	0.00379553809762
3.79623891072	-41.0	57.3495964302	0.00351034733467	-0.00268978159875	0.00193926715292
-2.67003811003	-41.0	64.9914910988	-0.0024713485036	-0.000489176483825	0.00845078472048
9.09434397922	-41.0	53.2291503871	0.00746083352715	-0.00300893140957	-0.00154695578385
2.57436373129	-41.0	61.8839081246	0.00215787929483	-0.00139921787195	0.00601415755227
-8.67550890675	-41.0	59.9036680317	-0.0075221718289	-0.0015954071423	0.00404034461826
3.50585594680	-41.0	46.8800974249	0.00269797211513	-0.00444540474564	-0.00661640893668
-5.82265936225	-41.0	48.0787590958	-0.00500235240906	-0.00424823630601	-0.00574730243534
0.716070533652	-41.0	46.1515278229	0.000434719928307	-0.0046483646147	-0.0072463308461
8.70310421319	-41.0	61.2801409109	0.00716617703438	-0.00118999229744	0.00521060125902
-3.63670392806	-41.0	62.3806684503	-0.00340633746237	-0.00121840881184	0.00636685965583
-7.74169038077	-41.0	50.2122268602	-0.00662503112108	-0.00376225612126	-0.00400996161625
4.23951746389	-41.0	63.7198997030	0.00348005071282	-0.000754571869038	0.00737735303119
-3.41421998975	-41.0	52.9430083752	-0.00334845413454	-0.00351883214898	-0.00215853471309
-0.0113695144186	-41.0	65.6776369332	-0.000180465809535	-0.000304487446556	0.00900551304221
7.04815186268	-41.0	59.1379631995	0.00598921673372	-0.00182130455505	0.00347203342244
-6.54704428021	-41.0	52.5513052608	-0.00584331573918	-0.0033425251022	-0.00222584116273
-3.60873277001	-41.0	57.1070581577	-0.00369665212929	-0.00281511317007	0.00170333997812
-3.32244499924	-41.0	46.3228879578	-0.00289004389197	-0.00463434914127	-0.00712080299854
10.1284925872	-41.0	58.2429106755	0.00832503475249	-0.00185492960736	0.00264551886357
6.61357993354	-41.0	48.0253955771	0.00519246514887	-0.00414006970823	-0.00565621210262
6.27598856449	-41.0	52.7532480168	0.00530893262476	-0.00326313823462	-0.00206561479717
8.33093906438	-41.0	49.7267171904	0.00664387084544	-0.00375953665935	-0.00435057887807
7.29471237196	-41.0	63.5157142802	0.00596401793882	-0.000680635566823	0.00707780430093
3.63814444770	-41.0	49.6763857065	0.00295707792975	-0.00393866142258	-0.00464161112905
9.79897448741	-41.0	56.2029564880	0.00807836372405	-0.00233265361749	0.000938084267545
3.02847308135	-41.0	60.3588867556	0.00266041629948	-0.00187622522935	0.00473119644448
-8.22648167918	-41.0	55.1716579417	-0.00719076767564	-0.00269953534007	5.09467972734e-05
-6.57786871325	-41.0	57.6413430850	-0.00599479069933	-0.00227919104509	0.00217223144136
2.47377901555	-41.0	56.6469337652	0.00238134223036	-0.00313575728796	0.00124139117543
5.05670225311	-41.0	54.5336449254	0.00446644378826	-0.00306030316278	-0.000637168472167
-0.213802799273	-41.0	51.6653032446	-0.000376487354515	-0.00380342267454	-0.00335034634918
0.841760520515	-41.0	64.2698871276	0.000558287778404	-0.000701150973327	0.00792631879449
0.738940505	-41.0	58.0942536720	0.000619037193246	-0.00301945558749	0.00277489214204
-5.18380360489	-41.0	63.4426995265	-0.00464327353984	-0.000853519828524	0.00713097630069
-1.44590056855	-41.0	57.9638318229	-0.00170145614538	-0.00298473681323	0.0026190909557
-9.79558439687	-41.0	54.7985575052	-0.00831753853709	-0.00269966456108	-0.000223693394219
5.00501560937	-41.0	59.7019348826	0.00436388747767	-0.00186401070096	0.00404210435227
-4.59226975803	-41.0	60.6940584668	-0.00430974923074	-0.0016600524541	0.00492025399581
1.79057277326	-41.0	51.1039584650	0.00144927750807	-0.00381249561906	-0.00371177820489
-3.57394580874	-41.0	54.9269058545	-0.00361933885142	-0.00323814759031	-0.00039664565702
-10.7323933712	-41.0	57.4686727442	-0.0090363714844	-0.00206406717189	0.00195614551194
-5.37594676413	-41.0	65.5038378071	-0.00472024083138	-0.000312908756314	0.00874770246446
-1.20143504083	-41.0	46.2956069300	-0.00114766240586	-0.00463844649494	-0.00717230839655
-1.73882415920	-41.0	54.0712467947	-0.00191684055608	-0.00358759053051	-0.00132857740391
4.77888225818	-41.0	65.7070185526	0.00385042512789	-0.000188778954907	0.00889631267637
4.92067354202	-41.0	51.2701461101	0.00412571942434	-0.00361184566282	-0.00334988627583
6.72643013981	-41.0	57.1182222393	0.00579910073429	-0.00233763991855	0.00171670364216
-3.87960112988	-41.0	48.2747081217	-0.00344692403451	-0.00424161646515	-0.00570794055238
-8.33632390263	-41.0	63.0748404322	-0.00718534504995	-0.000849952746648	0.00665722461417
-6.04408453782	-41.0	60.8121596463	-0.00547022745013	-0.00151905859821	0.00493295863271
-1.63268363628	-41.0	55.8750698354	-0.00190690334421	-0.00346431718208	0.000412495573983
7.25742091176	-41.0	51.2430414631	0.00595439085737	-0.0034922841005	-0.00321865035221
-2.325211044	-41.0	66.7876017121	-0.00213362113573	-1.21143266369e-05	0.00983689632267
10.2455038506	-41.0	51.8125201009	0.00822727754712	-0.00327519606799	-0.0026720915921
-7.23242213009	-41.0	64.2910989825	-0.00627180049196	-0.000580442429055	0.00769610796124
8.78174546092	-41.0	54.9593266635	0.00730203930289	-0.00265630567446	-0.0001164358182
-8.80995751163	-41.0	58.1578077317	-0.00763934012502	-0.00199602963403	0.00257588783279
-0.235466330869	-41.0	53.4313123084	-0.000410108128563	-0.00370197207667	-0.00194970902521
2.40998552545	-41.0	54.8691236316	0.00225741043687	-0.00341456825845	-0.000534018559847
-3.04954555385	-41.0	60.8626725198	-0.00299443700351	-0.00173449015711	0.00516165373847
-2.71676586653	-41.0	49.5373491940	-0.00254056951962	-0.00403873017058	-0.00484731001779
10.8248809442	-41.0	53.7777683119	0.00876213982701	-0.00283274217509	-0.00107166357338
-0.636561100786	-41.0	47.3024902104	-0.000700953998603	-0.00444068200886	-0.00647752685472
5.15601860043	-41.0	48.9306758156	0.00413392018527	-0.00401022052392	-0.00507834879681
-9.78270057233	-41.0	61.2568826299	-0.00834091939032	-0.00123974820599	0.00509646721184
-1.39011329090	-41.0	60.7711691875	-0.001499613747	-0.00188118079677	0.00517789972946
-3.87652585817	-41.0	58.9940099778	-0.00383151136339	-0.00224562524818	0.00347801554017
-0.502635302992	-41.0	59.2826817121	-0.000689271255396	-0.00253736390732	0.00392914796248
2.52915949620	-41.0	63.9058789950	0.0020269935485	-0.000767705845647	0.00759880524129
-8.40395883714	-41.0	48.6833163738	-0.00704090856016	-0.00407854747027	-0.00515233865008
1.78639345728	-41.0	44.9352180274	0.0013062999351	-0.00488178851083	-0.00803567562252
-0.0658262486061	-41.0	50.0442829126	-0.000236407446209	-0.00398865435272	-0.0045453440398
-9.34180521993	-41.0	49.9360239821	-0.0078167328611	-0.00378638878465	-0.00413763476536
5.05178993297	-41.0	56.3359097656	0.00452146027237	-0.00271403207444	0.000993421999738
-3.77324983519	-41.0	66.1414978666	-0.00336803891696	-0.000170415834873	0.0093048941344
-1.73880625705	-41.0	63.7517700676	-0.00170618575066	-0.000861217442434	0.00752136670053
0.315366358616	-41.0	60.9090135232	0.000123749428894	-0.00185697327834	0.00531750824302
-2.96706279499	-41.0	51.3799554641	-0.00285659381188	-0.00375287071802	-0.00344905094244
9.4566007539	-41.0	59.7722509465	0.00779260415584	-0.00152365898248	0.00393799878657
5.03508692570	-41.0	47.4814644019	0.00392997497693	-0.0042868712917	-0.00610425649211
7.44288652654	-41.0	53.8650762373	0.00626330496743	-0.00296721351333	-0.0010779768927
-5.93362498592	-41.0	46.3877175190	-0.00498547311872	-0.00460766535252	-0.00698299938813
-10.3629746177	-41.0	59.9325020292	-0.0087867025286	-0.0015253177844	0.00398264918476
0.828487627138	-41.0	62.0410338101	0.000581708445679	-0.00142397324089	0.00620906660333
4.21291502473	-41.0	61.6595397320	0.00357749057002	-0.00135852431413	0.00573699781671
0.544820496678	-41.0	67.2111386544	0.000300552870613	0.000112009096483	0.010165928863
-7.18535041219	-41.0	61.9168335355	-0.00631945487112	-0.00117194920313	0.00578252319247
5.95567694203	-41.0	64.5253112393	0.00484802573919	-0.00046472941176	0.0079306345433
8.72873461937	-41.0	58.5802815570	0.00727520463988	-0.00184245256241	0.00295584858395
5.00130146009	-41.0	52.8900876169	0.00431467033923	-0.00334094348364	-0.00204645167105
-7.14069248534	-41.0	59.4229434801	-0.00637557031587	-0.00179970997851	0.00370183843188
-11.2148604997	-41.0	55.1691858241	-0.00934653822333	-0.00255831889808	9.52082191361e-05
-1.66447153835	-41.0	52.5274744923	-0.00175747240428	-0.00369456456974	-0.00263475510292
2.45696024054	-41.0	48.0136083377	0.0018932094099	-0.00426205340773	-0.00589510938153
11.2613413236	-41.0	55.6493947700	0.00914598628879	-0.00240592914633	0.000470730330562
-4.95720762478	-41.0	52.7625319897	-0.00461226189509	-0.00341429631226	-0.00217433739454
5.81702581277	-41.0	58.4267952029	0.00507296528667	-0.00211771647446	0.0028876576107
-11.0526099466	-41.0	54.1057931008	-0.00921319238842	-0.00280601833947	-0.000757864152547
3.67132420326	-41.0	52.1532430630	0.00316084502265	-0.00356397149153	-0.002759703435
-0.866013393211	-41.0	44.6632145515	-0.000827390700579	-0.00497742090374	-0.0082911318168
-7.98396328529	-41.0	52.4440662715	-0.00692256027833	-0.00328818662092	-0.00222152657807
-7.42333931755	-41.0	53.7687622228	-0.00656065670773	-0.0030459119007	-0.00116170139518
8.75146238118	-41.0	51.5277807820	0.00710056070238	-0.00337675330229	-0.00293225189671
-7.49992290273	-41.0	56.3867774291	-0.0066793798469	-0.00248528388329	0.00107572972775
-5.34388830148	-41.0	49.5422307312	-0.00471290154383	-0.00396745046601	-0.00468304520473
-7.06478982623	-41.0	47.2059080090	-0.00592126790434	-0.00441947998479	-0.006332160905
3.77490789847	-41.0	55.5614438350	0.00348235922866	-0.00307255005464	0.000219131470658
1.12998810814	-41.0	54.1561185049	0.000979647389613	-0.00363493827172	-0.00128731515724
1.15109704276	-41.0	52.3614267035	0.000918569276109	-0.00371833215468	-0.00278422725387
3.81266171769	-41.0	53.6756833406	0.00339821260422	-0.00334633304738	-0.00148591632023
1.28690547725	-41.0	55.9309424958	0.00121433951426	-0.00350747909397	0.000460685580038
0.242255021039	-41.0	56.7026969308	9.58138189162e-05	-0.0034956948366	0.00128155562561
4.34016577512	-41.0	45.6048247928	0.00330220209435	-0.00467734318227	-0.00743199372664
9.21502487233	-41.0	62.6591353284	0.00750522874296	-0.000832813209854	0.0063166487962
-3.90713640050	-41.0	64.1874240533	-0.0035481962841	-0.000688553613145	0.00778212817386
0.934162310154	-41.0	47.6475842710	0.000616569945123	-0.00436032237485	-0.00621377909556
9.81703143558	-41.0	50.4592631723	0.00781194586307	-0.00357535830699	-0.00375264626928
-5.79947563192	-41.0	56.3628109300	-0.00541700143367	-0.00265333754942	0.00102864415385
5.63139563513	-41.0	63.5245484519	0.0046326238662	-0.000746988109313	0.00715663237497
-2.08173210369	-41.0	45.6343726003	-0.00184835260734	-0.00477760564536	-0.00762371812016
7.25376721689	-41.0	61.3371539760	0.00604255916551	-0.00124605814926	0.00531402882189
-6.34174445669	-41.0	50.6649325578	-0.00557339703664	-0.00371689908206	-0.00375001644716
1.96262352110	-41.0	46.4157774033	0.00145133736078	-0.00457365298644	-0.00702020013705
-4.96229557875	-41.0	62.0844635857	-0.00453034136444	-0.00123615772463	0.00605012336746
10.6795682359	-41.0	56.8848222915	0.00873532425612	-0.00214524124749	0.00150291458704
-2.10264743313	-41.0	62.3360392444	-0.00207649148069	-0.0012988105882	0.00640668720007
3.58146744421	-41.0	48.2542372588	0.00282496330328	-0.00418615667149	-0.00565948011354
-6.54763435671	-41.0	55.0519834847	-0.00595294637606	-0.00285114580765	-0.000109394713945
-6.83755767784	-41.0	49.2216971316	-0.00587030872703	-0.00399197405204	-0.00482911942527
-8.61497183841	-41.0	51.1729320288	-0.00733441393822	-0.00353285158053	-0.00320376595482
3.81542869377	-41.0	59.0819163056	0.00343295861967	-0.00219401228242	0.00355910602957
-5.09049471181	-41.0	57.3752080747	-0.00487075466663	-0.0025121208746	0.0019477448659
-0.897114686464	-41.0	66.9484405151	-0.000922437408008	3.1434246921e-05	0.0099731720984
7.87044733110	-41.0	60.2375513411	0.00657163513824	-0.00148984219413	0.00437614088878
6.02906605019	-41.0	46.4100401714	0.00460710981861	-0.00447218306363	-0.00678829755634
3.54249213710	-41.0	64.8385011797	0.00285380054265	-0.000465740537038	0.008276225999
-5.00787904830	-41.0	47.3509348490	-0.00430866656825	-0.00440980540588	-0.00632270053029
10.3285583716	-41.0	54.9287400236	0.00844002515078	-0.00259433872998	-0.000124513098854
-0.571684333041	-41.0	48.7510691339	-0.000668849097565	-0.00418600672856	-0.0054669380188
-1.32733410835	-41.0	65.3125190217	-0.00131450139452	-0.000410080741858	0.00872379541397
1.34062510201	-41.0	65.8012612506	0.000974774302449	-0.000253017031355	0.00908143352717
10.1737028519	-41.0	61.4111900218	0.00828894041479	-0.00110787758604	0.00526742544025
1.77879451501	-41.0	60.6836894791	0.00151204073336	-0.00187419122085	0.00508210808039
0.595308935561	-41.0	44.7482094744	0.00035226563341	-0.00494198221713	-0.00820517260581
8.04136487905	-41.0	52.6850091969	0.00664656283334	-0.00316965254024	-0.00202722498216
-4.13255980499	-41.0	49.6466324508	-0.00373464799486	-0.00398378819227	-0.00468501960859
-4.24832000561	-41.0	45.2383125667	-0.00358057883568	-0.00486554810777	-0.00786315184087
10.7334564370	-41.0	59.7838614370	0.00875590927899	-0.00147637969349	0.00391160370782
6.43483499516	-41.0	60.0479246973	0.0054730027914	-0.00163695588708	0.00427173497155
3.06819719516	-41.0	45.3504753731	0.00232019391842	-0.00476507889107	-0.00768811628222
-5.85100181276	-41.0	53.7164267215	-0.0053708977066	-0.00317286117934	-0.00130175193772
-8.35022239844	-41.0	61.6527136886	-0.00723481737077	-0.00119125063065	0.0055003776215
-0.423966172497	-41.0	64.0003016419	-0.000549326417968	-0.000794397201389	0.00773018784821
-10.8572846398	-41.0	52.4742936886	-0.00903556682169	-0.00318425591104	-0.00206676824018
-4.58961254728	-41.0	55.9465388930	-0.00448122108355	-0.00290104397573	0.000612852396443
-2.98614795139	-41.0	58.0345201362	-0.00313571328297	-0.00267987675034	0.00262371520512
-4.27274587276	-41.0	53.8805253161	-0.00413222936913	-0.0033006942831	-0.00128179776948
8.83579483409	-41.0	48.5070324818	0.00690923817456	-0.00400540232658	-0.00526852253824
-10.5031406505	-41.0	51.5145002533	-0.00874578393996	-0.00341051351279	-0.00284329452552
-7.86358287928	-41.0	60.5254771674	-0.00689265038818	-0.00148536288179	0.0045965090394
2.27565333761	-41.0	67.2146733062	0.00175616121851	0.000141985990922	0.0101348692551
8.39904794561	-41.0	63.8921685927	0.00681718764827	-0.000548821059056	0.00733729358763
1.67105912530	-41.0	63.1184806573	0.00130747479852	-0.00103825121187	0.00702270166948
-2.61419080912	-41.0	47.4248583444	-0.00235869782045	-0.00441725552082	-0.00636495416984
3.34292543370	-41.0	62.8546971603	0.00276918290183	-0.00104986666702	0.00674339896068
3.58605772256	-41.0	66.9400291200	0.00284755066969	0.000102397825685	0.00988594349474
7.57337065599	-41.0	64.6185206458	0.00613590050489	-0.000386667205021	0.00794334243983
-7.19778057125	-41.0	51.4638075824	-0.00628080684692	-0.00352362589911	-0.00305952574126
-2.33323523072	-41.0	57.0503357188	-0.0025888979435	-0.00309081771411	0.00165352993645
-10.4971378829	-41.0	58.6827149966	-0.00888044945896	-0.00180178240407	0.00295462924987
-1.72039408713	-41.0	49.6833203822	-0.00168829981703	-0.00403318693861	-0.00478204805404
4.99084360585	-41.0	62.5896019587	0.00416219839826	-0.00103799684439	0.00644443230703
7.67933029433	-41.0	57.8896583423	0.00650351494551	-0.00207479530945	0.00238337833434
9.25232245556	-41.0	57.5112208105	0.00767966965213	-0.0020629374776	0.00204348517582
7.27051456275	-41.0	55.9693113910	0.00620368309319	-0.00254351156764	0.000716189213563
7.76724337500	-41.0	47.3975177818	0.00600019562989	-0.00424629915506	-0.00609360868111
6.38975749419	-41.0	49.2079027162	0.00512251909822	-0.00391642330214	-0.00480992114171
3.65396723174	-41.0	50.9350626362	0.00305577949621	-0.00373954209499	-0.00370703125373
6.2679271913	-41.0	54.0905978999	0.00538402376696	-0.00301501643844	-0.000946277636103
6.56814865546	-41.0	62.2779483377	0.00545212579891	-0.00103681616019	0.00611398462206
-7.65685649488	-41.0	57.8099317334	-0.00679358653724	-0.00214963476174	0.00230378005654
6.25593138442	-41.0	65.8322517144	0.00504280813038	-0.000108547363197	0.00893960241228
4.83702167169	-41.0	50.0968919668	0.00396776665002	-0.00381497410126	-0.00424701021984
2.42367932466	-41.0	49.4737830061	0.00192527472973	-0.0040171216242	-0.00486690737307
8.15737709831	-41.0	61.9872494305	0.00671357056126	-0.00103675865103	0.00581010943279
-2.96484492148	-41.0	56.0975964682	-0.00315019977279	-0.00315989740193	0.000694860354997
7.43709930509	-41.0	48.8533295238	0.00589308142662	-0.00395708205178	-0.00503231957555
-3.94147030539	-41.0	52.0398342772	-0.0037306882441	-0.00360240996815	-0.0028514394071
11.3397025692	-41.0	58.1591319786	0.00922873709351	-0.00183544645552	0.00255113770254
6.10072871782	-41.0	51.2513029102	0.00506227044389	-0.00354753318243	-0.00327959121205
-10.0744022436	-41.0	55.8366286910	-0.00853491667658	-0.00245718332008	0.000630951777566
0.205437726966	-41.0	63.0109695381	5.72668113819e-06	-0.00110455940012	0.00697099370882
4.81716880874	-41.0	57.9198227337	0.00431235320866	-0.00237526139244	0.0024558189325
9.27699952094	-41.0	49.5385538034	0.00733367167413	-0.00378099014051	-0.00447679916397
-10.3182848989	-41.0	53.2920689942	-0.00866439659148	-0.00301436474547	-0.00143125560135
-0.345160556451	-41.0	58.0929194843	-0.000545996008441	-0.00305187585764	0.0027805394493
-2.80321457548	-41.0	63.9043284126	-0.0026221727021	-0.000795361120254	0.00760630937293
6.79043385767	-41.0	50.2028666263	0.0055143549107	-0.00371204386465	-0.00404657609761
-9.10468115832	-41.0	62.1517808421	-0.00780623033643	-0.0010494524613	0.00586446467787
1.63954651409	-41.0	57.3028620068	0.00157452211715	-0.00315289129503	0.00192730198614
-2.43736143609	-41.0	55.0149503152	-0.00263243727386	-0.00341520900838	-0.000399238808313
0.873119601979	-41.0	50.5596748899	0.000608279835433	-0.00390824442729	-0.00415444001555
-10.8959158747	-41.0	56.3832220335	-0.00913584884256	-0.00229947385378	0.00107236590702
-5.66349395035	-41.0	51.7778405429	-0.00511060608551	-0.00353897479363	-0.00292013701983
-9.61506384906	-41.0	59.3223184072	-0.00822997745126	-0.00169017515145	0.00351741025224
-7.16702879422	-41.0	65.3901760773	-0.00618680100888	-0.000314961653203	0.00857311021537
-6.24736271762	-41.0	64.8768388675	-0.00545553583652	-0.000455296249129	0.00821305252612
-0.630746602702	-41.0	57.2691274822	-0.00086624675896	-0.0033243179787	0.00190275313798
-2.72905909759	-41.0	44.5752413852	-0.00232914322987	-0.0050090556033	-0.00835344661027
-6.15156403495	-41.0	63.9159984857	-0.00541296740994	-0.000699955737218	0.0074557242915
-4.51379198422	-41.0	46.4208415597	-0.0038583970163	-0.0046086399816	-0.00701327295974
-4.61726595785	-41.0	66.7478142561	-0.00405525043607	-1.05395374703e-05	0.00974775943905
1.94258133046	-41.0	64.9104426212	0.00149870838504	-0.000491101993248	0.00838859751821
3.98034161252	-41.0	60.0239883697	0.00350119592622	-0.00188137229998	0.00438085151836
3.60588586298	-41.0	65.7658178821	0.00288203707896	-0.000209069810808	0.00898619368672
-8.07906402879	-41.0	58.7824764357	-0.00709440279752	-0.00189270323608	0.00312344706617
-5.30705683288	-41.0	45.5360694120	-0.00443945545703	-0.00479848729447	-0.00762179214507
2.69144271398	-41.0	51.6186446187	0.00227673957124	-0.00370307941921	-0.00326031423174
-3.44568248235	-41.0	59.8870991727	-0.00340614793822	-0.00201839045621	0.00430180691183
-4.10506552550	-41.0	61.5819736787	-0.00384911103174	-0.0014321252238	0.00569099327549
-4.98484523548	-41.0	59.7083694491	-0.00468876492232	-0.00190794141963	0.00405035540462
4.61735864406	-41.0	60.7050256070	0.00397949898615	-0.00161095254589	0.00492189079523
-0.00622161460776	-41.0	45.4709854248	-0.000147573198774	-0.00479659903795	-0.00772689562291
7.39714167880	-41.0	54.9075644552	0.00627254648134	-0.00275801005773	-0.000196329812752
4.81023497365	-41.0	66.7359508203	0.00385443354025	8.46961484058e-05	0.00968755781651
-3.66388089979	-41.0	47.3708414905	-0.00322147994302	-0.00441984878853	-0.00636720238253
-0.692568430639	-41.0	56.3246236058	-0.000935219228268	-0.00353893474676	0.000868162256666
-4.54209120253	-41.0	58.1711853085	-0.00441652862355	-0.00238654646091	0.00269332178868
-3.40468465233	-41.0	53.9381249045	-0.00341211841442	-0.00339539023116	-0.00130628037732
9.73435373466	-41.0	54.1220751688	0.00797443743795	-0.00279238633811	-0.0007983847172
-8.39305401399	-41.0	57.1061492206	-0.00733453780413	-0.00226107169874	0.00169397029094
5.84693787938	-41.0	57.4720721911	0.0051260064356	-0.00235018949024	0.00203405786306
11.7234265658	-41.0	56.6311061574	0.00950580835342	-0.00217374647036	0.00127769948449
-9.92814380863	-41.0	56.8756088917	-0.00844450015575	-0.00223144027404	0.00148702412844
-11.5860694276	-41.0	58.0809693159	-0.00967211648822	-0.00189654168207	0.00241820863448
-3.77085822357	-41.0	67.1927286952	-0.00333866011351	9.49517052504e-05	0.0101180123165
11.7212716651	-41.0	54.1083686942	0.00943630002439	-0.00273999082856	-0.000802136491984
-5.24068876728	-41.0	64.4654489642	-0.00464629055932	-0.000581383355893	0.00793817825615
-1.61680622585	-41.0	47.3903669487	-0.00152539787814	-0.00442690867931	-0.00641072914004
-8.65525747823	-41.0	64.0623909119	-0.00741299148649	-0.000608950096648	0.0074335616082
-0.972843567524	-41.0	54.6214621421	-0.0011882140534	-0.0036447935272	-0.000870360352565
-2.60345018601	-41.0	53.5176583901	-0.00267977383919	-0.00353453704156	-0.00174345320556
4.49939331412	-41.0	64.6776355916	0.00365423224866	-0.000477168854559	0.00811132509261
-9.79517369142	-41.0	57.8918172780	-0.00835905596614	-0.00200835266151	0.0023291639518
-7.37302908224	-41.0	62.8718533511	-0.00643195351586	-0.000926491105929	0.00654869480059
6.56246340818	-41.0	56.1484194046	0.00567489676178	-0.00257051922381	0.000858776387759
1.67762503492	-41.0	50.0497988024	0.00130578351673	-0.00395472021773	-0.00449240440503
2.67565694015	-41.0	59.4237820921	0.00242100912146	-0.00224315701053	0.00393984140828
-4.80548263498	-41.0	48.2499991339	-0.00419966457412	-0.00423087412491	-0.00567735638469
-2.92239742447	-41.0	48.4145782981	-0.00266032502986	-0.00422962429002	-0.00565077085048
-3.55911371042	-41.0	50.4469073694	-0.00330508104526	-0.00386699242517	-0.00412147538736
5.51683897471	-41.0	52.0990671720	0.00466713868082	-0.00343306944706	-0.00265011261217
-5.91187870309	-41.0	59.9216522420	-0.00541025307029	-0.00176580017433	0.00418511405587
-6.22205559180	-41.0	61.7138464543	-0.00556720979512	-0.00126974494196	0.00567154120654
-6.49957365695	-41.0	65.8166953142	-0.00563222588971	-0.000220362693653	0.00894264411181
11.4703894289	-41.0	52.9248616615	0.00919622462243	-0.00300763663836	-0.00176706153434
-0.283087502545	-41.0	46.3961923986	-0.000390796310967	-0.00461190007627	-0.00709874648601
-2.23852272518	-41.0	46.5691040000	-0.00201290356927	-0.00458611128852	-0.00697290990502
-8.56000538311	-41.0	47.7440796020	-0.00710438052192	-0.00428702123463	-0.00586150633171
-6.93375806508	-41.0	48.2268128776	-0.00588322104886	-0.00419938424602	-0.00557569554076
3.06083919484	-41.0	50.1724306711	0.00250408356078	-0.00388435763307	-0.00431965524331
10.5461517027	-41.0	52.7877512206	0.00850792042911	-0.00305646820925	-0.00188146228902
-9.41526653855	-41.0	63.0899424493	-0.00803033541888	-0.000823410518933	0.00660631107166
8.33500414809	-41.0	63.2447198197	0.00679484801367	-0.000713876215741	0.0068209762685
7.46026715947	-41.0	52.7158966375	0.00621141167358	-0.00319445715286	-0.00202833721414
-9.98224983555	-41.0	50.0581691944	-0.00830035377294	-0.00374909467064	-0.00401315325871
-9.03222954955	-41.0	48.7037405914	-0.00751827983186	-0.00406631501392	-0.0051069771871
4.82122491230	-41.0	46.9193937830	0.00372574501671	-0.00440219696611	-0.00650274381042
5.98256682435	-41.0	59.0139843906	0.00517481379211	-0.00194864987861	0.00339939678088
-6.73207325364	-41.0	58.1902382850	-0.00610026158392	-0.00213395175524	0.00265127653256
7.07479448775	-41.0	58.0631317485	0.0060450877063	-0.00208287523128	0.00254203449003
-3.87365102021	-41.0	65.5781310378	-0.00346926716156	-0.000315436831443	0.00886541046202
5.54444870845	-41.0	60.7885493745	0.00472561316565	-0.00150801951531	0.00493963016197
-4.71380970611	-41.0	63.1499660410	-0.00426937546581	-0.000950274406932	0.0069231139496
-1.02085078792	-41.0	67.5147177829	-0.00101946317591	0.000176339744939	0.010405248031
-2.59865443096	-41.0	51.7037727960	-0.00255458639003	-0.00372923212126	-0.00322359986603
-11.1841377992	-41.0	59.9152075137	-0.00940126087517	-0.00150704104453	0.00392381846905
-5.44631952231	-41.0	66.0328238313	-0.00476175686345	-0.000179865572136	0.00915894471109
-11.6312488194	-41.0	56.7215136393	-0.00967559870332	-0.00219167396426	0.00132937950548
7.97139980582	-41.0	50.2351805098	0.00641625653952	-0.00366548751481	-0.00397132383659
8.63274600610	-41.0	50.4255695777	0.00692823342979	-0.00360810360871	-0.00380312232301
6.58612927322	-41.0	52.2220071203	0.00551156233996	-0.00334098143503	-0.00247784657404
-9.35371451426	-41.0	51.3589645794	-0.00789225101471	-0.00347157754004	-0.00301765254699
4.83748082505	-41.0	58.5464714521	0.00429951632395	-0.00220619421452	0.003026177641
0.283784419138	-41.0	67.6383711048	8.30432472867e-05	0.000218609784497	0.0104944128543
7.72969212859	-41.0	62.1050956224	0.00637500872836	-0.00102539348882	0.00592310028151
9.85981484813	-41.0	52.2836224587	0.00797253381461	-0.00318332668394	-0.00229887105525
0.899333622103	-41.0	51.1546882261	0.000646144209895	-0.0038377835881	-0.00371507625096
-1.99906726695	-41.0	44.6279563916	-0.00174280593637	-0.00499360449612	-0.00832023657858
-11.1824218316	-41.0	60.9296396629	-0.00940592680126	-0.00128227740061	0.00474819773808
1.15128282725	-41.0	67.2573233806	0.00081229978241	0.000132412853418	0.0101920785382
2.21498194083	-41.0	51.8692936204	0.00187032844406	-0.00370370666496	-0.00310224969871
-9.61946267120	-41.0	62.2841720546	-0.00820196326822	-0.00100633769762	0.00594190694392
0.49555804473	-41.0	47.1791707090	0.00024845029111	-0.00445277336985	-0.00654817884788
-3.65065137334	-41.0	62.9611424461	-0.00338757550344	-0.00104540295433	0.00682910624892
-2.60436475456	-41.0	52.9202324406	-0.0026384415105	-0.00359278381802	-0.00224715122022
-2.86526268857	-41.0	45.0587275252	-0.00246038637124	-0.00490312557667	-0.00801489874721
10.2722350314	-41.0	60.9109151308	0.00837912969291	-0.00122420990374	0.00485414499417
-2.48291368894	-41.0	65.7577062749	-0.00229093618691	-0.000282167515252	0.0090442057699
-0.763767505476	-41.0	48.1780362375	-0.000824357091915	-0.00428342819214	-0.00586865423247
1.68009294794	-41.0	66.2975336923	0.00125965999905	-0.000111822897452	0.00945123285055
10.5693583621	-41.0	51.3403078837	0.00843435246497	-0.00337161496282	-0.00304678804241
-0.861310381339	-41.0	58.8585272835	-0.00106833921745	-0.00269996910356	0.00352518470027
-7.27177422869	-41.0	60.5693235982	-0.00643735891208	-0.00150603521615	0.00466319452971
5.52033194629	-41.0	46.1245909485	0.00420548953116	-0.00454150419682	-0.00700067309663
11.1817964038	-41.0	58.5855731569	0.00910863094032	-0.00174169999082	0.0029081820976
-11.7242505923	-41.0	58.9981868452	-0.00979172531515	-0.00169365061447	0.0031502309721
-7.67123350656	-41.0	64.6220805993	-0.00661429483443	-0.000492087914608	0.00793619453907
8.35804099419	-41.0	56.1131880977	0.00701371906325	-0.00243066414259	0.0008557336987
8.83099498134	-41.0	54.3932631834	0.00731907039881	-0.00277479714714	-0.000589983770624
1.86761467931	-41.0	58.2256951490	0.00175841187593	-0.00280522019602	0.00286429817788
1.14420878297	-41.0	55.3482202350	0.00104791554622	-0.00358493230306	-0.000147967977682
3.62815019449	-41.0	54.4770550711	0.00330037390813	-0.00326258363202	-0.000795298663434
1.15190990228	-41.0	52.9338642767	0.000943516555708	-0.00368144200183	-0.00232726032846
3.84131933302	-41.0	56.7382727160	0.00355783244595	-0.00282751373015	0.00134983204771
5.08314711880	-41.0	55.0720047700	0.00451320456341	-0.00296024722047	-0.000156522364705
2.48088935297	-41.0	57.2429846302	0.00237938738428	-0.0029890879523	0.00185173202772
2.48845027274	-41.0	56.0787814553	0.00238742679358	-0.00324230385013	0.000661005906295
2.40919519692	-41.0	54.2928828029	0.00221658730879	-0.00346691324376	-0.00106754258741
-0.273083522093	-41.0	54.0421909450	-0.000454604887636	-0.00369107606821	-0.00142225518357
-0.259505890291	-41.0	52.8590536973	-0.000428551691584	-0.00372201250866	-0.00241980538704
-0.0998658561671	-41.0	58.9331705372	-0.000278614461422	-0.00270071183331	0.00361081492156
-1.65813893078	-41.0	61.2910371307	-0.00172366376501	-0.00167565932497	0.00559076154605
-3.17193377398	-41.0	61.4385366298	-0.00306331901811	-0.00153739110101	0.00563041493297
-2.49191215769	-41.0	59.8036435272	-0.00257506710477	-0.00215350440703	0.00429301615804
7.15168278206	-41.0	64.9584857259	0.00578785967082	-0.000310800940497	0.0082259979099
-1.84991244921	-41.0	50.5712970239	-0.00183556892443	-0.0039026630111	-0.00412655668333
0.136217755125	-41.0	44.3427894769	-1.00636943898e-05	-0.00503658875823	-0.00849335454404
8.59083998525	-41.0	53.4728322855	0.00710034836084	-0.00298069650307	-0.00136099103838
-4.29296001132	-41.0	65.1665681202	-0.0038338273298	-0.000417087139795	0.008529888466
5.71527290783	-41.0	66.1288803672	0.00460001453757	-4.69599544886e-05	0.00918807648122
-1.34219403020	-41.0	49.2431439951	-0.0013458924368	-0.00410546502098	-0.00510889478028
3.82437061144	-41.0	61.1449675255	0.00328652164899	-0.0015463171294	0.00533821852878
-1.92603329048	-41.0	66.3179894209	-0.0018056120025	-0.000135432448587	0.00948346871883
3.51051318279	-41.0	44.8875849010	0.00266307918355	-0.00485148234293	-0.00797565281391
-2.52087467655	-41.0	67.4493165629	-0.00228498596698	0.000156215188326	0.0103418556973
-9.0503480341	-41.0	60.3752929561	-0.00779704842716	-0.00146849919111	0.00441281311214
1.56546185943	-41.0	44.3961970380	0.00113475590479	-0.00500297080725	-0.00841128919274
-11.4233622849	-41.0	53.7615216355	-0.00947600509971	-0.00287260930054	-0.00102365063503
4.06763412746	-41.0	47.9652285962	0.00319962576032	-0.00422378815711	-0.00582997128367
4.68987367532	-41.0	49.1514003288	0.00377865834162	-0.00398722896352	-0.00494926143438
5.60569318879	-41.0	48.5928895828	0.0044615464285	-0.00405813986436	-0.00529432483017
-5.30845319314	-41.0	61.6960065547	-0.00483435252681	-0.00132509914692	0.00571113964543
-1.17380495457	-41.0	52.8361349414	-0.00131053617224	-0.00369774224237	-0.00241235061549
8.86575624719	-41.0	52.0949039837	0.00722434697673	-0.00325519428588	-0.00247497973032
-0.48832266243	-41.0	63.4790210415	-0.000610956456512	-0.000956440460868	0.00733110401779
-7.11971579006	-41.0	46.6882129474	-0.0059315757826	-0.00453422171995	-0.00671454146504
-9.89005669342	-41.0	54.3036936816	-0.00837637390941	-0.00280504510738	-0.000625793472864
10.9189577488	-41.0	52.3621139532	0.00875825900584	-0.00314164091833	-0.00222374708392
-0.270249541102	-41.0	59.8088831259	-0.000445830111858	-0.0023141708225	0.00439938297495
-1.18396414627	-41.0	61.3219055563	-0.00128563574981	-0.00168352352921	0.00563347246498
-2.02736986616	-41.0	59.7335953202	-0.00215479382314	-0.00222957180813	0.00426164036617
0.572837032569	-41.0	48.1360304876	0.000314613222145	-0.00427949987352	-0.00588481733575
-1.25927751718	-41.0	53.8793575500	-0.00144114415161	-0.00364253181033	-0.00153001304716
-3.99502296676	-41.0	59.8689586822	-0.00387098104693	-0.0019639658276	0.00424990383908
-3.40885867213	-41.0	59.0340602458	-0.0034358992707	-0.00229810364544	0.00354212871753
-3.51672895365	-41.0	60.7321395112	-0.00340680358931	-0.00173865735997	0.00502183800563
2.00373549027	-41.0	64.0490866315	0.00157052522991	-0.000741361931432	0.00772799318656
3.66747753536	-41.0	63.8930760709	0.00299393734895	-0.000728992687073	0.00753956194967
-1.01398799337	-41.0	66.4564983657	-0.00102841667831	-9.82927303994e-05	0.00959785934538
3.76277655991	-41.0	58.5368068263	0.0034259557724	-0.0023667938076	0.0030634207651
-7.88079131299	-41.0	56.3721210837	-0.00695738242939	-0.00246019824408	0.001066820696
-5.07318065723	-41.0	51.8812160696	-0.00464726937935	-0.00355524593033	-0.00288436701521
-7.93604504120	-41.0	49.7660549640	-0.00674752658233	-0.00385179789737	-0.00434469804168
0.756338589869	-41.0	49.0366958854	0.000479408539832	-0.00412754248828	-0.00524962926283
-1.83892448689	-41.0	57.0984945643	-0.00211932556704	-0.0031826288905	0.00170748471282
-2.61082161230	-41.0	63.2908572147	-0.00248070876114	-0.00098224345129	0.00713590998203
3.06566342683	-41.0	64.8983009414	0.00245184474625	-0.00046405615285	0.00834104884416
6.36664042527	-41.0	46.9524395808	0.00490809930488	-0.00435761548579	-0.00641184207052
1.03154669711	-41.0	45.7245632852	0.000694450165611	-0.00472985254601	-0.00752775371075
5.38043672280	-41.0	53.1855418139	0.0046380138956	-0.00325805600733	-0.00177109451033
-4.72421289696	-41.0	54.9484236615	-0.00455378042534	-0.00306983641349	-0.000297754770145
2.13305255893	-41.0	44.3936584323	0.00158570485655	-0.00499259214848	-0.00838799588382
-9.68424167284	-41.0	49.5163341306	-0.00805174093693	-0.00387555011548	-0.00444908067584
1.07250852805	-41.0	47.0091083963	0.000727696693502	-0.00447600334883	-0.00664905179292
8.86964239979	-41.0	63.5946881761	0.00719833094627	-0.000610826653428	0.0070826667361
-11.6415012695	-41.0	54.9230322121	-0.00965155381709	-0.00259638996795	-9.72962443484e-05
-1.06375023609	-41.0	50.6526530167	-0.0011377800256	-0.00390655174851	-0.0040933364071
-8.77242322255	-41.0	50.0298030623	-0.00739462813362	-0.00377637869678	-0.00409319298342
0.696278480502	-41.0	54.5179484816	0.000553188379854	-0.00366318365559	-0.000976396317128
1.56369773578	-41.0	53.7942885282	0.00138556794263	-0.00360600254498	-0.00157904240768
5.57440215487	-41.0	55.8754439889	0.00491928169504	-0.00274000829086	0.000588895461988
3.31926785294	-41.0	57.6366506698	0.00310156145133	-0.00270522385836	0.00222613685764
-4.66624790952	-41.0	58.6475243595	-0.00449296412989	-0.00224040169269	0.00312400679104
-3.30332634859	-41.0	66.3420858821	-0.00296823587269	-0.000122617449961	0.00947337877005
-8.50546336964	-41.0	58.9272130312	-0.00740923779085	-0.00183390721213	0.00323134637438
-0.845888321212	-41.0	60.8404892575	-0.000984241138212	-0.00187669391744	0.00525339320302
1.57802821336	-41.0	61.1678591722	0.00130085612182	-0.00170802511275	0.00548865646124
-0.0791055210692	-41.0	61.3677817403	-0.000252083176747	-0.00168412341736	0.00568847777322
0.551432001818	-41.0	60.4451715600	0.000358910503564	-0.00203663809225	0.00493293255568
-2.37304381775	-41.0	64.5715775648	-0.00223034946248	-0.000611053430475	0.00813590642065
-1.48092187696	-41.0	63.2946082757	-0.00149272289127	-0.0010064013768	0.00717483367771
-0.792904989011	-41.0	59.7978227558	-0.00096568535082	-0.00230248458683	0.0043788230978
5.42783462246	-41.0	49.3474219294	0.00438161753118	-0.00392393302172	-0.00476006744429
-1.18091529199	-41.0	52.2400840764	-0.00129395199474	-0.00373928202316	-0.00288671348244
8.12989942171	-41.0	59.6663544216	0.00679215975106	-0.00161584198941	0.00388809666038
9.67887690248	-41.0	59.3002648163	0.00797178875655	-0.00162627431564	0.00353872030973
9.24099873628	-41.0	60.2523556824	0.00761499581859	-0.00141774560325	0.0043433974497
2.27761503894	-41.0	62.9570064876	0.00184510136023	-0.00106732384302	0.0068742823787
-7.59673891232	-41.0	63.8270951464	-0.00657792622223	-0.000685787003022	0.00730487518013
-8.03972610011	-41.0	47.9264282899	-0.00671780109406	-0.00425068847835	-0.00574615364894
7.76404482597	-41.0	52.2268641266	0.00640885485336	-0.0032752584666	-0.0024106760975
5.54765567603	-41.0	47.6027892029	0.00433691265061	-0.00424938183278	-0.00599266961217
-5.72322291953	-41.0	47.1090857720	-0.0048635979183	-0.0044530434534	-0.00646545691416
7.04670465419	-41.0	53.5342739224	0.00594720616937	-0.00306022469886	-0.00137363001704
-7.83955688759	-41.0	48.8320587859	-0.00661905249581	-0.0040545174852	-0.00506790820509
-7.69815447489	-41.0	62.5115977884	-0.00670077838004	-0.001004833146	0.00623799767345
-1.57410470207	-41.0	64.2250096760	-0.00155038840603	-0.000721459742635	0.00788875669241
-1.16301696820	-41.0	55.6584513187	-0.00142268720083	-0.00356531585567	0.000168391139596
-4.54137822542	-41.0	66.2114767582	-0.00400704471394	-0.000145096026245	0.00933336466551
4.87982562418	-41.0	45.3199305621	0.00370289199054	-0.00471720378846	-0.00758772948757
1.96451769132	-41.0	47.7425227955	0.00147752475459	-0.00432287855074	-0.00610822997987
5.27914996580	-41.0	61.5410242204	0.0044629406184	-0.0013166294666	0.00557830510661
2.08534610048	-41.0	62.0108774268	0.00171832996421	-0.00138429552317	0.00613997457549
0.409197271986	-41.0	62.1207628652	0.000196722015971	-0.00140470499173	0.00627898797393
-4.43605910079	-41.0	49.9761842011	-0.00400468707085	-0.00391576066613	-0.00441715214401
-3.85287054529	-41.0	51.5938776568	-0.00362589233555	-0.00367471040227	-0.00321377650835
-10.3230925249	-41.0	54.6382542018	-0.00869494024664	-0.00271340762265	-0.000344271131326
-0.297404727913	-41.0	66.0870850238	-0.000422157900175	-0.000194135107449	0.00931761506945
-3.76180578929	-41.0	49.1954685869	-0.00340125430375	-0.00407389225438	-0.00504209985957
10.7697016101	-41.0	54.7052321755	0.00875736959279	-0.00262968288735	-0.000308455113554
4.86658579062	-41.0	57.3520967650	0.00436898879707	-0.00251002400182	0.0019314707024
-5.91094410490	-41.0	62.4186538013	-0.00528415711597	-0.00109847984277	0.00626599555835
10.3578328105	-41.0	49.5608175344	0.00813777092844	-0.00376350339502	-0.00445244600996
-0.10883263291	-41.0	50.5976517781	-0.000276156584732	-0.00391710922122	-0.00414396589622
1.81905541615	-41.0	68.1055689604	0.00137437763624	0.000359838159056	0.0108260093257
4.92421068244	-41.0	64.2501767299	0.00402112817392	-0.000578462320846	0.00775975035504
5.16096450175	-41.0	65.3178614186	0.00417383294553	-0.000280510081211	0.0085804015398
6.35447953459	-41.0	64.1552911591	0.00518506905064	-0.000548284093384	0.00762334279716
1.92591578032	-41.0	45.9334157276	0.00141762953717	-0.00467085139826	-0.00735089136288
3.63925652853	-41.0	61.7239103717	0.00308938510716	-0.00137996580452	0.00582383619621
-10.3288779371	-41.0	61.5020901732	-0.00875556003302	-0.00117057992611	0.005264562089
0.886199589041	-41.0	65.9905151818	0.000587219372392	-0.000208194789593	0.00923342071474
-2.37335617174	-41.0	50.6257255561	-0.00229784962721	-0.00388085632585	-0.0040604355745
3.37742292902	-41.0	46.3523690695	0.00257892371155	-0.00455247517675	-0.00698613701388
-4.78490590857	-41.0	53.7929124087	-0.0045399190858	-0.00325952540152	-0.00131596601568
8.19804574676	-41.0	57.7702132283	0.00689323805273	-0.00206556660123	0.00227473769337
9.61906487632	-41.0	58.4093747398	0.00794337131083	-0.00183759420179	0.00279457122087
7.50518983628	-41.0	58.9494194388	0.00634391698986	-0.00183298799675	0.00329764117487
7.79358938958	-41.0	56.8860075706	0.00659912312403	-0.00229798210785	0.00151605624706
3.73550591272	-41.0	53.1914355717	0.00329602928832	-0.00341947749257	-0.00190488016233
5.03390030060	-41.0	52.3533295179	0.00430065998808	-0.00342577160336	-0.00248288479634
4.96050787995	-41.0	53.3801028562	0.00431728037074	-0.00326498784125	-0.00164033379406
-9.20656694146	-41.0	55.8305414936	-0.00791042670608	-0.00249970681034	0.000620977836661
5.75041607247	-41.0	56.9646501439	0.00505982339382	-0.002480663592	0.00157681980636
-0.323490975761	-41.0	64.4698625259	-0.00045767868869	-0.00065279006958	0.00808837171644
7.74880584720	-41.0	55.2460398681	0.00654499372467	-0.00266065821052	0.000103634243715
-5.48548405612	-41.0	58.3410701013	-0.00514823757112	-0.00222206115723	0.00281759002246
-4.37364271917	-41.0	49.1519544543	-0.00390291190706	-0.0040671043098	-0.00503786979243
0.786273340728	-41.0	49.4976043249	0.000511744059622	-0.00405619060621	-0.00492224143818
-8.21063310758	-41.0	59.6453695084	-0.00717748049647	-0.00167990732007	0.00384530238807
-6.67887475106	-41.0	59.2396452556	-0.00603045104071	-0.00187976437155	0.00356354075484
10.1495277721	-41.0	59.1871137174	0.00832749437541	-0.0016346446937	0.00343261403032
-7.10534272264	-41.0	55.0908857382	-0.00636808248237	-0.00279587879777	-5.33597449248e-05
9.76033497716	-41.0	54.9305330831	0.0080221677199	-0.0026155563537	-0.000126834536786
-9.39663294044	-41.0	57.5373789759	-0.00806621648371	-0.00210735411383	0.00204409356229
9.08640225801	-41.0	55.4421266875	0.00753961084411	-0.00253524677828	0.000294578436296
-3.17302720996	-41.0	44.7068094402	-0.00269201677293	-0.0049815448001	-0.00825709011406
1.46197656750	-41.0	48.5876397912	0.00107638363261	-0.00418702792376	-0.0055416286923
-12.1639214574	-41.0	55.6888463120	-0.010041711852	-0.00239677866921	0.000505781266838
9.91129882567	-41.0	53.6651870586	0.00808491557837	-0.00288464222103	-0.00117243849672
-6.73174968687	-41.0	60.3934812942	-0.00602707639337	-0.00158308842219	0.00454358523712
11.3987630390	-41.0	55.1641664184	0.00923484191298	-0.0025110845454	6.85287523083e-05
-6.31533485294	-41.0	46.1001231791	-0.00526761775836	-0.00466968351975	-0.00717874290422
-8.73676957606	-41.0	54.1441064753	-0.00753726856783	-0.00289205601439	-0.000791741302237
-6.97099762018	-41.0	63.2079078070	-0.00610004831105	-0.000855324848089	0.00684293592349
-1.70720781965	-41.0	53.0490857966	-0.00182562053669	-0.00365254399367	-0.0022079674527
-4.00973797437	-41.0	56.0605395711	-0.00402185553685	-0.00297115324065	0.000698619987816
3.20339245499	-41.0	48.6689261134	0.00253823213279	-0.00412489753217	-0.00539181334898
2.82307338888	-41.0	47.6713876131	0.00218091602437	-0.00431426102296	-0.00611225236207
-8.18025878910	-41.0	51.2891187353	-0.00701455585659	-0.00352206989191	-0.00313653377816
-3.08941614321	-41.0	54.1903218211	-0.0031582179945	-0.00340560404584	-0.00110978283919
1.17693595265	-41.0	65.3072902606	0.000838499283418	-0.000393636029912	0.00870940461755
-7.64278406153	-41.0	60.9543253791	-0.00670996122062	-0.00139100907836	0.00496407598257
4.40278484472	-41.0	46.6674929463	0.00338860298507	-0.00446285353974	-0.00670250505209
10.3334817649	-41.0	61.9208273803	0.00839574076235	-0.000982092693448	0.00567798316479
9.74158101208	-41.0	57.3062208661	0.00804283749312	-0.00208620773628	0.0018656818429
10.7756381363	-41.0	55.8093196930	0.00879129953682	-0.00238401605748	0.000606617773883
8.78868085756	-41.0	56.5347847631	0.00733617134392	-0.00231015612371	0.0012174914591
5.53852067451	-41.0	62.4981738387	0.00461398437619	-0.00103289796971	0.0063423239626
4.41771896739	-41.0	62.6562910976	0.00368513143621	-0.00105108262505	0.00652864063159
2.67547718398	-41.0	61.3448569989	0.00227980408818	-0.00157261255663	0.00557360379025
-4.51636201188	-41.0	52.8018115026	-0.00425860472023	-0.0034433263354	-0.00217915512621
-5.98586604812	-41.0	52.6422143993	-0.00541580282152	-0.00336092989892	-0.00219205161557
2.09764901953	-41.0	60.2452202896	0.00183403375559	-0.00201087584719	0.00469544762746
-7.47024020585	-41.0	56.8043039488	-0.0066598020494	-0.00239433255047	0.00143682816997
-1.09976992436	-41.0	45.1361546050	-0.00103093241341	-0.00487750954926	-0.00796866416931
-4.02720538004	-41.0	58.1539086322	-0.0040031564422	-0.00246769515797	0.00269545800984
1.08744998918	-41.0	63.8586849144	0.000777985318564	-0.000821585766971	0.00760764302686
3.25792179919	-41.0	52.4590382336	0.00283065321855	-0.00355828437023	-0.00255084806122
4.08472660732	-41.0	51.8474478924	0.0034845857881	-0.00357627728954	-0.00296653318219
12.2154487750	-41.0	55.7887189563	0.00985515862703	-0.00235416949727	0.000573739467654
10.2863796134	-41.0	50.4637404431	0.00815988797694	-0.00356705999002	-0.00374440709129
6.54711091686	-41.0	46.1218627755	0.00496642896906	-0.00451197754592	-0.00698130158708
-0.680914252977	-41.0	44.2453429365	-0.000666000181809	-0.0050674402155	-0.00857540871948
-7.4530489126	-41.0	52.5420467101	-0.00652981549501	-0.00329380040057	-0.00217349315062
-9.01922927654	-41.0	52.3236263258	-0.00768453488126	-0.00327174644917	-0.00226390641183
2.20232424017	-41.0	59.2960936073	0.00200003851205	-0.00235447403975	0.00385658466257
-7.63668999362	-41.0	53.3461181460	-0.0067025097087	-0.00311966170557	-0.00150205264799
-11.8204026090	-41.0	52.8519069636	-0.00974660087377	-0.00307465763763	-0.0017366213724
-0.601385075727	-41.0	49.7981703670	-0.000709261046723	-0.00402455544099	-0.00472199451178
-6.77836077084	-41.0	53.0454327798	-0.00604523485526	-0.00323216337711	-0.00180268764962
-7.67173577041	-41.0	54.1566828969	-0.00675820512697	-0.00294998474419	-0.000824299058877
8.35304388049	-41.0	54.5646969407	0.00697183748707	-0.00276491278782	-0.000458162685391
8.31696639581	-41.0	51.3832566935	0.00676540471613	-0.00342155876569	-0.00306177604944
9.72586525614	-41.0	51.7925134725	0.00784203689545	-0.00329198036343	-0.00269630784169
4.23367858875	-41.0	48.9782974643	0.00339865381829	-0.00403494248167	-0.00510401790962
-9.69967976397	-41.0	58.3934017453	-0.00829216744751	-0.00189875403885	0.00274674408138
5.61073393061	-41.0	45.6210325645	0.0042472044006	-0.00463352492079	-0.0073376907967
5.98819517226	-41.0	59.9823714252	0.00512725114822	-0.00169157970231	0.00423560384661
-10.2991094034	-41.0	51.0465925698	-0.00857787299901	-0.00352041260339	-0.00322202267125
7.26376941761	-41.0	49.3094836741	0.00580174382776	-0.00387061643414	-0.00469874823466
-6.72248769444	-41.0	57.2029816006	-0.0061071892269	-0.00236780103296	0.00178485445213
-2.12607471797	-41.0	51.8825432228	-0.00214433250949	-0.00373235181905	-0.00311575387605
-9.82526706753	-41.0	53.3711934408	-0.00830810889602	-0.00301365042105	-0.00138450984377
-6.86529886192	-41.0	60.9193776902	-0.00610910309479	-0.00144057057332	0.00497692869976
-6.45206308237	-41.0	50.1875985427	-0.00562996324152	-0.00380686740391	-0.00411332631484
-5.46280076663	-41.0	49.0014867619	-0.00477391388267	-0.00406925892457	-0.00508193438873
-5.05246093697	-41.0	50.5684503524	-0.00454430561513	-0.00378690194339	-0.00392005499452
-6.66463442065	-41.0	47.4566250022	-0.00562535505742	-0.00436855200678	-0.00616458477452
-7.91394437032	-41.0	46.6968615451	-0.00654584402218	-0.00452843355015	-0.00667759403586
2.18878154293	-41.0	50.8173623670	0.00178796215914	-0.00383116607554	-0.00390153517947
0.172539140509	-41.0	59.7875381207	-2.90991260954e-06	-0.00232282280922	0.00438133161515
11.2757332492	-41.0	60.7295536077	0.00914870202541	-0.00124212680385	0.00467305164784
-7.74162785492	-41.0	55.9493010322	-0.00685125542805	-0.0025633671321	0.000702275603544
-8.57888804343	-41.0	49.1733346909	-0.00720177404583	-0.00396782765165	-0.00476713711396
1.99104843041	-41.0	55.8344331842	0.00191397243179	-0.00338614080101	0.000389813852962
3.34830860825	-41.0	56.5193246768	0.00314795831218	-0.00297269108705	0.00112839101348
4.14417419932	-41.0	54.6202514732	0.00373836164363	-0.00316618313082	-0.000625152490102
1.20721338983	-41.0	57.0949317135	0.00113766023424	-0.00329158711247	0.00171041709837
1.66816240516	-41.0	56.2912104118	0.00160925358068	-0.00338236056268	0.000853195262607
0.747173889513	-41.0	55.6656857361	0.000638834666461	-0.00360981980339	0.000164730954566
3.34828836695	-41.0	53.5074759742	0.00299015454948	-0.0034230442252	-0.00167253450491
1.52413320662	-41.0	52.6406238492	0.00128175911959	-0.00367719493806	-0.0025420919992
0.72255732953	-41.0	52.1582725930	0.000508092343807	-0.00374993938021	-0.00295998109505
2.01162803825	-41.0	54.6245602816	0.00186897232197	-0.00350098451599	-0.000795709143858
0.181383989097	-41.0	53.7204574688	8.65222500579e-06	-0.00369500927627	-0.00170363823418
2.85552986700	-41.0	55.1538548968	0.00267681642435	-0.00330218416639	-0.000228903794778
4.21572786352	-41.0	55.7956647234	0.00385015876964	-0.00295412004925	0.000462243100628
4.11214416831	-41.0	52.3874639513	0.00354927941225	-0.00349512696266	-0.00253309449181
-1.09544272938	-41.0	51.1968614678	-0.00118114007637	-0.00384153868072	-0.0036881424021
5.50947193981	-41.0	54.7611383964	0.00483214529231	-0.00296594738029	-0.00040856259875
2.88271670349	-41.0	63.5687723348	0.00234249420464	-0.000855327234603	0.00732341874391
0.244655780576	-41.0	65.1669115229	3.76808020519e-05	-0.000446005433332	0.0086159799248
0.122792049283	-41.0	56.2303786429	-3.71504465875e-05	-0.00358638283797	0.000761387229431
0.516986512095	-41.0	57.6624642796	0.000391159177525	-0.00320047093555	0.00232802191749
1.03180497459	-41.0	59.0952271493	0.00088259234326	-0.00257601845078	0.0037393453531
-10.3217719919	-41.0	60.4755416269	-0.00875507295132	-0.00140372966416	0.00442846445367
-1.51351827460	-41.0	43.8136102641	-0.00132195500191	-0.00517193414271	-0.00888210814446
8.92298714137	-41.0	61.6765038750	0.00731911696494	-0.00108381733298	0.00552769098431
-6.22064279473	-41.0	54.1766781255	-0.00567523017526	-0.00305404677056	-0.000883759115823
-7.17340797957	-41.0	55.9821656998	-0.00643561640754	-0.00260039162822	0.000719991163351
-1.53933529357	-41.0	67.7035086598	-0.00145409221295	0.000221704278374	0.0105476109311
1.36075957171	-41.0	51.9408679027	0.00109651801176	-0.00374314538203	-0.00310064014047
1.16097016350	-41.0	67.7670698050	0.000822051602881	0.00026315433206	0.0105804977939
1.16595669852	-41.0	62.9980314972	0.000863788474817	-0.00109162018634	0.00694473413751
-3.12177648046	-41.0	52.5401432676	-0.00306741381064	-0.00359345902689	-0.00251612951979
-4.73674475476	-41.0	63.6653307175	-0.00426393188536	-0.000808094744571	0.00733147049323
-3.18999681056	-41.0	64.8919460619	-0.00291620357893	-0.000509148463607	0.00835781358182
-2.07305356137	-41.0	58.7648708585	-0.00226459186524	-0.00259015872143	0.00337543734349
-6.20018694072	-41.0	51.7078645846	-0.00552686303854	-0.00352293532342	-0.00293515552767
-9.31016267570	-41.0	54.9087421283	-0.00796967651695	-0.00269756210037	-0.000142954246257
11.3685992000	-41.0	58.9592525137	0.00924578122795	-0.00165088917129	0.00321276229806
9.57118608057	-41.0	50.8129354619	0.00765725085512	-0.00350444437936	-0.0034780187998
-1.97754397749	-41.0	57.9416693539	-0.0022235494107	-0.00289995246567	0.00257548969239
-4.54130053496	-41.0	50.7872403485	-0.00414296565577	-0.00377026339993	-0.00378954480402
-4.79649824710	-41.0	56.3952156190	-0.00464929547161	-0.00277738901787	0.00103715236764
-6.31076101281	-41.0	57.1515990848	-0.00580052612349	-0.00242001656443	0.00174023478758
-5.56975843772	-41.0	55.4126906666	-0.00522590428591	-0.00287807919085	0.000166015641298
4.03781460867	-41.0	50.6313636617	0.00335430679843	-0.00376558955759	-0.00390649354085
6.18122896776	-41.0	63.5168005667	0.00507667008787	-0.000725040736143	0.00712541630492
4.78361960662	-41.0	63.6789793931	0.00393227580935	-0.000742226606235	0.00731887016445
4.78441615038	-41.0	53.7976065988	0.00420471001416	-0.00321562215686	-0.00129861407913
7.02891932707	-41.0	54.5939512140	0.00598481297493	-0.00285131391138	-0.00047845824156
7.36998533786	-41.0	60.2433719797	0.00618719356135	-0.00151915766764	0.00439928052947
6.30451403473	-41.0	61.3014099423	0.00529907317832	-0.00131287891418	0.00532762287185
7.73687954899	-41.0	61.3181496210	0.00641906633973	-0.0012251593871	0.00527844717726
-1.91178354551	-41.0	54.9278980019	-0.00213565304875	-0.00350982323289	-0.00052126852097
-8.69363807789	-41.0	53.2962831808	-0.00748029816896	-0.00307593378238	-0.00149072264321
7.58761079501	-41.0	48.3897072657	0.00596415391192	-0.00404735608026	-0.00537081528455
-6.83220131010	-41.0	50.4832653865	-0.00594328669831	-0.00373489619233	-0.00385760259815
-5.39115203442	-41.0	50.9201362202	-0.00483914790675	-0.00370861636475	-0.00362098542973
8.13018302296	-41.0	47.7199476446	0.00630408804864	-0.00417685182765	-0.00585830537602
9.81977829831	-41.0	61.0066665519	0.00803107209504	-0.00121515837964	0.00494753336534
-0.55125560656	-41.0	68.2634365804	-0.000614421558566	0.000367478700355	0.0109779695049
2.74309276622	-41.0	46.6881166812	0.00208486570045	-0.0045024282299	-0.00679405452684
-9.66050691930	-41.0	50.7494602889	-0.00809292588383	-0.00359932985157	-0.0034846526105
-11.0361060602	-41.0	52.9278941040	-0.00917755719274	-0.00307592190802	-0.00169912166893
-5.23803715104	-41.0	62.9398050929	-0.00471176812425	-0.000987265375443	0.00672577228397
-5.97939972184	-41.0	63.1528841856	-0.00530545879155	-0.00090241455473	0.0068549704738
-8.68991060407	-41.0	56.1306901470	-0.00754179852083	-0.00246152607724	0.000868340954185
9.91605256364	-41.0	62.7308210551	0.00804622750729	-0.000797161017545	0.00634998362511
2.94414951836	-41.0	67.7215755123	0.00231135892682	0.000287102739094	0.0105034578592
-3.17460628137	-41.0	57.0675995398	-0.00333320861682	-0.00290911877528	0.00166642910335
0.569060208784	-41.0	63.8053587646	0.000323683896568	-0.000846907729283	0.00757608283311
10.4602230253	-41.0	57.5985869111	0.00857511814684	-0.00199054414406	0.00210147467442
11.4722281180	-41.0	57.3999086515	0.00932648591697	-0.00200535403565	0.00191901123617
-2.41579809099	-41.0	61.3358236512	-0.00240558362566	-0.00161905959249	0.00558998156339
-1.42556453756	-41.0	62.4070391799	-0.00146964134183	-0.00129558995832	0.00648611551151
-2.83820819706	-41.0	62.3685369487	-0.0027205394581	-0.00125899503473	0.00639912579209
-2.20618433926	-41.0	60.8564454118	-0.00224587251432	-0.00179994024802	0.00520758051425
-5.32486842456	-41.0	60.7120136174	-0.00490309903398	-0.00159727002028	0.00489053782076
2.40321265364	-41.0	48.7114356951	0.00187500787433	-0.0041423169896	-0.00540952431038
5.14391119983	-41.0	48.0977932181	0.00406082347035	-0.00416588969529	-0.00566987134516
-6.32611402257	-41.0	55.8558627095	-0.00580615596846	-0.00270514399745	0.00058847561013
-6.95562517597	-41.0	54.3958300660	-0.00623595574871	-0.00295084388927	-0.00065582053503
6.37565594508	-41.0	57.7900211562	0.00552218221128	-0.00221509323455	0.00231227884069
7.40728444041	-41.0	46.5774310324	0.0056440429762	-0.00441245548427	-0.00667944736779
-8.31232822389	-41.0	50.8207516786	-0.00708996271715	-0.00361716398038	-0.00349913933314
-0.341499034499	-41.0	67.4910243842	-0.000445985759143	0.000174907007022	0.0103864371777
-11.3375533034	-41.0	56.0420669860	-0.00944930780679	-0.00235633109696	0.000792943814304
-7.34585582198	-41.0	58.5319353946	-0.00655252113938	-0.00200199405663	0.00293168076314
-7.39444715192	-41.0	51.0058059938	-0.00640524877235	-0.0036088374909	-0.00340983248316
-5.89660656781	-41.0	49.5608947468	-0.00515408394858	-0.00394787825644	-0.00463176798075
-7.23819213144	-41.0	49.6522676665	-0.00620656181127	-0.00389280472882	-0.00447463057935
-6.27039363306	-41.0	48.6826417120	-0.00539343850687	-0.0041155978106	-0.00527131464332
-11.4961540449	-41.0	57.3857343119	-0.00959152448922	-0.00205147522502	0.00186395051423
3.42729422906	-41.0	59.7066005109	0.00305696995929	-0.00204799463972	0.00414009019732
4.38805894971	-41.0	59.3425324929	0.00388808432035	-0.00203926232643	0.00375996297225
3.18767352877	-41.0	58.7065213307	0.00292643671855	-0.00240805302747	0.00325150601566
-1.42201038869	-41.0	59.2807445037	-0.00160796870477	-0.00247122580186	0.0038923737593
-4.54147957727	-41.0	59.3868640650	-0.00435111485422	-0.00204673688859	0.00379275390878
-5.77389688231	-41.0	57.5856081310	-0.0053900713101	-0.00237635173835	0.00213227397762
-4.42770308587	-41.0	57.1356796443	-0.0043571703136	-0.00266671483405	0.00172812736128
-5.50043510332	-41.0	66.7551705276	-0.00478658219799	-2.16475086745e-06	0.00972182862461
2.69913435329	-41.0	46.178029917	0.00203902786598	-0.00460430467501	-0.00714534847066
2.97281920070	-41.0	50.9263868452	0.00247597461566	-0.00377813354135	-0.00376588106155
7.26510006898	-41.0	65.5228993994	0.00585784949362	-0.000160739466082	0.00866510625929
2.90705747701	-41.0	55.7310195235	0.00275049754418	-0.00321031454951	0.000334097014274
4.45823443242	-41.0	56.5549106749	0.0040556746535	-0.00275879586115	0.00118459260557
6.60320674662	-41.0	58.5589767950	0.005671818275	-0.00200423435308	0.00298354309052
5.36981247669	-41.0	50.8633349291	0.00445468490943	-0.00365570723079	-0.00363014475442
-0.193654083204	-41.0	67.0410803650	-0.00032536991057	6.01674037171e-05	0.0100427754223
5.58475432225	-41.0	46.8810268137	0.00430823024362	-0.00439021969214	-0.00648537417874
-2.59659947578	-41.0	45.8509522996	-0.00227711279877	-0.00473330169916	-0.00746682705358
6.73422418259	-41.0	60.7915315291	0.00566610042006	-0.00141971628182	0.00488430028781
8.44715492338	-41.0	60.6836799588	0.00699435872957	-0.00134851899929	0.00472735287622
8.91317442720	-41.0	59.2710351324	0.00739674922079	-0.00166837999132	0.00353379943408
1.02673196395	-41.0	44.3400397469	0.000705093261786	-0.00502447411418	-0.00846962910146
9.56329540565	-41.0	61.8633067153	0.00780491298065	-0.00101674231701	0.00565762352198
-9.60453610555	-41.0	59.8799744958	-0.00821926351637	-0.00156251038425	0.00397748779505
7.44727436299	-41.0	62.7887959579	0.0061198300682	-0.000862337299623	0.00648851878941
4.21150233712	-41.0	66.2797445343	0.00337226176634	-5.35956387466e-05	0.00935833994299
4.19470052523	-41.0	65.2063974557	0.00338455033489	-0.000342908373568	0.00853313878179
-2.37287952335	-41.0	49.1325009656	-0.0022287631873	-0.00411199405789	-0.00515656638891
2.95964551960	-41.0	44.7753486139	0.00223457207903	-0.004890372511	-0.00808523781598
-4.44968164749	-41.0	47.7931457687	-0.00388486869633	-0.00432698335499	-0.00602876394987
11.2975160965	-41.0	51.9456018432	0.00901204533875	-0.00322727183811	-0.00255904626101
-5.46614121137	-41.0	53.3166485122	-0.0050499830395	-0.00327780563384	-0.00166930514388
-8.61770299293	-41.0	60.9037486859	-0.00745865423232	-0.00136058183853	0.00487071508542
4.25625508801	-41.0	47.4517006574	0.00331838033162	-0.00431470619515	-0.00617390917614
6.99919901712	-41.0	64.3694330065	0.00569057138637	-0.000469123478979	0.00776717998087
-8.68852528796	-41.0	51.9026921610	-0.00742269027978	-0.00337404268794	-0.00261862203479
-2.37448867126	-41.0	51.1151897907	-0.00232391804457	-0.00381408818066	-0.00369123346172
0.145657109371	-41.0	66.6055883777	-4.10166721849e-05	-5.12412698299e-05	0.00970929581672
-5.45303697581	-41.0	46.1822844200	-0.00459339562804	-0.00465519120917	-0.00715044233948
1.95436406672	-41.0	65.9206263219	0.00149443978444	-0.000208590834518	0.00915776379406
-0.712221998012	-41.0	65.3787810310	-0.000784903706517	-0.000391595909605	0.00877904612571
-0.0770263795669	-41.0	48.2838938624	-0.000239337736275	-0.00426136050373	-0.00579255260527
2.26229975685	-41.0	65.4465913143	0.00176124903373	-0.000332378665917	0.00878799147904
-4.13550693414	-41.0	46.8934987391	-0.00357972644269	-0.00451233470812	-0.00668957317248
-6.48881360910	-41.0	53.5534847831	-0.00585030531511	-0.00315313623287	-0.00139704009052
-9.22150093233	-41.0	58.5221833576	-0.00794096570462	-0.00189117679838	0.00286898342893
-6.00846004588	-41.0	54.9854465568	-0.00554576562718	-0.00291570392437	-0.000192513572983
-4.42783888328	-41.0	64.3588065255	-0.0039770710282	-0.000629068701528	0.00789294671267
-4.15076422545	-41.0	44.5889794459	-0.00346807856113	-0.00501069007441	-0.00832585245371
10.0236152498	-41.0	52.7674738171	0.00812181271613	-0.003074696986	-0.00190430658404
10.6216342606	-41.0	61.5744165045	0.00862756744027	-0.00105776672717	0.00538576347753
1.51928749449	-41.0	60.1318600578	0.00130147440359	-0.00210636178963	0.00463240593672
0.513878943835	-41.0	61.5613733946	0.000301061634673	-0.00160448485985	0.00583734270185
1.20878231143	-41.0	44.8123468235	0.000844969996251	-0.00491861859336	-0.00814196001738
7.74303521362	-41.0	53.1254285060	0.00644906284288	-0.00309689599089	-0.00167932012118
11.2134187036	-41.0	56.2474025690	0.0091223474592	-0.00227291649207	0.000966839434113
-1.16779798283	-41.0	56.5893157956	-0.00144374661613	-0.00342796579935	0.00116150872782
0.891084032034	-41.0	66.4307961097	0.000591197807807	-8.89782604645e-05	0.00956775806844
-4.36885199875	-41.0	51.8085192691	-0.00406954158098	-0.00361061212607	-0.00300094089471
-11.2097755909	-41.0	51.5037887791	-0.00926414038986	-0.00340056512505	-0.0028259747196
-3.74631797011	-41.0	45.7063586659	-0.00320243788883	-0.00476370984688	-0.00754414079711
-0.927720103013	-41.0	64.3064547682	-0.000986216240562	-0.000701546727214	0.00796066224575
11.5403816341	-41.0	59.7543658759	0.00936641171575	-0.00146329088602	0.00386379682459
7.03397264311	-41.0	56.5801118843	0.00603196583688	-0.00243023154326	0.001245518215
8.88701910835	-41.0	58.2182539799	0.00740029104054	-0.00191874185111	0.00264656334184
6.71554190273	-41.0	59.6001546834	0.00571352429688	-0.00173082703259	0.00387911847793
3.74250844261	-41.0	45.3937282036	0.00284363143146	-0.00473800580949	-0.00761657115072
2.42050618579	-41.0	45.0935345321	0.0018098364817	-0.004834797699	-0.00789832137525
9.56559805783	-41.0	63.0752464255	0.00776153197512	-0.000721639487892	0.00664047384635
8.48486471430	-41.0	49.0597297478	0.00669983681291	-0.00389431836084	-0.00485479040071
0.458092654434	-41.0	52.9107108747	0.000271605676971	-0.0037125791423	-0.00237267068587
3.16031047250	-41.0	54.2916011189	0.00288684666157	-0.00335571495816	-0.00100248923991
6.96446213131	-41.0	61.7886286706	0.00579207437113	-0.00114465702791	0.00569741567597
5.44401543513	-41.0	54.2462196913	0.00475496286526	-0.00306711462326	-0.000862914836034
-5.63978253833	-41.0	54.2510622262	-0.0052346768789	-0.00309311109595	-0.000856041209772
8.20909950640	-41.0	64.9239243729	0.00662674801424	-0.000291931442916	0.00816333852708
-7.75667617042	-41.0	61.7580778947	-0.00677158869803	-0.00118795200251	0.00562001531944
-10.5414119015	-41.0	62.0835045916	-0.00891500711441	-0.00103457865771	0.00572388200089
-10.2222968391	-41.0	52.3744828685	-0.00856889318675	-0.00322295282967	-0.00217008008622
-5.14020136007	-41.0	55.8952867993	-0.00490844855085	-0.00283399550244	0.000585717381909
-3.36200056998	-41.0	57.5825310285	-0.00347775314003	-0.00273933704011	0.00217079930007
-2.58940714725	-41.0	58.5959925396	-0.00275032198988	-0.00256851851009	0.0031842624303
-5.58641266384	-41.0	56.7557105973	-0.00525678321719	-0.00259189284407	0.00138131238054
-0.684715199977	-41.0	45.9997073700	-0.000714177207556	-0.00469469837844	-0.00737418653443
-3.98358527421	-41.0	54.4144318129	-0.00392907904461	-0.00325528928079	-0.000832949590404
8.97590009131	-41.0	47.8600575764	0.00694763520733	-0.00414162036031	-0.00575543148443
-3.12147019673	-41.0	65.5496438118	-0.00283733778633	-0.000332088093273	0.00886767078191
5.71857466933	-41.0	66.7281856415	0.00458997720852	0.000110360364488	0.00965098850429
7.9787704298	-41.0	62.7858738105	0.00653696339577	-0.000842133886181	0.00646495632827
-7.06266954221	-41.0	56.4752193769	-0.00635891081765	-0.00250156060793	0.00114779546857
-3.36155396373	-41.0	56.5392280453	-0.00349477957934	-0.00299282046035	0.00114445306826
4.21208023640	-41.0	66.8260735314	0.0033642638009	9.03355321498e-05	0.00977750122547
-7.92795624790	-41.0	53.7410176443	-0.00693289749324	-0.00302114780061	-0.00115962070413
-8.71203382334	-41.0	55.5499951742	-0.00754942838103	-0.0025882916525	0.000379912293283
6.55744789376	-41.0	64.7422665875	0.00532245775685	-0.000386146479286	0.0080773960799
-10.0518405936	-41.0	51.9223287853	-0.00842891167849	-0.00332869286649	-0.00253776530735
-5.65091378573	-41.0	49.9820841099	-0.00498596113175	-0.00387372006662	-0.00432740245014
-2.26758121397	-41.0	56.0654465629	-0.002523527015	-0.00331043312326	0.000634816882666
-11.6007531487	-41.0	54.3068666436	-0.00961336027831	-0.00274018547498	-0.000586403300986
10.4249913527	-41.0	54.1406120526	0.00848321337253	-0.0027643381618	-0.000775659806095
-9.08923918164	-41.0	63.5178801561	-0.00776697741821	-0.000729435880203	0.00697068171576
-7.60985025947	-41.0	60.1601209700	-0.0067098303698	-0.00158834306058	0.00430387957022
2.47855600438	-41.0	66.6793091015	0.00192866811994	6.41213000563e-06	0.00972122140229
7.86225394516	-41.0	63.6832846104	0.00640416843817	-0.000617868150584	0.00718987174332
8.98196199038	-41.0	64.1716365445	0.00726369628683	-0.000464331242256	0.00754015985876
8.62675008116	-41.0	62.6831249592	0.00704716425389	-0.00084507081192	0.00635739276186
5.41932709579	-41.0	58.7731576611	0.00474734324962	-0.00207288633101	0.0032075564377
7.44757789467	-41.0	59.4174133940	0.00628271047026	-0.00172153185122	0.00369850872084
2.38861486738	-41.0	47.0496751694	0.00180803053081	-0.00444141961634	-0.00656511168927
1.43180430752	-41.0	62.5645166041	0.00111259729601	-0.00122638151515	0.0066008917056
-4.36444372322	-41.0	55.4728567029	-0.00428970018402	-0.00302553037181	0.000161675590789
7.18034931210	-41.0	52.2314342886	0.00596720771864	-0.00330467778258	-0.00243594567291
6.86155506174	-41.0	52.7404775341	0.00575823476538	-0.00322588440031	-0.00204014941119
-3.25623582210	-41.0	47.8719444030	-0.00291166617535	-0.00432654609904	-0.00602565612644
-2.27001277791	-41.0	47.9020678159	-0.00209119543433	-0.00432958593592	-0.00603798544034
-2.94802920676	-41.0	46.8822244493	-0.00261031510308	-0.00452186074108	-0.00673757493496
-0.953260040222	-41.0	46.8132416578	-0.000955356284976	-0.0045353085734	-0.00681577948853
1.57796054386	-41.0	46.2330621400	0.00113795534708	-0.00461755134165	-0.00716147245839
-10.6224830919	-41.0	50.2019416964	-0.00878205522895	-0.00370822520927	-0.00387489818968
-8.59911459388	-41.0	64.6584652945	-0.00735561782494	-0.000469650549348	0.00791412778199
-3.95039840413	-41.0	53.3944733166	-0.00383363687433	-0.00340666691773	-0.00172948709223
4.66374182299	-41.0	48.7054168619	0.00372540811077	-0.00406859442592	-0.0052703297697
-9.64343896703	-41.0	48.5806789150	-0.00797230377793	-0.0040885573253	-0.00517629133537
4.67224827535	-41.0	46.3223237352	0.00357755436562	-0.00452419091016	-0.00691957492381
-5.99624070101	-41.0	58.0028049993	-0.0055495519191	-0.00225057429634	0.00250217039138
0.31887136564	-41.0	51.3906209727	0.000117515555758	-0.00382533785887	-0.00355370924808
-3.73439502323	-41.0	65.0318927745	-0.00337074161507	-0.000462256139144	0.0084468331188
-0.0601107600543	-41.0	57.4165735005	-0.000239418324782	-0.00330607802607	0.00206615473144
3.04626629670	-41.0	66.5164673050	0.00240425602533	-2.31070534937e-05	0.00957977585495
3.95093915060	-41.0	67.5016787647	0.00314342183992	0.000257531297393	0.010303995572
3.81348358995	-41.0	63.2509909198	0.00314693711698	-0.000908886548132	0.00703096436337
2.96141584207	-41.0	62.3131733533	0.0024711182341	-0.00123789254576	0.00633532227948
9.28277806364	-41.0	50.4439062026	0.00741422176361	-0.00358889834024	-0.0037733966019
-6.85187611774	-41.0	51.0108213461	-0.00598984770477	-0.00362863158807	-0.00344241224229
-7.51610960367	-41.0	51.9931663112	-0.00655027478933	-0.00340236048214	-0.00261441105977
7.68642053176	-41.0	65.2130909165	0.00620279088616	-0.000230247125728	0.00840838626027
-6.19554641765	-41.0	58.5195126462	-0.00568624678999	-0.00210250518285	0.00295427558012
-2.62120841908	-41.0	57.5433439225	-0.00283682346344	-0.00289641693234	0.00215126574039
2.83327562581	-41.0	65.4454874350	0.00224306085147	-0.000318234582664	0.00876863766462
-3.24443393644	-41.0	63.5260132129	-0.00301522458903	-0.000894031603821	0.00729350186884
-5.91595587298	-41.0	66.4960732011	-0.00513564329594	-6.16505421931e-05	0.00950243603438
-3.50152693715	-41.0	52.0151918089	-0.00335750728846	-0.00363505841233	-0.0029080552049
-9.29841255989	-41.0	54.1525871753	-0.00794519484043	-0.00286347907968	-0.000766012526583
-9.16061240794	-41.0	57.0101652516	-0.00789098720998	-0.00223859981634	0.00160710373893
6.43745501064	-41.0	50.7211580667	0.00528312567621	-0.00362865324132	-0.00366952386685
5.48024115374	-41.0	59.3181443983	0.00476573966444	-0.00191978772637	0.00368492491543
-10.4104132341	-41.0	59.3101608435	-0.00882059335709	-0.0016639957903	0.00347147136927
-10.6539981278	-41.0	58.1225087765	-0.0089891962707	-0.00192123604938	0.0024911374785
-5.88143761127	-41.0	45.2971674744	-0.00487810978666	-0.00485167233273	-0.00777801917866
-11.8615628505	-41.0	56.1470810192	-0.00983112026006	-0.00230826786719	0.000869270414114
-9.27611715199	-41.0	53.2744655686	-0.00790551770478	-0.00305575551465	-0.00148372666445
-2.02974137908	-41.0	56.6589598961	-0.00230737985112	-0.00324832904153	0.00124515476637
5.30935866351	-41.0	60.3263341791	0.00456721149385	-0.00165747688152	0.00456221681088
-4.16895796492	-41.0	63.4211009791	-0.00380204059184	-0.000894381024409	0.00716714654118
-3.61745027382	-41.0	49.8265143313	-0.00331724178977	-0.00396761763841	-0.00458353338763
-7.05217703243	-41.0	52.2938698672	-0.00621468154714	-0.00336450105533	-0.00240128231235
-11.6932511409	-41.0	59.6861645501	-0.0097795240581	-0.00154533935711	0.00370852299966
-2.83598750679	-41.0	49.0197043417	-0.00261663272977	-0.00412366865203	-0.0052183768712
1.53327313483	-41.0	64.5907333697	0.00115313718561	-0.000592891708948	0.00815599318594
10.0654531837	-41.0	50.9783048994	0.00803579948843	-0.00345912482589	-0.00333974789828
-3.36125655984	-41.0	67.7897519134	-0.00298307090998	0.000241160320002	0.0105892149732
-1.67945490614	-41.0	51.5181158595	-0.00172329472844	-0.00379080954008	-0.00342217250727
-1.22415801781	-41.0	63.7830192075	-0.00125505845062	-0.000857916660607	0.0075560612604
5.34040213122	-41.0	63.0428302874	0.00442185997963	-0.000892754935194	0.00678832177073
4.60050373720	-41.0	62.1262460915	0.00386918522418	-0.00119421968702	0.0060931975022
-12.0848837506	-41.0	56.9456391648	-0.0100110061467	-0.0021218303591	0.00149287038948
-3.37228192864	-41.0	45.2488702133	-0.00287820911035	-0.00486271549016	-0.00787405949086
8.66766733102	-41.0	59.9706176781	0.00718943914399	-0.00151224026922	0.00412666844204
1.63788555717	-41.0	59.2156602245	0.00147269980516	-0.00245959265158	0.00381897576153
6.90043146474	-41.0	51.7469719398	0.00571895996109	-0.00341270095669	-0.00283958716318
7.61441035879	-41.0	50.7391109865	0.00618687737733	-0.00357663631439	-0.0035955272615
-8.94718956851	-41.0	61.5884697500	-0.00769624346867	-0.00118661741726	0.00541435787454
2.18708337054	-41.0	49.0567844120	0.00170652219094	-0.00409130705521	-0.00517722964287
-2.00719219838	-41.0	63.2918588269	-0.00195520580746	-0.000997205730528	0.00715813739225
-10.8626342279	-41.0	55.8867229365	-0.00910340622067	-0.00241201464087	0.000671400455758
4.29821787098	-41.0	58.1876883600	0.0038853592705	-0.00238186190836	0.00271776854061
-5.92931395638	-41.0	65.7179306530	-0.00516845518723	-0.000251727877185	0.00889108050615
-1.84460067714	-41.0	67.2155340771	-0.00171964778565	9.74686408881e-05	0.0101712206379
-2.09282016314	-41.0	67.8440322073	-0.00191776175052	0.000255207531154	0.0106508182362
-1.23092569535	-41.0	44.2267825045	-0.00110876187682	-0.00507672503591	-0.00859444774687
5.84475465521	-41.0	62.9847870380	0.00483387662098	-0.000883674249053	0.0067172544077
-8.89792845187	-41.0	49.5700101925	-0.00746456068009	-0.00387508631684	-0.00444424385205
9.26513093482	-41.0	56.9205028146	0.00769009254873	-0.00219690799713	0.00154393375851
6.81042509640	-41.0	55.5847919021	0.00585191091523	-0.00266652624123	0.000370228110114
8.78074706284	-41.0	57.1072068275	0.00733163068071	-0.00218134536408	0.0017043981934
8.02739303333	-41.0	58.2925168773	0.00675613153726	-0.00195430940948	0.00272420165129
7.20288021707	-41.0	57.5039402908	0.00615268107504	-0.00220413855277	0.00205346127041
10.2338986788	-41.0	56.5470947887	0.00840311869979	-0.00223751063459	0.00122485798784
3.82783899091	-41.0	45.9950002903	0.00291965971701	-0.00461234943941	-0.00720107695088
-11.0703441095	-41.0	58.4109690492	-0.0092990687117	-0.00184213859029	0.0027084229514
-0.154483316559	-41.0	62.7190997391	-0.000317837315379	-0.00120377773419	0.00674717221409
-8.45418274421	-41.0	60.4915067796	-0.007343377918	-0.00146574189421	0.00453868089244
8.30669441361	-41.0	47.1681389202	0.00637520756572	-0.00428968854249	-0.00626511173323
7.37360574709	-41.0	47.5986780632	0.00572704803199	-0.00421054940671	-0.00594860408455
2.32304946594	-41.0	52.4699610976	0.00200605462305	-0.0036343766842	-0.00262140017003
2.22986477016	-41.0	57.7487195436	0.00212806719355	-0.00289582810365	0.00237178732641
5.01851022033	-41.0	59.1321917032	0.00441054627299	-0.0020224598702	0.00354206701741
6.10327543388	-41.0	49.7425554738	0.00494406092912	-0.00382529874332	-0.00442944793031
6.51301347440	-41.0	48.6220274588	0.00516777019948	-0.00402580108494	-0.00523160770535
3.60956544364	-41.0	51.5438635292	0.00306253298186	-0.00365329603665	-0.00324397184886
4.06127060800	-41.0	51.2394057770	0.0034187308047	-0.00366939976811	-0.00344211305492
9.47806393634	-41.0	52.7569402917	0.00771864457056	-0.00309426360764	-0.00192315177992
-4.93409293900	-41.0	49.1135171863	-0.00435623480007	-0.00406044628471	-0.00503158289939
4.90403020607	-41.0	50.6945491650	0.00406769430265	-0.00370937888511	-0.003792951582
6.17113992157	-41.0	53.4568671848	0.00527346553281	-0.00314184371382	-0.00148865452502
6.30596449166	-41.0	54.6464414368	0.00543954735622	-0.00290457159281	-0.000466180237709
4.02848774796	-41.0	62.1901007347	0.00338830985129	-0.00121159409173	0.00617728149518
6.93420748607	-41.0	62.7727607120	0.00571571290493	-0.000888686336111	0.00649724248797
6.15547139021	-41.0	61.8269333018	0.0051496559754	-0.00118065951392	0.00576671818271
1.04741949340	-41.0	60.7949448125	0.000822452595457	-0.00187705853023	0.00520680006593
1.74391595542	-41.0	67.1978006173	0.0013106506085	0.000127069259179	0.0101349139586
-2.98250207487	-41.0	55.0284432177	-0.00311980349943	-0.00332044507377	-0.000345570297213
0.100435798193	-41.0	46.7655375285	-7.79334659455e-05	-0.00453598657623	-0.00684007955715
-8.22441690570	-41.0	57.9958253514	-0.0072101065889	-0.00206782855093	0.00245227990672
-7.08249978135	-41.0	57.6059874316	-0.00637088529766	-0.00224233814515	0.00213524210267
6.53233706810	-41.0	66.3493006662	0.0052504404448	3.51158669218e-05	0.00933217816055
6.10702828527	-41.0	65.1124640844	0.00494679901749	-0.00030341069214	0.00838413648307
-1.64120648603	-41.0	44.9706932821	-0.00146564352326	-0.00491675874218	-0.00808387435973
2.35032679635	-41.0	60.7669762177	0.00202822894789	-0.00179826037493	0.00511827412993
11.6689736695	-41.0	53.4715282492	0.00936993770301	-0.00288282637484	-0.00132263149135
-11.1592537117	-41.0	54.6649580728	-0.00929901376367	-0.00267489743419	-0.000308650487568
-2.54104348815	-41.0	52.2677994559	-0.00253856810741	-0.00366652826779	-0.00278273574077
-5.37310424975	-41.0	47.7564296313	-0.00462512625381	-0.00432152068242	-0.00600881874561
3.06238919537	-41.0	49.6079630260	0.00247231987305	-0.00397277949378	-0.00473048351705
4.24444828841	-41.0	49.8045046877	0.00346494140103	-0.00389151088893	-0.00450510811061
5.39820417954	-41.0	50.0471794998	0.00441322661936	-0.00379845499992	-0.00424558203667
-2.16829372935	-41.0	44.0998012271	-0.0018584075151	-0.00511225452647	-0.00868637114763
2.91232884033	-41.0	67.2070899642	0.00228706002235	0.000154457578901	0.0101112592965
10.4756965419	-41.0	60.4049021309	0.0085472939536	-0.00133805244695	0.0044315578416
-10.2308356938	-41.0	55.2335228313	-0.00863808207214	-0.00258468859829	0.000138541290653
-2.39868412824	-41.0	66.1931439636	-0.00220890343189	-0.00016682651767	0.00937986653298
-1.20089531090	-41.0	47.8250035398	-0.00118778320029	-0.00434676418081	-0.00611246237531
-3.27452189824	-41.0	55.5114729116	-0.00339604518376	-0.00319952378049	0.000136049289722
-2.56855365338	-41.0	56.5565090785	-0.00280679832213	-0.00315393041819	0.0011468809098
11.0243153987	-41.0	50.9048386134	0.0087392507121	-0.00346088688821	-0.00339233945124
8.67122204779	-41.0	51.0113598797	0.00700280210003	-0.00348601210862	-0.00334349041805
-0.465883808787	-41.0	55.8264390183	-0.00068362307502	-0.00362256192602	0.000327213230776
-1.23150828021	-41.0	58.4702823702	-0.0014618311543	-0.00282274791971	0.00313566578552
-10.9168264345	-41.0	50.7684830955	-0.00902261212468	-0.0035744307097	-0.00341792753898
4.26669759147	-41.0	58.8299730859	0.0038229811471	-0.00220519606955	0.00330723426305
2.12857964810	-41.0	63.5382692879	0.00169383967295	-0.00089211075101	0.00733067607507
7.85978684890	-41.0	49.2445219764	0.00624740822241	-0.00386871001683	-0.0047289323993
11.0397949848	-41.0	59.3252141723	0.00899433437735	-0.00157467182726	0.00352405151352
10.3006838701	-41.0	59.5574900825	0.00843400601298	-0.00154267298058	0.00373629690148
7.98777268975	-41.0	48.7481556804	0.00629858998582	-0.00396720506251	-0.00509793544188
-8.15325270587	-41.0	65.0067119912	-0.00699139293283	-0.000393450231059	0.00821668747813
8.92035535650	-41.0	55.9527283649	0.0074269855395	-0.00243205670267	0.000724234618247
8.96266948028	-41.0	53.8112067853	0.00739201018587	-0.00289183552377	-0.00107082538307
8.56764598346	-41.0	55.5573759797	0.0071593192406	-0.0025392731186	0.000385214138078
3.37832675674	-41.0	64.3374769152	0.00273308856413	-0.000612618983723	0.00789673253894
1.32433034593	-41.0	58.2078645681	0.00122186762746	-0.00290194456466	0.00287103815936
5.52396708385	-41.0	55.3062256583	0.00486516812816	-0.00286041968502	7.58502646931e-05
4.20861752611	-41.0	55.1996138583	0.00382199021988	-0.00306227081455	-9.27333458094e-05
2.01873837567	-41.0	55.2206111467	0.00191194296349	-0.00345082790591	-0.000224079907639
1.55658739836	-41.0	53.1982376631	0.00134330824949	-0.00363824656233	-0.00208582752384
0.703388817918	-41.0	55.1139993466	0.000578291364945	-0.00364714046009	-0.000400965800509
1.15842945781	-41.0	56.5403219651	0.00108942075167	-0.00343074649572	0.00111009087414
3.35541894566	-41.0	57.1153755419	0.00314877158962	-0.00283429119736	0.00171547429636
-0.158775795397	-41.0	52.2673200728	-0.00032760691829	-0.00375595665537	-0.00288851535879
-0.178251112191	-41.0	54.6455575699	-0.000361711368896	-0.00368742528372	-0.000869240786415
2.50378321412	-41.0	53.6979858169	0.00225857808255	-0.00350519875064	-0.0015856300015
5.09025745622	-41.0	55.6680556350	0.00453958287835	-0.00284560211003	0.000382753962185
1.05732188508	-41.0	53.5287612627	0.00087827531388	-0.0036604765337	-0.00183871050831
3.71745283112	-41.0	55.0082701385	0.0034081696067	-0.00317190121859	-0.000302570057102
1.13709844556	-41.0	54.7521693699	0.0010153464973	-0.00361567270011	-0.000734775094315
9.38517890550	-41.0	48.1580360608	0.00728274136782	-0.00407569343224	-0.00553187960759
6.12931311305	-41.0	56.5575990787	0.00534998159856	-0.00252741877921	0.0012146596564
3.85207413206	-41.0	60.5425002395	0.00335418665782	-0.00173271424137	0.0048324726522
4.13058934733	-41.0	64.2250058236	0.00336687266827	-0.000616526289377	0.0077762696892
-1.19542688930	-41.0	49.7663601002	-0.00123187468853	-0.00402651634067	-0.00473626283929
-0.888046231784	-41.0	49.0823671286	-0.000948113272898	-0.00413277791813	-0.00523066334426
-1.42066907383	-41.0	48.3212354491	-0.00138757145032	-0.00425856281072	-0.005761499051
0.076963704622	-41.0	44.9178986445	-6.96517890901e-05	-0.00491239223629	-0.00810233876109
0.319537324416	-41.0	58.5137121046	0.000164982135175	-0.00287625472993	0.00320449657738
-2.63899493344	-41.0	61.8853124071	-0.0025720577687	-0.00142322527245	0.00602277321741
-2.74863206818	-41.0	60.3205200128	-0.00276747089811	-0.00194449303672	0.00472332770005
-3.41445741414	-41.0	61.9576569296	-0.00324071780778	-0.00135895248968	0.00603861920536
-1.87893707840	-41.0	61.8236116764	-0.00189957418479	-0.00147896038834	0.00600919127464
-5.05303497886	-41.0	54.3806491721	-0.0047851363197	-0.00313065154478	-0.000782520859502
6.71016659157	-41.0	65.3695141510	0.00542104477063	-0.00021646390087	0.00856344494969
10.7671080883	-41.0	58.3324192748	0.00880040973425	-0.00181196338963	0.00270738685504
5.43701256596	-41.0	52.6513982724	0.00464482139796	-0.00334435910918	-0.00220858003013
-3.06111808701	-41.0	67.3658207623	-0.00274045346305	0.000135897687869	0.0102680083364
0.513430092354	-41.0	45.6361846758	0.000273687386652	-0.00475581036881	-0.00760293658823
7.38091683174	-41.0	50.2190235681	0.00596765894443	-0.00368758686818	-0.00400669686496
7.54248000151	-41.0	60.8050682601	0.00629343604669	-0.00136596080847	0.00486174644902
-0.079043585342	-41.0	43.8232238996	-0.00017107759777	-0.00515505159274	-0.00885388161987
-0.0926833290188	-41.0	47.2745899466	-0.000244253256824	-0.00444171344861	-0.00649275491014
7.97413946777	-41.0	53.6046660929	0.00664804456756	-0.00298655801453	-0.00127342215274
-10.4818702859	-41.0	54.1598503048	-0.00880123209208	-0.00281423609704	-0.000727771141101
-4.73528636894	-41.0	64.7423119730	-0.00421760277823	-0.00052018428687	0.00817956309766
-7.84808116557	-41.0	47.2061871894	-0.00652661500499	-0.0044134138152	-0.00629786215723
0.131786397465	-41.0	64.0981211789	-6.13321972196e-05	-0.000761828443501	0.00780381588265
-4.68176464926	-41.0	61.6021460368	-0.00432732841	-0.00138954701833	0.00567203806713
11.9678375705	-41.0	58.0074433680	0.00969855953008	-0.0018557922449	0.00241098599508
5.29025215048	-41.0	66.4212955454	0.00424991315231	1.68853002833e-05	0.00942863989621
0.664665018699	-41.0	62.8848195977	0.000418366544181	-0.00113977259025	0.00686819385737
-8.16191133314	-41.0	64.3958227949	-0.00701279519126	-0.000538074120414	0.00772852590308
5.62148150534	-41.0	51.2263362969	0.00468310620636	-0.00357836438343	-0.00333179463632
3.36849261053	-41.0	60.7133610512	0.00292893406004	-0.00172464223579	0.00500810146332
-10.3942889669	-41.0	56.6543498144	-0.00877793040127	-0.0022604316473	0.00129932537675
-9.61328620021	-41.0	56.0894995702	-0.00820685364306	-0.00242201797664	0.000838434207253
12.1592933745	-41.0	57.0739971612	0.00983556266874	-0.00206448487006	0.00163547147531
-1.57642947062	-41.0	65.8662055548	-0.0015172266867	-0.00025706589804	0.00914309639484
-4.73268024231	-41.0	52.3079225719	-0.00440092617646	-0.0035059992224	-0.00256719766185
2.77891702650	-41.0	57.7468282271	0.00262788846157	-0.00278247334063	0.00235061231069
-8.87728090073	-41.0	63.0880884895	-0.00760950194672	-0.000834431615658	0.00663646636531
3.96111217493	-41.0	44.4854412851	0.00301247928292	-0.0049245217815	-0.00821856409311
2.53037884549	-41.0	67.6945863115	0.00196758564562	0.000270654330961	0.0104944044724
-1.45195233186	-41.0	46.8304873557	-0.00137070030905	-0.00453380867839	-0.00680165505037
-2.89904403589	-41.0	67.8812698966	-0.00259411241859	0.000263451860519	0.0106684882194
-3.12247984476	-41.0	49.9732594246	-0.00290831597522	-0.00395765760913	-0.00450434023514
-5.88087548185	-41.0	45.8808849510	-0.00491300644353	-0.00472017610446	-0.00735388789326
-5.7946674851	-41.0	51.2898124347	-0.0051832254976	-0.00362172001041	-0.00329908146523
-9.38540294239	-41.0	60.8270016825	-0.00804411992431	-0.00135103368666	0.00476682977751
1.32090590341	-41.0	43.8763685993	0.000946818501689	-0.00512293400243	-0.00877521745861
6.08607354603	-41.0	48.3088197096	0.00481182755902	-0.00409816019237	-0.00547344051301
4.63368065534	-41.0	47.6977420105	0.00363115174696	-0.00425690878183	-0.00597940618172
-2.07336617742	-41.0	55.4751798838	-0.00231900764629	-0.00343040307052	2.66501392616e-05
4.31360990169	-41.0	57.6147169629	0.00392234418541	-0.00253154546954	0.00218308856711
5.33144067665	-41.0	58.2180754617	0.00470426212996	-0.00222882069647	0.00271418900229
0.252105680314	-41.0	45.9396019998	5.64777874388e-05	-0.00469730375335	-0.00740216160193
-8.24084813390	-41.0	55.7641464635	-0.00721174059436	-0.00256981956773	0.00055279629305
9.52736148407	-41.0	49.9629599270	0.00755638629198	-0.00368657615036	-0.00414466578513
9.05569055425	-41.0	49.0582800316	0.00712550943717	-0.00388610875234	-0.00484804715961
-4.88411192029	-41.0	49.8698111518	-0.00436324207112	-0.0039201551117	-0.00446660490707
-5.59920404071	-41.0	61.1386735817	-0.00509936315939	-0.00146041007247	0.00523197138682
-0.683138370799	-41.0	53.1447953906	-0.000847210991196	-0.00370159954764	-0.00217904057354
-8.76672356015	-41.0	50.7487361793	-0.00742713734508	-0.00362007715739	-0.00353035004809
3.55378311134	-41.0	66.2937401491	0.00282901502214	-6.88374202582e-05	0.00939249712974
6.35846973226	-41.0	60.8005800804	0.00537091260776	-0.00144322554115	0.00490900827572
8.98005011321	-41.0	52.6620271854	0.00734452949837	-0.0031326347962	-0.00201302999631
1.90876102929	-41.0	62.5240283813	0.0015385390725	-0.00122181256302	0.00655173696578
-3.03678999937	-41.0	62.8763779436	-0.00286708259955	-0.0010941036744	0.00679211458191
-0.64822682748	-41.0	62.9380863388	-0.00075985386502	-0.001130308141	0.00691372668371
1.07045582934	-41.0	48.1995725475	0.000737238908187	-0.00426062662154	-0.00582677125931
-7.15104589539	-41.0	46.1071350524	-0.00591962412	-0.00466535100713	-0.00714416708797
2.03774680073	-41.0	58.7577928711	0.00188580353279	-0.00258047343232	0.00336953252554
-9.10173286420	-41.0	47.7911413070	-0.00751898018643	-0.0042727123946	-0.0058040372096
-1.65619382593	-41.0	60.1876654696	-0.0017791868886	-0.0020886878483	0.00467650732026
-0.897823282281	-41.0	61.8119937287	-0.00100719882175	-0.00151308008935	0.00603144522756
0.0348190206519	-41.0	60.3247013007	-0.00014234239643	-0.00209669093601	0.00483902031556
-4.25878978778	-41.0	56.8397194786	-0.00422655278817	-0.00276322546415	0.00144728587475
2.07866875397	-41.0	61.1733178940	0.00175736728124	-0.00167448061984	0.00546797551215
-10.6333919877	-41.0	53.7037757750	-0.0089021679014	-0.0029114393983	-0.00109076348599
-0.725874652104	-41.0	53.6664066949	-0.000904303975403	-0.00368274445646	-0.00173944584094
0.869984294471	-41.0	68.1738023604	0.000579721177928	0.000361212558346	0.0108959823847
-1.97595740354	-41.0	46.9423527762	-0.00180972670205	-0.00451249536127	-0.00671742809936
7.89796520352	-41.0	54.2148865890	0.00661983666942	-0.00286598014645	-0.000766366545577
0.466754904025	-41.0	58.9531028382	0.000310703791911	-0.00267889886163	0.00362466974184
-4.04427653349	-41.0	60.7211830362	-0.0038538670633	-0.00169748906046	0.00497823534533
-2.87120670305	-41.0	59.0892079021	-0.00296631944366	-0.00235658534802	0.00362660479732
-4.48869815220	-41.0	59.8193395298	-0.00428119814023	-0.0019265889423	0.00417586509138
-0.882503458755	-41.0	58.0365886397	-0.0011192682432	-0.00303354929201	0.00271180993877
10.8741039630	-41.0	55.2178507589	0.00884973164648	-0.00251292716712	0.000115492082841
0.41293813519	-41.0	48.7210753782	0.000180482253199	-0.00418320577592	-0.00547952670604
-3.33644246191	-41.0	64.0732183128	-0.00307063106447	-0.000734432251193	0.00771707063541
-2.28496547283	-41.0	63.7780686841	-0.00218016072176	-0.000843675341457	0.00752620957792
-1.23706066825	-41.0	57.1192534929	-0.0015130576212	-0.00328936846927	0.00173525500577
-2.28294001810	-41.0	62.8005732944	-0.00221549393609	-0.00114345375914	0.00676507875323
-5.56576752394	-41.0	52.2556485175	-0.00506361760199	-0.00345876533538	-0.00254141539335
-8.19012096387	-41.0	60.9126285637	-0.00713162077591	-0.00137610395905	0.00490060681477
2.54515899731	-41.0	64.9387605937	0.00201099622063	-0.000467677338747	0.00839101616293
6.58603815778	-41.0	49.7471044774	0.00531923864037	-0.00380672491156	-0.00440060906112
7.02392738472	-41.0	50.7229540447	0.00573554541916	-0.00360287353396	-0.00363590521738
6.45801211161	-41.0	47.4662362990	0.0050237509422	-0.00425390014425	-0.00605426356196
1.40059849541	-41.0	45.3257006995	0.000994962872937	-0.0048062200658	-0.00778599921614
11.6593020908	-41.0	58.5281731949	0.00946682132781	-0.0017432164168	0.00284895510413
2.60990394290	-41.0	44.0811665149	0.00196456117555	-0.00505173858255	-0.00857656542212
-9.95203271441	-41.0	49.0027833900	-0.00822611432523	-0.00398954050615	-0.00483740167692
-9.45388842899	-41.0	61.7603710072	-0.00808242242783	-0.00113186542876	0.00552575709298
1.55684739169	-41.0	46.7374831653	0.00112439680379	-0.00451911007985	-0.00681761885062
6.06003450594	-41.0	45.3928467679	0.00456462567672	-0.00464949756861	-0.00747918896377
-11.1660176575	-41.0	57.2214011723	-0.00934746675193	-0.00210133311339	0.00174300931394
2.98678355237	-41.0	48.1449480655	0.00233449204825	-0.00422386545688	-0.00577317783609
3.42000135761	-41.0	49.1929041614	0.00274642906152	-0.00402775919065	-0.0050052087754
9.32985252804	-41.0	63.8644009595	0.00754802161828	-0.000533067272045	0.00728273903951
-12.1128427134	-41.0	54.6022271546	-0.0099885230884	-0.00265152496286	-0.000345416861819
-8.59706272429	-41.0	57.6428680272	-0.007484161295	-0.002126354957	0.0021464175079
-3.84120299607	-41.0	57.6306314210	-0.00387347862124	-0.00264014815912	0.00220595835708
1.49570377659	-41.0	47.9876552519	0.00109212042298	-0.00428937794641	-0.00595867168158
-0.622930271034	-41.0	50.8868739050	-0.000744524761103	-0.00388239161111	-0.00392889976501
-6.69289081637	-41.0	56.1127062813	-0.00608256692067	-0.0026144401636	0.000824182352517
-8.23175917856	-41.0	50.0978751312	-0.00699058966711	-0.00377379544079	-0.00406996859238
3.78201823588	-41.0	56.1574947001	0.00350546697155	-0.00296124629676	0.000788420322351
5.97968914592	-41.0	55.4888213050	0.00522057060152	-0.0027710320428	0.000257755222265
2.06959673818	-41.0	56.9690949736	0.00200176914223	-0.00315177626908	0.0015725470148
-4.95852045967	-41.0	65.8737800690	-0.00436347071081	-0.000225476003834	0.00905451457947
-4.86354443306	-41.0	59.1239697182	-0.00462498376146	-0.00208451924846	0.00354246818461
-2.66873985237	-41.0	55.5413974868	-0.00286977924407	-0.00330848153681	0.000128384490381
-1.77287350962	-41.0	62.7841141230	-0.00176666467451	-0.00116310245357	0.00677037425339
-9.75813866785	-41.0	55.5402820465	-0.00830290745944	-0.00253727869131	0.000385322375223
-3.66986420178	-41.0	58.5788973169	-0.00368558824994	-0.0024002622813	0.00310783204623
-2.80480937030	-41.0	66.5444203587	-0.00254360237159	-7.33011111151e-05	0.00964113790542
10.8199393072	-41.0	51.8704620438	0.00865489058197	-0.00325132999569	-0.0026205193717
-9.06445973182	-41.0	59.0490622448	-0.00782276969403	-0.00177710794378	0.00331312185153
-1.10932773854	-41.0	60.2870929336	-0.00125489267521	-0.00208487734199	0.00478607509285
0.966015072511	-41.0	60.1831281174	0.000768827507272	-0.00212494330481	0.00470115337521
-0.379968796495	-41.0	61.8424587787	-0.000529361830559	-0.00150850904174	0.00606304965913
1.20012657536	-41.0	61.6013837575	0.0009350599139	-0.00156856060494	0.00585144059733
-0.5486329182	-41.0	60.3020009280	-0.000712340697646	-0.00210068351589	0.00481519894674
6.66894323769	-41.0	51.2340650033	0.00550236226991	-0.00352152599953	-0.00325779011473
-0.690248708215	-41.0	52.5487445255	-0.000839190091938	-0.00373188615777	-0.00266013131477
-0.697359045632	-41.0	51.9526936605	-0.000832597608678	-0.00377488252707	-0.00312510179356
-9.42321897663	-41.0	49.0598636390	-0.00783235859126	-0.00398175092414	-0.00481480220333
-6.71217144879	-41.0	59.8102638418	-0.00603516586125	-0.00173310935497	0.00405068136752
-4.49177498780	-41.0	54.4100855757	-0.00434160651639	-0.00319115561433	-0.000797327782493
8.95426972676	-41.0	60.7775109228	0.00737837143242	-0.00130263832398	0.00478755729273
8.39867433179	-41.0	59.1030689000	0.00701404269785	-0.00173680507578	0.00340541754849
2.76101588941	-41.0	62.8370682844	0.00227045104839	-0.00108371837996	0.00675866473466
6.99802069381	-41.0	46.3225993619	0.00531617784873	-0.00446540908888	-0.00685057835653
1.31122961088	-41.0	50.8130908439	0.00100835610647	-0.00386521033943	-0.00395199144259
0.377197141293	-41.0	50.2961763905	0.000159820672707	-0.00395072298124	-0.00435821292922
11.7921786661	-41.0	55.4853603120	0.0095341084525	-0.00243044598028	0.000329792674165
-4.14758449033	-41.0	54.9570195935	-0.00409329589456	-0.00314720161259	-0.000327891379129
-7.94875215056	-41.0	63.4803624956	-0.00686812028289	-0.000761731003877	0.00700643705204
-7.49414891968	-41.0	47.9961267678	-0.0063027353026	-0.00424146326259	-0.005719919689
7.53733875913	-41.0	51.7275038120	0.00620293151587	-0.00338487583213	-0.00282156234607
-5.82113894669	-41.0	47.5207037398	-0.00496647460386	-0.00436470517889	-0.00615901267156
8.41218366272	-41.0	54.0231820687	0.00699386605993	-0.00287523376755	-0.000910008035135
0.373055895816	-41.0	50.8550236471	0.000161532036145	-0.00388200115412	-0.00395026616752
2.40901749432	-41.0	62.3975240486	0.00198534037918	-0.00124021305237	0.00643017189577
-7.30934366651	-41.0	49.0081968494	-0.00622233655304	-0.00402651866898	-0.00496341241524
-11.5445815213	-41.0	60.1914470037	-0.0096741952002	-0.00143822736572	0.00412702793255
4.49668036823	-41.0	67.2907795716	0.00359188928269	0.000219284018385	0.0101243304089
-1.37533861732	-41.0	64.7365024214	-0.00136689795181	-0.000573528755922	0.00828358344734
9.31797185951	-41.0	61.5021710162	0.0076296813786	-0.00111234234646	0.00537102436647
-5.94102616028	-41.0	53.1974651434	-0.00541259767488	-0.00326158222742	-0.001733951387
-0.745487084736	-41.0	55.4651854193	-0.000978262047283	-0.00362983555533	-4.55172194052e-05
4.31833760350	-41.0	57.0766484382	0.0039401371032	-0.00266355555505	0.00167582486756
-6.31076581326	-41.0	45.5639664633	-0.00523103913292	-0.00479063298553	-0.0075710923411
10.9866308450	-41.0	60.2768231229	0.00893792044371	-0.00135449669324	0.00431047333404
-4.44215298429	-41.0	65.6992507727	-0.00394020834938	-0.000276529492112	0.00893866550177
6.34670115568	-41.0	51.7090360491	0.00528890173882	-0.00345021812245	-0.00290329009295
3.08731924833	-41.0	61.7840874708	0.00261167227291	-0.0013989956351	0.00590527104214
-1.57710079432	-41.0	45.4102745492	-0.00142856081948	-0.00482254847884	-0.0077811316587
5.27263426853	-41.0	44.9931447048	0.00399457523599	-0.00476196268573	-0.00778203317896
7.04278838398	-41.0	48.4841101709	0.00556063931435	-0.00403962656856	-0.00531415408477
3.50019737312	-41.0	44.3357307156	0.00265795737505	-0.00497205741704	-0.00835095159709
-10.0245244919	-41.0	59.0712904444	-0.00853371620178	-0.00173156149685	0.00329316197895
-9.14923788760	-41.0	59.5686340566	-0.00788149703294	-0.00165268382989	0.00374120962806
9.80941364410	-41.0	49.5506067253	0.00773019343615	-0.00377131672576	-0.0044622849673
-5.10261864683	-41.0	66.4580540790	-0.00446562422439	-7.82185888966e-05	0.00950480625033
-4.68211124575	-41.0	62.6004346227	-0.00427127396688	-0.00110500177834	0.00648453459144
-9.18714331392	-41.0	51.8561259896	-0.00778986187652	-0.00336759374477	-0.002630231902
-7.07230313330	-41.0	63.7496572147	-0.00616139452904	-0.00071743450826	0.0072722164914
1.58348241066	-41.0	47.3528695190	0.00115409516729	-0.00440230732784	-0.00639401003718
-4.15759083895	-41.0	67.4951890289	-0.0036544855684	0.000170826693648	0.0103421360254
7.82894441877	-41.0	56.0198381530	0.00662025390193	-0.0024880846031	0.000769294390921
4.77132044081	-41.0	61.6082274545	0.00404381658882	-0.00133339012973	0.00566214602441
11.0007478144	-41.0	57.4992732054	0.00897636450827	-0.00199556769803	0.00200998457149
7.05236510894	-41.0	54.0815847445	0.0059798695147	-0.0029520271346	-0.000913302879781
0.0610851801282	-41.0	63.5421704543	-0.00012374020298	-0.000934670504648	0.00737957609817
-7.17031872032	-41.0	64.8407913498	-0.00620497437194	-0.000447668455308	0.00813704542816
-4.97587417935	-41.0	61.0929727653	-0.00459869205952	-0.00151565659326	0.0052315602079
-1.60087571872	-41.0	50.1354313556	-0.00159949820954	-0.0039681927301	-0.00445706769824
-1.54196682651	-41.0	55.2957963443	-0.00179398502223	-0.00353963952512	-0.000183628420928
-7.08256961529	-41.0	65.9256205095	-0.00610444555059	-0.000187633791938	0.00900100357831
-3.70845001169	-41.0	51.0566365245	-0.00346901663579	-0.00376447173767	-0.00364451901987
-5.70381173168	-41.0	64.1727328416	-0.00503803463653	-0.00064588926034	0.00768345221877
-5.78423975323	-41.0	65.1695549901	-0.0050670732744	-0.000390398461604	0.00846654828638
-6.69511447425	-41.0	64.6200753269	-0.00582780409604	-0.0005104028387	0.00798665825278
4.82889946647	-41.0	63.1312602486	0.00399815151468	-0.000893649412319	0.00688447477296
-0.840922232271	-41.0	64.8696550254	-0.000902534287889	-0.000536628358532	0.00839087925851
-0.173423368795	-41.0	56.9685292679	-0.000365756364772	-0.00343582034111	0.00157491746359
-6.59049837871	-41.0	56.6708066615	-0.0060104210861	-0.00250125210732	0.00131482153665
-0.594706708577	-41.0	66.5011239283	-0.00067126925569	-8.46500915941e-05	0.00963278859854
-3.71284837038	-41.0	52.4851176720	-0.00356961390935	-0.00355482730083	-0.00251028384082
-7.61008831494	-41.0	65.1588306026	-0.00655091833323	-0.000364468054613	0.00836671330035
-3.28065688407	-41.0	48.8621529163	-0.00298227882013	-0.0041434536688	-0.00531153380871
11.2444618516	-41.0	54.3749590741	0.00909516587853	-0.00269050779752	-0.000581039406825
9.69441196035	-41.0	57.8962737032	0.00800518877804	-0.00195306167006	0.00236236816272
-0.162566398726	-41.0	67.8892791691	-0.000291036791168	0.000277454848401	0.0106896627694
-0.512299054316	-41.0	49.2532625918	-0.000623944797553	-0.00410579144955	-0.005111775361
-5.42958272257	-41.0	62.2072938567	-0.00490527506918	-0.0011780661298	0.00612241402268
-2.98540907826	-41.0	44.1628089586	-0.00251634069718	-0.00510277599096	-0.00863993167877
-0.18211030598	-41.0	51.1210947934	-0.000344577711076	-0.00385713716969	-0.00375852617435
-9.77973872311	-41.0	51.1689496073	-0.00819938164204	-0.00350332283415	-0.00314794713631
0.816467437424	-41.0	43.8434757848	0.000545180169865	-0.0051383478567	-0.00881547760218
-5.14781875862	-41.0	48.6436178934	-0.00449935533106	-0.00414671981707	-0.00536771444604
-1.74062386119	-41.0	47.8962478897	-0.00164568645414	-0.00433320738375	-0.00605463143438
-6.39080722273	-41.0	48.2017313105	-0.00545777427033	-0.00421334709972	-0.00562436226755
6.78785520821	-41.0	63.8086087590	0.00554764689878	-0.000623331754468	0.00733132660389
5.55687434947	-41.0	64.8953313196	0.00451056659222	-0.000380159763154	0.00823610834777
5.29699849924	-41.0	63.9375954311	0.00434030918404	-0.000648875429761	0.00749788060784
1.90728742806	-41.0	45.4345373997	0.00140136596747	-0.00477383611724	-0.00769112119451
-10.8156704636	-41.0	61.6984095652	-0.00912704784423	-0.00111686822493	0.00539474701509
-5.65095787739	-41.0	63.7151807762	-0.00501381279901	-0.000766255077906	0.00732278823853
-2.93654577497	-41.0	50.5121840633	-0.00277941348031	-0.0038791007828	-0.00411280384287
11.4104610757	-41.0	52.4222141140	0.00912419147789	-0.00312004913576	-0.00217449828051
8.94907254177	-41.0	49.9230277099	0.00712280534208	-0.0037054757122	-0.00418530311435
2.61779664135	-41.0	45.6852156614	0.00196820311248	-0.00470638647676	-0.00748568912968
3.32721358124	-41.0	45.8379155255	0.00252798921429	-0.0046575195156	-0.00734056672081
-11.1115504776	-41.0	60.4063189826	-0.00935003906488	-0.00139997829683	0.00432719336823
1.96231684372	-41.0	48.2299798002	0.00148892286234	-0.00423650257289	-0.00576961878687
5.26504736990	-41.0	65.8325717604	0.00424325000495	-0.000139653362567	0.00897497031838
5.68603782759	-41.0	65.4725179224	0.00459492951632	-0.000221765585593	0.00868029054254
-5.35503947254	-41.0	53.7953190304	-0.00499032298103	-0.00320297083817	-0.00126992340665
-4.73381247500	-41.0	45.3675546192	-0.0039748409763	-0.00483671342954	-0.00775893731043
-3.79668959579	-41.0	55.4995646982	-0.0038316140417	-0.0031106332317	0.000155364949023
3.38421467263	-41.0	67.5382556028	0.00267640058883	0.000251455698162	0.0103500215337
-4.80808685255	-41.0	53.2141939785	-0.00452207680792	-0.0033522255253	-0.0018087385688
9.15818606410	-41.0	58.5288499575	0.00759740127251	-0.00183161289897	0.00290393130854
0.660254415249	-41.0	56.2820630195	0.000554118072614	-0.00354462652467	0.000822706031613
1.16393135995	-41.0	57.6442556941	0.00107969564851	-0.00313026318327	0.00229685963131
3.28533936018	-41.0	52.9990542925	0.0028960891068	-0.0034903511405	-0.00210662186146
4.99228738143	-41.0	51.8305880206	0.00422703148797	-0.00351457949728	-0.0029048488941
-4.73669880683	-41.0	46.9177120919	-0.0040657389909	-0.00450251530856	-0.00664800778031
-4.33822377531	-41.0	45.8475057263	-0.00368567323312	-0.00473216408864	-0.00742795271799
-6.79754233702	-41.0	62.2928499027	-0.00599836697802	-0.00109299446922	0.00611201487482
3.54932690176	-41.0	50.4018971664	0.00293086050078	-0.00382640492171	-0.0041150059551
5.21556891966	-41.0	62.0793826920	0.00437701493502	-0.00116879958659	0.00602112803608
-5.11686303675	-41.0	67.0831485268	-0.00446126284078	7.49239843572e-05	0.0099919391796
-4.15962844289	-41.0	66.4493806562	-0.00368229206651	-8.86255729711e-05	0.00953106582165
8.14402210637	-41.0	50.8354348619	0.00659425044432	-0.00353874405846	-0.00349926878698
0.34132658982	-41.0	68.1522310498	0.000135450260132	0.000348854518961	0.010886377655
-10.0101699845	-41.0	61.8903431858	-0.00850807595998	-0.00108871259727	0.00559902237728
6.91600893787	-41.0	66.0017326574	0.00556545192376	-4.5222848712e-05	0.00905009359121
1.47647030489	-41.0	58.7236915141	0.00134585297201	-0.00267792330123	0.00336894858629
1.71181054376	-41.0	65.3985120794	0.00129444722552	-0.000357954297215	0.0087666939944
3.49495179502	-41.0	62.2516370440	0.00293297087774	-0.00122586195357	0.00625698035583
3.43365224851	-41.0	60.2000632246	0.0030239939224	-0.00188598153181	0.00456828111783
4.49267861094	-41.0	59.8629616262	0.00393727980554	-0.00187312159687	0.00421019410715
9.24820976987	-41.0	54.6878494253	0.00763742672279	-0.00269102538005	-0.000335802702466
-5.34351008061	-41.0	57.7644028028	-0.00505700986832	-0.00238420907408	0.00230042240582
-10.0599930714	-41.0	52.9277008122	-0.00846691057086	-0.00310406694189	-0.00173323287163
5.65938190557	-41.0	56.4426883153	0.00499132229015	-0.0026088792365	0.00110367592424
-12.1612973049	-41.0	57.4493687943	-0.0100790895522	-0.00201030774042	0.00188755290583
-1.81048786841	-41.0	46.4342928853	-0.0016548789572	-0.0046127717942	-0.00707263452932
-4.64892090879	-41.0	48.6868720188	-0.00409922329709	-0.00414870772511	-0.00536511559039
10.4087327558	-41.0	58.7757503842	0.0085281720385	-0.00172130414285	0.00308410194702
4.83203487171	-41.0	44.7919124391	0.00367002491839	-0.00482384813949	-0.00794863607734
3.27873794728	-41.0	58.1559972418	0.00304067367688	-0.00256336922757	0.00272804591805
0.829696471354	-41.0	50.0286396074	0.000558846921194	-0.00397908734158	-0.00454084994271
7.64657376112	-41.0	49.7507878070	0.00613029394299	-0.00377220590599	-0.0043530841358
-6.24007908950	-41.0	59.0731017698	-0.00570112932473	-0.00195865263231	0.00343692116439
-7.6715091496	-41.0	59.6433577854	-0.00677118171006	-0.00171108089853	0.00386651884764
3.16026412455	-41.0	65.9129166604	0.00250803795643	-0.000181755414815	0.00911478698254
-7.63044582517	-41.0	55.0799216627	-0.00675397180021	-0.00275874393992	-4.4411415729e-05
-10.5377608858	-41.0	49.7483157037	-0.00869917403907	-0.0038133119233	-0.00423393724486
-12.1087670605	-41.0	54.1192954160	-0.00997874699533	-0.00276612490416	-0.000725794234313
-7.58146721217	-41.0	58.9837277783	-0.00671934010461	-0.00187664083205	0.00331087131053
11.7342432151	-41.0	56.0054084730	0.00950320344418	-0.00231470866129	0.000760002876632
9.4194477057	-41.0	55.8441809798	0.00779316667467	-0.00243000406772	0.000635797856376
5.33668693109	-41.0	53.7330792225	0.0046399817802	-0.00316834752448	-0.00131199310999
6.88086769528	-41.0	48.9439983751	0.00547780655324	-0.00395298842341	-0.00498316902667
-3.89527673771	-41.0	46.3454386099	-0.0033559051808	-0.00462759146467	-0.00708799948916
-4.17058860863	-41.0	47.3816492280	-0.00363510218449	-0.00441270554438	-0.00633850926533
0.16224200352	-41.0	64.6121603073	-3.44038962794e-05	-0.000607675174251	0.00819503050297
5.18628253795	-41.0	45.7121573829	0.00393748562783	-0.00463088927791	-0.00730005977675
-3.43704339149	-41.0	44.2555945679	-0.00288185151294	-0.0050838207826	-0.00857107527554
-2.10719059032	-41.0	50.1166892045	-0.00204211659729	-0.00396132748574	-0.00445102481171
4.85191200402	-41.0	66.1659143240	0.00389895890839	-6.42039231025e-05	0.00924743432552
-0.0379531645404	-41.0	57.8016370083	-0.000214918254642	-0.00317119550891	0.00247876346111
8.30772310362	-41.0	52.2218451760	0.00681656505913	-0.00325126992539	-0.00239195185713
2.20234942412	-41.0	43.8659441415	0.00164568761829	-0.00510893948376	-0.00874409638345
-10.1483001938	-41.0	53.7879684160	-0.00855246838182	-0.00290946452878	-0.00103703862987
7.23740903788	-41.0	62.2855403662	0.0059803170152	-0.00100158294663	0.00609030667692
-4.84270661506	-41.0	65.3372371657	-0.00428508641198	-0.000363638304407	0.00864033214748
-6.70719575592	-41.0	65.1335074724	-0.00582123873755	-0.00038392629358	0.00839300919324
-11.7006604628	-41.0	55.4055139195	-0.00970142520964	-0.00248334836215	0.000285030895611
0.657280856883	-41.0	46.6807345232	0.000383991718991	-0.0045452285558	-0.00688625592738
-3.19652930099	-41.0	49.4234784069	-0.00294125755318	-0.00404716888443	-0.00490604713559
10.1912781414	-41.0	53.2320827210	0.00827011745423	-0.00296938722022	-0.00152345409151
-6.31325271425	-41.0	60.1062255994	-0.00571464607492	-0.00168610794935	0.00432208692655
1.14865333079	-41.0	46.4883048842	0.000788546283729	-0.00457492098212	-0.00700314110145
4.90293775706	-41.0	61.1169654920	0.00418486678973	-0.00146610243246	0.00524936849251
0.384693405262	-41.0	49.7750779981	0.000162182710483	-0.00402181595564	-0.00473333988339
-3.20247070263	-41.0	45.8144379474	-0.00276814540848	-0.00474111083895	-0.00748083088547
1.61853029188	-41.0	63.6848712837	0.00124571402557	-0.000862514192704	0.00746069755405
3.31949593395	-41.0	63.4290504799	0.00272082374431	-0.00087885564426	0.00719464989379
3.83037357703	-41.0	57.9495573835	0.00351499812678	-0.00252430723049	0.00251085753553
3.22386651178	-41.0	61.2772603219	0.00276342919096	-0.00155314826407	0.00548502570018
-5.54813126498	-41.0	45.0131362076	-0.00459893187508	-0.0049163158983	-0.00799262151122
3.21973428328	-41.0	51.8866002694	0.00275486381724	-0.00363362743519	-0.00300926575437
2.77139187461	-41.0	52.1782806835	0.00238538393751	-0.00363103486598	-0.00281694228761
2.28567581164	-41.0	51.3162157157	0.00190065312199	-0.00376339908689	-0.0035208996851
-8.45845542995	-41.0	54.6058641995	-0.00734663615003	-0.00280762440525	-0.000417425559135
-4.39393286240	-41.0	53.3037935252	-0.00419281283394	-0.00337623199448	-0.00176793930586
-6.57501248175	-41.0	63.6177540038	-0.00576689979061	-0.00076390983304	0.00719430251047
-5.61416828239	-41.0	60.2863931139	-0.00515736127272	-0.00169187108986	0.0045129111968
-4.76382644112	-41.0	60.2247830121	-0.00447943713516	-0.00178178283386	0.00450985878706
-5.39810466809	-41.0	59.3028904047	-0.00503823254257	-0.00197820365429	0.00367438886315
-4.3544450138	-41.0	61.1193039931	-0.00408633658662	-0.00155301962513	0.00529240444303
-1.69698731540	-41.0	53.5887597833	-0.00184745341539	-0.00361894420348	-0.00175414176192
-1.21654123588	-41.0	53.3577462457	-0.00137432548217	-0.00366744259372	-0.00198000483215
11.2558821539	-41.0	51.3707537460	0.00894348882139	-0.00335508747958	-0.00302058528177
4.41355108244	-41.0	61.1637862139	0.00377878593281	-0.0014918736415	0.00531730242074
-3.54524484926	-41.0	56.0625471091	-0.00364176183939	-0.00305348704569	0.000682931102347
-0.441338754346	-41.0	45.0732393143	-0.000493619940244	-0.0048850402236	-0.00800538994372
3.19655685024	-41.0	47.2937060603	0.00246810424142	-0.00437454693019	-0.00635110773146
2.77749590696	-41.0	49.0176769309	0.00220218044706	-0.00407943734899	-0.00517122307792
-7.71843043503	-41.0	51.4205481028	-0.00667352275923	-0.0035113778431	-0.00306018069386
6.21129647886	-41.0	57.0425004960	0.00541033176705	-0.00240878295153	0.00164856773335
1.08140710844	-41.0	64.7769158691	0.000761042407248	-0.000547327334061	0.00830799341202
5.85233533982	-41.0	59.5420201480	0.0050456346944	-0.00182201666757	0.00386339216493
7.76854000543	-41.0	57.4038389740	0.00657731993124	-0.00218140031211	0.001963310875
7.55413608447	-41.0	58.4282879017	0.00639702985063	-0.00195599463768	0.00284940726124
8.25479144758	-41.0	57.2394513153	0.00694080162793	-0.00218437798321	0.00181957462337
-7.45703119489	-41.0	61.3961240234	-0.00655102496967	-0.00129024370108	0.00533935474232
10.5211065184	-41.0	62.3959009526	0.00852580927312	-0.000864448316861	0.00605760281906
-8.79835515429	-41.0	48.2086659877	-0.00731296977028	-0.00418013520539	-0.00549710029736
-1.12223980082	-41.0	65.6902264712	-0.00113226508256	-0.000305518129608	0.00901361182332
9.74951480681	-41.0	56.7337988016	0.00804713834077	-0.00221567088738	0.00138422555756
9.32368402480	-41.0	56.3648253686	0.00772983208299	-0.00231893337332	0.00107432645746
10.2570807306	-41.0	55.9218059284	0.00841143168509	-0.00237677036785	0.000702139805071
10.2259648841	-41.0	57.1195168531	0.00840107351542	-0.00210839905776	0.00170399574563
3.90258434170	-41.0	62.7191866171	0.00325067481026	-0.0010610872414	0.00660661794245
6.01545350496	-41.0	62.4343283491	0.00500219268724	-0.00102422072086	0.0062668803148
-11.6440838588	-41.0	53.3496960415	-0.00962861068547	-0.00296200136654	-0.00134554470424
6.51819627186	-41.0	45.6423773396	0.00490398332477	-0.00459160935134	-0.00731137162074
-3.65216638461	-41.0	47.9072852493	-0.00324006122537	-0.00431514158845	-0.00598366325721
-3.51121188201	-41.0	46.8653292788	-0.0030707702972	-0.00452233990654	-0.0067321266979
-4.90930298738	-41.0	45.9829682528	-0.00414970703423	-0.00470096711069	-0.00731312902644
-8.44145825766	-41.0	49.6398138401	-0.0071238912642	-0.00386814353988	-0.00441399728879
4.30024153637	-41.0	65.7197555587	0.00345735484734	-0.000200539274374	0.00892454106361
2.39432614298	-41.0	59.8031064179	0.00213766261004	-0.00214244425297	0.00429491233081
-4.84025210379	-41.0	57.7484107987	-0.00466706417501	-0.00245456025004	0.00229526101612
-10.7350348409	-41.0	54.9434740090	-0.00899682287127	-0.00262882234529	-9.08481306396e-05
-7.54228094942	-41.0	57.2879813851	-0.00671245809644	-0.00227883388288	0.00185511715245
-6.62618198658	-41.0	52.0008672259	-0.00587342819199	-0.00344447675161	-0.0026681588497
-8.52028662362	-41.0	56.6349748364	-0.0074242153205	-0.00235931342468	0.00129386154003
-0.853892615311	-41.0	54.1666825575	-0.00104969111271	-0.00366456969641	-0.00129495980218
-3.65525804079	-41.0	44.7153553402	-0.00307904044166	-0.00498105306178	-0.00824444554746
-8.14904548480	-41.0	51.8689264912	-0.00701940292493	-0.00340127991512	-0.00267578684725
-3.45773602250	-41.0	53.4568859420	-0.00342288753018	-0.00344970077276	-0.00171993358526
9.43119977480	-41.0	53.7168481206	0.00773358158767	-0.00289153354242	-0.00113821297418
6.04705008098	-41.0	56.0490228127	0.00528352754191	-0.0026471579913	0.000758584879804
-3.51231955755	-41.0	58.1366319558	-0.00357902958058	-0.00255633797497	0.00269947806373
-2.90091301994	-41.0	65.9532118771	-0.00263963849284	-0.000227011143579	0.00918439216912
-1.29191428426	-41.0	59.7789843715	-0.00145450094715	-0.00227898661979	0.00434257602319
-4.91882483462	-41.0	55.4250538000	-0.00472470978275	-0.00295633007772	0.000146402337123
3.69874176424	-41.0	52.6932591219	0.00322599359788	-0.00348895322531	-0.00232117180713
4.49812901139	-41.0	51.5416527218	0.00380262290128	-0.0035945000127	-0.00317214708775
2.84451939512	-41.0	52.7648334042	0.00249284901656	-0.00355969602242	-0.00233915844001
-9.34443676997	-41.0	52.7724559789	-0.00793955661356	-0.00316255376674	-0.00188726501074
-8.04558425214	-41.0	57.4841199911	-0.00708111701533	-0.00219758437015	0.00201911758631
-5.25413460067	-41.0	51.3574621588	-0.00475799432024	-0.00363657344133	-0.00328760198317
-3.18605987060	-41.0	58.5960360240	-0.00327483308502	-0.00247086491436	0.00314975972287
7.39482730864	-41.0	64.0312242766	0.00601949729025	-0.000543809786905	0.00748444674537
-8.49456415621	-41.0	52.3712977356	-0.00729882949963	-0.00328150880523	-0.00225222297013
6.04128607436	-41.0	52.1492900170	0.00508362101391	-0.00338881509379	-0.00257200747728
10.7236586912	-41.0	56.3972486788	0.00876281876117	-0.00225380714983	0.00109614932444
4.32119152821	-41.0	63.1911255842	0.00357475806959	-0.000901713152416	0.00695787044242
-1.03233329948	-41.0	43.8143870925	-0.000935781456064	-0.00516740279272	-0.00887661147863
-10.7342080906	-41.0	61.1753725747	-0.00906582549214	-0.00123605516274	0.00497483601794
1.76703189187	-41.0	49.4621937987	0.00136249454226	-0.00403912412003	-0.00491018593311
-7.05890075168	-41.0	58.8620207249	-0.00632972177118	-0.0019436738221	0.00322448089719
6.04455027806	-41.0	45.9014434696	0.00457979971543	-0.00456760264933	-0.00713269831613
-1.07448689648	-41.0	68.1303392050	-0.00105643377174	0.000330631155521	0.0108765466139
1.33906928367	-41.0	66.7115844471	0.00097026192816	-7.35226240067e-06	0.00977333728224
-7.80978958609	-41.0	52.9245657288	-0.00681377062574	-0.00319708837196	-0.00183969072532
0.0811385861061	-41.0	66.1238477201	-9.88442407106e-05	-0.000181198818609	0.00934376753867
9.77542037206	-41.0	62.2962675170	0.00795279908925	-0.000905842229258	0.00600262405351
-7.07526154378	-41.0	53.4194227320	-0.00628653215244	-0.00313899270259	-0.00147307431325
-7.29875899394	-41.0	52.9626524484	-0.00643365737051	-0.00321710994467	-0.00183823530097
11.1823833865	-41.0	56.7451682534	0.00910614430904	-0.00216147932224	0.00138041842729
12.2873686860	-41.0	56.6754963241	0.0099257864058	-0.00215250975452	0.00130376359448
7.87509277965	-41.0	54.7361306979	0.00662309676409	-0.00275919656269	-0.000327062531142
8.24697768063	-41.0	55.0835586146	0.0069102360867	-0.00266130943783	-2.26136253332e-05
-9.61860998103	-41.0	58.8307208654	-0.00823339167982	-0.001802546205	0.00311121414416
3.73834266017	-41.0	65.2843759842	0.00300392741337	-0.0003362102143	0.00861149188131
-7.45987488537	-41.0	63.3441351513	-0.00648455135524	-0.000807330070529	0.00692473398522
-9.59459909483	-41.0	53.7758477046	-0.00815085321665	-0.00293334480375	-0.00106428551953
9.21731577034	-41.0	51.6832864128	0.00745791522786	-0.00332949054427	-0.00279502966441
7.81758518569	-41.0	51.2917941225	0.00638301623985	-0.00345904706046	-0.00315400864929
9.36377007033	-41.0	52.1898170900	0.00759994518012	-0.00321819726378	-0.00238492339849
-2.13316156967	-41.0	52.7202521755	-0.00219981418923	-0.00364859146066	-0.00244810036384
-9.16909756038	-41.0	64.1257663186	-0.00781871564686	-0.000586446316447	0.00745479343459
-9.96768371317	-41.0	56.3631214110	-0.0084658768028	-0.00234447303228	0.0010640687542
-11.2145763725	-41.0	57.7651495377	-0.00939354021102	-0.00197929749265	0.00217986595817
-10.3422854991	-41.0	57.1579636494	-0.00874813459814	-0.00214981287718	0.00171230128035
0.744298017909	-41.0	51.6869022580	0.000516709813382	-0.00378852081485	-0.0033204194624
-5.45959736741	-41.0	52.7846331497	-0.00501283723861	-0.00337223662063	-0.00211507035419
-2.15532900283	-41.0	53.2833720933	-0.00225624162704	-0.00359898828901	-0.00197995011695
-10.2311797256	-41.0	50.5488178591	-0.00850709155202	-0.00363431125879	-0.00361745012924
7.07263059827	-41.0	49.7697999230	0.00569513160735	-0.00378585630096	-0.00436109770089
-10.5385304176	-41.0	52.8816692524	-0.00881422217935	-0.00310000358149	-0.00175272696652
1.22834436034	-41.0	49.7411705614	0.00090323400218	-0.00401123892516	-0.00473390845582
-3.16464091271	-41.0	59.4753725286	-0.0031943495851	-0.00218707183376	0.00395671697333
-3.75948311341	-41.0	60.2840227937	-0.00364443939179	-0.00185895978939	0.00462470855564
-3.82320021051	-41.0	61.1382669831	-0.00364007870667	-0.00158663454931	0.00534200062975
-3.68485448645	-41.0	59.4708377254	-0.00363897904754	-0.00212348182686	0.00391867943108
-4.30519144707	-41.0	60.2670796391	-0.0041012596339	-0.00181184778921	0.00457473332062
7.32517730669	-41.0	47.1242969531	0.00564279500395	-0.00430625723675	-0.00628847489133
-12.0568618075	-41.0	58.3660729142	-0.0100247403607	-0.00181949615944	0.0026232956443
-3.74973518518	-41.0	66.6449711043	-0.00333456555381	-4.22908706241e-05	0.00969492830336
-6.55520276699	-41.0	61.3356537673	-0.00584841798991	-0.00135073135607	0.00534006161615
6.36152701766	-41.0	62.8920407344	0.00525386212394	-0.000883685890585	0.00661870744079
-3.05235112063	-41.0	53.7442109495	-0.00309384195134	-0.00346087757498	-0.00150776503142
-6.16047027291	-41.0	49.1344732749	-0.00533540872857	-0.0040259254165	-0.00493775727227
-5.61016854017	-41.0	48.5350687296	-0.00486217066646	-0.00415893550962	-0.00542089156806
-6.60398992495	-41.0	49.7237151365	-0.00571967521682	-0.00389518588781	-0.0044603748247
-7.47493723566	-41.0	46.9468487003	-0.00622284086421	-0.00447410997003	-0.00650758203119
10.0538375732	-41.0	54.4865545097	0.00822339579463	-0.00270114187151	-0.000492929888424
-6.73134885187	-41.0	54.0182333831	-0.00605393340811	-0.00304378545843	-0.0009891979862
4.45989549849	-41.0	50.9346587045	0.00372475991026	-0.00369386584498	-0.0036439569667
-1.66518072998	-41.0	45.9027498164	-0.00151718512643	-0.0047202934511	-0.00744134746492
-1.15405888465	-41.0	51.7461980029	-0.00125175027642	-0.00378345325589	-0.00327018578537
10.7637974769	-41.0	60.7809731594	0.00875723268837	-0.00124177732505	0.00473169703037
6.52269549160	-41.0	59.0087353164	0.00559216365218	-0.00189849641174	0.00337681057863
-7.39685153098	-41.0	55.5262125083	-0.00659228255972	-0.00268081668764	0.000330936629325
-6.73090585432	-41.0	45.8355507578	-0.00557596422732	-0.00472815474495	-0.007358671166
-9.88311925656	-41.0	60.7152431809	-0.00842249952257	-0.00136144051794	0.00464838510379
-5.74402574245	-41.0	64.6711439159	-0.0050517693162	-0.000517174194101	0.0080756386742
-5.22982547606	-41.0	63.9404053130	-0.0046589653939	-0.000719453266356	0.00752390921116
-5.28090277806	-41.0	64.9638600385	-0.00466055748984	-0.000451741187135	0.0083283893764
-6.20714870685	-41.0	64.3784277933	-0.00544044980779	-0.00058116047876	0.00782038737088
7.56486910069	-41.0	56.4018929684	0.00642769830301	-0.00242437026463	0.0010958322091
1.65338236973	-41.0	56.7692543281	0.00159703032114	-0.00328911165707	0.00136097008362
1.57791841061	-41.0	54.9863902583	0.00147045322228	-0.00354417250492	-0.000482613540953
4.64943749116	-41.0	55.4338347467	0.00418535247445	-0.00295344670303	0.000147895159898
1.99740736342	-41.0	53.4324585514	0.00177325052209	-0.00358290830627	-0.00185645592865
0.262568852864	-41.0	54.8797784583	0.000105611616164	-0.00368022057228	-0.000642537837848
2.91459898061	-41.0	56.8811546535	0.00277399620973	-0.00298421084881	0.00148308614735
5.93091025164	-41.0	54.9732294129	0.00516618601978	-0.00287886266597	-0.00019963424711
-0.654622764327	-41.0	51.4310823562	-0.000782666611485	-0.0038232114166	-0.00352266407572
4.63446404910	-41.0	56.0764052641	0.00419086124748	-0.00283104204573	0.000741210998967
3.30019361560	-41.0	55.3871092136	0.00307580083609	-0.00318701658398	2.4640794436e-05
0.639974612261	-41.0	53.9447577173	0.000477799942018	-0.00367551855743	-0.00149781687651
1.57080807319	-41.0	54.3903393932	0.00142902927473	-0.00357737997547	-0.00104602135252
0.292532755546	-41.0	51.9172967210	9.85132937785e-05	-0.00377838406712	-0.00315561168827
1.990297026	-41.0	52.8364076864	0.00172689778265	-0.0036281386856	-0.00235179299489
2.87193695611	-41.0	53.3048494631	0.0025583205279	-0.00350003130734	-0.00188841519412
0.307597958117	-41.0	55.4210298866	0.000160108218552	-0.00365945114754	-9.91376509774e-05
0.749340110786	-41.0	56.8617779142	0.000652096699923	-0.00341806095093	0.00145805464126
4.64232715374	-41.0	54.8377838816	0.00415336247534	-0.00306076463312	-0.000393915368477
2.95202610193	-41.0	56.3114585204	0.00280579598621	-0.00309869530611	0.000911889714189
1.60381312037	-41.0	55.4678901365	0.00151994463522	-0.0035025938414	-3.51932135345e-06
4.52554657238	-41.0	52.0816687808	0.0038669523783	-0.00350809376687	-0.00274326140061
2.00451770083	-41.0	54.0285094165	0.0018213216681	-0.00354228634387	-0.00133902369998
0.255458515447	-41.0	54.2837275932	9.08535512281e-05	-0.00368743855506	-0.00120408902876
0.890620718296	-41.0	58.5696945448	0.00076168961823	-0.00281149102375	0.00324569153599
-0.19168769458	-41.0	58.4938854144	-0.000377858668799	-0.00289065786637	0.00318624009378
-2.11549851749	-41.0	47.4076126465	-0.00194290804211	-0.00442276755348	-0.0063896807842
-1.11089960621	-41.0	47.3137049811	-0.00109920103569	-0.00444065500051	-0.00646904530004
-3.62374184969	-41.0	63.8075300791	-0.00332523114048	-0.000802225084044	0.00749730225652
-9.37502851364	-41.0	48.1604436852	-0.00774685805663	-0.0041865510866	-0.0055104563944
0.846320904842	-41.0	45.2651044460	0.000548082171008	-0.00482813920826	-0.00784616544843
-8.5051847635	-41.0	63.5432885713	-0.00730633642524	-0.000734456058126	0.00702510401607
-5.80858695173	-41.0	61.9907055074	-0.00522281089798	-0.00121752964333	0.00592311518267
7.12586871928	-41.0	58.5940665016	0.00606830650941	-0.00194969470613	0.00300149340183
4.28955181088	-41.0	53.7987135157	0.00380307761952	-0.00327198160812	-0.00133818166796
-10.2949161522	-41.0	60.9708519741	-0.00873279105872	-0.00129208271392	0.00483403215185
9.01432464657	-41.0	62.2009669363	0.00736822001636	-0.000951654685196	0.00595212727785
-6.77914062134	-41.0	55.5654349763	-0.00613772543147	-0.00272369314916	0.000346870481735
-6.36210286555	-41.0	54.6476498925	-0.00580079527572	-0.00294929626398	-0.000469424761832
-3.04231642565	-41.0	53.1870232275	-0.00304446415976	-0.0035243537277	-0.00198667962104
-0.606102793705	-41.0	54.9106306920	-0.000817003834527	-0.00366565515287	-0.000606224231888
-1.34740211599	-41.0	54.3524525499	-0.00155250506941	-0.00361668341793	-0.00110042397864
2.14282962982	-41.0	50.3083953503	0.00172258843668	-0.00390227790922	-0.00427940767258
2.81333345508	-41.0	64.4373850115	0.00225213030353	-0.000602960470133	0.00799679011106
5.74054474430	-41.0	53.4680771040	0.0049398727715	-0.00317670661025	-0.00150789215695
5.42693642435	-41.0	64.4164633753	0.00442445231602	-0.000513710372616	0.00786754861474
5.02813383180	-41.0	64.7864834556	0.00408421410248	-0.000428371044109	0.00817320030183
5.82573901691	-41.0	64.0464432951	0.00476439204067	-0.000597823294811	0.00755986804143
10.1295047007	-41.0	49.1351264310	0.0079303085804	-0.00385859352537	-0.00478352000937
1.55966244600	-41.0	51.5380923269	0.00126101705246	-0.00377361592837	-0.00339782284573
-2.74648960559	-41.0	50.9797490265	-0.00264165434055	-0.00381798739545	-0.0037711460609
-0.201178652926	-41.0	65.3726854404	-0.000345371285221	-0.000391156063415	0.00877468567342
-1.19091273922	-41.0	56.1557312162	-0.00146366271656	-0.0035008105915	0.000694336777087
7.73245192732	-41.0	63.1789291599	0.00632522068918	-0.000751153798774	0.00679094856605
1.87707983328	-41.0	52.3095331453	0.00159035797697	-0.00368130486459	-0.00278195156716
-1.63761513101	-41.0	52.0335884188	-0.00170842884108	-0.00373953441158	-0.00302647706121
-9.98546198375	-41.0	59.6501036010	-0.00850486662239	-0.00160149578005	0.00377029646188
-4.35121959303	-41.0	63.9369997762	-0.00393097195774	-0.000745562370867	0.00756517983973
-1.78363960048	-41.0	58.3710070474	-0.00201390590519	-0.00278169009835	0.0030120278243
-8.81882609742	-41.0	52.8251942223	-0.00755578605458	-0.00317141925916	-0.00186855474021
-8.09863420956	-41.0	59.2397186077	-0.00710136257112	-0.00178296328522	0.00350898248143
4.95540209378	-41.0	67.2468210120	0.0039656185545	0.000221729176701	0.0100753856823
-10.2658344608	-41.0	57.7054019629	-0.00870018452406	-0.00203013955615	0.00216283206828
-1.75322104226	-41.0	44.2103055084	-0.00152889778838	-0.00508457515389	-0.00860894937068
-6.70370300200	-41.0	61.8153399949	-0.00594435026869	-0.00121937994845	0.00572697632015
-7.85467649244	-41.0	62.9733468916	-0.00680910469964	-0.000887123227585	0.00660303747281
-8.39171868406	-41.0	58.4426782058	-0.0073300213553	-0.00195371033624	0.00282677495852
7.15639803620	-41.0	57.0120899541	0.00612290855497	-0.00232177251019	0.00162420794368
8.73173172768	-41.0	57.7276546583	0.00729126296937	-0.00204178504646	0.00223252084106
1.27176749097	-41.0	50.2722058439	0.000956081901677	-0.00393569841981	-0.00434934627265
3.11699553714	-41.0	59.2838197659	0.00282186199911	-0.00222940207459	0.00378448795527
2.63510754052	-41.0	58.8572028825	0.00242840615101	-0.00244817789644	0.00342526962049
3.83744809716	-41.0	59.5216137349	0.00341918435879	-0.00205494300462	0.00395071413368
3.30125558175	-41.0	51.0992841460	0.00276866345666	-0.0037355828099	-0.00361010991037
6.95193304044	-41.0	55.0791429177	0.00594444060698	-0.00275892531499	-6.42980012344e-05
7.90983373258	-41.0	46.8013165331	0.00603957939893	-0.0043656155467	-0.00652764737606
-2.51342018021	-41.0	58.0363448233	-0.00271650566719	-0.00276776100509	0.00264642667025
-4.05559626905	-41.0	50.6771730846	-0.00373501167633	-0.00380979129113	-0.00391079531983
-2.76829411679	-41.0	47.9197183213	-0.00250867730938	-0.0043224436231	-0.00600988138467
-2.42551392965	-41.0	48.3531605693	-0.00224028876983	-0.00424641510472	-0.0057132798247
-3.10213251443	-41.0	47.3770844261	-0.0027603036724	-0.00442330026999	-0.00638339854777
-2.25879768678	-41.0	49.6147646572	-0.0021517588757	-0.00403526471928	-0.00481167342514
-5.31715351783	-41.0	56.3473285212	-0.00505049293861	-0.00271586375311	0.00100455922075
-5.79415861419	-41.0	55.9197928147	-0.00540765514597	-0.00274859997444	0.00062965095276
-5.01513487321	-41.0	56.8820597519	-0.00481891259551	-0.00263817235827	0.00149242416956
-0.334847554421	-41.0	44.5775646755	-0.000395419250708	-0.00499072764069	-0.0083424821496
9.04080572393	-41.0	63.0962427521	0.00735218822956	-0.000729973835405	0.00667592417449
4.38325088930	-41.0	50.3832350816	0.00362057192251	-0.00378818321042	-0.00406644120812
12.2608394767	-41.0	55.2982534361	0.00987603701651	-0.0024639244657	0.000169090475538
4.12202771919	-41.0	48.4980868049	0.00327664380893	-0.00412462465465	-0.005452608224
3.77101453840	-41.0	48.8454954831	0.00301392260008	-0.00407490786165	-0.00522972177714
-4.10187362048	-41.0	64.7174777409	-0.00369056267664	-0.000539890024811	0.00818772148341
5.84325909016	-41.0	51.6791304688	0.0048931511119	-0.00348533177748	-0.00296085700393
11.1635956310	-41.0	53.3433493532	0.00899135693908	-0.00292070885189	-0.00142610655166
-6.27028491389	-41.0	51.1856369677	-0.00554970186204	-0.00361912231892	-0.0033458720427
-6.30597302925	-41.0	62.1394098474	-0.00561411585659	-0.00115403090604	0.00601544743404
-6.69778084952	-41.0	66.3009149827	-0.00578151782975	-0.000101669669675	0.0093151666224
4.52971431209	-41.0	54.2516466682	0.00402917154133	-0.00317268073559	-0.00092358305119
-7.91816259705	-41.0	48.3524110716	-0.00665043946356	-0.00415797578171	-0.00542901316658
-2.47464969518	-41.0	46.9595984741	-0.00222350168042	-0.00450824433938	-0.0066954405047
-0.451074137458	-41.0	46.8297854337	-0.000537530169822	-0.00452887453139	-0.00680263852701
-8.60752508648	-41.0	47.2156475344	-0.00710902735591	-0.00440694252029	-0.00626081461087
-7.38730342615	-41.0	48.5289924834	-0.00625313119963	-0.00412743352354	-0.0053230188787
-4.06186180673	-41.0	62.5081173476	-0.00375877204351	-0.00116039183922	0.00644550053403
-6.92547768113	-41.0	48.7175406126	-0.00590733997524	-0.00409543607384	-0.00520637724549
-4.60619146085	-41.0	67.3112500264	-0.00403209310025	0.000127725870698	0.0101862838492
-8.61510100596	-41.0	59.4227479796	-0.00748440762982	-0.00171172490809	0.00364226964302
-2.69551535489	-41.0	54.5234745025	-0.00283391331322	-0.0034250614699	-0.000840538414195
-2.42293701201	-41.0	44.8858330839	-0.00209558848292	-0.00493927625939	-0.00813963729888
8.21999188109	-41.0	61.2991452659	0.00679344357923	-0.00120647717267	0.00524403434247
6.77065488479	-41.0	61.3561583310	0.00566347595304	-0.00126909441315	0.00535094970837
6.89531969536	-41.0	60.1201049477	0.00582682108507	-0.00158319831826	0.00431390991434
-4.17691593436	-41.0	66.9735754901	-0.00368291605264	4.25583966717e-05	0.00993696879596
-10.6797193799	-41.0	51.9832987822	-0.00889116432518	-0.00330027472228	-0.00246413704008
2.68572284053	-41.0	50.5604780784	0.00220633368008	-0.00384389446117	-0.00405942369252
-1.03088986141	-41.0	62.5419152922	-0.00111095432658	-0.00125803577248	0.00660095270723
10.3998883071	-41.0	52.3146278033	0.00837282929569	-0.00316286995076	-0.00226609548554
-6.22112700096	-41.0	47.1834098760	-0.00526087498292	-0.00443220604211	-0.00638775387779
-6.72160084556	-41.0	46.4153888289	-0.00560476956889	-0.00459738913924	-0.00693200249225
-7.53249513286	-41.0	46.4019982988	-0.00623340671882	-0.00459703616798	-0.00691179605201
-1.42719528340	-41.0	54.7998247821	-0.00165512319654	-0.00358780194074	-0.000676249735989
-12.1591266801	-41.0	55.1384095340	-0.010029444471	-0.00252399477176	7.54416323616e-05
-8.30779550527	-41.0	52.8632809419	-0.00718054687604	-0.00318557629362	-0.00186294468585
-9.22629015947	-41.0	62.6601375594	-0.00789070315659	-0.000927385117393	0.00626986846328
8.64129725246	-41.0	47.5140982483	0.00666188215837	-0.00421636318788	-0.00601223763078
7.98898911321	-41.0	64.2482037322	0.00647959113121	-0.000469870836241	0.00763533776626
8.58642660764	-41.0	64.5034565198	0.00694008497521	-0.000389943132177	0.00781767815351
-5.86561876521	-41.0	50.8120487867	-0.0052089439705	-0.00370792881586	-0.00366974924691
-7.27692462839	-41.0	50.3237410042	-0.00627626245841	-0.0037527247332	-0.00395239656791
-9.44045927225	-41.0	56.6041941250	-0.00808906834573	-0.00231549679302	0.00126622535754
8.49160125833	-41.0	48.0871178366	0.00661101331934	-0.0040971566923	-0.0055854069069
-9.68741625999	-41.0	63.4638709631	-0.00823754630983	-0.000732390501071	0.00689178612083
9.49587791828	-41.0	60.6393325547	0.00779610034078	-0.00131456751842	0.0046555660665
-1.10034415044	-41.0	45.7187278030	-0.00104828830808	-0.00475524645299	-0.00756890419871
-2.72766716612	-41.0	46.3925631232	-0.00240759225562	-0.00462133996189	-0.00708648841828
-0.740231515729	-41.0	46.4523906173	-0.000770200858824	-0.00460453052074	-0.00706384750083
-6.09302649442	-41.0	52.1750394920	-0.00547154992819	-0.00344100175425	-0.00256615364924
-5.01378762933	-41.0	58.2561277049	-0.00478493189439	-0.00230087037198	0.00275567895733
0.501231718589	-41.0	66.2600302152	0.000259675725829	-0.000139956799103	0.00944330822676
-0.0562332280662	-41.0	49.5026990076	-0.000226652002311	-0.00406586751342	-0.00493335258216
-2.17321845285	-41.0	53.7821872610	-0.00230645784177	-0.00355848483741	-0.00155032612383
1.83322245949	-41.0	59.7190171554	0.00162449653726	-0.00223808852024	0.00425739400089
1.72011992025	-41.0	57.7271743732	0.00163979595527	-0.00300524011254	0.0023669002112
-6.06275824093	-41.0	56.6925641990	-0.00561640830711	-0.00255080265924	0.00132908241358
-4.37935248391	-41.0	57.6067101869	-0.00430785352364	-0.0025582711678	0.00217227777466
-0.67891692024	-41.0	58.4521502111	-0.000893098826054	-0.00288551626727	0.00313675263897
-0.77758238369	-41.0	65.7857282081	-0.000835881801322	-0.000278723920928	0.00908828992397
-3.03218195504	-41.0	51.9052877462	-0.00294647319242	-0.00367939868011	-0.00303320749663
1.23171096223	-41.0	62.1410954303	0.000945939624216	-0.00137676100712	0.00627647014335
-0.555688442411	-41.0	43.8188054960	-0.000553319521714	-0.00516152661294	-0.00886641256511
4.65081137354	-41.0	65.2132455010	0.00376003561541	-0.000325893692207	0.0085198553279
11.9793609992	-41.0	57.5206692824	0.00970516446978	-0.00196648738347	0.00200848188251
-2.18132092804	-41.0	57.5018350430	-0.00243551377207	-0.00299905682914	0.00212097773328
-7.23319548047	-41.0	62.4210566368	-0.00633788807318	-0.00104356766678	0.00619119452313
-5.98032258752	-41.0	50.3367506973	-0.00526932766661	-0.00379411643371	-0.00403105933219
3.75352452648	-41.0	46.4704528920	0.00287683983333	-0.00451911054552	-0.00688109640032
-7.90625518674	-41.0	57.0312316100	-0.00697939004749	-0.00231052143499	0.001632338739
-2.20385149266	-41.0	46.1167127414	-0.00196680589579	-0.00467778556049	-0.00728797772899
-9.65755454803	-41.0	51.6398537867	-0.00812830589712	-0.00340166292153	-0.00278005516157
7.46344226529	-41.0	54.4044189015	0.006303248927	-0.0028565574903	-0.000622416788246
-1.42619168899	-41.0	61.8806187337	-0.00148797698785	-0.0014755462762	0.00607142644003
-2.21113900559	-41.0	60.3403975012	-0.00228305812925	-0.00198594480753	0.00477452995256
4.57920600169	-41.0	52.6166912517	0.00395220052451	-0.00342107121833	-0.00230636959895
-7.80406377177	-41.0	58.3853873907	-0.00689593888819	-0.00200431677513	0.00279379682615
2.88697217817	-41.0	60.7843812503	0.00250455038622	-0.00174542679451	0.00509886164218
5.56902928023	-41.0	48.1111004527	0.00439423229545	-0.00415081251413	-0.00563733419403
-0.661657516671	-41.0	56.796875544	-0.000903016654775	-0.00344799901359	0.00138571043499
-3.86499764848	-41.0	62.0158130856	-0.0036207428202	-0.00131625577342	0.00605959212407
-6.30877048941	-41.0	65.3864953429	-0.00548909325153	-0.000328034191625	0.00861248839647
5.44014734558	-41.0	59.8847866198	0.00469998968765	-0.0017684744671	0.00417802855372
-10.7788202504	-41.0	55.4286864031	-0.00903575308621	-0.00251820264384	0.000301282969303
-7.34706283636	-41.0	54.6101155561	-0.00653308350593	-0.00287775974721	-0.000455259461887
-1.27297319451	-41.0	58.8779490493	-0.00148322817404	-0.00265243276954	0.00352643895894
-3.42167360526	-41.0	48.3459694086	-0.00307277962565	-0.00423524808139	-0.00567834405228
-7.59231119988	-41.0	49.4059174689	-0.00646389694884	-0.00393621344119	-0.00464255409315
2.06387334759	-41.0	67.6776654228	0.00157846393995	0.000256488914602	0.0104934088886
-3.71326018225	-41.0	53.0036659869	-0.00360703119077	-0.0034836740233	-0.00208122166805
11.0191207084	-41.0	61.2308744391	0.00894134491682	-0.00113006005995	0.00509182177484
0.885974411412	-41.0	63.3591630780	0.000608469068538	-0.000981759512797	0.00722910882905
-8.07059038193	-41.0	49.2458430983	-0.00681992294267	-0.00396078871563	-0.00473830336705
-7.04531895796	-41.0	47.7358911189	-0.00593925453722	-0.00430363416672	-0.00593775697052
10.0373852998	-41.0	49.9976940387	0.00793762132525	-0.00367168523371	-0.00411229021847
-6.88426997860	-41.0	62.7503788549	-0.00604864303023	-0.000973436923232	0.00647853920236
-7.55225591261	-41.0	65.6520615260	-0.00649213185534	-0.000247770774877	0.00876124761999
2.27948042623	-41.0	64.4549502522	0.0017967435997	-0.000613892800175	0.00802978593856
-5.19973848410	-41.0	58.7742875736	-0.00490816682577	-0.0021414665971	0.0032155578956
0.792207259282	-41.0	53.1669804410	0.000604513217695	-0.00368940574117	-0.00215316005051
2.77852702421	-41.0	54.1269175370	0.00253832689486	-0.00342894718051	-0.00118407711852
0.119404832238	-41.0	52.6551397292	-6.03669323027e-05	-0.00373135460541	-0.00258300011046
-1.47602039498	-41.0	66.3630524638	-0.00142266240437	-0.000123877689475	0.00952332559973
12.1716770799	-41.0	54.3693645978	0.00977922044694	-0.00267408392392	-0.000592626747675
5.87537277378	-41.0	47.2518795068	0.00456046313047	-0.00430973200127	-0.00621999427676
5.21284409078	-41.0	46.5664961828	0.00400226935744	-0.00446191476658	-0.00671849166974
-4.11232830636	-41.0	48.7307265986	-0.00366386468522	-0.00415139971301	-0.00536347832531
-11.6551600099	-41.0	58.5395780805	-0.00973216723651	-0.00179484800901	0.00278394832276
-6.68604216463	-41.0	51.5411643633	-0.0058931116946	-0.00353109068237	-0.0030331320595
-9.24039912301	-41.0	55.3861162707	-0.00792788807303	-0.00259610405192	0.000251418532571
3.02276364775	-41.0	44.2081800117	0.002287148498	-0.00501342909411	-0.00846697483212
-1.90584003959	-41.0	49.1984885376	-0.00183133070823	-0.00410738959908	-0.00512581970543
-1.65332442991	-41.0	48.8139861671	-0.00160124059767	-0.00417324295267	-0.0054078954272
-10.2020311532	-41.0	58.2201385605	-0.00865929480642	-0.00191695708781	0.00258717639372
4.40639310294	-41.0	44.6048381893	0.00335170258768	-0.00488205254078	-0.0081059364602
-12.3534193785	-41.0	56.5507382133	-0.0101972045377	-0.00219517853111	0.00117457378656
-3.52142268520	-41.0	64.5528344307	-0.00320866634138	-0.000596416706685	0.00808292906731
-5.59747061858	-41.0	63.3213714414	-0.00498755183071	-0.000871580850799	0.00701143080369
9.39333742821	-41.0	58.9320022929	0.00776547379792	-0.00172550603747	0.00323770474643
7.85510932002	-41.0	59.2959689212	0.00659703835845	-0.00172374083195	0.00358326011337
0.351488337334	-41.0	57.1730610413	0.000215227904846	-0.003369896207	0.00180005142465
2.94523782556	-41.0	59.8550424208	0.00262649054639	-0.0020578764379	0.00430274708197
-9.00422707908	-41.0	54.5612697548	-0.00774150947109	-0.00278839701787	-0.000438001268776
-0.369506145	-41.0	47.7427325505	-0.000482789706439	-0.00435842899606	-0.00617144117132
11.9201344716	-41.0	53.0240224428	0.00953328143805	-0.00297880172729	-0.00168880214915
10.7604767830	-41.0	62.0170993916	0.00872183591127	-0.000949730107095	0.00574167678133
9.31466158031	-41.0	54.2213295181	0.00766929006204	-0.00278841378167	-0.000723114993889
11.8152174248	-41.0	59.5550086123	0.0095768366009	-0.00150375207886	0.00369148561731
5.11667199249	-41.0	49.6856938211	0.00416072364897	-0.00387503416277	-0.00453201448545
-4.18605758923	-41.0	51.1963176262	-0.0038772020489	-0.00371898291633	-0.0034991831053
8.31670516442	-41.0	58.5967976131	0.00696602510288	-0.00186300463974	0.00297817634419
11.4940080149	-41.0	60.1994052390	0.00932462979108	-0.00136107311118	0.00423114141449
3.10191751734	-41.0	63.9722934776	0.00251315487549	-0.000727856648155	0.00762637425214
5.75802332986	-41.0	57.9351943483	0.00504540605471	-0.00224808580242	0.00245073763654
2.11126114610	-41.0	66.3562820819	0.0016228784807	-8.74793331604e-05	0.00948523357511
-8.16551648507	-41.0	53.3140345776	-0.00709267985076	-0.00309768738225	-0.00150106893852
5.88855125695	-41.0	49.2898194816	0.00473936321214	-0.00391781888902	-0.00477544218302
-8.18389174862	-41.0	54.1544929805	-0.00713419774547	-0.00291954679415	-0.000804167008027
-8.80998847918	-41.0	55.0240274426	-0.00761070894077	-0.00269778748043	-5.84489134781e-05
-6.10369541351	-41.0	61.2652547142	-0.00549492845312	-0.00139488070272	0.00530764786527
-6.21442789876	-41.0	66.1730743200	-0.00538922473788	-0.000137102862936	0.0092361047864
-5.29054571140	-41.0	48.2052383811	-0.00458672037348	-0.00423136446625	-0.00568342022598
-10.7188190651	-41.0	60.6999816589	-0.00905448012054	-0.00134320743382	0.00458897277713
5.33190817300	-41.0	57.7015173151	0.00472303060815	-0.00235913065262	0.00224681734107
6.36996037322	-41.0	55.6920002706	0.00552208162844	-0.00268725864589	0.00045101964497
8.8100798271	-41.0	49.4760711893	0.00698035676032	-0.00380179309286	-0.00453197816387
-11.3630401848	-41.0	52.6127922439	-0.00940797012299	-0.00314072635956	-0.00193981546909
6.53372870088	-41.0	56.6863451422	0.00565604912117	-0.0024550545495	0.00133403821383
-3.86412074195	-41.0	56.6668809602	-0.00390989379957	-0.00287023419514	0.00127736118156
-7.80462375832	-41.0	47.6174626669	-0.00651850318536	-0.00432170554996	-0.00599035806954
-9.32845383133	-41.0	61.3124144062	-0.00799346063286	-0.00123973132577	0.00516736507416
9.57461292202	-41.0	55.3910484509	0.00789797864854	-0.00252266507596	0.000256355531747
0.256891420712	-41.0	47.6495463697	4.70195736852e-05	-0.00436942186207	-0.00622860575095
-8.72460398972	-41.0	62.5887838649	-0.00750158820301	-0.0009560957551	0.00624136067927
10.8074819397	-41.0	54.2537837119	0.00876895710826	-0.00272834091447	-0.000680683820974
-1.03467014897	-41.0	59.3272934637	-0.00122373667546	-0.00248671788722	0.00395273882896
-4.21721850887	-41.0	52.3636749869	-0.00398263568059	-0.003534354968	-0.00256575364619
-1.64856487022	-41.0	56.3638437391	-0.00193345663138	-0.0033853428904	0.000927030749153
-1.88779506259	-41.0	64.6187540094	-0.00181184604298	-0.000603434804361	0.00818415638059
-2.05623416645	-41.0	64.1875891215	-0.00196916749701	-0.00072654185351	0.00784890912473
-2.08103044076	-41.0	65.8018439401	-0.00194842380006	-0.000272727076663	0.00908616930246
0.732276084257	-41.0	65.2258332225	0.000457405403722	-0.000423532474088	0.00865515414625
3.90172672404	-41.0	49.3508286549	0.00315315602347	-0.00398272043094	-0.00485899625346
7.30918251726	-41.0	55.4412608588	0.00622227648273	-0.00265326164663	0.000259751774138
-9.22375717359	-41.0	50.7170137793	-0.00776675902307	-0.00361588108353	-0.00353140989318
-2.19331467700	-41.0	54.6251854942	-0.00238238461316	-0.00349091994576	-0.00078718631994
10.7007117858	-41.0	53.2342858383	0.00864521227777	-0.00295514357276	-0.00151679373812
11.0397900037	-41.0	52.8320266943	0.00887392181903	-0.00303597375751	-0.00184258201625
9.03034790844	-41.0	51.2704884150	0.00728975143284	-0.00342153268866	-0.00312844756991
12.0960209098	-41.0	53.8531542509	0.00970240868628	-0.0027909106575	-0.00101434625685
0.297231150601	-41.0	62.5895685387	9.06111163204e-05	-0.00124419073109	0.00664487015456
7.45986490572	-41.0	61.7358073608	0.00618287548423	-0.00113258382771	0.00563278142363
4.72703895839	-41.0	49.5833326533	0.00384042365476	-0.00390924839303	-0.00463327299803
0.103055984576	-41.0	61.8413895067	-8.28635966172e-05	-0.00150810997002	0.00606285594404
1.80023785160	-41.0	61.6044306985	0.00148230593186	-0.00153906375635	0.00582972401753
-9.86912492213	-41.0	57.3713107690	-0.00840784423053	-0.00212259357795	0.00189728511032
5.80656675542	-41.0	52.9905058111	0.00495985150337	-0.00325588742271	-0.00190210412256
1.99585601569	-41.0	46.9257766492	0.00148575671483	-0.004473968409	-0.00666956230998
8.70487253379	-41.0	53.0224029592	0.00716103101149	-0.00306904758327	-0.00172753306106
8.05722574246	-41.0	51.7794956487	0.00659882556647	-0.00335152051412	-0.00275683426298
7.24217118369	-41.0	53.1054458800	0.00607043039054	-0.00313102919608	-0.00171954766847
9.54716962163	-41.0	51.2839845380	0.00767443561926	-0.00340481218882	-0.00310559384525
10.5552843090	-41.0	50.8243913706	0.00838654581457	-0.00348457950167	-0.00345746008679
-2.59513229563	-41.0	50.0689152862	-0.00246247206815	-0.00395692139864	-0.0044627119787
6.02768564867	-41.0	48.8290242234	0.00481004966423	-0.00400016829371	-0.00510326446965
11.8815895725	-41.0	59.0229673720	0.0096314381808	-0.00162494869437	0.00325138145126
-6.41818967755	-41.0	63.1004931844	-0.00566161517054	-0.000900603306945	0.00678793527186
-9.33974817814	-41.0	58.0859673656	-0.00802741851658	-0.00198535923846	0.00250229495578
-9.50466087964	-41.0	63.8323033005	-0.00808849092573	-0.00064990518149	0.00719930138439
-6.64956738437	-41.0	58.7041999934	-0.00602513598278	-0.00201554270461	0.00310145202093
10.1695529266	-41.0	60.0184660815	0.00832479912788	-0.00143863458652	0.00412177667022
10.6040967978	-41.0	49.9946026796	0.00835715699941	-0.00366597645916	-0.00411256728694
-6.96466696232	-41.0	49.9723482654	-0.00601485138759	-0.00383421429433	-0.00424532592297
8.53671386410	-41.0	52.6258275986	0.007012904156	-0.00315856188536	-0.00205654581077
0.727639171407	-41.0	67.6672068184	0.000457190966699	0.000231465353863	0.0105111068115
5.72461686934	-41.0	60.3769588840	0.00489536579698	-0.0016070503043	0.00458365725353
5.68668717961	-41.0	45.1525995415	0.00429355027154	-0.00470927264541	-0.0076524335891
11.6531778175	-41.0	54.6826428584	0.00940742064267	-0.00261308788322	-0.00033014267683
4.53373333891	-41.0	64.0772945838	0.00370739609934	-0.000641835154966	0.00764266448095
1.37096609030	-41.0	68.1519386584	0.000999671057798	0.000363512634067	0.0108706941828
0.209803972003	-41.0	46.3158181354	1.72615418705e-05	-0.00462249154225	-0.00714607164264
3.99979856974	-41.0	46.7605352248	0.00308063277043	-0.00445536943153	-0.00666604470462
0.0592438579289	-41.0	59.3436509986	-0.000114530892461	-0.00251876353286	0.00398938078433
7.67050346756	-41.0	47.9025977887	0.00597952259704	-0.00414479291067	-0.00572631321847
4.28390123219	-41.0	60.3422818569	0.00373043050058	-0.00175140798092	0.00463505042717
-2.52188938956	-41.0	45.3574518495	-0.00219545513391	-0.00483762752265	-0.00781112257391
6.77369432214	-41.0	63.2791813749	0.00556229241192	-0.00076287338743	0.00691031245515
8.04383173317	-41.0	48.2321111768	0.00629136431962	-0.00407222984359	-0.00548066478223
4.87866641854	-41.0	60.1458226251	0.00423210859299	-0.00174982601311	0.0044318898581
-6.46136343197	-41.0	60.8581438595	-0.00579627137631	-0.00148022116628	0.00494804978371
-3.82290953736	-41.0	44.2830482582	-0.00319103966467	-0.00507908826694	-0.00854738615453
2.91751064939	-41.0	57.3200900282	0.00276695657521	-0.0028734318912	0.00192286144011
-0.997416305163	-41.0	63.3598521123	-0.00106382288504	-0.000991760403849	0.00723443878815
6.57830876852	-41.0	46.5147832790	0.00502629904076	-0.00443823821843	-0.00671126600355
-2.20309221392	-41.0	58.3528976302	-0.00241297809407	-0.00271793664433	0.00297227408737
-2.04844461149	-41.0	45.1271018656	-0.00180190056562	-0.00488528655842	-0.00797483418137
4.65376987308	-41.0	47.3303003663	0.00362244667485	-0.00432671047747	-0.00623182067648
5.41215865423	-41.0	57.3014412752	0.00479501020163	-0.0024454491213	0.00188208115287
7.39429680275	-41.0	46.1214932183	0.00558073958382	-0.00449701631442	-0.00700369197875
-3.62490792920	-41.0	61.5572205991	-0.00344483135268	-0.00147056416608	0.00570019520819
-2.94057622294	-41.0	59.8546202139	-0.00297073205002	-0.00208558584563	0.00430747214705
5.71899507783	-41.0	49.8745570257	0.00465338816866	-0.00381607492454	-0.00435377517715
-8.34400879078	-41.0	48.1848778691	-0.00696589844301	-0.00418995507061	-0.00553572596982
-4.00151932185	-41.0	50.2006949653	-0.00366006791592	-0.00389169272967	-0.00427744071931
5.09750599748	-41.0	60.6654457944	0.00437387870625	-0.00158002146054	0.00486067682505
-5.06774266395	-41.0	46.5379259385	-0.00430835783482	-0.00458035571501	-0.00690824305639
-8.90248393361	-41.0	57.3448898117	-0.00770595110953	-0.00217682030052	0.00189080077689
-2.91870532413	-41.0	64.4611796882	-0.00270055886358	-0.000633557036053	0.00803384184837
6.64624642177	-41.0	53.7832162822	0.00565668474883	-0.0030419069808	-0.0011859650258
9.66649456327	-41.0	53.2298184076	0.00788336899132	-0.00298685068265	-0.00153357221279
-6.35257402469	-41.0	53.0252205580	-0.00571986706927	-0.00326425232925	-0.00184830022044
-3.27813641139	-41.0	66.9074425264	-0.0029328733217	2.14789179154e-05	0.00990988127887
2.57186827357	-41.0	50.0085535267	0.00207808311097	-0.00392941758037	-0.00447192694992
1.56389480495	-41.0	64.0792620121	0.00118915177882	-0.000743908225559	0.00776453409344
8.26757707825	-41.0	53.1017954608	0.00684010237455	-0.00307346810587	-0.00167749507818
-8.26073472840	-41.0	46.9562545398	-0.00682808086276	-0.0044677965343	-0.0064697759226
-8.11237165906	-41.0	63.9179402299	-0.00698568066582	-0.000652967719361	0.00734860729426
-4.75796101749	-41.0	50.2677439252	-0.00428621238098	-0.00385241094045	-0.00417280197144
-0.211696314987	-41.0	63.1278280248	-0.000367446860764	-0.00106887333095	0.00706229871139
-4.65214856659	-41.0	49.5385098846	-0.00415396457538	-0.00398826412857	-0.00473200203851
6.68599145879	-41.0	54.3085719095	0.00571342837065	-0.00293656089343	-0.000737973023206
-0.897652382618	-41.0	49.4244190369	-0.000963195867371	-0.00407940847799	-0.00498689478263
11.8437455702	-41.0	52.5196951572	0.00944960210472	-0.00309238466434	-0.00209753355011
-4.11316703186	-41.0	59.4288508952	-0.00399874895811	-0.00208437955007	0.00385483400896
3.99857289945	-41.0	64.7624240328	0.00323655712418	-0.000471532315714	0.0081985052675
-8.00934070097	-41.0	61.3295336599	-0.00698083033785	-0.00128259661142	0.00525404885411
-10.8005429302	-41.0	53.2936889591	-0.00901473686099	-0.00299898674712	-0.00141437863931
7.95986516880	-41.0	61.6844336470	0.00657443935052	-0.00112168397754	0.005570393987
8.07070219983	-41.0	55.6088732158	0.00679264077917	-0.00256013474427	0.000420879048761
-10.4294604953	-41.0	56.1257756671	-0.00879490748048	-0.00237715756521	0.000867288967129
4.33876197117	-41.0	49.4046981870	0.00351342465729	-0.00395619217306	-0.00478990608826
5.17626306774	-41.0	63.4630427624	0.00426534470171	-0.000784471747465	0.00712969060987
0.481379748969	-41.0	65.6958554520	0.000241663306952	-0.000294606696116	0.00901522021741
3.88519335657	-41.0	50.1361605637	0.00319265061989	-0.00385263515636	-0.00428705103695
8.54965113355	-41.0	59.6018500330	0.00711250584573	-0.00160784902982	0.00382144609466
8.79129209078	-41.0	60.3196001748	0.00727098435163	-0.0014213945251	0.00441350508481
-3.22270302167	-41.0	50.9785477169	-0.00305191124789	-0.00379829737358	-0.00373999099247
6.70730096791	-41.0	53.2289214701	0.00567125249654	-0.00314330402762	-0.00164638808928
-4.34431342536	-41.0	58.9991114638	-0.00421487772837	-0.00218247901648	0.00345714017749
-4.31988876328	-41.0	48.2354524531	-0.00380496191792	-0.00424201739952	-0.00571401556954
-11.3508692230	-41.0	58.9308887912	-0.00951400958002	-0.00171888782643	0.00311593268998
3.93242245872	-41.0	47.1661400276	0.00304748583585	-0.00437851296738	-0.00639203982428
-5.68845833511	-41.0	62.9654013536	-0.00507805915549	-0.00096259341808	0.00672077946365
7.17652129573	-41.0	59.7397702456	0.006061705295	-0.00166004674975	0.00398135045543
10.3588052280	-41.0	53.6752078406	0.00841468665749	-0.00286806654185	-0.00115884351544
1.60727085464	-41.0	67.6862290172	0.00119630340487	0.000250053446507	0.0105102388188
2.55156165844	-41.0	63.2820582639	0.00206960365176	-0.000955224735662	0.00711534358561
4.55473012213	-41.0	53.5091095619	0.00399897713214	-0.00328617240302	-0.00156418117695
12.0733526292	-41.0	53.4285273845	0.00966646242887	-0.00288628530689	-0.00136080617085
2.77773022403	-41.0	54.5874086874	0.00257106125355	-0.0033816199284	-0.000766686280258
3.50222643499	-41.0	53.9832341467	0.00315849343315	-0.00334537611343	-0.00124608457554
0.132810433705	-41.0	53.1820833572	-4.39350878878e-05	-0.00370867457241	-0.00215696287341
0.783374875162	-41.0	52.6393383922	0.000579192943405	-0.00371585530229	-0.00258045783266
-6.97522772343	-41.0	61.3883529406	-0.00617571547627	-0.00131527590565	0.00535985594615
-8.21603727431	-41.0	62.5375004296	-0.00710589578375	-0.000982346129604	0.00622919294983
9.91912044035	-41.0	58.7740158305	0.00816195830703	-0.0017399127828	0.00309367361479
8.44500446356	-41.0	61.6699536718	0.00695068761706	-0.00110415893141	0.0055398796685
-0.295111084947	-41.0	60.8224091362	-0.000459714006865	-0.00189436716028	0.00524846790358
-0.62274052999	-41.0	61.3333491207	-0.000762402778491	-0.00169330951758	0.00565641978756
0.806463564745	-41.0	61.1416680385	0.000583962071687	-0.00175378483254	0.00549579923972
1.28837542205	-41.0	60.4482215864	0.00106567761395	-0.00199886085466	0.00491050025448
-3.37697303175	-41.0	51.5298716826	-0.00321867573075	-0.00371072697453	-0.00330178928562
4.68395406324	-41.0	48.1817313045	0.00370425800793	-0.00416435208172	-0.00563890160993
8.54836159036	-41.0	62.0949720860	0.00701197702438	-0.000994311179966	0.00588299194351
6.14623643829	-41.0	58.0955796845	0.00533844018355	-0.0021647894755	0.00258642877452
8.88958570832	-41.0	59.6368357038	0.00736837089062	-0.00158188119531	0.00384105322883
8.35453500080	-41.0	60.3043234605	0.00693881697953	-0.00144663243555	0.00441521592438
-12.2912594424	-41.0	56.1603426021	-0.0101432725787	-0.00228430517018	0.000871674157679
0.521931246012	-41.0	66.7135784499	0.000278819032246	-1.8511485905e-05	0.00978767685592
-8.06075559241	-41.0	60.0620458220	-0.00705505860969	-0.00158775493037	0.00420056376606
9.73256525443	-41.0	48.3712410749	0.00756239704788	-0.00402774196118	-0.00537072587758
0.394153290113	-41.0	45.2124466625	0.000182391057024	-0.00484573422	-0.00789444986731
-5.85377896707	-41.0	59.4421933244	-0.00538756186143	-0.00189762166701	0.00377435749397
-5.41061657442	-41.0	47.3662947849	-0.00463120639324	-0.00440201815218	-0.00629232963547
-4.90902854748	-41.0	47.7620065336	-0.0042538549751	-0.00432690419257	-0.00602854602039
-2.05822665737	-41.0	52.2963015641	-0.00210629194044	-0.00369314034469	-0.00279434537515
-5.17168696918	-41.0	52.3791092777	-0.00475884554908	-0.00346339703538	-0.00247245468199
-0.816325933673	-41.0	47.6723935039	-0.000859334424604	-0.00437351083383	-0.0062210727483
-11.0971901672	-41.0	61.3641900268	-0.00934226065874	-0.00118697748985	0.00510623771697
-0.270766939619	-41.0	56.1885915123	-0.000472220795928	-0.00358926015906	0.000716015929356
-12.0976532041	-41.0	57.9129635362	-0.0100439907983	-0.00191437953617	0.00225891638547
0.338442113625	-41.0	43.8330870187	0.000163163102116	-0.00514747947454	-0.00883678998798
2.05543757823	-41.0	56.4208018648	0.0019891934935	-0.00327614508569	0.000999271403998
1.27320471599	-41.0	63.4699245032	0.000948152679484	-0.000938226643484	0.00730531523004
-11.9433176821	-41.0	56.4859547062	-0.00989748630673	-0.00222907704301	0.00113474833779
-0.558713248489	-41.0	54.4608280273	-0.000756514025852	-0.00367704988457	-0.00103600765578
5.29439557295	-41.0	67.0042701304	0.00424328027293	0.000169318896951	0.0098776454106
-2.58364948161	-41.0	51.3142872481	-0.00251859356649	-0.00377946393564	-0.00352602172643
-3.72854795536	-41.0	63.5085128186	-0.00342721957713	-0.000884168373886	0.00725771253929
4.15239309390	-41.0	46.3700937401	0.00318202236667	-0.00452841818333	-0.00692286575213
0.611474054978	-41.0	64.7172839762	0.000355187425157	-0.000571867043618	0.008270396851
6.37832218496	-41.0	50.1489467721	0.00519129261374	-0.0037383986637	-0.00410932907835
-9.03903498592	-41.0	49.1809703940	-0.00754977902398	-0.0039593311958	-0.004738596268
-11.4947441793	-41.0	60.5893886980	-0.00964028760791	-0.00135175604373	0.00445296010002
-1.43419621674	-41.0	50.5009966884	-0.0014644152252	-0.00392059842125	-0.0041943830438
-7.18162944737	-41.0	60.0004004769	-0.00638808030635	-0.00165352621116	0.00418984610587
6.74116813088	-41.0	57.6628895568	0.00580213172361	-0.00220893253572	0.00219620997086
-3.41047252895	-41.0	65.8164385808	-0.00307302572764	-0.000258389278315	0.00906485691667
-7.84915143516	-41.0	55.5289226356	-0.00692303804681	-0.00264712818898	0.000344752130331
-5.92734179072	-41.0	54.5823250195	-0.0054693557322	-0.00300251482986	-0.000549945689272
5.98970160261	-41.0	60.8723438572	0.00507526611909	-0.00145068170968	0.00498679559678
-1.78647968017	-41.0	54.4749920412	-0.00198784959503	-0.0035586883314	-0.000957910087891
-10.7503722620	-41.0	54.5024659378	-0.0090010613203	-0.0027273024898	-0.000445956306066
-5.49920029238	-41.0	50.4270227584	-0.00489358929917	-0.00379503215663	-0.00399616500363
-10.0204600203	-41.0	58.6317239525	-0.0085290344432	-0.00183129671495	0.00293194735423
-2.50465308408	-41.0	67.9933851237	-0.00226118066348	0.000291383417789	0.0107608446851
9.41813208071	-41.0	48.6584288354	0.00735711120069	-0.00396769214422	-0.00515101617202
-4.24320432590	-41.0	62.9388029006	-0.0038880771026	-0.00102816685103	0.00678018899634
-3.84520764165	-41.0	45.1270576400	-0.00325210765004	-0.00488991430029	-0.00795068964362
-3.68382924138	-41.0	48.7049162912	-0.00330919236876	-0.0041644917801	-0.00540541484952
-8.59266606673	-41.0	62.0572843908	-0.00741194840521	-0.00108628591988	0.00581701891497
-1.82726480354	-41.0	59.2327130764	-0.00200083479285	-0.00244513014331	0.00382547499612
1.50215698670	-41.0	45.7995086725	0.00107553519774	-0.00470635993406	-0.00745987519622
3.32432063957	-41.0	65.3575666805	0.00265679252334	-0.000328651629388	0.00868361536413
1.15362030127	-41.0	51.5892644768	0.000891995441634	-0.00378479575738	-0.00337904295884
9.69774530773	-41.0	63.5801443513	0.00784609187394	-0.000595258723479	0.00704215001315
-10.7940113524	-41.0	56.9266643177	-0.00907172542065	-0.00218247366138	0.00151427823585
8.50435290174	-41.0	58.1855538141	0.0071152113378	-0.00194868107792	0.00262503908016
-0.29597740037	-41.0	44.1672082571	-0.000353881390765	-0.00508063333109	-0.00862257555127
5.60259248240	-41.0	48.9800804302	0.00449016038328	-0.00398560287431	-0.00501651084051
1.79648686621	-41.0	43.8407752964	0.00132500182372	-0.00512253725901	-0.00878000631928
8.05509599927	-41.0	60.9697456147	0.00668115541339	-0.00129680661485	0.00497850077227
7.03954515260	-41.0	60.5856214799	0.00591485342011	-0.0014530767221	0.00469921715558
-3.52337980202	-41.0	54.3385131137	-0.00354054383934	-0.00332807260565	-0.000939148711041
-6.32713296185	-41.0	60.4867165206	-0.00570819992572	-0.00158583279699	0.00464353570715
-5.98447366213	-41.0	60.3590645783	-0.00544573925436	-0.00164384883828	0.00455418461934
-5.79469123803	-41.0	61.5664997243	-0.00523334788159	-0.00133235473186	0.00557526852936
5.35429672491	-41.0	51.5343180412	0.00449457811192	-0.00354067934677	-0.00311057665385
-6.29219807504	-41.0	47.6973050316	-0.00534878205508	-0.00432133954018	-0.00600474746898
-9.95951970049	-41.0	63.0898621516	-0.00845520757139	-0.000814376515336	0.00657370034605
2.63766638306	-41.0	51.1059042042	0.00219716690481	-0.00377149763517	-0.00365520478226
-4.38278766452	-41.0	62.0743669039	-0.00405181478709	-0.00127043831162	0.00607649004087
-3.18309272095	-41.0	54.6049102494	-0.0032674104441	-0.00334239006042	-0.000725049816538
-4.66177449733	-41.0	51.2981417819	-0.0042752479203	-0.00367769296281	-0.00338160432875
2.55362579696	-41.0	60.2989217565	0.00224416004494	-0.00194609386381	0.00471187895164
9.14349809826	-41.0	50.8992184973	0.00734623847529	-0.0034962114878	-0.00341895199381
-8.77396915182	-41.0	56.9487942196	-0.00761041836813	-0.00227370788343	0.00155844923574
1.24276827862	-41.0	66.2504474485	0.000889668648597	-0.000132160581416	0.00942466314882
-1.11145912897	-41.0	66.0461583651	-0.00111750070937	-0.000208443962038	0.00928475800902
6.82368731507	-41.0	49.3800678247	0.00547146657482	-0.00386959197931	-0.00466335238889
-10.2011911379	-41.0	49.3681001223	-0.00843062531203	-0.0039037053939	-0.00454357964918
-4.34754527024	-41.0	56.4252458730	-0.00429698359221	-0.00284008355811	0.00105522456579
5.02000211016	-41.0	49.3059809906	0.00405443599448	-0.0039469441399	-0.00481584202498
-1.48762788002	-41.0	44.6077970120	-0.00132870010566	-0.00499463779852	-0.00833360292017
7.96994314529	-41.0	56.4285644278	0.0067290533334	-0.00238753366284	0.00112258340232
9.24484337095	-41.0	58.0616826328	0.00766918063164	-0.00193626584951	0.00250850920565
-11.2134193555	-41.0	50.9444263853	-0.00924767367542	-0.00353003991768	-0.00326883490197
2.39459863371	-41.0	47.5189773740	0.00182571867481	-0.00435339845717	-0.00624141376466
-3.94578019026	-41.0	63.7634359862	-0.00359886535443	-0.000805390707683	0.00744794774801
7.71874453100	-41.0	65.6675235602	0.00621327431872	-0.000112312642159	0.00876406952739
10.6003546634	-41.0	59.2161879084	0.00866548810154	-0.00161268678494	0.00344534823671
2.10097577148	-41.0	49.8613769132	0.00166604900733	-0.00396849727258	-0.00460649747401
-0.0972534528656	-41.0	68.3381066450	-0.000231739395531	0.000390231143683	0.0110327070579
-10.7472044480	-41.0	60.1669482406	-0.00907509494573	-0.00146197318099	0.00415324093774
11.7165037351	-41.0	52.0629992931	0.00932869780809	-0.00319576566108	-0.00246590282768
-10.5651607374	-41.0	50.6812388778	-0.00875961501151	-0.00359921320342	-0.00349975400604
5.67079406062	-41.0	61.9678988030	0.0047527034767	-0.00117168715224	0.00590630201623
-11.0375787182	-41.0	53.6323140062	-0.00919381901622	-0.00291454512626	-0.00113672739826
-0.641656983565	-41.0	67.7639839785	-0.000696300528944	0.000241850633756	0.0105958450586
-3.39485528880	-41.0	65.3449777427	-0.00307436753064	-0.000383471866371	0.00870120897889
-3.02499360448	-41.0	65.2289360157	-0.00276550510898	-0.000419572053943	0.00862331222743
-11.2339779658	-41.0	52.1103983184	-0.00930040050298	-0.00325980503112	-0.00234353542328
-6.78326259139	-41.0	65.5579704725	-0.00587064400315	-0.000279518630123	0.00872491952032
1.86180515316	-41.0	64.4299634014	0.00143904238939	-0.000632333976682	0.00802409555763
-8.04503074818	-41.0	62.0897446121	-0.00698558660224	-0.00109621719457	0.00587476044893
10.4459728727	-41.0	55.4230851395	0.00853992626071	-0.00248092412949	0.000286378286546
-2.91640719822	-41.0	45.4808077292	-0.00252078124322	-0.00481203198433	-0.00771964062005
6.67420398741	-41.0	54.7654649104	0.00572398398072	-0.00284703378566	-0.000346200366039
-7.24229330887	-41.0	58.1002888505	-0.00648304354399	-0.00211291527376	0.00256190658547
10.0865421855	-41.0	57.7250000395	0.0082974517718	-0.00197577220388	0.00221283338033
2.05176361905	-41.0	57.3974596782	0.00197440804914	-0.00303982850164	0.00201810267754
-11.6232291753	-41.0	51.9015239631	-0.00957908574492	-0.0033015566878	-0.00249737710692
7.20287107732	-41.0	48.0029106447	0.00563764711842	-0.00413223262876	-0.00565925752744
-2.47666140368	-41.0	64.1719248812	-0.00233212043531	-0.000724261801224	0.00782470032573
-8.89157204031	-41.0	51.5089159370	-0.00755608826876	-0.00345206772909	-0.00292208022438
3.28331582012	-41.0	47.8037603200	0.00256027025171	-0.00427707703784	-0.00599270267412
2.71090306598	-41.0	48.4227752877	0.00211941287853	-0.00418289611116	-0.00559502514079
-10.0008217773	-41.0	51.5032651742	-0.00837589427829	-0.00342368939891	-0.00287312152795
-7.87294100943	-41.0	50.9024635030	-0.00676286360249	-0.00361357722431	-0.00346099841408
-9.22764004474	-41.0	60.0251664418	-0.00793531816453	-0.00154329929501	0.00411522015929
-2.22452336307	-41.0	51.4439190592	-0.0022087295074	-0.00377853657119	-0.00344906933606
-5.10661881004	-41.0	44.9024010772	-0.00424402114004	-0.00494121573865	-0.00808295421302
9.64933674246	-41.0	54.5393902775	0.00792768038809	-0.0027053928934	-0.000453593122074
1.47651972669	-41.0	64.9982255072	0.00109838834032	-0.000476103887195	0.00846783723682
-2.00068787228	-41.0	51.0567010457	-0.001990434248	-0.00383482244797	-0.00375625910237
-12.0288215495	-41.0	53.3413323271	-0.00990791246295	-0.00295372563414	-0.00134296738543
-10.1875371101	-41.0	62.5358993638	-0.00863838102669	-0.000937596836593	0.00611195806414
-10.7781391037	-41.0	51.0953266581	-0.00893274694681	-0.00350130489096	-0.00316468183883
-1.62783781226	-41.0	57.5310559833	-0.00190014042892	-0.00309891696088	0.00216569262557
6.07579404527	-41.0	66.4864596190	0.00488184578717	5.78991712246e-05	0.00945275556296
-2.56993083887	-41.0	44.1148223078	-0.00218135002069	-0.00511137023568	-0.00867541879416
-0.247467429556	-41.0	64.9697867336	-0.000388107611798	-0.000506263691932	0.00846865400672
-3.81170352265	-41.0	53.9215995332	-0.00375460507348	-0.00334811350331	-0.00128518790007
7.45075831246	-41.0	53.4268789190	0.00624632555991	-0.00305432477035	-0.00144329608884
0.615794810006	-41.0	62.4421758709	0.00038069774746	-0.0012894931715	0.00652634259313
2.85864098872	-41.0	58.3166863853	0.00266567850485	-0.00259044999257	0.00290179112926
-6.65041936113	-41.0	64.1205223690	-0.00580894947052	-0.000635546981357	0.00759172346443
1.35274660074	-41.0	51.2256046680	0.00106050784234	-0.00381572986953	-0.00364367058501
2.28517630445	-41.0	68.0881113567	0.00176321691833	0.000364718696801	0.010801631026
6.94726792688	-41.0	47.5726822785	0.00540409097448	-0.00422287872061	-0.00597092369571
5.89897859656	-41.0	54.4345453609	0.0051179099828	-0.00298513309099	-0.000671515241265
-6.41413206365	-41.0	66.6287754163	-0.00554146105424	-2.56377243204e-05	0.0095857270062
-7.91213371416	-41.0	65.4674972508	-0.0067871096544	-0.000287535076495	0.00859624519944
-7.1957077003	-41.0	50.6927445813	-0.00623549846932	-0.00367985456251	-0.00366929988377
1.74754577421	-41.0	51.8747550524	0.00144816958345	-0.00373015110381	-0.00312944594771
6.55576348463	-41.0	58.1351317604	0.00564977293834	-0.00211325404234	0.0026136750821
-11.7530861844	-41.0	52.3090765586	-0.00968482624739	-0.00320381531492	-0.00216987915337
4.74395045347	-41.0	45.8470545408	0.00361218908802	-0.00461716251448	-0.00723831728101
-9.55502047824	-41.0	57.1027135816	-0.0081773493439	-0.00219785817899	0.00167989626061
-5.90816347199	-41.0	57.1429939341	-0.00549811404198	-0.00246545905247	0.00173297489528
-5.52379185199	-41.0	57.2055734203	-0.00520593347028	-0.00249630305916	0.0017902078107
-12.0715059916	-41.0	58.8280383532	-0.0100457314402	-0.0017208190402	0.00299367844127
6.33177732344	-41.0	57.4711062076	0.00549574941397	-0.00229578046128	0.00202997610904
-0.183981534478	-41.0	45.9613145392	-0.0003017023555	-0.00469788676128	-0.00739506911486
11.1880416563	-41.0	54.8289702571	0.00906935054809	-0.00259095313959	-0.000206922981306
4.37764631240	-41.0	47.0399398989	0.00338942464441	-0.00439056567848	-0.00644924351946
0.566932604275	-41.0	59.9617758847	0.000386209867429	-0.00223673158325	0.0045250072144
-0.0221022998829	-41.0	55.7645762257	-0.000197903587832	-0.00364259746857	0.000258503016084
-7.52482768002	-41.0	62.1573165049	-0.00657687569037	-0.00109834328759	0.00595961185172
8.30459630877	-41.0	60.0069722954	0.00691225472838	-0.00152238074224	0.00416851742193
9.03073835326	-41.0	59.9342630608	0.00746583705768	-0.00150356919039	0.0040853144601
10.8852331020	-41.0	58.8488953567	0.00888411235064	-0.00168925418984	0.00313360942528
-0.471840769699	-41.0	58.8302940522	-0.000667611486278	-0.00273646903224	0.00350875244476
-6.34730511718	-41.0	58.0130562540	-0.00581482518464	-0.00221246411093	0.00250398274511
1.22774035000	-41.0	64.3049780376	0.000893437769264	-0.0006836738321	0.00794540531933
-4.15801210160	-41.0	66.0159474183	-0.00369345280342	-0.000198750727577	0.00919499434531
-1.05521788221	-41.0	57.5998256247	-0.00131331116427	-0.00316962809302	0.00225165230222
10.5604308126	-41.0	61.1733909245	0.00859185215086	-0.00115425884724	0.0050599668175
3.99454032387	-41.0	54.1441368734	0.00358397536911	-0.00325810164213	-0.00106148468331
4.16143156678	-41.0	53.3795378534	0.00366676901467	-0.00334782782011	-0.00170801358763
6.54462097425	-41.0	61.7154154186	0.00546510983258	-0.00118750939146	0.00565670663491
6.18705958355	-41.0	60.4712017878	0.00525516364723	-0.00154403585475	0.00464081345126
5.3231621497	-41.0	45.3678521901	0.0040305792354	-0.00469117984176	-0.0075254868716
-7.01286826106	-41.0	51.8672719521	-0.00616196310148	-0.00345126236789	-0.00274891033769
7.39958125714	-41.0	56.7942396623	0.00630553625524	-0.00235019344836	0.00143513351213
5.09777499413	-41.0	46.1078386854	0.00388817931525	-0.00455597648397	-0.00703679863364
8.07676764644	-41.0	65.3797321160	0.00650617899373	-0.000178484784556	0.00852692406625
-0.857480572508	-41.0	55.9203566142	-0.00110739050433	-0.00357740139589	0.000434837886132
11.4488507710	-41.0	59.3687104639	0.00930203124881	-0.00155450229067	0.00354868755676
11.2022757355	-41.0	59.7743773542	0.00911030173302	-0.00146631430835	0.00389027013443
-7.05263224887	-41.0	56.9585136497	-0.00635265838355	-0.00239398539998	0.00157007668167
2.78483620922	-41.0	47.1771280292	0.00213247234933	-0.00440746871755	-0.00645581027493
-4.35681320851	-41.0	50.4060851634	-0.00396679667756	-0.0038433894515	-0.00409621093422
-9.02939829685	-41.0	51.0895564803	-0.00763948727399	-0.00353912101127	-0.00324746337719
8.12372611122	-41.0	62.3520336430	0.0066704293713	-0.000946275773458	0.00610817782581
-0.796931988292	-41.0	63.8273463825	-0.000879037077539	-0.000847044226248	0.00759563827887
-2.62927916069	-41.0	53.9999946074	-0.00273770000786	-0.00348592991941	-0.00131974392571
-6.98378353851	-41.0	52.6664412970	-0.0061819520779	-0.00329435546882	-0.0021016781684
-1.99471748042	-41.0	43.7655261062	-0.00170599040575	-0.00518670212477	-0.00891839619726
0.829508509049	-41.0	57.3237299646	0.000734100991394	-0.00328079215251	0.0019607252907
0.380687885572	-41.0	55.8978594328	0.000244779686909	-0.0036179034505	0.000403394602472
-1.07030461600	-41.0	55.1096553431	-0.00130761950277	-0.00361634860747	-0.000393033231376
-0.564447763	-41.0	50.3770422160	-0.000684354628902	-0.00394539348781	-0.00430353917181
5.03530584612	-41.0	54.1129877683	0.00442531891167	-0.00313533609733	-0.00100690219551
1.93809144585	-41.0	66.7428638744	0.00147489714436	1.17804593174e-05	0.0097839422524
-1.10879497128	-41.0	48.7327373109	-0.00113131594844	-0.00418929662555	-0.00547576136887
0.997567396298	-41.0	62.4930787915	0.000724790152162	-0.00126342999283	0.00655786367133
0.478469551098	-41.0	64.2725175761	0.000241507848841	-0.000705496349838	0.00793359335512
9.90416684263	-41.0	59.6417442894	0.00813348591328	-0.00153687619604	0.00381701765582
-10.9084969139	-41.0	50.4876298444	-0.00900548044592	-0.00363924796693	-0.00363978766836
9.40824935094	-41.0	61.0303569395	0.00771599030122	-0.00122353190091	0.00498068472371
-2.79965587209	-41.0	66.9912905695	-0.00252899876796	4.10617067246e-05	0.00998480152339
9.29686890872	-41.0	55.0791467148	0.00768536375836	-0.00260387174785	-7.79341189627e-06
-11.7970578690	-41.0	57.6657913937	-0.00981773156673	-0.0019785030745	0.00207579135895
4.10657270049	-41.0	52.8936028479	0.0035840049386	-0.00342295365408	-0.00211975420825
2.45679767896	-41.0	55.4884464756	0.00233611022122	-0.00333646358922	6.82357567712e-05
4.16261905429	-41.0	56.2825320907	0.00381718459539	-0.00286704231985	0.000920138729271
3.37550698935	-41.0	55.9579904337	0.00316176749766	-0.00307751330547	0.000579347542953
-11.9530510733	-41.0	59.2943990638	-0.00996696855873	-0.00162400514819	0.00337646878324
0.166777154323	-41.0	58.1098119939	6.38885330773e-06	-0.00304903462529	0.00279950886033
-0.507258182736	-41.0	57.6790963271	-0.000726841564756	-0.00319939223118	0.00234549655579
-7.80638531659	-41.0	64.1986814591	-0.00673424685374	-0.000591500720475	0.00759066315368
9.05970293056	-41.0	61.2174639204	0.00744236120954	-0.00119109253865	0.00514646992087
8.48533270419	-41.0	51.8129799045	0.00692188832909	-0.00332756270655	-0.00271367537789
-8.79655042737	-41.0	58.6161401931	-0.00762747926638	-0.00189083605073	0.00296079576947
-8.48656417215	-41.0	53.7060150423	-0.00734195997939	-0.00299848732539	-0.00116338185035
3.25405261228	-41.0	50.6301954463	0.00269693671726	-0.00380637869239	-0.00396692426875
-9.52824958451	-41.0	50.3478560658	-0.00797605980188	-0.00369135988876	-0.003806556575
-9.45968868099	-41.0	54.5449700490	-0.00807044282556	-0.00277037010528	-0.00043927875231
9.28994999375	-41.0	63.4294001503	0.00753328390419	-0.000641302438453	0.00693525280803
6.25968832066	-41.0	59.5005032292	0.00536566134542	-0.00179533357732	0.00381093239412
-0.585760232078	-41.0	45.5638177254	-0.000622910622042	-0.00478327693418	-0.0076717864722
7.67379827470	-41.0	55.6332385814	0.00649837497622	-0.00258357147686	0.000433942710515
1.61577063348	-41.0	62.1123848670	0.00129357387777	-0.00137192162219	0.00624038046226
8.38107760522	-41.0	48.5516989330	0.00657451059669	-0.00400151871145	-0.00523895677179
1.70507514065	-41.0	50.5489129704	0.00134916428942	-0.00388548709452	-0.00412744935602
-4.81243385161	-41.0	64.1803708192	-0.00430412963033	-0.000667169922963	0.00773447146639
2.98584642141	-41.0	63.2008245102	0.00244681048207	-0.000961798301432	0.0070324074477
1.37861182636	-41.0	60.8414294294	0.00113163213246	-0.00184142962098	0.00523164169863
0.720911004764	-41.0	60.7542288601	0.000513837847393	-0.00190689810552	0.00518360268325
-1.57602367198	-41.0	56.7755671755	-0.00186273071449	-0.00331486435607	0.00136524811387
12.0802389073	-41.0	58.5329400629	0.00978299789131	-0.00173348723911	0.00284182257019
5.79728666703	-41.0	52.5273430012	0.00492002116516	-0.00333843426779	-0.00228319456801
6.03175942715	-41.0	47.7944708086	0.00472635310143	-0.00419944385067	-0.00583827542141
-7.39934772341	-41.0	47.4682955634	-0.00619684671983	-0.00435853982344	-0.006120972801
5.82694704408	-41.0	53.9019224742	0.00503365276381	-0.00309068500064	-0.00113418488763
-11.6105776825	-41.0	59.2717790104	-0.00971183739603	-0.00163738243282	0.00337777892128
0.902845768791	-41.0	60.4993203547	0.000695879745763	-0.00200049742125	0.00496814865619
1.19971251052	-41.0	61.0992571537	0.00095345970476	-0.00175355328247	0.00544885266572
2.25616782654	-41.0	61.5687079116	0.00189397798385	-0.00152483535931	0.00577842304483
-6.16971565229	-41.0	55.4550378115	-0.0056808325462	-0.00280464300886	0.00022862937476
3.40717701879	-41.0	49.9797527920	0.00278403260745	-0.00389927905053	-0.00443658791482
10.0285249695	-41.0	51.4666121629	0.00804359465837	-0.00335457967594	-0.0029518166557
-6.12474295094	-41.0	49.8976589759	-0.0053553506732	-0.00387477385812	-0.00435915868729
-1.07668031660	-41.0	50.2051089573	-0.00113811041228	-0.00396518409252	-0.0044208355248
5.63484819711	-41.0	46.5683824011	0.00432237843052	-0.00445112027228	-0.00669499812648
4.19541294689	-41.0	60.7883153987	0.00362412072718	-0.00162413250655	0.00501775136217
-5.82664462310	-41.0	58.3659048534	-0.00540963979438	-0.00217827945016	0.00282953795977
-9.28853491982	-41.0	49.4833436287	-0.00775357056409	-0.00388826616108	-0.00449255481362
4.32677298774	-41.0	46.0109905563	0.00330232339911	-0.00459571229294	-0.00715592410415
-6.21098261745	-41.0	56.2690905993	-0.0057254480198	-0.00262825912796	0.000952765520196
9.98567588605	-41.0	60.5218008954	0.00817212369293	-0.00132547912654	0.00454306229949
-3.76269295732	-41.0	67.6786764145	-0.003320987802	0.000214595085708	0.0104944026098
-1.11379782494	-41.0	62.1938442753	-0.0011946199229	-0.00137493899092	0.00632720906287
-1.27430252063	-41.0	62.8672313349	-0.00132097688038	-0.00114653923083	0.00684863422066
-6.68478482967	-41.0	46.9395747215	-0.00560875004157	-0.00448127230629	-0.00654660630971
-6.31728287685	-41.0	46.6454153595	-0.00530290463939	-0.00454865396023	-0.00677899597213
-5.96589968359	-41.0	46.8010021102	-0.00503630004823	-0.00451718084514	-0.00667986506596
12.1996452566	-41.0	56.2304680735	0.00985286105424	-0.00225473823957	0.00093829917023
7.64650962282	-41.0	59.7989224968	0.00641892384738	-0.00161302927881	0.00401525851339
-1.72222279346	-41.0	68.1861039673	-0.00160060939379	0.000341097183991	0.0109168915078
-11.2681068253	-41.0	59.4073737299	-0.00945891719311	-0.0016167613212	0.00350668164901
8.04605201973	-41.0	60.6075193149	0.00669024093077	-0.00138776830863	0.00467843795195
-1.80586621317	-41.0	65.4761965687	-0.00172111846041	-0.000362826598575	0.0088419187814
0.884500001799	-41.0	66.8489711321	0.00058622326469	2.19403827941e-05	0.00988571252674
-11.1640705236	-41.0	50.6016358317	-0.00919861905277	-0.00361005705781	-0.00354128680192
0.48469293709	-41.0	63.3007498693	0.000253163889283	-0.00100715085864	0.00719087477773
-8.91631207258	-41.0	47.4553950410	-0.00735856359825	-0.00435057189316	-0.00606723269448
-9.52792767346	-41.0	60.3447706177	-0.00815772917122	-0.00145805091597	0.00436353497207
3.88040575601	-41.0	47.5337271864	0.00302557949908	-0.00431001279503	-0.00614179065451
-2.39364010941	-41.0	44.4306928388	-0.00205306452699	-0.00503953546286	-0.00845600292087
-5.23455578412	-41.0	50.0583372325	-0.00465805456042	-0.00387347163633	-0.00429853005335
-8.94429468630	-41.0	64.4493598653	-0.00763458944857	-0.000514080107678	0.00772724486887
9.68974964471	-41.0	61.4194030894	0.00791785027832	-0.00112012762111	0.00529046496376
1.91968774919	-41.0	51.5404630361	0.00158659252338	-0.00375623791479	-0.00337477191351
2.73749075529	-41.0	68.0682034118	0.00213924027048	0.000369714194676	0.010774506256
-7.89635747798	-41.0	54.6243685392	-0.00693713221699	-0.00283744581975	-0.000421375065343
9.94407852190	-41.0	48.7223533894	0.00775389978662	-0.00395005755126	-0.00510204862803
5.25251411791	-41.0	47.8281404759	0.00412527052686	-0.00421407213435	-0.00585191790015
3.10767389044	-41.0	46.7761027931	0.00237846747041	-0.0044760950841	-0.00671251583844
2.35763889034	-41.0	46.5590615207	0.00177244807128	-0.00453680288047	-0.00690310820937
4.36271904286	-41.0	45.1049818443	0.00331499287859	-0.00477893929929	-0.00777035253122
-9.98124516423	-41.0	50.8097569640	-0.00833323877305	-0.00357963214628	-0.00342257297598
-9.39620465327	-41.0	51.0050296088	-0.00790822692215	-0.00354844448157	-0.00329571543261
1.02646645264	-41.0	51.9473467868	0.000786701042671	-0.0037565305829	-0.00311142881401
-6.68114902430	-41.0	47.8849902096	-0.00566506991163	-0.0042761224322	-0.00584501447156
-11.2393654988	-41.0	53.3244116229	-0.00933413486928	-0.00297916261479	-0.00137675867882
-5.19451756235	-41.0	62.4940433025	-0.00469867885113	-0.00111085746903	0.00636900356039
-5.58450486211	-41.0	62.6360672127	-0.00500941369683	-0.00105480419006	0.00646117283031
2.40648143357	-41.0	58.2039487917	0.00226650061086	-0.00271231937222	0.00281593529508
7.92437093588	-41.0	58.8225669172	0.00666483305395	-0.00183434470091	0.00317895272747
0.042678857974	-41.0	67.3893572197	-0.000122411511256	0.000152374414029	0.0103066414595
10.0084681579	-41.0	63.1887654434	0.00810214132071	-0.0006842148141	0.006716507487
-6.00496394319	-41.0	62.8166325072	-0.00534129096195	-0.000989501248114	0.00658276956528
-6.10080759375	-41.0	63.5270663931	-0.00538764148951	-0.000801258196589	0.00714807072654
-0.237500148742	-41.0	56.5443063324	-0.000436715316027	-0.00353056611493	0.00110633438453
9.60515650218	-41.0	49.1108484493	0.0075388844125	-0.00386851490475	-0.0048034209758
-7.23148045742	-41.0	61.0229215059	-0.00638960069045	-0.00139452109579	0.00504308380187
-0.587449607266	-41.0	67.2851987014	-0.000656111456919	0.000120308985061	0.0102300960571
4.57050107216	-41.0	53.1128250738	0.00398272415623	-0.00334558240138	-0.0018970547244
-8.21648424288	-41.0	56.2597233417	-0.00720043526962	-0.00246221176349	0.000973739894107
9.59155247274	-41.0	62.6086348259	0.00779911410064	-0.000834829581436	0.00626243045554
10.2780627623	-41.0	62.7988865564	0.00832476653159	-0.000772847561166	0.00639239512384
0.887599459896	-41.0	48.6389529358	0.000587353773881	-0.00418964540586	-0.00552560063079
-9.02604712588	-41.0	57.7623259547	-0.00779738463461	-0.0020751056727	0.0022392149549
3.18655352843	-41.0	67.9867027007	0.00251129362732	0.000360045407433	0.0106993019581
5.73283300523	-41.0	49.5968200128	0.00464201997966	-0.00386652466841	-0.00455875461921
-1.30874483706	-41.0	67.2268239296	-0.00126682524569	0.00010162723629	0.0101841110736
-1.37584111243	-41.0	66.8117593308	-0.00133012922015	-5.79183733862e-06	0.00986662972718
-2.96643163564	-41.0	56.6631346098	-0.00315807177685	-0.00304602785036	0.00126138259657
-2.98131251601	-41.0	57.4565469088	-0.00315708620474	-0.0028475637082	0.00205580843613
-2.76259935823	-41.0	57.0547399170	-0.00297642848454	-0.00299761700444	0.00165565428324
-6.28500594563	-41.0	59.5988470055	-0.00571472896263	-0.0018198993057	0.00388963124715
3.74349173519	-41.0	64.4112968044	0.00303670251742	-0.00057862844551	0.00793800130486
-0.0112785610797	-41.0	62.2724008441	-0.000188699457794	-0.00135598378256	0.00640046782792
5.31967372741	-41.0	47.1647180564	0.00412685563788	-0.00434096436948	-0.00630553020164
1.17471901316	-41.0	46.1003330753	0.000809665187262	-0.00465132994577	-0.00726702203974
-9.02309307094	-41.0	50.3789995079	-0.00760053982958	-0.00369459437206	-0.00380714004859
10.6490397229	-41.0	57.2578653465	0.00871476065367	-0.00206164852716	0.00181438436266
10.4619930253	-41.0	57.9308116721	0.00857546646148	-0.00191441574134	0.00237877573818
11.4615983743	-41.0	57.7465210362	0.0093198036775	-0.00192666973453	0.00220653857104
11.6209468325	-41.0	57.0533979632	0.00943456217647	-0.00208045751788	0.00162911403459
-5.23102908954	-41.0	60.2345037096	-0.00485527608544	-0.00173778890166	0.00449045933783
-2.28424068485	-41.0	61.8619058964	-0.00225997599773	-0.00144822360016	0.0060216281563
-2.99374918204	-41.0	61.9087189178	-0.00288061378524	-0.00139719923027	0.00602271640673
-5.70070295742	-41.0	60.6757286376	-0.00520524196327	-0.00157952692825	0.0048378938809
-4.98092496441	-41.0	60.6253472778	-0.00463091162965	-0.00164840731304	0.00483803357929
-1.83784699995	-41.0	60.7629283846	-0.00191541865934	-0.00185845035594	0.00515015656129
-2.54735549714	-41.0	60.8097414060	-0.00255517242476	-0.00179156288505	0.00514884898439
-2.48790172034	-41.0	62.3499320328	-0.00241554575041	-0.00127957679797	0.00640100892633
-3.25292186496	-41.0	62.4073593759	-0.00307686394081	-0.00122837151866	0.00640892935917
-1.74135989023	-41.0	62.2596519128	-0.00175790057983	-0.00133625348099	0.00636019883677
-2.06104384240	-41.0	61.3124171405	-0.00208877283148	-0.00164760672487	0.00558946281672
-2.77055233959	-41.0	61.3592301619	-0.00271808053367	-0.00158922816627	0.00558913685381
-5.53205685762	-41.0	59.8153958990	-0.00511736283079	-0.00182680017315	0.00411349022761
-2.75170837818	-41.0	65.4710481955	-0.00252668070607	-0.000357082841219	0.00881748087704
10.4527530374	-41.0	54.5364279809	0.00851848255843	-0.00267657754011	-0.000448852864793
11.2384442835	-41.0	53.8882928991	0.00907130911946	-0.00279857148416	-0.000980519340374
6.26456051166	-41.0	58.5247796712	0.00541386334226	-0.00204550707713	0.00296223443002
5.48341491305	-41.0	49.7020614840	0.00445360084996	-0.00385709223337	-0.00449629593641
2.02295031565	-41.0	48.6554572147	0.00155318027828	-0.00416220678017	-0.00546885281801
4.96688750775	-41.0	47.8475551037	0.00390332541429	-0.00421863840893	-0.00585489347577
5.1382034121	-41.0	48.5010101880	0.00408697361127	-0.00409033847973	-0.00538606522605
3.66372231726	-41.0	47.7931917399	0.00286636711098	-0.00426787603647	-0.00597594259307
3.57657628929	-41.0	47.3963844377	0.00277665560134	-0.00434461981058	-0.00625640712678
2.31763060909	-41.0	48.4044846300	0.00179162237328	-0.00419714208692	-0.00562974112108
11.1031163616	-41.0	57.1595489194	0.00905090942979	-0.00206984137185	0.00172587146517
10.8983792672	-41.0	57.8389974913	0.00890035927296	-0.0019211032195	0.00229437602684
-4.12074449670	-41.0	58.6106540258	-0.00405552890152	-0.00232457765378	0.00311499624513
-7.18707996122	-41.0	49.3701131450	-0.00615006964654	-0.00395294092596	-0.00469432352111
-6.95799513044	-41.0	49.5624866085	-0.00598471611738	-0.00391857884824	-0.00456118118018
-6.99127617947	-41.0	58.4647833362	-0.0062886136584	-0.00204568170011	0.00288356770761
-6.81549449924	-41.0	54.7464326547	-0.00614335481077	-0.00289056776091	-0.000362006685464
-7.18036129026	-41.0	54.1408817489	-0.00639404729009	-0.00298622110859	-0.000861170177814
5.26982227972	-41.0	56.8787065337	0.00469050789252	-0.00256316666491	0.00149561290164
6.08917536661	-41.0	57.7409316064	0.00530507043004	-0.0022577107884	0.00227225385606
7.73566076950	-41.0	46.3403195064	0.00585615914315	-0.00445611961186	-0.00685681914911
6.95070575650	-41.0	46.7669745053	0.00532772252336	-0.00438208179548	-0.00653853267431
6.99928018687	-41.0	45.8690698985	0.0052661630325	-0.00454335520044	-0.00716952048242
-10.7991698053	-41.0	59.6153467761	-0.00911147519946	-0.0015837054234	0.00370098790154
-9.00273888296	-41.0	61.1186823689	-0.00774808926508	-0.00129557074979	0.00502670975402
0.396768613563	-41.0	52.3598887567	0.000203037532629	-0.0037442704197	-0.00281161838211
3.04168840389	-41.0	53.7652140869	0.00274357246235	-0.00343122007325	-0.0014785004314
0.519416695305	-41.0	53.4615329927	0.000343864172464	-0.00369109399617	-0.00191727280617
3.25019690514	-41.0	54.8148366758	0.00300053996034	-0.00327668921091	-0.000517349690199
-8.51793655736	-41.0	50.4101429500	-0.00722324335948	-0.00369959743693	-0.00380989466794
-8.01960949123	-41.0	50.4841908435	-0.00685121119022	-0.00369709217921	-0.00378074450418
-5.81928843007	-41.0	66.1504954298	-0.00506546581164	-0.000146743899677	0.00923546683043
-0.434582864589	-41.0	65.7251168372	-0.000542813155334	-0.000294095050776	0.00904279388487
-8.18768532264	-41.0	47.4450966683	-0.00680191349238	-0.00435725878924	-0.00610367115587
-11.6675181074	-41.0	55.7865917129	-0.00968374777585	-0.00239847390912	0.000586737762205
-11.2454747167	-41.0	56.7687753295	-0.0093962950632	-0.00219833757728	0.00137671025004
-11.2738924629	-41.0	55.6494503279	-0.00939659774303	-0.00244738091715	0.00047945723054
-11.4602260325	-41.0	56.4016333313	-0.00954491645098	-0.0022704412695	0.00107831682544
-9.01850164697	-41.0	53.7256817104	-0.00773085653782	-0.00296884262934	-0.00112574337982
-5.92187034353	-41.0	66.8840940182	-0.00513089681044	3.19835708069e-05	0.00980642437935
-9.64940859863	-41.0	55.1822562914	-0.00821893010288	-0.00262145884335	8.89612856554e-05
-7.57491756937	-41.0	50.5664444819	-0.00651807012036	-0.00369321578182	-0.00374371767975
9.42684858711	-41.0	62.2486636572	0.00768525525928	-0.000927105662413	0.00597617309541
10.1239921570	-41.0	62.3438713767	0.00822047330439	-0.000885660527274	0.00602916209027
-0.0587930746601	-41.0	48.9608508766	-0.000227103198995	-0.00414936477318	-0.0053174351342
0.396673183033	-41.0	49.2700282217	0.000169236605871	-0.0040964577347	-0.00509276427329
-6.62229835360	-41.0	48.5444909066	-0.00566042168066	-0.00413746666163	-0.00535442633554
-6.35297988907	-41.0	49.4179721000	-0.00550443353131	-0.00396383553743	-0.00471038324758
-5.89969310822	-41.0	48.8446552356	-0.00511132879183	-0.00409044325352	-0.00517222378403
-6.00223309278	-41.0	48.4502646628	-0.00516761001199	-0.00416858820245	-0.00546105206013
-6.52819625127	-41.0	48.9531359563	-0.0056124725379	-0.00405445508659	-0.00505191972479
-7.46237824716	-41.0	49.9090533218	-0.00639409851283	-0.0038333919365	-0.00426256051287
-5.76068663154	-41.0	49.2289593995	-0.00502538867295	-0.0040170121938	-0.0048920228146
-11.5722362600	-41.0	57.0417577963	-0.00963954813778	-0.00212370511144	0.00158629927319
-8.90147788218	-41.0	56.6481589973	-0.00770028214902	-0.00233403639868	0.00130477745552
4.16525857365	-41.0	59.6478365763	0.00368308741599	-0.00197541015223	0.00404185103253
3.54118197797	-41.0	59.3316147624	0.00318322377279	-0.00215419684537	0.00380016583949
3.49582180574	-41.0	58.9933976138	0.00316988560371	-0.00226824777201	0.00349754397757
4.69883821655	-41.0	59.4777212494	0.00413182517514	-0.001962344395	0.00386240915395
4.08490145608	-41.0	59.2814472164	0.00364298326895	-0.00209640641697	0.00372261786833
7.44413627380	-41.0	57.1370703624	0.00633739447221	-0.00226853834465	0.00173328246456
-4.59068007117	-41.0	56.8120898613	-0.00448889937252	-0.00271644885652	0.00142390734982
-5.67757204670	-41.0	57.9591941572	-0.00530795799568	-0.00229625939392	0.00246989028528
-4.72778647868	-41.0	57.2599011451	-0.00459101982415	-0.00259111169726	0.00184342626017
-4.06389976967	-41.0	57.1587010541	-0.0040665473789	-0.00272108870558	0.00175131601281
-6.15647911913	-41.0	57.5735539537	-0.00567964650691	-0.00233728438616	0.00211707968265
-5.55692351510	-41.0	66.3785234138	-0.00484311720356	-9.35517527978e-05	0.00942496955395
-5.5497843427	-41.0	67.0920269355	-0.00481913192198	7.96239692136e-05	0.00998342782259
2.32873396351	-41.0	46.0683635849	0.00174197857268	-0.00463493028656	-0.00723970634863
3.03827864115	-41.0	46.2651994932	0.00230961083435	-0.00457852426916	-0.00706640584394
1.72552085992	-41.0	48.9830580138	0.00131136074197	-0.004115822725	-0.00525221321732
9.69269636208	-41.0	60.1228061951	0.00796129740775	-0.00143077271059	0.00422222958878
7.4075770396	-41.0	65.9270493851	0.00595858087763	-5.23834387423e-05	0.00897665601224
-3.23531901925	-41.0	60.3047872938	-0.00319485645741	-0.00190326722804	0.00467747543007
-2.74542121445	-41.0	59.4761590763	-0.00282631884329	-0.0022398903966	0.00398553907871
-3.40292441098	-41.0	61.1296525804	-0.00328238820657	-0.00162048998754	0.00536148203537
-9.96862277963	-41.0	60.1900732399	-0.008490444161	-0.0014789957786	0.00421392731369
6.81813886549	-41.0	58.7411128841	0.00582913169637	-0.00193955563009	0.00313634634949
6.83395249880	-41.0	58.4102910636	0.00585268298164	-0.00201989058405	0.00284865079448
5.78858040324	-41.0	50.8008978983	0.00478184828535	-0.00364510482177	-0.00364905083552
5.32475685152	-41.0	50.4590865289	0.0043870806694	-0.00372878182679	-0.00394116621464
5.23123985581	-41.0	51.1006401789	0.00436247093603	-0.00362228159793	-0.00345756788738
8.99728978367	-41.0	58.8579920437	0.00747026316822	-0.00176228408236	0.00318450550549
5.33813951068	-41.0	61.1134720309	0.0045385370031	-0.00143307552207	0.00522186560556
-0.210301281859	-41.0	66.5297637240	-0.000344079628121	-7.45130309951e-05	0.00965378805995
-0.488916562813	-41.0	66.8767533951	-0.000577256374527	1.50583618961e-05	0.00991864036769
0.205635095584	-41.0	67.0045944597	1.24668040371e-05	5.44184840692e-05	0.0100122569129
-1.80931368709	-41.0	66.7295973291	-0.0016986677656	-2.7635403967e-05	0.00979972817004
-2.28223247757	-41.0	65.3692833984	-0.00213029095903	-0.000389094464481	0.00875081215054
12.2766651681	-41.0	54.8404364237	0.00987364072353	-0.00256667123176	-0.000207513177884
-1.65807911320	-41.0	58.7845737268	-0.00186735100579	-0.00264242710546	0.00341813778505
-1.64251120072	-41.0	59.6741129482	-0.00179678259883	-0.00229107565247	0.00423228507861
5.88103282219	-41.0	46.8536579214	0.0045316433534	-0.00438852002844	-0.00649180542678
6.80237368244	-41.0	47.1806445994	0.0052575962618	-0.00430350145325	-0.00624876096845
-9.65553913958	-41.0	53.0040467463	-0.00817423500121	-0.00310069159605	-0.00168741797097
-10.4601629804	-41.0	55.6911362013	-0.00881022680551	-0.00247294548899	0.000513011065777
-9.88170356298	-41.0	50.4969058121	-0.00824573542923	-0.00365172349848	-0.00367328617722
-9.77188163702	-41.0	52.6744179312	-0.00824905838817	-0.00316948001273	-0.00194805441424
6.61992535874	-41.0	61.0670061250	0.0055612437427	-0.00135473872069	0.00511864339933
9.25050817764	-41.0	59.4944618212	0.00764472968876	-0.0015988284722	0.00371204479598
8.44862328241	-41.0	61.0144954523	0.00698177376762	-0.00126672524493	0.00500096054748
6.60824222359	-41.0	60.4694940870	0.00558532821015	-0.00151299661957	0.00462027126923
7.01769118124	-41.0	61.0006633603	0.00587613368407	-0.00134697812609	0.00504588149488
0.567499244707	-41.0	44.2203561632	0.000338995538186	-0.00505783082917	-0.00856566708535
-10.8740136805	-41.0	59.0268542182	-0.00916219037026	-0.00171229930129	0.00321796652861
9.25117181974	-41.0	61.8406244403	0.00756540056318	-0.00103213777766	0.00565007096156
9.91861015077	-41.0	61.8727105714	0.00807803682983	-0.00100422778632	0.00565299810842
-6.59466611879	-41.0	54.3661747469	-0.00596508244053	-0.00298540689982	-0.000699805852491
-6.97982492251	-41.0	53.7801569740	-0.00623043207452	-0.00307318591513	-0.00117636355571
-11.8302006890	-41.0	53.7684458015	-0.00977122783661	-0.002858214546	-0.00100865017157
7.21719152030	-41.0	63.1130575006	0.00592228630558	-0.000787955534179	0.00675871921703
7.66730271806	-41.0	62.4807320891	0.00630777422339	-0.000932208145969	0.00623063975945
-4.05606961955	-41.0	52.8111768148	-0.00388040370308	-0.00348050892353	-0.00221146037802
-12.1797919862	-41.0	53.7039780465	-0.0100238053128	-0.00286305230111	-0.00105269392952
0.562511109239	-41.0	59.4516086601	0.000395747920265	-0.00245604570955	0.0040790438652
-9.68506635836	-41.0	62.7347102155	-0.00824618898332	-0.000900789280422	0.00630308827385
-2.6583646476	-41.0	62.7605534397	-0.00254506780766	-0.0011434428161	0.00671797711402
11.7686349157	-41.0	59.9412217890	0.00953700579703	-0.00141544674989	0.00401045382023
-11.4475309381	-41.0	53.0116924338	-0.00947878230363	-0.00304603832774	-0.00161981512792
-1.80762466758	-41.0	65.0685578814	-0.00173186080065	-0.000476247369079	0.00853023026139
1.50523179491	-41.0	52.2387763908	0.0012438884005	-0.0037099099718	-0.00286139873788
3.90312476672	-41.0	66.5566447309	0.00311386003159	1.06656179923e-05	0.00958168599755
4.52112666018	-41.0	66.4137719797	0.00362380733714	-8.79584695213e-06	0.00945011712611
3.93122091317	-41.0	66.0423408694	0.00314581370912	-0.000125172751723	0.00918633211404
-0.660514999041	-41.0	66.1082025461	-0.000731876993086	-0.000190376318642	0.00933384429663
10.8309149870	-41.0	50.4347650131	0.00856052991003	-0.00356675451621	-0.00376537605189
3.95413910955	-41.0	65.6026838445	0.00317459576763	-0.00024283847597	0.00884781032801
4.53273295917	-41.0	66.0572409898	0.00364040420391	-0.000103001118987	0.00917551666498
3.07208060107	-41.0	51.3634472688	0.00259048701264	-0.00371250906028	-0.00342661468312
11.8507386025	-41.0	55.1172417670	0.00956718623638	-0.00251189270057	2.56689800153e-05
-7.76495490619	-41.0	56.6711392638	-0.00687499064952	-0.00240186299197	0.00132291717455
3.61544186659	-41.0	67.8564497520	0.00286556594074	0.000338383746566	0.0105865038931
-2.52669604135	-41.0	48.7481662694	-0.00234267371707	-0.00417547300458	-0.00542716728523
-2.12843711424	-41.0	48.7602351965	-0.00200520385988	-0.00417813053355	-0.00543269375339
2.62917437099	-41.0	44.5103776210	0.00197642343119	-0.00495610991493	-0.00828358810395
-5.56862064638	-41.0	46.6845383716	-0.00471524707973	-0.00454538222402	-0.00678172986954
-5.18358009111	-41.0	47.0495904891	-0.00443113781512	-0.00447085453197	-0.00653333356604
-2.20277191413	-41.0	54.2461801168	-0.00236579379998	-0.00351963937283	-0.00113502913155
2.03371440578	-41.0	47.3357707949	0.0015249439748	-0.00439585885033	-0.00638591591269
-3.45173554678	-41.0	67.3928181358	-0.00306719052605	0.00014349805133	0.0102804880589
11.6051614832	-41.0	51.6754981965	0.00922193657607	-0.00328336190432	-0.00277734431438
4.64191716062	-41.0	59.0657779967	0.00411259196699	-0.00208730972372	0.00350079336204
-11.8267853299	-41.0	57.2762646953	-0.0098304534331	-0.00206148694269	0.00176411832217
10.9945083284	-41.0	61.6922310753	0.00891086272895	-0.00102189183235	0.00546918110922
-5.11023906280	-41.0	53.4255194114	-0.004776223097	-0.00328978057951	-0.0016049357364
-5.15236557123	-41.0	53.0889004936	-0.00478883413598	-0.00334353907965	-0.00188586779404
-2.36899701934	-41.0	43.8197535455	-0.0020079058595	-0.00517702754587	-0.00888154841959
3.97538644058	-41.0	44.9146568789	0.00302074383944	-0.00483169266954	-0.00792653579265
4.79295400785	-41.0	56.8396544355	0.00431920681149	-0.00264168460853	0.00145561120007
-8.12997773258	-41.0	56.6960209935	-0.00714119430631	-0.00237067881972	0.00134530500509
0.926821034912	-41.0	65.5929741411	0.000622860796284	-0.000317375583109	0.00893092248589
10.0311412045	-41.0	55.3897483076	0.00823389552534	-0.00250362697989	0.000257867970504
9.82028735268	-41.0	55.7432772204	0.00808648951352	-0.0024340657983	0.000552670739125
2.95011718277	-41.0	45.8633181186	0.00223272806033	-0.00466187903658	-0.00734585244209
2.24895438380	-41.0	45.6206154457	0.00167468970176	-0.00472804438323	-0.00754861207679
10.0699340195	-41.0	54.0518700453	0.00821848213673	-0.00279532489367	-0.000852027325891
-8.89589135153	-41.0	60.7269062545	-0.00767406215891	-0.00139175786171	0.00471047032624
-8.59075647341	-41.0	61.2776633837	-0.00742946378887	-0.00127244647592	0.0051796156913
-4.66002329902	-41.0	44.6462015025	-0.00387587305158	-0.00499880826101	-0.00827593356371
-8.50955012016	-41.0	51.5805131622	-0.00727503560483	-0.0034490688704	-0.0028857938014
-2.21196621595	-41.0	64.9284430096	-0.00208201003261	-0.000512084690854	0.00841432716697
-4.02298432298	-41.0	47.7504533913	-0.00353537686169	-0.00434101978317	-0.00607979809865
-4.54660221773	-41.0	47.2757766333	-0.00393343670294	-0.00443026563153	-0.00639821542427
