-8.88251845233	-65.0345438554	63.0194862308	-0.00677423924208	0.000175887573278	0.00289466115646
-8.71432767396	-65.0654528793	62.9090968596	-0.00665338523686	0.000146588135976	0.00287284934893
-8.49440051306	-65.0415858857	62.9943361227	-0.00654931552708	0.000175532710273	0.00297512975521
-1.06717368427	-63.8892817476	67.1097080444	-0.00183120416477	0.00159986189101	0.00740477349609
-0.8571228269	-63.9495292429	66.8945384182	-0.00163678592071	0.00150818983093	0.00727872736752
-0.697799009213	-63.7958120852	67.4435282673	-0.00149608275387	0.00174397905357	0.00765417562798
-0.622849746203	-63.9291178490	66.9674362536	-0.00142279895954	0.00154159066733	0.00734223099425
-0.474647480529	-63.8814364465	67.1377269766	-0.00128728034906	0.00161694793496	0.00746184075251
-0.980786486969	-63.8133785310	67.3807909608	-0.00175666087307	0.00171477615368	0.0075929206796
9.41698936652	-66.6998367012	57.0720117813	0.00435108272359	-0.00119796243962	-8.08584445622e-05
9.90209202251	-66.6795613930	57.1444235966	0.00460088811815	-0.0011749130208	-0.000104777820525
9.47927011846	-66.7730798067	56.8104292620	0.00434543052688	-0.00126708042808	-0.000209351346712
9.64840887672	-66.6531053096	57.2389096086	0.00448920344934	-0.00115138862748	-3.02184507746e-05
9.74672499079	-66.7961193353	56.7281452311	0.00446547241881	-0.00128705473617	-0.000277991319308
9.95709167348	-66.7506058656	56.8906933373	0.00459159305319	-0.00124248629436	-0.000228358025197
-8.45866272223	-67.4051617216	54.5529938516	-0.00495922751725	-0.0021174387075	-0.00129149248824
-8.28967741806	-67.5336557460	54.0940866215	-0.00482138060033	-0.00223375600763	-0.00147272751201
-8.55204652716	-67.5538746355	54.0218763020	-0.00493579404429	-0.00225767795928	-0.00152994366363
-8.19256754494	-67.4504721104	54.3911710344	-0.00481261219829	-0.0021547509823	-0.00133469572756
-8.69805500492	-67.4850136798	54.2678082863	-0.00503539154306	-0.00219634757377	-0.00143960048445
-8.64497419359	-67.4322222969	54.4563489395	-0.00503467489034	-0.00214609317482	-0.00135284336284
1.05111636037	-64.4504142124	65.1056635271	0.000102878409962	0.000706949038431	0.00600447785109
0.740462735406	-64.3230724942	65.5604553777	-0.000175644498086	0.000911892740987	0.00636524008587
1.20245740912	-64.3774212110	65.3663528179	0.000234377017478	0.00084482866805	0.00617673387751
1.03043186468	-64.3151414532	65.5887805242	8.27645635582e-05	0.000941170554142	0.00635649869218
0.68581152089	-64.3870242975	65.3320560804	-0.000223783921683	0.000796033535153	0.00620582560077
0.837635912766	-64.4286803790	65.1832843607	-8.68789284141e-05	0.000730577972718	0.00608398858458
-10.9805366528	-67.8089754638	53.1108019149	-0.00594532536343	-0.00256012007594	-0.00217282539234
-10.6263032968	-67.9239732571	52.7000955104	-0.00573168136179	-0.00266011804342	-0.00229845428839
-11.2108201560	-67.8924844814	52.8125554236	-0.00601244065911	-0.00264804670587	-0.0023196763359
-11.0875842387	-67.9539052876	52.5931954014	-0.00592869659886	-0.00270355422981	-0.00239343056455
-10.8191335476	-67.9715426997	52.5302046438	-0.00579871376976	-0.00271196127869	-0.0023883455433
-10.6212238375	-67.8649432321	52.9109170284	-0.00575549853966	-0.00260321912356	-0.00221267458983
-11.1352373776	-67.8416046369	52.9942691539	-0.006001138594	-0.00259638391435	-0.0022378268186
-10.7855405739	-67.8277652509	53.0436955324	-0.00584744149819	-0.00257236859761	-0.00217751506716
-9.61828878155	-65.2851305910	62.1245336034	-0.00696508958936	-0.000100318909972	0.00222118548118
-9.77332625535	-65.3391294185	61.9316806484	-0.00700225494802	-0.000159114410053	0.00208136439323
-9.70214654127	-65.4144048500	61.6628398216	-0.00689930422232	-0.000233500657487	0.00195437064394
-9.39682002894	-65.4213607069	61.6379974754	-0.00672969454899	-0.00023382344807	0.00200923881494
-9.25522847202	-65.3682860437	61.8275498439	-0.00669770594686	-0.00017713305715	0.00214328360744
-9.38587747097	-65.3155630131	62.0158463817	-0.00681279040873	-0.000126019789604	0.00221620732918
4.91005595874	-67.6137502097	53.8080349653	0.00178226269782	-0.00210809800774	-0.00122562423348
5.22615336453	-67.5936229783	53.8799179348	0.00194258918054	-0.00208450225182	-0.00120748882182
4.92400888304	-67.4742272317	54.3063313154	0.00182302016765	-0.00198477972299	-0.00100613187533
5.36620286832	-67.5211777131	54.1386510247	0.00203020102344	-0.00201760372147	-0.00109995610546
5.21740319066	-67.4584938663	54.3625219062	0.00197313516401	-0.00196494488046	-0.000993788824417
4.73349036657	-67.5498223037	54.0363489153	0.00170995166991	-0.00205510878004	-0.00111824646592
-7.97408878267	-66.6765300251	57.1552499103	-0.00510414037853	-0.00143465085421	-5.02734255861e-05
-7.72276941320	-66.5288878185	57.6825435054	-0.00506619550288	-0.0012953185942	0.000237045504036
-7.71684513119	-66.6592067454	57.2171187665	-0.00498647848144	-0.00141665304545	1.01151372291e-05
-8.11990803304	-66.6163641642	57.3701279850	-0.00521184131503	-0.00137971900404	3.53748182533e-05
-8.05467684280	-66.5471368612	57.6173683529	-0.00522118760273	-0.00131440453697	0.00016367835633
-7.65164925296	-66.6010443925	57.4248414552	-0.00498773530126	-0.00136221118737	0.000118930161989
7.47669606564	-68.6117847657	50.2436258368	0.00274771894328	-0.00299036619253	-0.00284073781222
7.66818188341	-68.5523082840	50.4560418427	0.00284742983058	-0.00293482863344	-0.00276879942976
7.51954553315	-68.6958483192	49.9433988601	0.00274754292332	-0.00306847784668	-0.00296255433932
7.80647965994	-68.7118637103	49.8862010348	0.00287098600529	-0.00308330729604	-0.00300424732268
7.97205958241	-68.6541119579	50.0924572931	0.00295815127902	-0.00302955461666	-0.00293411198072
7.88650975994	-68.5961273104	50.2995453200	0.00293426797725	-0.00297547853552	-0.00284599349834
-10.0094415182	-68.5311357918	50.5316578863	-0.00520897377282	-0.00322571257129	-0.00309916306287
-10.0489967153	-68.3997368303	51.0009398919	-0.005275757052	-0.00309999636374	-0.00291753094643
-10.4112721388	-68.5215161153	50.5660138741	-0.0053916531615	-0.00323055614717	-0.00312569434755
-10.2948101802	-68.3947200406	51.0188569977	-0.00538785755634	-0.00310348020867	-0.00293518812396
-10.4583416040	-68.4495748294	50.8229470377	-0.00543995760381	-0.00316236750223	-0.00302929920144
-10.2225055983	-68.5376935078	50.5082374721	-0.00530151231214	-0.00323952245526	-0.00312944385223
-9.90054807564	-68.4615115675	50.7803158305	-0.00518605997786	-0.00315467524342	-0.00299027888104
7.30200928671	-66.2981163419	58.5067273503	0.00348046468571	-0.000856863160152	0.000847886141855
7.07583609553	-66.1537233176	59.0224167229	0.0034340354614	-0.000726566417143	0.00113917526323
7.45201745857	-66.2387089878	58.718896472	0.00358803779818	-0.000795694941189	0.000941697158851
6.85528660595	-66.2127742271	58.8115206176	0.00328861223534	-0.000790733727627	0.00105013826396
7.37661055637	-66.1709532596	58.9608812158	0.0035830300767	-0.000733056629542	0.00107528665103
6.90174761851	-66.2648605397	58.6254980724	0.00328766647726	-0.000838413543534	0.000948367407545
7.08961973232	-66.2884861492	58.5411208959	0.00337453722022	-0.000854437821545	0.000886544585228
3.14156155138	-69.8573320819	45.7952425645	0.000745369296055	-0.00418805610389	-0.00440092524514
3.34113788621	-69.7962161972	46.0135135813	0.000828667485621	-0.00412682583556	-0.0043206079863
3.23134580713	-69.9327839096	45.5257717513	0.000782851828262	-0.00425897864625	-0.00450433418155
3.60128832465	-69.8075353552	45.9730880171	0.000937033619266	-0.00413392670453	-0.00434011826292
3.49502626172	-69.9461293294	45.4781095380	0.000892013311386	-0.00426779733971	-0.00452617369592
3.69725871061	-69.8806928645	45.7118111983	0.000976138573606	-0.00420225504786	-0.00444102240726
11.1833900494	-66.7945626283	56.7337048988	0.00516809988767	-0.00128388148732	-0.000455347500974
11.4756255450	-66.8668367843	56.4755829133	0.00527159590274	-0.00135477841832	-0.000609121925663
11.2035035631	-66.9628150593	56.1328033597	0.00508990697563	-0.00144518935122	-0.000724066398107
10.9600635377	-66.8448118400	56.5542434287	0.00503296777606	-0.00133133283816	-0.000506001815666
11.4403409718	-66.9379562616	56.2215847799	0.00521710468456	-0.00142274389509	-0.000716088165063
10.9808168928	-66.9233604193	56.2737127883	0.00500246556476	-0.00140655389987	-0.000633335672319
11.3488823639	-66.8274546328	56.6162334544	0.00523104844615	-0.00131622736808	-0.000529825221747
-3.91636292505	-67.5005066859	54.2124761219	-0.0027117524296	-0.00214917166159	-0.00109431275632
-3.79329928879	-67.6340809127	53.7354253119	-0.00261258077808	-0.00226440816186	-0.00130034587346
-3.47443039126	-67.5498737465	54.0361651911	-0.00247607612982	-0.00218805787154	-0.00115227210335
-3.63521288920	-67.4944099885	54.2342500410	-0.00257210177369	-0.00214151176624	-0.00107102759648
-3.51390051465	-67.6161995507	53.7992873188	-0.00247839605436	-0.00224595749751	-0.00125920283608
-3.92147546710	-67.5842496568	53.9133940828	-0.00269012874924	-0.0022221764084	-0.00122786930297
-1.21108869986	-64.8162874233	63.7989734881	-0.00191862403881	7.0414673246e-05	0.00495707802474
-1.36584538855	-64.6874926235	64.2589549161	-0.00206335214898	0.000287985458272	0.0053177527152
-0.978214901946	-64.7886703844	63.8976057700	-0.00171960063744	9.41132748267e-05	0.00506166182458
-1.15517038672	-64.6712341004	64.3170210699	-0.0018830972258	0.000298127386486	0.00538899563253
-0.937200185827	-64.7225768134	64.1336542379	-0.00168861309066	0.000197941350052	0.00526106357574
-1.35144412218	-64.7555771927	64.0157957404	-0.00204476690851	0.000177514011739	0.00512159941718
8.92920418386	-68.6148017309	50.2328509609	0.00339318974875	-0.00299537694082	-0.00295038404875
8.92873394086	-68.4838741388	50.7004495043	0.00342969503254	-0.00287257018499	-0.00276461336762
9.35434985264	-68.5354059312	50.5164073886	0.00360480998643	-0.00292309117503	-0.00287305796519
9.18940830354	-68.4787751446	50.7186601977	0.0035478011705	-0.00286892848089	-0.00277876504697
9.23660810654	-68.6021431445	50.2780601982	0.00353316753171	-0.00298515125178	-0.00295759155415
8.80087930541	-68.5496828983	50.4654182204	0.00335406232625	-0.00293376971968	-0.00284794857726
9.66109416977	-66.2477222152	58.6867063742	0.00471354601905	-0.000760395370889	0.000658659439068
9.72699193560	-66.3271935583	58.4028801488	0.00470235804096	-0.000837011903059	0.000512146856636
9.38649693088	-66.2317834422	58.7436305636	0.00458350079134	-0.000747992889956	0.000723371340428
9.19158055297	-66.2866596011	58.5476442817	0.00445449305698	-0.000803904957138	0.000652423826978
9.50978926652	-66.3687023207	58.2546345691	0.00457033840939	-0.000879396218807	0.000468972604722
9.29996320386	-66.3403055238	58.3560517006	0.00448010070249	-0.000854405283462	0.000544935348444
2.32343729012	-69.6077472193	46.6866170738	0.000400469958549	-0.00396231608465	-0.00405297568068
2.41134256440	-69.5392145430	46.9313766321	0.00043735577492	-0.0038960732054	-0.00395939126611
2.20224660615	-69.4922418205	47.0991363554	0.000348038796801	-0.00385469477624	-0.00389353581704
1.89304243221	-69.5823665551	46.7772623030	0.000217508713831	-0.00394472433254	-0.00401650089771
1.97216929523	-69.5193663024	47.0022632056	0.000250149634667	-0.00388377485797	-0.00393003085628
2.04302602870	-69.6348496482	46.5898226850	0.000282079359749	-0.0039923125878	-0.00408890889958
-6.85088048728	-67.5558668243	54.0147613418	-0.00412925332785	-0.00223034294322	-0.00137625308707
-6.89025996827	-67.4289019091	54.4682074674	-0.00420026201755	-0.00211504404433	-0.00118012586609
-7.28045962895	-67.5216016466	54.1371369763	-0.0043484410271	-0.00220536580309	-0.00135955295991
-6.74291299606	-67.4977829711	54.2222036746	-0.00410089315847	-0.00217586825602	-0.00127638224512
-7.10695428901	-67.5716233237	53.9584881296	-0.00424514664337	-0.00224858615547	-0.00142231001519
-7.16341303498	-67.4500113760	54.3928165143	-0.0043226419948	-0.00213801162317	-0.0012371384073
-7.05995712148	-65.1303174711	62.6774376032	-0.00566599844024	8.82652238943e-05	0.0031131147407
-7.32420081151	-65.1282483805	62.6848272124	-0.00581817468628	9.15101409191e-05	0.00306074949913
-7.1167196608	-64.9961592918	63.1565739580	-0.00579588906839	0.00023444245744	0.0033961806912
-6.94994493086	-65.0627022359	62.9189205862	-0.00565129797906	0.00016092833539	0.00328605272807
-7.47698524314	-65.0705585472	62.8908623314	-0.00594829488546	0.000153617133037	0.00315178744495
-7.39547962251	-65.0095883140	63.1086131642	-0.00594729790464	0.000219800887862	0.00330273713917
9.29515008346	-65.1515833113	62.6014881740	0.00519799161702	0.000343563064234	0.00274575152434
9.16391844843	-65.2175707558	62.3658187294	0.0050831544213	0.000272905919701	0.00264280033298
9.58013579896	-65.2802808601	62.1418540710	0.00526693835855	0.000211128222873	0.00244242302142
9.69260715882	-65.2205858106	62.3550506764	0.00536770001054	0.000273930723779	0.00253464723937
9.30711773920	-65.2766486463	62.1548262633	0.00512213772163	0.000212563114474	0.00250112800859
9.55654838932	-65.1719001154	62.5289281593	0.00532679865137	0.000324057677062	0.00265477085486
-5.16267918320	-66.5351410699	57.6602104645	-0.00373886316083	-0.00131067598704	0.000483348208945
-5.19354449173	-66.4413154469	57.9953019755	-0.00380345690064	-0.00122740434017	0.000655888463371
-4.92243401752	-66.5417354554	57.6366590880	-0.00360666867346	-0.00131929898635	0.000489369500428
-4.76789924456	-66.4727292662	57.8831097635	-0.0035570289474	-0.00126126222312	0.000629444199149
-5.31597713589	-66.4889826302	57.8250620350	-0.00384437735192	-0.00126806518529	0.000556693586987
-4.95848976676	-66.4403113590	57.9988880036	-0.00367692345753	-0.00123000505846	0.000676334777381
1.19087257379	-65.4653352395	61.4809455733	0.00013717301772	-0.000606721383519	0.00304527836852
1.67771371949	-65.5115376084	61.3159371128	0.00049042457249	-0.000584197812714	0.00290979607962
1.50863681883	-65.4535604588	61.5229983614	0.00038101899554	-0.000561065447982	0.00306879170239
1.58931380967	-65.5919961581	61.0285851497	0.000404304533731	-0.000652884482406	0.00270468648523
1.25503426930	-65.5997643584	61.0008415773	0.000157848233357	-0.000692392815836	0.00269044796005
1.06545501595	-65.5347210468	61.2331391186	2.8046864827e-05	-0.000667324173264	0.00286164577119
-10.2969542523	-66.1814368529	58.9234398110	-0.00658635096624	-0.000999088166282	0.000451183092082
-10.5783510887	-66.3069076494	58.4753298237	-0.00663149915636	-0.0011252410477	0.000188970298041
-10.1230153259	-66.2921011298	58.5282102507	-0.00641723535955	-0.00110117706936	0.00029415168683
-10.6784656187	-66.2498530367	58.6790962974	-0.00672408752143	-0.00107328384183	0.000265672191745
-10.3543292119	-66.3176672020	58.4369028499	-0.0065128733404	-0.00113047019113	0.000210826445254
-10.0947279311	-66.2271494605	58.7601804981	-0.00645114574581	-0.0010385166388	0.000409502856201
-10.5470132782	-66.1886396003	58.8977157131	-0.00670557562262	-0.00101174041629	0.000392800662667
-1.24495623624	-68.5194233964	50.5734878699	-0.00122865405865	-0.00301120313816	-0.00254934700206
-1.39284737680	-68.3833012608	51.0596383542	-0.0013124429388	-0.00289135845378	-0.00235368777066
-1.70186438404	-68.4504668266	50.8197613337	-0.00144876074046	-0.00295679084957	-0.00246006739326
-1.61270162663	-68.5226732395	50.5618812877	-0.00139850215055	-0.00302040972747	-0.00256307562813
-1.59937714820	-68.3987950217	51.0043034938	-0.00140734447632	-0.00290865288116	-0.0023816220928
-1.25359451565	-68.4397665630	50.8579765608	-0.00124109536409	-0.00293965567835	-0.00243325647898
-1.99391778045	-66.8255784710	56.6229340322	-0.00187789450865	-0.00157957850024	0.00011606078624
-2.29172195636	-66.8260205728	56.6213550973	-0.00204537971877	-0.00157953775488	0.000106317413156
-1.84411896345	-66.8790131807	56.4320957831	-0.00178090319969	-0.00162170920521	2.59209027718e-05
-1.97530243959	-66.9315873225	56.2443309909	-0.00184208177961	-0.00166375224944	-6.96144852554e-05
-2.33388613022	-66.8797042755	56.4296275873	-0.00205442914739	-0.00162241247017	1.02041321952e-05
-2.22246186721	-66.9297034531	56.2510590961	-0.00197958340868	-0.00166259205434	-7.37071313779e-05
-11.4077954334	-67.3661574333	54.6922948812	-0.00635985890403	-0.0021454624366	-0.00158217386343
-10.9244898544	-67.3834356330	54.6305870250	-0.00612574629486	-0.00215042894706	-0.00154506985564
-10.9372112934	-67.4587644968	54.3615553687	-0.00609344150871	-0.00222262274474	-0.00165770342574
-11.4207286883	-67.4642003248	54.3421416970	-0.00631510652602	-0.00224010576494	-0.00172679091338
-11.1637160649	-67.4977393330	54.2223595249	-0.00617900118232	-0.00226572086103	-0.00174310384318
-11.1113424556	-67.3426555380	54.7762302216	-0.00623399484903	-0.00211596139707	-0.0015088992659
-0.543804770158	-69.4997904252	47.0721770528	-0.000828049494885	-0.00390806933865	-0.0039223106578
-0.72240179526	-69.3944371060	47.4484389073	-0.000913800380658	-0.00381136895157	-0.00377969793044
-0.996711729626	-69.4233923271	47.3450274031	-0.00102977722418	-0.00384408934042	-0.00382541259751
-0.701545416598	-69.5518204885	46.8863553983	-0.000891354633495	-0.00396072119474	-0.00399705860764
-1.07713802252	-69.4891030971	47.1103460819	-0.00105824088678	-0.00390818808228	-0.00391814624891
-0.936301744298	-69.5504832771	46.8911311530	-0.000992030021735	-0.00396401854232	-0.00399991264567
-0.508436391907	-69.4374459073	47.2948360454	-0.000817845168058	-0.00384812802076	-0.00383542082272
-8.64836032881	-68.4800848150	50.7139828037	-0.00461836252362	-0.00313322385773	-0.00290078250691
-8.71393043778	-68.3564226721	51.1556333138	-0.00469122175127	-0.00301720644347	-0.00272975838743
-8.40133624961	-68.4680477178	50.7569724363	-0.00451151421294	-0.00311459926888	-0.00286228186451
-8.42324792449	-68.3258474323	51.2648305990	-0.00457068160176	-0.00298005365767	-0.0026602037251
-8.28496496774	-68.3934367182	51.0234402920	-0.00448459666222	-0.00304040219635	-0.00274550030008
-8.80475686488	-68.4221297854	50.9209650523	-0.00470883166417	-0.00308247702196	-0.00283189932816
-9.27470056441	-66.7801079378	56.7853287937	-0.0056780888699	-0.00154808838852	-0.000390342291212
-9.82768209811	-66.8421787296	56.5636473941	-0.00590664427727	-0.00161647703499	-0.000566956528928
-9.50165678387	-66.7385182957	56.9338632297	-0.0058128060773	-0.00151286949404	-0.000353252893547
-9.23737138413	-66.8739370377	56.4502248655	-0.00560498330742	-0.00163551408332	-0.000538614753168
-9.75357218934	-66.7695930420	56.8228819929	-0.00591506995261	-0.00154673564248	-0.000439397845184
-9.47442416299	-66.8819948417	56.4214469938	-0.00571403792128	-0.00164725782815	-0.000582903681789
-9.63318331566	-66.8724442933	56.4555560955	-0.00579562736675	-0.00164122437127	-0.000588850642089
-0.0921130035435	-67.8207531337	53.0687388084	-0.000732476240955	-0.00237822835334	-0.00148338382132
0.127905555569	-67.6740009384	53.5928537913	-0.000628682493698	-0.00224991817959	-0.00125263864174
-0.241992660184	-67.7686285787	53.2548979332	-0.000810572819319	-0.00233599659987	-0.00140454550274
0.157798433431	-67.8066079458	53.1192573364	-0.000608313363045	-0.00236219190992	-0.0014588405611
-0.129523231143	-67.6949262277	53.5181206155	-0.000758293783292	-0.00227163755335	-0.00128822145052
0.291947041723	-67.7373584240	53.3665770572	-0.000543397327419	-0.00230099167675	-0.00135019270238
3.19410012835	-66.7728368767	56.8112968689	0.0010902970098	-0.00143483653665	0.000227462500334
3.46891486165	-66.8823690574	56.4201105094	0.00121451111045	-0.00151565170381	2.76212249446e-05
3.44960601744	-66.7468747664	56.9040186913	0.00123851478565	-0.00140387134161	0.000267194438493
3.63462563567	-66.7898232814	56.7506311380	0.00132889999077	-0.00143262941856	0.000185534969205
3.59164876630	-66.8428412699	56.5612811788	0.00129135954194	-0.00147843314335	9.33482442633e-05
3.14996560401	-66.8296574906	56.6083661050	0.00105235481169	-0.00148305192124	0.000127934879856
3.27713852128	-66.8790951442	56.4318030563	0.00111068575643	-0.0015194384614	3.82522011932e-05
1.01469203234	-67.3383357456	54.7916580514	-0.000171242165379	-0.0019547867123	-0.000711174332537
0.722081748134	-67.4092827313	54.5382759598	-0.000326795532601	-0.00201868801378	-0.000827134528663
0.666456107317	-67.2867295686	54.9759658263	-0.00035596624366	-0.00191909342539	-0.000627502624411
0.969994128285	-67.3969501131	54.5823210247	-0.000196266715648	-0.00200394843705	-0.000806534662843
0.610567690043	-67.3484047645	54.7556972696	-0.000385685241781	-0.0019705442246	-0.00072873022873
0.913582701917	-67.2838198364	54.9863577272	-0.000223757335334	-0.00191208545584	-0.000621994375251
-1.93890095529	-66.3866148677	58.1906611869	-0.00196553161368	-0.00124344683718	0.000930774898734
-1.65388638145	-66.3921215560	58.1709944428	-0.00179001095239	-0.00125128717627	0.000927070621401
-1.89451796718	-66.2772304798	58.5813197152	-0.00197207927704	-0.00116385577712	0.0011474089697
-1.44839847865	-66.3423102120	58.3488921002	-0.00167614186648	-0.00121761788614	0.00102865765803
-2.06073685007	-66.3374789212	58.3661467101	-0.00205516139977	-0.00120493187569	0.00102355098352
-1.57835784275	-66.2782218968	58.5777789402	-0.0017743522767	-0.00117028609384	0.00115278421436
10.8690685226	-67.4111368355	54.5316541591	0.00471490295604	-0.00187051924877	-0.00137522665318
11.1311962951	-67.4293309118	54.4666753150	0.00483039347455	-0.0018894681707	-0.00143318681512
11.1264377814	-67.2787796343	55.0043584488	0.00489770481363	-0.00174620689359	-0.00120386353228
10.8282047525	-67.3446015582	54.7692801492	0.00472566764802	-0.00180715485476	-0.00126924307551
11.3141025033	-67.3788697773	54.6468936525	0.00493984855711	-0.00184284325223	-0.00137866893783
10.9565184807	-67.3010916527	54.9246726689	0.00480656279251	-0.00176645955071	-0.00121773360297
11.3126361017	-67.3093842498	54.8950562506	0.00497165182605	-0.00177664204966	-0.00127309944946
-2.45792982235	-67.4400933505	54.4282380338	-0.00198552035727	-0.00208516581915	-0.000936210562941
-2.05285939388	-67.4779969608	54.2928679973	-0.00176905374974	-0.00211337371729	-0.000984322046861
-2.51780118724	-67.4982007888	54.2207114686	-0.00200363737531	-0.00213494570926	-0.00103178992867
-2.33476296467	-67.5401063813	54.0710486382	-0.00190140120685	-0.0021687776316	-0.00109264021739
-2.23841028349	-67.4360324138	54.4427413793	-0.00187307817396	-0.00207979278639	-0.000922411039937
-2.14489715825	-67.5236493408	54.1298237830	-0.00180762959644	-0.00215287460014	-0.00106030679308
-6.72484491820	-66.6180502564	57.3641062270	-0.00451006181538	-0.00137579767033	0.00019141411758
-6.75971513228	-66.5520290406	57.5998962835	-0.00456465408206	-0.00131521886215	0.000305663532345
-6.24743547639	-66.5385728883	57.6479539703	-0.0043082064949	-0.00130463973619	0.000381914171157
-6.28908496273	-66.6042980563	57.4132212276	-0.00429411185905	-0.00136413832661	0.000259225314949
-6.40061009983	-66.4754228571	57.8734897962	-0.00442277081311	-0.00124622811563	0.000481811352074
-6.59112640341	-66.5068361827	57.7612993474	-0.00450358400121	-0.00127415009774	0.000404899968999
-6.46907126903	-66.6278404788	57.3291411473	-0.00437397044152	-0.00138505117502	0.000199670379516
-2.30750604746	-64.4972958487	64.9382291117	-0.00285521103069	0.000670091540087	0.00569470506161
-2.74846124799	-64.4034799220	65.2732859928	-0.00321501889266	0.00084013666492	0.00585335167125
-2.48766236232	-64.3880547146	65.3283760194	-0.00301221571863	0.000850230047945	0.00594755541533
-2.75655199987	-64.4806751094	64.9975888951	-0.00320781487972	0.00072525232099	0.00564902974293
-2.31173414713	-64.4325751792	65.1693743601	-0.00286629749462	0.000771572464146	0.00586575269699
-2.49664075414	-64.5170290219	64.8677534932	-0.00300134089775	0.000653013004921	0.00560504663736
-3.85418594552	-64.0335784444	66.5943626986	-0.00417290534824	0.00139122980181	0.00652325758711
-3.52892942873	-64.1138767815	66.3075829231	-0.00389057723805	0.00128009438049	0.00640783272684
-3.61827567302	-64.1753756635	66.0879440591	-0.00394044211134	0.0011958318064	0.00623298343271
-3.84734801000	-64.1909097114	66.0324653164	-0.00410983199254	0.00117745762691	0.00613677129149
-4.06257834255	-64.0710648650	66.4604826249	-0.00431933207437	0.00134066690225	0.00637680245563
-3.67325780840	-64.0616146830	66.4942332751	-0.00402092235163	0.00135297665838	0.00650077173486
-4.04427021575	-64.1385629376	66.2194180799	-0.00427825329825	0.00125009997282	0.00621565198526
8.81551343013	-65.5012690204	61.3526106414	0.00471661705524	-2.73190562439e-05	0.00215495703742
8.80426936084	-65.6087753002	60.9686596422	0.00464523863047	-0.000137677867315	0.00195029843599
8.58262150894	-65.6029290679	60.9895390433	0.00453138770536	-0.000136146132718	0.00199672230519
8.93122430827	-65.5621651002	61.1351246423	0.00474076345563	-8.77866550582e-05	0.00201879697852
8.57820963013	-65.4986884751	61.3618268747	0.00459164148197	-2.92660261039e-05	0.00219938461669
8.46827646107	-65.5478261636	61.1863351301	0.00450349692255	-8.22203728603e-05	0.00212160404772
-11.2697417857	-67.1053084995	55.6238982159	-0.00643752934411	-0.00189368263818	-0.00117849768139
-10.9984466720	-67.0983662829	55.6486918470	-0.00631360383704	-0.00188156752847	-0.00112978287507
-11.3926594636	-67.0005084638	55.9981840578	-0.00655649648979	-0.00179695477709	-0.00103980710264
-11.0819432643	-66.9821505371	56.0637480818	-0.00642022537068	-0.00177365238778	-0.000966013991274
-11.4103358818	-67.0570698966	55.7961789407	-0.00653156545013	-0.00185077055357	-0.00112688099034
-10.8738947343	-67.0420985931	55.8496478817	-0.00628682831302	-0.00182593392674	-0.00102704355959
3.43100104443	-66.4960896982	57.7996796491	0.00129911059048	-0.00119823019486	0.000726563972421
3.58962536345	-66.5970658257	57.4390506225	0.00135856808629	-0.00127421121579	0.000534390739631
3.57395522907	-66.4494635510	57.9662016037	0.0013952216832	-0.00115297082812	0.000810081197415
3.85889535876	-66.5745412573	57.5194955098	0.00151610118337	-0.00124366767704	0.000566987029742
3.81634922445	-66.4423514667	57.9916019048	0.00153538759332	-0.00113499478903	0.000815292587504
3.40547721703	-66.5539279757	57.5931143725	0.00126740569249	-0.0012467962224	0.00061941758031
3.96146798752	-66.5100432922	57.7498453850	0.00159440713469	-0.00118482334074	0.000682792859152
3.82252459989	-68.0111037445	52.3889151984	0.00117767462507	-0.00247785612009	-0.00179914443288
4.15199056762	-67.8790891323	52.8603959560	0.00135778926779	-0.0023557243403	-0.0016085030511
3.68011069396	-67.9279591877	52.6858600438	0.00112137559336	-0.00240671122447	-0.00166986684781
4.22362277778	-67.9324389498	52.6698608936	0.00138311588671	-0.00240177335218	-0.00169173104223
4.06879451790	-67.9865458166	52.4766220835	0.00129963550717	-0.0024522067979	-0.00176889274735
3.91530139042	-67.8963813313	52.7986381026	0.00124020432122	-0.00237493868917	-0.00162801507395
8.68642608921	-64.8112782713	63.8168633169	0.0050849490799	0.000703299883753	0.00354697764851
8.30361980754	-64.8974697092	63.5090367529	0.00481266900897	0.000604586733971	0.00345324585214
8.14492086912	-64.7597301514	64.0009637450	0.00480887526646	0.000754251785111	0.00376974535175
8.55891570338	-64.7576708425	64.0083184197	0.00504752388224	0.000761036353651	0.00368344830349
8.07253761417	-64.8447627289	63.6972759681	0.00471452763304	0.00065885821823	0.00360978883691
8.58192827645	-64.8868305975	63.5470335802	0.00497648026794	0.000619866477791	0.00341663137078
8.37403111533	-64.7242298725	64.1277504553	0.00496318889782	0.00079632300185	0.00379245821387
-9.48303078520	-68.9387809557	49.0757823012	-0.0048356433399	-0.00360324466601	-0.00361968716606
-9.56614991914	-68.8744676615	49.3054726374	-0.00489313853905	-0.003543530358	-0.00353781762533
-9.38842812678	-68.8072799746	49.5454286623	-0.00483709480613	-0.00347194261849	-0.0034279723186
-9.12146929842	-68.9390017024	49.0749939201	-0.00467698369175	-0.00359069742262	-0.00358787854202
-9.12674861972	-68.8624709472	49.3483180458	-0.00470372708514	-0.00351652363315	-0.00348169519566
-9.31123233825	-68.9596487488	49.0012544687	-0.00475364224985	-0.00361746060662	-0.00363329122774
-3.95388884608	-66.0229560040	59.4894428430	-0.00332887098193	-0.000894214550499	0.00158055196516
-4.20590387068	-66.0768995115	59.2967874589	-0.00344649073668	-0.000931289163418	0.00145011325367
-3.86597161623	-66.0815607182	59.2801402920	-0.00324680749327	-0.000947744527366	0.00146362022497
-4.14573425942	-66.0317756857	59.4579439796	-0.00343591463752	-0.000894258613698	0.0015484855976
-4.05578236100	-66.1100314537	59.1784590940	-0.00334238330834	-0.000965184066445	0.00139217916876
-9.73792630761	-67.6019095224	53.8503231343	-0.00546752428636	-0.00232894788496	-0.00172844715416
-9.98256790945	-67.6332872360	53.7382598714	-0.00556652667001	-0.00236466177739	-0.00180236739106
-9.98005684443	-67.7028701504	53.4897494630	-0.00553355319425	-0.00243062991649	-0.00190487364307
-9.46801267661	-67.6356758645	53.7297290552	-0.00532675441355	-0.00235437857918	-0.00174929527566
-9.38109189589	-67.7014196484	53.4949298271	-0.00525707285851	-0.00241430755705	-0.00183801737148
-9.80558963620	-67.7390045090	53.3606981822	-0.00543676037341	-0.00246042455547	-0.00193905108608
-9.57258042590	-67.7510867196	53.3175474299	-0.00532381050289	-0.00246594497003	-0.00193191831931
7.26724261693	-64.5419405594	64.7787837164	0.0044259945862	0.000987142091617	0.00442087976262
6.78813365818	-64.5041762519	64.9136562433	0.00415802793577	0.0010203885613	0.00461140647531
7.27653276665	-64.4332557795	65.1669436446	0.00449459534138	0.00111419346649	0.00464865611866
7.02585595765	-64.5629600951	64.7037139462	0.0042693731375	0.000957412237767	0.00443108053878
7.0453465638	-64.4023058151	65.2774792318	0.00437160255387	0.00114666193258	0.00476848054677
6.82670597593	-64.4317289991	65.1723964318	0.00422116555274	0.00110705755651	0.00475740199909
7.33378800216	-64.4868310981	64.9756032210	0.00449789082631	0.00105245166924	0.00452217366546
10.8614370612	-67.9568702955	52.5826060876	0.00448341993615	-0.00238810502924	-0.00218507135287
11.1932333170	-67.8725678512	52.8836862457	0.00466941017658	-0.00231135822833	-0.00209807464853
11.1102881587	-67.9415666195	52.6372620731	0.00460366299376	-0.00237607839517	-0.00218951050192
10.6732188292	-67.9266330007	52.6905964259	0.00440863892436	-0.0023577848915	-0.00212119542994
10.7200992805	-67.8632182455	52.9170776946	0.00445497827604	-0.00229808944277	-0.00203324877657
10.9525843751	-67.8397287987	53.0009685762	0.00457165436819	-0.00227778404951	-0.00202366965823
10.9462692123	-65.8689171956	60.0395814442	0.00559615390375	-0.000381496822229	0.00112364056986
10.7829067124	-66.0111833668	59.5314879756	0.00542226945981	-0.0005222245818	0.000903548207134
10.6225996168	-65.9316622935	59.8154918090	0.00539030507207	-0.000443770113634	0.00106772873551
10.7379361178	-65.8652181021	60.0527924924	0.00549161667004	-0.000377698190277	0.00116514554247
11.0524381621	-65.9706244541	59.6763412353	0.0055850930512	-0.000482411502162	0.000929693342187
11.0423103307	-65.9159268102	59.8716899635	0.00561497965828	-0.000428296771133	0.00102580990642
-7.48043636056	-69.4745618243	47.1622791989	-0.00381408957765	-0.00405812030658	-0.00419813068584
-7.20742944255	-69.3745528414	47.5194541379	-0.00372153962962	-0.00395142519847	-0.00404116744176
-6.96870721948	-69.4201383284	47.3566488271	-0.00360754923895	-0.00398840662092	-0.00408757245168
-7.44672577630	-69.3967724251	47.4400984818	-0.00381908426061	-0.00398080050945	-0.0040887221694
-7.24730735028	-69.5327470440	46.9544748427	-0.00369996181689	-0.0041075963527	-0.00426154863089
-6.98300695113	-69.4964678427	47.0840434190	-0.00359543366358	-0.00406349496916	-0.00419358722866
6.06249032390	-66.2295282224	58.7516849201	0.00285924552009	-0.000838036648929	0.00108946941327
5.76606960795	-66.2608415574	58.6398515807	0.00268542091362	-0.000880136503838	0.00105316878762
6.07693945452	-66.0776210726	59.2942104551	0.002938849153	-0.000694959191605	0.0013817420695
5.63786169533	-66.1856609133	58.9083538809	0.00264997361228	-0.000816944986582	0.00120757543482
5.79471817356	-66.1000755047	59.2140160547	0.00277500669472	-0.00072976766387	0.00136214448139
6.26371286566	-66.1783691973	58.9343957239	0.00299111683853	-0.000781544775236	0.00117006408982
6.21461926313	-66.1220437472	59.1355580458	0.00299172173254	-0.000730620988179	0.00128288834821
4.56262422410	-66.7898764698	56.7504411793	0.00183142663445	-0.00139889935963	0.00015181733761
4.82836063350	-66.7568087965	56.8685400126	0.00198438693769	-0.00136073760223	0.000198186098714
4.56121882160	-66.9289025193	56.2539195740	0.00178721651901	-0.00151886662934	-9.0172077762e-05
5.03754981313	-66.8276674304	56.6154734630	0.00207118340768	-0.00141534185968	6.36465410935e-05
4.89068262010	-66.9090706161	56.3247477996	0.00196694303304	-0.00149119959679	-7.04338090145e-05
4.47715472865	-66.8572592428	56.5097884184	0.00176450307481	-0.00145989027806	3.73502662114e-05
10.0486219603	-65.5379933900	61.2214521787	0.0053459093906	-5.08450975758e-05	0.00187243276741
9.89518638779	-65.6092328211	60.9670256391	0.00521902600303	-0.000124107813463	0.00176808447577
10.1039981529	-65.6821443124	60.7066274558	0.00528129749	-0.000196436783881	0.00159890472423
10.2645685387	-65.5468856633	61.1896940597	0.00545363407582	-5.90138261032e-05	0.00181738147512
10.3175528995	-65.6205310069	60.9266749753	0.00543276360258	-0.00013338860299	0.00167380541097
0.659768790894	-65.8158884730	60.2289697394	-0.000311057228828	-0.000866821676027	0.00216675293632
0.124765279262	-65.8116040858	60.2442711220	-0.000699667376466	-0.000883341708686	0.00217502610758
0.482070451918	-65.7415921494	60.4943137522	-0.000435911410023	-0.000832126126625	0.00234227394685
0.493768818172	-65.8737595415	60.0222873518	-0.000433893670561	-0.000908003596123	0.00203344738111
0.227468654846	-65.7400808736	60.4997111656	-0.000625125365332	-0.0008404297987	0.00234523415565
0.258461506177	-65.8758994576	60.0146447942	-0.000602086947765	-0.000916910415981	0.00202765106224
-4.62095873274	-67.0774223807	55.7234914977	-0.00321354181506	-0.0017858997453	-0.000437509501353
-4.97487617661	-67.2381938823	55.1493075631	-0.00333287124522	-0.00192730827257	-0.00072819768684
-4.68512760211	-67.2286405315	55.1834266731	-0.00318962731399	-0.00191758899018	-0.000694343878422
-4.93436825757	-67.0841166746	55.6995833051	-0.00337211298756	-0.00179219781421	-0.000468627084047
-5.08513645047	-67.1705011273	55.3910674026	-0.00341473775916	-0.00186833634507	-0.000623269646894
-4.56187371144	-67.1605233777	55.4267022225	-0.003151754383	-0.00185785931535	-0.000573692203034
-5.93050077161	-67.7298522360	53.3933848715	-0.00362347741611	-0.0023753370624	-0.00157593260519
-6.42403461480	-67.8020070485	53.1356891126	-0.00383289135061	-0.00244853366166	-0.00172243954148
-5.76954504952	-67.7926160415	53.1692284233	-0.00352501799352	-0.0024298178032	-0.00166140939109
-5.99851327736	-67.8757101618	52.872463708	-0.00360595271923	-0.00250882538967	-0.00180403701961
-6.23879556672	-67.7576013321	53.2942809569	-0.00376079976559	-0.00240510562435	-0.00164076290093
-6.35749191666	-67.8629190363	52.9181462991	-0.00377997988835	-0.00250310008414	-0.00181022693869
3.44146132380	-64.3666056091	65.4049799677	0.00201654946432	0.00103797158226	0.00575973885134
3.03329127833	-64.4205298362	65.2123934420	0.00170786073431	0.000929577159695	0.00572133809328
3.43766380347	-64.4862257388	64.9777652187	0.00198935810477	0.000869249983225	0.00546168116853
3.16546314470	-64.4883510783	64.9701747204	0.00179395324085	0.000842655426823	0.00551879219711
3.50169914904	-64.4215316529	65.2088155254	0.00204821699299	0.000965071667451	0.00560866808519
3.20651517220	-64.3610670742	65.4247604494	0.00184589170385	0.00102918362245	0.00583019480109
-8.07313705060	-68.1657097346	51.8367509479	-0.0044686156325	-0.00281967665069	-0.00239776610397
-7.74939076328	-68.0179338396	52.3645220013	-0.00437379255891	-0.00267357379198	-0.00215292396024
-7.54280472489	-68.1062236235	52.0492013445	-0.0042466269806	-0.00275138253346	-0.00226603238843
-7.75275125499	-68.1637950384	51.8435891485	-0.00432266201824	-0.00281011988409	-0.00236787996255
-8.13899390617	-68.0891767397	52.1100830726	-0.00452677533031	-0.00274933106266	-0.00229149963707
-7.98306158525	-68.0331265832	52.3102622029	-0.00447592465207	-0.00269307475537	-0.00219545629807
-7.57332881793	-68.0484212093	52.2556385382	-0.00428137462586	-0.00269811833277	-0.00218324898742
-3.43892104683	-69.4456172469	47.2656526897	-0.00208139442839	-0.00391744449735	-0.00393167696893
-3.47027706500	-69.6191744450	46.6458055537	-0.00206772424281	-0.00408545974642	-0.00417255796492
-3.66652326738	-69.5781815747	46.7922086617	-0.00215808604844	-0.00405057473108	-0.0041242018342
-3.62739838419	-69.4896402684	47.1084276130	-0.00215554796159	-0.00396421598271	-0.00400034571066
-3.24973314291	-69.4923398015	47.0987864231	-0.00199264846742	-0.00395788485184	-0.00398882990703
-3.26541154269	-69.5636981493	46.8439351810	-0.00198856624775	-0.00402695173398	-0.00408798223361
2.85720105505	-65.1128769104	62.7397253200	0.00144667329732	-3.06502115563e-05	0.00390486163087
3.36073479773	-65.1582641845	62.5776279124	0.0017655773554	-1.02223439171e-05	0.00372177152894
2.74217552637	-65.1842956559	62.4846583719	0.00134624366183	-0.000128240528284	0.00372341647744
3.21420097435	-65.2224587195	62.3483617161	0.00164760823827	-0.000100901947008	0.00357096455991
2.96069146779	-65.2158595195	62.3719302873	0.00148306495976	-0.000129702486447	0.00361553137191
3.13341803118	-65.1192581985	62.7169350055	0.00162997411098	2.64971163233e-06	0.00385337695479
2.71378418610	-68.4236746996	50.9154475013	0.000609288807027	-0.00286229001358	-0.00238831387833
2.79312067495	-68.2625407006	51.4909260694	0.00065890076803	-0.00271700345911	-0.00215312512591
2.99795692797	-68.4208769518	50.9254394578	0.000741413678043	-0.00285568414256	-0.00238830107264
3.03311306898	-68.2779432838	51.4359168435	0.000770513783209	-0.00272712274455	-0.00217953650281
2.56841736326	-68.3691360486	51.1102283977	0.000545370625332	-0.00281553925015	-0.00230686995201
3.07935825418	-68.3564611752	51.1554958030	0.000784911739174	-0.00279668322764	-0.00229558162391
2.64318571140	-68.3104880690	51.3196854677	0.000584559107665	-0.00276201427914	-0.00222173565999
3.58328624648	-69.1387618395	48.3615648590	0.000952248752583	-0.00350557873026	-0.00341956969351
3.41974288228	-68.9796872070	48.9296885465	0.000890369934496	-0.00336000905372	-0.00319391861558
3.76882403277	-69.0840926386	48.5568120049	0.00103673909325	-0.00345270521939	-0.00334694585763
3.69097332356	-68.9949673340	48.8751166643	0.00100891944021	-0.00337099190801	-0.00322054838762
3.27836759372	-69.0403317082	48.7131010423	0.000824457267299	-0.00341781438328	-0.00327664869837
3.33661112782	-69.1082773840	48.4704379144	0.000846302136779	-0.00348013616167	-0.00337267830037
-0.484986021359	-68.3492105108	51.1813910330	-0.000888939655852	-0.00284608639777	-0.00228522787802
-0.488728272987	-68.2193172988	51.6452953613	-0.00090024882229	-0.00273101264611	-0.00209291954525
-0.600655627985	-68.2863379014	51.4059360665	-0.000948366126977	-0.00279208854772	-0.0021942849271
-0.247474754598	-68.3375938404	51.2228791416	-0.000777770066634	-0.00283190212213	-0.0022645208519
-0.189838029023	-68.1989149584	51.7181608629	-0.000758781679906	-0.00270825927146	-0.00205813231878
-0.120457077571	-68.2728080434	51.4542569880	-0.000721476506442	-0.00277237826958	-0.00216705468483
-2.80561536016	-68.8293483102	49.4666131780	-0.00189974531531	-0.00332279666327	-0.00304198591039
-3.31808591790	-68.7742717582	49.6633151491	-0.00213976833038	-0.00328196655028	-0.00298284436576
-3.00676879612	-68.8703586103	49.3201478202	-0.00198353570886	-0.0033648237586	-0.00310782343149
-2.87446337330	-68.7714243808	49.6734843543	-0.00193998462055	-0.00327059836127	-0.0029616993852
-3.09566450874	-68.7590896089	49.7175371110	-0.00204196712002	-0.0032635263633	-0.0029523440171
-3.25802186797	-68.8504683523	49.3911844560	-0.00209952611476	-0.00335142412223	-0.00308921653777
-3.85927351527	-64.8844609409	63.5554966397	-0.0038693563547	0.000252621131949	0.00434815138578
-3.99050341845	-64.9274620053	63.4019214096	-0.00393629679456	0.00020938598027	0.00421081017703
-3.92405130962	-64.9951867155	63.1600474445	-0.00386282126419	0.000122521116282	0.00404571183026
-3.53086592950	-64.9930518812	63.1676718529	-0.00360780698247	9.12633622647e-05	0.00411794614047
-3.66278380551	-64.8709138161	63.6038792281	-0.00374490185641	0.00025418685982	0.00442102598026
-3.73446204048	-65.0141495590	63.0923230034	-0.00373177649453	8.41743458295e-05	0.00402804464102
-3.45178106288	-64.9281873905	63.3993307481	-0.00358164682984	0.000163645934663	0.00430578412488
7.22553911057	-69.2018424724	48.1362768842	0.00251824804582	-0.00353963882662	-0.00365015212446
7.16703944016	-69.1475767667	48.3300829760	0.00250264676288	-0.0034892137628	-0.00357163883746
7.60548303106	-69.0974137900	48.5092364641	0.00270065874793	-0.00344258826226	-0.00352955632843
7.33096744106	-69.0915605200	48.5301409999	0.00258341175504	-0.00343701918609	-0.00350404996425
7.47095022981	-69.2281130737	48.0424533083	0.0026185226161	-0.00356410443783	-0.00370153435506
7.71125443112	-69.1615276886	48.2802582550	0.00273370556533	-0.00350246764719	-0.0036251344718
-3.21529484904	-65.6952307053	60.6598903382	-0.00305523350835	-0.00065372051904	0.00235871435143
-2.88835453706	-65.6922648300	60.6704827500	-0.00284898793325	-0.000675135292113	0.00238581444137
-2.90183147713	-65.5679823454	61.1143487663	-0.00292083388194	-0.000568595423829	0.00268644210882
-3.18599063604	-65.5727696188	61.0972513614	-0.00310117937624	-0.000548482814338	0.00265451567248
-2.73639838980	-65.6227567780	60.9187257930	-0.00278524262831	-0.000629427784588	0.00256199692376
-3.35815486712	-65.6288500551	60.8969640889	-0.00318006658927	-0.000585021218285	0.00250606844202
-4.66371154117	-64.9621804515	63.2779269589	-0.00434698816389	0.000210805446841	0.00399454403669
-4.91840108997	-64.9583880099	63.2914713931	-0.00450710719451	0.000228130535106	0.00395425502211
-4.99962009220	-64.8640062728	63.6285490256	-0.00460843555629	0.000343132589478	0.00417147902772
-4.79064350701	-64.8062373289	63.8348666824	-0.00450666481629	0.000403990852647	0.00436007324606
-4.49624308640	-64.8985052135	63.5053385233	-0.00427379598841	0.000277420273051	0.00418828614056
-4.56248785166	-64.8307069762	63.7474750850	-0.00434898445383	0.000363399478374	0.00434691784903
6.34158640711	-68.6233669934	50.2022607380	0.00223749852739	-0.00300523941405	-0.00279092392884
5.92911689398	-68.6469692415	50.1179669946	0.00204809615389	-0.0030295709148	-0.0028041023761
6.32908344136	-68.4967267468	50.6545473328	0.00225714663975	-0.00288855936378	-0.00260940240696
6.43821644066	-68.5632711350	50.4168888034	0.00229284865782	-0.00294922920875	-0.0027103680186
5.84513490925	-68.5697356944	50.3938010916	0.00202423706651	-0.00295906118117	-0.00269010826014
6.03851464134	-68.4958905168	50.6575338687	0.00212566461414	-0.00288977776654	-0.00259353523143
6.15624450557	-68.6717678632	50.0294004885	0.00214533391409	-0.00305100157857	-0.00285027967766
-6.58027082319	-65.4579983584	61.5071487198	-0.00516602071002	-0.000263866502792	0.00249064317904
-6.05485864415	-65.3902455029	61.7491232039	-0.00491585442796	-0.000205107862712	0.00272870622575
-6.50469237464	-65.5381995334	61.2207159522	-0.00506951194257	-0.000347462802893	0.00233059306629
-6.37981252554	-65.3815702480	61.7801062573	-0.00510548101738	-0.000188284786418	0.00269220978953
-6.14332836666	-65.5361440356	61.2280570157	-0.00486963894218	-0.000353226059815	0.00239242869429
-5.95436623952	-65.4616334355	61.4941663017	-0.00481219636276	-0.000282019143924	0.00258597126231
4.52301044016	-69.0456164820	48.6942268499	0.00136984942947	-0.00340928277001	-0.00331203499809
4.79424088145	-69.0608966090	48.6396549677	0.00148684461601	-0.00342100090347	-0.00334168574773
4.40361093405	-69.1977809703	48.1507822490	0.00130427407566	-0.00355181889609	-0.00352054135874
4.67325880074	-69.2189325153	48.0752410167	0.00141900102608	-0.00356898130849	-0.00355765689164
4.32963070808	-69.1194616596	48.4304940728	0.0012786895968	-0.00347969355062	-0.00340963155031
4.93382709178	-69.1178811004	48.4361389272	0.00154162198305	-0.00347272446379	-0.00342565658502
4.85692495151	-69.1770005667	48.2249979762	0.00150226615369	-0.00352834002115	-0.00350526347756
-6.06225179758	-69.0049158249	48.8395863395	-0.0033136641141	-0.00356162199751	-0.00345111475326
-5.44867178297	-68.9228621356	49.1326352299	-0.00306201190688	-0.00346808391623	-0.00329868099652
-6.02758614636	-68.9320511573	49.0998172953	-0.00331624690443	-0.00349135883152	-0.00334639963694
-5.76982172238	-68.8829321299	49.2752423933	-0.00321404845454	-0.00343824084848	-0.00326119340025
-5.84765307389	-69.0519313396	48.6716737871	-0.00320795341395	-0.00360081950203	-0.00350394216366
-5.53885902441	-69.0177496764	48.7937511557	-0.00307995639741	-0.00356030813418	-0.00343764736317
8.47617377254	-68.1981687617	51.7208258511	0.00330884056166	-0.00260479445569	-0.00231764093041
7.85928792975	-68.2195741482	51.6443780421	0.00302074872889	-0.00262566143647	-0.00230292440392
8.33845612045	-68.2664434169	51.4769877967	0.00322597287595	-0.00266842218116	-0.00240616011433
8.01837748513	-68.2753892949	51.4450382324	0.00307777198032	-0.00267707533203	-0.00239540915936
8.28901216292	-68.1568905550	51.8682480177	0.00323559436947	-0.00256656785496	-0.00224306527525
8.05623009604	-68.1709178770	51.8181504394	0.00312478723936	-0.00258004944772	-0.00224615959451
-8.10104713259	-69.1611964111	48.2814413890	-0.00416492857039	-0.00377238891087	-0.00381218409166
-8.36026890712	-69.1812197855	48.2099293373	-0.00427198363468	-0.00380055583082	-0.00386034068651
-8.37596448451	-69.3282658729	47.6847647397	-0.00423770397902	-0.00394496321678	-0.00406448030844
-7.89350024938	-69.2167479056	48.0830431942	-0.00405940646306	-0.00381966191344	-0.00387315498665
-7.92933354327	-69.2945403024	47.8052132059	-0.00405392609537	-0.00389672443271	-0.00398337515071
-8.47321071575	-69.2596495636	47.9298229870	-0.00429880572483	-0.00388109125197	-0.0039777061902
-8.13652564600	-69.3232111680	47.7028172572	-0.004135732539	-0.0039317519404	-0.00403877627105
-5.06308821297	-69.8989438467	45.6466291188	-0.0026956833899	-0.00440115947276	-0.00462961802259
-5.30855385897	-69.7501921499	46.1778851790	-0.00282713049091	-0.00426171487197	-0.00443954765797
-5.38817208745	-69.9281878074	45.5421864021	-0.00282700965181	-0.00443958863616	-0.00468681007624
-5.60332901064	-69.8643650366	45.7701248692	-0.00292973546311	-0.00438285106793	-0.00461177807301
-5.57189436702	-69.7829908004	46.0607471415	-0.00293231429532	-0.00430163182318	-0.00449894135818
-5.07837599916	-69.7869092214	46.0467527808	-0.00272271130234	-0.00429121730849	-0.00447748042643
-5.03126564321	-69.8416420750	45.8512783035	-0.00269271782599	-0.00434372713789	-0.00454979389906
-7.97060457306	-65.8325228663	60.1695611919	-0.00565489474684	-0.000630176218692	0.00149029842578
-8.62239460592	-65.8631715472	60.0601016171	-0.00597342615947	-0.000663731305394	0.00132045464125
-8.05133063077	-65.9012828363	59.9239898702	-0.00564810959622	-0.000697791110724	0.00134460930713
-8.48518821089	-65.7912901543	60.3168208776	-0.00595515267923	-0.000591845775489	0.00148107169662
-8.46300990995	-65.9202183931	59.8563628819	-0.00584881613031	-0.000718328170478	0.00124048476573
-8.21540188513	-65.7840189738	60.3427893793	-0.00581885036081	-0.000583058223128	0.00154254620429
-8.24505467679	-65.9193907275	59.8593188303	-0.00573619222268	-0.000716217968147	0.00127838144545
4.91615191973	-64.0800476052	66.4284014100	0.00315830809996	0.00148879422341	0.0060350545682
5.16254666416	-64.2269354170	65.9038020820	0.00325656542554	0.00130836188328	0.00563173508272
5.25339297855	-64.0483781094	66.5415067520	0.0034075488802	0.00153785699513	0.00600393489003
4.96671830259	-64.1870153687	66.0463736831	0.00314236199483	0.00135296268854	0.00577782001346
5.42560314442	-64.1792752200	66.0740170715	0.0034545478411	0.00137620337773	0.00566324405372
5.44032299863	-64.1133392853	66.3095025526	0.00349824922159	0.00145966187119	0.00580447493121
4.89478207586	-64.1390853168	66.2175524400	0.00311498367228	0.00141229270957	0.00590758165345
0.256342014023	-65.0590258902	62.9320503923	-0.000601029896643	-0.000313214579364	0.00426604039967
-0.145796685405	-65.1454199939	62.6235000217	-0.00095203256933	-0.000419132964453	0.00399794010445
0.352193559386	-65.2041791113	62.4136460312	-0.000518446380738	-0.000465004879516	0.00381639041007
0.447904755618	-65.1082541512	62.7562351744	-0.000433173205238	-0.000359712663339	0.00410939054564
-0.0252278656851	-65.0847064720	62.8403340286	-0.000849465315696	-0.000351649476215	0.00418736878783
-0.0255448141251	-65.2028468574	62.4184040807	-0.000843993679155	-0.000476204440929	0.00382218649611
3.94778589187	-65.4626940297	61.4903784654	0.00201155501418	-0.000258992193267	0.00289573636837
4.29631285349	-65.5895567786	61.0372972192	0.00216424977407	-0.000348943052813	0.00256749731489
3.79116947720	-65.5259948163	61.2643042276	0.00188835954759	-0.000337533914717	0.00275838165544
4.46569193392	-65.5149892252	61.3036099101	0.00229857349768	-0.000260027882177	0.00272314413451
4.25077396709	-65.4551423274	61.5173488307	0.00219782162458	-0.000220335292397	0.0028842787724
3.98130927635	-65.5846566574	61.0547976521	0.00197803066112	-0.00037416498526	0.00260517722927
-4.44483340269	-68.3641901905	51.1278921766	-0.00273900106549	-0.00292679923587	-0.0024402635172
-4.05104521146	-68.5017102147	50.6367492334	-0.00252642435953	-0.00304525298998	-0.00262179155834
-3.88330300730	-68.4366450413	50.8691248526	-0.00246309209615	-0.00298256287351	-0.00251911068335
-4.35868218672	-68.5028001354	50.6328566592	-0.00266728154384	-0.00305221625604	-0.00263832788914
-3.9881496673	-68.3752862133	51.088263524	-0.00252488441765	-0.00292854337022	-0.00243410794064
-4.56071794298	-68.4396972864	50.8582239771	-0.00277458573692	-0.00299817067571	-0.0025567356497
-4.18442457762	-68.3332904299	51.2382484646	-0.00262545817532	-0.00289385369979	-0.00238179904409
-1.83108504263	-69.2223686175	48.0629692231	-0.00141372124199	-0.00367039605044	-0.00356597546488
-2.24905667970	-69.1285883828	48.3978986329	-0.00160898198374	-0.00359061989002	-0.00344686512835
-1.98124461575	-69.0908798212	48.5325720672	-0.00149564014282	-0.0035499362275	-0.00338576408103
-2.29625692417	-69.2043173316	48.1274381013	-0.00161974597722	-0.00366282276809	-0.0035545444116
-1.77132409513	-69.1440887854	48.3425400521	-0.00139666162431	-0.00359564111568	-0.00345463305712
-2.07607259961	-69.2650878768	47.9104004398	-0.00151564960834	-0.00371566461399	-0.00363273918629
-0.211626758234	-64.1874548557	66.0448040869	-0.00104372715577	0.00112253532279	0.00673571135849
0.288591313965	-64.2067265694	65.9759765379	-0.000586171168834	0.00109821092337	0.00668309023604
0.0178465705142	-64.2253217279	65.9095652575	-0.000833502155729	0.00106001645327	0.00664351368323
0.349671303453	-64.1443188668	66.1988611899	-0.000530518358573	0.00120629696175	0.00683269044384
-0.215454625265	-64.1241864965	66.2707625125	-0.00104742730036	0.00122993451077	0.00688952067867
0.207155008481	-64.0995258988	66.3588360756	-0.000660427496769	0.00127791473642	0.00694603053853
-0.0034207617317	-64.0853586912	66.4094332459	-0.000853204168379	0.00129749078769	0.00698391534388
-5.25482927013	-67.9906389118	52.4620038865	-0.0032176671084	-0.00260117417201	-0.0019297178369
-5.72050195159	-68.0937166021	52.0938692782	-0.0034056561999	-0.00270299939439	-0.00211371388286
-5.21777994116	-68.1370490503	51.9391105345	-0.00315779400989	-0.0027335784398	-0.00214710459113
-5.07964750476	-68.0537655098	52.2365517505	-0.00311653362587	-0.00265551218763	-0.00201430614106
-5.53529411308	-68.1538400455	51.8791426946	-0.00330130499788	-0.00275463983417	-0.00219148024917
-5.64475322007	-68.0109692265	52.3893956195	-0.0033954589162	-0.00262611894868	-0.00198483932763
3.07996531643	-66.1707003425	58.9617844909	0.00119723915122	-0.000954594579525	0.00137098622508
2.87226577595	-66.1654197017	58.9806439224	0.00107340642717	-0.000963914964814	0.00138713431079
3.22009621422	-66.0597952156	59.3578742300	0.0013205249561	-0.000855722581036	0.0015951365931
2.70717182726	-66.0328426026	59.4541335621	0.00101487908978	-0.000872249423992	0.00166639988311
3.04874500519	-66.0119417643	59.5287794132	0.00123342731968	-0.000829892524052	0.00170134822838
2.70748965382	-66.1248314625	59.1256019197	0.000985452556051	-0.000943185412325	0.00147415453102
3.17914660059	-66.1207245765	59.1402693695	0.00127404008526	-0.000907902081963	0.001470174524
-2.85584575802	-67.8490110926	52.9678175264	-0.00209853961132	-0.00244117015973	-0.00159519980662
-3.19673721300	-67.8684935342	52.8982373778	-0.00226109940559	-0.00246265926398	-0.00163860293105
-3.26492174886	-67.9413385528	52.6380765971	-0.00227809534408	-0.00252772634849	-0.00175298645627
-2.72596792545	-67.9973718574	52.4379576520	-0.00200573704205	-0.00256957695819	-0.00181733432692
-2.64406497410	-67.9182756734	52.7204440235	-0.00198111520149	-0.0024989489466	-0.00169380637817
-3.06809833722	-67.9995332414	52.4302384237	-0.0021705457475	-0.00257637980394	-0.00183358159848
5.15284262950	-65.9965828333	59.5836327383	0.0024691040162	-0.000668547407258	0.00162039557472
5.57945763317	-65.9027025502	59.9189194636	0.00275090173818	-0.000554970873054	0.00177679758053
4.99326806695	-65.9388416703	59.7898511775	0.00240607000887	-0.000624963839073	0.00175114034209
5.4643479878	-65.9807573877	59.6401521867	0.00264984741807	-0.00063551653875	0.00162769877352
5.40191176800	-65.8534496891	60.0948225391	0.00267583457753	-0.00051856628852	0.00189453701023
5.12095595735	-65.8673857883	60.0450507562	0.00251147593372	-0.000549777294509	0.00188978784718
4.80788977394	-64.7381233866	64.0781307621	0.00282905553468	0.000646449741907	0.00453061098233
4.64348351904	-64.8985601724	63.5051422413	0.00266701518558	0.000437118462287	0.00417561875656
4.53704902567	-64.7723150443	63.9560176990	0.00264605972916	0.000583177199587	0.00450470391661
4.92077303127	-64.8614929451	63.6375251962	0.0028523216024	0.000504101219121	0.00421189097688
4.48813818686	-64.8593452315	63.6451956017	0.00258471281268	0.000471341598313	0.00430115219206
4.93296979038	-64.7908736366	63.8897370123	0.00288732349873	0.000590594951063	0.00437818700448
-5.17392548908	-69.1942477583	48.1634008634	-0.00288093229756	-0.0037192797754	-0.00366438133642
-4.95932676539	-69.2412632729	47.9954883110	-0.00277756201103	-0.0037587841507	-0.00371845625341
-4.77093611379	-69.0788689172	48.5754681530	-0.00272835185751	-0.00359937618487	-0.00348143628798
-4.61664975413	-69.1296251710	48.3941958177	-0.00265023601241	-0.00364383822307	-0.00354478647932
-5.07973016328	-69.1130505804	48.4533907844	-0.00285690976307	-0.00363942608237	-0.00354570243508
-4.68790164858	-69.2080281829	48.1141850609	-0.00266583194025	-0.00372022343799	-0.00365806347691
-7.29306458783	-68.4096221062	50.9656353351	-0.00403052056208	-0.00302981561981	-0.00268863886595
-6.85416765965	-68.4470868722	50.8318325994	-0.00381984282285	-0.0030543145258	-0.0027100990992
-7.29348360876	-68.5384671367	50.5054745117	-0.00399033725262	-0.0031513159629	-0.00287400721572
-7.00522607336	-68.5254766467	50.5518691189	-0.0038644077722	-0.00313171441667	-0.00283398176543
-7.43534894334	-68.4799226613	50.7145619240	-0.0040725460276	-0.00309967622161	-0.00280082807876
-6.99130629414	-68.3984671537	51.0054744509	-0.00389708508737	-0.00301199639216	-0.0026498127263
5.49784227666	-67.1665303298	55.4052488220	0.00219850451685	-0.00170049956068	-0.000534177583177
5.79089650584	-67.2978699705	54.9361786768	0.00230514421128	-0.00181056419387	-0.000764325552154
5.35324764672	-67.2449475421	55.1251873498	0.00210130307823	-0.00177327438723	-0.000655755749904
5.78669145812	-67.1567689115	55.4401110305	0.00234791683033	-0.00168491376098	-0.000533520651516
5.92867344654	-67.2284106788	55.1842475755	0.00239606411196	-0.00174561177846	-0.000659027835354
5.50204732439	-67.3076313889	54.9013164683	0.00215760990977	-0.00182540761307	-0.000765114556998
2.44779147653	-65.8064707044	60.2626046272	0.000926022883505	-0.000720548909158	0.00217029685155
1.95880474503	-65.7305300852	60.5338211243	0.000624118023552	-0.000712144304998	0.0023580363486
2.28443173742	-65.8869954840	59.9750161286	0.000792722392362	-0.000795737141743	0.00199223682284
1.82334109002	-65.8020823154	60.2782774450	0.000510692014359	-0.000775178254116	0.00219256640412
2.29351507274	-65.7470528766	60.4748111549	0.000844660738949	-0.000690525164828	0.00231170770712
1.97083576336	-65.8709738308	60.0322363184	0.000590749899857	-0.000810697383713	0.00203341711313
-0.205549840187	-68.7545272642	49.7338311994	-0.000732606218662	-0.00320688937791	-0.00286956434138
-0.393596591203	-68.9156533646	49.1583808408	-0.000806642754469	-0.00335790240206	-0.00310218404047
-0.476024602538	-68.7624722188	49.7054563616	-0.000854772806633	-0.00321873347275	-0.00288511114195
-0.588377518126	-68.8725694635	49.3122519161	-0.000897211430129	-0.00332161039114	-0.00304421386681
-0.159713461957	-68.8888343254	49.2541631235	-0.000703586265445	-0.00332918250933	-0.00306056835689
-0.56947260328	-68.8158006566	49.5149976550	-0.000893071759492	-0.0032691443339	-0.00296295736916
-0.121307393646	-68.8204424098	49.4984199649	-0.000690468528774	-0.0032657419797	-0.00296263466589
-2.03558732813	-68.1169092147	52.0110385191	-0.00165256229229	-0.00266479956917	-0.00197512074374
-1.86272397960	-68.1841350447	51.7709462689	-0.00155999173876	-0.00272157415748	-0.00207082997076
-2.30260799658	-68.1276280069	51.9727571181	-0.00177888176404	-0.00267833704129	-0.00199950556271
-2.16377855414	-68.2525242760	51.5266990144	-0.00169304641895	-0.00278711412102	-0.00218161614612
-1.92097286760	-68.2630005327	51.4892838117	-0.00157656730153	-0.00279255211353	-0.00218992354348
-2.29931281926	-68.1967162465	51.7260134053	-0.00176609167829	-0.0027395747602	-0.00210279761814
6.43425495442	-66.4998780960	57.7861496571	0.00293378182687	-0.00107369420584	0.000557771068998
6.69354089499	-66.4900156198	57.8213727863	0.0030734424945	-0.00105602189433	0.000554576574359
6.35632395735	-66.5831454699	57.4887661791	0.00285694026388	-0.00115264847409	0.000414106616518
6.96244783102	-66.5783030080	57.5060606859	0.00317298085429	-0.00112966052257	0.000374324183213
6.75219513371	-66.6307510164	57.3187463701	0.00304157030769	-0.00118414207827	0.000298981060041
6.90492140147	-66.5117390020	57.7437892787	0.00317330099642	-0.00106958218385	0.000497683824506
6.53032021424	-66.6249727301	57.3393831069	0.00292945257388	-0.00118543487042	0.00032653962262
-7.23668546225	-64.8853595491	63.5522873248	-0.00594766438007	0.000356514763553	0.0036132093519
-7.27664954428	-64.8038243166	63.8434845835	-0.00603244779631	0.000446980207926	0.00378410913981
-7.57521440731	-64.7899031746	63.8932029478	-0.00622056983411	0.000460066279629	0.00373922311701
-7.51544542396	-64.8987885713	63.5043265310	-0.0061009908095	0.00034045331995	0.00351606472395
-7.69906612796	-64.8432061692	63.7028351098	-0.00625180313364	0.000399977754569	0.0035916173365
-0.145752577872	-64.4829943557	64.9893058726	-0.000980310724117	0.000596254016273	0.00598009908572
-0.209544204703	-64.6091414852	64.5387804100	-0.00103596539702	0.000368934153812	0.00562979606912
-0.428070305691	-64.5565797969	64.7265007252	-0.00123716122471	0.000464655749965	0.00577059946954
-0.386333390501	-64.4947812551	64.9472098032	-0.00120038411114	0.000575280457269	0.0059420298785
0.00911410279123	-64.5826633068	64.6333453329	-0.000836013525259	0.000417953939177	0.00570634612814
0.0596055484861	-64.5200459435	64.8569787733	-0.000791192462202	0.000531934900209	0.00587972765788
-11.0859511347	-65.8225846395	60.2050548591	-0.00727476924658	-0.000675308692735	0.00090887141414
-10.5261595916	-65.8795512028	60.0016028471	-0.00694075739011	-0.000713916670065	0.000928321445826
-10.6569965218	-65.9403424743	59.7844911632	-0.00695769162849	-0.00077621609671	0.000795713043772
-10.6501478603	-65.8203865913	60.2129050309	-0.00705320993438	-0.000659927492961	0.00100623525213
-10.9521511813	-65.9421413401	59.7780666425	-0.00710608484223	-0.000786319200415	0.000731760868803
-11.1537573734	-65.8854030260	59.9807034785	-0.00725603615865	-0.000738012720831	0.000786153075751
-10.8687070613	-65.8061863602	60.2636201422	-0.0071773249656	-0.000652596412692	0.000984442187473
-5.58661890057	-65.6631448564	60.7744826559	-0.00447536725551	-0.00049679807853	0.00219527771696
-5.46219846323	-65.7273850542	60.5450533778	-0.00436502508819	-0.000563843001146	0.00207153498195
-6.04512224021	-65.7414541207	60.4948067119	-0.00468092923984	-0.000560763000976	0.00196607899852
-5.89072123234	-65.7952033554	60.3028451592	-0.00456121517345	-0.00061703362735	0.0018731050659
-5.88759806550	-65.6719751188	60.7429460042	-0.00463833240792	-0.000496366701555	0.00213566841558
-5.62050172719	-65.7855834262	60.3372020494	-0.00441731838509	-0.000615166791249	0.00192725146189
10.3983230524	-68.4240152313	50.9142313168	0.00410590227693	-0.00282654468901	-0.00280949333683
10.3086332493	-68.3405808414	51.2122112807	0.00409344350919	-0.00274660135619	-0.00268221786246
10.4838247489	-68.2870740733	51.4033068812	0.00419061072171	-0.00269759702496	-0.00262283114716
10.6967318098	-68.4368163526	50.8685130265	0.00423520011827	-0.00284207309596	-0.00285673514009
10.7697501909	-68.3675870803	51.1157604274	0.00429152045399	-0.00277715246193	-0.00276590278372
10.6950309177	-68.3034581394	51.3447923593	0.00428015599027	-0.00271535851061	-0.00266717118211
-6.33421851933	-68.6289082453	50.1824705524	-0.00353224948049	-0.00321252644062	-0.00293550593778
-6.81037924782	-68.7117790149	49.8865035182	-0.00372257223353	-0.00330272479914	-0.00308628333732
-6.68310079709	-68.6424679643	50.1340429845	-0.00368520640768	-0.00323392776772	-0.00297861825675
-6.62341512178	-68.7594704244	49.7161770556	-0.00362586346455	-0.00334304571152	-0.00314112333581
-6.28794710368	-68.6966108751	49.9406754460	-0.00349299958907	-0.00327512994409	-0.00302920257673
-6.39278970524	-68.7395109328	49.7874609544	-0.00352834677324	-0.00331824226305	-0.00309724058025
5.50802782548	-65.0829065251	62.8467624104	0.00310941901989	0.000288502866169	0.00358450808562
5.74874984468	-65.0463998787	62.9771432902	0.0032675366383	0.000345420616213	0.00362631585449
5.74554558644	-64.9755607979	63.2301400075	0.00329903559759	0.000426037237048	0.00378829822876
5.27357622940	-65.0369164657	63.0110126225	0.00299186934717	0.000324322667439	0.00373152527027
5.32554228214	-64.9557614764	63.3008518700	0.00305855693296	0.00042186974315	0.00391190126538
5.55679847124	-64.9532722732	63.3097418813	0.00319759198464	0.000440115778474	0.00387458200566
-10.4402035844	-65.6303598467	60.8915719762	-0.00710517633706	-0.000468094280222	0.00138988054823
-9.86277158441	-65.6199099177	60.9288931511	-0.00681168027222	-0.000442855292931	0.00153400423005
-10.0359964749	-65.6956087897	60.6585400369	-0.00683950772509	-0.000521752343047	0.0013585385168
-10.0311573071	-65.5498912938	61.1789596651	-0.00695902621374	-0.000377346354071	0.00162705196999
-10.3216102341	-65.5679643623	61.1144129918	-0.00709655229002	-0.000403079931857	0.00152946892194
-10.3203527211	-65.6968559291	60.6540859675	-0.00698636239395	-0.000530178600457	0.00129599985667
4.68510673166	-69.5549872325	46.8750455983	0.00139937968925	-0.00388253573328	-0.00402092980221
4.74477929556	-69.3870887127	47.4746831688	0.00143590930384	-0.00372507842258	-0.00379219581373
4.49330241021	-69.4957134741	47.0867375924	0.00132187455893	-0.00382906547748	-0.00393422972411
4.94472363102	-69.5343276273	46.9488299026	0.00151002372149	-0.00386062799953	-0.00400070101023
5.03154357845	-69.4106258595	47.3906219304	0.00155606900807	-0.00374442851171	-0.00383385270834
4.55033169329	-69.4302601776	47.3204993655	0.00135011295788	-0.00376726710238	-0.00384589261375
5.04051103245	-69.4713766863	47.1736546917	0.00155503011774	-0.00380097958259	-0.00391761399806
7.30084829956	-65.5312791887	61.2454314690	0.00388563866727	-9.99544281512e-05	0.00233372161165
6.91293686769	-65.5952955256	61.0168016942	0.00363974785432	-0.000181513416464	0.00225773616694
7.43880845165	-65.6789261975	60.7181207233	0.00387818436138	-0.00024594279239	0.0020168737974
6.98604597411	-65.6604320034	60.7841714163	0.00364429177716	-0.000244714057771	0.00211504567415
7.07237291125	-65.5540702481	61.1640348282	0.00374891934916	-0.000132464236231	0.00232011964545
7.45992963993	-65.5985863928	61.0050485972	0.00393416639417	-0.000163343400345	0.00217454903759
7.18606978399	-65.6781536772	60.7208797243	0.00374273606576	-0.000254575221334	0.00205267546698
1.06615101945	-69.2213674944	48.0665446629	-0.000146653968841	-0.00361734000035	-0.00351764820516
0.67347294939	-69.1013399619	48.4952144218	-0.000322711450281	-0.00351177551784	-0.00335189048201
0.811225694734	-69.2326370705	48.0262961768	-0.000257511681411	-0.0036320022773	-0.00353475986049
1.11243550071	-69.1257251956	48.4081243015	-0.000128822444822	-0.00352740101516	-0.00338365393691
0.616415323912	-69.1824052098	48.2056956791	-0.000344615546055	-0.00358824152499	-0.00346597586758
0.904770845876	-69.0736452261	48.5941241927	-0.000221608628635	-0.00348231033422	-0.00331148458645
8.51200086910	-66.2039811807	58.8429243548	0.00415306771174	-0.00073539186269	0.000884406501427
8.23867065481	-66.1963143694	58.8703058236	0.00401678821072	-0.00073393288767	0.000931226124521
8.20814541917	-66.3306869568	58.3904037257	0.00393099058419	-0.000864121306222	0.000692616333254
8.05390542353	-66.2561734796	58.6565232870	0.00389035255648	-0.000796115840785	0.000844056834467
8.62759967681	-66.2686272171	58.6120456531	0.0041776211001	-0.000795728934463	0.000754464184865
8.50496319268	-66.3251732792	58.4100954314	0.00408529629931	-0.000852643162943	0.000668435532134
-5.09010677068	-64.6272203693	64.4742129667	-0.00479097804055	0.000634029333014	0.00473666377366
-4.88031127654	-64.6505777810	64.3907936393	-0.00464236130938	0.000599116261583	0.00472890073434
-5.02180721629	-64.4922424770	64.9562768679	-0.00481555750594	0.000800840905868	0.00508631207049
-4.68745093274	-64.6088095814	64.5399657809	-0.00453566107899	0.000645308813546	0.00487908301875
-5.18309473267	-64.5427471940	64.7759028785	-0.00489644519985	0.000740598596167	0.00492136832327
-4.81612289153	-64.5044879053	64.9125431955	-0.00467121880502	0.000781244598329	0.00510805472732
-4.70417010992	-64.5553032181	64.7310599353	-0.00457188254222	0.000713746529073	0.00500909984112
-8.66012081079	-67.8577074107	52.9367592475	-0.00485690496862	-0.00254431320354	-0.00199772254564
-8.9894689025	-67.7853381301	53.1952209640	-0.00503937713802	-0.00248402915895	-0.00192252674606
-8.79637262809	-67.9106699312	52.7476073887	-0.00489828689024	-0.00259737670422	-0.0020891954191
-9.09911010676	-67.9068989257	52.7610752653	-0.00503923138604	-0.00260133645497	-0.00211316742934
-8.76776573811	-67.8070880302	53.1175427491	-0.00492758117616	-0.00249928166158	-0.0019329165807
-9.18095743251	-67.8350052013	53.0178385669	-0.00510688871145	-0.00253548519686	-0.00201538135298
-6.36330023833	-69.7170710310	46.2961748893	-0.00328125967644	-0.00426071835682	-0.00445572426543
-6.25886160985	-69.5591726238	46.8600977722	-0.00327101256698	-0.00410247733817	-0.0042328312993
-6.51476634742	-69.5921101461	46.7424637640	-0.0033730790019	-0.00414256006479	-0.00429413886741
-6.07019698813	-69.6848269797	46.4113322153	-0.00316360103898	-0.00421996926889	-0.00439365766943
-6.03285904496	-69.6056004765	46.6942840125	-0.00316442828625	-0.00414113793522	-0.00428280187771
-6.49309758201	-69.6596523034	46.5012417736	-0.00334888929501	-0.00420823507011	-0.00438532652333
-0.486805231491	-70.3438469692	44.0576893959	-0.000733309076168	-0.00472868187353	-0.00507203117013
-0.387844990188	-70.2740838832	44.3068432744	-0.000698466785252	-0.00465733930469	-0.0049761258997
-0.53464028723	-70.2076798341	44.5440005926	-0.000764659896959	-0.00459469668567	-0.00488906074315
-0.793203632321	-70.2116726704	44.5297404630	-0.000871204421856	-0.00460409885272	-0.00489952601492
-0.725776942371	-70.3494120991	44.0378139319	-0.000830979086459	-0.00473932549357	-0.00508416257799
-0.908385948903	-70.3070846984	44.1889832201	-0.000909939000849	-0.00470116967335	-0.00503087323159
-0.882141308139	-70.2576205605	44.3656408552	-0.000903718988411	-0.00465149944648	-0.00496350647882
-9.05420604190	-66.1391660985	59.0744067911	-0.00599341001362	-0.000936459458899	0.000740544928703
-8.56354757414	-66.1094114233	59.1806734882	-0.00576526578516	-0.000902601866983	0.000873435928952
-8.85594091579	-66.1838126066	58.9149549766	-0.00586144253612	-0.000977001502179	0.000692616798915
-8.98359273276	-66.0700558796	59.3212290016	-0.00600746367127	-0.00086891616229	0.000876626581885
-8.72293227012	-66.0523645774	59.3844122234	-0.00588722806424	-0.00084896327462	0.00095207215054
-8.58490118684	-66.1810900020	58.9246785642	-0.00572609947994	-0.000971677771304	0.000739865237847
-2.34261961695	-65.2929901050	62.0964639108	-0.00267306901515	-0.00037645190605	0.00344650959596
-2.26155050359	-65.1399338426	62.6430934193	-0.00267543666996	-0.000227334647207	0.00388461444527
-2.49142190443	-65.2397365336	62.2866552370	-0.00280027324334	-0.000304984685499	0.00358041655272
-2.07327772403	-65.2825553579	62.1337308647	-0.00248405197635	-0.000399084819946	0.00349699985236
-1.99854966985	-65.2271641301	62.3315566781	-0.00245014438406	-0.000353708892362	0.00365981389768
-2.05407037045	-65.1742681894	62.5204707522	-0.00251046544872	-0.000291652570013	0.00380671932362
-2.42419171590	-65.1832513510	62.4883880322	-0.00277594686486	-0.00025382018066	0.0037447004579
5.52685064623	-68.3569147850	51.1538757677	0.00191874383017	-0.002766903257	-0.0023692608811
5.9892910681	-68.2810262359	51.4249063005	0.0021468938794	-0.00269339000806	-0.00228018756025
5.42591897895	-68.2965169100	51.3695824643	0.00188366463408	-0.00271292636171	-0.00227695773356
5.86000328669	-68.2181688710	51.6493968892	0.00210048211738	-0.00263729714788	-0.00218192627653
5.81580782320	-68.3500189622	51.1785037063	0.00205285544507	-0.00275793555193	-0.00237229233608
5.60692619776	-68.2382962025	51.5775135626	0.00197891937569	-0.00265814200975	-0.00219969567843
-5.74472333785	-67.1207886739	55.5686118788	-0.00376797839999	-0.00182712939568	-0.000587362970691
-6.01391904212	-67.1241380770	55.5566497251	-0.00390134681948	-0.00183146528434	-0.000613860087469
-5.63128249042	-67.1954088386	55.3021112908	-0.00367977633141	-0.00189294363372	-0.000702678633388
-5.97110118078	-67.2694299815	55.0377500659	-0.00381826213561	-0.00196131388657	-0.000849549251143
-6.12883711744	-67.1780639656	55.3640572657	-0.0039350814186	-0.00188051653095	-0.00071224354906
-6.12373960219	-67.2356757466	55.1583009049	-0.00390786118805	-0.00193221063819	-0.000806356489193
-5.77064415105	-67.2695249636	55.0374108444	-0.00371891958639	-0.00195988477208	-0.000834604783449
0.226506137108	-70.2756769405	44.3011537840	-0.000445381883765	-0.00464638695121	-0.00496886949986
0.386886403715	-70.2100694200	44.5354663571	-0.00038385487278	-0.00457842787728	-0.00487834168598
0.680476997798	-70.3428775182	44.0611517207	-0.000254459067946	-0.00470398366451	-0.00505427783355
0.669250874289	-70.2145255326	44.5195516693	-0.000267095572781	-0.0045773438178	-0.00488138385117
0.404011446802	-70.3441587723	44.0565758131	-0.000367703236407	-0.00471071247011	-0.00505896471441
0.816046171331	-70.2809295817	44.2823943511	-0.000202625946258	-0.00464003067464	-0.00496962433681
6.66226669312	-69.5792678443	46.7883291276	0.00222508283332	-0.00389065477066	-0.00413539772853
6.93263298488	-69.5869584508	46.7608626757	0.00233664386906	-0.00389712047763	-0.00416055927053
6.92337638961	-69.6837304044	46.4152485557	0.00232105492614	-0.00398691231385	-0.0042911991477
6.62848944053	-69.6478514469	46.5433876895	0.00220317859203	-0.00395439751446	-0.00422674464062
7.01895706114	-69.6451644300	46.5529841785	0.0023651807569	-0.00395096838474	-0.00424435641617
6.74673108801	-69.6978512824	46.3648168486	0.00224656704813	-0.0040004462935	-0.00430068187416
-1.48538706204	-65.8400453863	60.1426950488	-0.00184753118083	-0.000874972436577	0.00209029344842
-1.31246882777	-65.9022453593	59.9205522882	-0.00170867657289	-0.000922465173062	0.00195206084754
-1.08800379858	-65.7523409527	60.4559251689	-0.00159418408293	-0.000836814404465	0.00230338191614
-1.36221102611	-65.7674604679	60.4019269004	-0.00178551091813	-0.000833720550872	0.00226238346659
-1.03771646217	-65.8918107286	59.9578188265	-0.00152127887122	-0.000924436724745	0.00197993661277
-0.936105377087	-65.8253754406	60.1950877121	-0.00146615866106	-0.000886512629222	0.00213340041228
1.75996626468	-68.7449251959	49.7681243005	0.000158244496561	-0.00316684693098	-0.00284439977258
2.14947938759	-68.7015788606	49.9229326409	0.000335825257935	-0.00312165613286	-0.00278420234099
2.29484621043	-68.7561175116	49.7281517444	0.000399721058784	-0.00316928350367	-0.00286318385042
2.15981398316	-68.8252908188	49.4811042186	0.000336730736308	-0.00323445955291	-0.00296075525694
1.92614810808	-68.8374863657	49.4375486941	0.000231573270867	-0.0032490005251	-0.00297689228319
1.87930715742	-68.7023914944	49.9200303770	0.000213155435631	-0.0031263474375	-0.00278394320048
1.73548604913	-68.7930328440	49.5963112715	0.000146506674355	-0.00321112549864	-0.00291300308891
-0.209876803474	-66.3318887606	58.3861115691	-0.000896241457667	-0.00121107383166	0.0010670335032
-0.0397714098138	-66.3977605230	58.1508552751	-0.000783891242463	-0.00125410256442	0.000940514262766
0.372223811699	-66.3264892137	58.4053956653	-0.000525310111698	-0.0011974616209	0.00108195585199
-0.0929865678819	-66.2682411443	58.6134244845	-0.00082609965466	-0.0011669152882	0.00119386753067
0.266718075042	-66.3953692498	58.1593955365	-0.000591502524912	-0.00124708539806	0.000947380030993
0.201986777314	-66.2555833932	58.6586307384	-0.000635539647192	-0.00115358748008	0.00122133654077
-2.89123827576	-66.7425965677	56.9192979725	-0.00240656454116	-0.00150996167213	0.000234205348534
-3.05364588531	-66.6828194896	57.1327875371	-0.00251806597225	-0.00146024720743	0.000335958116921
-2.46579354179	-66.6696448181	57.1798399354	-0.00218929466791	-0.00145470234565	0.000382102909498
-2.60864484540	-66.6200057080	57.3571224715	-0.00228693289682	-0.00141424580943	0.000468323531095
-2.62243829708	-66.7238188748	56.9863611613	-0.00226149056107	-0.00149662874173	0.000278187129879
-2.91881312575	-66.6290114589	57.3249590753	-0.00246091303416	-0.00141818891279	0.000440041301772
4.45018914231	-66.2322778668	58.7418647614	0.00197192467749	-0.000921867846046	0.00119298708159
4.87022611174	-66.1483407425	59.0416402054	0.00224312092178	-0.000823577691335	0.00133467570413
5.02487499181	-66.2181007056	58.7924974800	0.00229912530631	-0.000877727463376	0.0011874291813
4.86987979159	-66.2990921937	58.5032421654	0.00217925594188	-0.00095805642195	0.00103981525172
4.60742193295	-66.3006486381	58.4976834354	0.00203273515217	-0.000973033485934	0.00105141708627
4.56372260131	-66.1607655809	58.9972657825	0.00206548720598	-0.000852502533235	0.00132840033621
1.30249566064	-66.9123153788	56.3131593613	6.61711328576e-06	-0.00160605588462	5.58728561373e-06
1.70258265371	-66.8290558213	56.6105149238	0.000241038957029	-0.00152993842494	0.000149706887896
1.11712532851	-66.8415026411	56.5660619961	-9.39716701396e-05	-0.00155547063332	0.000129746025777
1.24438126372	-66.7729809797	56.8107822153	-1.61394928e-05	-0.00149937800597	0.000250944751315
1.53164813326	-66.7631036536	56.8460583801	0.000150542880874	-0.00148365530185	0.000267659546807
1.53372170994	-66.8847592346	56.4115741622	0.000139452793519	-0.00157840026077	5.28297023266e-05
-6.78196191742	-64.4743688153	65.0201113739	-0.00597409857437	0.000826659670565	0.00465813931078
-6.62413673261	-64.4278161679	65.1863708288	-0.00590712297708	0.000882825697772	0.00480916257948
-6.93850099150	-64.3594296759	65.4306083002	-0.0061617619358	0.00095821445575	0.00487535772845
-6.97578328822	-64.4523949765	65.0985893698	-0.00611392501742	0.000849674048368	0.00465371925384
-7.0917309002	-64.4066931713	65.2618101025	-0.00622339826077	0.000900631828699	0.00472392560914
-6.69077217533	-64.3719467440	65.3859044858	-0.0059913797304	0.000947612978052	0.00491855898872
-1.51445105876	-67.2537964208	55.0935842113	-0.00152697169688	-0.00192187086213	-0.00060399150243
-1.24581657911	-67.2437910969	55.1293175112	-0.00138491461985	-0.00191114540212	-0.000581216008868
-1.09866602182	-67.1831915957	55.3457443010	-0.00131443771534	-0.00186041276902	-0.000477278517792
-1.21764737083	-67.1386749080	55.5047324713	-0.00138552137651	-0.00182557280641	-0.000405090482673
-1.48911939314	-67.1400979148	55.4996503042	-0.00153280189261	-0.00182898470666	-0.000413621397456
-1.61356297151	-67.1913058617	55.3167647795	-0.00159094494302	-0.00187157816254	-0.000502529379446
-4.97633755437	-67.8330101296	53.0249638227	-0.00313227740116	-0.00245486246422	-0.00167304347269
-4.98612948131	-67.6890870965	53.5389746554	-0.00318179512396	-0.00232625706121	-0.00145102711394
-5.13729327646	-67.7702463241	53.2491202710	-0.00322913774289	-0.00240076892078	-0.00158611941151
-4.70630040166	-67.8196995557	53.0725015868	-0.00300628901459	-0.00243925466202	-0.0016369652003
-4.69943926199	-67.6721026276	53.5996334729	-0.00304747885093	-0.00230776541866	-0.00140764296521
-4.59635295679	-67.7461887498	53.3350401791	-0.00297478493303	-0.00237232702784	-0.00151720503345
2.84397228411	-67.2703169122	55.0345824565	0.00080190342851	-0.00185761111788	-0.0006148435059
3.00415868925	-67.3323031315	54.8132031017	0.000875568832271	-0.00190587097313	-0.000719313160516
2.60846464139	-67.4217953455	54.4935880517	0.00065714167431	-0.00199057650752	-0.000857544189785
2.88774678025	-67.4085137071	54.5410224747	0.000803299539257	-0.00197305693291	-0.000840729218908
2.59760987964	-67.3121963895	54.8850128945	0.000666353502311	-0.00189868186135	-0.000679456570651
2.51991947032	-67.3745032361	54.6624884424	0.000617366284132	-0.00195273803547	-0.000779789756052
6.20603367513	-67.6305019798	53.7482072150	0.00241037248634	-0.00210128445178	-0.00131403817795
6.34608317891	-67.5580567146	54.0069403050	0.00249946280383	-0.00203386088833	-0.00120922271162
6.35710591587	-67.6901998531	53.5350005247	0.00246622692794	-0.00215302221477	-0.00141487154178
6.59619923399	-67.5556904563	54.0153912274	0.00262151076458	-0.00202799378894	-0.00122050091159
6.59939325093	-67.6845000203	53.5553570702	0.00258425413631	-0.00214466056786	-0.00142032885924
6.70015688072	-67.6227037925	53.7760578839	0.00265117175877	-0.00208729458973	-0.00133109686431
-4.33072241366	-69.6027140919	46.7045925290	-0.00243804394267	-0.00409104581922	-0.0041875988245
-4.60214753046	-69.6359491819	46.5858957791	-0.00254801893607	-0.00413047568873	-0.00424636667594
-4.12561528582	-69.6541199828	46.5210000614	-0.00234166858718	-0.00413570506498	-0.00424879603088
-4.61620168168	-69.7098016688	46.3221368973	-0.0025407676585	-0.00420288462192	-0.00434842938557
-4.16899727328	-69.7368977993	46.2253650026	-0.00234619085677	-0.0042174924165	-0.00436436990276
-4.41538979378	-69.7376947424	46.2225187771	-0.00245060538873	-0.00422476744279	-0.00437695300207
7.19868707992	-66.9070846540	56.3318405216	0.00315196579322	-0.001426985953	-0.000212146478589
7.59878666007	-66.9875507910	56.0444614608	0.0033186825458	-0.00149324187078	-0.000379004894057
7.49462108874	-66.9210905226	56.2818195623	0.00329442042857	-0.00143384188414	-0.000259719439782
7.05418916380	-66.9660159275	56.1213716876	0.00305555411614	-0.00148408475798	-0.000299757899484
7.16230097419	-67.0362830162	55.8704177993	0.00308180204593	-0.00154618837405	-0.000424870784627
7.41757188151	-67.0458749194	55.8361610022	0.003204976907	-0.00155020877719	-0.000460595329059
-10.8516153016	-68.1764856662	51.7982654778	-0.00572583451867	-0.00291127990931	-0.00268453196622
-10.4916777421	-68.2533265072	51.5238339029	-0.00553201651201	-0.00297341286205	-0.00275516929105
-10.7352457712	-68.2415394733	51.5659304526	-0.00564651191235	-0.00297032413073	-0.0027642948553
-10.6613068953	-68.1226843963	51.9904128703	-0.00566229876131	-0.00285280845128	-0.00258724810556
-10.3622235921	-68.1981246056	51.7209835514	-0.00549592776224	-0.00291581405327	-0.00266302656382
-10.4141490373	-68.1389341857	51.9323779080	-0.00554363755509	-0.00286043644883	-0.00258399429731
-4.52264792966	-65.1173667744	62.7236900913	-0.00417777337134	2.3282438633e-05	0.00363061879762
-4.68867655732	-65.1928786324	62.4540048842	-0.00423748698086	-5.08901975991e-05	0.00341591634788
-4.28872736607	-65.1214162466	62.7092276906	-0.00403117248788	3.13561054099e-06	0.00365917128511
-4.59566048975	-65.2617283375	62.2081130805	-0.00414244551212	-0.000131481909193	0.00326149375178
-4.33384776107	-65.2631485524	62.2030408844	-0.00398281682283	-0.000150013103848	0.00329648773186
-4.20433190314	-65.1933259993	62.4524071452	-0.00394112244248	-8.32901423564e-05	0.0034903769847
-6.43552395257	-69.3461147653	47.6210186953	-0.0033951678779	-0.00390020105988	-0.00395022286102
-6.19391894665	-69.3895067573	47.4660472954	-0.00328087457456	-0.00393524114043	-0.00399501388893
-5.82250810052	-69.2651519414	47.9101716378	-0.00314803048968	-0.00380452116951	-0.00380011834204
-6.03710682421	-69.2181364267	48.0780841902	-0.0032520617824	-0.00376517930999	-0.0037476841826
-6.34942881139	-69.2330365469	48.0248694755	-0.00338447024114	-0.00378831033595	-0.003787930822
-5.91670342632	-69.3463491193	47.6201817169	-0.00317078549415	-0.00388550013304	-0.0039184037596
-6.43309838405	-69.2863113672	47.8346022602	-0.00340817030519	-0.00384219153784	-0.00386723666452
4.32793018825	-68.8764577850	49.2983650535	0.00130102690309	-0.00325471255928	-0.00306920171715
4.51441618979	-68.8112365879	49.5312979003	0.00139114761259	-0.00319273327477	-0.00298253865913
3.96672630403	-68.7833721792	49.6308136457	0.00114949094132	-0.00317288865335	-0.00292826956138
4.05669974696	-68.8611776580	49.3529369357	0.00118208024651	-0.0032434577588	-0.00304053490981
4.15450203416	-68.7203831256	49.8557745514	0.00124029314611	-0.0031130341813	-0.00284357345663
4.42573247545	-68.7356632526	49.8012026692	0.00136036472395	-0.00312414905056	-0.00287285423838
3.13989835878	-70.0696988011	45.0367899962	0.000745989091229	-0.00439232820645	-0.00468809669837
3.40357881338	-70.0830442208	44.9891277829	0.000854505342431	-0.00440102303401	-0.00470951246098
2.97164290193	-70.1246855353	44.8404088024	0.000677471223753	-0.00444839010015	-0.0047603296116
3.30015742546	-70.2067702124	44.5472492415	0.000813016085885	-0.00452284654602	-0.00487444130704
3.06412782907	-70.1909386507	44.6037905332	0.000716340437066	-0.0045113475062	-0.00485040154308
3.47496018984	-70.1584621268	44.7197781187	0.000884114357177	-0.00447296258062	-0.00481197284535
0.546661772006	-63.9753461791	66.8023350745	-0.000347886700183	0.00148723227903	0.00722631858662
0.0608578692819	-63.9222266320	66.9920477428	-0.000792716571596	0.00156096252613	0.00737122958526
0.327125242113	-64.0010751314	66.7104459593	-0.000549384218175	0.00144120352343	0.00717689935118
0.116549471901	-63.9869079237	66.7610431296	-0.000742420379538	0.00145976652857	0.00721707427874
0.361405279586	-63.9083148118	67.0417328149	-0.000515397579875	0.00158811826259	0.00739497225732
6.36182424787	-64.2676085722	65.7585408136	0.00401935307309	0.00129296025261	0.00522044673562
5.91012578292	-64.2558024992	65.8007053598	0.00373524194583	0.00129480566829	0.00536248181015
6.36250182823	-64.3373331167	65.5095245833	0.00398293044418	0.00120832759421	0.00507120415568
5.94383637580	-64.3171680168	65.5815427971	0.00372660439461	0.00122068147175	0.00522052170709
6.16094332949	-64.3583341112	65.4345210315	0.00384472357109	0.00117712491192	0.00507612014189
6.14629370472	-64.2250915877	65.9103871868	0.0039038953837	0.00133917713538	0.00536645483226
6.15314416383	-69.1102182749	48.4635061610	0.00207138876431	-0.00345744541846	-0.00346491346136
5.72245867093	-69.1623318907	48.2773861045	0.00187806074973	-0.0035082641989	-0.0035175527446
5.74009161529	-69.0350781413	48.7318637810	0.00190271774773	-0.00338993640617	-0.00334145827219
6.00400961212	-69.1677427846	48.2580614835	0.00199882942252	-0.00351165933535	-0.00353762716986
5.55323760713	-69.1012354316	48.4955877443	0.00181258714292	-0.00345258740708	-0.00342562864535
6.02008367743	-69.0455458962	48.6944789421	0.00202317093499	-0.00339804589748	-0.00336868548766
-2.84562374948	-70.2009737972	44.5679507245	-0.00172222638503	-0.00464084232226	-0.00494279852137
-3.43913212894	-70.1733102968	44.6667489399	-0.0019722734578	-0.00462849950418	-0.00492777116597
-2.94442472097	-70.1287308779	44.8259611502	-0.0017728433013	-0.00457160873339	-0.00484842434525
-3.05679453276	-70.2596445787	44.3584122190	-0.00180185667705	-0.0047046081163	-0.00502991396934
-3.23099003843	-70.1204680415	44.8554712802	-0.00189322314691	-0.0045706522651	-0.00484794052318
-3.29254440702	-70.2421228318	44.4209898866	-0.00190178304911	-0.00469321524724	-0.00501518137753
2.54910071181	-63.8050887029	67.4103974898	0.00145039951894	0.00179458083585	0.0073287053965
2.70291242901	-63.8594058301	67.2164077498	0.00156400201377	0.00172255863436	0.00716520473361
3.18816943242	-63.8114619490	67.3876358964	0.00198308704421	0.00180039613042	0.0071577434428
2.98777093081	-63.8646370705	67.1977247482	0.00179854442831	0.00172289239708	0.00708389328793
2.80407268979	-63.7265882597	67.6907562154	0.00169506156817	0.00190795550589	0.00745389424264
3.04352457129	-63.7432520810	67.6312425679	0.00189121917356	0.00188970495947	0.00735511211678
2.64407800106	-63.7549015092	67.5896374673	0.00154779024888	0.00186617020518	0.0074252425693
-5.85059751088	-65.0005106006	63.1410335693	-0.00504813995212	0.000212963932427	0.00366300763562
-6.15521561203	-64.8822376801	63.5634368566	-0.00530618987978	0.000353554816684	0.00387386488728
-6.25741048826	-64.9426223360	63.3477773715	-0.00532791670412	0.000286576600047	0.00371058727615
-5.78381499313	-64.9462906427	63.3346762759	-0.00504188193008	0.000272866920568	0.00380518008024
-6.11541949696	-64.9999958133	63.1428720955	-0.00520598609	0.000219544454012	0.00360843539238
-5.91023067237	-64.8883409236	63.5416395585	-0.00515429629013	0.000342169514624	0.0039146700874
-9.11777379030	-65.6789486345	60.7180405912	-0.00637290114537	-0.000487471261295	0.001576122595
-9.26172440862	-65.6106184529	60.9620769538	-0.00650296872482	-0.000421647593612	0.00167661556043
-9.12478361896	-65.5475556859	61.1873011217	-0.0064810635522	-0.000356232572813	0.0018249998102
-8.82789726935	-65.6674417730	60.7591365250	-0.00622929958627	-0.000472179846838	0.00165449432097
-8.71656873743	-65.6038515473	60.9862444741	-0.0062196967192	-0.000407323386753	0.00179867527913
-8.84593321852	-65.5484384328	61.1841484544	-0.00633193040267	-0.000353136507329	0.00188037450425
9.64672891112	-68.8459044018	49.4074842793	0.00364568526857	-0.00321814417839	-0.00333402957767
9.58368729412	-68.7200013978	49.8571378650	0.00365316309035	-0.00309872976504	-0.00315275625326
9.95368835972	-68.8363885969	49.4414692969	0.00378259038553	-0.00321240792982	-0.00334754702635
10.0748046438	-68.7714555014	49.6733732092	0.00385435367934	-0.00315230409615	-0.00326794758439
9.89904729319	-68.7113244603	49.8881269275	0.00379460770637	-0.00309348828159	-0.00316817406565
9.48631307699	-68.7873029583	49.6167751488	0.00359154469334	-0.00316136563197	-0.00323864235543
-5.23806823286	-65.5256693682	61.2654665420	-0.00436308095232	-0.000372799462639	0.00254759029485
-4.77709056678	-65.4646408223	61.4834256348	-0.00413209013641	-0.000333089468768	0.00274970382452
-5.16112314350	-65.3854784306	61.7661484622	-0.00440470967442	-0.000232327991398	0.00288121425547
-4.94662990603	-65.5239835699	61.2714872505	-0.00419552344829	-0.000384286977351	0.00258997664787
-5.35008527064	-65.4599890306	61.5000391763	-0.00446834089234	-0.000301290478092	0.00268141971901
-4.90250106544	-65.3934414975	61.7377089374	-0.00424836855382	-0.000253303616773	0.00290011079051
-5.52236649430	-66.8202694384	56.6418948630	-0.00378938764334	-0.00156005809549	-5.72776552872e-05
-5.45434898372	-66.9622076886	56.1349725409	-0.00368974846788	-0.00168568675872	-0.0002977316326
-5.03778146371	-66.8675226526	56.4731333836	-0.00351632991806	-0.00160290778149	-0.000104114515125
-5.60498671921	-66.8959390186	56.3716463620	-0.00379680166952	-0.00162702414673	-0.000195255997824
-5.19013994340	-66.9504434005	56.1769878554	-0.00355916493572	-0.00167530181352	-0.000258390617091
-5.23629275909	-66.7961695273	56.7279659739	-0.0036519903224	-0.00153971393593	6.75915180182e-06
-7.28527867739	-66.8988929651	56.3610965534	-0.00464107887819	-0.00163498544134	-0.000352041592123
-7.57670034852	-66.9116312374	56.3156027235	-0.00477808201686	-0.00164901197422	-0.000403925252613
-7.46259351603	-67.0471284584	55.8316840772	-0.00465286616236	-0.00177253759466	-0.000617116864305
-7.64294736756	-66.9878977000	56.0432224999	-0.00477093132213	-0.00171988806687	-0.00053791020764
-7.12501717509	-66.9626568821	56.1333682783	-0.00452929362655	-0.00169222068507	-0.000443085998995
-7.22888924212	-67.0298738088	55.8933078257	-0.00454696267843	-0.00175452127587	-0.000565312453546
1.19889742232	-69.7902457508	46.0348366041	-6.93563197274e-05	-0.00415471987799	-0.0043019996956
1.48864761668	-69.7845598153	46.0551435169	5.22852606082e-05	-0.00414434680715	-0.00429334538057
1.22753152597	-69.6681436208	46.4709156400	-6.23225059826e-05	-0.0040371613577	-0.00413485104218
1.49618351534	-69.6641553381	46.4851595066	5.13019840582e-05	-0.00402891542763	-0.00412866007537
1.09931310381	-69.7295616854	46.2515654093	-0.00011399028881	-0.00409813644364	-0.00421952968463
1.64616711183	-69.7166384312	46.2977198886	0.000116340685054	-0.00407663267106	-0.004200367257
0.01337107965	-69.7410064564	46.2106912270	-0.000572336779442	-0.0041285934858	-0.00424536457285
0.122675015522	-69.6839909495	46.4143180373	-0.000529932731297	-0.00407174928114	-0.00416576769203
0.209534508809	-69.8070641074	45.9747710449	-0.000484995776787	-0.00418863305822	-0.00433317478746
0.402410366274	-69.6716105698	46.4585336793	-0.000412006251281	-0.00405478850007	-0.00414552632719
0.552759473845	-69.7339202241	46.2359991997	-0.000344685948221	-0.00411189161241	-0.00422942917794
0.425806070321	-69.7927301558	46.0259637293	-0.000394777453039	-0.00417080754414	-0.00431112665683
-0.683388364703	-68.0391481748	52.2887565185	-0.00100835424382	-0.00257602590136	-0.00182584370486
-0.849696811593	-67.9854112454	52.4806741236	-0.00109431799501	-0.00253179995343	-0.00174739141949
-0.796755803234	-68.1067287918	52.0473971721	-0.00105732947122	-0.00263685290702	-0.0019298135303
-1.11707652380	-67.9912251987	52.4599100046	-0.00122438522521	-0.00254086614586	-0.00176163879223
-1.06214956303	-68.1132079500	52.0242573216	-0.00118471460883	-0.00264664948918	-0.00194481911603
-1.21773513187	-68.0496612120	52.2512099571	-0.00126685271971	-0.00259335059673	-0.00185241491999
3.87925668100	-70.0399185236	45.1431481300	0.00104988995008	-0.00435205129907	-0.00465938216075
4.14887084283	-70.1456792610	44.7654312109	0.00115922966506	-0.00444993982092	-0.00480699399486
4.36535175022	-70.1093875576	44.8950444370	0.00124791089911	-0.00441165547818	-0.00476322229952
4.45023751001	-70.0444948945	45.1268039483	0.00128371862229	-0.00434806477278	-0.0046781571582
4.08148912988	-69.9744820587	45.3768497903	0.00113370502368	-0.0042863166891	-0.00457531586289
3.95063805746	-70.1153364296	44.8737984658	0.00107861333527	-0.00442365417257	-0.00476218061522
4.37341190440	-69.9844122694	45.3413847521	0.0012534869602	-0.00429166480899	-0.00459540821612
8.28147813258	-68.0061188610	52.4067183535	0.00327824917622	-0.00242659403011	-0.00202095252462
8.78804696964	-67.9554846935	52.5875546660	0.00352900801226	-0.00237851287238	-0.00198671547696
8.32669691237	-67.9480130695	52.6142390376	0.00331763573922	-0.00237255636603	-0.00193836959079
8.56671901471	-67.9240642893	52.6997703953	0.00343686295673	-0.0023496504873	-0.00192191824317
8.73914257727	-68.0231789697	52.3457893941	0.00348413735628	-0.00244164210744	-0.00208258838393
8.47669628164	-68.0422874585	52.2775447911	0.00335703603923	-0.00245974073187	-0.002089565387
7.95734143102	-69.3533841587	47.5950565761	0.00280243391171	-0.00368171953596	-0.00390532100573
7.65096311551	-69.4300138152	47.3213792313	0.002659923397	-0.00375192891806	-0.00398994283751
8.05029811822	-69.4570170027	47.2249392761	0.00282302871346	-0.00377849047072	-0.0040530837141
7.69924219636	-69.3526007882	47.5978543278	0.00269345915876	-0.00368016911671	-0.00388718419708
8.12181097442	-69.3951509607	47.4458894261	0.00286419829354	-0.00372132030316	-0.00397360930219
7.83007845889	-69.4692640688	47.1811997542	0.00272857025266	-0.00378890684806	-0.00405508233234
5.15788902053	-68.4920264251	50.6713341959	0.00172594888136	-0.00289376126602	-0.00254948507063
4.69327884716	-68.5505914757	50.4621733010	0.00150538037997	-0.00295194960199	-0.00261700991541
5.06583150878	-68.6256343071	50.1941631888	0.00166317680851	-0.00301692285575	-0.00273748137988
5.25346646541	-68.5589757799	50.4322293574	0.00175845739432	-0.002954098396	-0.00264935661107
4.88414890706	-68.4886924950	50.6832410895	0.00160157179926	-0.00289348559454	-0.00253453012556
4.78885629204	-68.6175408305	50.2230684624	0.00153923779726	-0.00301217241213	-0.00271609961055
2.01442576432	-70.2487084042	44.3974699851	0.000287742266664	-0.00458607915789	-0.00492187263444
1.52079014942	-70.2155497861	44.5158936209	8.3663398982e-05	-0.00456240959466	-0.00487757613882
1.54329864058	-70.3436942186	44.0582349334	9.87577295746e-05	-0.00468833604828	-0.00504996208474
1.94245047291	-70.3202183272	44.1420774029	0.000260927394265	-0.00465779891238	-0.005017939955
1.40265413333	-70.2822423980	44.2777057214	3.82673388231e-05	-0.00463024247438	-0.0049677840434
1.76403691271	-70.1974274403	44.5806162847	0.000182950374437	-0.00454022362828	-0.00485274475068
1.75093146973	-70.3478518815	44.0433861376	0.000183781812666	-0.0046886052005	-0.0050551276654
8.29571688040	-66.4447305273	57.9831052596	0.00391763914376	-0.000971316185314	0.000480885413708
8.58666528321	-66.5606546013	57.5690907098	0.00400666799396	-0.00107628537808	0.000247693329584
8.34662211631	-66.5292490099	57.6812535360	0.00390130886808	-0.00105071021244	0.000327818241203
8.78041649382	-66.5006197021	57.7835010638	0.00413422612473	-0.00101595395245	0.000329594884533
8.59253465391	-66.4392168497	58.0027969653	0.00407078769058	-0.000960406265222	0.000457539048512
5.43014206214	-68.0696548457	52.1798041226	0.00193113007117	-0.00250740139745	-0.00194269802887
5.07066983067	-68.1532258456	51.8813362659	0.00174548104405	-0.0025872006081	-0.00205183611251
5.35962700763	-68.1463300227	51.9059642045	0.00188222608995	-0.0025775025133	-0.00205344893038
5.17020805949	-68.0568885891	52.2253978959	0.00181117595639	-0.00249917409383	-0.00191267731134
4.99455506309	-68.1085578169	52.0408649396	0.00171818584204	-0.00254792673513	-0.00198264466599
-3.98299837865	-70.1275591394	44.8301459307	-0.00220519886352	-0.00459749344736	-0.00488857412711
-4.03678574113	-70.0549126323	45.0895977419	-0.00223895045929	-0.00452683586627	-0.00479232287034
-4.24305682644	-70.1589196827	44.7181439905	-0.00230845715851	-0.00463586580008	-0.00494278362021
-4.44153219409	-70.1359415981	44.8002085783	-0.00239471159875	-0.00461853388697	-0.00492088310421
-4.28305161949	-70.0419819066	45.1357789049	-0.00234391377307	-0.00452073710039	-0.00478591769934
-4.42388405727	-70.0815967586	44.9942972906	-0.00239625573158	-0.00456396583468	-0.00484631350264
-11.3704613546	-66.1914509662	58.8876751209	-0.00711318477988	-0.00103606167249	0.000228397286264
-11.7229840748	-66.2527974848	58.6685804116	-0.00723889423534	-0.00110391667113	5.73999677727e-05
-11.6335142949	-66.1971246531	58.8674119533	-0.00723927980289	-0.00104912847746	0.000165588935488
-11.2224441808	-66.2462704031	58.6918914174	-0.00699640531093	-0.00108374597039	0.000168040322023
-11.3593999114	-66.2982440860	58.5062711214	-0.00702356500551	-0.0011364503298	5.67825627513e-05
-11.5787390252	-66.2884141657	58.5413779795	-0.00713945459574	-0.00113314832561	2.93470675388e-05
3.78259480675	-63.8588769506	67.2182966052	0.00243838573806	0.00175018724985	0.00688297580928
3.84965415375	-63.9298946001	66.9646621424	0.00245663849637	0.00165730970912	0.00669822376221
4.04876983746	-63.8264133145	67.3342381624	0.00266294390894	0.0017987069441	0.00687961978838
4.23296805045	-63.8534124411	67.2378127104	0.00278902659193	0.0017673248658	0.00676158070564
4.07954232097	-63.9464722636	66.9054562013	0.00262317969464	0.00164135231171	0.00659277988598
4.22880678352	-63.9073193964	67.0452878701	0.00275534018874	0.00169665087014	0.00663883099332
-1.58608556150	-70.2095756468	44.5372298327	-0.00119942973834	-0.00461943075061	-0.00491532450542
-2.19994591472	-70.2284151046	44.4699460550	-0.00145136786159	-0.00465236930177	-0.00495844334364
-1.71026747319	-70.3163737436	44.1558080585	-0.00123922491912	-0.00472839921713	-0.00506306346506
-1.99747370818	-70.1632971664	44.7025101199	-0.00137506355532	-0.00458303373307	-0.00486413342878
-1.9335374124	-70.3220450797	44.1355532867	-0.00133056554478	-0.00473926495761	-0.00507703283802
-2.18273678672	-70.2967722119	44.2258135289	-0.00143619359005	-0.00471998611465	-0.00505035975948
-1.72161950634	-70.1523004408	44.7417841402	-0.00126179971267	-0.00456581870094	-0.00484138913453
-1.62959130881	-70.2621135851	44.3495943388	-0.00121180072892	-0.00467255106196	-0.004987555556
3.81378988066	-68.4228344731	50.9184483102	0.001118924818	-0.00284632109106	-0.0024073664099
3.47516154936	-68.4924650025	50.6697678481	0.000955289055128	-0.0029136906378	-0.0025008067023
4.10425888726	-68.5162817238	50.5847081291	0.00124122551642	-0.00292734918185	-0.00255000777543
3.92860589085	-68.5679509516	50.4001751728	0.00115493731573	-0.00297643383965	-0.00261986255646
3.63248076059	-68.5588761765	50.4325850840	0.00102075538598	-0.00297184940428	-0.00259995297529
3.55656287557	-68.4280492259	50.8998241933	0.000999456038699	-0.00285442173481	-0.00240909331478
4.03578811941	-68.4425632563	50.8479883703	0.00121893209871	-0.00286132632755	-0.00244160438888
-0.138445465058	-69.6875358662	46.4016576208	-0.000640501675662	-0.00408001476899	-0.00417423062027
-0.0515859717703	-69.8106090240	45.9621106284	-0.000594784098212	-0.00419697538018	-0.00434148451313
-0.426333528405	-69.6843445118	46.4130553149	-0.000762983749155	-0.00408242736012	-0.00417444156483
-0.339216734655	-69.8090122300	45.9678134642	-0.000716167036444	-0.00420096935704	-0.00434373924509
-0.51248084197	-69.7424833678	46.2054165437	-0.000794775492977	-0.00414008274674	-0.00425567245111
-8.13808611405	-64.6573499719	64.3666072432	-0.00666468124837	0.000597560429014	0.00387711799704
-7.71275622371	-64.6199712683	64.5001026132	-0.0064390883781	0.000647325883619	0.00407485757023
-7.72042873654	-64.5594835906	64.7161300337	-0.00649361498654	0.000714930938557	0.00420519290492
-8.27516451638	-64.6036057877	64.5585507581	-0.00679369457066	0.000653576047625	0.0039539556019
-7.93492975759	-64.5018707295	64.9218902517	-0.00667451694608	0.000774758285843	0.00426992587745
-8.20036771871	-64.5433967050	64.7735831964	-0.00680127972737	0.000721903285012	0.00410401308909
-7.84045085195	-64.6641314303	64.3423877488	-0.0064800796099	0.000595885561779	0.00394373154268
1.50237626638	-64.1574242608	66.1520562113	0.000497956818435	0.00123018492013	0.00668429490179
1.60459610855	-64.2910271072	65.6749031885	0.000581310421694	0.001018459443	0.00633772369474
2.06236374773	-64.2300280157	65.8927570868	0.000967837171629	0.00114665715955	0.00640837335959
1.43257056411	-64.2287473495	65.8973308947	0.0004350610252	0.00111037178431	0.00651966966689
1.77647957710	-64.1395285434	66.2159694880	0.000734475324862	0.0012724242406	0.0066831568256
1.88918781397	-64.2799775215	65.7143659948	0.000821249501314	0.00105602864642	0.00631632376462
2.02716064015	-64.1712503656	66.1026772657	0.000943256425671	0.00123631907627	0.00655990606174
5.65364779353	-69.4912710114	47.1026035308	0.00181209912989	-0.00381448399276	-0.00396785466
5.38375404211	-69.5733629986	46.8094178622	0.00169160915539	-0.0038930522278	-0.00406945496798
5.63095558625	-69.6185223121	46.6481345998	0.00179135322105	-0.00393307907507	-0.00414066296071
5.85540487190	-69.5092767490	47.0382973248	0.00189522409346	-0.00382981379516	-0.00400102511048
5.47954144354	-69.5104120576	47.0342426513	0.00173705327325	-0.00383362080902	-0.00398707855493
5.86324218612	-69.5761953017	46.7993024939	0.00189205608331	-0.00389195396565	-0.00409272545949
-6.16433558246	-64.4590211687	65.0749243975	-0.00558800809085	0.000849230447784	0.00486420793459
-6.08980884304	-64.5232397503	64.8455723203	-0.00549769867212	0.000772693543695	0.00473327934742
-5.78186277166	-64.4165654993	65.2265517883	-0.00536453071982	0.000900999584701	0.00506899924949
-5.69799020428	-64.4937332667	64.9509526188	-0.00526224030182	0.000806847587228	0.00490719405934
-5.87975657085	-64.5349447870	64.8037686178	-0.00535504240543	0.000758039648645	0.00476101413369
-6.02678606914	-64.4243448620	65.1987683499	-0.00552105065435	0.000891230651177	0.00498349079862
8.82078995504	-67.7552539481	53.3026644712	0.00361325521953	-0.0021919538267	-0.00169069913682
8.57202829498	-67.7944606699	53.1626404648	0.00348307308741	-0.00222920044325	-0.00172870291863
8.58206815229	-67.6571653952	53.6529807315	0.00353616755456	-0.00210164976306	-0.00152195256669
8.34657859053	-67.6924165897	53.5270836084	0.00341255683452	-0.00213557248935	-0.00155606574845
8.34556062825	-67.7574342858	53.2948775506	0.0033895985689	-0.00219580763951	-0.00165447208565
8.82347945137	-67.6918984358	53.5289341578	0.00363729754463	-0.00213295547292	-0.00159531249665
-0.241253687675	-64.9178391967	63.4362885833	-0.00105185620487	-0.000135352034704	0.00470602186397
-0.35038133143	-64.9850820140	63.1961356644	-0.00114506541286	-0.000226298827329	0.00449397368357
-0.654529889858	-64.8875216952	63.5445653742	-0.00142480270006	-7.7996039181e-05	0.00478440430015
-0.599077918251	-64.9923709189	63.1701038610	-0.00136503495742	-0.000226675663725	0.004462542478
-0.426050352271	-64.8690926971	63.6103832246	-0.00122165237553	-5.98756341788e-05	0.00485153449699
-0.700830177826	-64.9441861856	63.3421921941	-0.00146016280632	-0.000156112335389	0.00460719875991
5.05280791942	-67.8459046545	52.9789119483	0.0017993603833	-0.00231181550771	-0.00158977764659
4.77645939977	-67.9642729547	52.5561680190	0.0016424698988	-0.00242160446942	-0.0017584960442
5.16640142358	-67.8980876054	52.7925442663	0.00184258422814	-0.00235674134456	-0.0016737516271
4.70482718961	-67.9109231372	52.7467030815	0.00161856075283	-0.00237510865554	-0.00167523219716
4.82987849123	-67.8601932030	52.9278814179	0.00168894033413	-0.00232801004313	-0.00160279264674
5.02822716376	-67.9572717555	52.5811723017	0.00176406430546	-0.00241170357913	-0.00175757368561
3.96763332657	-64.7070947690	64.1889472535	0.00229902449064	0.000616796605755	0.00478550698608
4.02923006272	-64.5571077595	64.7246151448	0.00238113547675	0.000820106361061	0.00514626968652
4.25471856898	-64.5933788353	64.5950755882	0.00252113863826	0.000789461249951	0.00500470073894
3.78939815754	-64.5896949034	64.6082324877	0.00221053487621	0.000756697379984	0.00512016471475
4.17747733401	-64.6770801192	64.2961424316	0.002445402788	0.000674405368045	0.00481554958969
3.82429818535	-64.6648467929	64.3398328826	0.00221521803178	0.000659098499455	0.00492282724008
-5.27734377074	-66.0320951721	59.4568029567	-0.00407669087872	-0.000857253267895	0.0014507320011
-5.05344046998	-65.9793193315	59.6452881016	-0.0039828075096	-0.000815278908703	0.00158137013204
-5.13098371961	-65.9078031234	59.9007031308	-0.00406861351803	-0.000746630481444	0.00172335689422
-5.40734533063	-65.9020576192	59.9212227886	-0.00422668037936	-0.000732556334697	0.00170613836963
-5.55794569123	-65.9569239576	59.7252715802	-0.00427683535963	-0.000779935508035	0.00157576042693
-4.22321449558	-69.4370119500	47.2963858930	-0.00242113368586	-0.00392812862992	-0.00395385595039
-4.41404083948	-69.3870996993	47.4746439309	-0.0025125821121	-0.00388488778844	-0.00389372603968
-3.97898248456	-69.3998765345	47.4290123766	-0.00232218881138	-0.00388643355109	-0.00389126036316
-4.33344206657	-69.3039523587	47.7715987188	-0.00249300827272	-0.00380315794609	-0.00377436587587
-3.96711238480	-69.3180467440	47.7212616285	-0.0023312966805	-0.00380778405815	-0.00377706438303
-4.1016018008	-69.2697210072	47.8938535459	-0.00239839986898	-0.00376485125162	-0.0037158546038
-3.81969554333	-65.3983111573	61.7203172954	-0.00359281036071	-0.000329706526827	0.00302631221712
-3.61165206711	-65.4932280386	61.3813284336	-0.00341180665419	-0.00043977657333	0.0028132526204
-4.20047922459	-65.4743689967	61.4486821546	-0.00378309283406	-0.000377761869458	0.0027972694952
-4.08846218680	-65.5400493343	61.2141095203	-0.00367802451365	-0.000449730345281	0.00265256525017
-4.06407699456	-65.4045898869	61.6978932611	-0.0037396592088	-0.000317258702125	0.00298256473616
-3.68311330885	-65.4402492558	61.5705383720	-0.00348516716622	-0.000382598896977	0.00293691991828
-3.78381629819	-65.5493084749	61.1810411611	-0.00348735437728	-0.000479904207168	0.00266069616191
-10.0458054375	-66.4810461693	57.8534065382	-0.00624474650249	-0.00127950252499	-9.75758757704e-06
-10.4756524492	-66.5342571574	57.6633672951	-0.0064173755236	-0.00133882078808	-0.000167191785295
-10.0774441213	-66.5432603729	57.6312129538	-0.00621762638912	-0.00133913592435	-0.000117722134746
-10.2803395971	-66.4451357162	57.9816581564	-0.00638450449333	-0.00125015620142	1.13730029625e-05
-10.3077757840	-66.5696982750	57.5367918751	-0.00631158147007	-0.00136886327527	-0.000197659173864
-10.4190722878	-66.4817548500	57.8508755355	-0.0064264764078	-0.00128785090055	-7.20648167771e-05
-1.10422421385	-69.7981875542	46.0064730209	-0.00104001746513	-0.00420582853258	-0.00434385146946
-1.44939395024	-69.6865833520	46.4050594573	-0.00119758211076	-0.00410510506481	-0.0041990512982
-1.16457995088	-69.6782723476	46.4347416156	-0.00107730482705	-0.00409121764824	-0.00418082578108
-1.35935469657	-69.7890215159	46.0392088716	-0.00114874891005	-0.00420226342976	-0.00433728052303
-1.01597093675	-69.7377484149	46.2223270897	-0.0010084741516	-0.00414555100724	-0.00425913231447
-1.45740475047	-69.7440389465	46.1998609052	-0.00119493587408	-0.00416076742113	-0.00427808845416
2.12787077750	-65.4219997668	61.6357151186	0.000841340282932	-0.000452687032521	0.00312866875902
2.5305913398	-65.3691665801	61.8244050710	0.00113933417015	-0.000347443565261	0.00324500282295
1.95879387684	-65.3640226172	61.8427763673	0.000738059985451	-0.000426395796239	0.00329344370402
2.35548281273	-65.2746573986	62.1619378620	0.0010496515315	-0.000282386696199	0.00351209216751
2.40107220696	-65.4143445418	61.6630552077	0.00103465723805	-0.000407367333537	0.00313415518031
2.09653839820	-65.2932707515	62.0954616018	0.000859060615767	-0.000340658880305	0.00347982114181
2.57399875415	-65.3062212623	62.0492097774	0.00119092850946	-0.000280397594906	0.0034093616996
3.11722020087	-65.7971118122	60.2960292421	0.00135725806467	-0.000649061810691	0.00216911360621
3.70314311594	-65.7746157515	60.3763723162	0.00172686367296	-0.000575135170948	0.00219074846245
3.29543363969	-65.8567357535	60.0830865947	0.001444104244	-0.000682489830069	0.0020284508355
3.30882521342	-65.7288046158	60.5399835150	0.00150436605327	-0.000572543300223	0.00231580552645
3.58059221399	-65.8340562868	60.1640846901	0.00162756594364	-0.000638119759969	0.00206525647081
3.64197155542	-65.7168898452	60.5825362672	0.00171442946885	-0.000529462471604	0.00232455693185
-3.25121907174	-68.1954582515	51.7305062445	-0.00221787462942	-0.00275352760218	-0.00213565910235
-3.66332094413	-68.2661112637	51.4781740582	-0.00239718821831	-0.00282385689206	-0.00225824280642
-3.37898635142	-68.1385276167	51.9338299405	-0.00229022372514	-0.00270461291075	-0.00205586664379
-3.70886350764	-68.1509297815	51.8895364945	-0.00244393618777	-0.00272092758678	-0.0020888382569
-3.41215188426	-68.2562617092	51.5133510387	-0.0022813542746	-0.00281076645479	-0.00223276461475
-3.85959585445	-68.2241154803	51.6281589988	-0.00249855336733	-0.00278925569728	-0.00220484379679
10.3922093167	-66.9847079858	56.0546143365	0.00468692975119	-0.00146431778558	-0.000657976721413
10.4650768774	-67.1343466737	55.5201904511	0.00465007405728	-0.00160653446801	-0.000902347848751
10.5994543387	-67.0162757915	55.9418721732	0.00477159675211	-0.00149441917893	-0.000732775428332
10.2716262584	-67.1011759350	55.6386573748	0.00457276869565	-0.00157501141075	-0.000828002928756
10.6307626756	-67.0939009148	55.6646395900	0.00474893813953	-0.0015683361562	-0.000858532381244
10.2085702589	-67.0294591967	55.8947885831	0.00457646418363	-0.00150703010149	-0.000707456434611
0.461812600526	-65.9909842975	59.6036275090	-0.000460817711428	-0.000978962867521	0.00177309184801
0.31302447384	-66.1106622653	59.1762061955	-0.00056403997587	-0.00105737231206	0.00151780503802
0.226505288531	-65.9931242136	59.5959849513	-0.000623810978141	-0.000986928818747	0.00176734442357
0.540951847348	-66.0592038379	59.3599862934	-0.000409146217862	-0.0010184008861	0.0016270695487
0.0880583300368	-66.0590791814	59.3604314949	-0.000717256800272	-0.00103004160337	0.00162501598243
-2.62670521547	-68.6176820108	50.2225642473	-0.00185183249414	-0.00312470109202	-0.00273170252331
-2.07512204234	-68.6062808315	50.2632827445	-0.00160077272449	-0.00310432817787	-0.00269737723283
-2.23454262542	-68.6864948259	49.9768041930	-0.00166252139024	-0.00318044819869	-0.00281803729013
-2.52108440856	-68.6739493267	50.0216095475	-0.00179490516894	-0.00317424326204	-0.00280928867869
-2.52201701413	-68.5722574921	50.3847946710	-0.00181092927232	-0.00308135664091	-0.00266234413721
-2.29557597816	-68.5738830142	50.3789892351	-0.00170660647564	-0.00307877874002	-0.00265725865029
0.934748514194	-69.9774303593	45.3663201454	-0.000170832063304	-0.00434037670493	-0.00455828569829
0.81393025872	-69.9232373766	45.5598665120	-0.000224229908781	-0.0042899530381	-0.00448551680893
0.418877799815	-70.0691965425	45.0385837768	-0.000380027020583	-0.0044394787401	-0.00468739075586
0.701242270388	-70.0736526551	45.0226690890	-0.000262486602878	-0.00443849014118	-0.00469060847536
0.371120975172	-69.9356971946	45.5153671623	-0.000408682448324	-0.00431021908298	-0.00450664758682
0.587392536684	-69.9213632429	45.5665598467	-0.000319097802276	-0.00429227761924	-0.00448490865529
0.812244376763	-70.0301577949	45.1780078753	-0.000218914996367	-0.00439395429567	-0.00463072909042
1.53750658817	-69.2395727901	48.0015257495	5.91266907577e-05	-0.00362701271661	-0.00354191847146
1.01077980020	-69.2973216879	47.7952796860	-0.000168462036527	-0.00368939340115	-0.00362375914119
1.31198960618	-69.1904098130	48.1771078107	-4.00237877329e-05	-0.00358455255628	-0.00347360037267
1.52356603031	-69.3088723025	47.7540274909	5.41467488802e-05	-0.00369215197861	-0.00363838160411
1.18362377181	-69.3386022899	47.6478489646	-9.23111947486e-05	-0.00372540950775	-0.00368040357716
1.36271047870	-69.3414004823	47.6378554202	-1.47935515997e-05	-0.00372520671226	-0.00368378171697
2.40486764129	-63.9750539120	66.8033788859	0.00128601607867	0.00154832145199	0.00695733865723
2.09899714231	-63.9845471813	66.7694743525	0.00102644530125	0.001523210085	0.00699729053304
2.02279545726	-64.0470060393	66.5464070025	0.000952804926783	0.0014265999198	0.00686224503443
2.50247281847	-64.0332345571	66.5955908674	0.0013554248726	0.00146736530587	0.00679673347622
2.27347652031	-64.0787278616	66.4331147802	0.00115872896276	0.00138999661431	0.00673599727452
3.10652942750	-67.2506140834	55.1049497020	0.000943021150306	-0.00183447240852	-0.000587509304751
3.25683863157	-67.1874030081	55.3307035425	0.00103384302929	-0.00177732738666	-0.000486157048726
3.13515821036	-67.1242458479	55.5562648291	0.000981693621725	-0.00172766763717	-0.000377946504159
2.69998061789	-67.2305073415	55.1767594948	0.000732278975192	-0.0018279167125	-0.000546725175809
2.71445101276	-67.1594444823	55.4305554204	0.000751220853999	-0.001768432674	-0.000428831059253
2.91444729993	-67.1154198977	55.5877860795	0.000865606765728	-0.00172646308783	-0.000358618155587
1.01207495590	-66.9178826982	56.2932760778	-0.000157722446602	-0.00161740067415	-3.82831603929e-06
1.26653759245	-67.0594902864	55.7875346915	-2.31744252233e-05	-0.00172348332126	-0.000247232703259
0.869967662561	-66.9850415048	56.0534231971	-0.000240140521782	-0.00167320854962	-0.000120031560073
1.42867133734	-66.9611392917	56.1387882438	7.37186492188e-05	-0.00164135859814	-7.9331897723e-05
0.987607760106	-67.0488822400	55.8254205713	-0.000176756220753	-0.00172120612115	-0.000229048004257
1.41647009513	-67.0168682379	55.9397562933	6.25815082458e-05	-0.00168593309354	-0.000174994056579
7.43217093417	-64.6778573342	64.2933666635	0.00444491766393	0.000834102800582	0.00409613223746
7.67739585241	-64.6530704840	64.3818911286	0.00460328487679	0.000867012771778	0.00409421138465
7.22320662030	-64.6231239736	64.4888429515	0.00435321452096	0.000892238866072	0.0042584259063
7.71068104542	-64.5809678264	64.6394006202	0.00466643832624	0.000949650828261	0.00423779617995
7.53113866481	-64.5469949766	64.7607322263	0.00458044372499	0.000985971884802	0.00434998888522
-3.17545272590	-66.7488966212	56.8967977813	-0.00256277783774	-0.00151303305756	0.000211159553146
-3.32512898605	-66.8113756258	56.6736584794	-0.00262334058061	-0.00156340189278	9.28232038859e-05
-2.74424513767	-66.7898960064	56.7503714056	-0.00230917125009	-0.00154899910558	0.000154990513693
-2.78640931153	-66.8435797092	56.5586438956	-0.00231592333876	-0.00159227196127	5.80058476771e-05
-3.16908411656	-66.8748474616	56.4469733515	-0.00251626991667	-0.00161648867652	-1.25388960441e-05
-2.93924932005	-66.8809516880	56.4251725430	-0.0023884952534	-0.00162224064115	-1.37842025651e-05
-0.817108224161	-66.8040290872	56.6998961172	-0.00120993575547	-0.00155889685266	0.000180468559847
-1.19458920214	-66.9164538514	56.2983791020	-0.00140807440039	-0.00164862209931	-2.42308251472e-05
-0.79575008074	-66.8795977523	56.4300080274	-0.00118761404883	-0.00161690020468	4.75436718261e-05
-1.31722965435	-66.8630988071	56.4889328319	-0.00148668477777	-0.00160759489518	6.6603977757e-05
-0.96081124592	-66.9182536159	56.2919513719	-0.00127591670025	-0.00164836260956	-2.2856376745e-05
-1.23069164234	-66.8079837397	56.6857723582	-0.00144721311517	-0.00156444590539	0.000165838762769
7.43515768171	-67.5465734106	54.0479521051	0.0030290489085	-0.00200888258405	-0.00126225571148
7.44261127634	-67.4651788035	54.3386471305	0.00306056090631	-0.00193425221369	-0.00113582832273
6.97029320151	-67.5026332900	54.2048811072	0.00281956023537	-0.0019745673053	-0.00116150721442
7.07425084823	-67.5696466262	53.9655477637	0.00284791598096	-0.00203423737548	-0.00127298373263
7.25658256689	-67.5740358043	53.9498721275	0.00293413782492	-0.00203604716808	-0.0012922527967
5.50251640371	-64.7148868374	64.1611184377	0.0032697734423	0.000718874565791	0.00443539908156
5.70519856128	-64.6831208656	64.2745683370	0.00340809510089	0.00076768011786	0.00446358462796
5.18136760064	-64.6491281634	64.3959708452	0.00309751648456	0.000780718459282	0.00465907948092
5.74683035526	-64.6052004266	64.5528556193	0.00346856797114	0.000863470078912	0.00463060848415
5.30644761708	-64.7018784133	64.2075770953	0.00315425614826	0.000723477161955	0.00450832303613
5.52166032562	-64.5784088802	64.6485397136	0.00333999469876	0.000885527173523	0.00474361609668
7.26022372658	-65.0946478989	62.8048289324	0.00410799123347	0.000362941296771	0.00324817630462
7.45198977274	-65.0401187321	62.9995759568	0.0042469073087	0.000428897037636	0.00332724070176
7.66083861514	-65.0549571809	62.9465814969	0.00435565924272	0.000418661802541	0.00325646880083
7.79383222482	-65.1034493478	62.7733951865	0.00440143235028	0.000369484099792	0.00313074560836
7.42140909925	-65.1487543604	62.6115915700	0.00416756700724	0.000309391267365	0.00310503947549
10.9233841838	-67.4900113730	54.2499593821	0.00470540812239	-0.00194570585154	-0.00150069850497
10.4078087109	-67.5290738314	54.1104506020	0.00444607343525	-0.00198014872149	-0.00150262983516
10.4301027042	-67.4528407256	54.3827116942	0.00448923930526	-0.00190815527458	-0.00138948427048
10.6203926413	-67.4052820194	54.5525642163	0.00459999404848	-0.00186380615924	-0.00133812671993
10.7286718382	-67.5274343536	54.1163058801	0.0045975651592	-0.0019800469745	-0.00153517816216
11.2556001836	-67.5820669239	53.9211895575	0.0048207398504	-0.00203572539613	-0.00167677097488
11.3684181645	-67.4577443149	54.3651988755	0.0049292142503	-0.00191841705237	-0.0015040661674
11.4163553195	-67.5108778205	54.1754363553	0.0049276757054	-0.00196946202777	-0.00158940441906
10.9907996106	-67.5456284299	54.0513270360	0.00471267523244	-0.00199895282276	-0.00159194029402
7.78191133037	-69.3004959761	47.7839429426	0.00273778405972	-0.00363195571117	-0.00382113805972
8.02221553168	-69.2339105910	48.0217478893	0.00285259145312	-0.00357075710781	-0.00374578451738
8.20448010843	-69.3430461486	47.6319780408	0.00290886661969	-0.00367325241677	-0.00390811404213
8.26953679688	-69.2761151556	47.8710173016	0.00294952909462	-0.00361122773029	-0.00382097903639
11.0737108260	-66.2128516835	58.8112439875	0.00544522516429	-0.000720481737517	0.000513649487402
10.7878294755	-66.1783924894	58.9343125378	0.00532222772017	-0.000686580955517	0.000615818600636
11.1296410091	-66.2865212253	58.5481384812	0.00542890233919	-0.000792534148786	0.000381479534553
10.6067735677	-66.2477576860	58.6865796930	0.005189828109	-0.000754654407501	0.000524903414771
10.6560263887	-66.3291365403	58.3959409275	0.00516697345302	-0.000833860889543	0.000380034209229
11.3992225674	-67.1663930641	55.4057390569	0.00508171506226	-0.00164091435727	-0.00106519134715
11.1943720983	-67.1293177394	55.5381509305	0.00500200036913	-0.00160418881569	-0.000982329831459
11.0029937649	-67.1674882227	55.4018277760	0.00489188963547	-0.00163957616314	-0.00101780414116
11.0060756282	-67.2294149128	55.1806610257	0.00486376555637	-0.00169854192063	-0.00111368729267
11.3621932492	-67.2377075099	55.1510446074	0.00502936495468	-0.00170869228896	-0.00116988446098
9.22078564198	-66.7440864730	56.9139768821	0.00423218728974	-0.00124195148237	-0.000132252738695
8.94156676463	-66.7244471251	56.9841174105	0.00410350458696	-0.00122650177218	-6.88197105774e-05
8.90572218546	-66.6486292160	57.2548956571	0.00412277923897	-0.00115507189184	6.26970213489e-05
9.38992440024	-66.6241119760	57.3424572287	0.00437590619549	-0.00112602417357	4.8922982387e-05
9.09947339608	-66.5885943169	57.4693060111	0.0042493888177	-0.00109541800339	0.00014260597527
5.39309915055	-69.9047669010	45.6258324965	0.00167419819627	-0.00420339452103	-0.00451912917197
5.88706674031	-69.8004854797	45.9982661440	0.00188326369971	-0.00410087965429	-0.00439803302288
5.89321283687	-69.8882590075	45.6847892590	0.00187964818906	-0.00418312940747	-0.00451661413535
5.61515481233	-69.7681253824	46.1138379200	0.00177357404027	-0.00407287850976	-0.00434309942648
5.66925815529	-69.9225015989	45.5624942898	0.00178609776776	-0.0042173480615	-0.00455349450931
-6.58214318437	-64.0943793620	66.3772165644	-0.00613270374015	0.00127806339879	0.00558768073097
-6.22422140549	-64.0318904043	66.6003914133	-0.00593163631856	0.0013620761456	0.0058430400677
-6.21457101555	-64.0976045838	66.3656979149	-0.00587480422109	0.0012830250198	0.00569371785969
-6.39576257780	-64.1139605531	66.3072837389	-0.00598836084828	0.00125929887872	0.00560030061752
2.99519198772	-66.2398007154	58.7149974451	0.00112388143316	-0.00101485999767	0.00123409647495
3.34389307754	-66.3128720728	58.4540283115	0.00130661122967	-0.00105319020804	0.00108005083166
3.05991159962	-66.3039925063	58.4857410490	0.00114234979264	-0.00106211204547	0.00110535800923
3.43631437550	-66.2480169100	58.6856538929	0.00138258654624	-0.000994877074845	0.00120492000133
3.30207281235	-66.1951055902	58.8746228922	0.00132164778188	-0.000959976459853	0.0013150468003
3.94190731521	-68.1055365668	52.0516551184	0.00122074480169	-0.00255991634913	-0.00194376544096
3.45296692180	-68.1416440523	51.9226998134	0.000983623904176	-0.00259941536933	-0.00198574666865
3.53526283747	-67.9909409944	52.4609250199	0.00104245368857	-0.00246464391239	-0.00176173192449
3.38392820831	-68.0647124610	52.1974554964	0.000960151664913	-0.00253226491623	-0.00186935858801
3.68383021824	-68.1511291381	51.8888245067	0.00109196116682	-0.00260437885299	-0.00200509303249
3.9239466614	-68.0495276233	52.2516870596	0.00122048892081	-0.00251036090776	-0.00185954244807
5.06112819948	-67.6734480830	53.5948282751	0.00184234941844	-0.0021582506597	-0.00132485828362
4.54081973627	-67.7518158206	53.3149434977	0.00157095934264	-0.00223668478429	-0.0014261280885
4.96043267624	-67.7401471554	53.3566173021	0.00177795416676	-0.00221917545423	-0.00142393715214
4.56846520152	-67.6296474084	53.7512592556	0.00161026965361	-0.00212850724347	-0.00123742606957
4.73750324805	-67.7544357039	53.3055867717	0.00166632526089	-0.00223561469465	-0.00143731071148
4.46470496869	-67.707147792	53.4744721714	0.00154283305164	-0.00219863443635	-0.00135440868326
1.16424590245	-67.3937195529	54.5938587398	-9.40128738876e-05	-0.00199756864458	-0.000801209709607
1.39307485096	-67.2970913577	54.9389594368	3.14640528813e-05	-0.00191330676898	-0.000644047628157
1.10783447608	-67.2805892762	54.9978954422	-0.000119847238238	-0.00190563313663	-0.000616516568698
1.39193722702	-67.3729125198	54.6681695720	2.6696419809e-05	-0.00197583739646	-0.000767817720771
2.09502192424	-66.7415620915	56.9229925305	0.000477004999993	-0.00144903059117	0.000301990192384
1.82668475373	-66.7562241532	56.8706280243	0.000321044761222	-0.00146929954644	0.000278161023743
2.27679109303	-66.7930474337	56.7391163083	0.00057188415667	-0.00148356228601	0.000208080848097
1.82875833041	-66.8778797342	56.4361438063	0.000306611647829	-0.00156471552327	6.30775975878e-05
2.02283065230	-66.8923049930	56.3846250251	0.000413700763602	-0.00157048983965	3.62202845281e-05
2.23657648018	-66.8536765561	56.5225837281	0.000539239437785	-0.00153315160424	0.000101535290014
9.91487618999	-66.2720440085	58.5998428267	0.00482783932239	-0.000781795359217	0.000581837375648
9.57438118527	-66.1766338924	58.9405932416	0.00470985611901	-0.000691956549417	0.000794902036432
9.72895872997	-66.1171531452	59.1530244815	0.00482256710529	-0.000632065697573	0.00087799114408
10.1007007863	-66.2117522966	58.8151703692	0.00495607033372	-0.000721658230759	0.000659922661725
10.0157386077	-66.1316432571	59.1012740817	0.00495977187529	-0.000643809034955	0.000811315490864
-0.353643328293	-66.3971962685	58.1528704695	-0.000981016783044	-0.00125740154181	0.000938556622714
-0.828844851206	-66.3413711851	58.3522457673	-0.00128781469539	-0.00122071267106	0.00104112003464
-0.622585533282	-66.3965609174	58.1551395806	-0.00114959140774	-0.00125873205252	0.000936582451686
-0.406858486361	-66.2676768899	58.6154396789	-0.00102901365608	-0.00116960215382	0.00119201594498
-0.681175042925	-66.2752770053	58.5882964095	-0.00120467657689	-0.00117556843907	0.00117369741201
-7.17910709662	-65.1923185776	62.4560050801	-0.00568895414472	2.23776060011e-05	0.00295272888616
-6.80485121598	-65.1267724329	62.6900984540	-0.00552235404029	9.00571612874e-05	0.0031748751644
-7.02653272395	-65.2571522119	62.2244563859	-0.00555612891912	-4.76658642583e-05	0.00284317717887
-6.70246681436	-65.2482814892	62.2561375385	-0.00537909241393	-4.18634153903e-05	0.00292649306357
-6.69302245251	-65.1782850217	62.5061249224	-0.00542228948325	3.30462571583e-05	0.00308340718038
0.311041501853	-63.7344891367	67.6625387975	-0.000554518890567	0.00184968544636	0.00780646363273
0.582877063551	-63.6707925184	67.8900267199	-0.00029544683639	0.00194698129781	0.00794188305736
0.787165677347	-63.7917410540	67.4580676644	-0.000116512790555	0.00177367788274	0.00764160696417
0.856304416052	-63.7329821263	67.6679209776	-4.69359256385e-05	0.00186154711992	0.00777372578159
0.368246975635	-63.6665385901	67.9052193212	-0.000496756867506	0.00194966071285	0.00796404015273
0.776590189711	-63.6767075137	67.8689017367	-0.000114779664727	0.00194166810252	0.0079132579267
0.503599011855	-63.7973386218	67.4380763507	-0.00037891275133	0.00175979977939	0.00764902634546
-5.19051220589	-64.0069183898	66.6895771792	-0.00520115764812	0.00141439260915	0.00621573161334
-4.96004888926	-64.0339020442	66.5932069850	-0.0050143818371	0.00138349912595	0.00621839752421
-5.40977228108	-64.0268045034	66.6185553450	-0.00534971756861	0.00138573697768	0.00610338896513
-5.4089570419	-64.1468665114	66.1897624591	-0.00527383992448	0.00123580708168	0.00581781193614
-4.91674115467	-64.0990079607	66.3606858546	-0.00494624068961	0.00130076194182	0.00607404811308
-5.44635059947	-64.0838569472	66.4147966171	-0.00533976173028	0.00131396984216	0.00595702370629
-5.02144866587	-64.1541206209	66.1638549252	-0.00499228201807	0.00122973520774	0.00591129297391
-4.44798220677	-67.4512718873	54.3883146883	-0.00299325538799	-0.00211061094888	-0.00104343064595
-3.92865761795	-67.3691154655	54.6817304805	-0.00275754742324	-0.00203542900272	-0.000882948457729
-4.33707332348	-67.3719809748	54.6714965186	-0.00296349194832	-0.00204056594521	-0.000909163092729
-3.83563400003	-67.4319920037	54.4571714154	-0.00269130524248	-0.00208911695518	-0.000980222248472
-4.33272912079	-67.5119959304	54.1714431057	-0.00291640940122	-0.00216282065958	-0.00113430933561
-4.12189657793	-67.5218316720	54.1363154572	-0.0028082721401	-0.0021695503965	-0.00113881041761
-4.13165863683	-67.3547393550	54.7330737320	-0.0028651766479	-0.00202427618206	-0.000870017684065
-2.85214355637	-69.6990567397	46.3605116440	-0.0017925928114	-0.00414815358818	-0.00425881193951
-2.56242280054	-69.7080386130	46.3284335250	-0.00166821840685	-0.00415016664192	-0.00426110625267
-2.86914608159	-69.6160394223	46.6570020633	-0.00181141297799	-0.00406821491197	-0.00414527393878
-2.70913101356	-69.5764691873	46.7983243312	-0.00174846604932	-0.00402639945969	-0.00408510491252
-2.44251440759	-69.6366669650	46.5833322679	-0.00162648200057	-0.00407842872664	-0.0041590500623
9.36665105415	-67.0607654606	55.7829804980	0.00415423884988	-0.00153998564929	-0.00066462601535
9.53523024972	-67.0203379084	55.9273646128	0.00425460934639	-0.00150082434993	-0.000617711804807
9.43701852412	-67.1294964491	55.5375126819	0.00415736204013	-0.00160426704679	-0.000781591515988
9.86469805292	-67.1148656521	55.5897655282	0.00437039881945	-0.00158867938444	-0.000804014445748
9.80164205344	-67.0431489138	55.8458967365	0.00437317509204	-0.0015210849233	-0.000683237740304
-4.99900280723	-66.0458387656	59.4077186944	-0.00391373503953	-0.000877723156009	0.00144912931137
-5.00382132076	-66.1176578517	59.1512219581	-0.00387549912557	-0.000942541053519	0.00130251201335
-5.34440557196	-66.1530078380	59.0249720071	-0.00404342124239	-0.000966209860053	0.00120048143435
-5.15006782686	-66.1469887189	59.0464688612	-0.00393994804472	-0.000965278886724	0.00123046094086
-1.85005096787	-66.6631820254	57.2029213380	-0.00183608802035	-0.00145323225297	0.000412298832089
-1.70889154725	-66.7169139803	57.0110214988	-0.00174121931195	-0.00149500067346	0.000318218139
-1.68219619894	-66.6077021819	57.4010636362	-0.00175170530565	-0.00141153135337	0.000518510350958
-1.42667807049	-66.6114652838	57.3876239863	-0.00159998843446	-0.00141511182301	0.000517374719493
-1.47255471824	-66.7152336227	57.0170227760	-0.00160473550204	-0.00149378797505	0.000326845183736
-3.61991848069	-63.9202681850	66.9990421963	-0.00402996502817	0.00154568091966	0.00686004990712
-4.06396805904	-63.9233297308	66.9881081044	-0.00438416190445	0.00153748970479	0.00673644524068
-3.82923129295	-63.8651758319	67.1958006004	-0.00422203401104	0.00161764235236	0.00693973712623
-4.05606415789	-63.9936591548	66.7369315900	-0.00434681214392	0.00144412391819	0.00656762998551
-3.66674362374	-63.9842089728	66.7706822401	-0.00404358375818	0.00145855720621	0.00669224513695
-2.59682071934	-63.7376285766	67.6513265122	-0.00322631374002	0.00180734333117	0.00753813935444
-2.19045394763	-63.7182484351	67.7205413032	-0.00287043279968	0.00183982821181	0.00766172539443
-2.14404461374	-63.8599239615	67.2145572803	-0.00280023529194	0.00163823389448	0.00732890656218
-2.61833686477	-63.8131546852	67.3815904101	-0.00322447624058	0.00170169235207	0.0073514431715
-2.06901083356	-63.7856533951	67.4798093034	-0.00274756085128	0.00174562470056	0.00752067100257
-2.40913926622	-63.7155655626	67.7301229909	-0.00306642567739	0.00184061122127	0.00762812653556
1.78537294304	-63.7472664902	67.6169053922	0.000797471264377	0.00185923371464	0.0076170344837
1.50729631841	-63.7161312359	67.7281027290	0.000553077785298	0.00189813110046	0.00773486681283
1.90682281421	-63.8085128584	67.3981683629	0.000892376119737	0.00177438522223	0.00745124043897
1.75476403243	-63.8723232549	67.1702740895	0.000746645731851	0.00167776632588	0.00732692144811
1.28109460259	-63.8263734021	67.3343807067	0.000330674578436	0.0017332022544	0.00750657357275
1.35023334130	-63.7676144744	67.5442340200	0.000401527213398	0.00182090478484	0.00763587560505
-2.66926339686	-67.1221676017	55.5636871367	-0.00217269058339	-0.00182059442159	-0.000418818846811
-2.85808789473	-67.2269619154	55.1894217306	-0.00224511162378	-0.00190863234457	-0.000601494393777
-2.64136141182	-67.2249497841	55.1966079138	-0.0021314539481	-0.00190585735254	-0.000590061768889
-2.54096864755	-67.1787523731	55.3615986676	-0.00208979239687	-0.00186695251614	-0.000509394973051
-2.91242737058	-67.1153248472	55.5881255458	-0.00230431067757	-0.00181562453508	-0.000416450639023
-3.67761192476	-65.7484593214	60.4697881379	-0.00331229227595	-0.00066935736686	0.0022026062943
-3.04720204142	-65.7512796501	60.4597155354	-0.00292023201473	-0.000712881912477	0.00223802099936
-3.20164017257	-65.8130869985	60.2389750055	-0.00298531446606	-0.000754281529225	0.00208712066524
-3.50807096332	-65.8143235508	60.2345587471	-0.00317345256917	-0.000736976973712	0.00206514028832
-3.51700237149	-65.6878648752	60.6861968743	-0.00324695720337	-0.000626022636425	0.00235472503118
-11.2856701427	-67.7104895380	53.4625373642	-0.00613132864237	-0.00247416901402	-0.00206682179123
-11.1102092704	-67.6559835771	53.6572015103	-0.00607668980956	-0.00241645565256	-0.00196682172827
-10.8848370796	-67.6905783366	53.5336487979	-0.00595645466819	-0.00244335993193	-0.00199019582942
-11.2145683889	-67.7649061389	53.2681923610	-0.00607299618423	-0.00252465950325	-0.00213676807471
-10.8648715851	-67.7510667529	53.3176187396	-0.00591899780557	-0.00250092358328	-0.00207564048469
7.61440639450	-67.3359960318	54.8000141720	0.00319010904059	-0.00181362801231	-0.000945001025684
7.76427962496	-67.1956967436	55.3010830585	0.00331656914204	-0.00168253330048	-0.000732523505576
7.77830237219	-67.2675006800	55.0446404284	0.00329561252147	-0.00174849608447	-0.000848831317853
7.53342479140	-67.1861841444	55.3350566273	0.00320708029903	-0.00167719402816	-0.000698726973496
7.36312548023	-67.2353016677	55.1596369010	0.00310482433997	-0.0017248847289	-0.000764877710026
-4.60615690498	-66.1575955982	59.0085871495	-0.00363094056956	-0.00098914897535	0.0012550665997
-4.40025063124	-66.1342489204	59.0919681416	-0.00352704594843	-0.000974818249233	0.00131811678875
-4.33927845477	-66.2164803215	58.7982845659	-0.003449146403	-0.00104805722367	0.00115665339399
-4.56136080120	-66.2097930539	58.8221676646	-0.00357780349441	-0.00103623652831	0.00115379597992
-4.25012912156	-66.1673808625	58.9736397767	-0.00342404469848	-0.00100823678076	0.00126169470605
-0.299126114675	-67.9586586133	52.5762192382	-0.000826668343507	-0.00250016967766	-0.00169758789707
-0.566197068009	-67.9728411166	52.5255674408	-0.000956642674282	-0.00251657678746	-0.00172324653249
-0.51325605965	-68.0941586630	52.0922904892	-0.000921401078813	-0.00262142973952	-0.00190597865731
-0.137575039918	-68.0128124670	52.3828126178	-0.000744278018828	-0.00254461076111	-0.00177773099858
-0.214365815686	-68.0737563226	52.1651559909	-0.00077807175694	-0.00259890174493	-0.00187084369827
-0.830115548198	-68.5013321125	50.6380995983	-0.00103806518018	-0.0029879277572	-0.00251424661838
-1.40883749186	-68.5843883641	50.3414701282	-0.00129729718901	-0.00307275517844	-0.00264758081175
-0.816996223921	-68.6365915005	50.1550303553	-0.00102025596425	-0.00310993823223	-0.00271019292995
-0.706001406331	-68.5633261031	50.4166924891	-0.000975365459453	-0.00304173049517	-0.00260205892846
-1.26289950321	-68.6495914778	50.1086018648	-0.00122330221348	-0.0031294322107	-0.00273841246963
-1.02608202306	-68.6530801015	50.0961424947	-0.00111454736907	-0.00312850531191	-0.00273821526207
-1.04973038088	-68.5014816876	50.6375654013	-0.00113996944856	-0.00299174129032	-0.00251891207881
-1.83882497149	-64.1336756326	66.2368727407	-0.00249985279515	0.00122467067558	0.00671338336542
-1.33742826607	-64.1819349129	66.0645181684	-0.00205969554372	0.00113834918011	0.00666666217148
-1.57696204814	-64.1226152641	66.2763740566	-0.00227318401448	0.00123791897204	0.00678066862747
-1.82619508284	-64.2419727577	65.8500972939	-0.00248096091673	0.00105273385998	0.00644509727135
-1.91778354643	-64.1925796592	66.0265012172	-0.0025626339484	0.00113378616516	0.00655372440815
-1.63560922814	-64.2717682787	65.7436847189	-0.00231597921811	0.000998365343548	0.00639998260885
-6.97961719487	-67.2967813056	54.9400667658	-0.00430042343214	-0.00199568527751	-0.000977341085672
-7.36244942558	-67.1828489497	55.3469680369	-0.00453831395134	-0.00189592526294	-0.000828982505482
-7.43066543133	-67.2556323956	55.0870271585	-0.00453737052158	-0.00196346989833	-0.000952886708546
-6.95003381096	-67.2152142419	55.2313777074	-0.00432260846719	-0.00192105106544	-0.000843007233925
-7.12874515167	-67.1655943001	55.4085917854	-0.00443268427625	-0.00187762465794	-0.000778735266067
-7.25277026158	-67.3178907724	54.8646758127	-0.0044232015498	-0.00201827241108	-0.00103584455792
5.92347059328	-65.5998311568	61.0006030114	0.00309250247665	-0.0002367751149	0.00237500225194
6.17891557430	-65.6075498229	60.9730363467	0.00323048583232	-0.000230015546549	0.00232757418416
6.35223972186	-65.5591036849	61.1460582681	0.00335145159625	-0.000171236999449	0.00240770354867
6.02803366384	-65.4665362716	61.4766561728	0.00321884243749	-9.3653514341e-05	0.00264815893024
6.29545924357	-65.4950208372	61.3749255815	0.00335338478908	-0.000108187217847	0.00255102058873
0.896514872928	-64.5452876873	64.7668296884	-3.2090163586e-05	0.000528447504621	0.00576499290764
1.29294760708	-64.4413708815	65.1379611374	0.000313643977279	0.000741385796573	0.00599821470678
1.04050083132	-64.5937446384	64.5937691484	9.57673837547e-05	0.000456175388535	0.00561624625698
1.29911996287	-64.5795935940	64.6443085927	0.000320079387166	0.000505242147483	0.00562480930239
1.41324628888	-64.5100146656	64.8928047659	0.000417424569605	0.000634657742921	0.00579891959205
0.928126110726	-64.4926300496	64.9548926801	-5.01693284605e-06	0.000623605039436	0.00590511132032
-8.26743730947	-69.0969588546	48.5108612337	-0.00425564358011	-0.00371539779007	-0.00373618281446
-7.68876658369	-69.0566157724	48.6549436699	-0.00401422847062	-0.00365778757259	-0.0036353180185
-7.92118835765	-68.9972976644	48.8667940555	-0.00413282448426	-0.00360770779662	-0.00357030564919
-7.80066865173	-69.1324869747	48.3839750905	-0.00404209736735	-0.00373476766981	-0.00374930608086
-8.21256506382	-69.0012369614	48.8527251377	-0.00425944291055	-0.00362075120211	-0.00359867257066
3.60986355356	-65.4672479143	61.4741145919	0.00180185737554	-0.000300670362776	0.00291459751315
3.57430265968	-65.3405532490	61.9265955392	0.00183234538417	-0.000178327987669	0.003230700735
4.06946804344	-65.3963954254	61.7271591951	0.00211441726424	-0.000179236580152	0.00304296799004
3.91301379160	-65.3397525927	61.9294550261	0.00204304349609	-0.000137741561048	0.0031973477453
3.51297046166	-65.3973479277	61.7237574010	0.00177058635745	-0.000243304413743	0.00309481844306
1.32693233835	-65.3913384608	61.7452197828	0.00025735780946	-0.000534878927283	0.00324495811947
0.77933326936	-65.3391033968	61.9317735830	-0.000169150313013	-0.000552019686438	0.00340797472745
0.709535569488	-65.4246055853	61.6264086240	-0.000234899271163	-0.000622427382041	0.00316593563184
0.883750535464	-65.4724990488	61.4553605400	-0.000102505997347	-0.000641663966235	0.00303128641099
1.15983763246	-65.3338826804	61.9504189984	0.000137923139846	-0.000507992459461	0.00341264437884
-2.90892885827	-64.1033661797	66.3451207870	-0.00339944614097	0.00128805264831	0.00657975766808
-2.32584907022	-64.0812395913	66.4241443168	-0.00292092515156	0.00131278589834	0.00675604306161
-2.70013638463	-64.1543467157	66.1630474440	-0.00321940192953	0.00121015042532	0.00649838661775
-2.40480764515	-64.1401436179	66.2137727933	-0.00297850416973	0.0012254914036	0.00659470306709
-2.82296001068	-64.0360943516	66.5853773158	-0.00334407668561	0.00138415605761	0.00676497537643
4.39231906299	-65.7503180108	60.4631499613	0.00214746687561	-0.000493329076562	0.00219883467071
4.63291297190	-65.5831050721	61.0603390282	0.00236531160772	-0.00031278267852	0.00255135120824
4.81540030456	-65.6556479308	60.8012573901	0.00243725418113	-0.000368951587006	0.00237202364951
4.20970187485	-65.7104984106	60.6053628193	0.00205803685822	-0.000471610663226	0.00230079446919
4.70393071256	-65.7340062410	60.5214062821	0.00233611487783	-0.000453138636658	0.0022097278852
4.14853031432	-65.6527725043	60.8115267703	0.00204776437022	-0.00042295048479	0.00243548117578
5.73514577294	-65.2024933410	62.4196666394	0.0031846195925	0.000170330720721	0.0032746559009
5.46697442254	-65.2401853098	62.2850524649	0.00301156961359	0.00011089072359	0.00323043670505
5.73040429693	-65.1208368343	62.7112970203	0.00322133209556	0.000260492030066	0.00346025056206
5.25523068165	-65.1113534213	62.7451663526	0.00294769299217	0.000238307969994	0.00356082594953
5.28345204627	-65.1836567824	62.4869400628	0.00293125025928	0.000159598654136	0.00338828843087
-7.00887084479	-66.6114430181	57.3877035067	-0.00465811416507	-0.00136981066316	0.000173259541043
-7.26154135151	-66.6965647774	57.0836972237	-0.00473790708929	-0.00144886248745	-3.27809357259e-06
-7.07567030979	-66.7533116223	56.8810299203	-0.00461371662095	-0.0015003165463	-8.18673361209e-05
-7.19634547328	-66.6384024245	57.2914199125	-0.0047376784496	-0.00139501423109	0.000105386934592
-6.81553367132	-66.7417480477	56.9223284009	-0.00448909215629	-0.0014889491722	-3.52585848304e-05
-6.71822698155	-66.6872544563	57.1169483705	-0.00446901610121	-0.00143905950245	6.97866998962e-05
-4.55386175927	-68.2266999217	51.6189288511	-0.00282329693437	-0.00280348304659	-0.00224310928024
-4.98624323120	-68.3304010274	51.2485677594	-0.00299782725051	-0.00290607218631	-0.0024197618477
-4.85393689780	-68.2534865888	51.5232621829	-0.00295639736578	-0.00283323554322	-0.00229902286083
-4.79538620338	-68.3819418324	51.0644934555	-0.00289664464071	-0.00294969556853	-0.00248478958383
-4.41909283802	-68.2755349759	51.4445179431	-0.00274832732975	-0.00284549826756	-0.00230838614516
11.0532483829	-67.9983394465	52.4345019769	0.00455527100712	-0.00242942664772	-0.00226576672867
10.6161790534	-67.9834058277	52.4878363297	0.00436072377488	-0.00241109263152	-0.00219811010174
10.7993778689	-68.0740043028	52.1642703470	0.00441041169688	-0.00249865069054	-0.00234847213142
10.5908991169	-68.0461600199	52.2637142146	0.00432559428737	-0.00247031915933	-0.00228672334924
10.9705106707	-68.0444481831	52.2698279174	0.00449969759211	-0.00247235270217	-0.00232368847355
-3.72418307646	-68.5164096114	50.5842513877	-0.00237327232026	-0.00305250985548	-0.00262820161879
-4.19956225588	-68.5825647056	50.3479831943	-0.00257699773647	-0.00312250852585	-0.00274614058435
-3.72383899225	-68.6550723686	50.0890272551	-0.00234558293596	-0.00317991501652	-0.00282883481123
-4.04103149457	-68.6449254345	50.1252663053	-0.00249172584154	-0.00317688472569	-0.00282861269079
-3.63888126760	-68.5887162300	50.3260134642	-0.00231982185505	-0.00311718229204	-0.0027293257881
1.82698083834	-69.1215179447	48.4231501977	0.00018485916371	-0.00351261277683	-0.00337724317797
1.62219085125	-69.0006104326	48.8549627407	9.46178333834e-05	-0.00340357958339	-0.00320701533929
1.60146385634	-69.0723549675	48.5987322589	8.56286642374e-05	-0.00347030791454	-0.00330795370974
1.85876297308	-68.9803847153	48.9271974455	0.000199587186216	-0.00338140572421	-0.00317895878106
2.02961667880	-69.0253269430	48.7666894894	0.000274725345662	-0.00342046818696	-0.00324290012941
2.99790806209	-69.2651802943	47.9100703774	0.000692501780577	-0.00363048445433	-0.00358631764539
2.75883837481	-69.3016225583	47.7799194346	0.000588269089349	-0.0036676726304	-0.00363416108303
2.52589125116	-69.2509924833	47.9607411312	0.000488459947519	-0.00362343061715	-0.0035616683308
2.77928499818	-69.1710712140	48.2461742357	0.000600471161306	-0.00354550522752	-0.00345276412554
2.96411362173	-69.1921373128	48.1709381685	0.000680244644172	-0.00356274726801	-0.00348429079168
6.62216597726	-67.1493368588	55.4666540758	0.00276988931	-0.00165989052039	-0.000572443415876
6.47984391040	-67.2247680975	55.1972567947	0.00267243012786	-0.00173091818579	-0.000686285900883
6.62409846190	-67.2934238913	54.9520575309	0.00272033526562	-0.00179023714736	-0.000806634488981
6.87477570377	-67.1606726740	55.4261690215	0.00289146997966	-0.0016652031336	-0.000608307600487
6.95974729992	-67.2193821005	55.2164924980	0.00291212485172	-0.001717056497	-0.000709764368366
11.7569766555	-66.3945448677	58.1623397581	0.00567679386586	-0.000900827988517	0.000107150422991
11.8152073239	-66.5038271711	57.7720458175	0.00564067624509	-0.00100730720442	-7.89582409197e-05
11.4873805369	-66.3839939599	58.2000215717	0.00554914399981	-0.000888795591891	0.000165733974427
11.3229850181	-66.5172205088	57.7242124686	0.0053899041377	-0.00101719226222	-2.78289098787e-05
11.8487455699	-66.4450200040	57.9820714143	0.00569208245724	-0.00095058552688	1.09786033136e-05
11.5616534831	-66.5233785738	57.7022193792	0.00550415366888	-0.00102439289913	-7.27066362742e-05
5.79997480850	-66.8587145164	56.5045910127	0.00245829252526	-0.00141883571632	-3.19765058521e-05
6.00803839558	-66.6903571023	57.1058674919	0.0026310372632	-0.00126132881269	0.000248393655056
5.65572025700	-66.7900587226	56.7497902765	0.0024087857455	-0.00136199919507	9.56453295657e-05
6.23104934300	-66.7930077981	56.7392578640	0.00270585413091	-0.0013472167775	5.39246029803e-05
5.76340844594	-66.7140185292	57.0213623956	0.00249394075945	-0.00129060179461	0.000222453876631
6.18203465247	-66.7321843625	56.9564844197	0.00270469952375	-0.00129365606699	0.000163126023836
-10.0256395724	-67.5519555594	54.0287301451	-0.00562449777499	-0.00228866608813	-0.00168650818523
-9.78111445588	-67.4461432710	54.4066311751	-0.00556112453341	-0.00218297354877	-0.00149978219997
-9.51108433955	-67.5543441879	54.0201993289	-0.00538397394121	-0.00227873842232	-0.00163217191584
-10.0183138592	-67.4761232531	54.2995598102	-0.00565732922405	-0.00221674656495	-0.0015724406112
-9.61190928873	-67.4929912807	54.2393168545	-0.00545971188694	-0.00222326465882	-0.00155108654872
-1.83335549558	-64.5891429683	64.6102036845	-0.00246298429556	0.000487615470774	0.00552851567045
-1.85663514122	-64.5193451518	64.8594816009	-0.0024879812263	0.000602800457273	0.0057159923017
-2.08203659605	-64.4748931529	65.0182387397	-0.00267650396563	0.000690230983309	0.00579639710486
-2.26694320306	-64.5593469956	64.7166178727	-0.00281544728205	0.000570475822315	0.0055350153707
-2.02470756928	-64.6071923689	64.5457415396	-0.00261668930762	0.00047517643543	0.0054468899034
-3.52282948367	-64.6006858083	64.5689792560	-0.0037427849602	0.000601429084782	0.00516680022702
-3.33966346174	-64.7246471598	64.1262601435	-0.00357607984915	0.000419272051658	0.00487559242174
-3.57818109894	-64.7346006699	64.0907118932	-0.00373796583153	0.000424306810601	0.00480054365471
-3.78376983520	-64.6861609752	64.2637108027	-0.00389578030445	0.000502492766827	0.00488544767722
-3.34676315409	-64.6582709641	64.3633179854	-0.0036010472104	0.000510512734763	0.00505196675658
-1.42953475832	-64.9628697591	63.2754651462	-0.00207978626713	-0.000116979652375	0.00449363514781
-1.37227966713	-65.0362762640	63.0132990571	-0.00201758835465	-0.000217569177039	0.004276745487
-1.72677020669	-65.0779340850	62.8645211251	-0.00229144119658	-0.000225469193538	0.00411947211251
-1.52393055195	-65.0908796003	62.8182871418	-0.00212744972669	-0.000265178387053	0.00409918092191
-1.74930104113	-65.0266364592	63.0477269315	-0.00232286308892	-0.000160757350386	0.00426977174357
-1.64978703633	-64.9715019800	63.2446357856	-0.00225690286607	-0.000102814607089	0.00444475794211
6.68336644408	-64.9765902939	63.2264632361	0.00384451914579	0.00047201642883	0.00360940303653
6.22054770010	-65.0517819162	62.9579217277	0.0035389768891	0.000366041029338	0.00352999335155
6.21734344186	-64.9809428354	63.2109184450	0.00357266166247	0.000445802143076	0.00368809723295
6.46804564712	-65.0957032065	62.8010599768	0.00365862064064	0.000329399452312	0.00338893407024
6.72297250722	-65.0548952424	62.9468027056	0.00382562354207	0.000386199564673	0.00343187735416
-3.16778505665	-64.2958745707	65.6575908190	-0.00356099079363	0.0010155615164	0.00603747228161
-2.69892001178	-64.3365567616	65.5122972800	-0.00318724731915	0.000938371056691	0.00603715982288
-3.19175809924	-64.3669612288	65.4037098971	-0.00356261990964	0.000914033560548	0.00585017213598
-2.86964633872	-64.2853562248	65.6951563401	-0.00333096506074	0.00102109485306	0.00613128812984
-2.96780964933	-64.4291771564	65.1815101557	-0.00337895122357	0.000813390361145	0.00573908118531
7.64497350700	-64.7288233803	64.1113450704	0.00453906040639	0.000780617061537	0.00394238485023
7.19078427489	-64.6988768699	64.2182968933	0.0042910957709	0.000804437324405	0.00410421611741
7.57259025206	-64.8138559578	63.8076572935	0.00444692233577	0.000683364283759	0.00377912237309
7.15677950455	-64.7725300900	63.9552496787	0.00422975653782	0.000719407515135	0.00395424710587
7.33599290317	-64.8110632952	63.8176310886	0.00431199744344	0.000680660654325	0.00383451464586
-5.36810972175	-68.6207670386	50.2115462907	-0.00309868389741	-0.00318248919211	-0.00286351563409
-5.88999081174	-68.6003222599	50.2845633575	-0.00333977863193	-0.00317519390956	-0.00286574452184
-5.69354133234	-68.7186025920	49.8621336002	-0.00322072114795	-0.00328147877008	-0.00302304211073
-5.42442022105	-68.6843356402	49.9845155708	-0.00310832005925	-0.00324312411249	-0.00295801926404
-5.84371939609	-68.6680248897	50.0427682510	-0.00330113130622	-0.00323754642159	-0.00295995059423
-9.94636204219	-68.6586362280	50.0762991857	-0.00513489637524	-0.00334715400822	-0.00327210896648
-9.63795155621	-68.6561550565	50.0851605126	-0.00499893911183	-0.00333400256932	-0.0032393282745
-9.55062095897	-68.5814567488	50.3519401829	-0.00498635880649	-0.00325881666504	-0.00312608177774
-10.0401299034	-68.5980848778	50.2925540079	-0.00519822724164	-0.00329168327153	-0.00319628464058
-9.71817238070	-68.5219029374	50.5646323663	-0.005082401447	-0.00320689682849	-0.00305795157328
-8.17865595249	-67.3746361816	54.6620136373	-0.00484060915187	-0.00208420935087	-0.00121517153457
-8.46100679762	-67.2519121881	55.1003136138	-0.00503317732364	-0.00197509210557	-0.00105188030284
-8.66132082446	-67.2870088053	54.9749685525	-0.00511131249368	-0.00201116874814	-0.00112885178532
-8.26934787227	-67.3010116400	54.9249584286	-0.00491825025529	-0.00201748567633	-0.00110894429963
-8.63106260113	-67.3563863681	54.7271915424	-0.0050636571832	-0.00207520183176	-0.00123388029169
2.57346320063	-69.5817948659	46.7793040505	0.000506291282363	-0.00393405510113	-0.00401906389743
2.38653389157	-69.7328458068	46.2398364042	0.000428526516771	-0.00408045994118	-0.00422452995554
2.74881129537	-69.6288826178	46.6111335080	0.000580511114094	-0.00397618999705	-0.00408514775336
2.20514666493	-69.6774299711	46.4377501034	0.000351311668055	-0.00403037667274	-0.00414784485474
2.64151176864	-69.6877344378	46.4009484364	0.000535392668098	-0.0040336525999	-0.00416472135112
-3.68738355468	-64.4755870319	65.0157606004	-0.00389866554178	0.000782068294939	0.00545544270426
-3.85592912281	-64.3449012082	65.4824956849	-0.00406324211508	0.000967237050645	0.00574854342267
-4.09992751923	-64.4259066431	65.1931905604	-0.00421008607373	0.000864647387061	0.00548343081027
-3.65082982841	-64.4004538184	65.2840935057	-0.00389538286254	0.000884400506038	0.00565701816231
-4.05789319527	-64.3630890366	65.4175391552	-0.00420342478901	0.000947789521888	0.00565253943205
1.02594301373	-66.1311359032	59.1030860600	-9.03621548787e-05	-0.00104577210732	0.00147731183097
1.25692983165	-65.9997903625	59.5721772767	8.19290798972e-05	-0.000948208442423	0.00175479846075
0.964453677563	-66.0714534345	59.3162377341	-0.000124548183521	-0.0010094831232	0.00160205853172
1.06621730238	-66.0173900938	59.5093210936	-4.94702217111e-05	-0.000969908141997	0.00171716313343
1.36893874624	-66.0516678110	59.3869006748	0.000147933707922	-0.00097599712899	0.00164339388721
-9.25897992632	-66.6966639590	57.0833430037	-0.00572116207331	-0.00146933773067	-0.000250507699093
-8.99469452658	-66.8320827009	56.5997046396	-0.0055123232305	-0.00159231654834	-0.00043878305587
-8.80087331652	-66.7513229935	56.8881321661	-0.00546572171152	-0.00151378090959	-0.000280125124846
-9.04696062396	-66.6661803682	57.1922129709	-0.00563690112904	-0.00143735751044	-0.000170577870449
-8.88217741560	-66.6937090358	57.0938963009	-0.0055397907272	-0.00146086479072	-0.000194492153241
-10.3277449675	-66.8080137402	56.6856652136	-0.00616662297398	-0.00159431470092	-0.000584161258303
-10.0638768655	-66.7898094971	56.7506803674	-0.00605155434459	-0.00157181615941	-0.000516499800142
-10.3195944485	-66.8978074508	56.3649733898	-0.00610820855945	-0.00167867995333	-0.000724845507648
-10.1157408481	-66.9329837246	56.2393438406	-0.00599044281989	-0.00170759425964	-0.000751494779252
-9.94348799181	-66.8926607484	56.3833544700	-0.00593201629817	-0.00166621850803	-0.000663739279844
-10.3849964698	-66.8523037256	56.5274866944	-0.00616679806262	-0.00163720664568	-0.000662645907141
2.55004788337	-64.2696339975	65.7513071520	0.00135814386886	0.0011177357519	0.00620915740728
2.80060424572	-64.2342654840	65.8776232716	0.00155950919725	0.00118673860561	0.00624037953094
2.75631580459	-64.3557118216	65.4438863516	0.00150823651347	0.00100311392453	0.00594784738496
2.59706102378	-64.3257059844	65.5510500558	0.00138867623173	0.00103615224361	0.00605871435255
2.92953969845	-64.2962490595	65.6562533590	0.00164908112492	0.00110384635627	0.00605707103387
10.1611454188	-68.4069158543	50.9753005204	0.00400524120778	-0.00280802184716	-0.00276268762536
10.4374487160	-68.5623847714	50.4200543878	0.00407841941342	-0.00295824976638	-0.0030087151099
10.5492439793	-68.5031513655	50.6316022662	0.00414731446654	-0.00290332920849	-0.00293600186706
9.94295682828	-68.5091265499	50.6102623217	0.00387510983273	-0.00290271942504	-0.00288752792403
10.1405750813	-68.5671868257	50.4029041939	0.00394499534741	-0.00295953569002	-0.00298761809245
10.0070648400	-68.4494999533	50.8232144524	0.00392251182348	-0.00284692365676	-0.00280887354165
-5.91138887181	-66.7032187220	57.0599331357	-0.00404753955081	-0.00145465473179	0.000117065414088
-5.80291724875	-66.8321471906	56.5994743192	-0.00392825948074	-0.0015701581724	-0.000100451070466
-5.43422328863	-66.7323776993	56.9557939310	-0.00378532311879	-0.00148259941489	0.000104622209619
-5.96850766761	-66.7714511626	56.8162458480	-0.0040428051725	-0.00151567184366	-8.29404234537e-06
-5.69864478242	-66.6781193333	57.1495738098	-0.00394981587306	-0.00143311102875	0.000179954527994
-8.77988913167	-69.1267017306	48.4046366763	-0.00447027431801	-0.00376176042482	-0.00381916109473
-8.63960089262	-69.1954120071	48.1592428316	-0.00438921898603	-0.00382401864044	-0.00390255125239
-8.72078935821	-69.0506043179	48.6764131504	-0.00446717813611	-0.0036855225917	-0.00370876840316
-8.47178683834	-69.0212603359	48.7812130860	-0.00436706328765	-0.0036486228928	-0.00364745012484
-8.50230924529	-68.5373904123	50.5093199562	-0.00453339191154	-0.00318366894498	-0.00296975020319
-8.57933299885	-68.6107389591	50.2473608605	-0.00454335520044	-0.00325614516623	-0.00308042974211
-9.01175470958	-68.5604069226	50.4271181337	-0.00475338473916	-0.00322115980089	-0.00304699246772
-8.82008596993	-68.6159437394	50.2287723594	-0.00464897416532	-0.00326852640137	-0.00310860713944
-8.90572986055	-68.4914724798	50.6733125721	-0.00472985114902	-0.00315178744495	-0.00293971481733
1.76605922154	-68.2966007462	51.3692830492	0.000172334592207	-0.00276322592981	-0.00219393754378
2.13328519321	-68.2210545095	51.6390910374	0.000349584996002	-0.00269043585286	-0.00208444520831
1.89397115701	-68.2292217077	51.6099224724	0.000235522951698	-0.0027014722582	-0.00209493562579
2.15349886595	-68.3370494320	51.2248234570	0.000352979259333	-0.00279317772947	-0.00225579203106
2.22826721408	-68.2784014524	51.4342805270	0.000391330162529	-0.00273981015198	-0.00217006239109
0.0763524621299	-68.3871170614	51.0460104948	-0.000622703111731	-0.00287074968219	-0.00233328784816
0.391563261767	-68.4284992055	50.8982171232	-0.000473414169392	-0.00290259555914	-0.00239081680775
0.50717143951	-68.3642590372	51.1276462956	-0.000421144999564	-0.00284343049861	-0.00229567033239
0.384965175874	-68.3271104042	51.2603199851	-0.000479813839775	-0.00281237391755	-0.00224194582552
0.203370139157	-68.3223312645	51.2773883412	-0.000565739814192	-0.00281105958857	-0.00223657558672
-9.86968947528	-65.2679542890	62.1858775392	-0.00711672753096	-8.9390669018e-05	0.00219454034232
-9.43264972583	-65.1926483681	62.4548272570	-0.00694387080148	-1.01869591163e-06	0.0024451080244
-10.0091743331	-65.1997119822	62.4296000637	-0.00725374510512	-2.39303226408e-05	0.00229104561731
-9.60089952340	-65.1408454636	62.6398376298	-0.00708207767457	4.80960661662e-05	0.00250551942736
-9.88134291236	-65.1435475610	62.6301872821	-0.00723436987028	3.73513939849e-05	0.00243064155802
-9.48224069090	-65.2443878837	62.2700432725	-0.00692620733753	-5.5378262914e-05	0.00233221449889
1.77030063658	-68.5375840856	50.5086282658	0.000167167148902	-0.0029787637759	-0.00254611810669
1.64549522925	-68.5929353704	50.3109451056	0.000108590407763	-0.00303061213344	-0.00262580253184
1.41620855874	-68.4930701756	50.6676065159	4.256442935e-06	-0.00294416490942	-0.00248081400059
1.30199471287	-68.5543899220	50.4486074216	-4.90032543894e-05	-0.00300110550597	-0.00256982049905
1.42543331174	-68.5979260091	50.2931213959	7.52241430746e-06	-0.00303848879412	-0.00263273878954
-2.59908705838	-65.4317915013	61.6007446384	-0.00278739677742	-0.000477279216284	0.00305375712924
-2.59976079465	-65.3105806255	62.0336406231	-0.00284434738569	-0.00036305518006	0.00337627716362
-2.30215621967	-65.4170877682	61.6532579706	-0.00259019644	-0.000495913554914	0.00311284745112
-2.18161661424	-65.3533994498	61.8807162508	-0.00253304489888	-0.000452586769825	0.00329279433936
-2.72476025987	-65.3775507342	61.7944616635	-0.00289812264964	-0.000413607660448	0.0031865357887
-1.05673156535	-65.2926017623	62.0978508488	-0.00169819337316	-0.000517547014169	0.00352815748192
-1.46125610307	-65.3684139855	61.8270929089	-0.00199431693181	-0.000544827082194	0.00329317734577
-1.18433028146	-65.3549291082	61.8752531852	-0.00178324279841	-0.00055925938068	0.00334317632951
-1.62101653651	-65.3209502613	61.9966062097	-0.00213262042962	-0.000487394223455	0.0034187855199
-1.54628848234	-65.2655590336	62.1944320230	-0.00209385761991	-0.000445048150141	0.00358189665712
-1.39896952819	-65.2256086081	62.3371121138	-0.00199069175869	-0.000422894052463	0.00370756606571
-3.87979846963	-66.5674648362	57.5447684420	-0.00302480719984	-0.00135542836506	0.000508619181346
-3.45139669524	-66.6234755582	57.3447301491	-0.0027631027624	-0.00140754866879	0.000426951650297
-3.74122841053	-66.6265499259	57.3337502647	-0.00292316288687	-0.00140660419129	0.000406783481594
-3.35048679359	-66.5168277441	57.7256151996	-0.00274862977676	-0.00132166210096	0.000630394846667
-3.31656393568	-66.5696675275	57.5369016873	-0.00270838057622	-0.00136524252594	0.000532973266672
-3.71326896341	-66.5097506327	57.7508905976	-0.00295659760013	-0.00130987213925	0.000625643122476
0.866884910528	-67.9607472651	52.5687597675	-0.000254155223956	-0.00248324195854	-0.00169063964859
1.30426059849	-68.0055112770	52.4088882965	-4.07668630942e-05	-0.00251481728628	-0.00175797985867
1.00132805848	-67.8915231481	52.8159887567	-0.000187680197996	-0.00242119841278	-0.00158462882973
1.27943203871	-67.8781398902	52.8637861063	-4.99546331412e-05	-0.00240494194441	-0.00156394578516
1.41239888455	-67.9292843654	52.6811272666	1.41681111927e-05	-0.0024468426127	-0.00164230074733
2.73663360726	-68.9422067415	49.0635473519	0.000590050884057	-0.00333398533985	-0.00313130160794
2.47431820830	-68.9467390093	49.0473606812	0.000473448861158	-0.00334168341942	-0.00313508929685
2.69963981686	-69.0595804286	48.6443556121	0.000569198746234	-0.00344296987168	-0.0032959789969
2.82622490631	-69.0127008516	48.8117826729	0.000626718974672	-0.00339790806174	-0.00323157501407
2.41150603894	-69.0038767838	48.8432972006	0.000443902885308	-0.0033952803351	-0.0032150791958
1.03948855433	-66.2519738923	58.6715218134	-9.45288775256e-05	-0.00112635712139	0.0012314209016
1.36161698642	-66.3646488693	58.2691111812	9.57172014751e-05	-0.00119247951079	0.0010089884745
0.920308879047	-66.3146556714	58.4476583165	-0.000176169487531	-0.00117365841288	0.00110703578684
1.10155456753	-66.3736139228	58.2370931329	-6.7291482992e-05	-0.0012085827766	0.000991982989945
1.43979319769	-66.3039163196	58.4860131442	0.000153007771587	-0.00114598008804	0.00112763559446
2.51025038566	-67.8763908768	52.8700325827	0.000557033345103	-0.00238187424839	-0.00156942603644
2.89639665052	-67.7886915222	53.1832445636	0.00075668428326	-0.00229878188111	-0.00144041283056
2.64929770192	-67.8078322012	53.1148849957	0.000632353418041	-0.00231990637258	-0.00146605889313
3.00469460836	-67.8392185914	53.0027907450	0.000803969160188	-0.00234071491286	-0.00152004254051
2.87541730631	-67.9004242334	52.7841991663	0.000733512395527	-0.00239637098275	-0.00161144614685
-0.86636997705	-67.2929385165	54.9537910123	-0.00117551651783	-0.00194716418628	-0.000654786417726
-0.719219419757	-67.2323390154	55.1702178021	-0.00110345764551	-0.00189605844207	-0.000552098092157
-0.340128713875	-67.2808419229	54.9969931324	-0.000895336561371	-0.00193052226678	-0.000626580731478
-0.523011580855	-67.3421706758	54.7779618720	-0.00098774896469	-0.00198313989677	-0.000729779887479
-0.505311306888	-67.2322264940	55.1706196644	-0.000988178537227	-0.00189328903798	-0.000548544048797
-0.828062290096	-67.5457186898	54.0510046795	-0.00112740288023	-0.00215600035153	-0.00106322276406
-0.916320438141	-67.6152792034	53.8025742736	-0.00116524775513	-0.00221568462439	-0.00117525341921
-1.19102666083	-67.5014633665	54.2090594055	-0.00132012250833	-0.00212358101271	-0.00099976779893
-1.29871783785	-67.5755297467	53.9445366188	-0.00136569805909	-0.00218711630441	-0.00112030166201
-1.12469353098	-67.6212585731	53.7812193818	-0.00127088895533	-0.00222350261174	-0.00118890660815
4.47144553735	-69.7023243588	46.3488415756	0.00130251247901	-0.00402315007523	-0.00421602698043
4.40103708126	-69.5813464541	46.7809055209	0.00127838342451	-0.00391029240564	-0.00404908601195
4.85245830207	-69.6199606073	46.6429978312	0.00146585621405	-0.00394162349403	-0.00411479128525
4.34618167152	-69.6436814609	46.5582804967	0.00125253526494	-0.0039694509469	-0.00413284543902
0.871635618245	-67.4646665385	54.3404766482	-0.000248931028182	-0.00206187693402	-0.000915944750886
0.432698374044	-67.5371169734	54.0817250949	-0.000476598215755	-0.0021298979409	-0.00103381182998
0.73088846849	-67.5312249371	54.1027680817	-0.000322462146869	-0.00211988203228	-0.00102286762558
0.398058288588	-67.4781236644	54.2924154844	-0.000495786021929	-0.00208131480031	-0.000939744757488
0.512209180003	-67.4161211899	54.5138528930	-0.000437081413111	-0.00202802219428	-0.000839182699565
2.87377207632	-68.4978676372	50.6504727242	0.000677925883792	-0.00292678456753	-0.00249828328378
2.45456710719	-68.5698386923	50.3934332419	0.000480634626001	-0.00299775530584	-0.00259732129052
2.30920028436	-68.5153000413	50.5882141383	0.000416532537201	-0.00295063015074	-0.00251710880548
2.7430846241	-68.5639145924	50.4145907415	0.000613281852566	-0.0029883000534	-0.00259201740846
2.44423251162	-68.4461267340	50.8352616641	0.00048270370462	-0.00288640824147	-0.00241790851578
0.65651944095	-66.7847568451	56.7687255533	-0.000357077718945	-0.00152268330567	0.00022943042859
0.309045857079	-66.6560811636	57.2282815586	-0.000561182736419	-0.00143323373049	0.000459285423858
0.365764945048	-66.7831873969	56.7743307254	-0.000525864132214	-0.00152739160694	0.000230818652199
0.783775376161	-66.7162351837	57.0134457725	-0.000281145301415	-0.00146790314466	0.000352438277332
0.208037294454	-66.7241847989	56.9850542895	-0.000619303784333	-0.00148576567881	0.000335300748702
-1.93008797070	-65.792169974	60.3136786643	-0.00216990546323	-0.000818589120172	0.00219046371058
-2.40549329396	-65.7406906147	60.4975335189	-0.00251069827937	-0.000749326427467	0.00229473784566
-2.22466074255	-65.8011994198	60.2814306437	-0.00236376211978	-0.000807017320767	0.00215996755287
-1.80691193477	-65.7195850555	60.5729105159	-0.00211444287561	-0.000775513646659	0.00236614048481
-2.25353714671	-65.6711825627	60.7457765619	-0.00244093453512	-0.000707360741217	0.00246772379614
-3.46711161766	-66.2532351953	58.6670171597	-0.00292972149327	-0.00110406114254	0.00113628106192
-3.03922911961	-66.2021519725	58.8494572412	-0.00269963825122	-0.00107603112701	0.00125986908097
-2.91317483863	-66.2543550389	58.6630177181	-0.00260177510791	-0.00112105405424	0.00115976645611
-3.26870961267	-66.2108898159	58.8182506576	-0.00283242342994	-0.00107567443047	0.00123149389401
-3.39997481255	-66.3052591951	58.4812171603	-0.00286698131822	-0.00114840443712	0.00103620474692
-3.04320253604	-66.3160838962	58.4425575136	-0.00265319575556	-0.00116633262951	0.00103135313839
-8.50024656584	-64.7863068077	63.9060471153	-0.00676840450615	0.000448931328719	0.00350558105856
-8.43779530190	-64.6678514595	64.3291019303	-0.00683482177556	0.000579123967327	0.00377205666155
-8.64768914076	-64.7176048451	64.1514112677	-0.00691527873278	0.000519752968103	0.00360961537808
-8.00308163746	-64.7283771021	64.1129389209	-0.00652427086607	0.000521993380971	0.0037610817235
-8.12693335811	-64.7816800968	63.9225710830	-0.00655323499814	0.000461368850665	0.00361406407319
3.42856896204	-67.3768767835	54.6540114874	0.00108729256317	-0.00193363497965	-0.000800981011707
3.74450265812	-67.3776188720	54.6513611714	0.00124927028082	-0.00192683935165	-0.000810383295175
3.89557489886	-67.4373167453	54.4381544811	0.00131413305644	-0.0019747694023	-0.00091085548047
3.31215705304	-67.4530873591	54.3818308604	0.00101407966577	-0.00200141244568	-0.000921030587051
3.70564451263	-67.5001780874	54.2136496878	0.00120559416246	-0.00203322386369	-0.00100598949939
-1.55416230198	-69.1904800784	48.1768568627	-0.00129596795887	-0.00363493338227	-0.00351392896846
-1.34424178136	-69.2436890427	47.9868248476	-0.00119837117381	-0.00368089228868	-0.00358316185884
-1.40458676571	-69.3180206192	47.7213549314	-0.00121696852148	-0.00375220761634	-0.00368831958622
-1.85891080646	-69.3114791699	47.7447172505	-0.00141537457239	-0.00375510961749	-0.003691151971
-1.63049310727	-69.3328301866	47.6684636193	-0.00131359288935	-0.00377071392722	-0.00371467671357
-2.93331728637	-65.0894320254	62.8234570521	-0.00316788908094	-8.61131920828e-05	0.00394576368853
-2.89736536963	-65.2040734829	62.4140232755	-0.00309487734921	-0.000218639834202	0.00363563722931
-3.19496994460	-65.0975663402	62.7944059279	-0.00334085570648	-6.62511083647e-05	0.00388748967089
-2.83013518109	-65.1475883002	62.6157560707	-0.00307346810587	-0.000164656274137	0.00379840144888
-3.26692810375	-65.1621771563	62.5636530133	-0.00335986749269	-0.000131991022499	0.00370350899175
-1.15010959833	-63.9635202041	66.8445706995	-0.0019022730412	0.00148543366231	0.00721930479631
-1.64763541814	-63.9179282302	67.0073991779	-0.0023525506258	0.0015543642221	0.00726799899712
-1.43371688008	-63.9768341018	66.7970210650	-0.00215640058741	0.00146482978016	0.00715482793748
-1.27377325840	-63.8273694922	67.3308232421	-0.00202422286384	0.00169137131888	0.00753167038783
-1.57260163797	-63.8436576637	67.2726512011	-0.00229357788339	0.00166511104908	0.0074566709809
-0.684300098448	-69.0234149699	48.7735179648	-0.000928051653318	-0.00346269248985	-0.00325976987369
-1.21747861384	-69.0803117072	48.5703153314	-0.00115918531083	-0.00352538190782	-0.00335103506222
-1.00755809322	-69.1335206714	48.3802833163	-0.00106141774449	-0.00357115338556	-0.0034212290775
-0.879081025372	-68.9803310688	48.9273890401	-0.00101835629903	-0.00342624611221	-0.00320262997411
-1.14462191842	-69.0041684927	48.8422553832	-0.00113436370157	-0.00345318228938	-0.00324196834117
-0.82511034816	-69.9341739193	45.5208074310	-0.000909777940251	-0.00433226395398	-0.00452352501452
-0.535380939861	-70.0745632556	45.0194169441	-0.000776381231844	-0.004463638179	-0.00470876228064
-0.981256611465	-69.9876193365	45.3299309412	-0.00097018800443	-0.00438770558685	-0.00459957681596
-0.793944284952	-70.0785560919	45.0051568145	-0.000883619301021	-0.00447291741148	-0.00471919775009
-0.563592963739	-69.9402636423	45.4990584203	-0.00079964537872	-0.00433286838233	-0.00452673481777
-0.918049552615	-70.0404063424	45.1414059198	-0.000938832468819	-0.00443808035925	-0.0046699848026
6.41916342738	-67.9450347731	52.6248758103	0.00242648203857	-0.00238325889222	-0.0018057229463
6.80653346769	-67.8772273139	52.8670453075	0.00262752966955	-0.00231755664572	-0.00172642373946
6.67685259590	-67.9434286042	52.6306121277	0.00254825060256	-0.00237919157371	-0.0018181524938
6.40359556426	-67.8188635817	53.0754872082	0.00245265406556	-0.00226890202612	-0.00161433732137
6.64588289932	-67.8131637490	53.0958437537	0.00256944145076	-0.00226092385128	-0.00161978940014
-0.373752101955	-69.2853149553	47.8381608740	-0.000771172810346	-0.00370186963119	-0.0036217442248
0.0946119637261	-69.3068136581	47.7613797926	-0.000565952737816	-0.00371375028044	-0.00364497094415
-0.0605283571409	-69.1808390484	48.2112891130	-0.000641426420771	-0.00359829934314	-0.00347110326402
0.132679971569	-69.2346932839	48.0189525576	-0.00055361847626	-0.00364535022527	-0.00354393618181
-0.159786698602	-69.3283237566	47.6845580121	-0.000675072544254	-0.0037385202013	-0.00367834651843
-2.54548959173	-70.0060800136	45.2639999514	-0.00162246951368	-0.00444079004228	-0.00466783810407
-2.24421641369	-70.0132049947	45.2385535905	-0.0014955685474	-0.00444070808589	-0.00466779991984
-2.40517723777	-69.8623536736	45.7773083085	-0.00158178992569	-0.00429665111005	-0.00446725031361
-2.63431882845	-69.9342098030	45.5206792752	-0.00166896951851	-0.00437231454998	-0.00457293586805
-2.14627943262	-69.8881018422	45.6853505634	-0.00146959058475	-0.00431586615741	-0.00449429126456
11.0004163146	-66.1266607288	59.1190688257	0.00546095333993	-0.000635942851659	0.000670981651638
11.3422278482	-66.2347894647	58.7328947691	0.00556664634496	-0.00074274110375	0.000435171998106
11.5604573829	-66.1740085578	58.9499694365	0.00571381254122	-0.000684467668179	0.000501959468238
11.5148394767	-66.1072312989	59.1884596466	0.00573284504935	-0.0006187519175	0.000621208746452
11.2699477644	-66.0861018161	59.2639220854	0.0056224046275	-0.000596806814428	0.000696812930983
9.03162004306	-65.1532097460	62.5956794787	0.00505298376083	0.000339257792803	0.0027941877488
9.43003408442	-65.0562469796	62.9419750730	0.00533601175994	0.000445089885034	0.00290408055298
9.23200431290	-65.0094086312	63.1092548887	0.00525845494121	0.000493662431836	0.00303647504188
8.96353245900	-65.0227298619	63.0616790647	0.00510092638433	0.000477278896142	0.00306531973183
8.86743385484	-65.0922376934	62.8134368091	0.00500249071047	0.000402019068133	0.00294674583711
9.42424998395	-65.1075391056	62.7587889086	0.00529806036502	0.000390899716876	0.00280559202656
9.82090788516	-65.5452594095	61.1955021088	0.00522125279531	-5.96604695602e-05	0.00189929886255
9.85358328336	-65.4093186888	61.6810046828	0.00532761216164	7.95828455011e-05	0.00214698468335
9.71603871644	-65.4650536172	61.4819513670	0.00521791214123	2.14547035284e-05	0.00206756102853
10.1103650795	-65.4111905646	61.6743194121	0.00546291004866	7.88114048191e-05	0.00209573772736
10.1902900361	-65.4829122518	61.4181705294	0.00545711582527	5.78826438868e-06	0.00194828922395
8.40542336085	-66.1334885530	59.0946837393	0.00413630809635	-0.000669118599035	0.00102534529287
8.98926876076	-66.1509252418	59.0324098508	0.00442630564794	-0.000674898386933	0.000919238547795
8.79435238285	-66.2058014007	58.8364235688	0.00429654540494	-0.000731733161956	0.000846079317853
8.84175969508	-66.0774665654	59.2947622663	0.00439165951684	-0.000605531968176	0.00107116426807
8.55478954970	-66.0716273831	59.3156164890	0.00424714339897	-0.000605434121098	0.00111944356468
-6.37731424885	-65.9430380658	59.7748640508	-0.00473240576684	-0.000749408616684	0.00150667980779
-6.11158440974	-65.9281516897	59.8280296797	-0.00459796516225	-0.000739968905691	0.00157024268992
-6.48362496704	-66.0235509362	59.4873180850	-0.00473815901205	-0.000824723043479	0.00133251911029
-6.25968186339	-66.0665100813	59.3338925669	-0.00459122937173	-0.000868636183441	0.00127480982337
-5.99196526520	-65.9733980988	59.6664353614	-0.00450452324003	-0.000785423268098	0.00149273872375
5.20672053213	-67.1792777217	55.3597224224	0.00204655644484	-0.00171889993362	-0.000540813722182
5.49590979202	-67.0224432973	55.9198453669	0.00224411627278	-0.00157299241982	-0.00029374260339
5.64016434353	-67.0910990911	55.6746461031	0.00229514343664	-0.00163007655647	-0.000416578433942
5.20478804749	-67.0351906892	55.8743189673	0.00209008576348	-0.00159225030802	-0.000300333806081
5.05792085447	-67.1165938749	55.5835933039	0.00198923796415	-0.0016676717205	-0.000429833482485
9.52279205840	-67.3968857714	54.5825508166	0.00408307090402	-0.0018551654648	-0.00120913400315
9.97384569497	-67.3998777125	54.5718653125	0.00429612118751	-0.00185742636677	-0.00125979352742
9.53361510449	-67.3359921882	54.8000278994	0.0041138282977	-0.00179797108285	-0.00111586344428
9.96197728940	-67.3289611054	54.8251389092	0.00432111741975	-0.00179057661444	-0.00114923343062
9.75711736922	-67.4315527417	54.4587402082	0.00417990935966	-0.00188733648974	-0.00128609267995
9.82461527807	-67.7992319753	53.1456000881	0.00406518019736	-0.00223300233483	-0.00184816564433
9.28640380864	-67.8857111798	52.8367457863	0.00378378015012	-0.00231324741617	-0.00192644668277
9.31383751376	-67.8150840538	53.0889855221	0.00382186449133	-0.00224716565572	-0.00182389409747
9.47966088250	-67.9246481274	52.6976852592	0.0038593581412	-0.00234997272491	-0.00200154259801
9.76735276986	-67.8742856819	52.8775511359	0.00401059538126	-0.00230339495465	-0.0019539501518
11.4175997368	-67.0886079091	55.6835431818	0.00512912776321	-0.00156674941536	-0.000947592954617
11.8985070292	-67.1058132492	55.6220955384	0.00535072060302	-0.00158747390378	-0.00103703059722
11.6544371456	-67.0637491114	55.7723246020	0.00525527214631	-0.0015448324848	-0.000939965364523
11.7603437338	-67.1641341475	55.4138066162	0.00525520788506	-0.00164187874179	-0.0011080566328
11.5854208877	-67.1969976796	55.2964368586	0.00515548279509	-0.00167165510356	-0.00113572960254
5.79737411664	-67.4359850560	54.4429105143	0.00226682564244	-0.0019336512778	-0.000986309489235
6.07520056113	-67.2940804992	54.9497125029	0.002448086394	-0.001801312319	-0.000774057407398
6.08395073501	-67.4292096112	54.4671085316	0.00241017062217	-0.00192231545225	-0.000991138629615
6.21945511263	-67.3627362930	54.7045132391	0.00249767187051	-0.0018601421034	-0.00089289911557
5.64857443897	-67.3733012092	54.6667813957	0.0022114245221	-0.00188067019917	-0.000878423510585
6.67456337119	-69.1296630107	48.3940606759	0.00229364447296	-0.00347348302603	-0.00351866125129
6.28400167425	-69.1782105395	48.2206766447	0.00211795675568	-0.00352002494037	-0.00356556172483
6.30007573956	-69.0560136511	48.6570941032	0.00214329781011	-0.00340641336516	-0.00339683610946
6.58006780169	-69.0664814060	48.6197092644	0.00226310314611	-0.00341505534016	-0.0034258919768
6.49619869683	-69.1827414698	48.2044947507	0.00220854044892	-0.00352338631637	-0.00358264171518
7.42588315071	-68.5280748326	50.5425898834	0.00274462462403	-0.00291273766197	-0.00271829939447
7.27724680044	-68.6716148678	50.0299469007	0.00264533236623	-0.00304630678147	-0.00291285966523
7.13158967681	-68.5077804583	50.6150697919	0.00261705019511	-0.00289477966726	-0.00267078517936
6.97853756311	-68.5670470680	50.4034033284	0.00253490963951	-0.00295019219629	-0.00274616596289
7.07639095391	-68.6309468218	50.1751899220	0.00256472965702	-0.00300906808116	-0.00284290220588
7.89893355133	-68.4582506565	50.7919619410	0.00297458725981	-0.00284714880399	-0.00265031377785
7.32307549459	-68.4483039766	50.8274857978	0.00271743233316	-0.00283907982521	-0.0025975399185
7.73984399594	-68.4024355098	50.9913017507	0.00291724898852	-0.00279550603591	-0.00255920668133
7.48602116664	-68.4025750580	50.9908033643	0.0028023775667	-0.00279623712413	-0.00254236673936
7.83569684501	-68.5124173774	50.5985093665	0.00293236132711	-0.00289757619612	-0.00272334134206
6.78913339550	-66.8253231422	56.6238459207	0.00297848810442	-0.00136154436041	-4.17069786636e-05
7.25792763326	-66.7842838615	56.7704147803	0.00323343882337	-0.00131256354507	-8.68812276167e-06
6.96199362444	-66.7702779929	56.8204357396	0.00308928824961	-0.00130677223206	3.93836926378e-05
7.37154730886	-66.8520395047	56.5284303405	0.00326182413846	-0.00137261149939	-0.000133345500217
6.93111538392	-66.8969649096	56.3679824658	0.00302132288925	-0.00142362236511	-0.000174293003511
2.08314563817	-67.5715598565	53.9587147980	0.000370857713278	-0.00212827068754	-0.00109045498539
2.35832674860	-67.5677444966	53.9723410834	0.000511553895194	-0.00211949227378	-0.00108732341323
2.51159227968	-67.6271293947	53.7602521617	0.000582930631936	-0.00216702441685	-0.001182968379
2.10629353302	-67.7130775697	53.4532943939	0.000370692112483	-0.00224837637506	-0.00131291314028
2.38557567189	-67.6997959313	53.5007288169	0.000511979334988	-0.00223170639947	-0.00129515014123
-6.81540836888	-65.5352327062	61.2313117636	-0.00524323154241	-0.000339375110343	0.00228542648256
-7.01459442936	-65.3874741435	61.7590209161	-0.00545680802315	-0.000184715041541	0.00256458483636
-6.69052851977	-65.3786034208	61.7907020687	-0.00528214033693	-0.000179589667823	0.00264331884682
-7.18404550095	-65.4421111471	61.5638887603	-0.00551179051399	-0.000239825967583	0.00241712387651
-7.10853398758	-65.5071495602	61.3316087137	-0.00542403990403	-0.00030731712468	0.00229393714108
5.80268649013	-68.7879677748	49.6144008042	0.00196761265397	-0.00316057610326	-0.00299791735597
6.18088634248	-68.8724642698	49.3126276077	0.00212092720903	-0.00323657970876	-0.00313457008451
5.75396270461	-68.9162011388	49.1564245043	0.00192601850722	-0.0032795779407	-0.00317597854882
6.03395476675	-68.9266688937	49.1190396655	0.00204745447263	-0.00328763038851	-0.00320342509076
6.02981410173	-68.8127663965	49.5258342980	0.00206423480995	-0.00318210222758	-0.00304337171838
-0.583883457812	-65.6031469493	60.9887608955	-0.0012538441224	-0.00076449563494	0.00268136360683
-0.85359732678	-65.6061393927	60.9780735974	-0.00145918736234	-0.000757054018322	0.00266967597418
-1.00811465140	-65.5466465240	61.1905481287	-0.00159198034089	-0.000711500528269	0.00282168248668
-0.626291671315	-65.4649218280	61.4824220430	-0.00131295761093	-0.0006757301162	0.0030498476699
-0.88570615441	-65.4736687779	61.4511829362	-0.00151631550398	-0.000669443979859	0.00302051985636
1.41708181938	-66.4889316231	57.8252442034	0.000114085938549	-0.00128049426712	0.00077092362335
1.19615570491	-66.6336890379	57.3082534361	-3.31520932377e-05	-0.00139503530227	0.000502504815813
1.48342257445	-66.6238117117	57.3435296010	0.000137775263283	-0.00137874344364	0.000519826135132
1.58928294847	-66.5464867834	57.6196900594	0.000210310099646	-0.0013169926824	0.000662285892759
1.15701940049	-66.4978966766	57.7932261551	-4.48101018264e-05	-0.00129591790028	0.000754561275244
0.992110374138	-67.7664581721	53.2626493853	-0.000190989347175	-0.00231408141553	-0.00139189721085
1.27021435437	-67.7530749142	53.3104467349	-5.11814359925e-05	-0.00229781283997	-0.00137099518906
0.982303610486	-67.6413423864	53.7094914773	-0.000194303429453	-0.00220800307579	-0.00119649851695
0.848155002194	-67.7105919082	53.4621717565	-0.000263012858341	-0.00226898631081	-0.00130531669129
1.26053994672	-67.6276927268	53.7582402615	-5.21981892234e-05	-0.00219147256576	-0.00117492524441
-5.27062013052	-64.7630087802	63.9892543564	-0.00483346264809	0.000473498366773	0.00436045555398
-5.06164354533	-64.7052398363	64.1955720131	-0.00473176734522	0.000537266430911	0.00455074897036
-5.36442700146	-64.5974092494	64.5806812523	-0.00498514948413	0.000676524476148	0.00474239652976
-5.45566763453	-64.7104938205	64.1768077838	-0.00497980974615	0.000541293702554	0.00444531347603
-5.54619336802	-64.6386207696	64.4334972513	-0.00507869618014	0.000629559799563	0.00459742220119
-12.1283083588	-66.9495625444	56.1801337701	-0.00693574501202	-0.00176182982977	-0.00107872276567
-11.8217454788	-66.8459346844	56.5502332698	-0.00685599306598	-0.00165902567096	-0.00087633804651
-11.8695588548	-66.9105207789	56.3195686466	-0.00683758128434	-0.0017205796903	-0.000979873817414
-11.9949460529	-66.8025521125	56.7051710269	-0.00696694198996	-0.00162128952798	-0.000840981956571
-12.2079458642	-66.8052634696	56.6954876085	-0.00706675508991	-0.00162738922518	-0.000881636573467
8.04106809177	-68.8492257086	49.3956224693	0.00294251111336	-0.00321176717989	-0.00321342400275
7.88821614321	-68.9103876576	49.1771869372	0.00286197848618	-0.00326858297922	-0.00328833423555
8.44526262692	-68.8734412432	49.3091384173	0.00311364559457	-0.00323565676808	-0.00327641493641
7.99052468011	-68.9745281261	48.9481138355	0.00289253052324	-0.00332866655663	-0.00338475732133
8.27320843527	-68.8467238570	49.4045576535	0.00304475054145	-0.00321003771387	-0.00322646717541
8.21572549627	-68.9773122848	48.9381704114	0.00298967584968	-0.00333194434643	-0.0034044617787
9.09219101983	-68.6740358687	50.0213004689	0.00344911986031	-0.00305187283084	-0.00304708769545
8.65646221870	-68.6215756225	50.2086584911	0.00327029149048	-0.00300059933215	-0.00293850642629
8.74357034449	-68.7614173638	49.7092237005	0.0032721941825	-0.00313203129917	-0.00314221228473
8.50495573181	-68.6794500770	50.0019640108	0.0031879961025	-0.0030542735476	-0.00300866551697
8.99481680270	-68.7413374292	49.7809377527	0.00338799669407	-0.00311453570612	-0.00313382502645
8.57151615284	-68.7346999777	49.8046429368	0.00320326653309	-0.00310623995028	-0.00309149408713
7.32501306019	-68.1714639481	51.8162001852	0.00278871133924	-0.00258336565457	-0.0021963021718
6.95246179727	-68.0632906373	52.2025334383	0.00264512957074	-0.00248635769822	-0.00201336364262
6.84584486949	-68.1245946794	51.9835904306	0.00257960427552	-0.00254333321936	-0.00209746370092
7.33034555725	-68.0947866028	52.0900478473	0.00281197228469	-0.00251272553578	-0.00208394252695
7.16345445332	-68.0601630055	52.2137035518	0.00274407071993	-0.00248196395114	-0.00202197348699
5.85331618135	-69.2303241553	48.0345565882	0.00192578439601	-0.00357065489516	-0.00361739099026
5.40254417637	-69.1638168023	48.2720828490	0.00173965434078	-0.00351178040728	-0.00350649654865
5.42874016823	-69.2884053640	47.8271237001	0.00173700111918	-0.00362746138126	-0.00367992348038
5.32564203610	-69.2229362685	48.0609418981	0.00169979396742	-0.00356731121428	-0.00358545244671
5.74791996161	-69.2888451214	47.8255531379	0.00187352171633	-0.00362569699064	-0.00369361089543
-11.5098396004	-67.2407879762	55.1400429423	-0.00647467048839	-0.0020276166033	-0.00141237804201
-11.6616428686	-67.4145692805	54.5193954269	-0.00645249895751	-0.0021983650513	-0.00168607372325
-11.7689251595	-67.2457660754	55.1222640164	-0.00659306207672	-0.00203802459873	-0.00145555962808
-11.8885701189	-67.3591411497	54.7173530368	-0.00658717565238	-0.00215036328882	-0.00163629523013
-11.3522566359	-67.2930244936	54.9534839515	-0.00637271814048	-0.00207408610731	-0.00146765261889
-11.9293522219	-67.2924000072	54.9557142599	-0.00664227036759	-0.00208665407263	-0.00154551956803
-0.938596754643	-67.7375169255	53.3660109804	-0.00116337451618	-0.00231968751177	-0.00136753963307
-0.795844303399	-67.7955983334	53.1585773807	-0.00108589988668	-0.00236726691946	-0.00145510886796
-0.913035600093	-67.8619053916	52.9217664585	-0.00113766849972	-0.00242590275593	-0.0015596995363
-1.18041531230	-67.8677193450	52.9010023394	-0.00126948719844	-0.00243478221819	-0.00157418008894
-1.33957940054	-67.7682954368	53.2560877257	-0.00136091350578	-0.00235151476227	-0.0014240485616
-1.14696984748	-67.7434962952	53.3446560886	-0.00126744585577	-0.00232767616399	-0.00138114171568
4.49719995182	-65.3352912148	61.9453885185	0.00239859172143	-7.23695629858e-05	0.00314099504612
4.34074569999	-65.2786483822	62.1476843494	0.00232946197502	-2.73649657174e-05	0.00329623487778
4.84958279990	-65.2458543954	62.2648057308	0.00264773517847	5.6046887039e-05	0.00330683169886
4.81573250735	-65.2991373608	62.0745094256	0.00260376580991	-4.63333753942e-06	0.00318604148924
4.70586411511	-65.3256343274	61.9798774023	0.00252686301246	-4.27306476922e-05	0.00313797290437
-8.28417456633	-65.2347848529	62.3043398111	-0.00627527805045	-2.52350637311e-05	0.00262558576651
-8.56948902850	-65.2153651707	62.3736958188	-0.00644881976768	-8.28718202683e-06	0.00260136718862
-8.17302830308	-65.1812384692	62.4955768958	-0.0062558716163	3.19601203955e-05	0.00276085804217
-8.55606014809	-65.1484025386	62.6128480766	-0.00649598101154	6.19325001026e-05	0.00274090934545
-8.33613298719	-65.1245355449	62.6980873397	-0.00639241700992	8.99876249605e-05	0.00284109078348
3.85563612679	-65.0831193158	62.8460024436	0.00210817763582	0.000138007846544	0.00384834874421
4.30310571113	-64.9973280846	63.1523996979	0.00241932366043	0.000287285336526	0.00399344693869
3.81232780130	-65.0087755666	63.1115158334	0.00210667634383	0.000220643880311	0.00404529040679
4.14776037894	-64.9581131437	63.2924530583	0.00233634281904	0.000318551698001	0.00411801226437
3.95777719316	-64.9651755377	63.2672302225	0.00221386644989	0.000289790186798	0.00413274904713
2.27012982551	-64.6043526545	64.5558833770	0.00111199019011	0.000575512414798	0.00540065439418
2.64487563783	-64.5002095294	64.9278231092	0.00140731793363	0.000775935593992	0.00560210784897
2.66162753589	-64.6365812769	64.4407811540	0.00140506390017	0.00057407503482	0.00523864896968
2.77704750420	-64.5680307715	64.6856043876	0.00149854586925	0.000688296859153	0.00539711024612
2.47318317521	-64.6392350214	64.4313034950	0.00126410380471	0.000547249685042	0.00526802521199
2.87760541885	-65.0048689285	63.1254681124	0.00149093731306	0.000101037090644	0.0041972049512
2.55309998386	-65.1294144976	62.6806625085	0.00123201496899	-9.66315346886e-05	0.00389446574263
2.38921571146	-65.0811155096	62.8531588943	0.00112867518328	-6.72575915814e-05	0.00404813233763
2.63525893672	-64.9907262996	63.1759775014	0.00132570636924	8.18648259155e-05	0.00427036127076
2.94434248867	-65.0643770402	62.9129391420	0.00152007257566	3.89005435864e-05	0.00402576196939
2.46631527288	-65.0254047210	63.0521259964	0.00119738548528	1.21604862215e-05	0.00419583823532
1.50905028030	-65.0084497474	63.1126794734	0.000471838196972	-0.000119014628581	0.00435219379142
0.994620028532	-65.0588778917	62.9325789583	4.04425845772e-05	-0.000250930112088	0.00423902040347
1.07857796025	-64.9809861400	63.2107637856	0.000118352683785	-0.000142500415677	0.00447128154337
1.30055367075	-64.9778657407	63.2219080689	0.00030503157177	-0.000109277338197	0.00446296110749
1.17285580806	-65.0963344108	62.7988056757	0.0001855687442	-0.000272826320725	0.00411413190886
0.751856299463	-65.7493193752	60.4667165171	-0.00023773421708	-0.000823050446343	0.00232379697263
0.763554665717	-65.8814867673	59.9946901167	-0.000242790440097	-0.000900765822735	0.00201646564528
1.23233894674	-65.8115776190	60.2443656465	9.84549769782e-05	-0.000829377269838	0.00217583961785
1.03352306138	-65.7477935890	60.4721657535	-3.22816704283e-05	-0.000804074108601	0.00232688942924
1.13517006663	-65.8780432358	60.0069884437	1.85911067092e-05	-0.00087777164299	0.00202400330454
0.944457537357	-65.8956429670	59.9441322606	-0.000117172799946	-0.000899985432625	0.0019846346695
-2.58469143535	-69.3126635412	47.7404873529	-0.001731065684	-0.00377139169723	-0.00371527485549
-2.36450711078	-69.3734340864	47.5234496915	-0.0016272587236	-0.00382444192655	-0.00379257253371
-2.80482418691	-69.3444473513	47.6269737452	-0.00182226439938	-0.00380637915805	-0.00376715743914
-2.83576903455	-69.4229537162	47.3465938708	-0.00182441622019	-0.00388194923289	-0.00387729564682
-2.69143236630	-69.4547418290	47.2330648966	-0.00175763503648	-0.00390914501622	-0.00391627522185
-6.04278316257	-68.4705283613	50.7481129953	-0.00344446441159	-0.00305747170933	-0.00268828473054
-6.24060702661	-68.4056983058	50.9796489079	-0.00355310807936	-0.00300147547387	-0.00260731368326
-5.61469894136	-68.3677923661	51.1150272639	-0.00327738747001	-0.00295294751413	-0.00251167779788
-5.79990677987	-68.3076689227	51.3297538475	-0.00337944435887	-0.00290119415149	-0.00243530771695
-6.11742095178	-68.3244599179	51.2697860076	-0.00352052669041	-0.00292332144454	-0.00248063611798
-2.18205445968	-69.0434908795	48.7018182877	-0.00159054633696	-0.00350959645584	-0.00332499039359
-2.49706676810	-69.1569283899	48.2966843218	-0.00171430234332	-0.00362233584747	-0.00349464034662
-2.69034943563	-69.1089740361	48.4679498709	-0.00180621631444	-0.0035812498536	-0.00343386596069
-2.45989764396	-69.0204989402	48.7839323563	-0.00171691016294	-0.00349366432056	-0.00330138672143
-2.63491329071	-69.0509578164	48.6751506556	-0.00179015111644	-0.00352569390088	-0.0033502636943
-3.59592650493	-69.0447597047	48.6972867689	-0.00221644085832	-0.00354018923827	-0.00337831722572
-4.12162448811	-69.0824822908	48.5625632471	-0.00244167703204	-0.00358752347529	-0.0034546952229
-4.03187240573	-69.0161914871	48.7993161173	-0.00241451966576	-0.0035229541827	-0.00335721462034
-3.82061908404	-69.0097785765	48.8222193696	-0.00232214899734	-0.00351222953759	-0.00333867245354
-3.96103611680	-69.1266539511	48.4048073174	-0.00236282171682	-0.00362562434748	-0.00350939691998
-6.16636868302	-66.3244936607	58.4125226403	-0.00438646925613	-0.00110973976552	0.000786576303653
-6.24431255091	-66.2590641457	58.6461994798	-0.0044660475105	-0.00104855932295	0.0009025693289
-5.73655570399	-66.2320894781	58.7425375784	-0.00421085394919	-0.00103078922257	0.00100711919367
-6.16337475871	-66.1956370141	58.8727249497	-0.00446089357138	-0.00099077867344	0.00103324255906
-5.77662193581	-66.2812161615	58.5670851374	-0.00420413026586	-0.00107501400635	0.000908317859285
-5.91017951822	-66.3216727820	58.4225972071	-0.00425231689587	-0.00111009541433	0.000817875610664
-0.705785660271	-64.0033563056	66.7022989086	-0.00149705726653	0.00142418022733	0.00716047082096
-0.98413224065	-64.0964012459	66.3699955504	-0.00174732005689	0.00127410632558	0.00691496767104
-1.22366602271	-64.0370815972	66.5818514387	-0.00196470599622	0.00137040473055	0.0070343199186
-0.713925655512	-64.0591840002	66.5029142852	-0.00150334043428	0.00133432494476	0.00702609866858
9.56260314396	-65.5362930483	61.2275248275	0.00509079173207	-5.27813426743e-05	0.00196108222008
9.87628407777	-65.6894103319	60.6806773859	0.00515798479319	-0.000205286662094	0.00162408454344
9.61465316459	-65.6946023381	60.6621345068	0.00501822587103	-0.000212923128856	0.00165787397418
9.42058024118	-65.5946841833	61.0189850598	0.00497898925096	-0.000113869180495	0.00187588168774
9.47679009026	-65.6464896185	60.8339656482	0.00497611099854	-0.00016580693773	0.0017697464209
-3.11385130348	-67.7918976321	53.1717941711	-0.00223762099631	-0.00239451648667	-0.00151701050345
-2.56117906458	-67.8416797713	52.9940008168	-0.00195526215248	-0.00243095587939	-0.00157320208382
-2.42065647255	-67.7803143070	53.2131631892	-0.0018975896528	-0.00237587979063	-0.0014734348515
-3.04240953179	-67.7209448106	53.4251971049	-0.00221835169941	-0.00233185174875	-0.00140376517083
-2.79844749309	-67.7002409317	53.4991395296	-0.00210163393058	-0.00231111678295	-0.0013619849924
-2.59334840174	-67.7308414309	53.3898520325	-0.00199307920411	-0.00233518681489	-0.00140237249434
-9.09786761259	-66.2022938952	58.8489503742	-0.00597039563581	-0.000997684430331	0.000621017883532
-9.22551942956	-66.0885371682	59.2552243991	-0.00611690292135	-0.000889961782377	0.000802496797405
-9.49603107189	-66.1134641511	59.1661994604	-0.0062353904359	-0.000918164500035	0.000711672124453
-9.31718326548	-66.2225127555	58.7767401589	-0.0060661570169	-0.00102016679011	0.000549719843548
-9.54614429237	-66.1795320406	58.9302427121	-0.00621204823256	-0.000982564291917	0.000586840964388
-0.44769429074	-63.6529919650	67.9536001249	-0.00126674736384	0.00195679697208	0.0080027654767
-0.290269676607	-63.7251964401	67.6957269997	-0.00111757451668	0.00185400771443	0.00783571135253
-0.818747639967	-63.6582173637	67.9349379867	-0.0016161770327	0.00194387638476	0.00797289796174
-0.39825957691	-63.8019577454	67.4215794808	-0.00121763418429	0.00173847610131	0.00765221659094
-0.904398583349	-63.7338998298	67.6646434650	-0.00169116677716	0.00183302676305	0.00778741436079
-0.630152122316	-63.6460119095	67.9785288946	-0.00143923214637	0.00196417002007	0.00801228545606
9.87502705623	-66.6038366677	57.4148690440	0.00462689390406	-0.00110256811604	2.42449787038e-05
10.3457791060	-66.5824678330	57.4911863108	0.00487107597291	-0.00107972417027	-2.96992908488e-07
10.1837098530	-66.7013372237	57.0666527726	0.00472825346515	-0.00119438720867	-0.000175377732376
10.0822178659	-66.5608188794	57.5685040023	0.00475230300799	-0.00106002006214	6.98045550962e-05
10.3946929697	-66.6529173045	57.2395810554	0.00485748285428	-0.00114730198402	-0.000122717028717
-8.36914963054	-67.6065327311	53.8338116748	-0.0048268949613	-0.00230311043561	-0.00159200385679
-8.00967064832	-67.5031302060	54.2031064072	-0.00470264069736	-0.00220033363439	-0.00139828911051
-7.82674252376	-67.5626040129	53.9906999541	-0.00459041818976	-0.0022521559149	-0.0014727266971
-7.91651732480	-67.6497329775	53.6795250805	-0.00459601497278	-0.00233448809013	-0.00161467469297
-8.18367843093	-67.6578719095	53.6504574660	-0.00471800146624	-0.00234722485766	-0.00165216752794
1.01817436436	-64.0474966941	66.5446546639	7.60321054258e-05	0.00138615129981	0.00701368926093
1.17004326922	-64.1724952759	66.0982311574	0.000206901924685	0.00118925713468	0.00669389823452
0.941154129438	-64.1180186144	66.2927906629	4.63714422949e-06	0.00126930139959	0.00685235206038
1.51395228221	-64.0832764698	66.4168697507	0.000512141443323	0.0013486786047	0.00686242803931
-8.54488478099	-67.9172991795	52.7239315017	-0.00477964105085	-0.00259757856838	-0.00207509845495
-8.33460465205	-67.7968833183	53.1539881490	-0.00473078992218	-0.0024799820967	-0.00187612441368
-8.26379527441	-67.9200615501	52.7140658923	-0.00464871153235	-0.00259363767691	-0.00205318420194
-8.51627789100	-67.8137172786	53.0938668621	-0.00480827270076	-0.00249974848703	-0.0019184963312
-8.18148302531	-67.8631118511	52.9174576747	-0.00463303690776	-0.00253852200694	-0.0019609327428
-3.60147801278	-63.8292712827	67.3240311331	-0.00405096728355	0.00166873075068	0.00708552775905
-3.13793004158	-63.8617044174	67.2081985094	-0.00365342572331	0.00162958865985	0.00711987772956
-3.34882733074	-63.8066854560	67.4046948002	-0.00384967168793	0.00170259317383	0.00720298942178
-3.43899034357	-63.9483044236	66.8989127728	-0.00387309514917	0.00150848855264	0.00683689210564
-3.20869311631	-63.9332946941	66.9525189496	-0.0036895822268	0.00153006264009	0.00692908652127
-10.0939971077	-67.9905026943	52.4624903775	-0.00546010304242	-0.00270801223814	-0.00233682012185
-10.5442312029	-68.0098419950	52.3934214465	-0.00565699441358	-0.00274022761732	-0.00241298717447
-10.3463214928	-67.9032425273	52.7741338311	-0.00561283435673	-0.00263185426593	-0.00223767501302
-10.2970733448	-68.0260917844	52.3353864843	-0.0055376063101	-0.00274821463972	-0.00240970752202
-10.1082159602	-67.9312780890	52.6740068248	-0.00549180014059	-0.00265177548863	-0.0022525889799
3.45293521379	-69.6529150658	46.5253033365	0.000877134676557	-0.00398928951472	-0.00412698090076
3.71308565224	-69.6642342238	46.4848777723	0.000986244063824	-0.00399659294635	-0.00414696615189
3.92119322523	-69.5522830218	46.8847034935	0.00107725663111	-0.00388851133175	-0.00399793777615
3.32260917751	-69.5949655206	46.7322659980	0.000823204929475	-0.0039362241514	-0.00404566619545
3.86633781549	-69.6146180286	46.6620784693	0.00105200905818	-0.00394784845412	-0.00408215541393
3.41505864903	-69.5199529909	47.0001678898	0.000863950001076	-0.00386428949423	-0.00394418323413
-2.68826536802	-67.4519694475	54.3858234017	-0.00210129795596	-0.00209722155705	-0.000963505881373
-2.85347689376	-67.4014132955	54.5663810874	-0.00219826772809	-0.00205565406941	-0.000887878064532
-2.78527188128	-67.3383739638	54.7915215579	-0.00217854580842	-0.00200185202993	-0.000782526156399
-2.56854539838	-67.3363618325	54.7987077410	-0.002066279063	-0.00199866108596	-0.000771331018768
-2.40887446427	-67.3898010725	54.6078533124	-0.00197113840841	-0.00204234872945	-0.000853040954098
7.33190191085	-65.3825855794	61.7764800737	0.00398566760123	5.62866480323e-05	0.00263388408348
7.54748975877	-65.3865490050	61.7623249821	0.00410133088008	5.96794088779e-05	0.00259117782116
7.16631952046	-65.4151820863	61.6600639775	0.00387672381476	1.56884270837e-05	0.00259243743494
7.68266679434	-65.4485133487	61.5410237545	0.00413945689797	-7.62557078815e-07	0.00244353385642
7.16526281454	-65.4739552471	61.4501598318	0.00384360412136	-4.57891146652e-05	0.00247117481194
7.55281954322	-65.5184713918	61.2911736008	0.00402930332348	-7.76737651904e-05	0.00232221139595
-7.38712500193	-66.3819472350	58.2073313037	-0.00498563237488	-0.00115699565504	0.000541298883036
-7.13320304280	-66.3655167002	58.2660117851	-0.00486559001729	-0.00114179775119	0.000602131185587
-6.97709914700	-66.3276733157	58.4011667297	-0.00480814743787	-0.00110688444693	0.000690477609169
-7.15215135580	-66.2416035349	58.7085588039	-0.00495210429654	-0.00102548580617	0.000829308235552
-7.50086270700	-66.2999401859	58.5002136219	-0.00509498501197	-0.00107994885184	0.000676740542985
-7.02938230589	-66.2793487821	58.5737543497	-0.00486490735784	-0.00106144521851	0.000774016021751
-8.31903249313	-65.3423373760	61.9202236573	-0.00620968500152	-0.000137309078127	0.00239846971817
-8.72469501806	-65.3852473435	61.7669737730	-0.00639665219933	-0.000185848970432	0.00222596130334
-8.60434695531	-65.3229176938	61.9895796649	-0.00638113962486	-0.000120253302157	0.00237638154067
-8.58743617455	-65.4392047535	61.5742687373	-0.00627943594009	-0.000239353568759	0.00214777607471
-8.34940539109	-65.4432946487	61.5596619689	-0.00614747870713	-0.000241308720433	0.00218852167018
5.46382189981	-65.6571375207	60.7959374261	0.00280625675805	-0.000323321059113	0.00230413745157
6.01582206298	-65.6683704715	60.7558197448	0.00310901063494	-0.000300517247524	0.00221898686141
5.63330811846	-65.7215597317	60.5658581010	0.00286955782212	-0.000376144453185	0.00214886735193
5.85952475782	-65.7134444793	60.5948411455	0.00299957301468	-0.000354474672349	0.00214183889329
-9.95354723500	-65.3972285479	61.7241837574	-0.00704876845703	-0.00022249740141	0.00192951387726
-10.1642118069	-65.2537108096	62.2367471086	-0.00728946784511	-8.35844111862e-05	0.00215032231063
-10.2979806626	-65.3077762226	62.0436563478	-0.00731309410185	-0.000142416422023	0.00201608450152
-10.1860587243	-65.3605923373	61.8550273668	-0.00720562273636	-0.000192166116904	0.00194401410408
11.3957818148	-66.7066509566	57.0476751550	0.00531931826845	-0.00120034941938	-0.000343958439771
11.1209446171	-66.6449699134	57.2679645951	0.00521866744384	-0.0011398155475	-0.00020668367506
10.9491957288	-66.7652769342	56.8382966634	0.00506952079013	-0.001255055191	-0.000377388641937
11.3380145550	-66.7479197270	56.9002866892	0.0052685556002	-0.00123976229224	-0.000401908997446
10.9165989890	-66.6952847902	57.0882686063	0.0050910464488	-0.00118777318858	-0.00026030029403
11.3596130821	-66.6511279784	57.2459715058	0.0053323241882	-0.00114667799789	-0.000249843695201
5.51727510907	-67.5808755864	53.9254443344	0.0020886939019	-0.00206797430292	-0.00120093428995
5.66380222365	-67.6465454067	53.6909092618	0.00214290898293	-0.00212413095869	-0.00131046096794
5.52829784602	-67.7130187248	53.4535045542	0.00206007855013	-0.00218575028703	-0.00140684226062
5.27653008204	-67.7200199240	53.4285002716	0.00193624850363	-0.00219603814185	-0.0014061848633
8.48217237266	-68.4363711164	50.8701031556	0.00324279791676	-0.00282693887129	-0.00266170618124
9.04452097383	-68.4197402767	50.9294990118	0.00350024644285	-0.0028128772974	-0.00268256757408
8.65599197570	-68.4906480303	50.6762570345	0.00330570200458	-0.00287803029642	-0.00275262095965
8.64316145259	-68.3716100917	51.1013925296	0.00333362747915	-0.00276670488529	-0.00258133863099
8.92965638725	-68.3574410674	51.1519961879	0.00346701685339	-0.00275410548784	-0.00258392444812
0.485637032831	-68.9689023917	48.9682057438	-0.000411006127251	-0.0033921613358	-0.00316674890928
0.230083030613	-69.0732080593	48.5956855026	-0.000519623747095	-0.00349300424568	-0.00331643340178
0.423291359324	-69.1270622948	48.4033489472	-0.000431806372944	-0.00353984860703	-0.00339012220502
0.711646881288	-69.0183023110	48.7917774608	-0.000308750546537	-0.00343413162045	-0.00323474407196
0.260035459796	-68.9953828701	48.8736326069	-0.00051023013657	-0.0034203696996	-0.00320637389086
6.14766208569	-68.0797947470	52.1435901893	0.00226557045244	-0.00250856741332	-0.00199213204905
6.54134821827	-68.0099019224	52.3932074201	0.00246714171953	-0.00244108075276	-0.00190965807997
6.43473129050	-68.0712059645	52.1742644124	0.00240179686807	-0.00249796896242	-0.00199481728487
5.96510005127	-68.0232469014	52.3455467807	0.0021932781674	-0.00245917658322	-0.00189864856657
-7.58289714958	-66.0020953699	59.5639451077	-0.00533317029476	-0.000795651227236	0.00122417649254
-7.25700213315	-65.9867710294	59.6186748950	-0.00517251016572	-0.000782041461207	0.00130104098935
-7.61311756153	-66.0663704812	59.3343911386	-0.00530547043309	-0.000857565028127	0.00109723373316
-7.06149850752	-66.0532976800	59.3810797144	-0.00502557307482	-0.000847189687192	0.00119920505676
-7.22327550322	-66.1161787875	59.1565043304	-0.00506939785555	-0.00090632220963	0.00105679151602
3.76259258694	-68.2919907779	51.3857472219	0.00111098890193	-0.00272919959389	-0.00221504480578
3.57797447571	-68.3610235833	51.1392014881	0.00101672019809	-0.00279375608079	-0.00231189164333
3.98416931293	-68.3113141383	51.3167352204	0.00121193774976	-0.00274354498833	-0.00224898289889
4.05719971955	-68.3755376138	51.0873656651	0.00123740534764	-0.00280046556145	-0.00234475941397
9.46615834801	-69.1239242988	48.4145560756	0.00349500332959	-0.00347848562524	-0.00370349106379
9.22704968720	-69.1432799704	48.3454286771	0.00338759412989	-0.00349420728162	-0.00371068925597
9.16731985507	-69.2077827524	48.1150615984	0.00334690301679	-0.00355421635322	-0.00379450595938
9.33150836450	-69.2511716175	47.9601013660	0.00340701150708	-0.00359672633931	-0.00386701454408
9.61653763468	-69.1572757735	48.2954436662	0.00355139421299	-0.00351164862514	-0.00376175763085
9.51430407205	-68.9836450652	48.9155533385	0.00355124543421	-0.00334678962827	-0.00351400044747
9.26382130679	-69.0734625118	48.5947767436	0.00342028145678	-0.00342890573666	-0.00361749529839
9.73427379633	-69.0366084571	48.7263983675	0.00363271660171	-0.00339918280952	-0.00360574293882
9.33489971228	-69.0185067692	48.7910472530	0.00346463313326	-0.00337786460295	-0.00354738347232
9.65330925427	-69.0874583148	48.5447917328	0.00358468713239	-0.00344623578712	-0.00366892130114
4.91753127224	-67.3361121462	54.7995994779	0.00185548863374	-0.00186354783364	-0.000784241885412
4.48683217429	-67.4240047924	54.4856971701	0.00161612941884	-0.00195004767738	-0.000908914895263
5.06633094991	-67.3987959930	54.5757285965	0.00191361631732	-0.00191537081264	-0.000891673844308
4.62186440155	-67.3548314851	54.7327446960	0.00170115742367	-0.00188668537885	-0.000802579626907
4.58241812583	-67.4901244304	54.2495556056	0.0016486212844	-0.002005785238	-0.00101799448021
2.85221205914	-66.2987118655	58.5046004805	0.00102043349762	-0.00106970255729	0.00112068571616
2.62271632511	-66.1939318353	58.8788148738	0.000912447809242	-0.00100191938691	0.00133468525019
2.62834875804	-66.2682477586	58.6134008622	0.000894554483239	-0.00105872633867	0.00118553568609
6.62604775974	-68.6066386801	50.2620047139	0.00236838776618	-0.00298830866814	-0.002782354597
6.62406788679	-68.7256031632	49.8371315601	0.00234370143153	-0.00309841986746	-0.00295090372674
6.34407582466	-68.7151354083	49.8745163990	0.00222112424672	-0.00309003610164	-0.00292120780796
6.72390115054	-68.6705384339	50.0337913075	0.00239910278469	-0.00304700178094	-0.00287853204645
7.76679450778	-66.3794607934	58.2162114520	0.00368030392565	-0.000921191298403	0.000653018068988
7.61255451215	-66.3049473163	58.4823310133	0.00363799277693	-0.000854311976582	0.000803629809525
7.56614110772	-66.4321848663	58.0279111917	0.00355145777576	-0.000976335373707	0.000578963255975
7.30818641233	-66.4144264956	58.0913339442	0.00342717207968	-0.000966662715655	0.000635896343738
7.2501567859	-66.3547244776	58.3045554372	0.00342589174397	-0.000912057701498	0.000749586382881
7.23556751658	-66.0250428354	59.4819898735	0.00358402030542	-0.000596743542701	0.00136624765582
6.78965046835	-66.1346195312	59.0906445315	0.00329244672321	-0.000718756928109	0.00120430439711
6.85035554489	-66.0203777874	59.4986507592	0.00338217010722	-0.000606604560744	0.00141732930206
7.31097441878	-66.0927985637	59.2400051297	0.00358867226169	-0.00065987824928	0.00122908945195
6.74055686581	-66.0782940810	59.2918068534	0.00329446606338	-0.000666768464725	0.00131699093617
7.04241109611	-66.0078505751	59.5433908034	0.00349067640491	-0.000587050977629	0.00142073840834
5.87023517927	-66.3273018258	58.4024934792	0.00271168956533	-0.000936599448323	0.000919385522138
6.18957474273	-66.3683824999	58.255776786	0.00286354403943	-0.00096143304836	0.000817981373984
6.36787843699	-66.2448294657	58.6970376224	0.00301519921049	-0.000839555985294	0.00103456131183
6.41433944956	-66.2969157784	58.5110150772	0.00301543693058	-0.000886432069819	0.000932644819841
-10.1519896823	-68.3237124490	51.2724555392	-0.00535124866292	-0.00303004030138	-0.00282007874921
-9.77588338209	-68.2683752800	51.4700882858	-0.00520331598818	-0.0029646914918	-0.0027035959065
-9.65024405056	-68.3232484543	51.2741126632	-0.00512562319636	-0.00301344157197	-0.00276958709583
-10.0225355323	-68.2685105475	51.4696051877	-0.00531453033909	-0.00297262193635	-0.00272844475694
-9.75772757776	-68.3905039759	51.0339143719	-0.00514857284725	-0.00308150937781	-0.00287574832328
7.67478605854	-66.7479045368	56.9003409400	0.00345974205993	-0.00126969662961	1.73260632437e-05
8.08635778661	-66.8164082959	56.6556846575	0.00363524793647	-0.00132576772012	-0.000136623508297
7.78840573414	-66.8156601800	56.6583565001	0.00348670757376	-0.00133047718555	-0.000107946267235
8.09992483400	-66.7413463586	56.9237630050	0.00367615977302	-0.00125528208446	-1.11659592221e-05
-0.348589163792	-64.4367412536	65.1544955230	-0.00116677850019	0.000679967342876	0.00609912164509
-0.0645992648302	-64.3609125589	65.4253122897	-0.000907750509214	0.000818316475488	0.00630232831463
0.151494264104	-64.4062692036	65.2633242728	-0.000709169951733	0.000740553252399	0.00618265802041
-0.317591871145	-64.3795251854	65.3588386237	-0.00113898527343	0.000783187395427	0.00625009369105
0.0973497751954	-64.4620059420	65.0642644930	-0.000757661880925	0.000638158526272	0.00603618985042
-7.80632572378	-66.7329886005	56.9536121411	-0.00498873787001	-0.00148579559755	-0.000127183899167
-7.91187635320	-66.8024737178	56.7054510078	-0.00500183319673	-0.0015511495294	-0.000257407547906
-8.31664615072	-66.7573521331	56.8665995247	-0.00522595923394	-0.00151332386304	-0.000229278273764
-8.20938862563	-66.6901460193	57.1066213597	-0.00521236052737	-0.00144947355147	-0.000102232203062
-8.17070475179	-66.8215221425	56.6374209196	-0.00511811580509	-0.00157146994025	-0.000319567421684
8.69799521199	-67.2756124586	55.0156697906	0.00373809575103	-0.00174617150333	-0.000940827594604
8.24454655730	-67.2936295662	54.9513229780	0.00351182348095	-0.00176714162808	-0.000929092988372
8.46318653432	-67.2450726871	55.1247404031	0.00363707379438	-0.00171987351496	-0.000871183176059
8.30569239139	-67.3525995886	54.7407157548	0.00351829570718	-0.00182116788346	-0.00102743308526
8.68071487241	-67.3394107086	54.7878188978	0.00370395719074	-0.00180571898818	-0.00103968579788
4.07153364291	-69.7550018024	46.1607078485	0.00113396195229	-0.00407778099179	-0.00427794922143
4.16750402887	-69.8281593117	45.8994310296	0.00117202138063	-0.00414580758661	-0.0043794172816
4.22478580616	-69.7053856073	46.3379085455	0.00119940540753	-0.00402899924666	-0.00421396503225
4.45942680338	-69.8380895224	45.8639659914	0.00129268120509	-0.00415141228586	-0.00440000882372
-0.338869917942	-66.5327411344	57.6687816630	-0.000958413875196	-0.00135311170015	0.000681240751874
-0.452480139622	-66.4624326798	57.9198832866	-0.00103549251799	-0.00130394392181	0.000812505197246
-0.0258902392991	-66.5263933142	57.6914524493	-0.00076787895523	-0.00134456541855	0.000696261995472
0.122951550223	-66.4606767577	57.9261544369	-0.000679383578245	-0.00129540613852	0.000821396533865
2.39505060888	-69.8892242015	45.6813421376	0.000434734101873	-0.00423016678542	-0.00443748524413
2.68807771413	-69.9043264423	45.6274055631	0.000557023333386	-0.00424004998058	-0.00445999950171
2.77786196987	-69.9797782700	45.3579347500	0.000595384917688	-0.00431127054617	-0.0045629623346
2.60960651302	-70.0347650043	45.1615535561	0.000526713498402	-0.00436714058742	-0.004635959398
2.36941380919	-70.0178648728	45.2219111686	0.000426953018177	-0.00435474561527	-0.00461166491732
10.0854310109	-66.8864481644	56.4055422701	0.00458630686626	-0.0013714034576	-0.000464422540972
10.2957976936	-66.8409346946	56.5680903763	0.00471158558503	-0.00132746982854	-0.000416245340602
10.5393775501	-66.8625069195	56.4910467162	0.00481929630041	-0.00134776823688	-0.000480894115753
10.5601309052	-66.9410554987	56.2105160759	0.00478980410844	-0.00142273062374	-0.000608852948062
10.1692468254	-66.9542389040	56.1634324858	0.00459378305823	-0.00143564457539	-0.00058310397435
-7.01748097951	-65.6493884885	60.8236125411	-0.00527473120019	-0.000452334410511	0.00201329495758
-7.47195328004	-65.7459981937	60.4785778797	-0.00545202707872	-0.000545311660971	0.00174285331741
-7.51172654078	-65.6654937584	60.7660937202	-0.00553045421839	-0.000464886892587	0.00189795566257
-7.31060659822	-65.6213053425	60.9239094912	-0.00545337796211	-0.000421556818765	0.00202215346508
-1.82993135990	-66.4455338639	57.9802362005	-0.00188231293578	-0.00128861621488	0.000819909910206
-2.39568469903	-66.4492265708	57.9670479615	-0.00221964460798	-0.00128368509468	0.000796601641923
-2.28140209468	-66.5017595777	57.7794300797	-0.00213483255357	-0.00132571673021	0.000700187520124
-1.97069602214	-66.4959188443	57.8002898419	-0.00195238168817	-0.00132486096118	0.000720268988516
-2.23678182852	-66.3908912290	58.1753884678	-0.00214433274232	-0.00124181015417	0.000914071220905
-3.73853246904	-67.8329279709	53.0252572466	-0.00253363023512	-0.00243836222216	-0.00160754914396
-3.80671700490	-67.9057729895	52.7650964660	-0.00254854466766	-0.00250369706191	-0.00172259449027
-4.29235933233	-67.8677864421	52.9007627068	-0.00279297120869	-0.00247655040585	-0.001688410528
-3.94648947149	-67.7798565114	53.2147981736	-0.00264873821288	-0.00239415257238	-0.00153544195928
-4.18241188746	-67.7942756362	53.1633012992	-0.00275980494916	-0.00240983488038	-0.00156955257989
5.09307080808	-70.0385718453	45.1479576955	0.00154601235408	-0.00433378946036	-0.00468867691234
5.28673666704	-70.0232721360	45.2025995144	0.00162535451818	-0.00431686127558	-0.00467464979738
4.94241105608	-69.9976092280	45.2942527572	0.00148603890557	-0.00429663900286	-0.00462890230119
4.86558545047	-69.9375266029	45.5088335610	0.00145669013727	-0.00424049375579	-0.00454570399597
5.43852597089	-69.9806373640	45.3548665570	0.00168899726123	-0.00427466165274	-0.00462283287197
-0.287854601433	-65.7424628318	60.4912041720	-0.00100892561022	-0.000848805822898	0.00233651860617
-0.242063469905	-65.8814822125	59.9947063840	-0.000960118020885	-0.00092810933711	0.00201190891676
-0.405670048913	-65.8184897632	60.2196794171	-0.00108561175875	-0.00089163571829	0.00215529580601
-0.0377490092412	-65.7435237123	60.4874153131	-0.000822569767479	-0.000848010415211	0.00233568134718
-0.00675615790995	-65.8793422963	60.0023489417	-0.00079196394654	-0.000924519612454	0.00201840349473
-11.5930243725	-67.6006571411	53.8547959246	-0.00632608588785	-0.00237680203281	-0.00194625300355
-11.3360117491	-67.6341961493	53.7350137525	-0.00619121827185	-0.00240188930184	-0.00196273927577
-11.7633625552	-67.6658612253	53.6219241955	-0.00637225154787	-0.00244532665238	-0.00206150603481
-11.6824187963	-67.7352153157	53.3742310154	-0.00630145380273	-0.00251037208363	-0.00215085502714
-11.4403708676	-67.7431187111	53.3460046032	-0.00618678051978	-0.00251046847552	-0.00213253404945
-1.48515526599	-68.2455225228	51.5517052757	-0.0013721898431	-0.00277004949749	-0.00215228414163
-1.09367629538	-68.3023373675	51.3487951160	-0.00118032610044	-0.00281423842534	-0.0022274677176
-1.24714270018	-68.2417959231	51.5650145603	-0.00125950586516	-0.00276296283118	-0.00214107288048
-1.54340415399	-68.3243880108	51.2700428185	-0.00139015377499	-0.00284116552211	-0.00227059726603
-1.19762152144	-68.3653595521	51.1237158855	-0.00122278486378	-0.00287209963426	-0.00232275063172
2.45227251666	-69.4662894670	47.1918233322	0.000454757828265	-0.00382659374736	-0.00385925313458
2.70566125817	-69.4432418164	47.2741363701	0.000563192996196	-0.0038013565354	-0.00382955931127
2.83671656964	-69.5603499414	46.8558930664	0.000617974670604	-0.00391005445272	-0.00399204157293
2.92916604116	-69.4853374117	47.1237949582	0.000658056233078	-0.00383798917755	-0.00388991250657
11.8494606132	-66.6849101763	57.1253207990	0.00555320596322	-0.00118260027375	-0.000373805291019
11.5612741292	-66.7395429610	56.9302037105	0.00538203818724	-0.00123300112318	-0.000419498392148
11.7163166249	-66.7308445039	56.9612696291	0.00546247512102	-0.00122575636487	-0.000427558290539
11.5828726564	-66.6427512124	57.2758885271	0.00544646056369	-0.00113987352233	-0.00026809098199
-0.93305785568	-64.5129970660	64.8821533356	-0.00169398193248	0.000557416933589	0.00585577683523
-0.891320940489	-64.4511985242	65.1028624136	-0.00165810668841	0.000664888822939	0.00602631177753
-1.41446684532	-64.4764726882	65.0125975421	-0.00211728364229	0.000645347347017	0.00589890126139
-1.18051219785	-64.5300119818	64.8213857794	-0.00191216100939	0.000540036475286	0.00578303262591
-1.04210832681	-64.4068188941	65.2613610926	-0.00179331947584	0.000748187478166	0.00612918194383
-1.40901978451	-64.4012852097	65.2811242512	-0.00211525056511	0.000772927887738	0.00609921943396
0.855824722407	-65.6734972654	60.7375097663	-0.000151876913151	-0.00077145989053	0.00250825867988
0.666245469056	-65.6084539539	60.9698073076	-0.000287343922537	-0.000744935823604	0.00267307087779
0.319556163415	-65.6735117759	60.7374579433	-0.000555409351364	-0.000799775414634	0.00250871665776
0.432499243782	-65.6204673466	60.9269023336	-0.000467553123599	-0.000764693599194	0.0026427579578
-8.10732632483	-65.6555345174	60.8016624378	-0.0058563943021	-0.000454775523394	0.00181276910007
-7.90230227351	-65.6235339746	60.9159500908	-0.00577048165724	-0.000422189827077	0.00191354914568
-8.26578411868	-65.5992154721	61.0028018853	-0.00598312262446	-0.000398938020226	0.00189458811656
-7.95069822338	-65.5621926854	61.1350261237	-0.0058418684639	-0.00036035690573	0.00202762032859
-8.15711781631	-65.5478922528	61.1860990972	-0.00596365239471	-0.000346550776158	0.00201720395125
7.94732791528	-66.1856808520	58.9082826715	0.00387208769098	-0.000730792526156	0.000984680256806
7.87192101309	-66.1179251237	59.1502674153	0.0038686292246	-0.000667166139465	0.00111835752614
8.28145933540	-66.0639605718	59.3429979578	0.00411005597562	-0.000604036147706	0.00116841588169
8.02339203433	-66.0607846970	59.3543403678	0.00397784728557	-0.000607404508628	0.00120634690393
-0.201987081216	-67.0825040365	55.7053427266	-0.000834648788441	-0.00176906061824	-0.000293580553262
-0.677114701363	-67.1152826041	55.5882764139	-0.00109325395897	-0.00180128158536	-0.000355597003363
-0.533622085006	-66.9823922615	56.0628847803	-0.00102765939664	-0.00169435190037	-0.000126929036924
-0.463206588494	-67.1151700827	55.5886782762	-0.000975892180577	-0.00179859192576	-0.000352169299731
-0.79609605037	-67.0707659164	55.7472645842	-0.00116382190026	-0.00176706234924	-0.000282200286165
-0.698683250186	-67.0210481251	55.9248281248	-0.00111569499131	-0.00172660092358	-0.000195817265194
-1.59653284864	-65.9134724663	59.8804554774	-0.00189875659999	-0.000918803503737	0.00192138482817
-1.90359314597	-65.9158559273	59.8719431168	-0.00210359692574	-0.000906873203348	0.00190875446424
-2.06402385477	-65.8603019392	60.0703502173	-0.00223207636736	-0.000859360909089	0.00202942825854
-1.64627504698	-65.7786875749	60.3618300896	-0.00198052520864	-0.000826070900075	0.0022296491079
-10.5818667252	-65.5710456008	61.1034085684	-0.00723060639575	-0.000413813540945	0.00146534154192
-10.5806092122	-65.6999371676	60.6430815441	-0.00711887609214	-0.000540476525202	0.00123425421771
-10.8616294327	-65.5758364834	61.0862982735	-0.00737312203273	-0.000427559687523	0.00139277696144
-10.9283615683	-65.6392807049	60.8597117682	-0.00735206017271	-0.000492009101436	0.00126464595087
-10.7991684133	-65.6857369365	60.6937966555	-0.00724445376545	-0.000533220299985	0.00121139129624
2.49656529993	-69.3962690939	47.4418960934	0.000474046275485	-0.00376002723351	-0.0037628938444
2.01230174707	-69.3755046189	47.5160549326	0.000265920331003	-0.00374741549604	-0.00373148941435
2.26361817627	-69.3456390188	47.6227177899	0.000374133436708	-0.0037157246843	-0.00369125255384
2.01309924750	-69.4464412264	47.2627099056	0.00026679385337	-0.00381423113868	-0.00382958911359
-9.27101947039	-64.8666180560	63.6192212285	-0.00714334612712	0.000343439663993	0.00313487579115
-8.96993914984	-64.8950253309	63.5177666754	-0.00694523286074	0.000321444531437	0.00315671530552
-9.52657313125	-64.9441222502	63.3424205351	-0.00721802422777	0.000254439772107	0.00291202683002
-9.36362455644	-65.0033840779	63.1307711504	-0.00707234023139	0.000197151515749	0.0028363764286
-9.43986394630	-64.8940237278	63.5213438294	-0.00721478788182	0.000309561030008	0.00303479190916
-9.14873056019	-64.9994482227	63.1448277762	-0.00695475190878	0.000206794065889	0.00289897853509
-1.00811556683	-68.8706524234	49.3190984878	-0.00108602491673	-0.0033272576984	-0.00304960506037
-1.27365645988	-68.8944898473	49.2339648309	-0.00120293500368	-0.00335402181372	-0.00308941397816
-1.34166593053	-68.7735551560	49.6658744428	-0.00124616257381	-0.00324401515536	-0.00291844992898
-1.10484845038	-68.7770437797	49.6534150727	-0.00113854277879	-0.00324300001375	-0.00291804294102
-0.989210651985	-68.8138836165	49.5218442267	-0.00108276330866	-0.00327473250218	-0.00296825100668
8.20285657711	-64.5386946032	64.7903764172	0.00498344283551	0.00100267096423	0.00421246374026
8.23146848451	-64.4742691782	65.0204672206	0.00504240533337	0.00107587932143	0.00433839531615
8.39868163032	-64.5752969819	64.6596536360	0.00507470779121	0.000962511578109	0.00409174151719
8.62442344141	-64.5535103979	64.7374628646	0.00522182090208	0.000987520907074	0.00408336240798
8.67522669652	-67.2116732517	55.2440241009	0.00375347048976	-0.00168678595219	-0.000837380357552
9.08319804156	-67.2069491044	55.2608960558	0.0039526396431	-0.00167914386839	-0.000868747360073
9.11426159512	-67.2741530646	55.0208819122	0.00393909215927	-0.00174186588265	-0.000977786257863
8.88152822422	-67.1870910698	55.3318176080	0.0038636631798	-0.0016620674869	-0.000817708380055
8.89275503460	-67.3060112733	54.9071025955	0.00381940370426	-0.00177305319812	-0.00100674980786
-7.29077641397	-65.2550831214	62.2318459951	-0.00570619804785	-4.3772146455e-05	0.00279430230148
-7.57087758798	-65.2464540296	62.2626641799	-0.00586942583323	-3.4023916669e-05	0.0027548011858
-7.69913229636	-65.1888015757	62.4685658012	-0.00598472356796	2.67602445092e-05	0.00284960097633
-7.59613521828	-65.1325596537	62.6694298083	-0.00596928922459	8.6835345428e-05	0.00299185374752
-9.93496956750	-68.7904518096	49.6055292514	-0.00508382730186	-0.00347498175688	-0.00345519906841
-9.75724777514	-68.7232641227	49.8454852762	-0.00502848671749	-0.00340323802084	-0.00334457540885
-10.2107541938	-68.7899788754	49.6072183020	-0.00520557025447	-0.00348472781479	-0.0034810914658
-10.3645400946	-68.7183722044	49.8629564127	-0.0052987402305	-0.00342057319358	-0.00339648243971
-10.1594261223	-68.6651939440	50.0528787715	-0.0052270097658	-0.00336116435938	-0.00330198393203
-5.86150528863	-67.5673272333	53.9738313098	-0.0036484785378	-0.00222769170068	-0.00131798011716
-6.00686729348	-67.4078141253	54.5435209811	-0.00377998012118	-0.00208582216874	-0.00107567815576
-6.22416407936	-67.4846241789	54.2691993611	-0.00385564821772	-0.00215741572902	-0.00121436663903
-6.10058434350	-67.5354865653	54.0875479811	-0.00377617380582	-0.00220188056119	-0.00128531106748
-6.15002692397	-67.4303090818	54.4631818507	-0.00384098570794	-0.00210756063461	-0.00112244626507
-5.80641026375	-67.4079091073	54.5431817596	-0.00368172139861	-0.00208394532092	-0.0010610264726
10.9903119604	-65.7397506602	60.5008904995	0.00570369372144	-0.00025298804394	0.00134213047568
11.2045700020	-65.7501091908	60.4638957471	0.00580756925046	-0.000264140428044	0.00128589686938
11.2779102455	-65.8121088352	60.2424684457	0.00580389332026	-0.000326188863255	0.00116507569328
10.8329268694	-65.8039700988	60.2715353614	0.00558008346707	-0.000316769146593	0.00125662237406
11.1373010823	-65.8546788069	60.0904328324	0.00570347020403	-0.000367851753253	0.00111577054486
3.99785776265	-66.1796468338	58.9298327365	0.00173465826083	-0.000903311592992	0.00131949828938
4.32525972974	-66.3049789664	58.4822179770	0.00187275465578	-0.000991903943941	0.00105727813207
4.06885477838	-66.3015234080	58.4945592573	0.00172882783227	-0.00100296770688	0.00107567186933
3.91888208096	-66.2437803295	58.7007845376	0.00166459439788	-0.000962554244325	0.00119530595839
4.28156039811	-66.1650959092	58.9818003241	0.0019033633871	-0.000873264565598	0.00133498606738
-11.8592790839	-66.5625010853	57.5624961239	-0.00706862052903	-0.00139545707498	-0.000455200381111
-11.8028343682	-66.4644228462	57.9127755495	-0.00711379339918	-0.00130314484704	-0.000292971177259
-12.0848243615	-66.5687379979	57.5402214359	-0.0071732159704	-0.00140598556027	-0.000507257820573
-12.0402226583	-66.4345898538	58.0193219507	-0.00725216185674	-0.0012813359499	-0.000293151533697
-11.7677777971	-66.5135060384	57.7374784345	-0.00706015760079	-0.00134795426857	-0.000362490565749
-6.86161375530	-64.9926142535	63.1692348088	-0.00564988795668	0.000237293104874	0.00346186175011
-7.06835256727	-64.8445360770	63.6980854393	-0.00587831297889	0.000402274745284	0.00374488905072
-6.76470092192	-64.9348456405	63.3755512839	-0.00563383288682	0.000300742161926	0.00361382216215
-6.86650701307	-64.8777185328	63.5795766687	-0.00573448836803	0.000365019281162	0.00371894962154
-7.30714844695	-64.9395003317	63.3589273868	-0.00594853935763	0.000296619633446	0.00347688328475
-10.5437624076	-67.1468575833	55.4755086311	-0.00607241969556	-0.00191774405539	-0.00114097632468
-10.2439552907	-67.2170189966	55.2249321549	-0.00589367281646	-0.00197738362476	-0.00120863527991
-10.1763201886	-67.0730611505	55.7390673197	-0.00593956839293	-0.001840511919	-0.000978610711172
-10.4192104699	-67.0905898936	55.6764646658	-0.00604464579374	-0.00186209683307	-0.00103823957033
-10.0027969621	-67.1197854545	55.5721948053	-0.00583196710795	-0.00188080419321	-0.00102820130996
-10.4347074130	-67.1904331342	55.3198816634	-0.00599751621485	-0.00195647776127	-0.00119283527602
-12.0117223283	-67.1042693924	55.6276093129	-0.00678721768782	-0.00190712104086	-0.00128517649136
-11.8755544472	-66.9944912574	56.0196740806	-0.00678852759302	-0.00180001871195	-0.00110438268166
-11.8932308654	-67.0510526902	55.8176689635	-0.0067628803663	-0.00185407255776	-0.00118988822214
-12.2170767013	-67.0928702969	55.6683203684	-0.00689036073163	-0.00190018874127	-0.00129974575248
-4.80629514644	-68.5921917461	50.3136009066	-0.00285096885636	-0.0031438129954	-0.00279094162397
-5.16170156105	-68.6642974675	50.0560804731	-0.00299478275701	-0.00321851484478	-0.00291421939619
-5.00833090270	-68.5290888971	50.5389682246	-0.00295800995082	-0.0030895867385	-0.00271074380726
-4.89619260970	-68.6599872754	50.0714740166	-0.00287588406354	-0.00320869125426	-0.00289338082075
8.73620221981	-65.1582251379	62.5777673645	0.00488809822127	0.000330053968355	0.00284132244997
8.64089971117	-65.2194056790	62.3592654323	0.00479739299044	0.000263666268438	0.00273782247677
9.04358769879	-65.2782750810	62.1490175679	0.00497873360291	0.000207813427551	0.00254724454135
8.78022497539	-65.2781957431	62.1493009173	0.00483622634783	0.000204041076358	0.00259592593648
10.3645611557	-65.2828251784	62.1327672200	0.00568691315129	0.00021080757142	0.00228500552475
10.2202507194	-65.2212582531	62.3526490961	0.00565244350582	0.000274400692433	0.00242858263664
10.6101496187	-65.2803962620	62.1414419215	0.00582048576325	0.000212662838749	0.0022404207848
10.3271441918	-65.1572925100	62.5810981785	0.00575574813411	0.000340380502166	0.00252649211325
-6.57957875153	-67.5493406863	54.0380689775	-0.00400178553537	-0.00222059548832	-0.00134400674142
-6.52521475589	-67.6597928367	53.6435970116	-0.00393318384886	-0.00232036900707	-0.0015116102295
-6.94362004448	-67.6231810389	53.7743534325	-0.00414672959596	-0.00229329010472	-0.00148849945981
-6.45599901566	-67.6002030727	53.8564175975	-0.00392271997407	-0.0022651408799	-0.00141371437348
-6.76998440167	-67.6561627779	53.6565615073	-0.00405123224482	-0.0023207727354	-0.00152532651555
2.50920518808	-70.2843416544	44.2702083772	0.000491341925226	-0.00461233220994	-0.00497141201049
2.51928778448	-70.1623816918	44.7057796721	0.00049234990729	-0.0044927066192	-0.0048074866645
2.24997861247	-70.2898276296	44.2506156086	0.000385572813684	-0.00462231738493	-0.00497767142951
2.07156505227	-70.1670367427	44.6891544904	0.000308364833472	-0.00450500519946	-0.00481199612841
2.27909508064	-70.1454815603	44.7661372846	0.000393104332034	-0.00448034191504	-0.00478355074301
2.61177271162	-70.2286348072	44.4691614029	0.000531888566911	-0.00455588381737	-0.00489718420431
9.00384751658	-66.7976902305	56.7225348911	0.00409909617156	-0.00129506562371	-0.000197603498236
9.55052126625	-66.8403691071	56.5701103318	0.00434749294072	-0.00133041641675	-0.000327917514369
9.07546476357	-66.8661572640	56.4780097714	0.00410193530843	-0.00135895237327	-0.000318278383929
9.36792527703	-66.8853488413	56.4094684239	0.00423637963831	-0.00137442338746	-0.000381151738111
-8.51124068912	-66.5759584881	57.5144339710	-0.00542995985597	-0.00134560558945	5.45443763258e-05
-8.86458552165	-66.5580219766	57.5784929408	-0.00561527675018	-0.00133292505052	3.73062575818e-05
-8.44600949888	-66.5067311851	57.7616743389	-0.005440864712	-0.00127979007084	0.000182835079613
-8.70017508336	-66.4488139770	57.9685215106	-0.00560410274193	-0.00122775614727	0.000248365016887
-8.84614480394	-66.4985644334	57.7908413094	-0.00564419385046	-0.00127654650714	0.00014171654766
-8.69980231329	-66.5855506442	57.4801762708	-0.00551694305614	-0.00135679787491	1.28859692268e-05
-4.34588890782	-66.6437345573	57.2723765811	-0.00324732554145	-0.0014141186839	0.000340777944075
-4.20731884871	-66.7028196469	57.0613584038	-0.00314654153772	-0.00146580627188	0.000241800429649
-4.62412044703	-66.7806775271	56.7832945460	-0.00333663029596	-0.00152932258788	7.65436925576e-05
-4.82263174240	-66.7093244018	57.0381271363	-0.00347390654497	-0.00146620662417	0.000190800026758
-4.63431645609	-66.6518287918	57.2434686007	-0.00339947245084	-0.00141805608291	0.000307492213324
2.63025476335	-66.9734908467	56.0946755474	0.000737228081562	-0.00161773222499	-0.000112231646199
2.63194002634	-66.9135319899	56.3088143219	0.000748949707486	-0.00156885886099	-8.60522050061e-06
2.835448972	-66.9920495599	56.0283944289	0.000845817965455	-0.00162674766034	-0.000147672355524
2.85265021766	-66.8916599878	56.3869286150	0.000874908524565	-0.0015439359704	2.55506274698e-05
2.97982313493	-66.9410976414	56.2103655664	0.000934567593504	-0.00158035510685	-6.27772824373e-05
-6.59434423029	-68.9998321308	48.8577423900	-0.00354921934195	-0.00357113708742	-0.00347830075771
-7.10844582985	-68.9977964818	48.8650125651	-0.00377583946101	-0.00358373392373	-0.00351079273969
-6.55967857907	-68.9269674632	49.1179733458	-0.00355280004442	-0.00350058497861	-0.00337359495461
-7.06325710725	-68.9135017495	49.1660651803	-0.00377881689928	-0.00350163923576	-0.0033893128857
-6.78756023695	-68.8901302828	49.2495347042	-0.00366331264377	-0.00347165111452	-0.00333715439774
-11.1958205510	-68.0935752954	52.0943739450	-0.00591658940539	-0.00284271687269	-0.00260496442206
-11.0013087358	-68.2300677845	51.6069007697	-0.00577104603872	-0.00296852085739	-0.00277690845542
-11.3465438935	-68.1525818986	51.8836360762	-0.005959299393	-0.00290551222861	-0.0027058001142
-10.9273698600	-68.1112127075	52.0313831874	-0.0057875639759	-0.0028506082017	-0.002600006992
-11.2483025932	-68.2201650173	51.6422677955	-0.0058863661252	-0.0029677990824	-0.00279030506499
-8.89283094030	-69.2051315087	48.1245303260	-0.00449625588953	-0.00384247791953	-0.00393696781248
-8.97401940589	-69.0603238195	48.6417006447	-0.00457481760532	-0.00370375323109	-0.00374362245202
-9.13210311656	-69.1978619229	48.1504931326	-0.0046021733433	-0.00384400319308	-0.00394726358354
-9.29562367883	-69.1329070898	48.3824746792	-0.00469278777018	-0.00378627516329	-0.00387183669955
-9.16378244573	-69.0809708659	48.5679611933	-0.00465128524229	-0.00373064470477	-0.00378855271265
-10.6948198948	-67.4264116521	54.4771012424	-0.00599693832919	-0.00218582572415	-0.00157984206453
-10.4688641018	-67.3913757244	54.6022295556	-0.00590922636911	-0.00214715790935	-0.00149979954585
-10.4554317909	-67.3212853725	54.8525522410	-0.00593859143555	-0.00208048662171	-0.00139317917638
-10.8689510569	-67.3103026933	54.8917760953	-0.00613771006465	-0.00207954086363	-0.00142953789327
-10.6461839132	-67.2946995101	54.9475017495	-0.00604164134711	-0.00205966690555	-0.00137753039598
-10.3375320802	-66.0581682474	59.3636848306	-0.00670183403417	-0.000881692627445	0.000655067968182
-9.94826894672	-66.0896361969	59.2512992967	-0.00648135039955	-0.000903510954231	0.000673100061249
-10.1031787444	-66.0534549064	59.3805181915	-0.00658728461713	-0.000871874042787	0.000707557890564
-9.99838216720	-66.1557040865	59.0153425484	-0.00645648036152	-0.000968059583101	0.000549332704395
-10.4506675143	-66.1171942263	59.1528777633	-0.00671265600249	-0.000941065663937	0.000532188394573
-9.11141645942	-67.2048313951	55.2684593033	-0.00536563480273	-0.00194275402464	-0.001050957595
-9.12355234286	-67.1226416608	55.5619940685	-0.00541385123506	-0.00186619558372	-0.000923009181861
-9.31289658056	-67.2502836190	55.1061299322	-0.00543790170923	-0.00198914669454	-0.0011454790365
-9.32958943105	-67.1048540207	55.6255213547	-0.0055211535655	-0.00185338186566	-0.000919897633139
-9.54569543427	-67.1309959224	55.5321574200	-0.00560975819826	-0.00188203167636	-0.000987658859231
-1.99998426542	-69.4297372210	47.3223670678	-0.00146244489588	-0.00387036218308	-0.00385955860838
-1.62608651756	-69.5019894403	47.0643234274	-0.00129298481625	-0.00393155217171	-0.00394922448322
-1.77006423870	-69.5716806247	46.8154263402	-0.00134696625173	-0.00400128914043	-0.00404932443053
-1.77156656623	-69.4510882377	47.2461134366	-0.00136134331115	-0.00388596602716	-0.00388268288225
-2.06029291497	-69.5712427413	46.8169902096	-0.00147129886318	-0.00400704750791	-0.00405701110139
1.81377348405	-65.4375408298	61.5802113223	0.000610643124674	-0.000509186997078	0.00310146552511
1.89445047489	-65.5759765290	61.0857981105	0.0006270816084	-0.000606370682362	0.00273798895068
2.14389857580	-65.5399309591	61.2145322889	0.000813354447018	-0.000548043288291	0.00282148784027
2.25605181418	-65.4878627544	61.4004901628	0.00090889877174	-0.000490937032737	0.0029501740355
-8.93634472409	-67.6074310753	53.8306033025	-0.00509186694399	-0.00231575383805	-0.00165062875021
-8.84942394337	-67.6731748592	53.5958040744	-0.00502244662493	-0.00237547582947	-0.00174076471012
-8.44604754002	-67.6780907990	53.5782471464	-0.00483219511807	-0.00237139733508	-0.00170807982795
-8.62772077897	-67.6949247593	53.5181258595	-0.00490978825837	-0.00239099469036	-0.00175128900446
-8.77752721739	-67.5578906649	54.0075333396	-0.00503972359002	-0.002266012365	-0.00155912630726
-3.13279324154	-68.6031991204	50.2742888558	-0.00208577979356	-0.00312084471807	-0.00272941333242
-2.77412842159	-68.6667078815	50.0474718518	-0.001911335974	-0.00317232357338	-0.00280766631477
-2.99532955704	-68.6543731096	50.0915246085	-0.00201416714117	-0.00316517427564	-0.00279803620651
-2.99926561978	-68.5622797416	50.4204294944	-0.00203176448122	-0.00308094290085	-0.00266499980353
-2.77506102716	-68.5650160469	50.4106569753	-0.00192834215704	-0.00307934079319	-0.00266067776829
-1.86574563966	-68.5154317943	50.5877435919	-0.00151648279279	-0.00301821366884	-0.00255940109491
-2.19060349170	-68.4289579942	50.8965785922	-0.00167927681468	-0.00294570554979	-0.00244271522388
-2.09522684777	-68.3810773198	51.0675810006	-0.00164172786754	-0.00290101999417	-0.00236950791441
-1.85242116123	-68.3915535766	51.0301657980	-0.00152666086797	-0.00290637277067	-0.00237782066688
-2.08619957547	-68.4830339769	50.7034500825	-0.00162298360374	-0.0029927236028	-0.00251859799027
-8.58979102912	-68.2715279839	51.4588286289	-0.00466558430344	-0.00293306796812	-0.00259655760601
-9.13739271307	-68.3099354469	51.3216591184	-0.00489932112396	-0.00298513285816	-0.00270171416923
-8.79375246920	-68.2421594704	51.5637161773	-0.00476885866374	-0.00291079282761	-0.00257255951874
-8.97129996952	-68.3678103370	51.1149630821	-0.00480321608484	-0.00303550763056	-0.00276927510276
-9.02273934393	-68.2495128018	51.5374542793	-0.00486994627863	-0.00292420433834	-0.00260424753651
-6.65354478727	-68.0222574523	52.3490805274	-0.00386406388134	-0.00265480973758	-0.00207194313407
-7.06540878079	-68.0690272637	52.1820454869	-0.00403929827735	-0.0027063828893	-0.00217291200534
-7.01175234464	-67.9586232551	52.5763455175	-0.00405310979113	-0.00260303285904	-0.0020042383112
-7.09593287383	-68.0112248494	52.3884826806	-0.00407363194972	-0.002653402742	-0.00208941334859
-6.74632483305	-67.9694352739	52.5377311646	-0.00392546923831	-0.0026078869123	-0.0019999044016
6.80148300509	-64.2825335888	65.7052371828	0.00428839959204	0.00128537835553	0.00508040282875
6.58284241722	-64.3119567728	65.6001543828	0.00413517095149	0.00124471238814	0.00507119577378
6.797602085	-64.2140234187	65.9499163617	0.00432479102165	0.0013692235807	0.00522594898939
6.59238220650	-64.1771476411	66.0816155673	0.00421610753983	0.00141055777203	0.0053544123657
6.36663429370	-64.1997152438	66.0010169863	0.00405933009461	0.0013765351614	0.00536360219121
-0.615093411582	-65.2219215111	62.3502803176	-0.00134739337955	-0.000483100971906	0.00375430868007
-0.651889012022	-65.3398481007	61.9291139262	-0.00135745166335	-0.000583217421081	0.00340350344777
-0.911303495117	-65.3485950506	61.8978748194	-0.00156690576114	-0.000575328827836	0.00337107107043
-0.494841540302	-65.2793483746	62.1451843766	-0.00123696681112	-0.000539835018571	0.003584922757
-7.56487918168	-68.4255502207	50.9087492119	-0.00414847908542	-0.00305168353952	-0.00273269950412
-7.27775386626	-68.2963824857	51.3700625509	-0.0040602311492	-0.00292312912643	-0.00252329418436
-7.72256871425	-68.3656904908	51.1225339616	-0.00423956941813	-0.00299924169667	-0.00265892525204
-7.54046587539	-68.2961865086	51.3707624692	-0.00418006395921	-0.0029292604886	-0.00254365243018
-7.12083653248	-68.3440947131	51.1996617389	-0.00397320883349	-0.00296411220916	-0.00258065364324
-10.9580759124	-68.4123879701	50.9557572497	-0.00567779643461	-0.00314439274371	-0.00302941026166
-11.0381125177	-68.3457461474	51.1937637594	-0.00574026210234	-0.00308242626488	-0.00294428411871
-11.1219546696	-68.4567909702	50.7971751064	-0.00573341501877	-0.00319393770769	-0.00310941715725
-11.2851063751	-68.3358433802	51.2291307852	-0.00585495075211	-0.00308202509768	-0.00295751239173
-0.159288946092	-69.5752989416	46.8025037798	-0.000657530501485	-0.00397288659588	-0.00402022665367
-0.447177009439	-69.5721075873	46.8139014739	-0.000780826434493	-0.00397523725405	-0.00402042781934
-0.0570878657699	-69.5057907226	47.0507474192	-0.000618647318333	-0.00390474381857	-0.00392287410796
-0.254067984748	-69.4577330061	47.2223821210	-0.000706695602275	-0.00386267341673	-0.00385932531208
-7.98122435164	-68.5106020455	50.6049926948	-0.00430849846452	-0.00314330169931	-0.00288805435412
-8.33230891965	-68.5987018619	50.2903504931	-0.00443702703342	-0.00323725887574	-0.00304248463362
-8.13891388421	-68.4507423156	50.8187774444	-0.00439926516265	-0.00309079186991	-0.00281539047137
-8.10543828856	-68.5833946998	50.3450189291	-0.00434055645019	-0.00321606942452	-0.00300197629258
3.26072900658	-66.7018294491	57.0648948246	0.00114523409866	-0.00137407018337	0.000352966308128
2.78059301468	-66.7458550529	56.9076605254	0.000865350884851	-0.00142814207356	0.00028438627487
2.84222487051	-66.6802209164	57.1420681557	0.000914860342164	-0.0013729960192	0.000401363387937
3.07658086015	-66.6586915991	57.2189585746	0.00105274049565	-0.00134627090301	0.000435453723185
2.96108859315	-66.7846121733	56.7692422383	0.000957905722316	-0.00145295646507	0.000211734688492
4.66788055031	-66.6980649029	57.0783396325	0.00191843591165	-0.00131566787604	0.000310111441649
4.22845951360	-66.6809753891	57.1393736104	0.00168594694696	-0.0013181224931	0.000359477096936
4.43791384342	-66.6681935528	57.1850230258	0.00180418835953	-0.00129887054209	0.000373914605007
4.14420913652	-66.7464484724	56.9055411698	0.00161948951427	-0.00137707800604	0.000245515402639
4.31667464546	-66.7985153493	56.7195880384	0.00169671245385	-0.00141511310358	0.000146711958223
5.95018371724	-64.0625298559	66.4909648003	0.00386738660745	0.00153836479876	0.00576679827645
6.39737969763	-64.0751872764	66.4457597272	0.00415117200464	0.00153586955275	0.0056185061112
6.01163732600	-64.0023469527	66.7059037403	0.00394687568769	0.00161941791885	0.005876976531
6.17163178484	-64.0977548791	66.3651611462	0.00399142317474	0.00149961933494	0.0056307464838
3.0238762322	-65.3903001669	61.7489279754	0.00146059563849	-0.000298683822621	0.00315389689058
2.65877237648	-65.4350295677	61.5891801152	0.00120220682584	-0.00039015308721	0.00306483521126
2.83169892366	-65.3269062882	61.9753346849	0.00135778053664	-0.000263124646153	0.00333363143727
2.88780965122	-65.4330888054	61.5961114091	0.00135500589386	-0.000357547629392	0.0030547529459
3.43941299123	-67.0033598761	55.9880004423	0.00116985605564	-0.00161763199139	-0.000180425748113
3.69370163642	-66.9995703443	56.0015344847	0.00130692869425	-0.00160658266395	-0.00018093874678
3.76052745259	-66.9478759468	56.1861573328	0.00135563127697	-0.00156087509822	-9.42305341596e-05
3.67758648875	-66.9073281332	56.3309709527	0.00132135942113	-0.00152948487084	-2.16532807826e-05
3.36307624373	-66.9435820075	56.2014928302	0.00114243442658	-0.00157012464479	-7.58080277592e-05
2.11149612837	-67.8375279141	53.0088288781	0.000363691127859	-0.00235532247461	-0.00150553428102
2.39077826723	-67.8242462757	53.0562633011	0.000502921291627	-0.00233881408349	-0.00148796930443
2.13474152371	-67.9667219505	52.5474216052	0.000365954590961	-0.00246700434946	-0.00170304137282
1.96576991466	-67.9020048374	52.7785541521	0.000287443108391	-0.00241367705166	-0.00160316505935
-1.33942888326	-66.4012292082	58.1384671137	-0.00159436860122	-0.00126082368661	0.000916070886888
-1.68568144830	-66.5014255326	57.7806230977	-0.00178042391781	-0.00133160164114	0.000717052666005
-1.43016331985	-66.5051886346	57.7671834478	-0.0016257771058	-0.00133598281536	0.000715647591278
-1.33040932364	-66.4607445181	57.9259124355	-0.00157531781588	-0.00130390492268	0.00080199126387
1.65189833544	-68.2433116729	51.5596011681	0.000120047196106	-0.00271779973991	-0.0021147383377
1.41029983691	-68.2590393939	51.5034307360	5.00293708683e-06	-0.00273558148183	-0.00213751220144
1.42230173927	-68.3757987945	51.0864328769	8.65534093464e-06	-0.00283912499435	-0.00230955868028
1.31034969181	-68.3265673159	51.2622595862	-4.32914021076e-05	-0.00279706576839	-0.00223716697656
0.319230969049	-67.1711089008	55.3888967830	-0.000544643844478	-0.00183166272473	-0.000437799171777
0.64512109432	-67.1704809378	55.3911395080	-0.000367160741007	-0.00182533496991	-0.000434911926277
0.223194054783	-67.2523903758	55.0986058006	-0.000594361976255	-0.00189887173474	-0.000573599187192
0.456583539186	-67.2935680273	54.9515427596	-0.000468178768642	-0.00192841619719	-0.000639810110442
0.75959855106	-67.2289830992	55.1822032172	-0.000305549649056	-0.0018704093527	-0.000531844329089
-2.34090138189	-66.2291691698	58.7529672508	-0.00226459209807	-0.00111781607848	0.00123139366042
-2.17329754342	-66.1638070974	58.9864032235	-0.00218469905667	-0.00107411528006	0.001370005426
-2.19239884041	-66.2815068411	58.5660469960	-0.00215453398414	-0.0011606500484	0.00113071443047
-1.85954275547	-66.1574212145	59.0092099484	-0.00198886706494	-0.00107849668711	0.00139160058461
-1.71001983309	-66.2222498167	58.7776792261	-0.00187350995839	-0.00112807971891	0.00126249261666
11.6992184762	-67.7893399276	53.1809288299	0.00493752537295	-0.00223811599426	-0.00203422270715
11.3850446388	-67.9140370022	52.7355821350	0.00474090781063	-0.00235301651992	-0.00217983894981
11.3968391041	-67.7504833162	53.3197024423	0.00481400731951	-0.00219740811735	-0.00194220454432
11.6362388214	-67.9017755969	52.7793728682	0.0048614051193	-0.00234455871396	-0.00219057826325
11.7022544358	-67.8482488752	52.9705397314	0.00491404579952	-0.00229437882081	-0.00212045852095
11.2273408552	-67.8121991813	53.0992886381	0.00470979511738	-0.00225430959836	-0.00201357272454
-6.72580811928	-69.7720789453	46.0997180524	-0.00342296320014	-0.00432658568025	-0.00455390894786
-6.17274988121	-69.8420660526	45.8497640978	-0.00317434803583	-0.00437822844833	-0.00461464934051
-6.14131523758	-69.7606918164	46.1403863701	-0.00317791174166	-0.00429683551192	-0.0045017064549
-6.42465043628	-69.8664023977	45.7628485796	-0.00327551597729	-0.00441033858806	-0.00466329837218
-6.65480412315	-69.8295317784	45.8945293630	-0.00338044273667	-0.00438119983301	-0.00462765386328
-6.56421583147	-69.7355171401	46.2302959283	-0.00336250313558	-0.00428524659947	-0.00449360068887
-0.537099107018	-66.6806891638	57.1403958435	-0.00106191367377	-0.00146340508945	0.00040611581062
-0.558638169364	-66.8345327549	56.5909544468	-0.00105736148544	-0.00157991424203	0.000130438173073
-0.325127991	-66.7424449790	56.9198393608	-0.000930995331146	-0.00150735478383	0.000297363294521
-0.395321730085	-66.7985237900	56.7195578928	-0.000966793682892	-0.00155062472913	0.000196400811546
-8.47420049916	-66.0410911909	59.4246743181	-0.00576778827235	-0.000835925631691	0.00101323914714
-8.09274163193	-66.0864307455	59.2627473373	-0.0055399578996	-0.000877572165336	0.000988654210232
-8.33616941588	-66.1698166155	58.9649406589	-0.00560739682987	-0.000958954391535	0.00079822720727
-8.25624526601	-66.0402635254	59.4276302665	-0.00565624563023	-0.000833758967929	0.00104941928294
-8.13732394014	-66.1392623658	59.0740629795	-0.0055266614072	-0.000928537396248	0.000884068373125
0.187470942507	-68.6420469444	50.1355466271	-0.000559460604563	-0.00309808249585	-0.00270297192037
0.440963238154	-68.6761984344	50.0135770199	-0.000442136399215	-0.00312492088415	-0.00274971197359
0.660332849739	-68.6385944645	50.1478769126	-0.000342954182997	-0.003087292891	-0.00269388291053
0.456598922276	-68.5444979846	50.4839357692	-0.000439400348114	-0.0030056105461	-0.00255929958075
0.586548483261	-68.5827242624	50.3474133487	-0.00037831440568	-0.0030379712116	-0.00261369603686
-0.695369675956	-67.6007667412	53.8544044956	-0.00105371663813	-0.00220043445006	-0.00114828138612
-0.440147795671	-67.5851457981	53.9101935782	-0.000924174673855	-0.00218367879279	-0.00111946987454
-0.519480554382	-67.4633758268	54.3450863327	-0.000975246133748	-0.00208312086761	-0.000926219217945
-0.410435449796	-67.5209022956	54.1396346587	-0.00091385608539	-0.00212945975363	-0.00101681111846
0.723224078241	-67.9049064060	52.7681914070	-0.00032508285949	-0.00243737525307	-0.00160601933021
0.445120098005	-67.9182896639	52.7203940574	-0.000462141499156	-0.00245347479358	-0.00162811495829
0.356759735788	-67.9865887055	52.4764689089	-0.000503755756654	-0.00251397001557	-0.00173283438198
0.486183029974	-68.0241807578	52.3422115793	-0.000439565017587	-0.00254452321678	-0.0017888401635
1.62167128856	-68.1197955906	52.0007300336	0.000109658736619	-0.00260943430476	-0.00193067314103
1.38007279003	-68.1355233116	51.9445596015	-6.92049707141e-06	-0.00262719369493	-0.00195368612185
1.74064220132	-68.0521487483	52.2423258991	0.000169700739207	-0.00254820287228	-0.00182955549099
1.57167059228	-67.9874316351	52.4734584459	9.01849562069e-05	-0.0024946029298	-0.00173110316973
-4.14570946770	-66.9758013957	56.0864235868	-0.0030043432489	-0.00169851724058	-0.000236257954384
-3.74980345940	-66.8811216984	56.4245653628	-0.0028288140893	-0.00161943340208	-5.06355863763e-05
-3.68801953006	-67.0051351872	55.9816600457	-0.00275153829716	-0.00172398530412	-0.000262811139692
-3.90870385277	-67.0190169669	55.9320822611	-0.0028635035269	-0.00173558446113	-0.000297783088172
-3.59375858990	-66.9445935342	56.1978802349	-0.0027222619392	-0.00167320645414	-0.00015368386812
6.74409766155	-64.5853596660	64.6237154785	0.00408763438463	0.000923796265852	0.00444681104273
6.54494767984	-64.4541285701	65.0923979641	0.00403567636386	0.0010732015362	0.00477596465498
6.26812277385	-64.5475173078	64.7588667577	0.00381745398045	0.00095336191589	0.00463809818029
6.50506155556	-64.6063206637	64.5488547725	0.00393221154809	0.000891807372682	0.00445532845333
6.34338918110	-64.4751295646	65.0173944122	0.00390018569306	0.00104220351204	0.00477838516235
11.9668364750	-66.8302283003	56.6063274990	0.00552955223247	-0.00132367643528	-0.000619694648776
11.7217086585	-66.9306955119	56.2475160291	0.0053567965515	-0.00141790346242	-0.00074254500214
11.9706661535	-66.8972667066	56.3669046192	0.00549495406449	-0.00138817634434	-0.000724850804545
11.6302500505	-66.8201938830	56.6421647036	0.00537162320688	-0.0013110623695	-0.000556758837774
11.7852925462	-66.8114954258	56.6732306221	0.00545166106895	-0.00130394811276	-0.000564666057471
-8.80566159936	-68.0250120969	52.3392425109	-0.00485698971897	-0.00270545110106	-0.0022581203375
-8.68050441370	-68.0838246241	52.1291977712	-0.00477686803788	-0.00275779049844	-0.00233239098452
-8.8186089982	-68.1309891054	51.9607531949	-0.00482191285118	-0.00280602183193	-0.00241386936978
-9.10839907802	-68.0212410915	52.3527103874	-0.00499714910984	-0.00270975450985	-0.0022815768607
-9.04759587293	-68.1383424369	51.9344912969	-0.00492344656959	-0.00281919073313	-0.0024460197892
7.23630827127	-69.4940151401	47.0928030712	0.00247601093724	-0.00381074845791	-0.00405162665993
7.16415875031	-69.4192604701	47.3597840353	0.00245683640242	-0.00374147715047	-0.00394526682794
7.47553301486	-69.3771256326	47.5102655977	0.00259478297085	-0.00370252807625	-0.00390652474016
7.60636927739	-69.4937889132	47.0936110241	0.00263089709915	-0.00381098408252	-0.0040740580298
7.43019117474	-69.5130279867	47.0249000476	0.00255427486263	-0.00382849969901	-0.00408924976364
-4.04552759113	-63.8323328285	67.3130970411	-0.00441224593669	0.00165808096062	0.0069613866508
-4.50016444652	-63.9330464842	66.9534054135	-0.00472092349082	0.00151934637688	0.00659255683422
-4.49987916731	-63.8619331300	67.2073816784	-0.00475911097601	0.00161151587963	0.00676368037239
-4.27236045607	-63.9608161514	66.8542280307	-0.00453023472801	0.00148580595851	0.00658888276666
-4.30737838830	-63.8291671017	67.3244032083	-0.00462430296466	0.00165761040989	0.00689679989591
-10.4889112540	-67.5425368944	54.0623682342	-0.00584407476708	-0.00229122163728	-0.00172661873512
-10.4815855408	-67.4667045882	54.3331978993	-0.00587763916701	-0.00221894355491	-0.0016134910984
-10.9340461053	-67.5407153521	54.0688737424	-0.0060512679629	-0.00230094837025	-0.00177753693424
-10.7086739145	-67.5753101116	53.9453210299	-0.0059300926514	-0.00232813181356	-0.00180101545993
7.44995315672	-69.6533891396	46.5236102156	0.00254241051152	-0.00395869603381	-0.00428084842861
7.73369008658	-69.5949569336	46.7322966658	0.00266836606897	-0.00390521041118	-0.00421954179183
7.53165477325	-69.7095921469	46.3228851898	0.00256862444803	-0.00401104567572	-0.00436172774062
7.86064550119	-69.6278200354	46.6149284449	0.00271609728225	-0.003936230205	-0.00427220622078
7.55751198393	-69.6141960070	46.6635856892	0.00259241554886	-0.00392253883183	-0.00423446111381
9.20000019432	-65.4535823112	61.5229203171	0.00495106447488	2.7814612622e-05	0.00218074489385
9.05797729154	-65.5119734461	61.3143805495	0.0048389416188	-3.42814528267e-05	0.00209358055145
9.06452670148	-65.3942151689	61.7349458252	0.00491622602567	8.73111930559e-05	0.00231863185763
8.80116397808	-65.3941358311	61.7352291746	0.00477505708113	8.3249527961e-05	0.0023651837837
8.70496261340	-65.4484968211	61.5410827819	0.00468995142728	2.51090150414e-05	0.00227588508278
-11.7835329090	-66.6804339089	57.1413074682	-0.00694831553847	-0.00150364649016	-0.000621181563474
-11.9250317561	-66.6275925714	57.3300265307	-0.00705354427919	-0.0014571940992	-0.000566599657759
-11.5275427554	-66.6669396843	57.1895011276	-0.00683440826833	-0.00148612051271	-0.000555621809326
-11.6079851917	-66.5723606118	57.5272835292	-0.00693978788331	-0.00139933556784	-0.000423988327384
-11.4529464934	-66.0790542220	59.2890920645	-0.00724550336599	-0.000932264723815	0.000396580522647
-11.1622152799	-66.0735638601	59.3087004998	-0.00710423709825	-0.000918229401577	0.000465860852273
-11.5227185092	-66.1428586594	59.0612190735	-0.00722815049812	-0.00099471246358	0.000276930251857
-11.1116483951	-66.1920044095	58.8856985376	-0.00698406156152	-0.00102935545146	0.000278993247775
-10.9801960545	-66.1307909731	59.1043179532	-0.0069670449011	-0.000967587518971	0.000406711478718
-6.61895823252	-67.4223757711	54.4915151031	-0.00407194113359	-0.00210571754724	-0.00114704074804
-6.55429986804	-67.3118114826	54.8863875620	-0.00408692006022	-0.00200474215671	-0.000964873412158
-6.73672182082	-67.2719276455	55.0288298374	-0.00419320678338	-0.00197044108063	-0.000916010583751
-6.54482107712	-67.3680606740	54.6854975927	-0.00405853241682	-0.00205559632741	-0.00105437857565
-7.03945827143	-67.3746041760	54.6621279428	-0.00429533794522	-0.00206740875728	-0.00110697222408
-1.73704423937	-67.3933804926	54.5950696694	-0.00162058114074	-0.00203935871832	-0.000838601379655
-1.57564670779	-67.4561824054	54.3707771237	-0.00152604607865	-0.00209011905827	-0.000936025171541
-1.68333788481	-67.5302487856	54.1062543370	-0.00156974582933	-0.00215349951759	-0.00105763517786
-2.00380403581	-67.4277046827	54.4724832760	-0.00175322243012	-0.00207061227411	-0.000901754188817
-1.91029091057	-67.5153216097	54.1595656797	-0.00168886128813	-0.00214338698424	-0.00104000873398
8.84569847961	-64.7535253410	64.0231237823	0.00521421711892	0.000767452758737	0.00362830236554
9.13718290657	-64.8693638653	63.6094147667	0.00530065502971	0.0006431126385	0.00333296204917
8.86871105267	-64.8826850960	63.5618389428	0.00514066778123	0.0006271097227	0.0033641513437
9.22675006898	-64.8038483146	63.8433988766	0.0053964224644	0.000714014982805	0.00344307394698
9.05420216215	-64.7460173010	64.0499382108	0.00533842435107	0.000776333676185	0.0035966206342
-7.69849894055	-69.4214126619	47.3520976362	-0.00392115674913	-0.00401322171092	-0.00414090277627
-7.49908051454	-69.5573872808	46.8664739971	-0.00380164035596	-0.00414016889408	-0.00431309081614
-7.98856826509	-69.5143175829	47.0202943468	-0.00402178056538	-0.00411445135251	-0.00429001823068
-7.81765081050	-69.5657395592	46.8366444313	-0.00393566535786	-0.00415925029665	-0.00434767734259
-7.90569104328	-69.4500835275	47.2497016875	-0.00400280021131	-0.004048360046	-0.00419568456709
10.0082497428	-66.4214301796	58.0663207870	0.00479119690135	-0.000926051754504	0.000313759461278
10.1665985521	-66.2912236397	58.5313441439	0.00494353938848	-0.000798751716502	0.000513938313816
10.2158513731	-66.3726024941	58.2407053783	0.00492210034281	-0.000877555517945	0.000368515378796
9.76357128673	-66.3930241139	58.1677710216	0.0046844179742	-0.000900441780686	0.000394323840737
-1.10551060886	-70.1621351775	44.7066600805	-0.00100517389365	-0.00456186197698	-0.00483924569562
-1.45516845175	-70.1169371626	44.8680815621	-0.00115489505697	-0.00452493084595	-0.00478640617803
-1.36314025423	-70.2267503070	44.4758917607	-0.00110540434252	-0.00463144481182	-0.00493285246193
-1.19444828468	-70.2080830676	44.5425604727	-0.00103750673588	-0.00460922345519	-0.00490351719782
-1.22961587652	-70.1239854280	44.8429091858	-0.00106043985579	-0.00452692480758	-0.00479042995721
-2.91334825865	-67.4595207338	54.3588545222	-0.00221478519961	-0.00210554292426	-0.000984154525213
-2.99052785061	-67.5234498540	54.1305362357	-0.00223856722005	-0.00216086092405	-0.0010897545144
-2.56509851035	-67.5519824783	54.0286340062	-0.00201615225524	-0.00218120380305	-0.00111939781345
-2.78603593530	-67.5690717793	53.9676007881	-0.00212436076254	-0.00219802488573	-0.0011546027381
7.66789251480	-67.4966325490	54.2263123251	0.0031580759678	-0.00196051015519	-0.00120170449372
7.89658667820	-67.6183839231	53.7914859890	0.00322507321835	-0.00207032356411	-0.00140745472163
7.67137601820	-67.6416507782	53.7083900778	0.00311000179499	-0.00209370488301	-0.00142624496948
7.88498112805	-67.5500157425	54.0356580626	0.00324333831668	-0.00200744066387	-0.0013011774281
7.48186380534	-67.6054895498	53.8375373221	0.00303166313097	-0.00206235400401	-0.00135680730455
1.06975136095	-70.1522890333	44.7418248811	-0.000105407983938	-0.00450861314312	-0.00479421392083
1.21654665799	-70.2186930824	44.5046675629	-4.13822126575e-05	-0.00457110488787	-0.00488300807774
1.57792943737	-70.1338781246	44.8075781263	0.000103590791696	-0.00448132352903	-0.00476727122441
1.18075346733	-70.1087941731	44.8971636674	-6.17803016212e-05	-0.0044639762491	-0.00473479926586
1.40594117993	-70.1000980650	44.9282211964	3.09901952278e-05	-0.00445139734074	-0.00472208671272
-9.73785155125	-66.6861490632	57.1208962029	-0.00595948426053	-0.00146777380724	-0.00030108622741
-9.27391684342	-66.6245907261	57.3407474068	-0.00577343581244	-0.00140165351331	-0.000132546323584
-9.69775180093	-66.6168879037	57.3682574868	-0.00598440412432	-0.00140161067247	-0.000181182287633
-9.45737040362	-66.5900479367	57.4641145116	-0.00588487787172	-0.00137203326449	-0.000101188750705
-0.454117705813	-64.6246869249	64.4832609824	-0.00125902099535	0.000344136351487	0.00557746412233
-0.483601847083	-64.6930445536	64.2391265942	-0.00128346774727	0.000226352538448	0.00537849077955
-0.0561668460851	-64.7197356578	64.1438012222	-0.000891966163181	0.000177056863322	0.00531098479405
-0.296137025616	-64.7407091265	64.0688959767	-0.00111082929652	0.000141855416587	0.00524483760819
-0.0169332973298	-64.6507704348	64.3901055900	-0.000858220562804	0.00029666518094	0.0055124941282
-7.30233584760	-66.5002246346	57.7849120192	-0.00487107923254	-0.00126728671603	0.0003381993738
-7.04841388847	-66.4837940999	57.8435925005	-0.00475147971883	-0.00125194492284	0.000396881747292
-7.23121568735	-66.5723812087	57.5272099690	-0.00479290308431	-0.00133410433773	0.000217923516175
-6.87515233000	-66.5002289444	57.7848966270	-0.00465330062434	-0.0012673442252	0.000386497500585
-7.45772963171	-64.5863505588	64.6201765758	-0.00631038704887	0.000689322594553	0.00421890197322
-7.27918688409	-64.7049195405	64.1967159266	-0.0061090583913	0.00055779167451	0.00400331802666
-7.25933826264	-64.6281086703	64.4710404631	-0.00615593511611	0.000644737156108	0.00417991168797
-7.57775174712	-64.6909983985	64.2464342909	-0.00630008988082	0.000570059521124	0.00395552394912
-3.15573937635	-67.4728937020	54.3110939213	-0.0023350501433	-0.00211899005808	-0.00101540249307
-3.31652187429	-67.4174299441	54.5091787712	-0.00243160617538	-0.00207275780849	-0.000932726834435
-3.01035477191	-67.3459252501	54.7645526784	-0.00229328428395	-0.00200974056497	-0.000803621660452
-3.20995013206	-67.3502393279	54.7491452573	-0.00239518308081	-0.00201468449086	-0.000818880216684
-6.06083123344	-66.5842346657	57.4848761940	-0.00418669730425	-0.00134698790498	0.000316876452416
-6.17235637054	-66.4553594665	57.9451447626	-0.00431510573253	-0.00122937001288	0.000541612389497
-5.78889348231	-66.5031452078	57.7744814008	-0.00408775592223	-0.00127579423133	0.000489718629979
-5.84808714405	-66.5591352769	57.5745168681	-0.00408906023949	-0.00132566923276	0.000381808757083
-5.91616720574	-66.4525385878	57.9552193294	-0.00418222462758	-0.0012289758306	0.000571550161112
10.2466471154	-68.2699746962	51.4643760848	0.00408939877525	-0.00267922249623	-0.00257533905096
10.0092725254	-68.2488590809	51.5397889966	0.00398922991008	-0.00265740603209	-0.00252253422514
9.81268164879	-68.3051769650	51.3386536965	0.00388170196675	-0.00270917825401	-0.00258520594798
9.91737503691	-68.3660655634	51.1211944163	0.00390906538814	-0.00276736845262	-0.00268187792972
7.93892372634	-65.3262846935	61.9775546660	0.00434978771955	0.000135108290124	0.00264879735187
8.27900857615	-65.2751248661	62.1602683354	0.00456573767588	0.000197634348297	0.00269254879095
8.0741007619	-65.3882490373	61.7562534383	0.00438664946705	7.3623850767e-05	0.0025011736434
8.41833384037	-65.3339149303	61.9503038204	0.00460568955168	0.000138756004162	0.00255060871132
8.32213247569	-65.3882759203	61.7561574277	0.00452075339854	7.97087632236e-05	0.00245929672383
-11.5689915672	-66.8908633975	56.3897735803	-0.00670706527308	-0.00169690197799	-0.000902585044969
-11.6943787654	-66.7828947310	56.7753759606	-0.0068363007158	-0.00159777363297	-0.000760708004236
-11.2582753678	-66.8725054708	56.4553376043	-0.00657060462981	-0.00167390925344	-0.000825950643048
-11.2508609280	-66.8070954136	56.6889449514	-0.00660844286904	-0.00161227327771	-0.000724752026144
-11.4383886118	-66.7694005064	56.8235696200	-0.00672262813896	-0.00158047361765	-0.000697521551047
7.48565346677	-65.3179703967	62.0072485833	0.00410658726469	0.00013001379557	0.00274219107814
7.10448322846	-65.3466034780	61.9049875786	0.00388068123721	8.55896942085e-05	0.00274487445131
7.08863551081	-65.2752446076	62.1598406872	0.00391139043495	0.000160993586178	0.00289714941755
7.28420614727	-65.2563883672	62.2271844029	0.0040303398855	0.000188620804693	0.0029038938228
8.69813042291	-65.6602436936	60.7848439514	0.00455831224099	-0.000192126186448	0.00186871236656
9.04673322224	-65.6194797259	60.9304295503	0.00476672593504	-0.000144349425682	0.00189088610932
8.81416946604	-65.7067368571	60.6187969389	0.00459170201793	-0.000236952328123	0.00176241819281
9.01109499652	-65.7199939256	60.5714502656	0.00468707550317	-0.000246814597631	0.00170700275339
9.10294307132	-65.6712851612	60.7454101387	0.0047647007741	-0.000196059438167	0.00178407726344
-4.54597719439	-64.2734808845	65.7375682697	-0.00459090480581	0.00107500120066	0.00575020024553
-4.57130645216	-64.1628831460	66.1325601928	-0.00466042896733	0.00121953070629	0.00601500179619
-4.36850206949	-64.1930449693	66.0248393954	-0.00449767615646	0.00117930758279	0.00599570432678
-4.67601396336	-64.2179958062	65.9357292634	-0.00471032503992	0.00114806357305	0.00585165200755
-4.37354393620	-64.2635795714	65.7729301022	-0.00447097234428	0.00108618370723	0.0058202049695
-2.53953598678	-64.6729843663	64.3107701205	-0.00300825107843	0.000421964941779	0.00517249852419
-2.84807789315	-64.5718438587	64.6719862190	-0.00325987464748	0.000596552155912	0.00538717675954
-2.58816664743	-64.6081977712	64.5421508171	-0.00305697624572	0.000522467074916	0.00534089095891
-2.93251373975	-64.6423463003	64.4201917845	-0.00330700492486	0.000500964873936	0.00517994584516
-2.71441408541	-64.6910715288	64.2461731115	-0.00313542806543	0.000411965913372	0.005089643877
3.34194044226	-66.4272889367	58.0453966548	0.00126905890647	-0.00114638218656	0.000859243911691
3.05795896433	-66.4184093701	58.0771093923	0.00110695662443	-0.00115362368524	0.000883683387656
3.17346243022	-66.5317533614	57.6723094236	0.00114152848255	-0.00123929244	0.000666835810989
3.01196557447	-66.4914881745	57.8161136625	0.00105966301635	-0.00121435755864	0.000746154168155
3.70912498568	-64.8135281511	63.8088280316	0.00209944951348	0.000452278851299	0.00456642825156
4.14741917240	-64.7547122316	64.0188848872	0.00240254006349	0.000571789219975	0.00462857307866
3.79424002375	-64.7424789053	64.0625753382	0.00217486335896	0.00055371975759	0.00473188748583
4.09850833359	-64.8417424188	63.7080627899	0.00234391423874	0.000456913636299	0.00441987486556
3.9085251478	-64.8488048128	63.6828399541	0.00221941107884	0.000428678875323	0.00443806499243
4.81647028639	-66.5819441709	57.4930565325	0.00203984580003	-0.00120891130064	0.000512718572281
4.85336592537	-66.4345639806	58.0194143551	0.00211577559821	-0.00107831764035	0.000783332798164
4.59090806673	-66.4361204250	58.0138556251	0.00197080848739	-0.00109197036363	0.000793971063104
4.5865035795	-66.5520728208	57.5997399258	0.00192554248497	-0.00119264528621	0.000578593928367
4.47962187844	-66.5003566920	57.7844403856	0.00188557046931	-0.00115270877723	0.000679171702359
-10.8635166912	-66.3038784591	58.4861483603	-0.00677456241101	-0.00112913560588	0.000141886092024
-10.5393802843	-66.3716926244	58.2439549128	-0.0065643787384	-0.00118597084656	8.85195113369e-05
-10.9205795055	-66.4189557974	58.0751578665	-0.00671668723226	-0.00123953493312	-5.64551046409e-05
-11.0004724219	-66.3558521420	58.3005280644	-0.00680279405788	-0.00118172890507	3.14784738293e-05
-10.6781129751	-66.4083117583	58.1131722919	-0.00660571921617	-0.00122387090232	3.92912352254e-06
-0.754171288163	-64.1950859057	66.0175503367	-0.00153783510905	0.0011088217143	0.00669262930751
-0.250663507245	-64.2590038914	65.7892718164	-0.00107889343053	0.000997954281047	0.00655824737623
-0.483964703024	-64.1578686600	66.1504690714	-0.00129272963386	0.00117122894153	0.00679974071681
-0.50365611356	-64.2776165179	65.7227981504	-0.00130976666696	0.000964808510616	0.00650277640671
-0.668062267869	-64.2490581392	65.8247923600	-0.00145936838817	0.00101567641832	0.00656481552869
11.0129449046	-68.2110758440	51.6747291285	0.00445677759126	-0.00263124983758	-0.00256777927279
11.3848102774	-68.1311918907	51.9600289619	0.00465535838157	-0.0025599647779	-0.00249315984547
11.1783835912	-68.2224307181	51.6341760067	0.00452748918906	-0.00264415726997	-0.00260142982006
10.9879986546	-68.1536405555	51.8798551590	0.00446661142632	-0.00257632695138	-0.0024828594178
11.1591314564	-68.1240844357	51.9854127295	0.00455544935539	-0.00255025574006	-0.0024585428182
11.3696091305	-68.2008355233	51.7113017024	0.0046220831573	-0.00262617971748	-0.00259111495689
12.0045033654	-67.3753331457	54.6595244797	0.00526753533632	-0.00184664258268	-0.00145926640835
12.0310522938	-67.5144700623	54.1626069202	0.00521430559456	-0.00198004278354	-0.00167004880495
12.185364185	-67.3826731171	54.6333102959	0.0053493520245	-0.00185610342305	-0.00149367481936
11.8107993549	-67.4235289967	54.4873964403	0.00515329558402	-0.00189033930656	-0.00150687643327
11.8587365099	-67.4766625024	54.2976339201	0.00515101291239	-0.00194166239817	-0.00159223820083
-2.22611854118	-69.7539456830	46.1644797037	-0.0015196345048	-0.00418706890196	-0.00431323051453
-1.96722073603	-69.7796938516	46.0725219586	-0.00140689231921	-0.00420630536973	-0.00434074224904
-1.81598147196	-69.6830119184	46.4178145772	-0.0013538938947	-0.0041094222106	-0.00420383131132
-2.10621014822	-69.6825740350	46.4193784465	-0.00147743104026	-0.00411530258134	-0.00421162927523
-1.82399227218	-69.7404675130	46.2126160251	-0.00135074590798	-0.00416514417157	-0.00428290991113
-3.85241661086	-67.2479998835	55.1142861303	-0.00275669503026	-0.00193081260659	-0.000680371944327
-3.95965783210	-67.1428628132	55.4897756673	-0.00284701632336	-0.00184116559103	-0.000510526529979
-4.13757842572	-67.1827482390	55.3473277178	-0.00292551424354	-0.00187582359649	-0.000586742418818
-4.05541762973	-67.2336237731	55.1656293819	-0.00286591681652	-0.00191930530127	-0.000666983425617
-3.80027000434	-67.1871965257	55.3314409795	-0.00274938205257	-0.00187861768063	-0.00057669042144
-3.91284385819	-66.2959915572	58.5143158671	-0.00316699245013	-0.00112731871195	0.00102645286825
-4.30076814609	-66.3482316858	58.3277439792	-0.00336080510169	-0.00116238172632	0.000899740902241
-4.26232039346	-66.4062085259	58.1206838361	-0.0033110929653	-0.00121276127174	0.000790373829659
-3.84570705308	-66.3480155570	58.3285158677	-0.00310404505581	-0.00117258366663	0.000928334600758
-4.15658549258	-66.305806703	58.4792617750	-0.00330066168681	-0.00112948869355	0.000992007553577
-3.96189811193	-66.4094062770	58.1092632966	-0.00314127886668	-0.00122149882372	0.000802725728136
-2.16434297676	-64.7552795758	64.0168586580	-0.00270585319959	0.000262030895101	0.00500732567161
-2.04689923595	-64.8603588968	63.6415753685	-0.00259426981211	9.68928725342e-05	0.0047228615731
-1.84488151926	-64.8577159742	63.6510143778	-0.00243605021387	7.65437289374e-05	0.00475856801495
-1.97073800363	-64.7383383540	64.0773630216	-0.00255639874376	0.000266622548224	0.00508651556447
-1.76498466356	-64.7883735226	63.8986659907	-0.00238369358703	0.000168938699062	0.00497245928273
-2.14819340396	-64.8079630059	63.8287035503	-0.00268343370408	0.000183335359907	0.00485919648781
4.44240069962	-64.0605384967	66.4980767976	0.0028347671032	0.0015010505449	0.006221243646
4.05942938320	-64.1527065459	66.1689051931	0.00252233841456	0.00136558956001	0.00611551292241
4.00940820317	-64.0953967726	66.3735829549	0.00250710733235	0.0014406288974	0.00626471126452
4.17077246897	-64.0508457511	66.5326937462	0.0026429684367	0.00150558899622	0.00632314151153
4.42103085576	-64.1195762083	66.2872278276	0.00279347132891	0.00142282177694	0.00609064195305
4.28265630570	-64.1552928806	66.1596682836	0.0026810024865	0.00137080636341	0.00604683207348
3.79105107501	-67.7121875290	53.4564731108	0.00121016777121	-0.00221551349387	-0.00134155643173
3.52788115880	-67.8386231305	53.0049173912	0.0010605516145	-0.00233085569926	-0.00152994249947
3.45176639122	-67.7939551018	53.1644460649	0.00102983787656	-0.00229316786863	-0.00145956221968
3.76307185526	-67.8070452740	53.1176954500	0.00118054577615	-0.00229901401326	-0.00148732657544
3.58679861848	-67.7247817946	53.4114935907	0.00110710191075	-0.002230347367	-0.00135584874079
3.92364626488	-67.7450850464	53.3389819771	0.00126980885398	-0.00224181450903	-0.00139617873356
-6.36388158621	-64.2503885141	65.8200410211	-0.00586458155885	0.00109667319339	0.00529429828748
-5.85785321926	-64.2319577960	65.8858650141	-0.00553342886269	0.0011258617742	0.00548551185057
-5.86149284781	-64.3104904778	65.6053911506	-0.00548475654796	0.00102994858753	0.00529877608642
-6.05892953854	-64.1969372157	66.0109385154	-0.00569525547326	0.00116584193893	0.00550896162167
-6.24012110079	-64.2132931850	65.9525243394	-0.00580763025209	0.00114318809938	0.00541709549725
-6.31060110132	-64.2970767233	65.6532974168	-0.00579533819109	0.00104162597563	0.00520143983886
-6.10641614528	-64.3182698406	65.5776077122	-0.00564419850707	0.0010185285937	0.00521072512493
-4.59749618357	-69.9240309449	45.5570323398	-0.002495408291	-0.00441276235506	-0.00464032497257
-4.16557956136	-69.8390924500	45.8603841071	-0.0023277583532	-0.00431744428352	-0.00450406037271
-4.56567361381	-69.8667291732	45.7616815244	-0.00249187252484	-0.00435540406033	-0.00456062750891
-4.41197208186	-69.8398893932	45.8575378815	-0.00243163388222	-0.00432482268661	-0.00451660389081
-4.34943557092	-69.9365589250	45.5122895537	-0.00238904776052	-0.00441829534248	-0.00464554689825
-4.16699534769	-69.8984945028	45.6482339185	-0.00231860601343	-0.00437585869804	-0.00458522420377
-8.73940941560	-68.8056847533	49.5511258812	-0.00455108750612	-0.00344868353568	-0.00336873624474
-8.48133661469	-68.7261275094	49.8352588948	-0.00446220068261	-0.0033638807945	-0.00323512894101
-8.48512757442	-68.8528715265	49.3826016912	-0.00442400109023	-0.00348606565967	-0.00341349910013
-8.72208958577	-68.7313322897	49.8166703938	-0.0045673251152	-0.00337642384693	-0.00326284510083
-8.34406725682	-68.7837437570	49.6294865822	-0.00438315188512	-0.00341502786614	-0.00330484518781
10.3939307736	-67.7237400123	53.4152142417	0.00435929838568	-0.00216401973739	-0.00179300969467
10.4197549318	-67.6405495705	53.7123229626	0.00440513901412	-0.00208554649726	-0.00167156907264
11.0054186322	-67.6753485866	53.5880407622	0.00466387206689	-0.00212221220136	-0.00178701232653
10.6034352887	-67.7605538986	53.2837360764	0.0044418736361	-0.00220003514551	-0.00186961633153
10.8359203833	-67.7370644518	53.3676269580	0.00455935951322	-0.00217942753807	-0.00185978552327
10.7406180591	-67.6389100926	53.7181782407	0.00455571617931	-0.00208573648706	-0.0017035768833
-7.14157462752	-69.6833972618	46.4164383508	-0.0036192915868	-0.00425254134461	-0.00446052197367
-6.94619375465	-69.8086748560	45.9690183714	-0.00350807630457	-0.00437009893358	-0.0046182833612
-7.26663031637	-69.7426082335	46.2049705947	-0.00365865021013	-0.00431533204392	-0.00454994570464
-6.85560546297	-69.7146602177	46.3047849367	-0.00349072227255	-0.00427402975038	-0.00448402389884
-7.13879862341	-69.7855849722	46.0514822422	-0.00359468348324	-0.00435363641009	-0.00459977332503
-9.72116173994	-68.9194716192	49.1447442172	-0.00494638225064	-0.00359304156154	-0.00361462403089
-9.59808539216	-69.0565889304	48.6550395344	-0.00484825670719	-0.00372264487669	-0.00379332969896
-9.86469064445	-68.9752796993	48.9454296454	-0.0049909199588	-0.00365296099335	-0.00370532413945
-9.46624415905	-69.0046527064	48.8405260485	-0.00480717048049	-0.00366695830598	-0.0037095642183
-9.79174447906	-69.0208586493	48.7826476811	-0.00494420202449	-0.00369487702847	-0.00376162980683
3.94806079005	-68.1825801538	51.7764994506	0.00121260166634	-0.00262858485803	-0.00205842382275
4.41463770327	-68.0802215896	52.1420657513	0.0014491523616	-0.00253042136319	-0.00191994337365
4.16963751604	-68.2019035143	51.7074874491	0.00131414073985	-0.00264277379028	-0.002093157731
4.18817723321	-68.0809786390	52.1393620036	0.00134150602389	-0.00253438483924	-0.00191407476086
4.49075247085	-68.1248896183	51.9825370776	0.0014776455937	-0.00256932154298	-0.00198894296773
4.34417636820	-68.1732638964	51.8097717987	0.00140064011794	-0.0026146993041	-0.00205602427013
-4.13181730680	-64.8701319527	63.6066715976	-0.0040533579886	0.000289797986625	0.0043331249617
-3.80409769386	-64.8135837635	63.8086294162	-0.00386163312942	0.00033798039658	0.00454577384517
-4.19806207205	-64.8023337154	63.8488081593	-0.00412643002346	0.000378346856451	0.00449533574283
-4.00968643012	-64.7651440688	63.9816283257	-0.00401787087321	0.000413938396377	0.0046309530735
5.74392444010	-64.7560656427	64.0140512760	0.00339896650985	0.000682538317051	0.00428928108886
5.33297673679	-64.8454424989	63.6948482181	0.00311057898216	0.00055229885038	0.00416812906042
5.34517349590	-64.7748231904	63.9470600343	0.00314784306102	0.000637536402792	0.00433029374108
5.56423292589	-64.8429532958	63.7037382295	0.00325147295371	0.000569602940232	0.00412746565416
5.71806403641	-64.8154145933	63.8020907384	0.00335646187887	0.00061089952942	0.00415937788785
-10.2536350588	-66.7354280525	56.9448998124	-0.00617660628632	-0.00152437749784	-0.000457286718301
-10.4438669711	-66.6926047951	57.0978400175	-0.00629556970671	-0.00148789084051	-0.000417708331952
-10.7490234128	-66.7707729099	56.8186681789	-0.00639160070568	-0.00156797445379	-0.000589130155277
-10.5747546631	-66.7979222810	56.7217061394	-0.00629102485254	-0.00158992782235	-0.000605129636824
-10.6895530277	-66.7138671137	57.0219031653	-0.00639981497079	-0.00151310081128	-0.000490040867589
7.12374452711	-67.8068580662	53.1183640494	0.00279780686833	-0.00225022318773	-0.00164013472386
7.43570152004	-67.7215486799	53.4230404288	0.00297191366553	-0.00216919602826	-0.00153156905435
6.96309395874	-67.7427945012	53.3471624956	0.00274073937908	-0.00219336361624	-0.00153229455464
7.06385758852	-67.6809982734	53.5678633093	0.00280764489435	-0.00213589961641	-0.00144424522296
7.24618930718	-67.6853874515	53.5521876731	0.00289325625636	-0.00213794317096	-0.00146319263149
9.23207331500	-67.4863363423	54.2630844918	0.00390850286931	-0.00193980801851	-0.00131878315005
9.37080019055	-67.5719201383	53.9574280776	0.00394031265751	-0.00201954948716	-0.00146282429341
8.88550923293	-67.5665153567	53.9767308688	0.00371309975162	-0.00201595434919	-0.00140993646346
9.46639862582	-67.5210033127	54.1392738833	0.004005625844	-0.00197168928571	-0.00139431271236
9.12692053202	-67.6012483973	53.8526842952	0.00381394336	-0.00204751268029	-0.00148475740571
8.99794429105	-67.5119697448	54.1715366257	0.00378733570687	-0.00196462939493	-0.00133642740548
7.97651410873	-64.9268086653	63.4042547667	0.00460975756869	0.000566631846596	0.00346019049175
8.48590477101	-64.9688765339	63.2540123788	0.0048699635081	0.000529468932655	0.00327051011845
8.38980616684	-65.0383843655	63.0057701233	0.00477254716679	0.000452787935501	0.00314906891435
7.99240100478	-64.9953455249	63.1594802682	0.00457710539922	0.000491850601975	0.00331556354649
8.12539461447	-65.0438376918	62.9862939578	0.0046219616197	0.000441909971414	0.00318987597711
7.25198737617	-64.3537849137	65.4507681654	0.00452612387016	0.00120772968512	0.00482205534354
7.74858310253	-64.4078576215	65.2576513518	0.00479532359168	0.00114961538929	0.00459075206891
7.46368570377	-64.3199799456	65.5715001943	0.00467592850327	0.00125055282842	0.00484248297289
7.54042881452	-64.4383101967	65.1488921546	0.00465112691745	0.00111207703594	0.00457619130611
7.633353169	-64.3456946629	65.4796619182	0.00476387655362	0.0012215123279	0.00474799750373
-6.58713247246	-66.2164704843	58.7983196988	-0.00467266142368	-0.00100542814471	0.000945322273765
-6.73013778391	-66.1100842077	59.1782706868	-0.00481432676315	-0.000903975742403	0.00113239174243
-6.50619468026	-66.1530433528	59.0248451687	-0.00466897524893	-0.000946809537709	0.00107657827903
-6.89191477961	-66.1729653152	58.9536953028	-0.00485972408205	-0.000962096266448	0.000991467502899
-6.76914572970	-66.2107105624	58.8188908486	-0.0047717965208	-0.000998521456495	0.000934709561989
2.25312610043	-66.1962431608	58.8705601401	0.00068379699951	-0.00102611852344	0.00133617722895
2.25875853337	-66.2705590841	58.6051461284	0.000668559572659	-0.00108124618419	0.00118692778051
2.00970602977	-66.1604255980	58.9984800070	0.000540100852959	-0.00101434846874	0.0014122093562
2.06281407950	-66.3114827265	58.4589902627	0.000538712251	-0.00112207257189	0.0011083597783
1.86386657179	-66.2690947171	58.6103760102	0.000424520374509	-0.00110103364568	0.00119413784705
4.99710651638	-63.9884953571	66.7553737245	0.00326541927643	0.00160895707086	0.00621678074822
4.75460618032	-63.9459118502	66.9074576779	0.00311916600913	0.00165853521321	0.00638847658411
4.38823722691	-64.0104721073	66.6768853311	0.00281960237771	0.00156528234947	0.00635300576687
4.63849561370	-64.0792025645	66.4314194125	0.002965092659	0.00148238509428	0.00612012343481
4.53750168946	-63.9713192400	66.8167169998	0.00294795329683	0.00162036262918	0.00639787642285
-4.14068773318	-65.8129208089	60.2395685395	-0.00355381169356	-0.000700924894772	0.00202073552646
-4.53769673836	-65.9381157127	59.7924438830	-0.00371395540424	-0.000795963744167	0.001715223887
-4.08459395354	-65.9326446136	59.8119835230	-0.00345412618481	-0.000810103141703	0.00176359922625
-4.61523998800	-65.8665995046	60.0478589122	-0.00379957188852	-0.000727789883967	0.00186150416266
-3.97114677175	-65.8787850384	60.0043391487	-0.00341685861349	-0.000768087105826	0.00188905245159
-4.27643936688	-65.9414642953	59.7804846596	-0.00356121128425	-0.000809611170553	0.00172978022601
1.72360015962	-63.6592142525	67.9313776695	0.000762085663155	0.0019825482741	0.00783487781882
2.12312665543	-63.7515958750	67.6014433035	0.001096281223	0.00186014012434	0.0075447242707
1.95373739825	-63.6349005159	68.0182124432	0.000977385556325	0.00202002585866	0.00785185955465
2.21810394468	-63.7014086813	67.780683281	0.00119417661335	0.00193211541045	0.00764391897246
2.15996680967	-63.6481602582	67.9708562207	0.00115897890646	0.00200478755869	0.00778105854988
-1.86553958018	-67.2959645743	54.9429836633	-0.00170587620232	-0.00195961771533	-0.00068279838888
-2.29197031072	-67.2768495244	55.0112516984	-0.00193490844686	-0.00194697675761	-0.000664125254843
-2.13229937661	-67.3302887645	54.8203972698	-0.00183952378575	-0.001990289893	-0.000746999343392
-2.19157754644	-67.2306521134	55.1762424522	-0.00189198367298	-0.00190799846314	-0.000584414228797
-1.96465149293	-67.2334740152	55.1661642315	-0.00177072966471	-0.00190878845751	-0.000582278706133
-4.45239161689	-64.3799298445	65.3573934125	-0.00447752699256	0.000934287963901	0.00551052298397
-4.65313091614	-64.3817155238	65.3510159864	-0.00461728964001	0.000935593561735	0.00545435678214
-4.71282732008	-64.2715284728	65.7445411685	-0.00471101561561	0.00107888539787	0.00571043929085
-4.41035729293	-64.3171122380	65.5817420072	-0.00447461707518	0.00101609772537	0.00567780248821
-4.73901186743	-64.3235696309	65.5586798895	-0.00470467377454	0.00101186230313	0.00557550275698
1.19780501278	-69.5488281073	46.8970424740	-7.94363440946e-05	-0.00392393115908	-0.0039710351266
1.46645700215	-69.5448398246	46.9112863407	3.50285808963e-05	-0.00391578860581	-0.00396481435746
1.20484410624	-69.4406329517	47.2834537439	-8.00844209152e-05	-0.0038212700747	-0.00382171245292
1.54558386517	-69.4818395719	47.1362872432	6.71803354635e-05	-0.00385481887497	-0.00387788424268
1.38393081313	-69.4434311441	47.2734601995	-3.09117626784e-06	-0.00382104911841	-0.00382507196628
-5.15568355376	-69.9895978184	45.3228649341	-0.00271812849678	-0.00449360208586	-0.00475789513439
-4.93158690280	-70.0329522979	45.1680275075	-0.00261658942327	-0.00453010573983	-0.00480519654229
-4.79877710952	-69.9030520861	45.6319568355	-0.00258371350355	-0.00439769076183	-0.00462168408558
-4.58253906662	-69.9728818379	45.3825648648	-0.00248078466393	-0.00446061696857	-0.0047061285004
-4.72337150441	-70.0124966899	45.2410832505	-0.00253302161582	-0.00450382381678	-0.00476692477241
-1.80629949792	-68.1149249657	52.0181251226	-0.00154272827785	-0.00265955901705	-0.00196554348804
-2.24618351491	-68.0584179279	52.2199359719	-0.00176314159762	-0.00261637265794	-0.00189348135609
-2.16428056356	-67.9793217439	52.5024223433	-0.00173650379293	-0.00254572392441	-0.0017709902022
-1.72387250096	-68.0476516280	52.2583870428	-0.00151239195839	-0.00259917369112	-0.00186187098734
-1.87920632808	-67.9838539739	52.4862358076	-0.00159703986719	-0.00254560960457	-0.00176941487007
9.49918671923	-64.9784333093	63.2198810383	0.00542768649757	0.00052781222621	0.00304112094454
9.93438463218	-65.0612837358	62.9239866578	0.00560971116647	0.000440974807134	0.00278970226645
9.73983419384	-64.9656604102	63.2654985350	0.00557014439255	0.000541647779755	0.00301454821602
9.69143239028	-65.0765637837	62.8694150583	0.00546567840502	0.00042467462481	0.00281096366234
9.89463900642	-65.0057424662	63.1223483349	0.00562732480466	0.000499293848407	0.00290429987945
-6.36514643036	-67.0553946028	55.8021621328	-0.00410749949515	-0.00177162501495	-0.000528316304553
-6.73222821689	-67.0102115668	55.9635301187	-0.00431138882414	-0.00173289619852	-0.000485325290356
-6.48006450568	-67.1093204914	55.6095696735	-0.00413984525949	-0.00182098802179	-0.000627907866146
-6.65738894321	-67.1270484354	55.5462555880	-0.0042193736881	-0.00183832412586	-0.000672665715683
-6.83610028392	-67.0774284935	55.7234696661	-0.00433066487312	-0.00179467583075	-0.000606769695878
-1.78051739578	-67.6980219461	53.5070644784	-0.00159224087838	-0.00229710736312	-0.00132558087353
-2.17875098177	-67.6290238427	53.7534862761	-0.00180494342931	-0.0022428734228	-0.00122875347733
-1.76193214959	-67.6274939781	53.7589500783	-0.0015941321617	-0.00223673833534	-0.00121415732428
-2.02189738618	-67.7261865191	53.4064767176	-0.00170871336013	-0.00232424843125	-0.00137653027195
-1.98888517535	-67.6125668021	53.8122614209	-0.00171178847086	-0.0022266888991	-0.00119699025527
-2.19458931537	-67.6767136429	53.5831655610	-0.00180409743916	-0.00228387163952	-0.00130433822051
10.5390749378	-67.2737559055	55.0223003374	0.00462063960731	-0.00173890462611	-0.00112736027222
10.3051703855	-67.1755943302	55.3728773922	0.00455407705158	-0.00164555665106	-0.000948471715674
10.6643068027	-67.1683193099	55.3988596073	0.00472949212417	-0.00163914589211	-0.000978590687737
10.3369165952	-67.2503980046	55.1057214121	0.00453490344808	-0.00171642226633	-0.00106842711102
10.6673886660	-67.2302460000	55.1776928571	0.00470189051703	-0.00169797393028	-0.00107493705582
-6.94747346573	-69.3447695823	47.6258229205	-0.00361669645645	-0.00391429243609	-0.00398213788867
-7.38965872865	-69.2436112822	47.9871025635	-0.00383362756111	-0.00382966594771	-0.00387311517261
-7.42549202254	-69.3214036789	47.7092725752	-0.00382907618769	-0.00390651728958	-0.00398326478899
-7.12974982780	-69.2348899601	48.0182501425	-0.00372307002544	-0.00381315452978	-0.00384261691943
-6.94504789721	-69.2849661841	47.8394064854	-0.00363037246279	-0.00385610247031	-0.00389925390482
-5.17965015844	-66.3432198034	58.3456435591	-0.00384781882167	-0.00114055804443	0.000843448389787
-4.79245266390	-66.3166567827	58.4405114903	-0.00365002220497	-0.00112444255501	0.000925858796109
-5.25573271181	-66.2506970628	58.6760819186	-0.00393975665793	-0.00105639197864	0.00101603439543
-5.29579894362	-66.2998237463	58.5006294776	-0.0039344439283	-0.00109973701183	0.000917064608075
-4.87035235682	-66.2675445323	58.6159123847	-0.00371902692132	-0.00107952626422	0.00101556221489
-4.94459543346	-66.3422157156	58.3492295873	-0.00372019247152	-0.00114391488023	0.000864540576003
-5.06139496670	-66.2446779436	58.6975787727	-0.00383665924892	-0.00105503224768	0.00104466779158
-8.41736772832	-64.9074966766	63.4732261549	-0.00661710416898	0.000319939805195	0.00327313761227
-7.94193943722	-65.0194226010	63.0734907109	-0.00625336449593	0.000206127151614	0.0031538142357
-7.86043381659	-64.9584523678	63.2912415437	-0.00625476520509	0.000272643694188	0.00330333015881
-8.04405452060	-64.9028699657	63.4897501226	-0.00640532141551	0.000330773676978	0.0033768597059
-8.20804119940	-65.0189615987	63.0751371476	-0.00640543177724	0.00020369811682	0.00309128430672
9.74655373199	-65.9778464444	59.6505484128	0.00491353170946	-0.000494586769491	0.00112270889804
9.98463213553	-65.8381405436	60.1494980586	0.00512096658349	-0.000353642768459	0.00133644440211
9.72300122235	-65.8433325498	60.1309551795	0.00498265912756	-0.000361102254828	0.00136847910471
10.1390446005	-65.9235593260	59.8444309787	0.00514766480774	-0.00043762876885	0.00115925527643
10.0333336097	-65.9923365564	59.5987980130	0.00505162868649	-0.000506474461872	0.00105364667252
7.38432811345	-65.9131765762	59.8815122277	0.00372169376351	-0.000482003233628	0.0015640584752
7.48868982934	-65.7991471543	60.2887601632	0.00383872841485	-0.000365188199794	0.00177286332473
7.23595116169	-65.7983746340	60.2915191642	0.00370434229262	-0.000373508461053	0.00180673610885
7.19117169298	-65.8959843159	59.9429131576	0.00362826953642	-0.000471994106192	0.00162065180484
7.10573250322	-65.8426950090	60.1332321108	0.00361099466681	-0.00042256739107	0.00173540005926
7.48772832663	-65.8662684274	60.0490413306	0.0038017143961	-0.000432060827734	0.00164217548445
8.85642535953	-65.9423693258	59.7772524079	0.00447583897039	-0.000472028594231	0.00131616706494
8.56945521415	-65.9365301435	59.7981066305	0.00433031655848	-0.000471970328363	0.00136673136149
8.49612143366	-65.8161035926	60.2282014549	0.00436084764078	-0.000353636569344	0.00160274468362
8.70832278067	-65.8091723366	60.2529559406	0.00447587901726	-0.000342144077877	0.00158514594659
8.90524831115	-65.8224294052	60.2056092673	0.00457089114934	-0.000351642607711	0.00153139897157
8.41030522889	-65.8735815422	60.0229230636	0.00428308639675	-0.000413006695453	0.00150638946798
-11.3971987532	-67.9607158071	52.5688721174	-0.00606646575034	-0.00272046937607	-0.0024389878381
-11.6868998209	-67.8405117610	52.9981722820	-0.00625354796648	-0.00261317635886	-0.00230204383843
-11.6400492574	-67.9567306671	52.5831047603	-0.00617860211059	-0.00272498838603	-0.00246204528958
-11.4448518921	-67.8484151565	52.9699458698	-0.00613942276686	-0.00261287298054	-0.00228414684534
-11.7260908212	-67.9088070302	52.7542606066	-0.00623965123668	-0.00268119177781	-0.00240419758484
10.6330447838	-68.2328519942	51.5969571634	0.00427699740976	-0.00264768325724	-0.00256005651318
10.6080985337	-68.1754167057	51.8020831939	0.00428618537262	-0.00259296316653	-0.00247511989437
10.1844640251	-68.1953523128	51.7308845972	0.00408690748736	-0.00260817050003	-0.00246216543019
10.3996197817	-68.1475724228	51.9015270616	0.0042014461942	-0.00256470916793	-0.0024142365437
10.1726849409	-67.9942827257	52.4489902654	0.00415322510526	-0.00241821911186	-0.00216941442341
9.66510648147	-68.0194702362	52.3590348705	0.00391124561429	-0.00243950076401	-0.00215793401003
9.95279836883	-67.9691077908	52.5389007473	0.00406141160056	-0.00239331321791	-0.00211125123315
9.93224924769	-68.1048168080	52.0542256859	0.00400364212692	-0.00252105947584	-0.00230725505389
10.1474050043	-68.0570369179	52.2248681503	0.0041188611649	-0.00247729057446	-0.00225840765052
-2.72756731544	-68.1282287389	51.9706116467	-0.00198198994622	-0.00268536643125	-0.00201493129134
-2.82708698676	-68.2447128544	51.5545969487	-0.00200797175057	-0.00279080541804	-0.0021924902685
-3.06969772721	-68.1303901229	51.9628924184	-0.00214476906694	-0.00269253924489	-0.00203107437119
-3.10286326005	-68.2481242154	51.5424135166	-0.00213741371408	-0.00279835495166	-0.00220807478763
-2.72427213811	-68.1973169785	51.7238679338	-0.00196787412278	-0.00274680391885	-0.00211818050593
-9.31889724774	-65.1195383701	62.7159343926	-0.00694470433518	7.73049614509e-05	0.00261674658395
-8.94924135355	-65.2134741710	62.3804493893	-0.00666004465893	-1.23395020637e-05	0.00251804222353
-9.10400325150	-65.1156025149	62.7299910184	-0.00682869181037	8.631451783e-05	0.00267698219977
-8.93581247313	-65.1465115388	62.6196016471	-0.0067088752985	5.75131671212e-05	0.00265540881082
-9.20023841525	-65.2230807901	62.3461400352	-0.00679000746459	-2.71616609098e-05	0.00244040694088
1.95412399249	-67.4208465336	54.4969766658	0.000317659490975	-0.00200403016061	-0.00084846286336
2.20014662649	-67.4954000907	54.2307139617	0.000437961134594	-0.00206147809513	-0.000970465713181
1.65974594371	-67.5286834245	54.1118449125	0.000157041911734	-0.00210045929998	-0.00101935467683
2.11160145542	-67.4481079813	54.3996143524	0.000396912160795	-0.00202353298664	-0.000893773161806
1.7499480818	-67.4549676524	54.3751155270	0.00020870854496	-0.00203682412393	-0.000901945109945
2.62066428896	-65.8888410967	59.9684246545	0.00100912083872	-0.000767978723161	0.00198047119193
2.96223746690	-65.8679402584	60.0430705056	0.00123284955043	-0.000721366668586	0.00201648217626
2.97562904062	-65.7400091207	60.4999674260	0.00129054510035	-0.000615400495008	0.0023053814657
2.62974762428	-65.7488984894	60.4682196808	0.00106511614285	-0.000657917873468	0.0022976633627
4.84852631541	-66.0109927835	59.5321686302	0.00229150569066	-0.000700627919286	0.00161312287673
5.16274975803	-66.1384939096	59.0768074656	0.00241032778285	-0.000798326567747	0.00133474078029
5.31960623626	-66.0529085010	59.3824696393	0.00253597996198	-0.000711002561729	0.00149377982598
4.70159736753	-66.0811587849	59.2815757681	0.00217742333189	-0.000773281790316	0.00148000335321
3.78550489097	-66.6533427704	57.2380615343	0.0014509644825	-0.00131274969317	0.000425445119618
3.33208674924	-66.6327294888	57.3116803970	0.00120365899056	-0.00131457718089	0.000476441055071
3.7012545139	-66.7188158537	57.0042290938	0.00138523138594	-0.00137085758615	0.000310037430609
5.14280613933	-66.7358558635	56.9433719162	0.00215891562402	-0.00133122806437	0.000219546229346
5.25049432827	-66.6598156701	57.2149440353	0.00224397191778	-0.00126031634863	0.000349054811522
4.70365025281	-66.6351258795	57.3031218591	0.00195962167345	-0.00125974731054	0.000421626726165
5.89315402679	-66.3996958349	58.1439434466	0.00269203702919	-0.00100191368256	0.000782385526691
5.44560655071	-66.2834345168	58.5591624400	0.00250176154077	-0.000915648997761	0.00103323510848
5.29061135049	-66.3644260049	58.2699071254	0.00238281022757	-0.000995933194645	0.000889614748303
5.65755907339	-66.4384658197	58.0054792155	0.00254953256808	-0.00104671216104	0.000727093603928
6.02844252088	-65.9365737858	59.7979507651	0.00298128463328	-0.000562924833503	0.00166606111452
5.91333287551	-66.0146286233	59.5191834882	0.00288036093116	-0.000643309904262	0.00152073649224
6.44303264415	-65.9786805722	59.6475693851	0.00318511482328	-0.000583541346714	0.00154110742733
6.33323396507	-66.0365968658	59.4407254794	0.00309717142954	-0.000644140294753	0.00143821793608
10.9207757487	-65.5868053025	61.0471239198	0.0057708080858	-9.94786969386e-05	0.00162552238908
10.8198755838	-65.4226408974	61.6334253663	0.00583157222718	6.67919812258e-05	0.00193950813264
11.0744340008	-65.5395715010	61.2158160680	0.00588399311528	-5.26180738234e-05	0.00168087752536
10.6542120775	-65.4967915010	61.3686017822	0.00569251459092	-7.96110907686e-06	0.0018368930323
10.7071964383	-65.5704368446	61.1055826978	0.00567012699321	-8.24929593364e-05	0.00169417634606
4.72879713440	-66.9893527720	56.0380258142	0.00185701053124	-0.00156599457841	-0.000200741676963
4.58192994138	-67.0707559578	55.7473001508	0.00175647705328	-0.00164086883888	-0.000332469731802
4.11594201232	-67.0307347216	55.8902331373	0.00152318447363	-0.00162011361681	-0.000247421412496
4.18276782849	-66.9790403241	56.0748559854	0.0015724922996	-0.00157390220556	-0.0001616619993
4.31526924295	-66.9375413987	56.2230664331	0.00165446044412	-0.00153419445269	-9.53113849391e-05
8.05837086066	-67.9688322024	52.5398849916	0.00318646500818	-0.00239283149131	-0.00194873590954
7.80917595213	-67.9902662273	52.4633349023	0.00306414742954	-0.00241378275678	-0.00196225312538
7.78397849381	-68.0491128392	52.2531684315	0.00303496024571	-0.00246824114583	-0.00204758066684
8.20837022993	-68.0631065914	52.2031907451	0.00322684179991	-0.00247966428287	-0.00209942692891
7.97558816305	-68.0771339133	52.1530931667	0.00311523256823	-0.00249338080175	-0.00210272963159
-3.10308952967	-66.0724734615	59.3125947805	-0.0027969381772	-0.000970455468632	0.00152528495528
-3.58367081397	-65.9971969213	59.5814395666	-0.00312337605283	-0.000888062873855	0.00165909726638
-3.16379284143	-65.9421007938	59.7782114507	-0.0028968185652	-0.000862627988681	0.001801897306
-3.33257002274	-66.0812113049	59.2813881968	-0.00293127098121	-0.000968232692685	0.00149545958266
-3.47022363218	-65.9433373462	59.7737951923	-0.00308286515065	-0.000848265131935	0.00178199447691
-3.49575358413	-66.0558016356	59.3721370157	-0.00304128695279	-0.000940721132793	0.00153994129505
6.15644824223	-69.8421133513	45.8495951738	0.0019905960653	-0.00413786061108	-0.00446608476341
6.38676377942	-69.8151885627	45.9457551333	0.00208710739389	-0.00411127647385	-0.0044406899251
5.87839021770	-69.7219797263	46.2786438347	0.00188571598846	-0.00402760040015	-0.00429148599505
6.29368883276	-69.7048087182	46.3399688637	0.00205884105526	-0.00400886964053	-0.00428712368011
6.41193048024	-69.7548085536	46.1613980228	0.00210287887603	-0.00405480386689	-0.0043604793027
6.11067681757	-69.6796527159	46.4298117288	0.00198547239415	-0.00398654211313	-0.00424443464726
4.15554418665	-67.6103223686	53.8202772551	0.00140975648537	-0.0021195448935	-0.00119319697842
3.87002784888	-67.6070640726	53.8319140264	0.00126818974968	-0.00212239497341	-0.00117956160102
3.71493630743	-67.6675195003	53.6160017845	0.00118014914915	-0.00217803684063	-0.00127000722568
4.05178395382	-67.6878227521	53.5434901710	0.00134335074108	-0.00218930304982	-0.00131109438371
-0.495024853058	-68.4835196944	50.7017153770	-0.000883825705387	-0.00296634924598	-0.0024822934065
-0.734808601551	-68.3586530945	51.1476675197	-0.00100581313018	-0.00285856053233	-0.00230344687589
-0.381627728164	-68.4099090335	50.9646105948	-0.00083611177979	-0.00289854337461	-0.00237282598391
-0.838753827604	-68.4216752790	50.9225882892	-0.00104911008384	-0.00291656353511	-0.00239799334668
1.28846055788	-63.6795622368	67.8587062973	0.000359568191925	0.00194636546075	0.00785150472075
1.67566077362	-63.6037652616	68.1294097800	0.000732210406568	0.0020592182409	0.00797345582396
1.20874633154	-63.6232876242	68.0596870564	0.000295890378766	0.00202496978454	0.00799416936934
-5.85345770694	-67.0437035138	55.8439160222	-0.0038563257549	-0.00175885634962	-0.000466637429781
-5.73489973816	-66.9740854408	56.0925519970	-0.00382752344012	-0.00169652921613	-0.000339426129358
-5.32005296235	-67.0285898227	55.8978934904	-0.00359229464084	-0.00174411840271	-0.000401055964176
-5.47082115524	-67.1149742754	55.5893775879	-0.00363245559856	-0.00182082678657	-0.000557357212529
0.795409145921	-64.6246684427	64.4833269903	-0.000120543845696	0.000381857185857	0.00555268768221
0.581475753706	-64.6304345852	64.4627336241	-0.000312561809551	0.000356453005224	0.00555200828239
0.426574098847	-64.6002518740	64.5705290216	-0.000453750806628	0.000400705495849	0.00564602948725
0.477065544542	-64.5376345107	64.7941624620	-0.00040921807522	0.000515100429766	0.00581787200645
0.683034425327	-64.5235538538	64.8444505220	-0.000223339404329	0.000551888952032	0.00584297021851
-8.16082555908	-68.3085420300	51.3266356071	-0.00445783883333	-0.00295663345605	-0.00261266157031
-7.97872272021	-68.2390380479	51.5748641148	-0.00439938623458	-0.00288635166362	-0.00249653635547
-8.36496537140	-68.1644197491	51.8413580389	-0.00460240244865	-0.00282578845508	-0.00242134416476
-8.50306995590	-68.2115842305	51.6729134625	-0.00464802887291	-0.00287394574843	-0.00250212918036
-10.6777965297	-68.5003465228	50.6416195614	-0.00551845738664	-0.00321968342178	-0.00312334322371
-10.6470744963	-68.6416434617	50.1369876369	-0.00545167177916	-0.00335633661598	-0.0033179409802
-10.8416752869	-68.5447495229	50.4830374181	-0.00557444756851	-0.00326912454329	-0.00320269307122
-10.4419605241	-68.5884652012	50.3269099957	-0.00538033246994	-0.00329679739662	-0.00322270998731
-10.7979996968	-68.5942523233	50.3062417025	-0.00553627964109	-0.00331580592319	-0.00326734595001
-5.43417416158	-67.6382675197	53.7204731439	-0.00341611425392	-0.00228624907322	-0.00139992288314
-5.58533795673	-67.7194267473	53.4306187595	-0.00346147012897	-0.00236111646518	-0.0015361988917
-6.05458847393	-67.6844120379	53.5556712932	-0.0036990060471	-0.00233594584279	-0.0015145088546
-5.98537273370	-67.6248222739	53.7684918790	-0.00368729839101	-0.00228109559976	-0.00141688331496
-4.92728902508	-67.9708447619	52.5326972788	-0.00306815071963	-0.00257809599862	-0.00188034120947
-5.26342651254	-67.8449543584	52.9823058630	-0.00326619367115	-0.00246967864223	-0.0017087624874
-5.49239474039	-67.9280484786	52.6855411477	-0.00334924948402	-0.0025482524652	-0.00184980849735
-4.83243363774	-67.8944075899	52.8056871788	-0.00304502667859	-0.0025079078041	-0.00175864971243
-6.22426601536	-68.0711572219	52.1744384933	-0.00364787178114	-0.00269162585028	-0.00211394298822
-6.14851728384	-67.9884098463	52.4699648346	-0.00363930198364	-0.00261430535465	-0.00198479485698
-6.50749592314	-67.9756187208	52.5156474257	-0.00381172099151	-0.00260909437202	-0.00199132366106
-4.59007591751	-66.9272104928	56.2599625257	-0.00325701455586	-0.00165591936093	-0.000178403832251
-4.74243439719	-67.0101312407	55.9638169974	-0.00330284563825	-0.00172755634412	-0.000330669892719
-4.19201925743	-67.0466525180	55.8333838643	-0.00300229014829	-0.00175907870289	-0.000360233243555
-4.36993985106	-67.0865379438	55.6909359149	-0.00308019970544	-0.00179347966332	-0.000438023213064
-4.95802006889	-67.3947175118	54.5902946006	-0.00326708727516	-0.00206492538564	-0.000982509925961
-4.84711118560	-67.3154265994	54.8734764308	-0.00323995901272	-0.00199438887648	-0.000846875831485
-5.24712003396	-67.2572871951	55.0811171604	-0.00346258864738	-0.00194559898227	-0.000777528446633
-5.38648169459	-67.3314033201	54.8164167140	-0.00350370351225	-0.00201214663684	-0.000908002315555
3.36780961866	-64.7653054967	63.9810517974	0.00188311026432	0.000477211753605	0.00475778849795
3.41802462892	-64.6191043615	64.5031987090	0.00194897467736	0.000681966368575	0.00512754358351
3.45292465673	-64.6942562509	64.2347991040	0.00195704353973	0.000582543259952	0.00492608267814
3.03040400183	-64.6897802064	64.2507849772	0.00166410487145	0.000541294924915	0.00502365687862
3.14582397015	-64.6212297010	64.4956082108	0.00175762153231	0.000651066598948	0.0051802364178
3.10856394514	-64.7520555258	64.0283731222	0.0017075475771	0.000464200245915	0.00484282197431
-6.46714623674	-69.4337470613	47.3080462098	-0.00338851567358	-0.00398631906137	-0.00407328782603
-6.72305097431	-69.4666845836	47.1904122015	-0.00349089805968	-0.00402623275295	-0.00413526920602
-6.70632567415	-69.3305516711	47.6766011746	-0.00351592642255	-0.00389314605854	-0.00394631037489
-3.61327535619	-69.4038156009	47.4149442823	-0.0021634127479	-0.00388146494515	-0.0038809068501
-3.60140525644	-69.3219858104	47.7071935342	-0.00217173853889	-0.00380294350907	-0.00376671971753
-3.20466526726	-69.3280087693	47.6856829668	-0.00199838681147	-0.00379961566068	-0.00375912711024
-3.23561011490	-69.4065151341	47.4053030925	-0.00199968577363	-0.00387526769191	-0.00386941269971
-7.39137346665	-67.9232867295	52.7025473948	-0.00424277968705	-0.00257787946612	-0.0019820141606
-7.88528676315	-67.9605936977	52.5693082226	-0.00445802882314	-0.00262304930948	-0.0020796097815
-7.60973318252	-67.8917080538	52.8153283794	-0.0043562608771	-0.00255301850848	-0.00195311871357
-7.47555399584	-67.9758883238	52.5146845579	-0.00426252139732	-0.0026284630876	-0.00206751399674
-7.80297451406	-67.9036439986	52.7727000050	-0.0044415500015	-0.00256815669127	-0.00198764307424
-10.2677701092	-67.6529161873	53.6681564738	-0.00568941701204	-0.00239060563035	-0.00186360289808
-10.2629554610	-67.5075009668	54.1874965473	-0.00575604941696	-0.0022523230873	-0.00164798449259
-10.4900438347	-67.6161064902	53.7996196779	-0.00580944260582	-0.00236135022715	-0.00183510489296
-7.89283806593	-66.4732765097	57.8811553226	-0.00518547743559	-0.00124412146397	0.000314051809255
-7.30700867720	-66.4385969322	58.0050109564	-0.00491026882082	-0.00120991305448	0.000448387407232
-7.48981047608	-66.5271840410	57.6886284249	-0.00494996644557	-0.0012927998323	0.000268131669145
-7.83328900394	-66.4154016433	58.0878512740	-0.0051914351061	-0.00118946819566	0.000424649741035
-7.67466834140	-66.3730204179	58.2392127933	-0.00513762282208	-0.00114904192742	0.000521271838807
-6.48144596839	-69.5100765755	47.0354408017	-0.00337725644931	-0.00406121881679	-0.00417932961136
-5.99953866593	-69.5235669059	46.9872610502	-0.00316772586666	-0.00405999273062	-0.00416804943234
-5.94832571049	-69.4339814152	47.3072092314	-0.00316514936276	-0.00397132476792	-0.00404148781672
-3.26564200764	-69.7344479974	46.2341142950	-0.00196319702081	-0.00419236952439	-0.00432280451059
-3.68375625755	-69.6659141054	46.4788781950	-0.00215146318078	-0.00413601426408	-0.00424565328285
-3.72713824501	-69.7486919218	46.1832431363	-0.00215682364069	-0.00421766424552	-0.00436107767746
-3.28264453286	-69.6514306800	46.5306047143	-0.0019827526994	-0.00411217845976	-0.00420946860686
11.6677541498	-66.3190099142	58.4321074492	0.00567807350308	-0.00082671205746	0.000244695896981
11.8859836845	-66.2582290074	58.6491821166	0.00582456076518	-0.000769240083173	0.000309850089252
12.0291191828	-66.3800359583	58.2141572918	0.00582079822198	-0.000889197515789	8.81109881448e-05
2.98826470618	-68.1937999701	51.7364286781	0.000757371075451	-0.00265287538059	-0.00205442635342
2.50335532773	-68.1689978125	51.8250078126	0.000529041572008	-0.00263849203475	-0.00201073894277
2.91922599269	-68.1168683789	52.0111843611	0.000732044514734	-0.00258578220382	-0.00193878519349
2.59833734860	-68.2263447554	51.6201973023	0.000569781579543	-0.00268781208433	-0.00209701783024
-2.64615618485	-70.1396483650	44.7869701250	-0.00164737692103	-0.00457506580278	-0.0048527084291
-2.34488300682	-70.1467733460	44.7615237642	-0.00152127887122	-0.00457485439256	-0.00485240155831
-2.75852599664	-70.2705620657	44.3194211938	-0.00167713197879	-0.00470795063302	-0.00503390422091
-2.53014608536	-70.2802483915	44.2848271732	-0.00158157234546	-0.00471194507554	-0.00503918668255
-8.76354413624	-66.8451520934	56.5530282379	-0.00539308274165	-0.00160107098054	-0.00043092679698
-8.92976381615	-67.0031120751	55.9888854462	-0.00538513436913	-0.00175120274071	-0.000708853360265
-8.61760273731	-66.9093221028	56.3238496328	-0.0052864132449	-0.00165888003539	-0.000518521934282
-9.13580090435	-66.9853244349	56.0524127323	-0.00549349375069	-0.00173806620296	-0.000705621729139
-9.19441812515	-66.9339696049	56.2358228397	-0.0055501642637	-0.00169102405198	-0.000630300724879
0.759632183682	-66.2578436332	58.6505584529	-0.000274888239801	-0.00114026968367	0.00121933105402
0.589395149297	-66.1869378127	58.9037935260	-0.000382060010452	-0.00109856727067	0.00136181164999
0.817322522805	-66.1354793853	59.0875736239	-0.000228624019655	-0.00105719699059	0.00146810163278
3.91337278486	-69.2388699731	48.0040358103	0.00108939735219	-0.00359512655996	-0.00356552563608
3.44097409430	-69.2577783893	47.9365057525	0.000884298875462	-0.00361812696792	-0.00358259235509
3.83939255889	-69.1605506624	48.2837476342	0.00106234371196	-0.0035229800269	-0.00345506868325
3.40717965394	-69.1847354078	48.1973735436	0.000873131910339	-0.00355041213334	-0.00348048773594
-7.67990316559	-64.4682500200	65.0419642143	-0.00654483120888	0.000818472763058	0.00441695051268
-7.26701077547	-64.5676209926	64.6870678835	-0.00620756205171	0.000713326153345	0.00431300373748
-7.27940048778	-64.5092661881	64.8954778998	-0.00626109307632	0.000779644353315	0.00444006081671
-7.39534809976	-64.4635643829	65.0586986325	-0.00637040799484	0.000829742639326	0.00450915191323
3.52865917452	-65.2129648354	62.3822684450	0.00185339269228	-4.8769521527e-05	0.00355949671939
3.86737030644	-65.2121641791	62.3851279318	0.00206685834564	-6.5498497861e-06	0.00351998093538
3.63188467241	-65.0744265513	62.8770480312	0.00196911557578	0.000121150602354	0.00390349933878
3.44787623135	-65.1097643144	62.7508417344	0.00183871411718	5.65390218981e-05	0.00383735285141
3.09580145659	-68.8872209893	49.2599250380	0.00075249170186	-0.00327870226465	-0.00305833853781
3.50802504256	-68.8345452465	49.4480526910	0.000939899531659	-0.00322520150803	-0.00299083348364
3.59799848549	-68.9123507253	49.1701759810	0.000973971036728	-0.00329575804062	-0.00310249533504
3.18539275564	-68.9577150995	49.0081603590	0.000788137840573	-0.00334255350754	-0.00315912812948
4.68292025063	-68.9734712334	48.9518884522	0.00144746119622	-0.00334094814025	-0.00321594905108
4.21831007726	-69.0320362840	48.7427275573	0.00123766053002	-0.00339966453612	-0.0032846685499
4.59817581088	-68.8929699092	49.2393931813	0.00141900533345	-0.00326729542576	-0.0031003234908
4.14045936806	-68.9429109793	49.0610322166	0.00121148652397	-0.00331797916442	-0.00315773463808
2.35190986247	-64.8504264089	63.6770485396	0.00114766764455	0.000223521332373	0.00470579881221
2.66888162842	-64.7480692092	64.0426099673	0.00139566836879	0.000413199653849	0.00493590440601
2.56714602250	-64.8641582126	63.6280063835	0.00130319257732	0.00023693573894	0.00463333819062
2.48043726774	-64.7507229537	64.0331323083	0.00125695613679	0.000383801350836	0.00496241776273
2.74704157172	-64.8103445285	63.8201981123	0.00144194613677	0.000336541008437	0.00475183175877
2.31269698507	-64.7866790456	63.9047176944	0.001127177733	0.000308044924168	0.00489118555561
-2.73196502435	-68.8798333563	49.2863094417	-0.00185885943938	-0.00336813670583	-0.0031112881843
-2.31311781839	-68.7934446261	49.5948406212	-0.00168310815934	-0.00328014814295	-0.00297397770919
-2.59965960154	-68.7808991268	49.6396459757	-0.001814362593	-0.00327403796837	-0.00296551594511
-2.50037017633	-68.8993107478	49.2167473293	-0.00175220693927	-0.00338164973073	-0.00313103245571
-2.33911617635	-68.8598357615	49.3577294234	-0.00168549874797	-0.00334194325842	-0.0030695782043
-3.75864033449	-68.7840728646	49.6283111980	-0.00233648880385	-0.00330000510439	-0.00301544112153
-4.07583283681	-68.7739259305	49.6645502483	-0.0024812205229	-0.00329718645662	-0.00301532936282
-4.07509593451	-68.9030392082	49.2034313991	-0.00245538144372	-0.00341767142527	-0.00319914030842
-3.86384261281	-68.8966262976	49.2263346514	-0.00236234883778	-0.00340709416196	-0.00318041979335
-3.69857628456	-68.8602694586	49.3561805048	-0.00229524401948	-0.00336964591406	-0.0031214710325
1.06758156867	-64.7374893384	64.0803952201	0.000119677511975	0.00021745027334	0.0052027371712
1.32620070023	-64.7233382940	64.1309346644	0.000341901584761	0.000269810989266	0.00521532865241
1.05230236717	-64.8646567057	63.6262260510	0.000102975624031	1.76589564944e-05	0.00482634408399
1.27427807767	-64.8615363064	63.6373703344	0.0002923545253	4.96939937875e-05	0.00481494376436
1.45128677711	-64.8266161988	63.7620850044	0.000442456133896	0.000125223494251	0.00489923171699
1.43810386724	-64.7685733083	63.9693810418	0.000434481626144	0.000212114231545	0.00507059972733
0.621036825325	-68.2105087204	51.6767545701	-0.000370685360394	-0.00270543876104	-0.00206750957295
0.408638255888	-68.1271965045	51.9742981981	-0.000474530621432	-0.00263568060473	-0.0019445582293
0.202424185933	-68.1505483078	51.8908989008	-0.000573020370211	-0.00265946378931	-0.00198135455139
0.453400174102	-68.2292205325	51.6099266697	-0.0004502501979	-0.0027246393729	-0.00209648977034
0.271805137386	-68.2244413927	51.6269950259	-0.000537013052963	-0.00272334506735	-0.00209092115983
3.74131134614	-64.2575939211	65.7943074245	0.00225976691581	0.00120824656915	0.00595056312159
3.51522498934	-64.2483820521	65.8272069566	0.00209734216332	0.00120872352272	0.00603131623939
3.64893769280	-64.3656129347	65.4085252333	0.00216586352326	0.00105341221206	0.00571094080806
3.80489067299	-64.3227452764	65.5616240130	0.00228775059804	0.00112231553067	0.00577630335465
3.35375371596	-64.3051483560	65.6244701572	0.00196543103084	0.00111910165288	0.00593305565417
-3.52292729432	-67.8842250923	52.8420532418	-0.0024162675254	-0.00248082354665	-0.00167665618937
-3.66269976091	-67.7583086142	53.2917549494	-0.00251542008482	-0.00237174262293	-0.00148856197484
-3.38330098678	-67.7404272522	53.3556169562	-0.00238238903694	-0.00235279416665	-0.00144828890916
6.97449018682	-69.1929056974	48.1681939379	0.00241222698241	-0.00353158800863	-0.00362298008986
6.96702671192	-69.3155768418	47.7300827078	0.00238935695961	-0.00364550808445	-0.00379161210731
7.27840097647	-69.2734420043	47.8805642702	0.00252855103463	-0.00360615272075	-0.00375203974545
6.79612551247	-69.2459841564	47.9786280127	0.00232735462487	-0.0035812468268	-0.00368614890613
-6.34697710577	-68.4950092530	50.6606812391	-0.00357568310574	-0.00308724492788	-0.00274384440854
-6.49803551948	-68.5733990276	50.3807177586	-0.00362159614451	-0.00316431652755	-0.00286696013063
-6.10288182607	-68.6275419384	50.1873502201	-0.00342849758454	-0.00320568587631	-0.00291838101111
0.0754848075938	-67.4365284477	54.4409698295	-0.000665761472192	-0.00205207802355	-0.000875512429047
-0.0437537853938	-67.3333483218	54.8094702792	-0.000733728636988	-0.0019690443296	-0.000709182932042
0.189635699009	-67.3745259733	54.6624072382	-0.000608120288234	-0.00199913559482	-0.000774066371378
-0.226636652373	-67.3946770747	54.5904390188	-0.000826903386042	-0.00202212086879	-0.000811169331428
-0.117591547787	-67.4522035435	54.3849873447	-0.000766075507272	-0.00206803763285	-0.00090283411555
1.11189182357	-68.4509316185	50.8181013626	-0.000136932372698	-0.00291114696302	-0.0024197017774
0.999939776104	-68.4017001399	50.9939280719	-0.000189350583241	-0.00286891357973	-0.00234801974148
0.694735853219	-68.4710065053	50.7464053382	-0.000330909737386	-0.00293576298282	-0.00245069968514
0.824685414203	-68.5092327831	50.6098829176	-0.000269887008471	-0.00296799419448	-0.00250565330498
0.810344030962	-68.4067663370	50.9758345106	-0.000278053514194	-0.00287645938806	-0.00235619163141
0.997677977706	-68.5122513649	50.5991022683	-0.000189704383956	-0.00296796043403	-0.00250932155177
4.13848704637	-65.8031437959	60.2744864432	0.00197458942421	-0.000562990608159	0.00210078619421
4.50502799368	-65.8981075084	59.9353303273	0.00214609852992	-0.000620941515081	0.00187172670849
4.01593614441	-65.8625843312	60.0621988170	0.00187611440197	-0.000626449706033	0.00197894475423
4.63271588408	-65.8266516263	60.1905299059	0.00225213216618	-0.000545700255316	0.00201486586593
-1.93600346531	-68.6678522016	50.0433849944	-0.00152889441233	-0.00315797957592	-0.00278221257031
-1.63064489359	-68.6528413209	50.0969952825	-0.00139122013934	-0.00313884019852	-0.00275216763839
-1.99703681806	-68.5552403898	50.4455700365	-0.00157181173563	-0.00305655435659	-0.00262106675655
-2.32742216938	-67.0783946862	55.7200189780	-0.00200001592748	-0.00178342591971	-0.000332865514793
-1.96647485025	-67.0328719473	55.8826001884	-0.00181421090383	-0.00174510013312	-0.000244172988459
-2.19912742006	-67.1349794575	55.5179305089	-0.00191743590403	-0.00182924047112	-0.000424549827585
-1.84775778818	-67.0865934124	55.6907378128	-0.00173789262772	-0.00178800011054	-0.00033240794437
-1.97220136655	-67.1378013593	55.5078522882	-0.00179460202344	-0.00183035002556	-0.000422485434683
-2.21363427787	-67.0309880778	55.8893282935	-0.0019497226458	-0.0017444207333	-0.000248339551035
-4.85267366831	-65.0366910516	63.0118176730	-0.00442402018234	0.000134024739964	0.00377291929908
-4.76401274716	-65.1159953511	62.7285880317	-0.00432612933218	3.90712702938e-05	0.00359279010445
-4.43051566474	-64.9768082551	63.2256848032	-0.00419350340962	0.000180025046575	0.00400183815509
-4.36406355592	-65.0445329653	62.9838108381	-0.00411771517247	9.63566271821e-05	0.0038416357711
-2.55464359803	-65.0428829057	62.9897039082	-0.0029212271329	-7.71749691921e-05	0.00412645516917
-2.20637469363	-64.9882668366	63.1847612980	-0.00268405652605	-5.40608707524e-05	0.00432886555791
-2.08134014731	-65.0920560189	62.8140856468	-0.00255867186934	-0.000196502733161	0.00404184451327
-2.45146149275	-65.1010391805	62.7820029268	-0.00282672373578	-0.000158800874487	0.00397424865514
-2.10387098174	-65.0407583931	62.9972914531	-0.00259168469347	-0.000132644374389	0.00418883096427
-7.36321103059	-66.7724121657	56.8128136938	-0.00474698515609	-0.00151923624799	-0.00014517919044
-7.65463270173	-66.7851504381	56.7673198640	-0.00488458154723	-0.00153294345364	-0.000198901369004
-7.48388619407	-66.6575029679	57.2232036861	-0.00487119797617	-0.00141376594547	3.99334967369e-05
4.86940625217	-68.9082500363	49.1848212990	0.00153715722263	-0.00327894277871	-0.00313051533885
5.2805909104	-68.9795785615	48.9300765660	0.00170922779944	-0.00334161659703	-0.00324523076415
5.09373690224	-69.0457358518	48.6938005294	0.00161931186449	-0.00340442848392	-0.0033307147678
5.43286175857	-68.7033640148	49.9165570902	0.00181621476077	-0.0030851943884	-0.00286236894317
5.62049671520	-68.6367054876	50.1546232587	0.00191127147991	-0.00302236550488	-0.00277555896901
5.93160631152	-68.7387376564	49.7902226556	0.00203316519037	-0.00311424164101	-0.00293431407772
-8.65529647002	-69.3424580945	47.6340782340	-0.00435425201431	-0.0039687845856	-0.00410642661154
-8.40148862208	-69.4702537542	47.1776651636	-0.00421020900831	-0.00408556964248	-0.00426148064435
-8.77000360455	-69.3891338238	47.4673792006	-0.00439061410725	-0.004018899519	-0.00417989678681
-8.31861140027	-69.4060196988	47.4070725042	-0.0041918461211	-0.00401934236288	-0.00416685314849
6.38732623957	-68.3436250889	51.2013389683	0.00231620064005	-0.00274748145603	-0.00239167921245
6.76659690769	-68.4207318238	50.9259577723	0.0024718742352	-0.00281599559821	-0.00252416334115
6.61354479399	-68.4799984335	50.7142913088	0.00238940771669	-0.00287146563642	-0.00260071805678
6.21384299467	-68.4126178153	50.9549363741	0.00222217082046	-0.00281203351915	-0.00248242425732
-4.66827149438	-67.3851641610	54.6244137106	-0.00312562473118	-0.00205438071862	-0.000949460954871
-4.95061751100	-67.5421635855	54.0637014802	-0.00321252760477	-0.00219522835687	-0.00121794152074
-4.66392729168	-67.5251791166	54.1243602977	-0.00307664973661	-0.00217742472887	-0.001173900906
-6.16511634074	-65.3108505652	62.0326765527	-0.00503094820306	-0.000118680574815	0.00288754631765
-5.55070792759	-65.3164031528	62.0128458830	-0.00467402022332	-0.00014342351642	0.0029805386439
-5.73967005473	-65.3909137528	61.7467365971	-0.00473567005247	-0.000215245047002	0.002779022092
-5.93600793227	-65.2500601387	62.2497852191	-0.00493917707354	-5.97980215389e-05	0.00306655047461
-5.29072313718	-65.6579025585	60.7932051482	-0.0043112244457	-0.000502160517499	0.00224467134103
-5.71612273945	-65.6024926231	60.9910977747	-0.00458683818579	-0.000432360742707	0.00231037125923
-5.12370524770	-65.5919765623	61.0286551348	-0.0042564207688	-0.000444003322627	0.00241265189834
-5.52716061231	-65.5279820230	61.2572070606	-0.00452710874379	-0.000363732862752	0.00250217085704
4.44253866380	-69.2836716280	47.8440299002	0.00131434819195	-0.00363147351891	-0.00364064844325
4.09891057114	-69.1842007722	48.1992829563	0.00117336108815	-0.0035422318615	-0.00349386036396
4.24809106154	-69.3268430929	47.6898460969	0.00122784869745	-0.00367370736785	-0.00369521649554
-6.53599008707	-65.6828573852	60.7040807673	-0.00498933438212	-0.000492571503855	0.00201915949583
-6.37846591235	-65.6133783833	60.9522200595	-0.00494914455339	-0.000426041777246	0.00218980479985
-7.03295553903	-65.5873507351	61.0451759461	-0.00532631482929	-0.000389676395571	0.00213933596388
7.60703039474	-68.7716938124	49.6725220987	0.00276923761703	-0.00313903903589	-0.00307517056353
7.45417844618	-68.8328557614	49.4540865666	0.00268866238184	-0.00319605576806	-0.0031511625275
7.01940715767	-68.7700751046	49.6783031979	0.00251008756459	-0.00313834217377	-0.00303617096506
7.11924042142	-68.7150103753	49.8749629452	0.0025657559745	-0.00308696017601	-0.0029644977767
5.24442817343	-68.3651753558	51.1243737294	0.00178729591426	-0.00277725164779	-0.00236944993958
5.44093728560	-68.4925225856	50.6695621942	0.00185480096843	-0.00289156218059	-0.0025615983177
5.63431701768	-68.4186774080	50.9332949714	0.00195638928562	-0.00282228714786	-0.0024634776637
5.07161972725	-68.4222393006	50.9205739263	0.00169805134647	-0.00283097964711	-0.00244544679299
-5.26812081488	-69.2754449361	47.8734109424	-0.0029048777651	-0.00379953160882	-0.00378268794157
-5.69731826225	-69.1814139068	48.2092360472	-0.00311228306964	-0.00372067070566	-0.0036761155352
-5.57691486437	-69.3096265993	47.7513335738	-0.00303166382946	-0.00384066253901	-0.00384754897095
-5.38852421276	-69.1472322436	48.3313134158	-0.00298487767577	-0.00367986178026	-0.00361059675924
-5.18858221934	-64.9385168729	63.3624397397	-0.00468452973291	0.00026287973742	0.00394868012518
-5.01870229596	-65.1122029096	62.7421324659	-0.00448253098875	5.65898553759e-05	0.00355710461736
-5.39737531047	-65.0461475554	62.9780444451	-0.00474897725508	0.000147195984027	0.00364600610919
-5.33059279272	-64.9919275975	63.1716871517	-0.0047405436635	0.000206518059713	0.00378991966136
-0.179629667843	-70.3446434978	44.0548446507	-0.000607114867307	-0.00472304411232	-0.00506778107956
-0.00212435814922	-70.4131253297	43.8102666797	-0.000529070908669	-0.00478754704818	-0.00515722995624
-0.517561620025	-70.4199717137	43.7858153082	-0.000739426817745	-0.0048052072525	-0.00517515745014
4.84541035484	-64.3507176317	65.4617227438	0.00299387983978	0.00113887304906	0.00543605908751
4.95682658486	-64.2740204283	65.7356413275	0.00309850554913	0.00124150922056	0.00558231165633
5.41571142669	-64.2662802795	65.7632847160	0.00340698333457	0.00126698962413	0.00547320954502
5.44942201957	-64.3276457971	65.5441221532	0.00340162729844	0.00119171245024	0.00532732112333
5.30551331427	-64.3691512997	65.3958882154	0.00328982528299	0.00113466719631	0.00527209462598
-4.05609382513	-66.6361831888	57.2993457543	-0.00309258396737	-0.00141091528349	0.000371860689484
-4.48309143251	-66.5851923337	57.4814559512	-0.00334829511121	-0.001362387673	0.000439505791292
-4.32855665954	-66.5161861445	57.7279066267	-0.00329574989155	-0.00130543264095	0.000577719998546
-4.02813437801	-66.5193838956	57.7164860872	-0.00312826083973	-0.00131284247618	0.000590014329646
-6.30644878209	-68.9675026952	48.9732046601	-0.0034306012094	-0.00353243527934	-0.00341401109472
-6.12651570963	-69.0873828775	48.5450611519	-0.00332194776274	-0.00364212854765	-0.0035707494244
-6.43883769680	-69.1022829976	48.4918464372	-0.00345515273511	-0.00366500741802	-0.00361149013042
-4.89534759604	-68.9369658617	49.0822647795	-0.00281334109604	-0.00346812326461	-0.00328798592091
-5.43510434350	-68.8363299784	49.4416786485	-0.00307631888427	-0.00338606606238	-0.00317534292117
-5.16598323222	-68.8020630266	49.5640606191	-0.00296418042853	-0.00334751978517	-0.00311133428477
-5.20414164552	-68.9711475249	48.9601874109	-0.00294267293066	-0.00350779970177	-0.00335301784799
-4.90047428087	-68.7977528345	49.5794541626	-0.00284632993862	-0.00333740911447	-0.00309068080969
-3.46035102729	-64.4570737021	65.0818796355	-0.00373962940648	0.000797585293185	0.00555590493605
-3.23640257738	-64.5192896296	64.8596798941	-0.00355914700776	0.000697987037711	0.00544406846166
-3.32083842397	-64.5897920713	64.6078854596	-0.0036020022817	0.000603701977525	0.00523952022195
7.91680267964	-66.3200534394	58.4283805737	0.00378712918609	-0.000860776752234	0.000743868644349
7.87038927521	-66.4472909894	57.9739607521	0.00369987497106	-0.000983040663414	0.000521409267094
8.12194791118	-66.4790853992	57.8604092887	0.00381231633946	-0.00100758275948	0.000439174473286
8.36786044878	-66.3890532389	58.1819527181	0.00398250389844	-0.000916674209293	0.000570992939174
-3.28650497157	-64.1782682904	66.0776132486	-0.00368234654889	0.00118665560149	0.0063062007539
-2.98836625363	-64.1677499445	66.1151787696	-0.0034491950646	0.0011961706914	0.0064016203396
-3.34148710695	-64.0645073099	66.4839024646	-0.00375760043971	0.00134742027149	0.00657556625083
-3.11118987968	-64.0494975804	66.5375086414	-0.00357660162263	0.00136707501952	0.00666700070724
-5.58487147933	-69.6956491146	46.3726817336	-0.0029550823383	-0.00421617692336	-0.00438017584383
-5.54753353616	-69.6164226114	46.6556335309	-0.00295507116243	-0.00413753651083	-0.00426940154284
-5.07729896025	-69.6257150486	46.6224462548	-0.00275260908529	-0.00413337955251	-0.00425650924444
-5.09135311146	-69.6995675356	46.3586873730	-0.00274456501938	-0.00420592539012	-0.00435859709978
2.58053696204	-69.8304663123	45.8911917417	0.000511165475473	-0.00417084526271	-0.00435884622857
1.94860313500	-69.8278696198	45.9004656437	0.000246717623668	-0.00417837034911	-0.00435238610953
2.10612263015	-69.7599482357	46.1430420154	0.00031113656587	-0.00411071395501	-0.00426021590829
2.54248773385	-69.7702527025	46.1062403484	0.000494482112117	-0.00411381199956	-0.00427658203989
8.64019394613	-68.2501062574	51.5353347951	0.0033679951448	-0.00265324069187	-0.00240590190515
8.85319628423	-68.1214449067	51.9948396191	0.00350492703728	-0.00253329984844	-0.00223604845814
8.92668888078	-68.2359372330	51.5859384535	0.00350253749639	-0.00264039100148	-0.00240854546428
8.59074998860	-68.1405533955	51.9265950161	0.00337876402773	-0.00255108857527	-0.00224268203601
-2.86217873722	-63.7635190903	67.5588603919	-0.00344998156652	0.00176800927147	0.00741983437911
-3.07307602638	-63.7085001289	67.7553566827	-0.00365156470798	0.00184015906416	0.00750529207289
-2.65298113867	-63.6659299677	67.9073929726	-0.00329781416804	0.00190553546418	0.0076993056573
10.1285368521	-67.6695208080	53.6088542570	0.0042572892271	-0.00211177300662	-0.00168474530801
10.0454501856	-67.8277649565	53.0436965839	0.00415679486468	-0.00226058159024	-0.00191206822637
10.3122172089	-67.7895251362	53.1802673707	0.00429524295032	-0.00222573592328	-0.00188223586883
7.70322946802	-68.2804575219	51.4269374218	0.00293278740719	-0.00268250447698	-0.00238052918576
7.44940663872	-68.2805970701	51.4264390354	0.00281692901626	-0.0026835014578	-0.00236363569275
7.54947240969	-68.1479650298	51.9001248935	0.00289847305976	-0.00256058597006	-0.00217677582987
7.74108207893	-68.1759861040	51.8000496287	0.00297877402045	-0.0025856862776	-0.00223099859431
-4.72829699398	-68.1737517739	51.8080293790	-0.00291853048839	-0.00275842333212	-0.00217381538823
-4.59016455758	-68.0904682334	52.1054705950	-0.00287544867024	-0.00268068257719	-0.00204185862094
-4.14272058739	-68.1226144623	51.9906626348	-0.00265582394786	-0.00270243035629	-0.00206696987152
-4.29345293420	-68.1958001611	51.7292851391	-0.0027089768555	-0.00277097267099	-0.00218375306576
-2.56214085998	-66.5109589730	57.7465750965	-0.00229657930322	-0.00132907007355	0.000673574104439
-2.90623199824	-66.4671249405	57.9031252125	-0.00251282006502	-0.00128915626556	0.000743912765756
-2.51752059381	-66.4000906243	58.1425334846	-0.00230907998048	-0.00124375172891	0.000887195754331
-2.87230914033	-66.5199647239	57.7144117003	-0.00247347657569	-0.0013316902332	0.000645069638267
-2.79605083271	-66.4094818102	58.1089935349	-0.00247032078914	-0.0012456686236	0.000858915271237
-5.69592435143	-69.9550190083	45.4463606845	-0.00295117497444	-0.00447546876967	-0.00474046031013
-5.25667077728	-70.0621962586	45.0635847908	-0.00274724559858	-0.00456876819953	-0.00486188568175
-5.75434298619	-70.0156132570	45.2299526536	-0.00296401558444	-0.0045375241898	-0.004826141987
8.99174445111	-66.9746040790	56.0906997177	0.00401071924716	-0.00146193138789	-0.000486867269501
9.28420496456	-66.9937956563	56.0221583703	0.00414473423734	-0.00147746724542	-0.000548266165424
9.18599323896	-67.1029541970	55.6323064394	0.00404767971486	-0.00158089702018	-0.000713530462235
8.98432342162	-67.0830961624	55.7032279915	0.00395853538066	-0.00156384985894	-0.000661471276544
2.39838824379	-63.8671593704	67.1887165342	0.00130491808522	0.00170330633409	0.00721516646445
2.09251774482	-63.8766526398	67.1548120008	0.00104045832995	0.00168093841057	0.00725532975048
2.33955381585	-63.7626550495	67.5619462517	0.00128252780996	0.00184915342834	0.00747452303767
-7.72950057908	-65.8774132615	60.0092383516	-0.00549618899822	-0.000674140115734	0.00144236302003
-7.40360556265	-65.8620889211	60.0639681390	-0.00533469766378	-0.000660053396132	0.00152325932868
-7.89357183344	-65.7601493990	60.4280378607	-0.00566625082865	-0.00055858324049	0.00164442160167
-7.68854778212	-65.7281488562	60.5423255137	-0.00558028928936	-0.000526909017935	0.00174240488559
-7.60173940639	-68.9769779568	48.9393644401	-0.00399835593998	-0.00357829569839	-0.00351759558544
-7.48121970047	-69.1121672670	48.4565454751	-0.00390828866512	-0.00370509154163	-0.00369728612714
-7.32412890983	-68.9520013325	49.0285666697	-0.00388322677463	-0.00354603864253	-0.00346211483702
-7.22131079962	-69.1034459449	48.4876930540	-0.00379709573463	-0.00368876755238	-0.00366637646221
5.09184723915	-63.9142423544	67.0205630199	0.00338034844026	0.00170775083825	0.00635237246752
5.52127759528	-64.0217870372	66.6364748671	0.00360584887676	0.00157868070528	0.00598070444539
5.58273120403	-63.9616041340	66.8514138071	0.00368774682283	0.00165911554359	0.00609257165343
5.21744050897	-70.0989413151	44.9323524462	0.00159430352505	-0.004389943555	-0.0047737294808
4.78822913822	-70.1381710702	44.7922461778	0.00141920370515	-0.0044333008118	-0.00481292698532
4.87311489801	-70.0732784071	45.0240056891	0.0014554283116	-0.00436981208622	-0.00472840992734
-6.69585938353	-68.5085689721	50.6122536712	-0.00372972665355	-0.00310820760205	-0.00278747058474
-6.42161489499	-68.3489408096	51.1823542514	-0.0036525959149	-0.00295264087617	-0.00253706192598
-6.68193960430	-68.3815594791	51.0658590032	-0.00376153783873	-0.00298892054707	-0.00260282168165
0.271750613014	-65.3270790131	61.9747178105	-0.000588358205277	-0.000576057296712	0.00344943581149
0.201952913142	-65.4125812016	61.6693528515	-0.000646420288831	-0.000642511062324	0.00320347514935
-0.263035232217	-65.3862464853	61.7634054096	-0.0010302583687	-0.000629387330264	0.00327617512085
-0.105987760497	-65.3257467592	61.9794758600	-0.000905149558093	-0.000583985121921	0.00345312058926
-9.10502471302	-65.8095761218	60.2515138506	-0.0062646609731	-0.0006164846709	0.00133342493791
-9.40164545726	-65.6808714088	60.7111735399	-0.00652027269825	-0.000493975181598	0.00151605112478
-9.57487034777	-65.7565702808	60.4408204258	-0.00655022170395	-0.000571976066567	0.00134104024619
-8.96781831799	-65.7376947289	60.5082331111	-0.00624849507585	-0.000543702859432	0.00149409181904
-9.05363035376	-65.9446888013	59.7689685667	-0.00613567465916	-0.000748118851334	0.00109302136116
-8.81514819207	-65.7980692604	60.2926097843	-0.00612256582826	-0.00060156796826	0.00140862970147
-8.79296989112	-65.9269974992	59.8321517886	-0.00601456919685	-0.000727827078663	0.0011713472195
-11.6300551462	-67.1700276627	55.3927583476	-0.00657030194998	-0.00196247524582	-0.00132541672792
-11.0996744735	-67.1581073467	55.4353309045	-0.00632783863693	-0.00194020126946	-0.00123348261695
-11.2133866227	-67.2172860809	55.2239782827	-0.00634868023917	-0.00199879589491	-0.00133714498952
-11.5115636834	-67.1168109605	55.5828179982	-0.00654482934624	-0.0019093939336	-0.00123018748127
0.549358096285	-65.0340153709	63.0213736754	-0.000342269690009	-0.00026473440812	0.0043369201012
0.185353118738	-64.9432248744	63.3456254485	-0.000665837258566	-0.000165825898875	0.00462836865336
0.633316028003	-64.9561236192	63.2995585027	-0.000265968759777	-0.000156011767103	0.00457453122362
0.0762254749825	-65.0104676917	63.1054725296	-0.000762144220062	-0.000259163381997	0.00441937893629
-11.4175635002	-67.5461511802	54.0494600706	-0.00627225684002	-0.00231909286231	-0.00184537610039
-11.8449143063	-67.5778162562	53.9363705137	-0.00645352108404	-0.00236194417812	-0.00194548233412
-11.9015033738	-67.4571840413	54.3671998526	-0.00654140906408	-0.00224597705528	-0.00177938526031
-11.9089123226	-67.5180890486	54.1496819694	-0.00651335390285	-0.00230554444715	-0.00186797848437
3.35635404699	-65.4606487143	61.4976831632	0.00164582196157	-0.000324139517033	0.00295132165775
3.31024059603	-65.6011253126	60.9959810265	0.0015583075583	-0.00045981441508	0.00261398311704
3.22028746601	-65.5034373529	61.3448665969	0.00154192128684	-0.000381021643989	0.00285597075708
3.64338693803	-65.5892105420	61.0385337786	0.00177032651845	-0.00041299383156	0.002620118903
4.98477938499	-65.5810803773	61.0675700809	0.00257033063099	-0.000282146997051	0.00252085644752
4.58737408549	-65.4486906209	61.5403906397	0.00240084622055	-0.000181927200174	0.00286404904909
4.95834079424	-65.4534758581	61.5233005067	0.00261568138376	-0.000154868030222	0.00281119463034
4.79603824878	-65.4390337334	61.5748795236	0.00252785277553	-0.000153566201334	0.00286301551387
-7.26245378337	-68.6692602872	50.0383561172	-0.00393690401688	-0.00327437953092	-0.00305839651264
-6.97419624797	-68.6562697972	50.0847507244	-0.00381174194627	-0.00325443781912	-0.00301886862144
-7.19020744296	-68.7966437240	49.5834152715	-0.00386767880991	-0.00339359045029	-0.00323369936086
-6.91451057266	-68.7732722573	49.6668847954	-0.0037517179735	-0.00336382514797	-0.00318088778295
-0.116552861754	-63.6618550211	67.9219463531	-0.000953860755544	0.00194889458362	0.00798661261797
-0.059347387972	-63.5939044745	68.1646268769	-0.000898435129784	0.00204742746428	0.00814700871706
-0.456435307464	-63.5826704906	68.2047482480	-0.0012769442983	0.00205737771466	0.00816912949085
-3.66128753230	-68.3899856101	51.0357656784	-0.00237011001445	-0.00293603399768	-0.00244078203104
-3.47113906343	-68.5236510566	50.5583890835	-0.00225558667444	-0.00305438879877	-0.0026277906727
-3.41011847244	-68.3801360555	51.0709426589	-0.00225541437976	-0.00292264670134	-0.0024155236315
-3.33761144167	-68.4827316778	50.7045297221	-0.00220193038695	-0.00301458290778	-0.00256266631186
-10.6293118258	-65.4540506831	61.5212475604	-0.00735900178552	-0.000299476494547	0.001666733413
-10.9090745333	-65.4588415657	61.5041372655	-0.00750307319686	-0.000313883414492	0.00159161514603
-10.6832923264	-65.3465252892	61.9052668241	-0.00748519832268	-0.000194211868802	0.00185054761823
-10.5713703881	-65.3993414039	61.7166378432	-0.00737728737295	-0.000243107075221	0.00178059691098
-1.39542358358	-68.1784241960	51.7913421571	-0.00133747619111	-0.00270922924392	-0.0020500801038
-1.55100915243	-68.1148774581	52.0182947926	-0.0014199645957	-0.00265562720597	-0.00195868802257
-1.69168503739	-68.2610162837	51.4963704153	-0.00146822526585	-0.00278711225837	-0.0021806252189
1.78244110475	-65.3088118145	62.0399578055	0.000623616622761	-0.000402441364713	0.00345586170442
1.47760187751	-65.3221078998	61.9924717866	0.000388681364711	-0.000457716843812	0.00343381846324
1.15101427996	-69.9059400219	45.6216427791	-8.41617948026e-05	-0.00426717242226	-0.00445986632258
1.44076447432	-69.9002540863	45.6419496918	3.67196989828e-05	-0.00425662798807	-0.00445105275139
1.14932839800	-70.0128604401	45.2397841424	-7.96511594672e-05	-0.00437095900998	-0.00460506929085
1.37451611060	-70.0041643320	45.2708416714	1.35826257974e-05	-0.00435848813504	-0.00459232088178
7.53634197742	-66.0422727774	59.4204543664	0.00373333133757	-0.000603475782555	0.00129914598074
7.68781299866	-65.9851323507	59.6245273189	0.00384319992736	-0.000542882829905	0.00138939742465
7.26777865476	-65.9573247888	59.7238400401	0.00363652291708	-0.000529500539415	0.001492623589
7.56433528841	-65.9276089003	59.8299682131	0.00380912213586	-0.000490176840685	0.0015142809134
-0.630906891611	-64.5103266948	64.8916903756	-0.00142260582652	0.00055160780903	0.00588693004102
-0.920098148968	-64.5891401524	64.6102137414	-0.00168016145471	0.000423547695391	0.00564618874341
-0.702127948072	-64.6404828654	64.4268469095	-0.00148319953587	0.000324277061736	0.0055180308409
10.7358574734	-68.5751858927	50.3743360975	0.00420685205609	-0.00297416909598	-0.0030555871781
10.5029459260	-68.6993523941	49.9308843068	0.00406443001702	-0.00308915995993	-0.00320695503615
10.3271885754	-68.6392213530	50.1456380252	0.00400537624955	-0.00302987312898	-0.00310623133555
2.24632946201	-63.9309697670	66.9608222608	0.00116129324306	0.00160695484374	0.00709566427395
2.83705846279	-63.9267077381	66.9760437926	0.00165536475834	0.00163213396445	0.00697402562946
2.64980513817	-63.9796571428	66.7869387757	0.00148794287816	0.00155065802392	0.00689189415425
0.97880084864	-67.5188923189	54.1468131466	-0.000194088846911	-0.00210515107028	-0.00100254069548
1.25703718488	-67.5052426594	54.1955619309	-4.9694604968e-05	-0.00208857608959	-0.000980709097348
1.34723932297	-67.4315268873	54.4588325454	3.31738561954e-07	-0.00202534627169	-0.000862561108079
5.21092557985	-67.3203787808	54.8557900687	0.00200768373907	-0.00184310623445	-0.000771753722802
4.91332622452	-67.1950110871	55.3035318316	0.00189218204468	-0.00174007646274	-0.000553441524971
4.7664590315	-67.2764142729	55.0128061682	0.00179483054671	-0.00181482185144	-0.000680882600136
5.78475897347	-67.0126818789	55.9547075753	0.00239545735531	-0.00155660742894	-0.000293294491712
5.49624987046	-66.8753702912	56.4451061029	0.00229478930123	-0.00144276767969	-4.31189473602e-05
5.34938267744	-66.9567734769	56.1543804395	0.00219050212763	-0.00151908525731	-0.000174732966116
-4.12511783145	-65.6728195306	60.7399302478	-0.00362418475561	-0.00057339342311	0.00233843759634
-3.81154053468	-65.8085373468	60.2552237614	-0.00336028076708	-0.00071453046985	0.00205661077052
-3.82047194284	-65.6820786712	60.7068618886	-0.00343573465943	-0.000600774714258	0.00234407861717
7.81781517031	-64.7890691076	63.8961817587	0.00460277916864	0.000716260867193	0.0037792220246
7.92348361826	-64.6319338724	64.4573790271	0.00476022809744	0.000894620083272	0.00408337684348
8.11930867146	-64.6685362511	64.3266562459	0.00485148886219	0.000855734164361	0.00396361621097
5.85361978264	-69.4531227653	47.2388472668	0.00190020608716	-0.00377765647136	-0.00392408715561
5.46878890029	-69.3935072471	47.4517598319	0.00174333504401	-0.00372491986491	-0.00382630247623
5.47775635428	-69.4542580739	47.2347925932	0.00174134969711	-0.00378137081861	-0.00391007913277
5.78796869367	-69.3939470045	47.4501892696	0.00187873758841	-0.00372310029343	-0.00384003925137
3.28388006577	-64.8970357629	63.5105865612	0.00179463694803	0.000293866847642	0.00442472333089
3.33783083603	-64.9759124535	63.2288840947	0.0018090561498	0.000201625094633	0.00420630909503
2.84473884303	-64.9375994760	63.3657161572	0.00148486718535	0.000180794173502	0.00438663316891
3.02463439225	-64.8837857919	63.5579078861	0.00162169407122	0.000276464008493	0.00450426805764
3.15382239498	-65.0112502166	63.1026777979	0.00167651206721	0.000133273133542	0.00413997005671
1.9400436259	-65.0433113052	62.9881739099	0.000804637093097	-9.50307949097e-05	0.00420621037483
1.97085069114	-64.9391902915	63.3600346731	0.000846066104714	4.30193067587e-05	0.00450561521575
1.56128473186	-64.9518033367	63.3149880833	0.000521215144545	-3.71307396563e-05	0.00451609585434
1.73829343130	-64.9168832291	63.4397027533	0.000667272834107	3.71304304281e-05	0.00459946598858
2.01714318732	-64.9876005166	63.1871410120	0.000873622891959	-1.28770379888e-05	0.0043595074676
1.73975075971	-64.6358224502	64.4434912493	0.000688534346409	0.000461340881884	0.0054057915695
1.85387708571	-64.5662435217	64.6919874224	0.00078374001896	0.000587324961089	0.00557802291587
2.22592150170	-64.6617039622	64.3510572778	0.00107356149238	0.000482040428324	0.00525257829577
2.05818121903	-64.6976600541	64.2226426639	0.000940381200053	0.000405009952374	0.00518210744485
1.85165392672	-64.6810574645	64.2819376267	0.000777490669861	0.000403391342843	0.0052620745264
7.74111257297	-68.8488711524	49.3968887414	0.00281114387326	-0.00321101141162	-0.0031923763454
8.05954444401	-68.7299574511	49.8215805317	0.00297857425176	-0.00310042523779	-0.00304729794152
8.12610486503	-68.7852073518	49.6242594577	0.00299474713393	-0.00315214926377	-0.0031296950765
-0.607812122932	-66.5321057833	57.6710507741	-0.00112230575178	-0.00135492219124	0.000679087126628
-0.181222222609	-66.5960664177	57.4426199368	-0.000857507577166	-0.00139708735514	0.000565249822102
-0.282230785234	-66.6641700530	57.1993926678	-0.000912481977139	-0.00144840916619	0.000439331313828
-0.697121604524	-66.5790062672	57.5035490456	-0.00117010856047	-0.00138955016155	0.000590467010625
4.29946720026	-64.4361238246	65.1567006264	0.00259824190289	0.000999293522909	0.00537589937449
4.28625714353	-64.5210239382	64.8534859350	0.00256363791414	0.000886623223778	0.00517387036234
3.82093673208	-64.5173400063	64.8666428346	0.0022498650942	0.000857310777064	0.00529387267306
3.88497207765	-64.4526459204	65.0976931413	0.00231016660109	0.00095005845651	0.00543854525313
4.04092505783	-64.4097782621	65.2507919211	0.0024293770548	0.00101843324956	0.00550468964502
1.92408740379	-66.6756099237	57.1585359869	0.000388840620872	-0.00140348041896	0.000422562094172
2.02994777781	-66.5982849953	57.4346964452	0.000463151896838	-0.00134004687425	0.000563000561669
2.37419374309	-66.7124332042	57.0270242709	0.000641687831376	-0.00141632475425	0.000350951217115
2.43582559892	-66.6467990677	57.2614319011	0.000689869513735	-0.00136222119909	0.000469083810458
-1.7306749117	-65.9780559003	59.6498003562	-0.00196624454111	-0.000957251992077	0.00177557428833
-1.14886224876	-65.9652378086	59.6955792551	-0.00157885148656	-0.000967660744209	0.00181470601819
-1.27708212459	-66.0337231464	59.4509887628	-0.00164704688359	-0.00100887310691	0.00166393280961
-1.55826008389	-66.0346282343	59.4477563062	-0.00183350173756	-0.00100175838452	0.00165677501354
-1.45759872096	-66.9304585739	56.2483622362	-0.00155339273624	-0.00166110775899	-5.43303649465e-05
-1.5887821971	-66.9830327157	56.0605974440	-0.00161644176114	-0.00170343776699	-0.000148513368913
-1.19859311271	-67.0353311741	55.8738172355	-0.00139110744931	-0.00174257450271	-0.000229448807659
-1.10118031253	-66.9856133827	56.0513807761	-0.0013447124511	-0.00170236639678	-0.000142170261825
-1.47006513502	-67.0367541808	55.8687350684	-0.001540709869	-0.00174564879853	-0.00023790045816
8.68878406006	-66.7022329735	57.0634536661	0.00398858822882	-0.00120888242964	-4.44718261861e-06
8.49400703092	-66.8227962438	56.6328705578	0.00383503572084	-0.00132528599352	-0.000186764620594
8.79624588622	-66.8465179161	56.5481502998	0.00397358462214	-0.00134356482886	-0.000256742991041
8.50757407832	-66.7477343065	56.9009489052	0.0038767058868	-0.00125450710766	-6.2346123741e-05
-11.4001711365	-65.8336477329	60.1655438111	-0.007426047232	-0.000696577306371	0.000820680637844
-11.2443139795	-65.7079748355	60.6143755876	-0.00745562883094	-0.000569821917452	0.00107225298416
-11.1151208244	-65.7544310670	60.4484604749	-0.00734837213531	-0.000610370654613	0.00102056260221
-7.72963265064	-67.4794203773	54.2877843669	-0.00458023278043	-0.00217365776189	-0.00133478979114
-7.79048122642	-67.3455717298	54.7658152507	-0.00466895010322	-0.00205116486177	-0.00113079999574
-8.00325269498	-67.3463220288	54.7631356113	-0.00477019930258	-0.00205513858236	-0.00115304579958
-7.61258605667	-67.4078301066	54.5434639049	-0.00455590989441	-0.0021058395505	-0.00121179420967
-0.860595363221	-69.2639945302	47.9143052494	-0.000985169783235	-0.00369078456424	-0.00360085512511
-0.920940347569	-69.3383261067	47.6488353332	-0.00100478040986	-0.00376203469932	-0.00370567105711
-0.43266500985	-69.3523796869	47.5986439754	-0.000791726168245	-0.00376617349684	-0.00371607765555
-1.70432187511	-69.0589912821	48.6464597068	-0.00137695425656	-0.00351473642513	-0.00333310174756
-1.63146517969	-68.9828480676	48.9183997587	-0.00135332217906	-0.00344246299937	-0.00322361942381
-2.19208558000	-68.9827903786	48.9186057905	-0.00160300149582	-0.0034531916026	-0.00323953432962
-2.03083158003	-68.9433153923	49.0595878846	-0.00153623323422	-0.00341337150894	-0.00317874387838
-3.12380222497	-69.0802438530	48.5705576677	-0.00200187321752	-0.0035633679945	-0.00340929231606
-3.12494528131	-68.9722913657	48.9561022655	-0.00201975554228	-0.0034622119274	-0.00325698172674
-3.54146468141	-68.9887579466	48.8972930477	-0.00220209220424	-0.00348642026074	-0.00329699041322
-3.37619835316	-68.9524011077	49.0271389012	-0.00213490356691	-0.00344887143001	-0.00323874270543
-3.06836608004	-69.0222276333	48.7777584524	-0.0019865881186	-0.00350775453262	-0.00332540296949
-7.18567838538	-68.1797479139	51.7866145931	-0.0040569389239	-0.0028119799681	-0.00234564603306
-7.44839039450	-68.1795519368	51.7873145114	-0.00417762435973	-0.00281775696203	-0.00236611044966
-7.26896795745	-68.0641781077	52.1993639011	-0.00413515744731	-0.00270617869683	-0.00218178797513
-3.39428841854	-68.0152647994	52.3740542877	-0.00232417462394	-0.00259501603432	-0.00187082670163
-3.72416557476	-68.0276669643	52.3297608418	-0.00247948127799	-0.00261090369895	-0.00190416281112
0.810268437678	-64.2517494056	65.8151806943	-0.000113786081783	0.00103922164999	0.00653792452067
0.249554564953	-64.2782756051	65.7204442674	-0.000621365034021	0.000972414622083	0.00650711916387
0.465648093887	-64.3236322499	65.5584562505	-0.000423978548497	0.000898796366528	0.00638325605541
0.581379297892	-64.1972727441	66.0097401998	-0.000320063438267	0.00112329435069	0.00669069169089
-0.3233103139	-63.9352635092	66.9454874671	-0.00114715390373	0.00153504055925	0.00733888801187
-0.479652574814	-64.0387726062	66.5758121206	-0.00128986884374	0.00136852962896	0.00708743557334
-0.267618711281	-63.9999448009	66.7144828539	-0.00109560077544	0.00143319915514	0.00718644214794
-5.16067846591	-68.2774528796	51.4376682873	-0.00309253041632	-0.00286085251719	-0.00235183932818
-5.47819263783	-68.2942438747	51.3777004473	-0.0032348651439	-0.00288238236681	-0.00239549018443
-5.10212777149	-68.4059081232	50.9788995599	-0.00303179654293	-0.0029777395539	-0.00253690686077
-5.84860831485	-68.1739969879	51.8071536146	-0.00344113912433	-0.00277899997309	-0.00224142335355
-5.95806742184	-68.0311261690	52.3174065394	-0.00353625719436	-0.002650012495	-0.00203581480309
-6.16612248676	-68.1907879831	51.7471857746	-0.00358322844841	-0.00280068814754	-0.00228746584617
6.94781519068	-64.7177967293	64.1507259667	0.00413749646395	0.00077599985525	0.0041162497364
6.74278385502	-64.6651045069	64.3389124754	0.00404429668561	0.000830655859318	0.00427464954555
3.31526402942	-68.5614810633	50.4232819166	0.000875490310136	-0.00297831208445	-0.00259736739099
3.02725736597	-68.5611168446	50.4245826980	0.000743694137782	-0.00298183830455	-0.00259197270498
3.23934614440	-68.4306541127	50.8905210260	0.00085242674686	-0.00286109209992	-0.00240661390126
3.31180211475	-65.9754176510	59.6592226750	0.00140767171979	-0.000779800815508	0.00177005294245
3.65542095499	-66.0729782874	59.3107918308	0.00157605018467	-0.000835519866087	0.00155145535246
3.59696068904	-65.9527381843	59.7402207703	0.00158878799994	-0.000738327740692	0.00180669920519
3.44220371014	-66.0842004632	59.2707126313	0.00144504068885	-0.000859827792738	0.00153662054799
7.83924208711	-67.3467425901	54.7616336069	0.00329518853687	-0.00182071409654	-0.000979655887932
7.89243472268	-67.4686211354	54.3263530880	0.0032759543974	-0.00193239981309	-0.00117532012518
7.90038792120	-67.4057126126	54.5510263837	0.00330278812908	-0.00187435245607	-0.00107747642323
-11.3321769485	-66.4510888517	57.9603969581	-0.00689417216927	-0.00127953058109	-0.000183038966497
-11.8239853371	-66.3953661881	58.1594064711	-0.00717666791752	-0.00123950326815	-0.000189197133295
-11.5515404759	-66.4742823727	57.8775629548	-0.0069839656353	-0.00130643881857	-0.000260565284407
-11.4120698648	-66.3879851963	58.1857671560	-0.00698058120906	-0.0012221847428	-9.75456641754e-05
-11.6314089786	-66.3781552761	58.2208740141	-0.00709560187533	-0.00121851114091	-0.00012421637075
5.74622123992	-65.9590282179	59.7177563646	0.0028157371562	-0.00059925368987	0.00164719333407
5.68378502013	-65.8317205192	60.1724267170	0.00284331757575	-0.000480683287606	0.00191327626817
5.91000165948	-65.8236052668	60.2014097615	0.00297235674225	-0.000459881703136	0.00190752593335
9.28728188618	-68.9065224483	49.1909912560	0.00347262341529	-0.0032720011659	-0.00338822882622
8.87561959384	-68.8680009395	49.3285680733	0.00330294691958	-0.00323276943527	-0.00330160045996
9.10787752641	-68.9413841523	49.0664851705	0.00338563718833	-0.00330333621241	-0.00342213572003
9.12686605206	-68.8479210048	49.4002821255	0.00341787538491	-0.00321558886208	-0.00329356803559
-4.56164183241	-69.5553445433	46.8737694884	-0.00254529947415	-0.0040510892868	-0.00413345592096
-4.08510958776	-69.5735153442	46.8088737707	-0.00233803852461	-0.0040564541705	-0.00413604639471
-4.48104305950	-69.4721972027	47.1707242762	-0.00252586370334	-0.00396855454892	-0.00401477701962
-4.04598470458	-69.4849740379	47.1250927219	-0.00233640242368	-0.00396992778406	-0.0040120864287
11.6280677832	-67.6947850099	53.5186249646	0.00494519295171	-0.00214701960795	-0.00188722787425
11.9611387029	-67.6614034665	53.6378447625	0.00511477794498	-0.00211952324025	-0.0018782382831
11.9334831149	-67.7925505690	53.1694622537	0.00504447426647	-0.00224447180517	-0.00206674146466
6.90528711221	-64.8626984464	63.6332198344	0.00403373735026	0.000609075999819	0.00381266186014
6.93636986722	-65.0122518918	63.0991003863	0.003970307298	0.000442192802439	0.00348418857902
7.08450051083	-64.9012316516	63.4956012444	0.00411615334451	0.0005716017331	0.00369368726388
7.12813591338	-64.9577227250	63.2938474108	0.00410980870947	0.000509771343786	0.00356422434561
5.98823839164	-64.6463792319	64.4057884575	0.00359816849232	0.000824761576951	0.00448327371851
6.22517717335	-64.7051825877	64.1957764724	0.0037136238534	0.000765077071264	0.0043000523001
5.92074619398	-64.7836486214	63.9155406377	0.00349296513014	0.000658973120153	0.00418947823346
-4.34866846982	-68.6460153553	50.1213737312	-0.00263112271205	-0.00318416417576	-0.002844969742
-4.70923498740	-68.5205517773	50.5694579381	-0.00282358098775	-0.00307554961182	-0.00268213939853
-4.59709669439	-68.6514501556	50.1019637301	-0.00274251494557	-0.0031943814829	-0.0028653240297
-10.0907918360	-67.7586334603	53.2905947847	-0.00555951101705	-0.00248656468466	-0.00199903268367
-10.4875327697	-67.6856894045	53.5511092695	-0.00577567098662	-0.00242768949829	-0.00193683733232
-10.3032505388	-67.7833558020	53.2023007072	-0.00564618827775	-0.00251593417488	-0.00205869879574
-10.4675672752	-67.7461778208	53.3350792113	-0.00573860667646	-0.00248495815322	-0.00202291994356
-2.32408268801	-69.2934278840	47.8091861287	-0.00162018847186	-0.0037476180587	-0.00367991765961
-2.73754968010	-69.1847029850	48.1974893392	-0.00181597319897	-0.00365353841335	-0.00354179227725
-2.76439976413	-69.2644411489	47.9127101823	-0.00181618379429	-0.00372951291502	-0.00365423946641
-5.06082463638	-64.7863661919	63.9058350290	-0.00468835094944	0.000438652670709	0.00435034232214
-5.45484872557	-64.7916201761	63.8870707997	-0.0049327807501	0.000444427510956	0.00424872338772
-5.41181179495	-64.8975458604	63.5087647842	-0.00484496215358	0.000318543083267	0.0040015662089
-5.53822747419	-64.8395961413	63.7157280668	-0.00495656672865	0.00039002567064	0.00411395030096
-1.0465153195	-64.8686446750	63.6119833036	-0.00177086156327	-2.27406471822e-05	0.00481469836086
-1.22213402623	-64.9696682189	63.2511849326	-0.00190595292952	-0.000148108243593	0.00449208635837
-1.09281560747	-64.9253091654	63.4096101235	-0.00180328974966	-0.000100139557617	0.00463836081326
-1.49964139543	-64.9048939349	63.4825216611	-0.00214802543633	-3.00534557027e-05	0.00466085365042
-1.41974453973	-64.8355514833	63.7301732740	-0.00209268694744	6.15366152488e-05	0.00487703457475
-9.00085655266	-64.8226106968	63.7763903684	-0.00702763348818	0.000397688971134	0.00329660438001
-9.14829912759	-64.7539087342	64.0217545208	-0.00717600528151	0.000466702476842	0.00339687312953
-9.47078134912	-64.8216090937	63.7799675224	-0.00729984370992	0.000384784390917	0.00317139900289
9.86432824266	-67.5926891152	53.8832531600	0.00416436279193	-0.00203887373209	-0.00154243258294
10.1766550037	-67.5100972604	54.1782240701	0.00434528011829	-0.00196157302707	-0.001449348405
9.95992667793	-67.5417722896	54.0650989657	0.00423003500327	-0.00199107220396	-0.00147497316357
10.4752241377	-67.5846908883	53.9118182559	0.00445428723469	-0.00203299708664	-0.00159367639571
-6.59792619198	-65.0013885846	63.1378979121	-0.00548948580399	0.000225366326049	0.00350076169707
-6.45593520067	-65.0587620619	62.9329926361	-0.00536728138104	0.000160079478519	0.00340116536245
-6.58301026188	-65.1106697865	62.7476079054	-0.0054056760855	0.000104949634988	0.00325714261271
10.5542278685	-66.0126804614	59.5261412094	0.00530494796112	-0.00052404118469	0.000937265285756
10.5334790563	-66.1615667313	58.9944045311	0.00520403357223	-0.000670529087074	0.000683041114826
10.9840664138	-66.0516426220	59.3869906356	0.00549919577315	-0.000562194560189	0.000801650749054
10.4485168777	-66.0814576918	59.2805082436	0.00520920287818	-0.000592147582211	0.000834161357488
-9.71882096609	-65.6882400992	60.6848567884	-0.00668020360172	-0.000507385004312	0.00143790431321
-9.71398179825	-65.5425226034	61.2052764166	-0.00679764803499	-0.000362427730579	0.00170994189102
-9.40865528592	-65.5494784603	61.1804340704	-0.00663019483909	-0.000363110739272	0.00176203087904
8.79115344998	-69.1075583347	48.4730059475	0.00320868310519	-0.00345694227144	-0.00362740107812
8.73142361785	-69.1720611167	48.2426388688	0.00316850212403	-0.00351694063284	-0.00371173722669
8.28100737614	-69.1444201607	48.3413565689	0.00298148486763	-0.00348836323246	-0.00364058790728
8.40043679225	-69.0830904209	48.5603913538	0.00304605299607	-0.00343163125217	-0.00356446765363
8.52832864135	-69.1866247253	48.1906259811	0.00307840737514	-0.00352917588316	-0.00371666392311
2.27419018278	-65.1525342551	62.5980919462	0.00102738034911	-0.000167362653883	0.00385889178142
2.17913004065	-65.2194465959	62.3591193002	0.000940150814131	-0.00025413921685	0.00367920496501
2.65659039659	-65.2323971068	62.3128674758	0.00127222680021	-0.000192831270397	0.00360139668919
1.69526985223	-66.4780669684	57.8640465414	0.000283827685053	-0.0012620287016	0.000790124933701
1.26300630424	-66.4294768616	58.0375826372	2.69255688181e-05	-0.00124269584194	0.000884266861249
1.80019244211	-66.4021672678	58.1351169008	0.000360022182576	-0.0012014467502	0.000934230105486
1.60124493441	-66.3597792585	58.2865026484	0.000244999973802	-0.00117908173706	0.00101752474438
11.4495866765	-67.0266737868	55.9047364756	0.00517581170425	-0.00150774652138	-0.000855707272422
10.9900625975	-67.0120779445	55.9568644840	0.00496202055365	-0.00149134953972	-0.000774200714659
11.0213709343	-67.0897030678	55.6796319008	0.00493855122477	-0.00156552903354	-0.000899375649169
1.10348597562	-70.4087854514	43.8257662450	-7.76008528192e-05	-0.00476121716201	-0.00513947708532
1.23905514915	-70.3468375149	44.0470088754	-2.55133963947e-05	-0.00469716172665	-0.00505542522296
1.58733248555	-70.4124469983	43.8126892916	0.000119864474982	-0.00475566554815	-0.00514216767624
-3.64750758211	-67.3630187681	54.7035043996	-0.00261610373855	-0.00202838471159	-0.000859302002937
-3.54093583988	-67.2958281520	54.9434708858	-0.00258130417205	-0.00197023944929	-0.000744306133129
-3.94353221890	-67.2857661194	54.9794067163	-0.00279140565544	-0.00196366338059	-0.000747306272388
-3.68838459351	-67.2393388721	55.1452183139	-0.00267472187988	-0.00192272220738	-0.000657971424516
5.33675293630	-65.7180454471	60.5784091176	0.00270482688211	-0.000391893088818	0.00218642083928
5.05579712565	-65.7319815463	60.5286373347	0.00253882911056	-0.000424920843216	0.00218321895227
4.70534516309	-64.6068046402	64.5471262850	0.00281060859561	0.000804078707006	0.00486804172397
4.62810392811	-64.6905059240	64.2481931284	0.00273219146766	0.000692789850291	0.00468415347859
5.02402469283	-64.7090645163	64.1819124417	0.00297552999109	0.00069719896419	0.004553232342
4.79545562608	-65.0212756000	63.0668728573	0.00271181249991	0.000304614804918	0.00385116832331
4.84742167882	-64.9401206107	63.3567121048	0.00277621904388	0.00040431090747	0.0040371674113
4.41478683440	-64.9379728971	63.3643825103	0.00251050456427	0.000369144749129	0.00412108935416
3.20091314897	-66.3717832229	58.2436313469	0.00120431592222	-0.00110873440281	0.000969633110799
3.72728862228	-66.3735507051	58.2373189104	0.00150800030679	-0.0010821421165	0.000949744891841
3.57731592485	-66.3158076266	58.4435441908	0.00144146149978	-0.00104242563248	0.00106682057958
6.39290987597	-69.9029620905	45.6322782483	0.00208231294528	-0.00419341214001	-0.00455904332921
5.93863965721	-69.9641294705	45.4138233196	0.00189328379929	-0.00425420096144	-0.00462050037459
1.27226311140	-64.3060981223	65.6210781346	0.000295055855531	0.000971533008851	0.00634920271114
1.56458733763	-64.4370216641	65.1534940567	0.000545845134184	0.000772046623752	0.00596992624924
1.72888036126	-64.3573282943	65.4381132346	0.00068477523746	0.000918435223866	0.00614911410958
3.15921838672	-68.1322709621	51.9561751353	0.000844953814521	-0.00259563769214	-0.00196591555141
3.45912039665	-68.2186876392	51.6475441455	0.000977346324362	-0.00266793207265	-0.00210016407073
3.27450228541	-68.2877204447	51.4009984117	0.000882900611032	-0.00273230811581	-0.00219823489897
2.21845034117	-67.3074322177	54.9020277940	0.00046768138418	-0.00190360075794	-0.000666697218549
1.78024418217	-67.3007775733	54.9257943812	0.000236770240008	-0.00190801278222	-0.00065191538306
2.02700980759	-67.2794715750	55.0018872321	0.000369573011994	-0.00188483612146	-0.000618886668235
2.14075993184	-67.3697390643	54.6795033419	0.000420027849032	-0.00195727986284	-0.000767457298934
1.77910655823	-67.3765987354	54.6550045164	0.000229927274631	-0.00197085132822	-0.000775578781031
-5.36231614068	-69.3566421140	47.5834210214	-0.00292874407023	-0.00388018647209	-0.00390065088868
-4.86269574729	-69.3723727014	47.5272403521	-0.00270942621864	-0.00388215132989	-0.00389567716047
-4.78209697438	-69.2892253608	47.8241951399	-0.00269081676379	-0.00380022334866	-0.00377604155801
0.684597330434	-66.9142287671	56.3063258319	-0.000343001243891	-0.0016217189841	1.88609783436e-06
0.535950127874	-66.8455005123	56.5517838846	-0.000427230697824	-0.00157162267715	0.000121496232168
0.953960558987	-66.7785482991	56.7908989317	-0.000184468226507	-0.00151109823491	0.000241153233219
-4.52245442833	-69.0484279932	48.6841857387	-0.00262505118735	-0.0035646231845	-0.00342605216429
-4.98553483748	-69.0318534025	48.7433807053	-0.00283279898576	-0.00355998240411	-0.00342662585899
-4.43270234594	-68.9821371895	48.9209386089	-0.00259869522415	-0.00349996471778	-0.00332817668095
4.40824088902	-67.8634061443	52.9164066274	0.00148468639236	-0.00233762571588	-0.00159270851873
4.53329219064	-67.8126762101	53.0975849638	0.00155506725423	-0.00229062954895	-0.00151941785589
4.09991950165	-67.8273485258	53.0451838364	0.00134158378933	-0.00231094914488	-0.0015279033687
4.26049391127	-67.7653882982	53.2664703636	0.00143130391371	-0.00225357851014	-0.00143764982931
3.41702503671	-67.2493892274	55.1093241877	0.00110568921082	-0.00182549201418	-0.000592534663156
3.58264952872	-67.3133423913	54.8809200312	0.00117896567099	-0.00187571335118	-0.000701602490153
3.15030392364	-67.3888108784	54.6113897202	0.000941887323279	-0.00195030332543	-0.000814013241325
1.45641789614	-67.1946813334	55.3047095236	7.17431175872e-05	-0.00182822986972	-0.000475012435345
1.05670006452	-67.1196770904	55.5725818199	-0.000141424228786	-0.00177628162783	-0.000348817819031
1.48556239955	-67.0876630883	55.6869175418	9.52709597186e-05	-0.00174096913543	-0.000295602018014
1.17117752126	-67.1781792519	55.3636455290	-8.15640814835e-05	-0.00182101503015	-0.000446887628641
1.53303960797	-67.1426710014	55.4904607093	0.000116954870464	-0.00178426608909	-0.000388427550206
5.71243791775	-65.2853351702	62.1238029637	0.00313106109388	7.86436794442e-05	0.00309172924608
5.97586779214	-65.1659866946	62.5500475192	0.00334103568457	0.000225398456678	0.00331775587983
6.22336573916	-65.2099079849	62.3931857683	0.00346033624373	0.000191175626242	0.00317979441024
5.97505624561	-65.3208526181	61.9969549353	0.00326300598681	5.69789044675e-05	0.00297391531058
11.1536219985	-65.6821906586	60.7064619334	0.00582711072639	-0.000196099004825	0.00141400157008
10.7819788660	-65.7360515667	60.5141015477	0.00559830758721	-0.000248926400673	0.00138527282979
11.0930222091	-65.6245983265	60.9121488339	0.00583490170538	-0.000138143295771	0.00152660044841
10.7257846465	-65.6554636702	60.8019154637	0.00562260625884	-0.000168112106621	0.00153848109767
-4.95052785246	-63.9486225867	66.8977764761	-0.00505695259199	0.00149222020991	0.00642556091771
-5.40025124428	-63.9415250459	66.9231248360	-0.00539900595322	0.0014923538547	0.00630826223642
-4.95024257325	-63.8775092325	67.151752741	-0.00510019250214	0.00158263975754	0.00659534009174
-3.62769205073	-66.6921939108	57.0993074614	-0.00283406907693	-0.00146240938921	0.000292621232802
-3.48753659560	-66.7515985477	56.8871480439	-0.00273418193683	-0.00151291815564	0.000192145234905
-3.20302757588	-66.6353115125	57.3024588841	-0.00261927698739	-0.00142015726306	0.000416534079704
-7.13517533264	-68.5999492366	50.2858955835	-0.00390051910654	-0.00320533383638	-0.00295018893667
-7.56529820262	-68.5543952512	50.4485883886	-0.00410761684179	-0.00317355035804	-0.00291758426465
-7.68951213954	-68.6271879056	50.1886146229	-0.00414061080664	-0.0032460661605	-0.00303103146143
-0.927681662536	-66.4066075964	58.1192585844	-0.00133828341495	-0.00126628740691	0.000912866496947
-0.986271172179	-66.2853236843	58.5524154133	-0.00139803555794	-0.00118166580796	0.00114942714572
-1.26390034456	-66.2873295489	58.5452516111	-0.00157387927175	-0.00118079467211	0.00114081660286
-1.12492142083	-66.4109331740	58.1038100929	-0.00145976210479	-0.00126893213019	0.000901277351659
-0.810731826204	-66.5086978126	57.7546506692	-0.00124922732357	-0.00133902369998	0.000720142561477
-0.918662102906	-66.4661229063	57.9067039061	-0.00132224417757	-0.00130863068625	0.000799028843176
-6.81413613171	-65.3110460330	62.0319784535	-0.00539847929031	-0.000106934436189	0.00276737613603
-7.30765311289	-65.3745537594	61.8051651451	-0.0056287124753	-0.000168983402546	0.00253651198
-7.41830321531	-65.311287664	62.0311154857	-0.00573629979044	-0.000102438454633	0.00264868489467
3.73295873279	-67.2501313159	55.1066738717	0.00126998196356	-0.00181801454164	-0.000602092943154
3.44565381957	-67.1230209919	55.5606393148	0.00114672747441	-0.00171794905327	-0.000383196369512
3.69994246476	-67.1192314600	55.5741733572	0.00128187576775	-0.00170756061561	-0.00038368726382
-11.3554962045	-66.0154331095	59.5163103232	-0.00724918302149	-0.000868797244038	0.000523003400303
-11.5571023966	-65.9586947954	59.7189471592	-0.00739860301837	-0.000821506080683	0.000574768229853
-11.7159994338	-66.0847279089	59.2688288969	-0.00737253576517	-0.000946107087657	0.00033164722845
6.21331758027	-67.0775482014	55.7230421377	0.00259039527737	-0.00160402758047	-0.000427499209763
6.07099551341	-67.1529794401	55.4536448566	0.00249252724461	-0.00167498155497	-0.000543615722563
-4.43410872043	-67.2377560947	55.1508710903	-0.00305850058794	-0.00192443933338	-0.000694638350978
-4.35194792444	-67.2886316288	54.9691727543	-0.00299898837693	-0.00196820101701	-0.00077384308679
0.334240009365	-67.0458562719	55.8362276004	-0.00053917709738	-0.00173157569952	-0.0002263806673
0.393842834532	-66.9126593189	56.3119310039	-0.000508012191858	-0.00162619596813	3.23465610563e-06
0.660130134636	-67.0452283089	55.8384703254	-0.000358215591405	-0.00172504014336	-0.000223589900997
-7.48433162035	-65.9308488911	59.8183968173	-0.00533008622006	-0.000726831145585	0.00137640396133
-7.84044704873	-66.0104483429	59.5341130609	-0.00546173425391	-0.000803614268079	0.00116969912779
-8.00395068281	-65.9642811228	59.6989959900	-0.0055788885802	-0.000759112648666	0.00123207469005
6.47177953082	-66.4309140329	58.0324498826	0.0029842061922	-0.00100878218655	0.000680114433635
6.13456259318	-66.5240438829	57.6998432754	0.00276613305323	-0.00110622530337	0.00053681054851
6.43725829707	-66.3693097875	58.2524650446	0.0029940714594	-0.000952929491177	0.000796144886408
5.97689863685	-66.4795464938	57.8587625223	0.00270199379884	-0.00107142445631	0.000629198097158
6.94244597788	-66.4427749388	57.9900895043	0.00322444015183	-0.00100421207026	0.000618443009444
6.69654423764	-66.3594473113	58.2876881738	0.00313496100716	-0.0009344748687	0.000792136415839
6.88441635145	-66.3830729208	58.2033109973	0.00322213815525	-0.000950230809394	0.000732100394089
5.81200164648	-66.6309726837	57.3179547012	0.00255216914229	-0.00121440785006	0.000366771739209
6.23062785301	-66.6491385169	57.2530767253	0.00276373722591	-0.00121686491184	0.000305905559799
5.89896763979	-66.5628138676	57.5613790443	0.0026257543359	-0.00114987103734	0.000483380339574
1.31994621885	-69.8460611036	45.8354960584	-1.61197076523e-05	-0.0042063924484	-0.00437765289098
0.930611705973	-69.7910629738	46.0319179508	-0.000182226940524	-0.00416016206145	-0.0043045594357
0.803658302449	-69.8498729055	45.8218824804	-0.000232544261962	-0.00421912921593	-0.00438569579273
2.05549866597	-65.6203895088	60.9271803258	0.000725455232896	-0.000620835635345	0.00262252567336
1.67058691006	-65.7279873089	60.5429024681	0.000425606005592	-0.000738225528039	0.00236877775751
1.47177102470	-65.6642032790	60.7707025751	0.00030107414932	-0.000714199908543	0.00252610747702
2.14076089278	-65.6729578702	60.7394361780	0.000766645825934	-0.000650920846965	0.0024917810224
8.35431773721	-68.5021798759	50.6350718717	0.00316746998578	-0.00288820080459	-0.00274603650905
8.34148721410	-68.3831419373	51.0602073667	0.00319422432221	-0.00277713430114	-0.0025747239124
8.02140857878	-68.3920878153	51.0282578024	0.00304723414592	-0.00278552016243	-0.00256407237612
8.11726142785	-68.5020696829	50.6354654183	0.00306127779186	-0.00288789020851	-0.00272846757434
9.45436149108	-66.1012143721	59.2099486710	0.00469187833369	-0.000619480560999	0.000944954459555
9.10486756847	-66.2155712783	58.8015311491	0.00444946531206	-0.000736100948416	0.000788946868852
9.15227488069	-66.0872364430	59.2598698466	0.00454545579851	-0.00060993648367	0.0010116850026
2.79887772779	-65.9484650380	59.7554820070	0.00110102118924	-0.000799350207672	0.00184490799438
2.45762237641	-66.0613547362	59.3523045135	0.000849566829856	-0.000912116433028	0.00161151948851
2.21420230574	-66.0255371735	59.4802243804	0.000705568352714	-0.000902893953025	0.00169150554575
2.14370857579	-65.9533442232	59.7380563457	0.000680816010572	-0.00085568142822	0.00184831977822
-9.88228472216	-67.0025852729	55.9907668826	-0.00583958113566	-0.0017682769103	-0.000829385127872
-9.49265549243	-67.0231676752	55.9172583029	-0.00564288720489	-0.00177997793071	-0.000811106176116
-9.55127271324	-66.9718128451	56.1006684102	-0.00569940404966	-0.00173294532578	-0.000737030175515
-9.71003186591	-66.9622622967	56.1347775119	-0.00578046031296	-0.00172702420969	-0.000742726610042
-9.70876149565	-67.0493095769	55.8238943682	-0.00573119428009	-0.00180867151357	-0.000880153034814
-2.75405320427	-69.7709708925	46.1036753840	-0.00174112524837	-0.00421570474282	-0.00435397401452
-2.98319479495	-69.8428270218	45.8470463507	-0.00182814057916	-0.0042912135832	-0.00446052197367
-3.06077648532	-69.6789717018	46.4322439223	-0.00188419420738	-0.00413358490914	-0.00423884857446
-6.18129746176	-64.7672606217	63.9740692082	-0.00539675727487	0.000486180942971	0.00413656886667
-6.15351177917	-64.6418098124	64.4221078129	-0.00546111119911	0.000632453942671	0.00443767942488
-5.85293377348	-64.7253879000	64.1236146430	-0.00522032380104	0.000530909455847	0.00431449757889
-5.94345950698	-64.6535148491	64.3803041105	-0.00532163400203	0.00061701843515	0.00446303421631
-5.93631252210	-64.7733638652	63.9522719101	-0.00524221593514	0.000475889042718	0.00418065581471
-4.85264275611	-65.9215467168	59.8516188685	-0.00390327302739	-0.000768970523495	0.00172180996742
-4.77991801999	-66.0648820111	59.3397071030	-0.00377995730378	-0.000901534396689	0.00142952427268
-4.57401174625	-66.0415353333	59.4230880952	-0.00367647013627	-0.000887331611011	0.00149499939289
-4.51384213499	-65.9964115076	59.5842446158	-0.00366735784337	-0.000849208852742	0.00159408373293
9.30766476996	-67.3669866891	54.6893332532	0.00399296684191	-0.00182782579213	-0.00114162790123
9.53116703469	-67.4625472426	54.3480455620	0.00405994569883	-0.00191676418763	-0.00131109042559
9.08615820945	-67.3988448978	54.5755539366	0.00387419015169	-0.00185861554928	-0.00116987270303
9.06271269992	-67.4535136748	54.3803083043	0.00384109187871	-0.0019097867189	-0.00125233444851
-0.32242558402	-68.6840995254	49.9853588379	-0.00079033622751	-0.00314470427111	-0.00277015939355
0.201541473978	-68.7103060608	49.8917640687	-0.000549935968593	-0.00315982103348	-0.00280104926787
-0.21143076643	-68.6108341279	50.2470209718	-0.000744175398722	-0.00307640829124	-0.00266285799444
0.0322916248715	-68.7420697164	49.7783224413	-0.000625344109721	-0.00319154793397	-0.00284856394865
-0.224113623637	-69.0494129217	48.6806681369	-0.000722005730495	-0.00347870145924	-0.003288785927
-0.622825250623	-68.9553228705	49.0167040338	-0.000906157831196	-0.00339853018522	-0.00316234328784
-0.194161194454	-68.9715877325	48.9586152412	-0.00071377196582	-0.00340608414263	-0.00317843188532
-2.43130123201	-67.9900405361	52.4641409424	-0.00186436425429	-0.00255893426947	-0.00179591332562
-2.85533459512	-68.0712981041	52.1739353427	-0.00205385847948	-0.00263678096235	-0.00193397793919
-2.50990900603	-68.1382249597	51.9349108581	-0.00187624082901	-0.00269089988433	-0.00202228152193
8.74724062786	-69.4111405542	47.3887837351	0.00312477606349	-0.00374067481607	-0.00404010247439
8.85205866271	-69.2856927813	47.8368114953	0.00319514540024	-0.00362430815585	-0.00387678761035
8.58390699776	-69.3671873829	47.5457593468	0.00306458515115	-0.00369825912639	-0.00396818760782
9.01624717214	-69.3290816464	47.6818512629	0.00325554748997	-0.00366648868658	-0.00394862797111
8.64896368621	-69.3002563899	47.7847986075	0.00310578010976	-0.00363624864258	-0.00388150382787
-2.02099622779	-66.7165021551	57.0124923033	-0.00192105956376	-0.00149391277228	0.000310661795083
-2.30500695202	-66.6131310900	57.3816746786	-0.00211404822767	-0.001411650097	0.000491189013701
-2.31880040370	-66.7169442568	57.0109133684	-0.00209125713445	-0.00149298785254	0.000300884799799
-1.99430087947	-66.6072903566	57.4025344408	-0.00193492253311	-0.00140953564551	0.000511181133334
-3.55814014300	-63.7515931028	67.6014532042	-0.00404793396592	0.00177360989619	0.0072841080837
-4.07264162222	-63.7710132028	67.5320957043	-0.00446520093828	0.00173817342147	0.00710164243355
11.9184848277	-67.2567382698	55.0830776080	0.00528450496495	-0.00173216138501	-0.00126952654682
12.1195932133	-67.3182314498	54.8634591080	0.00534963887185	-0.00179351284169	-0.00138853292447
11.7450283832	-67.3590873293	54.7175452524	0.00515275308862	-0.00182804593351	-0.00140186760109
11.7435619816	-67.2896018019	54.9657078505	0.00518543692306	-0.00176165869925	-0.00129676575307
12.1012225913	-67.2663568733	55.0487254523	0.00536650046706	-0.00174360675737	-0.00130801764317
-2.19816591783	-65.9248853731	59.8396950962	-0.00229380745441	-0.000898904982023	0.00188013538718
-2.17907516918	-66.0433975782	59.4164372208	-0.0022338826675	-0.000986011582427	0.0016225297004
-1.86532038123	-66.0370116952	59.4392439457	-0.00203392631374	-0.000993160530925	0.00164476386271
5.92916833887	-64.5142995597	64.8775015726	0.00362350023352	0.00098083622288	0.00479115918279
5.78732779242	-64.4007457220	65.2830509927	0.00358666107059	0.00111354875844	0.00507736718282
5.64341908712	-64.4422512246	65.1348170549	0.00347610493191	0.00105742551386	0.00502133741975
6.00443474611	-64.4419118164	65.1360292271	0.00370491156355	0.0010710436618	0.00493272906169
5.70399830923	-64.4875080132	64.9731856670	0.00349437701516	0.00100449298043	0.00490519357845
-0.325913224446	-65.0968617955	62.7969221591	-0.00111373572145	-0.000364176958101	0.0041458918713
-0.574609811267	-65.1041507004	62.7708903557	-0.00133015355095	-0.000363682076568	0.00411620363593
-0.326230172886	-65.2150021809	62.3749922112	-0.00110212876461	-0.000486757082399	0.00378204649314
-0.704970687008	-65.6728711826	60.7397457764	-0.00133194774389	-0.000802491966169	0.00250292103738
-0.55307226552	-65.7459056705	60.4789083195	-0.00120490440167	-0.000848545867484	0.00232586055063
-0.185151225848	-65.6709396197	60.7466442155	-0.000939265300985	-0.000808269134723	0.00251287850551
-1.75957140852	-63.6325789546	68.0265037335	-0.00249675614759	0.00196653464809	0.00793582759798
-1.90648593430	-63.7166376587	67.7262940762	-0.00261472980492	0.00184573314618	0.00771269761026
-2.24661436695	-63.6465498262	67.9766077636	-0.00293891062029	0.00193915085401	0.00782399624586
1.05249777119	-68.2241217504	51.6281366058	-0.0001647353929	-0.00271047512069	-0.00208595371805
0.952547626086	-68.2916496723	51.3869654561	-0.000212149039726	-0.00277179735713	-0.00218626996502
0.762951880943	-68.2967158695	51.3688718947	-0.000301840977045	-0.00277933129109	-0.00219454010949
0.640745617307	-68.2595672364	51.5015455842	-0.000360384699889	-0.00274841510691	-0.00214024609886
-5.20007943277	-66.6441877928	57.2707578829	-0.0037048603408	-0.0014063102426	0.000280951382592
-5.01176414646	-66.5866921828	57.4760993473	-0.00363262370229	-0.00135760125704	0.000399911834393
-5.40530726483	-66.5339393576	57.6645022943	-0.00386876519769	-0.00130698771682	0.000466090539703
-5.46450092657	-66.5899294267	57.4645377616	-0.00387153052725	-0.00135617691558	0.000358598539606
3.07314040212	-69.7844526685	46.0555261840	0.000716757203918	-0.00411947444081	-0.00430103391409
2.96334832304	-69.9210203808	45.5677843541	0.000671617977787	-0.00425180234015	-0.00448521785438
2.83551483910	-69.7853549433	46.0523037740	0.000617364305072	-0.0041238325648	-0.00429965741932
3.53286717539	-69.7346559417	46.2333716366	0.000909393886104	-0.00406564539298	-0.00423982739449
3.14239070066	-69.6653872386	46.4807598623	0.000746300909668	-0.00400529429317	-0.00413951277733
3.03509117393	-69.7242390586	46.2705747907	0.00070089608198	-0.00406268518418	-0.00421853736043
3.31681303338	-70.0098176283	45.2506513276	0.000818471598905	-0.00433171587065	-0.00460959086195
2.88487712193	-70.0514589428	45.1019323471	0.000640677928459	-0.00437880493701	-0.00466078333557
3.88898799979	-69.8191326090	45.9316692536	0.00105657230597	-0.004140984267	-0.00436119968072
3.94626977709	-69.6963589045	46.3701467695	0.00108319905121	-0.00402396032587	-0.00419541308656
7.35456065497	-66.6640802099	57.1997135359	0.00333520467393	-0.00119892973453	0.000190146907698
7.05862664615	-66.6500743413	57.2497344952	0.00319045875221	-0.00119345763233	0.000239977845922
7.46930760930	-66.5488206976	57.6113546514	0.00344641716219	-0.00108853820711	0.000381305871997
7.21135291391	-66.5310623269	57.6747774039	0.00332247302867	-0.00107874302194	0.000436326808995
7.92545251534	-67.0668026378	55.7614191508	0.00344752427191	-0.0015611522831	-0.000536949606612
7.98911531757	-67.2064433019	55.2627024933	0.00342219346203	-0.00168943055905	-0.000768388563301
8.2077552946	-67.1578864228	55.4361199184	0.00354845519178	-0.00164173205849	-0.000709128857125
7.74423773679	-67.1251267662	55.5531186922	0.0033346558921	-0.0016177687794	-0.000616707955487
1.58379106944	-69.1439304913	48.3431053881	7.83004288678e-05	-0.00353707489558	-0.00340831838548
1.79536749357	-69.2623929809	47.9200250683	0.000171451698407	-0.00364448595792	-0.00357388425618
2.04668392278	-69.2325273808	48.0266879256	0.000280584063148	-0.00361287919804	-0.00353302061558
-9.94966720640	-66.6479626500	57.2572762500	-0.00608628150076	-0.0014357304899	-0.000269901473075
-10.1799988691	-66.6744005520	57.1628551713	-0.00618034228683	-0.00146527716424	-0.000347802648321
-7.08846802785	-64.6861899744	64.2636072344	-0.00600750558078	0.000580479507335	0.00409495923668
-7.40688151233	-64.7490797026	64.0390010623	-0.00615197792649	0.000507117190864	0.00387223507278
-6.90647109511	-64.7961833003	63.8707739274	-0.00581680983305	0.000456692534499	0.00389327039011
3.32231546620	-63.8787638570	67.1472719392	0.0020649775397	0.00171224807855	0.00696426583454
3.58977331482	-63.8966063851	67.0835486247	0.00226987758651	0.00169509358238	0.0068494672887
3.78888899852	-63.7931250995	67.4531246447	0.00247712898999	0.00183722632937	0.00703374249861
3.37806910668	-63.7573788675	67.5807897589	0.00216296990402	0.00187686097343	0.00723334960639
3.59115942470	-63.7661763164	67.5493702986	0.002332580043	0.00186906394083	0.00715335691348
-0.227464723581	-70.2084763627	44.5411558474	-0.000637646298856	-0.00458914088085	-0.00488477293402
0.0797108400669	-70.2092728914	44.5383111022	-0.000510708137881	-0.00458371825516	-0.00488119898364
0.0968358831536	-70.3433622437	44.0594205583	-0.000493751256727	-0.0047160978429	-0.00506186718121
6.44459119156	-65.6276429996	60.9012750016	0.00336648640223	-0.000236403488088	0.00225233891979
6.51770029797	-65.6927794774	60.6686447236	0.0033724445384	-0.000298602710245	0.00210856599733
6.11496973883	-65.7211631454	60.5672744809	0.00313691422343	-0.000347704102751	0.00209731399082
0.45188010691	-67.1096970071	55.6082249747	-0.000473126448924	-0.00178016466089	-0.000333821662934
0.0299530673725	-67.1916064452	55.3156912673	-0.000701280776411	-0.00185285683256	-0.000474451924674
-0.13522952564	-67.1429910162	55.4893177992	-0.000793990097009	-0.0018163297791	-0.000394842994865
-10.0524138341	-65.8243507221	60.1987474211	-0.00674276100472	-0.000648444169201	0.00112248107325
-10.3436187418	-65.9455537445	59.7658794838	-0.00679417327046	-0.000773177482188	0.000849628762808
-10.3367700803	-65.8255978616	60.1942933516	-0.00688797188923	-0.000656539516058	0.0010623728158
-10.1092654060	-65.9408404035	59.7827128447	-0.00667861662805	-0.000763110234402	0.000903925101738
-2.53942917803	-65.8088225799	60.2542050719	-0.00256690103561	-0.000792616454419	0.00213022064418
-2.87469986059	-65.8101211232	60.2495674173	-0.00278146006167	-0.000772386149038	0.00211171898991
-2.56830558219	-65.6788057228	60.7185509902	-0.00264740036801	-0.000688808388077	0.00243503856473
-0.48190552878	-68.6187790825	50.2186461339	-0.000867904920597	-0.00308812013827	-0.00267847254872
-0.801986145507	-68.7085330809	49.8980961395	-0.00100721418858	-0.00317510962486	-0.00281354878098
-0.686348347113	-68.7453729178	49.7665252935	-0.000951544207055	-0.00320672779344	-0.00286426697858
-6.82438590630	-64.2725677528	65.7408294542	-0.00615495024249	0.00106195453554	0.00510661676526
-6.69255769616	-64.1817200914	66.0652853879	-0.00613841321319	0.00117182848044	0.00535377021879
-6.89133540644	-64.2201413134	65.9280667380	-0.00624116230756	0.0011219389271	0.00520568853244
-6.50617708959	-64.2013012825	65.9953525624	-0.00599711714312	0.0011526477756	0.00536533165723
-6.57665709012	-64.2850848209	65.6961256397	-0.00598121900111	0.00105185806751	0.00515139661729
-3.52622988178	-70.1037220282	44.9152784705	-0.00201856531203	-0.00456166500226	-0.00483689503744
-3.78815933478	-70.0839177764	44.9860079415	-0.0021307002753	-0.00454892637208	-0.0048209070228
-3.99443042009	-70.1879248268	44.6145541900	-0.00220064586028	-0.00465791113675	-0.00497091049328
-3.58778425037	-70.2253768185	44.4807970769	-0.00202641985379	-0.00468428386375	-0.00500432355329
-3.79968869845	-70.2156412426	44.5155669907	-0.00211566733196	-0.00468025542796	-0.00500000966713
-5.879646631	-69.8098220013	45.9649214238	-0.00305713852867	-0.00433730660006	-0.00455322535709
-6.16298182970	-69.9155325827	45.5873836333	-0.00315521354787	-0.00445077661425	-0.00471410667524
-5.96949990938	-69.9517904862	45.4578911206	-0.00306664919481	-0.00448072096333	-0.00475189043209
6.69102444553	-65.6443333394	60.8416666450	0.00349256861955	-0.000241415866185	0.00218641408719
6.56113486084	-65.5151140138	61.3031642363	0.00348988245241	-0.000115290378744	0.00247229472734
6.77735138267	-65.5379715840	61.2215300570	0.00359652983025	-0.00012864182645	0.00239467574283
-7.55655068378	-68.8926832245	49.2404170554	-0.00400240393355	-0.0034959174227	-0.00339605775662
-8.12553788651	-68.9215991458	49.1371459079	-0.00424471544102	-0.00354101811536	-0.00348054314964
-7.98447756891	-68.8524713763	49.3840307990	-0.00420312583447	-0.00347009091638	-0.00337249296717
-0.0671181479236	-63.8108208015	67.3899257091	-0.000909589522053	0.00172979233321	0.00763530563563
0.0980772261612	-63.6661089495	67.9067537518	-0.000751367420889	0.00194600701798	0.00797425024211
0.233429262381	-63.7969089813	67.4396107812	-0.000629627029411	0.00175561162177	0.0076624401845
2.75460987578	-67.4783030924	54.2917746701	0.00072484917473	-0.00203519337811	-0.000950577727053
2.62859326799	-67.5509696289	54.0322513254	0.000651096808724	-0.00209967442788	-0.00106436538044
2.38678256584	-67.4442926214	54.4132406378	0.000539740838576	-0.00201442488469	-0.000890711846296
-9.62655908152	-68.7879706381	49.6143905782	-0.00494862627238	-0.00346150691621	-0.00342279952019
-10.0800655002	-68.8546853909	49.3761236040	-0.00512571493164	-0.00354305258952	-0.00355843012221
-9.94780977839	-68.9109664051	49.1751199816	-0.00504862656817	-0.00359312910587	-0.00362398405559
-1.24889178351	-65.6909831413	60.6750602097	-0.00172873178963	-0.000790679419879	0.00244926777668
-1.12920188059	-65.6163707573	60.9415330095	-0.00166360998992	-0.000749609607738	0.002638398204
-0.822786134488	-65.748898114	60.4682210214	-0.0014025446726	-0.00084407144459	0.00231541576795
-8.84721880704	-64.7823160090	63.9202999677	-0.00697455694899	0.000444854609668	0.00342081696726
-8.32646302439	-64.8463912608	63.6914597830	-0.00661582872272	0.00038744325866	0.00342478533275
-1.98305476588	-64.0025499917	66.7051786012	-0.00263810670003	0.00142774300184	0.0070109856315
-1.76913622781	-64.0614558633	66.4948004882	-0.00244564074092	0.00133621599525	0.00690199201927
-2.10995772610	-64.1314202583	66.2449276488	-0.00273196329363	0.00123316782992	0.00667223101482
-3.56509435934	-66.1924948731	58.8839468817	-0.00301556941122	-0.00105116062332	0.00125348311849
-3.72827792073	-66.1670852039	58.9746957005	-0.00312328664586	-0.00102467858233	0.00129593908787
-3.69635955922	-66.2868642524	58.5469133844	-0.00304713682272	-0.00112538645044	0.00105700909626
-4.00723799871	-66.2446553983	58.6976592917	-0.00324599840678	-0.00108144932892	0.00112251040991
-3.91808866550	-66.1955559393	58.8730145026	-0.00321922264993	-0.00104250514414	0.00122665183153
-4.71977925662	-63.9044928869	67.0553825468	-0.0049064247869	0.00155269622337	0.00659840228036
-4.49226054538	-64.0033759082	66.7022288991	-0.00467878812924	0.00142792193219	0.00642488477752
-4.67675680124	-64.0407121576	66.5688851515	-0.00479927984998	0.00137776043266	0.00628277659416
-5.43617257336	-66.4401137345	57.9995938053	-0.00393426651135	-0.00122308311984	0.000637908815406
-5.42988871438	-66.3490504940	58.3248196643	-0.00397998001426	-0.0011416496709	0.00081072357716
-5.56344629679	-66.3895071145	58.1803317340	-0.00402955338359	-0.00117608264554	0.000721990945749
-5.07868520422	-66.3914424633	58.1734197740	-0.00376741518266	-0.00118502776604	0.00075955822831
5.70688489521	-65.3585445870	61.8623407608	0.00309177697636	-1.45080107927e-07	0.00292899971828
5.27932805175	-65.3607206683	61.8545690418	0.00284554134123	-3.26053486788e-05	0.00298238149844
5.26074419108	-65.2664986116	62.1910763872	0.00287943612784	6.70339723001e-05	0.00320046022534
5.22689389853	-65.3197815771	62.0007800819	0.00283467839472	7.00404098097e-06	0.00308285816573
-6.54812231712	-67.7565668504	53.2979755342	-0.00390811311081	-0.00240903487429	-0.00166234548669
-6.93224617866	-67.8510725358	52.9604552292	-0.00405474472791	-0.00250231684186	-0.00183611968532
-6.79289196289	-67.7529367916	53.3109400299	-0.00402537733316	-0.0024097233545	-0.00167584966403
-6.66681866706	-67.8618845546	52.9218408764	-0.00392609508708	-0.00250749266706	-0.00183181348257
-0.348243264872	-67.8386146256	53.0049477656	-0.000859043386299	-0.00239748018794	-0.00151430058759
-0.465434561565	-67.9049216839	52.7681368433	-0.000912355899345	-0.00245629344136	-0.00161793793086
0.0515478287435	-67.8765939927	52.8693071689	-0.000658226839732	-0.00242388015613	-0.00156774802599
-0.0368125334739	-67.9448930343	52.6253820203	-0.000698556774296	-0.00248416117392	-0.0016732494114
-4.99928481036	-65.6562167601	60.7992258567	-0.00414564181119	-0.000512500584591	0.00228376733139
-5.04824435279	-65.7860866325	60.3354048839	-0.00409488892183	-0.000635191099718	0.0019923041109
-5.32460596381	-65.7803411283	60.3559245417	-0.0042547956109	-0.000619647966232	0.00197370559908
-1.25364897150	-63.6080132770	68.1142382965	-0.00202977587469	0.00200909399427	0.00805630069226
-1.10173511772	-63.6757838095	67.8722006802	-0.00187978509348	0.00191465928219	0.00790941528976
-0.82748865669	-63.5878958893	68.1860861098	-0.00162960775197	0.00204423069954	0.00813939329237
-6.44347908504	-65.8189165001	60.2181553568	-0.00484869163483	-0.000628301408142	0.00175033428241
-6.17774924593	-65.8040301240	60.2713209857	-0.00471342261881	-0.000618892954662	0.00181714934297
-6.17462607909	-65.6808018874	60.7114218308	-0.0047919251956	-0.000497847155202	0.00207654829137
-7.46876166001	-66.8418972831	56.5646525605	-0.00476184580475	-0.00158392183948	-0.000274946913123
-7.01707848657	-66.8929229277	56.3824181153	-0.00451115658507	-0.00162779749371	-0.000314907549182
-6.91720335040	-66.8175954361	56.6514448710	-0.00450023403391	-0.00155852665193	-0.000176496861968
-6.01401870689	-68.8455190001	49.4088607139	-0.0033318460919	-0.00340894726105	-0.00322327017784
-6.49966478875	-68.8578008472	49.3649969744	-0.00354438018985	-0.00343312346376	-0.00327204074711
-6.26903937221	-68.8378413555	49.4362808732	-0.00344719318673	-0.00340816564858	-0.00322865555063
5.96792205789	-65.0134911071	63.0946746174	0.00341132143512	0.000395661423681	0.0036614141427
6.21862426315	-65.1282514782	62.6848161492	0.00349922152236	0.000280701060547	0.0033608158119
5.80385172744	-67.5741001415	53.9496423517	0.00223071547225	-0.0020570026245	-0.0012045603944
5.94390123122	-67.5016548763	54.2083754416	0.00231979996897	-0.00198973086663	-0.00109812617302
5.50852493519	-67.4457464744	54.4080483058	0.00212110648863	-0.00194789259695	-0.000987187144347
10.9206711178	-68.4467232145	50.8331313768	0.00433200364932	-0.00285436026752	-0.00289315544069
11.0557600643	-68.4806938044	50.7118078413	0.00438075978309	-0.00288861035369	-0.00295480689965
-3.87294520619	-68.7185230183	49.8624177919	-0.00240073096938	-0.00324155343696	-0.0029266870115
-3.47079497922	-68.6623138138	50.0631649509	-0.00222917925566	-0.0031816130504	-0.00282840710133
-3.33333129472	-68.7134878030	49.8804007035	-0.00215744855814	-0.0032260925509	-0.00289633823559
-3.49568865394	-68.8048665464	49.5540480485	-0.00221431348473	-0.00331391580403	-0.0030338645447
-9.65009562013	-65.0084736380	63.1125941501	-0.00722870882601	0.000183681462659	0.00275261467323
-9.93053900909	-65.0111757354	63.1029438023	-0.00738337961957	0.000172022657353	0.00267435819842
-9.72633500999	-64.8991132879	63.5031668290	-0.00737324310467	0.000295116187772	0.00294796284288
2.41710000526	-65.5322757341	61.2418723781	0.00100349215791	-0.000506906595547	0.00282978336327
2.39020899368	-65.6369123002	60.8681703563	0.00094771705335	-0.000595195859205	0.0025717059616
3.72083648306	-65.2763587141	62.1558617355	0.00194999505766	-9.34394265641e-05	0.00337614165619
3.32079315312	-65.3339540491	61.9501641105	0.00167429656722	-0.000203436939046	0.00327202491462
3.12861584458	-65.2705601704	62.1765708200	0.00157430313993	-0.000163877150044	0.00345412245952
-2.44368397831	-70.0745304268	45.0195341899	-0.00157131289598	-0.00450580520555	-0.00475754309446
-2.83378639308	-69.9955352351	45.3016598746	-0.00174451095518	-0.00443734973669	-0.00466343201697
-3.03152247381	-70.0591426094	45.0744906808	-0.00181856751442	-0.0045049325563	-0.0047571263276
5.77597068445	-64.9203635016	63.4272732085	0.00334280030802	0.000491491577122	0.00390841346234
5.92980179497	-64.8928247991	63.5256257174	0.00344688724726	0.000531940895598	0.00394097203389
1.37900108234	-69.0230229793	48.7749179311	-1.29694071802e-05	-0.00342798465863	-0.00323864631355
1.17133642751	-68.9709430098	48.9609178222	-0.000105762235762	-0.00338306813501	-0.0031656131614
1.63630019908	-68.9310527271	49.1033831176	0.000100977267721	-0.00333921215497	-0.00310880527832
1.44563814012	-68.8865992054	49.2621456950	1.58524944709e-05	-0.00330120814033	-0.00304574845359
8.92669177633	-64.6924098722	64.2413933136	0.0053023584187	0.000834565551486	0.00373278232291
8.53330350573	-64.6664769422	64.3340109207	0.00509286206216	0.00086158659542	0.00387467560358
8.75904531682	-64.6446903582	64.4118201492	0.00523822614923	0.00088664382929	0.00386728602462
-1.28448083386	-69.1654092105	48.2663956767	-0.00118017697241	-0.00360620953143	-0.00347216846421
-1.42154465907	-69.0360570318	48.7283677436	-0.00125413876958	-0.00348798045889	-0.00329349050298
2.98902372872	-69.3367791793	47.6543600741	0.000686639279593	-0.0036976004485	-0.00368549488485
3.19429897564	-69.2272939338	48.0453788080	0.000778858724516	-0.00359265180305	-0.00353634753264
3.21252851171	-69.3788747746	47.5040186622	0.000781459617428	-0.00373423355632	-0.00374671677127
-7.62895506240	-69.2658308659	47.9077469074	-0.00393154891208	-0.00385888759047	-0.00392126757652
-7.33321286766	-69.1793171471	48.2167244746	-0.0038258919958	-0.00376553251408	-0.00377990561537
-7.87198045902	-69.3722941283	47.5275209704	-0.0040085548535	-0.00397088099271	-0.00408620992675
6.3552995687	-67.1491899688	55.4671786828	0.00263654789887	-0.0016653194325	-0.000554822618142
6.64211955168	-67.0148274566	55.9470447978	0.00282952468842	-0.00153755769134	-0.000351304741343
6.75023136207	-67.0850945453	55.6960909095	0.00285737589002	-0.00159900332801	-0.00047548461589
9.03268509381	-64.9449161916	63.3395850301	0.00519101973623	0.000561244785786	0.00320539157838
9.39072411012	-64.8660794101	63.6211449639	0.00544544309378	0.000647367560305	0.00328419101425
9.54180442232	-64.9188220618	63.4327783507	0.00549302762374	0.000591246469412	0.00314811058342
-10.0184303445	-67.4016886783	54.5653975773	-0.00569372624159	-0.00214645988308	-0.00146063871216
-10.0049980336	-67.3315983264	54.8157202627	-0.00572241237387	-0.0020800686907	-0.00135306292214
-9.53104085132	-67.3536524809	54.7369554253	-0.00548909278587	-0.00209049670957	-0.00133027881384
-9.61202577405	-67.4185567059	54.5051546216	-0.00549538526684	-0.00215322175063	-0.00143852445763
2.61038029654	-64.2110111835	65.9606743446	0.00141345732845	0.00120970839635	0.0063409069553
2.18664800043	-64.2963292028	65.6559671329	0.00106474885251	0.00105104222894	0.00621855678037
2.40683707460	-64.3024516839	65.6341011288	0.00124119338579	0.00105761631858	0.00615803105757
2.32462082662	-64.1876020469	66.0442784039	0.00118680833839	0.00122813147027	0.00646021775901
2.80417348712	-64.1067402290	66.3330706107	0.00158509099856	0.00137369998265	0.00655078422278
3.151343385	-64.1808599417	66.0683573509	0.00184020318557	0.00128439196851	0.0062872255221
2.57517718896	-64.1522335334	66.1705945235	0.00139400002081	0.00129535421729	0.00649271486327
2.98987211162	-64.2376262456	65.8656205515	0.0017051853938	0.00119341444224	0.00618766248226
-2.40744724909	-64.6438667639	64.4147615576	-0.00291269179434	0.00045310909627	0.00527730118483
-2.16521161532	-64.6917121371	64.2438852245	-0.00271698343568	0.000357465498382	0.00518713938072
-2.34266701565	-64.7613367891	63.9952257533	-0.00284184655175	0.000272624689387	0.00496054952964
-2.53369468708	-64.7267405214	64.1187838520	-0.00299321371131	0.000342817336787	0.00502435909584
12.0668457213	-66.6098357953	57.3934435880	0.00570264784619	-0.00111223850399	-0.000286665424937
12.0873498512	-66.4893182616	57.8238633513	0.00578366778791	-0.000995843904093	-9.72890557023e-05
11.8002577645	-66.5676768315	57.5440113162	0.00559607241303	-0.00106897042133	-0.000179449634743
6.72104907026	-65.1313648044	62.6736971271	0.00378371425904	0.000301643711282	0.00326671428047
6.68666380647	-65.2043275063	62.4131160489	0.00372532592155	0.00022036426526	0.0031152497977
9.30685242539	-66.0277556958	59.4723010865	0.00465874839574	-0.000549153832253	0.00109718099702
9.89571891348	-66.0562237369	59.3706295111	0.00494318921119	-0.000570618954953	0.000961319194175
-7.71983825139	-64.3487530848	65.4687389828	-0.0066728182137	0.000952659524046	0.00466770818457
-7.28205327686	-64.2968039524	65.6542715987	-0.00643542315811	0.00102341396268	0.00491463858634
-7.43528318556	-64.3440674477	65.4854734009	-0.00649471813813	0.000965378363617	0.00476330565289
-7.34900277701	-64.2443775129	65.8415088825	-0.00652373814955	0.00108208379243	0.00501133315265
7.97690823514	-65.7538522528	60.4505276687	0.00412298738956	-0.000304387678625	0.00179520295933
7.86632889251	-65.7033426083	60.6309192560	0.00409284699708	-0.000256655650446	0.00190903805196
7.89109203037	-65.8113302023	60.2452492774	0.00404534908012	-0.000364554434782	0.00169591663871
7.69077969531	-65.6661184006	60.7638628551	0.00402022246271	-0.0002243839117	0.00200709188357
7.41691983937	-65.7456856850	60.4796939822	0.00382971507497	-0.000314118951792	0.0018874098314
7.66869700431	-65.8135794784	60.2372161486	0.00392641406506	-0.000373632588889	0.00172119913623
-1.61218214043	-64.5688742976	64.6825917942	-0.00228081061505	0.000503156275954	0.00561881251633
-1.37822749296	-64.6224135912	64.4913800315	-0.00207874528132	0.000396258023102	0.00550171127543
-1.78025456848	-64.6567215148	64.3688517329	-0.00241279765032	0.000374614290195	0.00534800486639
-1.57450122841	-64.7067566834	64.1901547021	-0.00223755347542	0.000275637052255	0.00523508619517
-4.89023969611	-68.1172549005	52.0098039268	-0.0030096496921	-0.00270992540754	-0.00209853402339
-5.34588630443	-68.2173294362	51.6523948709	-0.00319498195313	-0.00280924933031	-0.0022740161512
-8.62856275753	-66.2442177988	58.6992221473	-0.00570474285632	-0.00103251310065	0.000619658094365
-9.11891813937	-66.2671592636	58.6172883443	-0.0059353094548	-0.001060090377	0.000503206043504
-8.81633957548	-66.3113157697	58.4595865366	-0.00575339654461	-0.00109849032015	0.000472135376185
0.362247381	-65.9414977520	59.7803651715	-0.000529036158696	-0.000952348229475	0.00188113190234
0.676693939817	-66.0075773762	59.5443665135	-0.000313724769512	-0.00098142051138	0.00173788762186
0.778457564635	-65.9535140355	59.7374498731	-0.000239218585193	-0.000943729537539	0.00185583927669
-3.36909034689	-64.7900831286	63.8925602550	-0.00357542745769	0.00033414005884	0.00469364458695
-3.15808760426	-64.8473567030	63.6880117750	-0.00341067439876	0.000239386994508	0.00457742158324
-3.13767240204	-64.7137534228	64.1651663472	-0.00343685341068	0.000417616014602	0.00494536058977
-2.91957274770	-64.7624786512	63.9911476742	-0.00326772918925	0.000330565002514	0.00485435174778
11.5532936630	-67.9707743652	52.5329486956	0.00479522207752	-0.00240925932303	-0.00228102481924
11.4450405893	-68.0362519621	52.2991001353	0.00471963034943	-0.00247024931014	-0.00236337305978
11.2193617683	-68.0291445072	52.3244839029	0.00461929710582	-0.00246061640792	-0.00232829432935
-9.84951036198	-66.3927965579	58.1685837216	-0.00620990339667	-0.00119181734044	0.000169771548826
-10.0840445216	-66.3568861048	58.2968353398	-0.00635098153725	-0.00116217555478	0.000191483704839
-9.59548221395	-66.3093490782	58.4666104349	-0.00614319229499	-0.00110771053005	0.000353366602212
-9.82444324083	-66.2663683633	58.6201129881	-0.00628781225532	-0.00107072037645	0.000389118067687
0.67440338121	-68.7068535808	49.9040943542	-0.000334752548952	-0.00314900348894	-0.00279197981581
0.472979425243	-68.8181326437	49.5066691296	-0.00042247879901	-0.00325377332047	-0.00295273237862
0.285783920519	-68.7762212064	49.6563528342	-0.000508750090376	-0.00321851740591	-0.002894628793
0.819988626318	-68.6133794088	50.2379306829	-0.000270302087301	-0.00306193018332	-0.00265656155534
0.99298118982	-68.6163979906	50.2271500336	-0.000190882681636	-0.0030619208701	-0.00266015087254
1.06132752916	-68.7064581622	49.9055065637	-0.000158679147717	-0.00314251054078	-0.00278948829509
1.11641978869	-68.6599340778	50.0716640080	-0.000133985973662	-0.00309940683655	-0.00272248638794
-7.00165110511	-69.5792932992	46.7882382172	-0.00358390295878	-0.00414536241442	-0.00430853990838
-7.58452180023	-69.6239247790	46.6288400751	-0.00382186612114	-0.00420869793743	-0.00441028177738
-7.39100719311	-69.6747834723	46.4472018847	-0.00372731476091	-0.00425239047036	-0.00446603540331
-6.97998233971	-69.6468354565	46.5470162268	-0.00355900311843	-0.00421114638448	-0.00439958274364
1.65984952684	-68.6831709687	49.9886751118	0.000113729031	-0.00311214895919	-0.00275570875965
1.51602841855	-68.7738123183	49.6649560062	4.7648409236e-05	-0.00319686112925	-0.00288525293581
1.38469534981	-68.7346856918	49.8046939579	-1.16736127893e-05	-0.00316318310797	-0.00282931979746
1.43978760934	-68.6881616074	49.9708514021	1.35026893986e-05	-0.00312002236024	-0.00276263034903
-3.60492355284	-64.2553012203	65.8024956419	-0.00390537222847	0.00108472874854	0.00603624293581
-3.39982425844	-64.3108538304	65.6040934627	-0.00373438815586	0.0010014732834	0.00594516796991
-3.07771249792	-64.2292488264	65.8955399057	-0.00350617291406	0.00110921263695	0.00622687395662
3.24151430238	-67.9815679043	52.4944003418	0.000901931140106	-0.00246122456156	-0.0017412819434
3.31673416396	-67.8631284091	52.9173985391	0.000953821639996	-0.0023560305126	-0.00156275765039
3.62803962800	-67.8762185812	52.8706479242	0.00110381876584	-0.00236207363196	-0.00158983783331
3.18745686191	-67.9243340511	52.6988069603	0.00088281929493	-0.00241186958738	-0.00165345321875
2.43722989667	-70.3558515774	44.0148157949	0.000463942124043	-0.00468406593427	-0.0050670155324
2.79902399582	-70.294658755	44.2333615893	0.00060984963784	-0.00461741210893	-0.0049871946685
2.90472168229	-70.3477876002	44.0436157134	0.000653909984976	-0.00466785207391	-0.00505931302905
-1.79126826950	-70.3934798984	43.8804289343	-0.00126413453836	-0.0048072738573	-0.00516936415806
-1.34487483713	-70.3643453023	43.9844810634	-0.00108388322406	-0.00476787611842	-0.00511825922877
-1.37165378345	-70.4143688713	43.8058254595	-0.00108980224468	-0.00481846462935	-0.00518636405468
-1.48732216592	-70.3335484038	44.0944699865	-0.00114561337978	-0.00474039651453	-0.00508031342179
8.38032026714	-65.7078218808	60.6149218543	0.00436259526759	-0.000247341027716	0.0018258607015
8.59252161414	-65.7008906248	60.6396763401	0.0044785621576	-0.000235524581512	0.00180734344758
8.26974092450	-65.6573122363	60.7953134416	0.00433345930651	-0.000198830457521	0.00193977751769
8.36213752314	-65.5992945570	61.0025194393	0.00441648252308	-0.000137410010211	0.0020382637158
0.534946771736	-66.3894054484	58.1806948272	-0.000423027900979	-0.00123683782294	0.000960307195783
0.821698196876	-66.3794836637	58.2161297725	-0.000242821508436	-0.00122192362323	0.000980378594249
0.470215474009	-66.2496195919	58.6799300291	-0.000461627583718	-0.00114336970728	0.00123474071734
-11.4246861783	-68.0811432166	52.1387742264	-0.00602552201599	-0.00283869332634	-0.00261350139044
-11.0055121448	-68.0397740255	52.2865213375	-0.00585366226733	-0.00278401374817	-0.00250686728396
-11.5168133401	-68.0181514734	52.3637447380	-0.00609504152089	-0.00278055900708	-0.00253477925435
7.50883456648	-64.8713090225	63.6024677769	0.00437673414126	0.000617477751803	0.00367137184367
7.55246996902	-64.9278000959	63.4007139433	0.00436875317246	0.000555722624995	0.00354366539977
7.76131881142	-64.9426385447	63.3477194833	0.00447851000354	0.000544520153198	0.00347076915205
8.41289631399	-66.5950094731	57.4463947389	0.00390245532617	-0.00111185328569	0.000207217832212
8.84669069151	-66.5663801653	57.5486422667	0.00413424056023	-0.00107766326983	0.000209131845622
8.47172949915	-66.6719163975	57.1717271518	0.00389480264857	-0.0011835694313	6.96006245562e-05
0.280599245557	-66.5240020410	57.6999927107	-0.000580624502618	-0.00133755395655	0.000703059369698
0.0307488934095	-66.6578222329	57.2220634540	-0.000726756290533	-0.00143938080873	0.000454014545539
10.9189702257	-68.3133650013	51.3094107096	0.00437756115571	-0.00272741378285	-0.00270397542045
11.0844089123	-68.3247198754	51.2688575878	0.00444800872356	-0.00274035637267	-0.00273720035329
11.2012162489	-68.3618338652	51.1363076244	0.00448730774224	-0.00277735455893	-0.00280203903094
11.1287784453	-68.4114645322	50.9590552423	0.00443731946871	-0.00282364943996	-0.00286468281411
3.83331895627	-65.8227647310	60.2044116750	0.00178460858297	-0.000606259738561	0.00207652547397
3.89469829770	-65.7055982894	60.6228632521	0.00187237164937	-0.000495435786434	0.00233415002003
-6.26096181365	-65.2413848837	62.2807682725	-0.00513190124184	-4.23350284109e-05	0.00302639906295
-6.48062586027	-65.2321788428	62.31364699	-0.00526382355019	-2.8112102882e-05	0.00300526013598
-1.10986510053	-69.9147390581	45.5902176495	-0.00103106664028	-0.00431923335418	-0.00450316350907
-1.20884931994	-69.8521276028	45.8138299901	-0.00107885105535	-0.004260356538	-0.00441998476163
-0.6922014528	-69.8673833640	45.7593451286	-0.000859946827404	-0.00426454935223	-0.00442980322987
-0.865465560115	-69.8008545017	45.9969482082	-0.000938930548728	-0.00420352816582	-0.00434236088768
-5.48713317163	-68.7621330209	49.7066677825	-0.00311740627512	-0.0033175048884	-0.00307283434086
-5.90643234667	-68.7458222704	49.7649204628	-0.00330919935368	-0.00331216049381	-0.0030749400612
-6.01127494824	-68.7887223281	49.6117059712	-0.00334506295621	-0.00335518270731	-0.00314253312536
0.522976096825	-69.3304797776	47.6768579372	-0.000378728669602	-0.00372864119709	-0.00367328873836
0.561044104668	-69.2583594034	47.9344307023	-0.000365537183825	-0.00366024090908	-0.00357253407128
0.928698447103	-69.3498718660	47.6076004785	-0.000202217022888	-0.00374013604596	-0.00369723886251
-9.18715778210	-68.7759739237	49.6572359866	-0.00475858571008	-0.00343472650275	-0.00336612411775
-9.36150669192	-68.6460846434	50.1211262734	-0.00487966043875	-0.00331494887359	-0.0031995633617
-9.16983795227	-68.7016214602	49.9227804992	-0.00477567920461	-0.00336224935018	-0.00326028908603
-11.7706492424	-67.1217890598	55.5650390723	-0.00666378485039	-0.0019192219479	-0.00127504486591
-12.0495677677	-67.2216396938	55.2084296652	-0.00673757167533	-0.00202090851963	-0.00146036490332
-12.0944950783	-67.1636066664	55.4156904772	-0.0067916046828	-0.00196582986973	-0.00138322950806
4.99895081340	-69.3283603198	47.6844274294	0.00154921517242	-0.00366804003716	-0.00371942971833
4.51773892823	-69.3479946379	47.6143048646	0.00134186598007	-0.00369075895287	-0.00373161840253
4.89585268126	-69.2628912243	47.9182456274	0.00151092105079	-0.00360794574954	-0.00362554797903
0.479700745544	-65.3605957406	61.8550152122	-0.000416723516537	-0.000591341929976	0.0033505295869
0.645209641648	-65.1791685920	62.5029693144	-0.000266351329628	-0.000419911724748	0.00388646894135
0.93000280852	-65.2698728357	62.1790255867	-3.74117298634e-05	-0.000478465546621	0.00360581511632
0.171760071905	-65.2737612982	62.1651382207	-0.000672753958497	-0.000535944942385	0.00360775459558
0.823445421174	-65.2166251111	62.3691960318	-0.000119314543554	-0.00044023769442	0.00376769388095
-8.24024921684	-67.1616192588	55.4227883613	-0.00497215567157	-0.00188784906641	-0.000884457433131
-8.67757649230	-67.2095952007	55.2514457118	-0.00515718152747	-0.00193941115867	-0.00100885110442
-8.68971237574	-67.1274054664	55.5449804771	-0.00520461890846	-0.00186310557183	-0.000879754661582
-8.28560354011	-67.2235980354	55.2014355878	-0.00496330717579	-0.0019459775649	-0.000988202285953
-9.75365611269	-68.1635487854	51.8444686236	-0.00523439468816	-0.00286351959221	-0.00255120475776
-9.84915747099	-68.0689045429	52.1824837754	-0.00531594688073	-0.0027758134529	-0.00242459517904
-10.0003082629	-68.1636840529	51.8439855254	-0.00534612638876	-0.00287117552944	-0.0025763574522
-10.0522337081	-68.104493633	52.0553798821	-0.00539369741455	-0.00281597813591	-0.00249674473889
-3.62889659542	-64.3263878784	65.5486147200	-0.0039017861709	0.000986450584605	0.00585094466805
-4.03091809557	-64.2184884944	65.9339696627	-0.00423748232424	0.00114231277257	0.00602127751336
-4.03595996228	-64.2890230965	65.6820603695	-0.00421485025436	0.00104721577372	0.00584407988936
6.64839211397	-69.8156572927	45.9440810974	0.00219416245818	-0.00411048205569	-0.00445444462821
6.83229278599	-69.8516496016	45.8155371371	0.00226585101336	-0.00414348440245	-0.00451253075153
7.68715578181	-66.1777842339	58.9364848788	0.00374134490266	-0.000730274769012	0.00102868082467
8.78731470642	-66.3269934993	58.4035946454	0.00422787852585	-0.000849203031976	0.00063169823261
9.01833384145	-66.3240933599	58.4139522860	0.00434652715921	-0.00084267166676	0.000608559406828
-10.2973485223	-66.9683959907	56.1128714619	-0.00605617696419	-0.00174461945426	-0.000832313671708
-10.7482873336	-66.9259766777	56.2643690081	-0.00629530940205	-0.0017140393611	-0.000830901321024
-10.5402388037	-66.9859247338	56.0502688080	-0.00616125250235	-0.00176615116652	-0.000893635733519
-10.5666041441	-66.8877159916	56.4010143156	-0.00623187702149	-0.00167429598514	-0.000744801713154
1.19801423587	-64.6589743495	64.3608058946	0.000233023994952	0.000360840029316	0.00541493715718
0.725461712098	-64.6788915364	64.2896730841	-0.000182317846338	0.000283036235487	0.0054030502215
0.584118011648	-65.4939913926	61.3786021693	-0.000341329723597	-0.000678737356793	0.00297595141456
0.350371786375	-65.5060047853	61.3356971953	-0.00052753748605	-0.000698984484188	0.00294430460781
-1.38720085290	-67.3070864314	54.9032627448	-0.00145065865945	-0.00196443335153	-0.000688852684107
-1.49443780097	-67.3798936682	54.6432368992	-0.00149580568541	-0.00202569761313	-0.000810460071079
-1.92259512898	-67.3514159456	54.7449430515	-0.00172535737511	-0.00200612447225	-0.000775354914367
-1.75494724529	-67.2546011963	55.0907100131	-0.00165500235744	-0.00192458706442	-0.000611478171777
-8.50007690656	-64.5538981926	64.7360778835	-0.00697431806475	0.000702116230968	0.00399542273954
-8.78476754310	-64.6638606609	64.3433547826	-0.00704486761242	0.00057416735217	0.00368365156464
-8.68263134895	-64.5743155278	64.6631588293	-0.00706603238359	0.000674376264215	0.00389975681901
-8.79406426173	-64.6122251500	64.5277673215	-0.00709791388363	0.000629788264632	0.00378852360882
-4.65898770739	-64.6868290484	64.2613248273	-0.0044801463373	0.000546048453543	0.00468956958503
-4.62369239584	-64.7530668953	64.0247610884	-0.00442571798339	0.00046196123003	0.0045303395018
-5.38000001444	-64.3852635896	65.3383443230	-0.00511420704424	0.000938527635299	0.00525318598375
-5.29612744706	-64.4624313570	65.0627451535	-0.0050148088485	0.000842007633764	0.00508839590475
-4.92915560593	-64.4241720683	65.1993854705	-0.00478726066649	0.00088541326113	0.00527778081596
-5.01503655721	-64.3660261754	65.4070493736	-0.00487560266629	0.000960251665674	0.00539786182344
4.81663964325	-65.8817957385	59.9935866481	0.00233218516223	-0.000583770859521	0.00188374216668
4.54202280498	-66.0234176219	59.4877942073	0.00211187778041	-0.000731627340429	0.00160778372083
-9.15424992782	-67.6538543139	53.6648060217	-0.00517279049382	-0.00236419145949	-0.00174316065386
-9.08235320184	-67.5385701197	54.0765352869	-0.00519111892208	-0.0022543722298	-0.00156182073988
-9.34199565772	-67.5267576229	54.1187227754	-0.00531788216904	-0.00224896403961	-0.00157202582341
-8.84562598270	-67.7413479980	53.3523285787	-0.00499136280268	-0.00243934057653	-0.00184256653301
-9.25881767711	-67.7692651690	53.2526243964	-0.00517086917534	-0.00247535668314	-0.00192603818141
-2.20887568863	-67.8495788879	52.9657896862	-0.00178029236849	-0.00243321666494	-0.00157369067892
-2.06432404518	-67.9154765821	52.7304407781	-0.00169815588742	-0.00248855678365	-0.00167047372088
-5.82942278950	-63.9807384076	66.7830771156	-0.00568698253483	0.00143400358502	0.00608458416536
-5.65608963786	-64.0184636033	66.6483442738	-0.00553444446996	0.00139146379661	0.00604905048385
9.47013688560	-68.4712720691	50.7454568960	0.00367559725419	-0.00286344974302	-0.0027919348795
9.51733668861	-68.5946400690	50.3048568965	0.00365994079039	-0.00297997705638	-0.00297074997798
9.83269668768	-68.5859631315	50.3358459591	0.00380250602029	-0.00297435396351	-0.0029861361254
9.69918644642	-68.4682762591	50.7561562176	0.00377893424593	-0.00286218198016	-0.00280772708356
-7.63647932712	-67.6260231487	53.7642030403	-0.00447394652292	-0.00230742129497	-0.00155279331375
-7.37319918615	-67.5889158612	53.8967290671	-0.00436465116218	-0.00226870551705	-0.00147218373604
-7.42965793211	-67.4673039135	54.3310574517	-0.00444261683151	-0.00215777475387	-0.00128812424373
-4.952503109	-68.7235558770	49.8444432966	-0.00288656190969	-0.00326917902566	-0.00298755872063
-4.65725187237	-67.9575341880	52.5802350428	-0.00294332602061	-0.00256201415323	-0.00184490613174
-3.51496513244	-68.3187772275	51.2900813302	-0.00231667910703	-0.00286891008727	-0.00232962751761
-3.96240910263	-68.2866309987	51.4048892904	-0.00253264210187	-0.00284754461609	-0.00230230018497
-1.86655659843	-70.0706586822	45.0333618493	-0.0013311720686	-0.00448855850846	-0.00473465304822
6.80216058545	-64.3522581333	65.4562209525	0.00424987450242	0.00120128598064	0.00493245478719
7.01692025323	-64.2543247792	65.8059829314	0.00443888036534	0.00132392323576	0.00508795492351
7.23249950092	-64.2890299812	65.6820357815	0.00455222791061	0.00128498673439	0.00496294163167
-0.558172683773	-64.3913120848	65.3167425542	-0.00135836936533	0.000763490679674	0.00620895717293
-0.739957362738	-64.4041485229	65.2708981326	-0.00152281415649	0.000743909389712	0.00616338197142
5.20512812593	-66.8881176831	56.3995797033	0.00213861884549	-0.00146297505125	-4.95996137033e-05
5.45968350789	-66.7306743040	56.9618774858	0.00232819910161	-0.00131563935429	0.000211286067497
-6.71568194056	-69.6105562551	46.6765848031	-0.00345466751605	-0.00416696211323	-0.00433239946142
0.894809930294	-63.9211922658	66.9957419078	-2.81631619146e-05	0.00158048165031	0.00732660992071
0.719479522301	-64.0643431212	66.4844888528	-0.00019350090588	0.00134922540747	0.00700190896168
0.576963227329	-64.0195501532	66.6444637384	-0.000321625586366	0.00141757074744	0.00711938878521
0.611243264802	-63.9267898337	66.9757505941	-0.000286881724605	0.00156486965716	0.00733695318922
0.369912787858	-63.6024123312	68.1342416742	-0.000490599370096	0.0020417755004	0.0081152562052
0.778256001934	-63.6125812549	68.0979240897	-0.000105523788079	0.00203349604271	0.00806426629424
0.659248968378	-63.5688225123	68.2542053131	-0.000212606028072	0.0020937025547	0.00817715656012
0.510443891305	-63.5661163424	68.2638702058	-0.000353785493644	0.00209537218325	0.00819354597479
-0.0670844569746	-70.1428688423	44.7754684204	-0.000576412130613	-0.00452124979347	-0.00479351449758
-0.632823365714	-70.1460651499	44.7640530360	-0.000810659548733	-0.00453595863655	-0.00480752903968
0.824878769598	-65.0053518803	63.1237432848	-0.000100644509075	-0.00020314444555	0.00441306550056
0.919156617406	-65.1207001510	62.7117851750	-2.9190137866e-05	-0.000331292307237	0.00405442574993
-4.50089718749	-66.3972973498	58.1525094649	-0.00344789912924	-0.00120045663789	0.000791543105152
-4.39516228661	-66.2968955269	58.5110874039	-0.00343936798163	-0.00111610034946	0.000993512338027
-4.61724463305	-66.2902082593	58.5349705025	-0.00356679153629	-0.0011051138863	0.000990682747215
-4.69148770969	-66.3648794426	58.2682877051	-0.00356942857616	-0.00116866035387	0.000840222288389
-6.15959951558	-66.7181922742	57.0064561636	-0.00416772905737	-0.00146747543477	6.85743871145e-05
-5.88973663039	-66.6248604449	57.3397841254	-0.0040764156729	-0.00138447561767	0.000259059277596
-6.28246702608	-66.6735022561	57.1660633710	-0.00425395322964	-0.00142687303014	0.000136352537083
-10.1764021028	-65.7651861106	60.4100496048	-0.00685495976359	-0.000593516393565	0.00120338145643
3.78272593686	-69.9577265831	45.4366907745	0.00101079232991	-0.00427463231608	-0.00454674707726
3.65187486444	-70.0985809540	44.9336394500	0.000956408795901	-0.00441211555153	-0.00473425537348
-2.56927105616	-68.3583977790	51.1485793608	-0.00186707067769	-0.00288858008571	-0.00235146097839
-2.98801979929	-68.3055163120	51.3374417429	-0.00207255687565	-0.00284802401438	-0.00228864420205
-2.47389441223	-68.3105171046	51.3195817692	-0.00183020124678	-0.00284398789518	-0.00227756239474
-2.60942867735	-68.2547090751	51.5188961602	-0.0019034226425	-0.0027962308377	-0.00219952501357
-8.99181487751	-69.2665721994	47.9050992879	-0.00452119018883	-0.0039063594304	-0.00402995292097
-8.86724983578	-69.3205175146	47.7124374479	-0.00445185601711	-0.00395486643538	-0.00409370707348
6.67551371989	-66.7575674990	56.8658303606	0.0029484059196	-0.00130257196724	8.34623788251e-05
6.64463547938	-66.8842544157	56.4133770867	0.00288134580478	-0.00141888717189	-0.000131558466819
6.45363880043	-66.7517892127	56.8864670974	0.00283694290556	-0.00130346335936	0.000109848864668
-8.92019895374	-68.9076956515	49.1868012445	-0.00459846621379	-0.00355339841917	-0.00352683174424
-8.66591711256	-68.9548824248	49.0182770545	-0.00447214720771	-0.00359065760858	-0.00357106141746
-9.10468267227	-69.0048734531	48.8397376674	-0.00464897416532	-0.00365425809287	-0.00367796025239
-5.81087404421	-69.6492212619	46.5384954933	-0.00306065403856	-0.00417728628963	-0.00432950910181
-4.27841598628	-69.0328934434	48.7396662737	-0.00252036354505	-0.00354428705759	-0.00339228915982
-4.43941996312	-69.1775872589	48.2229026467	-0.00256312801503	-0.00368517194875	-0.00360317248851
-4.20757969735	-69.1433559073	48.3451574738	-0.00246802461334	-0.00364715303294	-0.00354415178299
9.19033074992	-68.3523420732	51.1702068813	0.00358610018156	-0.00275023048744	-0.00259823561646
9.42955150920	-68.3507568741	51.1758683069	0.00369439367205	-0.00274983677082	-0.00261643761769
9.53424489732	-68.4116454725	50.9584090267	0.0037225484848	-0.00280771148391	-0.00271259713918
1.13577120643	-67.8222990312	53.0632177458	-0.000120034943393	-0.00235938816331	-0.00147808890324
0.579563245954	-67.8490655470	52.9676230465	-0.000396885443479	-0.00239171274006	-0.00152108585462
0.713711854245	-67.7798160251	53.2149427673	-0.000330624723574	-0.00233021588065	-0.00141347432509
1.69256824621	-67.7955833251	53.1586309817	0.00015832457575	-0.00232669734396	-0.00143803074025
1.54684203250	-67.8600602484	52.9283562557	8.29501950648e-05	-0.00238474318758	-0.00153674196918
-3.03137476850	-65.5045360790	61.3409425750	-0.0030373763293	-0.000500500726048	0.0028352085501
-2.58178252227	-65.5545232382	61.1624170065	-0.00271651078947	-0.000585724541452	0.00274003739469
-2.45028477089	-65.4850450726	61.4105533122	-0.00266102002934	-0.000539552420378	0.00292509770952
-2.87288881109	-65.4455080386	61.5517570050	-0.0029636551626	-0.000461554562207	0.00299748638645
4.04965546554	-67.3737823530	54.6650630249	0.00140597624704	-0.00191640562844	-0.000813224585727
4.18468769280	-67.3046090458	54.9121105507	0.0014906815486	-0.00185343693011	-0.000705281738192
-1.43823652983	-65.4973850198	61.3664820720	-0.00193275325	-0.000646748696454	0.0029405944515
-1.31582803284	-65.4244072737	61.6271168795	-0.00186428206507	-0.000602846848778	0.00314316363074
-1.87305389332	-65.4541167453	61.5210116239	-0.00226926640607	-0.00057292112615	0.00303832883947
-1.75251428789	-65.3904284269	61.7484699040	-0.00220608222298	-0.000533068319783	0.00321740820073
4.26626204289	-69.4566193993	47.2263592881	0.00122782192193	-0.00379487127066	-0.00387455732562
4.15437735007	-69.5844077026	46.7699724907	0.00117438810412	-0.00391597812995	-0.00404713815078
0.0874679813782	-66.7849284662	56.7681126208	-0.000687564839609	-0.00153359922115	0.00022568712302
0.017274242293	-66.8410072772	56.5678311528	-0.000725534569938	-0.00157741061412	0.000125791266328
0.539863604439	-67.5913427539	53.8880615934	-0.000420514203142	-0.00217352132313	-0.00111925171223
-0.0157552767181	-67.6181600794	53.7922854308	-0.000704471953213	-0.00220505124889	-0.00116624787915
0.405714996148	-67.6605922757	53.6407418726	-0.000487837969558	-0.00223409174941	-0.00122927036136
0.207033424538	-67.5382414811	54.0777089961	-0.000593265460338	-0.00213453732431	-0.00103733828291
0.0139570691567	-67.5539165768	54.0217265113	-0.000692358065862	-0.00215069111437	-0.00106414605398
2.90294113988	-67.6638803845	53.6289986268	0.000775467022322	-0.00219081738032	-0.00124663603492
2.77692453209	-67.7365469210	53.3694752820	0.000703578058165	-0.00225588469766	-0.00135776167735
3.13232143854	-67.7679333112	53.2573810313	0.00087598094251	-0.00227639917284	-0.00141265976708
3.2673536658	-67.6987600040	53.5044285572	0.000952640082687	-0.00221383362077	-0.00130809890106
-10.9420915090	-67.2103438642	55.2487719137	-0.00622517894953	-0.00198632734828	-0.00129011576064
-10.7038274222	-67.0948974403	55.6610805702	-0.0061765848659	-0.00187216501217	-0.00108361197636
-10.7193243653	-67.1947406810	55.3044975678	-0.00612901058048	-0.00196672137827	-0.00123691326007
-5.98091464825	-68.2509114265	51.5324591910	-0.00347944744863	-0.00285245385021	-0.00236367946491
2.73755169729	-68.8127303410	49.5259630680	0.000596474681515	-0.00321496278048	-0.00294805411249
2.60251947003	-68.8819036482	49.2789155422	0.000532904523425	-0.00328025827184	-0.00304466346279
2.95442616803	-68.9478654905	49.0433375339	0.000686377577949	-0.00333637162112	-0.00314194289967
2.17416805709	-68.5844733485	50.3411666125	0.000351362512447	-0.00301506044343	-0.00261606089771
2.46490170276	-68.6935506505	49.9516048196	0.000479250913486	-0.00310985348187	-0.00277522997931
2.60805239684	-68.6330878996	50.1675432157	0.000547411211301	-0.00305288191885	-0.00268999510445
2.04936264976	-68.6398246334	50.1434834522	0.000292278273264	-0.00306701334193	-0.00269497535191
-3.97600233109	-65.3257683194	61.9793988592	-0.00372895156033	-0.000242911482928	0.00318869459443
-3.59503864537	-65.3614276883	61.8520439702	-0.00347217870876	-0.000311327690724	0.00314399320632
-3.60965471512	-65.2465119954	62.2624571592	-0.0035408437252	-0.000190321661648	0.00343698286451
-3.84648647316	-65.2559457664	62.2287651201	-0.0036855165381	-0.000179570008186	0.00338192656636
-0.640875372756	-67.7284086628	53.3985404901	-0.00101433251984	-0.00230768788606	-0.00134792167228
-0.528405943715	-67.6547063117	53.6617631724	-0.000963685801253	-0.0022435488645	-0.00123064278159
-0.992000916835	-67.6763066246	53.5846191979	-0.00119701644871	-0.00226834788918	-0.00127284729388
-2.69347403912	-69.8518088951	45.8149682317	-0.00170469796285	-0.00429307995364	-0.00446248101071
-2.20543464329	-69.8057009344	45.9796395200	-0.00150452728849	-0.00423688394949	-0.00438347412273
-2.34442405549	-69.7085811178	46.3264960080	-0.00157550536096	-0.00414575263858	-0.00425472063944
-10.1728204479	-65.4905770480	61.3907962573	-0.00708475336432	-0.000322006526403	0.00170514290221
-9.57704100860	-65.4794598363	61.4305005845	-0.00677756825462	-0.000296230282402	0.00185866060201
-10.1148790102	-65.4358677688	61.5861865400	-0.00710140960291	-0.000265703245532	0.00181997893378
5.35927674557	-69.6444603155	46.5554988731	0.00167605676688	-0.00395959336311	-0.0041654589586
5.20786260286	-69.5363500611	46.9416069246	0.00162063154858	-0.00386007805355	-0.0040124328807
6.14095290304	-68.2109387676	51.6752186871	0.00223225844093	-0.00262807798572	-0.00218525761738
6.42802210784	-68.2023499851	51.7058929103	0.00236706133001	-0.00261776824482	-0.00218785740435
6.09675743954	-68.3427888588	51.2043255042	0.00218326039612	-0.00274893199094	-0.00237541366369
-3.77736831089	-66.7546729153	56.8761681595	-0.00289171538316	-0.00151319999713	0.000172223779373
-2.78167708725	-66.1848768734	58.9111540237	-0.00255170022137	-0.00107077672146	0.00130589457694
-2.61407324877	-66.1195148010	59.1445899964	-0.00247642397881	-0.00102621654514	0.00144729577005
-3.13721186130	-66.1414116503	59.0663869632	-0.0027856612578	-0.00102429080289	0.00137987488415
4.21600186682	-65.3322008904	61.9564253914	0.00223103305325	-9.71538538579e-05	0.00318183121271
4.58112028194	-65.3791868356	61.7886184442	0.00242881244048	-0.000110657063487	0.00302718067542
4.33575993355	-67.3643069191	54.6989038604	0.00155374885071	-0.00190152914729	-0.000807393924333
4.29631365782	-67.4995998644	54.2157147701	0.00150318059605	-0.00202007382177	-0.00102292746305
4.01079732005	-67.4963415684	54.2273515413	0.0013603491243	-0.00202331948094	-0.00100860348903
2.01912430710	-68.1677654362	51.8294091564	0.000298078695778	-0.00264516822062	-0.00200437824242
2.35342036418	-68.2169451809	51.6537672110	0.000454341439763	-0.00268331286497	-0.00208033178933
2.13809521987	-68.1001185939	52.0710050219	0.000358939287253	-0.00258368090726	-0.00190421228763
-3.08211957386	-65.0361784541	63.0136483783	-0.00329037685879	-6.36007143839e-06	0.00407129665837
-2.71728481034	-65.0862004141	62.8349985211	-0.00302018853836	-0.000108175110654	0.00398311298341
-3.00303470723	-64.9713139634	63.2453072735	-0.00326096755452	6.42074228381e-05	0.00426223082468
-1.13490529759	-69.2929497513	47.8108937453	-0.00110209558625	-0.00372328283265	-0.0036470706109
-1.27567657483	-69.4329920978	47.3107425078	-0.00114930153359	-0.00385868852027	-0.0038449743297
-1.42115662349	-69.3820908952	47.4925325170	-0.00121744722128	-0.0038132253103	-0.00377784483135
-1.72119184252	-63.9914896232	66.7446799171	-0.00241019646637	0.00144316349179	0.00707966834307
-1.86007660041	-63.8583131851	67.2203100532	-0.00254927366041	0.00164195732214	0.00737989367917
9.05372346011	-67.8550425329	52.9462766683	0.00368662574328	-0.00228459201753	-0.00186027423479
8.80496180006	-67.8942492547	52.8062526619	0.00355748226866	-0.00232143863104	-0.00189729093108
8.97738536262	-67.9933639350	52.4522716607	0.00360381486826	-0.00241375924088	-0.00205859378912
9.21954682885	-67.9646066065	52.5549764054	0.00372528540902	-0.00238701864146	-0.00203716638498
-5.62152046966	-64.2800678573	65.7140433666	-0.00534066278487	0.00106872431934	0.00543898623437
-5.65527439869	-64.1385256114	66.2195513880	-0.00545357586816	0.0012431750074	0.00576569885015
-5.81895716039	-64.1665145952	66.1195907314	-0.0055499188602	0.00120645109564	0.00565131241456
6.92871825859	-67.9420944632	52.6353769173	0.00266696233302	-0.00237563299015	-0.00183141499292
7.33179947689	-67.9147438168	52.7330577971	0.0028638408985	-0.00234726676717	-0.00181646482088
6.89774856201	-67.8118296079	53.1006085433	0.00268932944164	-0.00225700298324	-0.00163318694104
7.13971091464	-67.9389668314	52.6465470307	0.00276680546813	-0.00237098778598	-0.00184009526856
-1.36499558325	-69.9055730199	45.6229535003	-0.00113912997767	-0.0043157027103	-0.00449667265639
-1.42835688021	-70.0139232159	45.2359885146	-0.00115445896517	-0.00442303717136	-0.00464581651613
-1.20280430498	-70.0209714813	45.2108161384	-0.00105952972081	-0.00442507211119	-0.00464993249625
-2.69386730918	-65.8706299282	60.0334645420	-0.00263731111772	-0.000831208773889	0.00198287982494
0.522455577247	-70.1481214835	44.7567089875	-0.00033193526906	-0.00451485207304	-0.00479312613606
0.328165726002	-69.2802479169	47.8562574396	-0.000465876335511	-0.00368473096751	-0.00360527611338
0.232679174809	-69.4219361062	47.3502281923	-0.000499348388985	-0.00381998508237	-0.00380319100805
0.0356990558311	-69.3738783897	47.5218628940	-0.000587353366427	-0.00377801852301	-0.00373895838857
-2.22193024999	-64.3051210181	65.6245677926	-0.00280700530857	0.000966786174104	0.00621400307864
-2.60884745304	-64.2699310173	65.7502463666	-0.00312609388493	0.00103516376112	0.00622657127678
-2.26219291091	-64.3656520187	65.4083856474	-0.00283362180926	0.000873663346283	0.00605031382293
-2.31351871357	-64.2557279195	65.8009717160	-0.00288782990538	0.00104694196489	0.00632218457758
8.66811463575	-65.0277452538	63.0437669506	0.00493387319148	0.000468492915388	0.00311505631544
6.77499631677	-69.5258010140	46.9792820930	0.00227870233357	-0.0038407726679	-0.00406865729019
6.28000344301	-69.4946194552	47.0906448028	0.00207513128407	-0.00381373614073	-0.00400057947263
6.47085277242	-69.5866940101	46.7618071068	0.00214450992644	-0.00389826181345	-0.00413558632135
6.70284679581	-69.4510463440	47.2462630571	0.00225821160711	-0.00377169181593	-0.00396269094199
6.28784075723	-69.5615380079	46.8516499719	0.00207094824873	-0.00387577526271	-0.00409226678312
-7.76760281718	-67.1371849657	55.5100536938	-0.00475660385564	-0.00185880146455	-0.000795299885795
-7.94795666872	-67.0779542074	55.7215921165	-0.00487334001809	-0.00180642399937	-0.000718009192497
-7.83581882293	-67.2099684117	55.2501128155	-0.00475419824943	-0.00192678137682	-0.000919568585232
-8.04859029149	-67.2107187107	55.2474331761	-0.00485608028248	-0.00193047954235	-0.000942672893871
9.59527854215	-65.4003523276	61.7130274015	0.00519590778276	8.69718714966e-05	0.0022113150917
9.98960490522	-65.3464892750	61.9053954465	0.00544222816825	0.000144835255924	0.00223919586278
9.84529446894	-65.2849223496	62.1252773227	0.0054065156728	0.000207832170418	0.00238271360286
9.45980504931	-65.3409851853	61.9250529095	0.00516225816682	0.000147130427649	0.00234910752624
-7.86485306976	-68.4359910459	50.8714605505	-0.00428060116246	-0.00306938565336	-0.00277169235051
-7.83137747411	-68.5686434302	50.3977020352	-0.00422252621502	-0.00319432187825	-0.00295883975923
2.69306836994	-66.3324395495	58.3841444661	0.000915682699997	-0.00110484787729	0.00105783052277
2.87093828117	-66.4359824607	58.0143483546	0.000992685207166	-0.00117695087101	0.000854393234476
2.76326460644	-66.3941165325	58.1638695266	0.0009406360914	-0.00114933587611	0.000936819298659
6.09042834581	-67.5673246967	53.9738403690	0.00237239338458	-0.00204621069133	-0.0012092217803
5.81487446440	-67.7062432800	53.4777025715	0.00220047077164	-0.00217525521293	-0.0014103744179
6.10145108277	-67.6994678351	53.5019005888	0.00234057148919	-0.00216495711356	-0.00141492206603
4.97068805997	-68.3618414256	51.1362806229	0.00166173686739	-0.00277713872492	-0.00235402327962
5.03554654799	-68.2534525960	51.5233835856	0.00171059684362	-0.00267816381529	-0.0021981401369
5.32450372495	-68.2465567732	51.5480115242	0.00184619787615	-0.00266864616424	-0.00219958066009
0.550806743844	-70.4105628214	43.8194184949	-0.000303186534438	-0.00477379513904	-0.00514665339142
0.962841468372	-70.3473336308	44.0452370329	-0.00013853017299	-0.00470292475075	-0.00505785644054
8.71779566963	-66.0079385843	59.5430764848	0.00436682999134	-0.000539500731975	0.00121464999393
-6.00409544244	-66.9774348439	56.0805898434	-0.00396236730739	-0.00170011725277	-0.000366703316104
-6.23757148654	-67.1009788054	55.6393614092	-0.00402317056432	-0.00181194918696	-0.000593540549744
1.15060943261	-69.0426875447	48.7046873405	-0.000113731170131	-0.00344971916638	-0.00326685979962
-6.54793090460	-64.4900645254	64.9640552665	-0.00581356184557	0.000810474273749	0.00468684080988
-6.47340416518	-64.5542831070	64.7347031893	-0.00572125287727	0.000735561945476	0.00455847987905
-6.88718774791	-64.5729981385	64.6678637912	-0.00596756208688	0.000711395638064	0.00440435251221
-6.89957746021	-64.5146433339	64.8762738074	-0.00601864140481	0.000778619607445	0.00453367969021
5.47425511633	-66.1226684641	59.1333269140	0.00258929631673	-0.000767075805925	0.0013432695996
5.16240343788	-66.2892453608	58.5384094256	0.00234453822486	-0.000934552226681	0.0010409289971
4.74495037902	-66.3717932933	58.2435953810	0.00208080234006	-0.00102838559542	0.000907671172172
1.86425727798	-64.0029218943	66.7038503774	0.000823056616355	0.00148677930702	0.00699731567875
1.36848336374	-66.7001493116	57.0708953158	6.22374427621e-05	-0.00144013564568	0.000381320307497
1.7616106073	-66.6129470571	57.3823319390	0.00030322841485	-0.00136108067818	0.00053826381918
-1.40340910813	-65.6314902725	60.887534741	-0.00186061148997	-0.000742723699659	0.00259386701509
6.35723205334	-67.2932770014	54.9525821379	0.00258839596063	-0.00179507338908	-0.000789547804743
-10.7696103315	-66.0081438818	59.5423432792	-0.00695966789499	-0.00084454723401	0.000656232412439
-10.2401023362	-66.0016316750	59.5656011607	-0.00669703353196	-0.000824927876238	0.000771889812313
-10.5875911061	-66.0653709949	59.3379607326	-0.00682210363448	-0.000894706929103	0.00059445167426
2.47642896124	-70.0895455456	44.9659087658	0.000472929503303	-0.00442249933258	-0.0047090658918
2.80910659222	-70.1726987924	44.6689328841	0.000611557567026	-0.00449784472585	-0.00482344022021
-0.564284807333	-66.2116293890	58.8156093249	-0.00113850540947	-0.00113297870848	0.0013029925758
0.00500509442731	-66.1913715225	58.8879588482	-0.000766792451032	-0.00111502164509	0.00134950573556
-0.219961049376	-66.1397884387	59.0721841476	-0.000919705722481	-0.00108479114715	0.0014535356313
0.716192460218	-66.4483636998	57.9701296437	-0.000311937008519	-0.00127344171051	0.000847886956763
4.33620271903	-70.1983928194	44.5771685021	0.00123474933207	-0.00449813064188	-0.00488186953589
3.92148902627	-70.2043416914	44.5559225309	0.00106625177432	-0.00451037101448	-0.00488105649129
3.94927461091	-70.2623339562	44.3488072994	0.00107729819138	-0.00456642173231	-0.00495928479359
-0.608892219071	-65.9513603391	59.7451416459	-0.00120938546024	-0.000968474836554	0.00185221165884
-0.772498798079	-65.8883678899	59.9701146790	-0.001335978508	-0.000928434892558	0.00199116393924
-1.00232975898	-66.0232885157	59.4882553011	-0.00146493688226	-0.00100796017796	0.00169063848443
-6.28907807716	-65.8726657349	60.0261938040	-0.00472986418754	-0.000683259917423	0.00166092067957
-6.85662226009	-65.9015383308	59.9230773899	-0.00501683959737	-0.000702845107298	0.0015255282633
-6.66111863446	-65.9680649814	59.6854822093	-0.00486868387088	-0.000769365520682	0.00141969847027
-5.72232314561	-69.4804092679	47.1413954717	-0.00305798021145	-0.00400997791439	-0.00409222440794
4.91139373988	-67.0509240546	55.8181283765	0.00193346012384	-0.00161425769329	-0.000313077849569
-8.89424565778	-66.0017356472	59.5652298314	-0.00601166067645	-0.000801695859991	0.00101611262653
-9.42541776275	-66.0443539322	59.4130216708	-0.00625106086954	-0.000850281212479	0.000846869603265
2.90787540685	-67.5376879904	54.0796857484	0.000794925959781	-0.00208249967545	-0.0010478508193
-0.0962167609708	-64.9689054563	63.2539090848	-0.000918327015825	-0.000206961121876	0.00454892124981
0.0680843977189	-64.8319426707	63.7430618904	-0.000774810789153	-4.33029390479e-06	0.00497317872941
-0.171885781812	-64.8529161394	63.6681566450	-0.000992507208139	-3.94271155528e-05	0.0049077947624
6.36598222722	-67.4284061134	54.4699781665	0.00254900194705	-0.00191663973965	-0.00100624747574
6.48059390467	-67.4925131732	54.2410243814	0.00258493516594	-0.00197260454297	-0.00111444399226
11.9304939690	-67.0438791270	55.8432888322	0.00539796706289	-0.00152846821584	-0.000946217856836
12.1794514640	-67.0104503218	55.9626774223	0.00553509825841	-0.00149927090388	-0.000929039728362
12.0364005571	-67.1442641630	55.4847708464	0.00539701757953	-0.00162586662918	-0.00111425400246
12.2191383207	-67.1538827666	55.4504186907	0.00547933904454	-0.00163739256095	-0.00115359842312
-1.87548066425	-69.3755494459	47.5158948361	-0.00141503138002	-0.00381620950066	-0.00378076708876
0.951615344863	-70.2189816452	44.5036369815	-0.000150463034515	-0.00457634916529	-0.00488503882661
0.915822154196	-70.1090827359	44.8961330860	-0.000171453953953	-0.00446914182976	-0.00473683606833
6.82149494691	-69.0754583869	48.5876486182	0.00236615724862	-0.0034227098804	-0.00345160556026
7.07991851731	-69.0826237450	48.5620580536	0.00247665005736	-0.00342889362946	-0.00347645860165
6.73762584206	-69.1917184507	48.1724341045	0.00231082946993	-0.00353098055348	-0.00360799347982
-5.27321843948	-67.7010313252	53.4963166957	-0.00331708113663	-0.00234050257131	-0.00148737709969
-4.83536442501	-67.6028876287	53.8468298976	-0.00313590257429	-0.00224786205217	-0.00130695383996
-5.65335046248	-67.8652846731	52.9096975960	-0.00344565045089	-0.00249388860539	-0.00176479713991
-6.24129732962	-67.9355876679	52.6586154718	-0.00370039907284	-0.00256757973693	-0.00191180233378
6.61609828230	-67.4260398551	54.4784290890	0.00267223943956	-0.00191036635078	-0.00101788237225
-0.317029592533	-69.6273290049	46.6166821253	-0.000720961601473	-0.00402561761439	-0.00409428868443
0.250593821567	-69.6181399795	46.6495000732	-0.000479804468341	-0.00400632852688	-0.00407376233488
0.0730595511365	-69.5610121402	46.8535280706	-0.000559210253414	-0.00395498517901	-0.00399730866775
6.29873432644	-68.1394926203	51.9303834990	0.0023219094146	-0.00256148003973	-0.00208841823041
5.82910308721	-68.0915335572	52.1016658673	0.00211375253275	-0.00252258218825	-0.00199357699603
5.75858803270	-68.1682087342	51.8278259492	0.00206401618198	-0.00259289890528	-0.00210362602957
-7.58775428690	-65.3659246676	61.8359833299	-0.00578987319022	-0.000159040268045	0.00249988818541
-7.65110856354	-65.4770763027	61.4390132047	-0.00574253499508	-0.000273618410574	0.00225707748905
-7.40159267111	-65.4942291760	61.3777529428	-0.00559379719198	-0.000291978940368	0.00226810527965
6.58979822600	-68.8337019063	49.4510646203	0.00230800826102	-0.00319878570735	-0.00310129881836
6.31394682888	-68.9371366485	49.0816548266	0.00216855783947	-0.00329593732022	-0.00323178013787
6.59393889101	-68.9476044034	49.0442699878	0.00228933035396	-0.00330452877097	-0.00326104369015
6.30980616386	-68.8232341514	49.4884494592	0.00218629231676	-0.00319030508399	-0.00307188858278
4.64958199327	-64.3107975834	65.6042943449	0.00287714810111	0.0011817185441	0.00558137055486
4.52495570652	-64.4723949005	65.0271610698	0.00273785018362	0.000965378130786	0.00523253157735
4.27962362083	-64.3611492244	65.4244670558	0.00260794651695	0.00109749799594	0.00556076830253
4.43927121649	-64.2985842038	65.6479135578	0.00273812003434	0.00118813174777	0.00566683057696
9.8285347201	-66.5343627960	57.6629900143	0.00464052706957	-0.00103619159199	0.000146367237903
9.33089290628	-66.5418629253	57.6362038383	0.0043887780048	-0.0010480080964	0.000194814580027
9.58385626404	-66.5059567303	57.7644402490	0.00453377049416	-0.00101094832644	0.000224934468861
1.97239357121	-66.4597224281	57.9295627568	0.000453838001704	-0.00123693712521	0.00082276458852
6.97321308757	-69.4587369505	47.2187966053	0.00237077963538	-0.00377823621966	-0.00398816913366
7.13168668478	-69.5916975997	46.7439371439	0.00241877185181	-0.00390129256994	-0.00417833123356
7.23924551199	-69.5525044671	46.8839126175	0.00246886606328	-0.00386495445855	-0.0041314130649
1.57075969342	-64.5752443766	64.6598415120	0.00055016746046	0.000541022454854	0.00559862889349
1.56853653443	-64.6900583194	64.2497917163	0.000546060618944	0.000352985429345	0.00527896219864
-11.3060887438	-66.9370915653	56.2246729811	-0.0065535758622	-0.00173554464709	-0.000931345217396
-11.6344813613	-67.0120109248	55.9571038400	-0.00666402559727	-0.00181233265903	-0.00109330413397
8.83239550519	-67.8236221287	53.0584923977	0.00359458569437	-0.00225559691899	-0.00179427221883
9.08384666158	-67.7210598946	53.4247860907	0.0037488269154	-0.00215947441757	-0.0016622665571
10.0283428213	-66.8178951660	56.6503744071	0.00459255510941	-0.00130633334629	-0.000346699263901
9.63538014935	-66.9083883700	56.3271843930	0.00435615191236	-0.00139434181619	-0.000448172475444
9.90179195307	-66.9311993753	56.2457165167	0.00447501428425	-0.00141461344901	-0.00051516800886
11.6163875660	-66.2476780995	58.6868639302	0.00569612067193	-0.000756810361054	0.000370511843357
7.69056916131	-68.9741735699	48.9493801076	0.00276228622533	-0.00332781858742	-0.00336398254149
7.41605357131	-68.9683202999	48.9702846434	0.00264408462681	-0.00332223926671	-0.00333809200674
4.68906199656	-64.1861703280	66.0493916856	0.00295274308883	0.00134491571225	0.00585937779397
4.55068744651	-64.2218870004	65.9218321415	0.00284292013384	0.00129337643739	0.00581580819562
-4.84712110044	-69.6624321201	46.4913138567	-0.00264759338461	-0.00416288617998	-0.00429499708116
-4.75246817631	-69.5054322926	47.0520275263	-0.00263638258912	-0.00400773342699	-0.00407411344349
-2.48801896779	-66.1717178675	58.9581504732	-0.00237734639086	-0.00107022491284	0.00134372152388
-2.50712026478	-66.2894176112	58.5377942457	-0.00234347721562	-0.00115906447172	0.00110494729597
-2.78565050368	-66.2988087971	58.5042542961	-0.00250733550638	-0.00115932687186	0.00107611145359
-3.92338444739	-69.7076990516	46.3296462443	-0.00224670977332	-0.00418268237263	-0.0043133283034
-3.84087757674	-69.5363799288	46.9415002543	-0.00223961193115	-0.00401446036994	-0.00407400727272
-4.81406489571	-69.7910174607	46.0320804975	-0.00261011696421	-0.00428784172982	-0.0044694878161
-4.66036336375	-69.7641776807	46.1279368546	-0.0025498343166	-0.00425728829578	-0.00442509353161
-2.43620601438	-67.1298820623	55.5361354918	-0.00204595457762	-0.00182610633783	-0.000423659017542
-2.71497714372	-67.0132634838	55.9526304150	-0.00222690287046	-0.00173089362215	-0.000235012397752
-2.80766473742	-67.0664545364	55.7626623700	-0.00226199068129	-0.00177485391032	-0.000329477625201
-2.45071287220	-67.0258906826	55.9075332764	-0.00208008894697	-0.00174086121842	-0.000247326970566
-3.12035171054	-69.9872723987	45.3311700046	-0.00186565530021	-0.00443626148626	-0.00466268043965
-7.00324331692	-68.8443351335	49.4130888089	-0.00377132301219	-0.00343389529735	-0.00328763644211
11.6587593307	-67.6225468550	53.7766183749	0.00499118026346	-0.00207849219441	-0.00178433966357
11.1561901621	-67.7176442636	53.4369847728	0.00471618399024	-0.00216370983981	-0.00186650431715
11.4864435468	-67.5847392951	53.9116453748	0.0049274880439	-0.00204052100889	-0.00170779216569
11.0608878380	-67.6194899045	53.7875360555	0.00471350876614	-0.00206962553784	-0.00171022070572
-7.82643035018	-66.9309020180	56.2467785071	-0.00489030778408	-0.00166918779723	-0.00046304037096
-8.01901172974	-66.8736839801	56.4511286425	-0.00501515436918	-0.00161825411487	-0.000389226537663
9.31571107245	-65.5144783909	61.3054343181	0.00497406255454	-3.32605086442e-05	0.00204481137916
9.32226048239	-65.3967201137	61.7259995938	0.00505251483992	8.80166262505e-05	0.00226774136536
5.56289567178	-70.0410068338	45.1392613077	0.00173665303737	-0.00433064624667	-0.00470847077668
8.06959894148	-66.9332537576	56.2383794371	0.00357527215965	-0.00143498252146	-0.000330039503751
7.77164688901	-66.9325056417	56.2410512797	0.00342770363204	-0.00143927673344	-0.000302324828226
7.69459768178	-67.0572900385	55.7953927196	0.00333755649626	-0.00155595922843	-0.000501878093928
-7.93780536094	-65.2985525020	62.0765982071	-0.00603394210339	-8.94160402822e-05	0.0025686766021
-8.46252079474	-65.2750267496	62.1606187513	-0.00634172186255	-6.9030909799e-05	0.00250410242006
-8.06606006931	-65.2409000481	62.2824998283	-0.00614951224998	-2.98459908663e-05	0.00266077951528
3.42560948002	-65.9048847330	59.9111259536	0.00150447862688	-0.00071176775964	0.00191735010594
-4.84200686476	-70.1394399694	44.7877143948	-0.00256078573875	-0.00463351793587	-0.00494517059997
-4.82435872793	-70.0850951300	44.9818031071	-0.00256274663843	-0.00457884510979	-0.00487057678401
-4.43856593308	-68.7138108845	49.8792468411	-0.00265716249123	-0.00324895046651	-0.00294681917876
-3.52734216311	-68.0858616528	52.1219226684	-0.00237222202122	-0.00265984912403	-0.00198315503076
1.13081241181	-64.9243397293	63.4130723955	0.000166874116985	-5.89733281231e-05	0.0046393875964
5.07274513831	-64.9842083726	63.1992558122	0.00289463531226	0.00037030785461	0.00389105128124
5.04900045019	-65.1376667230	62.6511902749	0.0028139881324	0.00019267249445	0.0035322601907
4.63640367915	-63.8431592820	67.2744311356	0.00309906899929	0.00178930687252	0.00665819644928
4.63224241222	-63.8970662373	67.0819062953	0.00306066893972	0.00171924347524	0.00653760042042
1.33630736969	-65.7357555092	60.5151588958	0.000187564146472	-0.000773282721639	0.00235381373204
1.43795437493	-65.8660051559	60.0499815860	0.000230775622185	-0.000849392265081	0.00205000001006
1.68261792839	-65.8684310546	60.0413176622	0.00039744618698	-0.000832410878502	0.0020425429102
-6.55875352948	-68.3003210912	51.3559961029	-0.00373021420091	-0.00291041331366	-0.00247570872307
-6.40347486187	-66.3267799202	58.4043574280	-0.00450992165133	-0.00110957189463	0.000757158384658
-6.53320496022	-66.3693445318	58.2523409578	-0.00455275038257	-0.0011479066452	0.000663556391373
-6.51604729756	-66.4236227609	58.0584901397	-0.00451225787401	-0.00119805382565	0.000564931309782
-6.06934182918	-66.3893885565	58.1807551553	-0.00429811608046	-0.0011701217154	0.000674390932545
4.60700955388	-68.4808043512	50.7114130314	0.00147604313679	-0.00288928369991	-0.00251372810453
4.24048649758	-68.5943725598	50.3058122865	0.00129376689438	-0.00299685238861	-0.00266599352472
4.51171693886	-68.6096526868	50.2512404043	0.00141487142537	-0.00300782243721	-0.00269584986381
4.34766872614	-68.4689848645	50.7536254840	0.0013588569127	-0.00288150832057	-0.00248859729618
3.94707963598	-69.0167561569	48.7972994395	0.00111991097219	-0.00338833755814	-0.00325665948913
11.7889991945	-66.1201199338	59.1424288077	0.00586305046454	-0.000633392832242	0.000554294208996
-3.15704796999	-65.4502953120	61.5346596001	-0.00314663024619	-0.000438597751781	0.00296181347221
-3.38699516915	-65.4563445696	61.5130551084	-0.0032904848922	-0.000423335732194	0.00292591121979
-3.48769815849	-65.5654037887	61.1235578975	-0.003295321716	-0.00051750644343	0.002648410853
-1.26773952239	-64.1097151436	66.3224459159	-0.0020008450374	0.00125466939062	0.00685280188918
-0.757999155194	-64.1318175465	66.2435087623	-0.0015421815915	0.00121503951959	0.0068472805433
-0.942096720039	-64.2230070258	65.9178320509	-0.00170685653575	0.00106328737456	0.0066080763936
-0.615314218206	-67.8527971289	52.9542959681	-0.000990763306618	-0.00241367844865	-0.001540291938
-0.385653492471	-67.7127877196	53.4543295727	-0.000886755005922	-0.00229066610336	-0.0013195463689
-5.09564738531	-65.2523938472	62.2414505457	-0.00444655911997	-9.41485486692e-05	0.00320567330346
-4.83702530725	-65.2603569142	62.2130110209	-0.00428805267438	-0.000115954964713	0.00322781596333
-4.66272758162	-65.5309480163	61.2466142276	-0.00402536988258	-0.000405901373597	0.00260928203352
-4.38117120458	-65.5372856063	61.2239799776	-0.00385507196188	-0.000428305531386	0.00262732268311
-4.61859874102	-65.4004059439	61.7128359145	-0.00407624617219	-0.000276246893918	0.0029226441402
-4.35678601234	-65.4018261588	61.7077637184	-0.00391875952482	-0.000294068129733	0.00295339268632
-6.22423897312	-69.1492985123	48.3239338848	-0.00334986695088	-0.00370418070816	-0.00366339622997
-5.60312293645	-69.1002167289	48.4992259681	-0.00308939628303	-0.00364051666111	-0.00355710810982
-6.80493246355	-69.1673972287	48.2592956118	-0.00359884439968	-0.00373814511113	-0.00372654409148
-6.62023053296	-69.2174734527	48.0804519548	-0.00350599293597	-0.00378109305166	-0.00378385395743
6.52000737622	-66.1373449905	59.0809107482	0.00314780464396	-0.000732052023523	0.00122524099424
6.61556199133	-66.2457567533	58.6937258810	0.00314611336216	-0.000830781413242	0.00101073819678
9.82346492968	-65.7675138294	60.4017363234	0.00508146220818	-0.00028427792131	0.00149021146353
10.2395083078	-65.8477406056	60.1152121227	0.00524639245123	-0.000361643149517	0.0012781729456
10.3548448089	-65.7812964143	60.3525128061	0.00534796807915	-0.000294805853628	0.00137781735975
10.2986505895	-65.7007085178	60.6403267221	0.00537063926458	-0.00021421656129	0.00153204135131
-10.5613345711	-68.3735504482	51.0944626851	-0.00551553023979	-0.00309224706143	-0.00293273013085
-10.6413711764	-68.3069086255	51.3324691948	-0.0055778529495	-0.00303042423911	-0.00284691411071
-10.2683489972	-68.2634937578	51.4875222935	-0.00542731955647	-0.00297579099424	-0.0027463817969
-0.984575499353	-66.1555016790	59.0160654321	-0.00142372585833	-0.00109408621211	0.00141235848423
-1.11623053628	-66.2212353691	58.7813022533	-0.00149485457223	-0.00113679817878	0.00127597246319
9.33212286737	-65.7733018805	60.3810647127	0.00482254708186	-0.0002955844393	0.00155774084851
9.42397094217	-65.7245931160	60.5550245857	0.00490013789386	-0.00024537727586	0.00163333443925
-7.71232351768	-67.0663992390	55.7628598608	-0.00476491125301	-0.00179292808753	-0.00067435123492
-7.60018567190	-67.1984134433	55.2913805597	-0.00464609079063	-0.00191305740736	-0.000877355691046
-7.29826539224	-67.1083753478	55.6129451866	-0.0045426026918	-0.00182702753227	-0.000701431941707
4.97295331482	-68.7602688535	49.7133255233	0.00160218263045	-0.00314148608595	-0.00292544276454
4.69597809808	-68.7521753769	49.7422307969	0.00147941615433	-0.00313661876135	-0.00290460628457
4.61765935383	-67.2137304261	55.2366770497	0.00173553684726	-0.00176390341949	-0.000572048302274
-2.17764098308	-66.7706762118	56.8190135293	-0.00199600565247	-0.00153592065908	0.000208507393836
-1.73003799017	-66.8236688198	56.6297542151	-0.00172898755409	-0.00157798209693	0.000126562605146
-1.64349997816	-66.7685537524	56.8265937414	-0.00169185386039	-0.00153494835831	0.0002269121469
3.77925548384	-68.8498253735	49.3934808088	0.00105962553062	-0.00323608750477	-0.00301802577451
3.87705777104	-68.7090308411	49.8963184245	0.0011165975593	-0.00310576776974	-0.00282047735527
3.58093264078	-68.6999560660	49.9287283356	0.000983897130936	-0.00310099730268	-0.00280102645047
-3.48116798626	-66.8775493881	56.4373236141	-0.00268509122543	-0.00161751848646	-3.12720949296e-05
-4.19659510115	-64.9808577273	63.2112224025	-0.00404372718185	0.000159859642736	0.00403446704149
-4.32929197523	-64.8453347798	63.6952329293	-0.00419231038541	0.000332686380716	0.00435765460134
-3.75544675503	-65.9282611514	59.8276387448	-0.00326195405796	-0.000821608584374	0.00179660168942
-3.78097670698	-66.0407254409	59.4259805682	-0.00321802403778	-0.000916389166377	0.00155454222113
-4.06073935016	-65.9909404084	59.6037842557	-0.00340843875892	-0.000862134853378	0.00164076092187
-10.1758652440	-65.1293040816	62.6810568515	-0.00740969693288	4.25707439717e-05	0.00238363421522
-10.4374655204	-65.2395339158	62.2873788722	-0.0074508767575	-7.8208206105e-05	0.00210950872861
10.8161075018	-66.5547775095	57.5900803231	0.00511849718168	-0.00105236237869	-1.77333731699e-05
10.2992867698	-66.5129939613	57.7393072811	0.00488578667864	-0.00101296033245	0.000121221295558
10.5068884002	-66.4641662757	57.9136918725	0.00501581933349	-0.000965145765804	0.000174658896867
10.6117618736	-66.6050923864	57.4103843342	0.00499008502811	-0.00110093690455	-7.26821817807e-05
-8.89002640258	-67.1625020836	55.4196354158	-0.00528211472556	-0.00189922633581	-0.000958561024163
-9.07937064029	-67.2901440418	54.9637712795	-0.00530768977478	-0.00202185846865	-0.00118038512301
-8.84763229582	-67.3140693807	54.8783236404	-0.00518642133102	-0.00203978153877	-0.00119159312453
5.42017712073	-69.0365630529	48.7265605255	0.00176295847632	-0.00339345005341	-0.00333022442646
5.88702319102	-68.9808735175	48.9254517232	0.00197471491992	-0.0033387420699	-0.00327238347381
-4.45244904017	-67.8075862102	53.1157635352	-0.00288711860776	-0.00242510554381	-0.00160429580137
0.871348427166	-64.1893417030	66.0380653463	-5.88804323343e-05	0.00114798475988	0.00668601831421
0.716934929317	-68.9412076559	49.0671155147	-0.00030887441244	-0.00336285331286	-0.00312576000579
0.265323507825	-68.9182882150	49.1489706608	-0.000511548714712	-0.00334913609549	-0.00309717701748
0.303729576136	-68.8498962994	49.3932275022	-0.000497429922689	-0.00328564876691	-0.00299958046526
-10.7430360824	-65.5134409991	61.3091392890	-0.0073661711067	-0.000362111488357	0.00153233087622
-10.4053319372	-65.4539408373	61.5216398667	-0.00724015571177	-0.000292241020361	0.00171937560663
-10.6793175500	-65.7522330189	60.4563106467	-0.00712553597987	-0.000594468030613	0.00112001842353
-8.15984214777	-64.4521631344	65.0994173770	-0.00685768295079	0.00082424870925	0.00431180372834
-7.60984912081	-64.4059515219	65.2644588505	-0.00655353534967	0.000890623836312	0.00457456009462
-7.99341523428	-67.7212910454	53.4239605522	-0.00460253702477	-0.00240241643041	-0.00173054379411
-7.64705227601	-67.7755836334	53.2300584523	-0.00441858777776	-0.00244600791484	-0.00178158283234
-7.46297398718	-67.6760448258	53.5855541935	-0.00437170034274	-0.0023505333811	-0.00161404244136
-7.84029360754	-67.7875195782	53.1874300779	-0.0045042289421	-0.00246090488508	-0.0018167165108
9.83263762511	-68.9036674853	49.2011875524	0.00371097307652	-0.00327468616888	-0.0034303618595
9.74564790079	-68.9661466821	48.9780475638	0.00365622295067	-0.00333275971934	-0.0035093948245
9.34627381674	-68.9480449942	49.0426964493	0.00348753039725	-0.00331161939539	-0.00345073803328
9.36526234239	-68.8545818468	49.3764934044	0.00352031411603	-0.00322374003008	-0.00332237407565
5.69348776116	-64.1526841478	66.1689851866	0.00364609854296	0.00141666515265	0.00564538268372
5.71247849984	-64.2799856000	65.7143371428	0.00359494611621	0.00125925592147	0.00536247296259
5.91493582875	-64.1879091709	66.0431815325	0.0037731945049	0.00137875578366	0.00550779001787
-10.2421974369	-67.3615783086	54.7086488978	-0.00581834418699	-0.00211370433681	-0.00142728863284
3.03612223275	-67.9981055177	52.4353374368	0.000800724199507	-0.00247919280082	-0.00176240864675
-3.20544665418	-70.3117111003	44.1724603559	-0.00185618945397	-0.00476045859978	-0.00510592060164
-2.74131686864	-70.3389191730	44.0752886677	-0.00166126829572	-0.00477579049766	-0.00512568093836
-10.8049026002	-68.3617634143	51.1365592348	-0.00562933972105	-0.00308948755264	-0.00294175883755
-10.8887447521	-68.4728082371	50.7399705818	-0.00562312966213	-0.00320070399903	-0.00310686044395
6.34706414512	-69.2402659795	47.9990500733	0.00213614734821	-0.00357739860192	-0.00365449651144
6.02947090280	-69.2942560153	47.8062285169	0.00199316581711	-0.00362906372175	-0.0037136352621
7.12243008952	-69.6884695533	46.3983230239	0.0024026336614	-0.00399107392877	-0.00430884305388
7.20413170605	-69.7446725605	46.1975979981	0.002429518383	-0.00404327455908	-0.00438940897584
6.85020411640	-69.7411564057	46.2101556940	0.00228447443806	-0.00404043728486	-0.00436475034803
7.03410478841	-69.7771487146	46.0816117337	0.00235605309717	-0.00407360028476	-0.00442342786118
-3.09459217180	-63.7840262374	67.4856205806	-0.00364281632937	0.00173679227009	0.00731807388365
-2.95445795737	-63.9106354756	67.0334447300	-0.00348489917815	0.00156262936071	0.00704285549
12.1805093969	-66.8679189724	56.4717179558	0.00561245856807	-0.00136231689248	-0.000708971987478
12.1282797779	-66.7362133640	56.9420951287	0.0056603779085	-0.00123488146346	-0.000495573214721
11.9951357896	-66.7821476916	56.7780439587	0.00556981982663	-0.00127770134714	-0.000548372801859
6.96415736183	-65.7271914910	60.5457446751	0.00359658943489	-0.000313026917866	0.00198298459873
6.83393870336	-65.7715118659	60.3874576218	0.00350272119977	-0.000362925755326	0.00191002897918
1.98648431788	-70.3889711069	43.8965317611	0.000281479558907	-0.00472498172894	-0.00511026568711
5.83876488958	-69.6472926186	46.5453835048	0.00187548762187	-0.00395828299224	-0.00418844027445
-0.999885227102	-67.9249181405	52.6967209268	-0.00117405247875	-0.00248157652095	-0.00165809725877
-3.58001724427	-70.0310755211	45.1747302818	-0.00205171317793	-0.00449114758521	-0.00474038999528
3.38937481320	-63.9497815066	66.8936374764	0.00209128693677	0.00161736051086	0.00677901273593
2.93466363997	-63.9848883833	66.7682557741	0.00171834824141	0.00155341229402	0.0068120257929
-5.62060488608	-65.0051765429	63.1243694896	-0.00490762805566	0.000201238304726	0.00369941908866
-5.95220938991	-65.0588817134	62.9325653091	-0.00507153384387	0.000149994870299	0.0035053610336
-5.85962040451	-65.1199954790	62.7143018609	-0.00497808353975	7.97287575551e-05	0.00338133145124
1.06225884207	-63.7898044030	67.4649842751	0.000136177332024	0.00178222404793	0.00761915463954
0.709553437874	-63.8541608985	67.2351396482	-0.00019273122598	0.00167851906735	0.00750096188858
-0.97141581595	-67.2364816064	55.1554228344	-0.001238672412	-0.00190233124886	-0.000563494861126
-1.22580332132	-67.3698883442	54.6789701991	-0.00135610764846	-0.00201454083435	-0.000787970493548
-9.76759043427	-65.0704375631	62.8912944177	-0.00723779154941	0.000115978276881	0.00260112853721
-9.27225304906	-65.0637996105	62.9150013912	-0.00696753943339	0.000136417918839	0.00273903063498
2.99397236405	-63.6725051782	67.8839100779	0.00188018463086	0.00198408565484	0.00753337098286
2.59452579383	-63.6841546064	67.8423049773	0.00153039512224	0.0019622023683	0.00760298222303
2.53638865882	-63.6309061832	68.0324779170	0.00149983016308	0.00203382805921	0.00774131435901
-5.75312873291	-65.8481594295	60.1137163231	-0.00445175915956	-0.000671659072395	0.00177911610808
-5.90372909351	-65.9030257679	59.9177651146	-0.00450027780607	-0.00072041049134	0.00164705095813
-8.46246540109	-66.6971862722	57.0814775994	-0.0053325635381	-0.00145876454189	-0.000145832556882
-8.42378152726	-66.8285623954	56.6122771594	-0.00523761473596	-0.00158098596148	-0.00036157888826
-8.65102702526	-66.7067784282	57.0472198992	-0.00541914487258	-0.00147003040183	-0.000186149816727
7.83641835026	-65.3838981660	61.7717922641	0.00426025455818	7.15557544027e-05	0.00254941964522
7.49979399519	-65.2603517928	62.2130293114	0.00414727069438	0.000191839688341	0.00285889790393
-6.31557898038	-64.5077304596	64.9009626442	-0.00565277971327	0.00079086975893	0.00470912177116
-6.45674116252	-64.3876424541	65.3298483784	-0.0058274269104	0.000932052149437	0.00494921626523
-6.25255620648	-64.4088355713	65.2541586739	-0.00567926326767	0.000908678106498	0.00495736999437
-9.13012293934	-65.4333410301	61.5952106068	-0.00657654320821	-0.000240980938543	0.00204435642809
-8.99286409583	-65.4872984401	61.4025055710	-0.00645914394408	-0.000293446559226	0.00196878379211
-6.39881848237	-64.8832353157	63.5598738724	-0.00545188877732	0.000355620693881	0.00381581555121
-6.50062457353	-64.8261082080	63.7638992572	-0.00555169163272	0.000421433302108	0.00392352603376
-6.05163866648	-64.8289539034	63.7537360594	-0.00527776265517	0.000413111498347	0.00402245344594
10.1020762651	-65.2867942255	62.1185920520	0.00554322032258	0.000206662341952	0.00232931086794
10.4919751643	-65.3459322343	61.9073848773	0.00571092544124	0.000145891710417	0.00214331992902
10.3263116580	-65.4200828379	61.6425612932	0.00557156745344	7.01682001818e-05	0.00203867792152
-8.40815547127	-65.7189166870	60.5752975465	-0.00596866477281	-0.0005195873091	0.00163412827533
-8.56661326512	-65.6625976417	60.7764369940	-0.00609497725964	-0.000464671902591	0.00171373772901
0.173025405135	-69.1542733072	48.3061667600	-0.000540468667168	-0.00356944696978	-0.00343093671836
0.00976950560777	-69.0225938825	48.7764504196	-0.000619956699666	-0.00344979204237	-0.00324773625471
6.87572990699	-68.4872762120	50.6882992428	0.00250632758252	-0.002876854036	-0.00262610171922
7.19172769274	-68.3822806836	51.0632832728	0.00267394748516	-0.00277849356644	-0.00249425391667
7.14430795766	-66.7165282184	57.0123992202	0.00320507842116	-0.00125270499848	0.00011727232777
7.55386164208	-66.7982897301	56.7203938210	0.003376634093	-0.00131903961301	-5.77583996346e-05
0.947912230976	-65.6069281677	60.9752565440	-7.32553598937e-05	-0.000724082870875	0.0026754217688
-8.86818331967	-65.3179367172	62.0073688671	-0.00652921758592	-0.000118821764772	0.00232833693735
-8.85127253890	-65.4342237769	61.5920579395	-0.00642576394603	-0.000237540807575	0.00210228399374
-9.11918038137	-65.3275433364	61.9730595130	-0.00665790960193	-0.000132940142066	0.00225332775153
-4.52273198191	-64.4346318172	65.1620292242	-0.00450289295986	0.000864363915753	0.00535603379831
-4.41077920030	-64.4854471301	64.9805459640	-0.00440360885113	0.00079524226021	0.00525642652065
-4.27995835869	-64.3700285314	65.3927552450	-0.00435968115926	0.000943786057178	0.00557922525331
-2.95768243166	-69.2164867952	48.0839757315	-0.00190773117356	-0.00368828349747	-0.00359420385212
-2.87539620270	-69.0787324116	48.5759556730	-0.00189239135943	-0.00355670810677	-0.00339789735153
5.22528334430	-65.7964037573	60.2985580096	0.00260407058522	-0.000475283683045	0.00203016260639
5.73245579431	-65.7743524056	60.3773128371	0.00289863301441	-0.000421981094405	0.00202770088799
9.71495494159	-68.6527003448	50.0974987687	0.00373049802147	-0.00303634651937	-0.00306968041696
9.30222072539	-68.7286788428	49.8261469900	0.00352676887996	-0.003104663454	-0.00314114266075
9.22989801875	-65.6246749611	60.9118751388	0.00485999044031	-0.000146857899381	0.00185122073162
-2.26373758304	-70.3738783667	43.9504344048	-0.00146045221481	-0.00479895249009	-0.00515700457618
-1.16131070822	-65.4839001425	61.4146423483	-0.00172738754191	-0.000658830045722	0.00298557453789
1.76721590836	-69.7724537840	46.0983793429	0.000169006423675	-0.00412813108414	-0.00427662394941
-0.610357145788	-67.1757695838	55.3722514865	-0.00105046259705	-0.00184900860768	-0.000456129142549
-0.943246607664	-67.1313654175	55.5308377945	-0.00123697717208	-0.00181706331205	-0.000387319247238
-5.82813977724	-65.5368122855	61.2256704090	-0.00469214981422	-0.000362665712601	0.00243881135248
-5.45021552296	-65.3877910854	61.7578889808	-0.0045711598359	-0.00022248775349	0.00283194170333
-5.00263131775	-65.3212435523	61.9955587419	-0.00435052253306	-0.000172435786226	0.00305632734671
-4.55071054383	-65.5966283539	61.0120415933	-0.00392057001591	-0.000476546381833	0.00247027422301
8.37663085336	-68.6143312443	50.2345312703	0.00314788287506	-0.00299301277846	-0.00290703144856
8.29108103090	-68.5563465968	50.4416192972	0.00312485452741	-0.00293868221343	-0.00281843822449
8.18239765872	-68.3273267906	51.2595471764	0.00313780736178	-0.00272516161203	-0.0024825069122
8.78897122869	-68.3042118882	51.3421003991	0.00341931032017	-0.002703970531	-0.00249595288187
6.69242045902	-68.0695997956	52.1800007299	0.00252240034752	-0.00249421480112	-0.00200711144134
7.01003004285	-68.0051681217	52.4101138510	0.00268764724024	-0.00243266369216	-0.00193064415362
10.8650213655	-66.6252269810	57.3384750678	0.00510378647596	-0.00112030096352	-0.000139646639582
11.3080354587	-66.5810701692	57.4961779673	0.00534623488784	-0.00107885431498	-0.000129434672999
10.2607133578	-68.8292185850	49.4670764822	0.0039190207608	-0.00320933107287	-0.00336525798775
10.0526073494	-68.9566308772	49.0120325814	0.00379213551059	-0.00332745024934	-0.00352304172702
10.2060722913	-68.7041544484	49.9137341129	0.00393206160516	-0.00309004378505	-0.00318591925316
6.82053118409	-68.6104425756	50.2484193729	0.00245472788811	-0.00299097434618	-0.00279871979728
-4.90348544234	-66.9339047867	56.2360543332	-0.00341783557087	-0.00166113511659	-0.000210198821151
-4.94963825804	-66.7796309135	56.7870324517	-0.00350925093517	-0.00152655271813	5.65695154364e-05
2.65584219128	-67.6830210635	53.5606390589	0.000649275374599	-0.00221210252494	-0.00127257604618
-0.143053305495	-69.8750698810	45.7318932821	-0.000628484005574	-0.00426115561277	-0.0044308276847
0.360849018901	-69.8623327234	45.7773831307	-0.000417730072513	-0.00423925602809	-0.0044068377465
-10.9351786860	-67.6142849479	53.8061251861	-0.00601601740345	-0.00237149815075	-0.00188513763715
-6.05112789252	-66.8471207428	56.5459973470	-0.00404793815687	-0.00158345198724	-0.000147249404108
9.66989391024	-67.5481310386	54.0423891479	0.00409080088139	-0.00199692812748	-0.00145553972106
9.33041581644	-67.6283761233	53.7557995597	0.0038993798662	-0.0020724509377	-0.00154477532487
-4.21315895535	-69.7912738112	46.0311649599	-0.00235580373555	-0.00427182530984	-0.0044408547692
-3.96818222118	-69.8498789209	45.8218609969	-0.00224269926548	-0.00432283477858	-0.00450994912535
1.35611622116	-69.6035544965	46.7015910840	-1.01159394035e-05	-0.0039734034799	-0.00404579564929
0.80889670205	-69.6066511895	46.6905314662	-0.000242743364652	-0.00398552324623	-0.00405272562057
0.95924580962	-69.6689608437	46.4679969866	-0.00017597025726	-0.00404248153791	-0.00413728877902
3.50536558185	-68.2972055306	51.3671231050	0.000990040018223	-0.00273747858591	-0.0022168434225
3.91156041907	-68.2474960856	51.5446568373	0.00118650891818	-0.00268721906468	-0.00215334142558
5.96594670514	-67.7659411533	53.2644958812	0.0022575869225	-0.00222673895769	-0.0015098338481
5.42760232279	-67.7797177972	53.2152935813	0.00199507898651	-0.00224695680663	-0.00150474207476
5.54119582695	-67.8319007482	53.0289258993	0.0020372630097	-0.0022920302581	-0.00158968742471
-1.33929991489	-63.6836957431	67.8439437748	-0.00209977431223	0.00190009025391	0.0078669032082
-1.63812829445	-63.6999839146	67.7857717337	-0.00237298896536	0.00187285500579	0.00779146142304
6.49481065857	-67.7534658757	53.3090504440	0.00251429504715	-0.00220850598998	-0.0015199148329
6.43872598525	-68.7740040330	49.6642713106	0.00225224299356	-0.00314407423139	-0.00300924945623
6.81855131114	-68.7294070587	49.8235462191	0.00242933398113	-0.00310120219365	-0.00296715297736
6.62649902937	-66.6967440634	57.0830569163	0.00294864689931	-0.00124831218272	0.000192964434973
7.96543337015	-66.8667934892	56.4757375386	0.00355257885531	-0.00137484550942	-0.000209922582144
8.56562427792	-66.8912632774	56.3883454380	0.0038391854614	-0.00138854642864	-0.00030753298779
8.27695247001	-66.7924796678	56.7411440434	0.00374109228142	-0.00130017497577	-0.000114645416033
-11.0895309255	-65.5816761031	61.0654424888	-0.00748728122562	-0.00044122923282	0.00132953398861
6.58071245276	-66.0231032468	59.4889169759	0.00323679787107	-0.000620308157522	0.00144005578477
6.88256668307	-65.9526597408	59.7405009258	0.00343409390189	-0.000539545668289	0.00154547113925
6.79712749331	-65.8993704339	59.9308198791	0.00341593404301	-0.000490930164233	0.00165965268388
10.2080742494	-67.9279935980	52.6857371498	0.00419405521825	-0.00235587335192	-0.00207586982287
10.4748412727	-67.8897537777	52.8223079366	0.00433150818571	-0.00232140417211	-0.00204666727223
10.4026808850	-68.0159227252	52.3717045529	0.00425069499761	-0.00244019925594	-0.00222376966849
-8.08525874877	-66.9499504427	56.1787484189	-0.00500634219497	-0.0016896846937	-0.000523292983416
-5.20661211492	-67.1032099873	55.6313929024	-0.00350338057615	-0.0018095850246	-0.000519018096384
-6.96293297829	-65.9820512013	59.6355314241	-0.00502022728324	-0.000779587076977	0.00135140714701
0.194903350437	-64.3422274084	65.4920449701	-0.000670401728712	0.000857088074554	0.00634716451168
-0.274182784812	-64.3154833901	65.5875593210	-0.00110004190356	0.00089796888642	0.006415667478
4.43450441482	-64.6409962979	64.4250132219	0.00262409891002	0.000741385389119	0.00484732817858
-5.49674196845	-67.2637105650	55.0581765536	-0.00358495558612	-0.00195282627828	-0.000805294024758
5.28942806296	-67.8389019473	53.0039216166	0.00191474473104	-0.00230198679492	-0.00158904655837
4.95290513061	-67.8010075449	53.1392587682	0.00176088616718	-0.00227338657714	-0.0015171635896
-8.67119643386	-68.8783516696	49.2916011801	-0.0044980966486	-0.00351669639349	-0.00346468808129
-8.90815844521	-68.7568124328	49.7256698827	-0.00464147236198	-0.00340697448701	-0.00331470486708
7.92129451111	-66.5318094720	57.6721090284	0.00368472072296	-0.00106184103061	0.000367395579815
7.41178117975	-66.4822566916	57.8490832443	0.00344823091291	-0.00102760479786	0.00050456932513
5.34887977385	-68.6261304676	50.1923911872	0.00179074413609	-0.00301485368982	-0.00274912710302
4.88426960048	-68.6846955182	49.9832302922	0.00157285144087	-0.00307281361893	-0.00281510595232
5.72989446256	-68.4856267628	50.6941901329	0.00198748521507	-0.00288274860941	-0.00256427051499
-4.59127063049	-69.3391376114	47.6459371020	-0.00259830686264	-0.00384327559732	-0.00383581616916
3.74871290451	-66.1868189681	58.9042179710	0.00158741069026	-0.000924922409467	0.00131573143881
4.11139122165	-66.1081345479	59.1852337576	0.00182868237607	-0.000834591221064	0.0014585001627
3.61447134136	-66.1339076483	59.0931869703	0.00152857310604	-0.000889303628355	0.0014280397445
2.46357263591	-66.2276595194	58.7583588594	0.000805397867225	-0.00103727402166	0.001269568922
2.21452013230	-66.1175260334	59.1516927380	0.000680305471178	-0.000970364024397	0.00149810337462
10.4822893605	-66.7939539211	56.7358788533	0.00482657784596	-0.00128228997346	-0.000363466650015
10.4496926207	-66.7239617771	56.9858507961	0.00484700826928	-0.00121533218771	-0.00024586264044
-1.08314707060	-68.9360763933	49.0854414523	-0.00111350708175	-0.00338897481561	-0.00314418971539
-0.798701262701	-68.8554701625	49.3733208481	-0.000993190216832	-0.00330957467668	-0.00302374945022
-0.507281133992	-65.8849250512	59.9824105315	-0.00114880991168	-0.000929683097638	0.00200177752413
-0.108367242989	-65.9457775843	59.7650800561	-0.0008596124826	-0.000964605482295	0.001868977095
-0.246814201483	-66.0117325521	59.5295265997	-0.00095020851586	-0.001005395432	0.00172383675817
-0.738550853178	-68.2287598826	51.6115718480	-0.00101865117904	-0.00274333520792	-0.00211125472561
-0.892017257977	-68.1682184382	51.8277912923	-0.00109747331589	-0.0026923508849	-0.00202384102158
-0.327733254217	-68.1413369396	51.9237966444	-0.000828550197184	-0.00265983329155	-0.00197398802266
3.57826204356	-67.0560742998	55.7997346437	0.00123196654022	-0.00165770377498	-0.00027381509426
3.10326248794	-67.0510378815	55.8177218518	0.000979082309641	-0.00166753376834	-0.000253679143498
3.24763665086	-67.0000859630	55.9996929892	0.00106741534546	-0.00162081641611	-0.000170097162481
-9.51995121526	-68.2628944956	51.4896625157	-0.00508984923363	-0.00295157008804	-0.00267068459652
-9.89224269697	-68.2081565888	51.6851550401	-0.0052794655785	-0.00291050830856	-0.00262909918092
-9.40529784611	-68.2024718506	51.7054576766	-0.00506120175123	-0.00289039453492	-0.00257285521366
-1.36792354738	-67.9891681071	52.4672567603	-0.001347065554	-0.00254279887304	-0.00176417746115
-1.52325737450	-67.9253704530	52.6951055251	-0.0014312795829	-0.0024895593524	-0.00167067663278
4.22608756902	-66.3698941792	58.2503779313	0.00179231690709	-0.00105291383807	0.000936768134125
4.37120633209	-66.4375860048	58.0086214115	0.00184848695062	-0.00110372854397	0.000801648828201
-0.257513586297	-68.4719030240	50.7432034856	-0.000774103449658	-0.00295201363042	-0.0024616937153
8.96498281386	-69.1573209654	48.2952822664	0.00327189685777	-0.00350497965701	-0.00370933720842
9.09579105148	-69.0378624408	48.7219198544	0.00335647212341	-0.00339392526075	-0.00355486758053
-11.9343087301	-67.7123744307	53.4558056045	-0.0064278752543	-0.00249617709778	-0.00214973092079
-12.0792505053	-67.5832931327	53.9168102404	-0.00655860081315	-0.00237434799783	-0.00198386050761
-2.13715218308	-66.5576512465	57.5798169769	-0.00203277147375	-0.00137022940908	0.000599419348873
-2.75802653597	-66.5724977308	57.5267938185	-0.00238881236874	-0.00137495074887	0.000550991506316
7.85439473192	-67.9321604358	52.6708555864	0.00310289137997	-0.00235990714282	-0.00187907461077
8.34361174279	-67.8867776306	52.8329370334	0.00334536610171	-0.00231570540927	-0.00184852001257
8.11714407605	-67.8497512466	52.9651741192	0.0032517130021	-0.00228240410797	-0.00177547696512
-6.18965610995	-67.3038824910	54.9147053892	-0.00391169637442	-0.00199408456683	-0.000922488572542
-6.18017731903	-67.3601316824	54.7138154199	-0.00388389779255	-0.00204464234412	-0.00101246882696
-5.83656065881	-67.3377317080	54.7938153287	-0.00372410495766	-0.00202137231827	-0.000950276036747
-4.10657917933	-67.7196562795	53.4297990019	-0.00274342205375	-0.00234296242706	-0.00144985830411
-3.59125798922	-67.6873557927	53.5451578832	-0.00249837129377	-0.00230878009461	-0.00137460697442
-3.99883294167	-67.6554058988	53.6592646472	-0.00270838593133	-0.00228524464183	-0.0013439222239
-8.41562996199	-65.9832166795	59.6313690017	-0.00577887659892	-0.000779388356023	0.00113028462511
11.0096896391	-68.2605909345	51.4978895197	0.00443732040003	-0.00267832633108	-0.00263816304505
10.8193047024	-68.1918007718	51.7435686720	0.00437607103959	-0.00261069112457	-0.00252011511475
2.90453164299	-64.4863565873	64.9772979026	0.00160317949485	0.0008217751747	0.00558215007186
2.61310499582	-64.3885295080	65.3266803285	0.00139435904566	0.000942219456192	0.00589635875076
2.94558367049	-64.3590725832	65.4318836316	0.00165163446218	0.00101265264675	0.00589642021805
2.02870622904	-70.0942005964	44.9492835842	0.000288246053969	-0.00443466473371	-0.00471365405247
1.64918794322	-70.0819757191	44.9929438602	0.000130868051201	-0.00442937854677	-0.0046970276162
-4.95983426710	-66.6507821782	57.2472065063	-0.00357414688915	-0.00141413824167	0.000286820024485
-5.41257104720	-66.6540194222	57.2356449206	-0.00381212867796	-0.00141338573303	0.00024661864154
3.56578984446	-64.7712801750	63.9597136608	0.00201532919891	0.000491706421599	0.00470345793292
3.53462557666	-64.9212061115	63.4242638876	0.00195445213467	0.000294890720397	0.00431815162301
3.22142913287	-64.8290794499	63.7532876790	0.00176899461076	0.000374422263121	0.00461668940261
3.68007496852	-64.8776060825	63.5799782767	0.00206234701909	0.000367040658602	0.00440619001165
2.51700691778	-69.3225913682	47.7050308278	0.00048356645857	-0.00369057105854	-0.00366103393026
2.97345882442	-69.4153170386	47.3738677194	0.000678163429257	-0.00377151020803	-0.00379389664158
6.83466760648	-67.5571602511	54.0101419604	0.00273640151136	-0.0020259921439	-0.00123779661953
4.53853878604	-68.4070858837	50.9746932725	0.00145537615754	-0.00282310089096	-0.00240482785739
-3.97741058221	-68.9601897291	48.9993223962	-0.00240093236789	-0.00346910138614	-0.00327562075108
2.01524576825	-65.1711476079	62.5316156860	0.000832960242406	-0.000229396187933	0.00382974278182
2.18740547180	-65.0485244785	62.9695554341	0.000989277730696	-6.10841598245e-05	0.00416382402182
-7.88117314620	-67.2719471883	55.0287600420	-0.00474652275443	-0.00198459252715	-0.00102313118987
-7.49050650789	-67.3334552661	54.8090883355	-0.00453067570925	-0.00203568744473	-0.00108277949039
-8.28997668577	-66.5607528554	57.5687398022	-0.00532984780148	-0.00132912024856	0.000109809538117
-8.54376950018	-66.6395723144	57.2872417342	-0.00540702231228	-0.00140571873635	-5.85062007303e-05
2.61759476771	-66.6982844099	57.0775556789	0.000783279712778	-0.00139609142207	0.000372771231923
2.51574829903	-66.8245476688	56.6266154684	0.000700785836671	-0.00150074774865	0.000149032741319
2.73645849035	-66.8026756668	56.7047297615	0.000828587857541	-0.00147558155004	0.000184037024155
-9.24535110126	-66.5595643460	57.5729844787	-0.00580105232075	-0.00133979052771	-1.92185125343e-05
-9.04345682335	-66.5346495921	57.6619657425	-0.00571813015267	-0.00131327018607	5.19727182109e-05
-8.8971143327	-66.6216358029	57.3513007039	-0.00559131894261	-0.00139329815283	-7.51948537072e-05
7.76321990085	-66.0528880790	59.3825425751	0.00384648586623	-0.000606919755228	0.00125248369295
0.524586752351	-65.5538982488	61.1646491114	-0.000392499903683	-0.00072011485463	0.00281567685306
3.10451413590	-69.5324251636	46.9556244157	0.000731908949092	-0.00388006307185	-0.00395681336522
2.90476513765	-69.6662895134	46.4775374522	0.000646242406219	-0.00400947313756	-0.00413791788742
9.16032364668	-66.9341765269	56.2350838325	0.0041117775254	-0.00142230209894	-0.000438532500993
6.89472927819	-67.0261632718	55.9065597435	0.00295203761198	-0.00154237262905	-0.000388148531783
-2.02142539493	-64.9713035576	63.2453444371	-0.00254852557555	-5.61449960514e-05	0.00440189335495
-1.92191139013	-64.9161690785	63.4422532912	-0.00248463801108	4.32601927969e-06	0.00457660714164
-2.22522327484	-64.8664161102	63.6199424637	-0.0027298971545	0.000109917229565	0.00467908475548
-7.93334509418	-65.6796449637	60.7155537012	-0.00574590265751	-0.000478496280266	0.00179631868377
-8.29682693935	-65.6553264612	60.8024054956	-0.00595739344135	-0.000455437169876	0.00177838373929
-8.18246204213	-68.6567432466	50.0830598335	-0.00435141474009	-0.00328834424727	-0.0031123785302
-8.6500856443	-68.6772551890	50.0098028963	-0.00455296784639	-0.0033221419435	-0.00318049942143
-8.27206331535	-68.7296666563	49.8226190848	-0.00436817668378	-0.00336087448522	-0.00322277867235
8.17275822317	-65.9989235271	59.5752731175	0.00408920459449	-0.000542885856703	0.00130296009593
8.27167553898	-65.9391508006	59.7887471406	0.00417382130399	-0.000481436087284	0.00140195072163
7.60849619410	-68.3364122168	51.2270992257	0.00287484866567	-0.00273460126482	-0.0024551008828
2.03274336492	-69.3018268932	47.7791896671	0.000274484948022	-0.00367793696932	-0.0036293710582
1.78222443614	-69.4026291008	47.4191817828	0.000167202626471	-0.0037763772998	-0.00376848992892
1.62057138410	-69.3642206731	47.5563547391	9.70062683336e-05	-0.00374267413281	-0.00371517753229
6.72162761031	-65.4151155755	61.6603015160	0.00363187119365	-3.32736544806e-06	0.00265996158123
6.92305312042	-65.3078411145	62.0434245909	0.0038015593309	0.000119338532386	0.0028554436285
6.93784413214	-65.4379731457	61.5786673367	0.00373872579075	-1.75998466148e-05	0.00257976306602
10.2433271601	-66.4425173221	57.9910095640	0.00489677302539	-0.000945131236222	0.000246734649409
9.79104707370	-66.4629389420	57.9180752073	0.00466013466939	-0.000967728323303	0.00027173163835
7.25811199590	-67.1060222637	55.6213490581	0.00310222292319	-0.00160825008061	-0.000546979950741
7.08781268473	-67.1551397871	55.4459293318	0.00299914949574	-0.00165622355416	-0.000614536576904
8.47671352295	-65.1584336264	62.5770227628	0.00474561098963	0.000325550790876	0.00289028207771
8.30760447922	-65.1027064117	62.7760485295	0.00468698004261	0.000381998339435	0.00303481402807
5.52478130996	-67.9630353049	52.5605881967	0.00199908204377	-0.00241011450998	-0.00178738951217
5.57602599827	-68.1116608886	52.0297825406	0.00199076952413	-0.00254364032298	-0.00201160064898
5.38660705014	-68.0222194550	52.3492162320	0.00192065548617	-0.00246518128552	-0.00187000271399
4.55150530935	-67.9701057793	52.5353365025	0.00153379619587	-0.00243015983142	-0.00175930385012
4.87490528350	-68.0164543976	52.3698057227	0.00167925818823	-0.00246685487218	-0.00184061098844
4.39667704946	-68.0242126461	52.3420976924	0.0014501765836	-0.00248068966903	-0.00183554482646
4.69925228709	-68.0681236254	52.1852727664	0.0015862097498	-0.00251558469608	-0.00191149942111
-12.1358395729	-67.4626609178	54.3476395793	-0.00664689391851	-0.00225780764595	-0.00181872374378
-12.1692127271	-67.3350147680	54.8035186856	-0.00673057325184	-0.00213386910036	-0.00164035137277
11.8195144665	-67.5513577517	54.0308651727	0.00509826326743	-0.00201251544058	-0.00169842899777
-7.39562491547	-68.2373193288	51.5810023971	-0.00413375627249	-0.00287058250979	-0.00244641466998
-6.97599557257	-68.2852275333	51.4099016668	-0.00392601033673	-0.00290567427874	-0.00248406711034
8.95360005005	-68.8160603379	49.5140702217	0.00335031026043	-0.0031844752375	-0.00323520530947
8.53029940018	-68.8094228864	49.5377754057	0.0031664208509	-0.00317606516182	-0.00319322827272
-8.55597941263	-68.0290742271	52.3247349033	-0.00474088313058	-0.00270299194381	-0.00224079051986
-8.40004709171	-67.9730240706	52.5249140336	-0.00469091255218	-0.0026464832481	-0.00214400049299
-8.98387407696	-67.9664906945	52.5482475195	-0.00496200891212	-0.00265471334569	-0.00218941364437
-3.33556878249	-65.8731650239	60.0244106290	-0.00303706317209	-0.000796661362983	0.0019442391349
4.33606394246	-68.6613219146	50.0667074480	0.00132891070098	-0.0030569601804	-0.00276444200426
3.76870837091	-68.6369670124	50.1536892414	0.0010748738423	-0.00304122199304	-0.00271506863646
-0.980324386623	-70.1960058764	44.5856932986	-0.000950066081714	-0.00459261797369	-0.0048823049292
-1.01549197847	-70.1119082367	44.8860420117	-0.000972645531874	-0.00451040547341	-0.00476914830506
-0.373963586664	-66.8740924551	56.4496698030	-0.000947594468016	-0.00160822097678	6.33605668554e-05
-0.702341191123	-66.9487572836	56.1830097015	-0.00112613802776	-0.00166983285453	-7.14182533557e-05
-1.70525832040	-69.8372053338	45.8671238079	-0.00128966756165	-0.00425645289943	-0.00441208900884
-1.80330837430	-69.7922227644	46.0277758415	-0.00133611110505	-0.00421487540007	-0.00435324152932
7.98538071866	-64.4954057898	64.9449793221	0.00488228164613	0.00105045910459	0.00435277493671
8.15259386447	-64.5964335935	64.5841657375	0.00491672148928	0.00093713728711	0.00410499516875
7.77722643065	-64.5258583650	64.8362201249	0.00473953643814	0.00101361842826	0.00433778343722
6.38196149885	-64.4026823118	65.2761346007	0.00396124692634	0.00113012129441	0.00492590805516
5.76966122411	-64.0265653098	66.6194096077	0.00377007690258	0.00157970981672	0.00589599832892
5.92965568295	-64.1219732362	66.2786670135	0.00381876784377	0.00146164547186	0.00564534543082
3.72535656324	-64.0287527198	66.6115974295	0.0023211594671	0.00152058550157	0.00650114286691
3.88672082904	-63.9842016982	66.7707082208	0.00246081780642	0.00158578809351	0.00656063528731
-7.82665909769	-65.2450061183	62.2678352918	-0.0060132201761	-3.29270224029e-05	0.00270378333516
-9.44172751640	-68.5118325244	50.6005981272	-0.0049625467509	-0.00318810599856	-0.00301757478155
-9.08250735503	-68.6269231525	50.1895601695	-0.00476214196533	-0.00328736728989	-0.00314731732942
-9.16815124565	-68.5024518930	50.6341003822	-0.00484352605417	-0.00317039596848	-0.00297900638543
-6.34803152444	-67.5421192195	54.0638599303	-0.00389317143708	-0.00221097189933	-0.00131450686604
-6.39747410491	-67.4369417360	54.4394937999	-0.00395865971223	-0.00211632088758	-0.00115228211507
-0.140453408301	-66.7820046792	56.778554717	-0.000820214510895	-0.00153483462054	0.000228725242778
5.21655376680	-68.1952318885	51.7313146839	0.00180573936086	-0.00262338481843	-0.00211968738586
4.85148182226	-68.1574596827	51.8662154190	0.00164183683228	-0.0025937743485	-0.00204978347756
4.70490571961	-68.2058339608	51.6934501401	0.00156462704763	-0.00263919937424	-0.00211600773036
-9.85083920274	-66.0330996245	59.4532156269	-0.00647535407916	-0.000846999755595	0.000790110731032
-9.74604262556	-66.1353488046	59.0880399837	-0.00634508300573	-0.00094360881485	0.000629526621196
-6.43689251165	-66.7962282882	56.7277561137	-0.00426927348599	-0.00153787760064	-9.34086638154e-05
-6.33958582188	-66.7417346967	56.9223760833	-0.00424769846722	-0.00148853042629	1.06794268504e-05
1.70389507355	-69.5365659611	46.9408358532	0.000136065864353	-0.00390418968163	-0.00395328272134
1.77475180702	-69.6520493069	46.5283953326	0.000168880666024	-0.00401288364083	-0.0041119591333
10.0646593012	-65.1612615571	62.5669230105	0.00561031559482	0.000336636294378	0.00257292343304
9.82170705930	-65.1765416049	62.5123514110	0.00546773336828	0.000320361083141	0.00259304838255
-11.8752412294	-66.2042051780	58.8421243643	-0.00735344365239	-0.00106317969039	0.000103962614958
-12.0130423182	-66.3127056027	58.4546228474	-0.00733409496024	-0.00116808898747	-9.73279093159e-05
-11.8204659597	-66.2954946907	58.5160903904	-0.00725300470367	-0.00114655890502	-3.07006630464e-05
2.38715620088	-64.9097250434	63.4652677023	0.00116396031808	0.000148006220115	0.00453316094354
1.93936278101	-64.8736861772	63.5939779386	0.00083075882867	0.000127941078972	0.00469970377162
2.13270716345	-64.8322458763	63.7419790132	0.00098502356559	0.000216105574509	0.00479096127674
2.21821253703	-64.9444034648	63.3414161973	0.00103269622196	7.54725115257e-05	0.00445835804567
-3.10211767424	-66.5286636983	57.6833439345	-0.0026023176033	-0.0013351617381	0.000619251281023
-3.02585936663	-66.4181807846	58.0779257692	-0.00260141398758	-0.00124800368212	0.00083285337314
8.23168633225	-66.6405108062	57.2838899780	0.00378946098499	-0.00115810777061	0.000147811384522
-12.0090781866	-66.6866708216	57.1190327801	-0.00705243414268	-0.00151356845163	-0.000670910463668
-11.6115891859	-66.7260179344	56.9785073770	-0.00683455821127	-0.00154301756993	-0.000660512188915
-12.0805791507	-66.7422235162	56.9206302992	-0.00704841315746	-0.00156644696835	-0.000766476849094
1.85396970853	-66.9480084062	56.1856842635	0.000312294374453	-0.00161970837507	-5.90374947933e-05
1.64769614444	-66.9893120936	56.0381710941	0.000193192652659	-0.00165818491951	-0.000128818792291
-2.7015236123	-68.9403210480	49.0702819715	-0.00183608580846	-0.00342375179753	-0.00319613353349
-3.18437153217	-68.9009533985	49.2108807196	-0.00205801147968	-0.00339688267559	-0.00315813417546
-2.87653925905	-68.9707799242	48.9615002708	-0.00190944876522	-0.00345568615012	-0.00324554299004
10.5092572739	-65.8667151967	60.0474457262	0.00537319853902	-0.000379516655812	0.00120041682385
10.2882097820	-66.0019366184	59.5645120771	0.00517595838755	-0.000514413346536	0.000997574185021
-3.94055372318	-65.0675452810	62.9016239963	-0.00383940828033	3.85491548514e-05	0.00385410850868
-4.04574752939	-65.1204921902	62.7125278920	-0.00387990078889	-1.37962306326e-05	0.00370035762899
-0.939142337437	-70.3832094429	43.9171091324	-0.000915473792702	-0.00477765453979	-0.00513421883807
-0.965921283755	-70.4332330120	43.7384535285	-0.000921760802157	-0.00482822256163	-0.00520219514146
2.46808860830	-67.2013239596	55.2809858584	0.000613536045421	-0.00180952716619	-0.000494831358083
2.26217767984	-67.2444261761	55.1270493709	0.0004983212566	-0.0018502981402	-0.000563595735002
2.37592780410	-67.3346936654	54.8046654807	0.000547190313227	-0.00192269030958	-0.000713116314728
6.23692880281	-65.4225466005	61.6337621410	0.00335842324421	-3.57790122507e-05	0.00271439808421
-0.839673983579	-69.6228004392	46.6328555741	-0.000944145896938	-0.00403137505054	-0.00409756740555
-0.691064969445	-69.6822765065	46.4204410482	-0.000875625992194	-0.00408559013158	-0.00417639454827
-4.08821257562	-69.9983405436	45.2916409157	-0.00226941471919	-0.00447222823277	-0.00471769599244
-3.90577235239	-69.9602761215	45.4275852805	-0.00219894922338	-0.00442978227511	-0.00465781195089
-4.61698420782	-66.5242803790	57.6989986463	-0.00344976456836	-0.00130818248726	0.000543534406461
2.26010259531	-66.9837640850	56.0579854108	0.000532365345862	-0.0016369872028	-0.000124671743833
2.47736108169	-67.0676778027	55.7582935616	0.000638322846498	-0.00169919047039	-0.000270718883257
2.47384842320	-66.9451356482	56.1959441137	0.000656195566989	-0.00159940461162	-6.09328017163e-05
2.67735736885	-67.0236532182	55.9155242208	0.000754109758418	-0.001657392364	-0.000198945504962
-6.29366752881	-67.6525713700	53.6693879644	-0.00382518488914	-0.00231044180691	-0.00148274342064
-6.60765291481	-67.7085310752	53.4695318743	-0.00395414372906	-0.00236609461717	-0.00159321003594
-10.4195172483	-67.2649020943	55.0539210917	-0.00595098733902	-0.00202639424242	-0.00130371563137
-4.48284654076	-64.5915544855	64.6015911233	-0.00440689828247	0.000660258112475	0.00497111678123
-4.43083205203	-64.7112986956	64.1739332299	-0.00431925756857	0.000505467643961	0.00467900047079
-4.2424564101	-64.6741090490	64.3067533963	-0.00421047257259	0.000543808331713	0.00481615914032
-6.03099996877	-64.5836540779	64.6298068646	-0.00542121287435	0.000700568081811	0.00460615474731
-2.51760933284	-66.8248020164	56.6257070844	-0.00217214180157	-0.0015780107351	0.000100991339423
10.7466225721	-66.8940747252	56.3783045529	0.00490392418578	-0.00137803819962	-0.000557209481485
10.6932724772	-66.7455340019	56.9088071361	0.00495493970811	-0.0012358261738	-0.000312127027428
-1.50008058886	-69.5683940522	46.8271640994	-0.00123172474559	-0.00399251654744	-0.00403766706586
-1.21526658950	-69.5600830478	46.8568462577	-0.00111061020289	-0.00397875299677	-0.00401930185035
-1.50158291639	-69.4478016652	47.2578511958	-0.00124525034335	-0.00387731241062	-0.00387101201341
-5.54128753082	-64.4357683066	65.1579703336	-0.00519327446818	0.000876874139067	0.00508799450472
-5.87008339568	-64.3663799019	65.4057860647	-0.00545470463112	0.000961874960922	0.00516395410523
4.63756938622	-70.0972084529	44.9385412395	0.00135898718145	-0.00439600925893	-0.00475382804871
0.17789744671	-65.6189560708	60.9322997470	-0.000663642713334	-0.000773206818849	0.0026464080438
-1.56700786961	-67.6613563096	53.6380131801	-0.00149014021736	-0.00226316601038	-0.00126239482779
-1.8269731062	-67.7600488506	53.2855398194	-0.00160570570733	-0.00235088262707	-0.00142369733658
-1.39298356273	-67.7070851359	53.4746959432	-0.00139581540134	-0.00229989457875	-0.00132985447999
-9.10819937421	-67.0625247092	55.7766974672	-0.00543838180602	-0.00180974998511	-0.000825737428386
3.18457657720	-68.6275280185	50.1873999339	0.000810353667475	-0.0030400021933	-0.00269002490677
-2.33092194240	-68.3668099326	51.1185359550	-0.00175416993443	-0.00289214542136	-0.00235589058138
-2.54833570607	-68.4671410676	50.7602104728	-0.00183963333257	-0.00298636546358	-0.00251024402678
-2.32189467010	-68.4687665897	50.7544050368	-0.00173437548801	-0.00298389769159	-0.00250510731712
-3.24837357007	-68.6471316644	50.1173869127	-0.00213072658516	-0.00316334259696	-0.00279742851853
-3.25230963281	-68.5550382964	50.4462917987	-0.00214919471182	-0.00307900761254	-0.00266437511891
-0.454040991547	-65.0434371785	62.9877243626	-0.00123171147425	-0.000297424092423	0.00430891523138
4.10638327158	-67.5624612065	53.9912099768	0.00139487104025	-0.00207878090441	-0.00111633795314
4.28813937653	-67.6432198860	53.7027861214	0.00146888382733	-0.00214575137943	-0.00124896701891
5.98972577203	-69.4119527422	47.3858830637	0.00196220818907	-0.00373859028332	-0.00387369375676
6.06321417522	-69.5380470556	46.9355462299	0.00197948818095	-0.00385521585122	-0.00404961686581
-7.34949070799	-67.8695938291	52.8943077532	-0.00424326350912	-0.00252728792839	-0.00189797347412
-7.2153115213	-67.9537740991	52.5936639317	-0.00414966419339	-0.00260258698836	-0.00201321346685
-6.86570348052	-67.9119845236	52.7429124157	-0.00400152383372	-0.00255718943663	-0.00192280113697
7.58000236507	-68.0124410726	52.3841390263	0.00295109464787	-0.00243545672856	-0.00197898899205
7.41311126115	-67.9778174754	52.5077947308	0.00288346060552	-0.00240462087095	-0.00191613531206
-0.77948772814	-65.4021754465	61.7065162626	-0.00144849962089	-0.000624370353762	0.00322172697634
-0.363025773326	-65.3329287705	61.9538258198	-0.00111925101373	-0.000587555929087	0.00342936860397
-8.44224957936	-67.7462639378	53.3347716507	-0.00480173667893	-0.00243499758653	-0.0018104246119
-8.10745471367	-67.7956585103	53.1583624633	-0.00462558167055	-0.00247397273779	-0.00185317546129
-11.1319330629	-68.2852188243	51.4099327703	-0.00580701231956	-0.00302691222169	-0.00286923046224
8.35716617840	-67.8258024664	53.0507054770	0.00337189971469	-0.00225912267342	-0.00175832747482
8.36822399798	-67.6234894956	53.7732518015	0.00344716082327	-0.00207159295678	-0.00145276391413
8.35661844784	-67.5551213150	54.0174238751	0.00346637959592	-0.00200834218413	-0.00134689908009
8.84512485882	-67.6229713417	53.7751023509	0.00367281609215	-0.00206870399415	-0.00149255525321
8.71614861786	-67.5336926892	54.0939546814	0.00364523543976	-0.001986221876	-0.00134460744448
-0.772626805462	-64.7749340650	63.9466640534	-0.00153913313989	0.000102448939288	0.00511870812625
-0.585161983994	-64.8225986379	63.7764334359	-0.00136814662255	1.74510350917e-05	0.00498674856499
-0.859941809549	-64.8976921265	63.5082424055	-0.00160517171025	-7.97754400992e-05	0.00474055530503
6.80781945464	-64.1489388315	66.1823613159	0.00436890451238	0.001451115706	0.00536028575152
7.22861858084	-64.2205198111	65.9267149604	0.00459044054151	0.00136834685691	0.00510765099898
-6.75694184810	-66.8813593531	56.4237165959	-0.0043872743845	-0.00161597749684	-0.000269966869382
-6.96068905130	-67.0239037715	55.9146293877	-0.00441784365103	-0.0017469158629	-0.000529503158759
5.15642097230	-69.1618398094	48.2791435379	0.00163342838641	-0.00351178506389	-0.00349450204521
3.06728364655	-65.3273548491	61.9737326818	0.00151304900646	-0.000230641089729	0.00331224221736
3.12339437411	-65.4335373663	61.5945094060	0.0015080695739	-0.00032719320734	0.00303666805848
2.91358261318	-66.6111209561	57.3888537281	0.000971976609435	-0.00131460034754	0.000525937415659
2.75208575743	-66.5708557692	57.5326579670	0.000889053102583	-0.0012893108651	0.000603402149864
4.26422921610	-66.6180363656	57.3641558370	0.00172612804454	-0.00126301078126	0.00047199591063
3.97052450921	-66.6962912853	57.0846739810	0.00154000392649	-0.00134134409018	0.000341540348018
4.15734751504	-66.5663202369	57.5488562968	0.0016845613718	-0.00122356484644	0.000570974953007
-7.84043976347	-68.3066273338	51.3334738077	-0.00431301724166	-0.00294655072503	-0.00258309789933
0.703905090593	-67.6547002394	53.6617848593	-0.000336139142746	-0.00222411984578	-0.00121832196601
1.11629003512	-67.5718010580	53.9578533643	-0.000124368132674	-0.00214698933996	-0.00108656974044
3.89937650491	-67.0005903704	55.9978915342	0.00141630833969	-0.00160106888507	-0.000188936886843
-10.5096360273	-68.7826057857	49.6335507654	-0.0053398758173	-0.00348890875466	-0.00350036192685
-10.2235944047	-68.9104934710	49.1768090323	-0.0051697329618	-0.0036031473428	-0.00364967528731
2.25054344462	-67.7689692385	53.2536812911	0.000438168877736	-0.00229367241263	-0.00140111276414
1.82553509205	-67.8467278002	52.9759721421	0.000221571026486	-0.00236835563555	-0.0015175556764
11.9353815804	-66.9683861840	56.1129064858	0.00543991243467	-0.00145609816536	-0.000830351491459
6.55531716731	-69.7052774482	46.3382948278	0.00216680485755	-0.00400803796947	-0.00430072983727
6.25406350464	-69.6301216105	46.6067085338	0.00204970501363	-0.0039396379143	-0.00418393919244
3.61600485472	-64.6250790397	64.4818605724	0.00208401517011	0.000693059409969	0.00506913149729
3.30890416813	-64.5520524898	64.7426696793	0.00188551226165	0.000765069271438	0.00532377231866
3.64514017247	-64.4852330644	64.9813104843	0.00213566119783	0.000887440808583	0.00541544519365
3.85733445541	-63.7337126804	67.6653118558	0.0025654071942	0.00191631109919	0.00715077668428
4.23926224222	-63.7876605900	67.4726407499	0.00283402111381	0.00185297522694	0.00691013317555
-2.00666034137	-66.0999699122	59.2143931708	-0.00210249074735	-0.00103303231299	0.00150752847549
-1.00394461297	-68.2352390407	51.5884319975	-0.00114448100794	-0.0027532838285	-0.00212604831904
-0.954423434229	-68.3588026696	51.1471333227	-0.00110911263619	-0.00286227185279	-0.00230790860951
4.30835234103	-64.8117277690	63.8152579680	0.00248757796362	0.000514314859174	0.00445394543931
-1.57092798209	-66.5555736150	57.5872370892	-0.00169836042915	-0.00137273140717	0.000617979560047
-1.10772558072	-66.5574675068	57.5804731900	-0.00142067042179	-0.00137511093635	0.000623850035481
-1.21565585742	-66.5148926005	57.7325264269	-0.00149406353012	-0.00134381582029	0.00070161849726
-8.03417109476	-66.0285562341	59.4694420210	-0.0055497228168	-0.000821515801363	0.00110587186646
-7.91524976889	-66.1275550745	59.1158747340	-0.00542055582628	-0.000916533987038	0.0009384957375
-10.1287833306	-67.8194901606	53.0732494265	-0.00554990163073	-0.002545600757	-0.00209219800308
-9.68331541743	-67.8068500296	53.1183927516	-0.00535052549094	-0.00252161826938	-0.00202582520433
-9.89067779801	-67.8475257223	52.9731224202	-0.00542823970318	-0.00256579159759	-0.0021074609831
0.43560787401	-67.7931992830	53.1671454177	-0.000469741615234	-0.00234624859877	-0.00143579009455
0.213098903501	-67.9307478465	52.6759005484	-0.000576146587264	-0.00246797315776	-0.00164905248675
-0.243471717555	-67.5748418661	53.9469933355	-0.000823809707072	-0.00217214715667	-0.00110040709842
-7.17206414628	-64.3540023894	65.4499914664	-0.00631706509739	0.000959952187259	0.00481915287673
-7.08578373773	-64.2543124545	65.8060269481	-0.0063422084786	0.00107742997352	0.00506935548037
-6.77110542141	-64.3192559621	65.5740858498	-0.00608366634697	0.00100817519706	0.00501585332677
-3.96450827818	-65.6122250844	60.9563389841	-0.00356215774082	-0.000526796560735	0.00249422155321
2.27326061497	-66.3428990850	58.3467889820	0.00066007336136	-0.00113487488125	0.00104426511098
2.53940130534	-66.3636524257	58.2726699083	0.000815411913209	-0.00113712775055	0.000999834854156
-4.48219651100	-65.3306268341	61.9620470210	-0.00403489917517	-0.000212000479223	0.00310960877687
-5.63918133001	-64.5541475943	64.7351871631	-0.00518793426454	0.000733053137083	0.0047775618732
8.52073627854	-65.2784042316	62.1485563156	0.00469527300447	0.000199209884158	0.00264266668819
8.21230197058	-65.1638869527	62.5575465973	0.00459684431553	0.000314457458444	0.0029289254453
1.53821177238	-68.1916603554	51.7440701592	6.74395632814e-05	-0.00267400406301	-0.00203771935776
1.89878118367	-68.1082857921	52.0418364568	0.000243412228883	-0.00259478227235	-0.00191473134328
11.4984895759	-66.0322131922	59.4563814566	0.0057724523358	-0.00054496730445	0.000750380335376
11.7116524036	-65.9896789589	59.6082894324	0.00590838119388	-0.000504669267684	0.000786034564953
6.26680896732	-64.6272621487	64.4740637546	0.00377715262584	0.00085864122957	0.00446312315762
6.10513659286	-64.4960710496	64.9426033943	0.00374187598936	0.00100926309824	0.00478937337175
5.80470015598	-64.5416672464	64.7797598342	0.0035331887193	0.000942806131206	0.00475980900228
6.70877908469	-64.7387577270	64.0758652607	0.00398502964526	0.000744175747968	0.00412218365818
7.09302381896	-64.8299831546	63.7500601620	0.00416060863063	0.000652293907478	0.00384462648071
-5.20654761676	-65.8442850045	60.1275535555	-0.00414928374812	-0.000684518483467	0.00184998952318
-4.05974714625	-70.2470017858	44.4035650506	-0.00221864064224	-0.00471870554611	-0.00505377957597
-4.45296423554	-70.1963072854	44.5846168377	-0.00238963705488	-0.0046790833585	-0.00500322226435
0.356852390463	-64.4433207914	65.1309971734	-0.000520825968124	0.000679827702697	0.00607841461897
0.562821271248	-64.4292401346	65.1812852334	-0.000333901116392	0.000714294030331	0.00610438594595
-3.73432931979	-67.0759863095	55.7286203232	-0.00275182118639	-0.001783891581	-0.000386129308026
-3.41938405692	-67.0015628768	55.9944182970	-0.00260960590094	-0.00172120565549	-0.000243947142735
-3.28223685411	-67.0608581558	55.7826494435	-0.0025174128823	-0.00177080591675	-0.000339338323101
-3.57494149204	-67.1203200221	55.5702856355	-0.00265335850418	-0.00182123016566	-0.000453493470559
-8.27488990605	-68.0318365977	52.3148692939	-0.00461070379242	-0.00269873999059	-0.00221931142733
-8.56892681147	-68.1350512356	51.9462455873	-0.0047064376995	-0.0028033091221	-0.00239685853012
0.68067827989	-69.6680692541	46.4711812355	-0.000294138124445	-0.00404645549133	-0.0041380552575
0.352794901889	-69.5486317605	46.8977437126	-0.00044038213673	-0.00393816735595	-0.00397693039849
0.317393116269	-64.7234401907	64.1305707476	-0.000550365715753	0.000181640105438	0.00529468758032
0.356626665024	-64.6544749677	64.3768751154	-0.000516051601153	0.000301808962831	0.00549448654056
-0.933808256709	-65.0469004036	62.9753557013	-0.0016481759958	-0.000273262965493	0.00427621230483
-1.31652981987	-65.0976780601	62.7940069282	-0.0019581313245	-0.000296550715575	0.00409528054297
-1.03556051628	-64.9987156704	63.1474440344	-0.00174309161957	-0.000204047377338	0.00441796565428
-9.87792877220	-66.5164872869	57.7268311182	-0.00613854220137	-0.00130988575984	-4.20624746766e-05
-10.0808242480	-66.4183626302	58.0772763207	-0.00630562612787	-0.00122062908486	8.89573348104e-05
-9.63754737489	-66.4896473200	57.8226881430	-0.00603916263208	-0.00128003454302	4.00891585741e-05
-11.6675366826	-68.0771580766	52.1530068692	-0.00613708235323	-0.00284362630919	-0.00263623637147
-11.4771682205	-68.2077329385	51.6866680768	-0.00599461887032	-0.00296414736658	-0.00279868836515
-3.78988259380	-69.3660088319	47.5499684574	-0.00224614376202	-0.00384943909012	-0.0038359425962
-4.27883159181	-69.2217589193	48.0651467169	-0.0024845150765	-0.00372336688451	-0.00365719688125
0.254161835469	-68.0366389403	52.2977180703	-0.000552224635612	-0.00255909957923	-0.0018095477717
0.047947765515	-68.0599907436	52.2143187729	-0.000651528243907	-0.00258273538202	-0.00184688693844
-10.8918704809	-66.5188367912	57.7184400314	-0.00663048727438	-0.00133333751	-0.000212485014345
-10.5381074466	-66.5961361770	57.4423707964	-0.00640521617606	-0.00139871996362	-0.000277627870673
-10.6494039505	-66.5081927521	57.7564544568	-0.00652007805184	-0.00131789571606	-0.000153860033606
-10.7837935032	-66.6173984956	57.3664339442	-0.00650954851881	-0.00142406939995	-0.000351908645825
7.21243783116	-69.3418474431	47.6362591318	0.00248928763904	-0.00366966146976	-0.00384206790477
6.73016236716	-69.3143895952	47.7343228744	0.00228889915161	-0.00364489643835	-0.00377673702314
2.16383346152	-68.4607613903	50.7829950347	0.000351864931872	-0.00290372758172	-0.00243673659861
1.90399582693	-68.5852859824	50.3382643486	0.000227400538279	-0.00301979994401	-0.00261564576067
-4.52699319840	-63.8006135043	67.4263803416	-0.00481554493308	0.00169014651328	0.00690282648429
-0.119416445608	-63.9522633984	66.8847735770	-0.000959246535785	0.00151096039917	0.00730132125318
0.125439362078	-63.8736702865	67.1654632623	-0.000732173793949	0.0016373534454	0.00748459529132
2.75341921967	-68.6876265506	49.9727623192	0.000610406452324	-0.00310046458617	-0.00276988954283
2.47523629834	-68.8172626088	49.5097763973	0.000478578731418	-0.00322268065065	-0.00295176520012
3.13762111575	-70.2547834695	44.3757733233	0.000747231417336	-0.00457248697057	-0.00493692792952
3.54845347652	-70.2223069456	44.4917609087	0.000914399628527	-0.00453389948234	-0.00489877164364
3.24331880223	-70.3079123147	44.1860274474	0.000790908234194	-0.00462278258055	-0.00500938855112
3.57623906116	-70.2802992104	44.2846456773	0.000925943139009	-0.00459009688348	-0.00497693195939
10.3892389341	-67.3863054484	54.6203376844	0.0044989627786	-0.00184511335101	-0.00128352781758
10.1870805914	-67.3629475475	54.7037587590	0.00441332301125	-0.00182269734796	-0.00122570199892
9.98222067125	-67.4655391838	54.3373600579	0.0042722360231	-0.00191929610446	-0.00136123364791
-4.44895281079	-64.0684818248	66.4697077687	-0.00461419252679	0.00134318380151	0.00627882359549
-4.24614842812	-64.0986436481	66.3619869712	-0.00444744480774	0.00130389654078	0.0062602753751
6.44700731529	-69.0018090273	48.8506820455	0.00221594539471	-0.0033554341644	-0.00332887819968
-12.2220779979	-66.6893821787	57.1093493617	-0.00715279113501	-0.00151995453052	-0.000713616609573
6.98542294781	-69.0194421402	48.7877066421	0.00244711339474	-0.00337025872432	-0.00338313076645
8.22177804183	-67.2296903593	55.1796772884	0.00352618703619	-0.00170814129524	-0.000825447787065
8.06428389889	-67.3372172608	54.7956526401	0.00340770697221	-0.00180938339327	-0.000982877216302
7.51836210821	-69.0324607683	48.7412115417	0.00267576007172	-0.00338200945407	-0.00343383662403
7.89864909826	-69.1024279369	48.4913287969	0.00282591627911	-0.00344779412262	-0.00355593929999
8.01807851437	-69.0410981971	48.7103635818	0.00289017474279	-0.00339089077897	-0.00347914756276
-11.2663711831	-65.9532044335	59.7385555945	-0.00725612370297	-0.000806607829873	0.000646651315037
-10.8827457656	-66.0671698607	59.3315362120	-0.00696907006204	-0.0009041960584	0.000533128331881
8.92342426615	-65.3372736337	61.9383084512	0.00487638590857	0.000144450197695	0.0024542787578
-8.07400955078	-69.5808550810	46.7826604249	-0.00404128059745	-0.0041831578128	-0.00438754586503
-8.16204978356	-69.4651990493	47.1957176810	-0.00410886947066	-0.00407210225239	-0.0042359046638
2.10653819599	-68.8986314628	49.2191733470	0.000311071402393	-0.00330252014101	-0.00306448247284
2.27739190171	-68.9435736906	49.0586653909	0.00038607759052	-0.00334148155525	-0.00312908529304
10.4016759695	-66.3123107822	58.4560329209	0.00504938606173	-0.000818163913209	0.000444877921836
10.2674609698	-66.1508228883	59.0327753989	0.00507598230615	-0.000661051424686	0.000741137540899
-1.44073144641	-67.5167619613	54.1544215668	-0.00144697132055	-0.00213938113302	-0.00102996325586
-3.91250191004	-69.2358533045	48.0148096267	-0.00232198042795	-0.0037281208206	-0.00366006954573
2.37363403692	-68.3329401034	51.2394996306	0.000456516165286	-0.00278613786213	-0.0022516977042
8.64671954655	-67.1565512982	55.4408882205	0.0037627487909	-0.0016356529668	-0.000746759877075
-3.01547736334	-69.3747313239	47.5188167002	-0.00190920638852	-0.00383991119452	-0.00381691730581
0.527905813132	-66.1272553440	59.1169452001	-0.000420475553256	-0.0010618432425	0.00148428487591
0.0750122958205	-66.1271306876	59.1173904016	-0.000723359815311	-0.00107278907672	0.00148205843288
-6.40048093756	-66.1979232735	58.8645597374	-0.00458545750007	-0.000989992520772	0.00100235920399
-6.61114882811	-66.3039150168	58.4860177973	-0.0046322485432	-0.00108674925286	0.000777149223723
-6.66343198700	-66.2555904832	58.6586054172	-0.00468882033601	-0.00104134634603	0.000862172106281
8.46077042572	-69.4906321638	47.1048851292	0.00298914196901	-0.00381240318529	-0.00412730919197
8.53228328193	-69.4287661218	47.3258352792	0.00303076440468	-0.00375530589372	-0.00404835678637
-6.35902236730	-65.0009934489	63.1393091112	-0.005349337589	0.000222690461669	0.00355380726978
-6.60281944976	-64.8864928638	63.5482397720	-0.00557153206319	0.000353822077159	0.00376106286421
10.3773705285	-67.3153888413	54.8736112811	0.00452482327819	-0.00177799898665	-0.00117335026152
10.7078425993	-67.2952368367	54.9455827261	0.00469110999256	-0.00175979139749	-0.00117975380272
-2.28485168356	-65.5398195051	61.2149303388	-0.00252236588858	-0.000601428444497	0.00279370741919
-2.04600203480	-64.3496414826	65.4655661334	-0.00265781814232	0.000888633017894	0.00613203179091
-2.09732783745	-64.2397173834	65.8581522020	-0.00271022226661	0.00106471392792	0.00640359008685
-1.81515351917	-64.3189060030	65.5753357037	-0.00246662925929	0.000928052526433	0.00625128019601
-3.39370146624	-67.4813590643	54.2808604846	-0.00245363428257	-0.00212822924368	-0.0010391586693
-3.27238909169	-67.6031486265	53.8458977624	-0.00236102379858	-0.00223221560009	-0.00122803612612
-3.02842705299	-67.5824447476	53.9198401871	-0.0022435602732	-0.00221190648153	-0.00118520052638
-2.87356254736	-65.3242971629	61.9846529897	-0.00302339717746	-0.000345677603036	0.00331454747356
-2.68133289360	-65.2008418715	62.4255647445	-0.00294881267473	-0.000240780951572	0.00366853689775
-2.03281432675	-65.4066530211	61.6905249246	-0.00240412517451	-0.000516585365403	0.00315760355443
-8.47891108000	-66.4336083443	58.0228273418	-0.00550382770598	-0.00121109292377	0.000305900495732
-8.16519643354	-66.4336506860	58.0226761215	-0.00534693710506	-0.00120854447596	0.000348573754309
-3.54736834307	-65.0654104467	62.9092484046	-0.00358718889765	6.6237826104e-06	0.00392211508006
-3.26468736547	-64.9794482782	63.2162561494	-0.00343597563915	8.19221822894e-05	0.00419826246798
-3.41573039124	-65.1089235849	62.7538443395	-0.00348168448545	-5.65274203836e-05	0.00382558326237
9.71919596385	-66.9761791096	56.0850746087	0.00436467351392	-0.00145808805246	-0.000566923001315
-1.83754666715	-65.2875734749	62.1158090181	-0.00230803480372	-0.000432234781329	0.00350000779144
5.29468255029	-69.4126482933	47.3833989524	0.00166762468871	-0.00374409114011	-0.00384597550146
5.18261696416	-69.2864283711	47.8341843890	0.00163176713977	-0.00362748862244	-0.0036679552868
5.60489488968	-69.3523372239	47.5987956288	0.00180541037116	-0.00368565111421	-0.00377511745319
3.66783646791	-64.1952890824	66.0168247056	0.0022236907389	0.00129036209546	0.00612004147843
3.95750215156	-64.2696523066	65.7512417620	0.00241118948907	0.00120315840468	0.00586465466768
3.84390164469	-64.1471911781	66.1886029353	0.00236766505986	0.00136421585921	0.00618782592937
4.11714974722	-64.2070872861	65.9746882640	0.00254462147132	0.00129508844111	0.00597085058689
2.75829051839	-65.4782667672	61.4347615459	0.00125209928956	-0.000416030845372	0.00294845108874
1.61534639887	-65.2513560341	62.2451570211	0.000511156569701	-0.000373169808881	0.00362859433517
2.82135263683	-65.6805912930	60.7121739536	0.00121497327928	-0.00058237707708	0.00245055672713
3.50038039517	-65.6597871537	60.7864744510	0.00165192771237	-0.000492361548822	0.00246440712363
7.16774197652	-65.0360276735	63.0141868803	0.00408869283274	0.000424201600254	0.00338968308643
6.94159066657	-65.1635195423	62.5588587777	0.00389072299004	0.000275800470263	0.00315902172588
7.13716130303	-65.1446633018	62.6262024934	0.00401090737432	0.000303934706608	0.00316462828778
-8.73440637650	-65.1886444353	62.4691270168	-0.00656199222431	1.71384508576e-05	0.00261772749946
-8.99883231862	-65.2652136866	62.1956654049	-0.00664412183687	-6.67262575007e-05	0.00240360456519
8.13171647394	-67.7237583862	53.4151486206	0.00330042070709	-0.00216583837755	-0.00158652977552
7.90752377623	-67.6820075452	53.5642587672	0.00320858345367	-0.00212885905057	-0.00150569959078
8.12112888608	-67.5903725094	53.8915267520	0.00334167713299	-0.00204267445952	-0.00138197047636
9.28742426249	-67.2388891457	55.1468244797	0.00403731921688	-0.0017078507226	-0.000939340388868
9.05469089159	-67.1518271509	55.4577601755	0.00396261829883	-0.00162771041505	-0.000778399873525
9.06944149115	-69.2652126125	47.9099549554	0.00329212308861	-0.00360714620911	-0.00386548484676
8.70215800523	-69.2363873560	48.0129023000	0.00314193614759	-0.00357693317346	-0.00379793485627
-5.73042196308	-64.6672321655	64.3313136946	-0.00517883244902	0.000598103739321	0.00448319409043
-5.7232749782	-64.7870811816	63.9032814942	-0.00510217063129	0.000456036475953	0.00419793650508
6.37685166334	-64.1346306567	66.2334619405	0.00410254625604	0.00145844463259	0.00549873011187
-9.10219322829	-67.4123129875	54.5274536162	-0.00525925355032	-0.00213653733954	-0.00137150089722
-9.36183568416	-67.4005004907	54.5696411047	-0.00538683915511	-0.00213086931035	-0.00138245965354
-9.04911241696	-67.3595216046	54.7159942693	-0.00525955017656	-0.00208609737456	-0.00128440570552
-9.39460761604	-69.1943477805	48.1630436411	-0.00471706315875	-0.00385026284494	-0.00396525161341
-9.10652201204	-69.3132479287	47.7384002545	-0.00455718068406	-0.00395652418956	-0.00410385383293
-11.1005869519	-66.2987975293	58.5042945381	-0.00689545413479	-0.00113022688311	0.000105712781078
-10.8321788807	-66.1856104101	58.9085342497	-0.00685000838712	-0.00101589923725	0.000343916617567
-3.44791222196	-67.3587046902	54.7189118206	-0.00251516257413	-0.00202342960984	-0.000843072775751
-9.56160240950	-67.9907262627	52.4616919190	-0.00521685229614	-0.00269304844551	-0.0022820616141
-10.0396695005	-68.0543219264	52.2345645486	-0.00540865166113	-0.00276751234196	-0.00242323614657
-9.85081211584	-67.9595082310	52.5731848892	-0.00536209950224	-0.00267138890922	-0.00226640515029
-6.54348624901	-66.0915369969	59.2445107254	-0.00472711445764	-0.000888415961526	0.00119153026026
-6.92920634835	-66.1114589593	59.1733608595	-0.00491836946458	-0.000903596228454	0.00110447604675
0.704073983937	-69.7891888401	46.0386112855	-0.000277729384834	-0.00416236743331	-0.00430367095396
-1.79006547666	-68.7330553153	49.8105167311	-0.00145419070031	-0.00321497838013	-0.00287189427763
-2.38196583154	-68.7355206967	49.8017117975	-0.00172253511846	-0.00322814192623	-0.0028932124842
-2.12142240636	-68.8144573314	49.5197952451	-0.00159371469636	-0.00329590286128	-0.0029980505351
-4.00795166614	-68.1714495165	51.8162517268	-0.00258049927652	-0.00274422392249	-0.00213341810741
-1.40150713860	-64.5526157746	64.7406579479	-0.00210261065513	0.000515141582582	0.00569334160537
-1.86086324090	-64.4546244822	65.0906268493	-0.00249635335058	0.000708685896825	0.00588905019686
-1.63001472527	-64.4238890025	65.2003964197	-0.00230407598428	0.00074604031397	0.0060076569207
-3.19984885111	-64.4441564162	65.1280127994	-0.00355051504448	0.000803331844509	0.00564867630601
-11.0270699061	-65.6915765562	60.6729408708	-0.00735755078495	-0.000546352297533	0.00115009956062
5.65433769014	-66.5864752945	57.4768739481	0.00248682219535	-0.0011800917564	0.000456818554085
-9.42628694521	-69.0774567235	48.5805117019	-0.00476679485291	-0.00373673648573	-0.00380676100031
-9.75178726521	-69.0936626663	48.5226333345	-0.00490347668529	-0.00376480887644	-0.00385852647014
10.5719001209	-65.4176539215	61.6512359947	0.00570354331285	7.25678619347e-05	0.00199640030041
2.92128354105	-64.6227283347	64.4902559474	0.00159668072592	0.000624297477771	0.00522308424115
2.61741921207	-64.6939325847	64.2359550548	0.0013653881615	0.000484418065753	0.00509270932525
2.88402351605	-64.7535541595	64.0230208588	0.00154935463797	0.000433897192124	0.00488133309409
8.29743679563	-69.4466789926	47.2618607408	0.00292865163647	-0.00377029948868	-0.00405603367835
8.00570428009	-69.5207921007	46.9971710690	0.00279345246963	-0.00383752654307	-0.0041367970407
8.13265969470	-69.5536552025	46.8798028481	0.00284095457755	-0.00386876706034	-0.0041899420321
-3.65310097653	-70.2844537775	44.2698079374	-0.00204485584982	-0.00474505126476	-0.00508694350719
7.90650581395	-67.7470252414	53.3320527093	0.00318640540354	-0.00218880549073	-0.00160453084391
-2.72542327653	-67.2808737870	54.9968793321	-0.002161644632	-0.00195309985429	-0.000685783103108
-3.14174511958	-67.2871999962	54.9742857278	-0.00237713428214	-0.00196078955196	-0.000712574401405
-1.31299658662	-68.1111508584	52.0316040772	-0.00130583066493	-0.00264870352112	-0.00194728735369
1.29196552054	-67.2425754485	55.1336591126	-1.95872198674e-05	-0.00187079806346	-0.000554011960048
1.82397152084	-67.2377715317	55.1508159581	0.000265621900326	-0.00185513461474	-0.000548475130927
1.65382760725	-67.2070671980	55.2604742928	0.000177120600711	-0.00183388905134	-0.000496507214848
1.57606827148	-67.3348986921	54.8039332424	0.000126121580251	-0.00194060185459	-0.000706587394234
-1.14853029029	-70.3909056113	43.8896228167	-0.00100063916761	-0.0047899778001	-0.00514933373779
-1.26419867276	-70.3100851438	44.1782673437	-0.00105615658686	-0.0047119949013	-0.00504305819049
-1.09550670321	-70.2914179044	44.2449360557	-0.000988499377854	-0.00468969298527	-0.00501387938857
11.6962347718	-68.0239905568	52.3428908686	0.00483926432207	-0.00246208417229	-0.00237401807681
11.8705034600	-67.9049862382	52.7679062920	0.00496778637171	-0.0023509892635	-0.00222250423394
8.01360823790	-65.9359749258	59.8000895506	0.00404070690274	-0.000484992429847	0.00144170108251
7.79121321185	-65.9382242019	59.7920564218	0.00392284151167	-0.000493587576784	0.00146577053238
7.80583833805	-64.4614329401	65.0663109282	0.00479643279687	0.00108799338341	0.00446554273367
7.89876269252	-64.3688174063	65.3970806918	0.0049106371589	0.0011959518306	0.00463602645323
0.89224768892	-67.1675712055	55.4015314089	-0.000232650680118	-0.00181818858255	-0.000429306208389
-1.35924431064	-69.6297742323	46.6079491705	-0.00116509932559	-0.00404853746295	-0.00411873077974
-1.93428698627	-69.6376473532	46.5798308815	-0.00140953739174	-0.00406821491197	-0.00414480641484
-1.65206911023	-69.6955408312	46.3730684601	-0.00128278532065	-0.00411801645532	-0.0042165806517
9.17064243648	-68.0323008826	52.3132111335	0.00367972487584	-0.00245029758662	-0.00213245069608
8.66603467462	-68.0801667000	52.1422617857	0.00343219726346	-0.00249478640035	-0.00216035870835
9.3077433657	-64.7427328458	64.0616684080	0.00548548065126	0.000780039175879	0.00354570476338
9.63137158473	-64.8533065110	63.6667624606	0.00558978691697	0.000660983496346	0.00325602781959
-9.50179541093	-68.3850231915	51.0534886018	-0.00503565790132	-0.00306810066104	-0.00284330034629
-9.22821914017	-68.3756425601	51.0869908569	-0.00491607328877	-0.00305066467263	-0.00280414405279
-9.27965851458	-68.2573450249	51.5094820540	-0.00498331710696	-0.00293910177425	-0.00263966387138
3.44651456357	-63.6979664484	67.7929769701	0.00224943039939	0.00195682304911	0.00735270697623
-8.03664533603	-67.9188367422	52.7184402066	-0.00454407371581	-0.00258739851415	-0.00203088158742
-6.64503607164	-69.9029983084	45.6321488986	-0.00336058181711	-0.00445386022329	-0.00472703063861
-6.22140046446	-69.9761268313	45.3709756024	-0.00316747208126	-0.0045129111968	-0.00480002211407
-10.4899035957	-68.0736612271	52.1654956176	-0.00560519145802	-0.00279996730387	-0.00249866675586
-8.27585427509	-68.8564106733	49.3699618812	-0.00433057965711	-0.00348286656663	-0.00340131041594
-2.60299771274	-67.6109773719	53.8179379576	-0.00202274275944	-0.00223207031377	-0.00121438852511
-2.19219448137	-67.5774310303	53.9377463205	-0.00182147778105	-0.00219903257675	-0.00114747614134
-2.39789862139	-67.6415778710	53.7086504605	-0.00191310036462	-0.00225608004257	-0.00125564751215
5.13690795016	-64.8324340748	63.7413068757	0.00299653341062	0.00055473332759	0.00423802481964
5.35596738015	-64.9005641801	63.4979850709	0.00310084130615	0.000488582067192	0.00403499417007
-1.24788942479	-68.7215330583	49.8516676491	-0.00120901386254	-0.00319474563003	-0.00284164422192
-4.57883025977	-66.1133544195	59.1665913589	-0.00363959558308	-0.000950934831053	0.00134693959262
-4.73994042974	-66.1888985531	58.8967908819	-0.00368899083696	-0.00101313099731	0.00118163786829
-4.93098303962	-66.1660319644	58.9784572698	-0.00380794331431	-0.000987869454548	0.00121159793343
-10.4583079558	-68.6578208542	50.0792112349	-0.00536209903657	-0.0033650030382	-0.00332136172801
-10.8143471285	-68.6636079763	50.0585429417	-0.00551761500537	-0.00338426069357	-0.00336582050659
7.49280090337	-67.6691131719	53.6103101002	0.00301593192853	-0.00212058541365	-0.00145542866085
-7.85191672799	-65.1311117424	62.6746009202	-0.0061149308458	8.73750759638e-05	0.00293793505989
-8.11801849017	-65.1306507401	62.6762473569	-0.00626509683207	8.58663916006e-05	0.00287859560922
-8.60783455127	-64.5141064451	64.8781912676	-0.00707657914609	0.000742435047869	0.00404802989215
9.92860053171	-65.1125758619	62.7408004934	0.00557038513944	0.000387316540582	0.00269314018078
10.1318071479	-65.0417545444	62.9937337700	0.00573216145858	0.000461081886897	0.00278508709744
-3.39660524147	-64.8573102131	63.6524635246	-0.00357096455991	0.000248650991125	0.00450689299032
-3.81319672036	-64.7515969440	64.0300109142	-0.00389168760739	0.000418560171966	0.00470727216452
8.85256006221	-66.4449424138	57.9823485222	0.00419911276549	-0.000961552199442	0.000417653704062
9.29340525988	-66.4704390712	57.8912890313	0.00440731551498	-0.000979927950539	0.000321141182212
9.08357919723	-66.4420422744	57.9927061628	0.00431691203266	-0.000955351279117	0.000395332172047
8.11747653446	-67.4590958061	54.3603721212	0.00338745582849	-0.00192144198809	-0.00117848033551
-11.6113170425	-67.7896319166	53.1798860122	-0.00624297652394	-0.00256109633483	-0.00222005927935
-11.8925559716	-67.8500237903	52.9642007489	-0.0063428231515	-0.00262950290926	-0.00234089186415
0.499942992408	-64.0900720735	66.3925997375	-0.000393152993638	0.00130077684298	0.00695566693321
-6.89698282226	-66.3843230129	58.1988463824	-0.00473257480189	-0.00115996308159	0.000595249759499
-6.87982515960	-66.4386012420	58.0049955643	-0.00469157844782	-0.00121036183555	0.000497794535477
-0.949582290239	-64.6574977811	64.3660793533	-0.00170335150324	0.000307552691083	0.00544910272583
-0.0217194875191	-69.4434462047	47.2734064118	-0.000607634021435	-0.0038448870182	-0.00383617472835
-6.34739204661	-67.2125164751	55.2410125890	-0.00402823928744	-0.00191312702373	-0.000786559481639
-6.52981399939	-67.1726326380	55.3834548644	-0.00413578748703	-0.00187858042773	-0.000736551301088
9.09698125553	-67.3379513146	54.7930310194	0.00390423671342	-0.00180163886398	-0.00107608106919
-11.0089479191	-68.5667140376	50.4045927229	-0.00564039452001	-0.00329703697935	-0.00325108529069
-1.37439831655	-67.6365571679	53.7265815431	-0.00139600993134	-0.00223966944031	-0.00121862941887
-1.77537564919	-67.5759011656	53.9432101227	-0.00160940131173	-0.00219310866669	-0.00113281572703
10.7986842641	-67.0502484278	55.8205413294	0.00485092960298	-0.00152714643627	-0.000810380268376
-7.70957748908	-69.6831357507	46.4173723190	-0.00386068108492	-0.00427160970867	-0.00450020283461
-7.7610917554	-67.8499510982	52.9644603634	-0.00444276351482	-0.00251731858589	-0.0019036156591
-9.66918605877	-66.5518615236	57.6004945587	-0.00601308047771	-0.00133957399521	-6.89154039719e-05
-10.1398991187	-66.6051393926	57.4102164552	-0.0062064374797	-0.00139898934867	-0.000229013181524
-1.41172759412	-66.0926789414	59.2404323522	-0.00171967968345	-0.00104490388185	0.00153628014959
-1.26220467174	-66.1575075436	59.0089016299	-0.00160456565209	-0.00109170854557	0.00140379264485
11.4412202837	-65.7545488337	60.4480398797	0.00592689355835	-0.000269986514468	0.00123558216728
11.3072802507	-65.6349568571	60.8751540816	0.00593950040638	-0.000149769519339	0.00146859907545
1.15007296555	-65.9500705040	59.7497482001	1.73561948031e-05	-0.000922301318496	0.0018633948639
1.58544904827	-65.9348966714	59.8039404594	0.000315994169796	-0.000884369947016	0.00189497717656
1.45279440941	-65.9843482212	59.6273277813	0.00021641375497	-0.000926280103158	0.0017875257181
1.68221026196	-68.8663734880	49.3343803999	0.000121827892144	-0.0032790817786	-0.00301721342839
2.04372602663	-68.9557692374	49.0151098664	0.000282004708424	-0.00335602508858	-0.00314494455233
-5.50597126775	-66.2565277534	58.6552580237	-0.00407246872783	-0.00105696287937	0.000981898745522
-5.27156729083	-66.2013819507	58.8522073188	-0.00397600745782	-0.00101164588705	0.00111139961518
11.5972420230	-65.8712818605	60.0311362126	0.00592841627076	-0.000386933214031	0.00100692431442
11.3739513640	-65.8591184498	60.0745769649	0.00582199124619	-0.000373351766029	0.00106703862548
11.9467358492	-66.7174804895	57.0089982517	0.00558237265795	-0.00121490960009	-0.00043951740372
11.8132918806	-66.6293871981	57.3236171498	0.00556700769812	-0.00112871336751	-0.000280142412521
-1.71142264931	-66.9296776713	56.2511511739	-0.00169551582076	-0.00166154257022	-5.91528114455e-05
-1.49370116115	-66.8219884621	56.6357554924	-0.00159492471721	-0.00157624518033	0.000135276364745
11.7233144156	-67.2354485933	55.1591121666	0.00520222866908	-0.00170969904866	-0.00121200678404
12.0809750252	-67.2122036648	55.2421297685	0.00538390083238	-0.00169149087742	-0.00122346007265
1.05168335444	-63.6747708627	67.8758183474	0.000141538708704	0.00194914126769	0.00789112318307
8.49635931027	-65.7543150443	60.4488748419	0.00439670635387	-0.000291576143354	0.00171988178045
8.17357862063	-65.7107366558	60.6045119434	0.00425164029002	-0.000255479797488	0.00185058475472
8.19834175849	-65.8187242498	60.2188419649	0.00420309882611	-0.000363452621968	0.00163969781715
-0.0115068894885	-66.0095926359	59.5371691574	-0.000787910248619	-0.00100155512337	0.00173024064861
-0.925821297145	-69.6809392952	46.4252168029	-0.000975527625997	-0.00408896058798	-0.00417926441878
-10.4540910983	-66.4190713109	58.0747453181	-0.00648816209286	-0.0012291156454	2.50893735938e-05
-6.52471648414	-67.2302444190	55.1776985036	-0.00410774257034	-0.0019306341419	-0.000830293400213
-6.33281574044	-67.3263774475	54.8343662588	-0.00397252477705	-0.00201570475474	-0.000970217981376
-1.56202985656	-69.7979789951	46.0072178745	-0.00123347714543	-0.00421525118873	-0.00435464037582
-10.3363852032	-67.0211010075	55.9246392588	-0.00604447489604	-0.00179499352816	-0.000919721554965
-9.92124206561	-66.9632492882	56.1312525420	-0.00588042940944	-0.00173211388756	-0.000772589701228
-9.91997169535	-67.0502965685	55.8203693983	-0.00583081878722	-0.0018138338346	-0.000909232068807
-7.08100911871	-64.5510242996	64.7463417870	-0.00610485952348	0.000734673172701	0.00440134434029
-8.04519268426	-68.7143594942	49.8772875209	-0.00427215686068	-0.00333942961879	-0.00318276346661
5.06195538293	-65.3574751064	61.8661603345	0.00272110081278	-4.6127843234e-05	0.00301830004901
4.95208699070	-65.3839720729	61.7715283112	0.00264468323439	-8.30930512166e-05	0.00297123426571
-2.88970875012	-68.7106404256	49.8905699087	-0.00195675669238	-0.0032148687169	-0.00287508219481
9.70049579007	-67.9531811086	52.5957817550	0.00395103543997	-0.00237732869573	-0.00206397799775
-10.6898410007	-67.7093681237	53.4665424155	-0.00585788488388	-0.00245590833947	-0.00199474603869
-10.8330365144	-67.2539194151	55.0931449460	-0.00615064613521	-0.00202522356994	-0.00134077633265
-0.544147267875	-64.7565050669	64.0124819038	-0.00133518886287	0.000121745208162	0.0051878169179
7.34308359206	-67.1647316903	55.4116725347	0.00312164286152	-0.0016605554847	-0.00064922258025
8.29168478750	-68.7274555995	49.8305157160	0.00308166327886	-0.00309856422246	-0.00306046125479
8.13957454401	-68.6142210513	50.2349248169	0.00304248486646	-0.00299250450917	-0.00288952863775
10.1434659762	-67.2172272660	55.2241883358	0.00445751938969	-0.00168497581035	-0.000995352398604
10.0486637671	-67.0707068532	55.7474755241	0.00447966624051	-0.00154642562848	-0.000754570181016
-2.48424504051	-64.2045273827	65.983830776	-0.00303475162946	0.00113019545097	0.00641765398905
-8.54529984653	-66.3085931652	58.4693101243	-0.0056192362681	-0.00109313288704	0.000517176871654
-8.23158520006	-66.3086355069	58.4691589039	-0.00546109629795	-0.00109070132021	0.000562170520425
-8.07296453752	-66.2662542815	58.6205204232	-0.00540863955393	-0.00104952382389	0.000661025987938
-8.15867755284	-66.2109409445	58.8180680555	-0.00548906670883	-0.000997258466668	0.000749427592382
-7.06779462728	-69.8430378052	45.8462935529	-0.00355175603181	-0.00440831156448	-0.00467321230099
7.76411629701	-69.2331272205	48.0245456410	0.00274268980138	-0.00356923462823	-0.00372735108249
0.286544230497	-67.4172456976	54.5098367942	-0.000555661681574	-0.00203274656087	-0.000842522538733
-0.0206830162995	-67.4949232678	54.2324169008	-0.000713212357368	-0.00210201693699	-0.000970361870714
4.64562954040	-69.9722331647	45.3848815546	0.00136542576365	-0.00427633617073	-0.0045860959217
-3.06210061076	-69.5245960366	46.9835855837	-0.00190717971418	-0.0039845444262	-0.0040262453258
-2.90208554273	-69.4850258016	47.1249078516	-0.00184412440285	-0.00394287798554	-0.00396565394476
2.03873665598	-64.0971025746	66.3674908051	0.000960290781222	0.00135123159271	0.00673823850229
-0.0170987843758	-68.3335065661	51.2374765498	-0.000669314526021	-0.00282454444095	-0.00225549074821
4.20616755168	-68.3310429215	51.2462752805	0.00131255527958	-0.00275840819813	-0.00228397385217
4.30767599722	-68.2381798281	51.5779291853	0.00137344968971	-0.00267346901819	-0.00215074582957
-3.52987591575	-66.1247398245	59.1259291984	-0.00302757136524	-0.000996398273855	0.00139421958011
-7.02605820339	-67.6719192774	53.6002882951	-0.00416675209999	-0.00233927811496	-0.00157050404232
-0.603948175695	-69.8069442247	45.9751991974	-0.000828009098768	-0.00420417496935	-0.00434556417167
-1.72388906337	-67.0359732783	55.8715240061	-0.00168051407672	-0.00174649059772	-0.000242850568611
-2.08976555307	-66.9803679437	56.0701144868	-0.00189393071923	-0.00170313823037	-0.000157514936291
0.857596811458	-66.0217335759	59.4938086574	-0.000191394050489	-0.000982620869763	0.0017077694647
9.88465308301	-69.0699599317	48.6072859580	0.00368898897432	-0.00343254161999	-0.00366459530778
2.51841401720	-64.0833310924	66.4166746700	0.00135939440224	0.00139448419213	0.00667255930603
-3.25551825935	-63.9972354819	66.7241589934	-0.00370836537331	0.00144107826054	0.00676161237061
8.96754899936	-64.6371823182	64.4386345778	0.00536426017061	0.000895148550626	0.00383413443342
-8.93601827071	-68.1895690484	51.7515391129	-0.00485312473029	-0.00286476872861	-0.00250969361514
11.3623028770	-68.0823606988	52.1344260759	0.00466389302164	-0.00251310714521	-0.00242059794255
11.5727805512	-68.1591117864	51.8603150487	0.0047300378792	-0.00258931121789	-0.00255383551121
1.84917904305	-64.4259720783	65.1929568630	0.000783360330388	0.000815829611383	0.00595131330192
2.91743237763	-69.0652391777	48.6241457941	0.000664682360366	-0.0034453861881	-0.00330640701577
2.97567591173	-69.1331848535	48.3814826662	0.000687457737513	-0.00350772589445	-0.00340220122598
10.8330744642	-67.1898002411	55.3221419960	0.00480001652613	-0.00166009261739	-0.00103187782224
9.31468692262	-68.2884576647	51.3983654830	0.00366206886247	-0.00269077438861	-0.00251704943366
1.84176846633	-67.0037373524	55.9866523129	0.000299126957543	-0.0016646302538	-0.000154834953719
2.26178785831	-66.9238052281	56.2721241853	0.000542326131836	-0.0015885598259	-2.11683200178e-05
2.23366114084	-64.3524011897	65.4557100368	0.00109883141704	0.000966783380136	0.00606761267409
3.61781528789	-64.1379793091	66.2215024673	0.00220363074914	0.0013670794433	0.00627076392993
3.28027883773	-64.2428435173	65.8469874383	0.00192424491979	0.00120312836953	0.00610407022759
-2.24104502580	-67.7387405474	53.3616409020	-0.00181599718053	-0.00233774795197	-0.00140286784153
-1.92380145315	-67.8541111178	52.9496031505	-0.00163890072145	-0.00243333494291	-0.0015720751835
1.68297211066	-67.1000489529	55.6426823110	0.000202163457288	-0.00174623716157	-0.000317498459481
4.27688116027	-69.9022203290	45.6349273966	0.00121554045472	-0.00421466398984	-0.00448220036924
3.10226100118	-69.0863052764	48.5489097270	0.000744834193029	-0.00346259586513	-0.00333837070502
-1.81833931357	-65.1792863065	62.5025489055	-0.00233137304895	-0.000326757406583	0.00381290796213
-1.61549965884	-65.1922318218	62.4563149222	-0.0021708868444	-0.000364984647604	0.00379104865715
1.90060633168	-66.0095155203	59.5374445702	0.000507076794747	-0.000913701369427	0.0017298188759
1.76795169281	-66.0589670702	59.3608318922	0.000408681866247	-0.000957078067586	0.00162565603387
-10.1031365009	-67.8722480640	52.8848283428	-0.00551498960704	-0.00259523000568	-0.00216629635543
-10.5055587698	-67.8070345211	53.1177338531	-0.0057284575887	-0.00254427874461	-0.00211577792652
-10.7873240145	-66.9786816946	56.0761368051	-0.00628262618557	-0.00176443101373	-0.000917766010389
-10.9879581046	-66.8533235814	56.5238443522	-0.00645370595157	-0.00165055715479	-0.000754646549467
-10.8136893549	-66.8804729525	56.4268823127	-0.00635393429548	-0.00167256931309	-0.000770170183387
-2.71261351522	-66.9158576979	56.3005082218	-0.00225351983681	-0.00165122258477	-6.62396414555e-05
-2.44834924370	-66.9284848967	56.2554110832	-0.00210463744588	-0.00166167609859	-7.89245241322e-05
5.60228038742	-64.3828566202	65.3469406422	0.0034761975985	0.00112887122668	0.00516423024237
5.96329604641	-64.3825172120	65.3481528144	0.00370733300224	0.00114164617844	0.0050730551593
2.68255529033	-67.0862365159	55.6920124431	0.000746218895074	-0.0017087290762	-0.000305289082462
2.27664807472	-67.1733633170	55.3808452965	0.000515057938173	-0.00179127405863	-0.000445803860202
-0.804489837942	-65.0025413502	63.1337808923	-0.00154365913477	-0.000227477605222	0.00442073913291
5.26484730730	-67.9502690484	52.6061819700	0.00187831686344	-0.00240210932679	-0.0017567446921
10.2549547007	-67.8645788428	52.9122184185	0.00423967558891	-0.00229628081433	-0.00198730966076
-5.68023804758	-64.8930068660	63.5249754787	-0.00501173641533	0.000331492861733	0.00395436258987
-6.55976002215	-66.7515382701	56.8873633212	-0.00435458030552	-0.00149748509284	-2.72291999863e-05
7.09579685794	-66.4047963029	58.1257274897	0.00332184135914	-0.000963909551501	0.000673276197631
10.5683995556	-65.7196831088	60.5725603257	0.00549837434664	-0.000232591177337	0.00145152548794
8.12384991442	-69.1052120956	48.4813853728	0.00292224483564	-0.00345109216869	-0.00357531569898
8.25174176353	-69.2087464000	48.1116200001	0.00295556592755	-0.00354828499258	-0.00372714945115
0.0781280031015	-68.8763767777	49.2986543653	-0.000597544421908	-0.00331370928325	-0.00303975841962
7.31587262013	-64.9250074333	63.4106877384	0.00423547113314	0.000552227662411	0.00359682738781
-10.0183925175	-69.0123534352	48.8130234455	-0.00504594482481	-0.00369516876526	-0.00377102335915
-0.116712266877	-64.7831961711	63.9171565317	-0.000945273786783	7.1050671977e-05	0.00512097775936
0.162491461409	-64.6932574794	64.2383661450	-0.000692583038472	0.000226941599976	0.00538729783148
1.19666312875	-68.2749159983	51.4467285773	-9.64986611507e-05	-0.00275306240655	-0.00216100714169
3.00728920584	-70.2920807530	44.2425687391	0.000694664835464	-0.00461127841845	-0.00498558720574
-12.2549221408	-67.2102405982	55.2491407207	-0.00683991750702	-0.00201443093829	-0.00147382635623
3.40456790586	-65.0354205652	63.0163551243	0.00183497858234	0.000138131712447	0.0040386384353
3.73402573878	-64.9564827732	63.2982758101	0.00207350496203	0.000274971796898	0.00419270433486
-9.36845888137	-67.8908259647	52.8184786977	-0.00516978651285	-0.0025930327829	-0.00211653928272
-9.57582126196	-67.9315016574	52.6732083663	-0.00524794915691	-0.00263711996377	-0.00219721253961
8.43400634028	-69.3178819576	47.7218501516	0.0030109945219	-0.00365117029287	-0.00388994324021
-7.77671699274	-65.5863031316	61.0489173871	-0.00573034211993	-0.000384609418688	0.00201113405637
-7.52720110030	-65.6034560049	60.9876571252	-0.00558327464387	-0.000402452424169	0.00202104449272
3.81970992024	-66.3086955423	58.4689444919	0.00158375804313	-0.00102294795215	0.00107186567038
4.11480138073	-66.4341304463	58.0209626918	0.00170649436768	-0.00111330789514	0.000819302920718
-2.63714796220	-66.3511464685	58.3173340413	-0.00239830813371	-0.00120349600911	0.000978383701295
2.34345685147	-66.4045760681	58.1265140425	0.000688029627781	-0.00117828208022	0.000923826242797
1.87836865339	-66.3414347181	58.3520188638	0.000419121555751	-0.00115320587065	0.00105139485095
-6.49692103009	-68.8010041751	49.5678422317	-0.00355826155283	-0.00337912864052	-0.00319148879498
-9.22691038355	-66.5001068028	57.7853328473	-0.00583075918257	-0.00128325133119	8.41810688144e-05
-1.62391598258	-67.9838064663	52.4864054776	-0.00147263798863	-0.00254187057726	-0.00176239176653
-4.44558790050	-67.6599892820	53.6428954213	-0.00292691634968	-0.00229415786453	-0.00137446064036
-4.33784166284	-67.5957389013	53.8723610667	-0.00289322156459	-0.00223636883311	-0.0012675243197
8.21962709961	-65.4458893928	61.5503950258	0.00443104933947	1.72217496583e-05	0.00236216443591
7.84174813471	-65.5158205528	61.3006408827	0.00418671872467	-6.56514748698e-05	0.00228335289285
8.10969393055	-65.4950270812	61.3749032813	0.00434292014688	-3.65597043128e-05	0.00228259782307
-4.09086792439	-65.2622244960	62.2063410858	-0.00383421126753	-0.00016673245409	0.0033330458682
-11.2971203774	-66.5001720439	57.7850998431	-0.00684103276581	-0.00132485642098	-0.000254448677879
-11.1576497663	-66.4138748676	58.0933040443	-0.00683648651466	-0.00124034122564	-9.13423282327e-05
-10.8352903195	-66.4663344839	57.9059482718	-0.00664051435888	-0.00128241919447	-0.000118054995255
-6.16145301199	-68.7381446258	49.7923406221	-0.00342529290356	-0.00331116979942	-0.00308016315103
7.61386529376	-64.2809397304	65.7109295343	0.00479193544015	0.00129820394795	0.00488777970895
-6.95395552759	-64.1634647931	66.1304828818	-0.00632972642779	0.00118676701095	0.00531489960849
-6.56879721073	-64.1446247622	66.1977687063	-0.00608352990821	0.00121867540292	0.00547661492601
-9.03565522837	-66.3315346300	58.3873763213	-0.00584920868278	-0.00112043390982	0.000403377023758
-9.56719481915	-66.2443974090	58.6985806822	-0.00617551943287	-0.00104511727113	0.000470247090561
0.167305637509	-67.3140655717	54.8783372439	-0.000622169405688	-0.00194997526705	-0.000675571151078
-0.248966713873	-67.3342166731	54.8063690245	-0.000842802692205	-0.00197280710563	-0.000712983775884
-0.231266439906	-67.2242724913	55.1990268169	-0.000840895052534	-0.00188310013618	-0.000531657249667
12.2820834108	-67.2736968448	55.0225112685	0.00544866966084	-0.00175311113708	-0.00134315446485
-6.88584977762	-67.1407406400	55.4973548570	-0.00432543084025	-0.00185265182517	-0.000715664413292
-1.48621444067	-63.7677544471	67.5437341174	-0.00222430587746	0.00177708989941	0.00764921121299
3.53549565966	-66.1980411440	58.8641387715	0.00145849317778	-0.000947699591052	0.00130128231831
-1.67102035943	-65.1393358810	62.6452289963	-0.00223014154471	-0.000302105705487	0.00394248217344
-1.89639084860	-65.0750927399	62.8746687859	-0.00242376863025	-0.000200595022761	0.00411101942882
-8.58464921430	-65.5435943014	61.2014489234	-0.00619620271027	-0.000345293025021	0.00194225215819
-8.34661843084	-65.5476841966	61.1868421550	-0.00606556516141	-0.00034743847209	0.0019810248632
5.51895090423	-64.4696189114	65.0370753165	0.00338481739163	0.00101879937574	0.00499085756019
1.28062912560	-69.3939506604	47.4501762127	-4.88714576932e-05	-0.00377598335035	-0.00375685794279
3.75104182554	-70.2319911248	44.4571745544	0.000996876275167	-0.00454002991319	-0.0049150371924
1.55912850209	-68.6456279060	50.1227574787	6.82838654029e-05	-0.00307960994542	-0.00270159239881
-3.22850921173	-65.3973165292	61.7238695385	-0.00321995699778	-0.000380939221941	0.00309030618519
-2.34902585952	-67.3323008957	54.8132110866	-0.00195260031614	-0.00199364987202	-0.000757192377932
-2.40830402935	-67.2326642447	55.1690562690	-0.0020064143464	-0.00191099569201	-0.000594777113292
-4.23475535764	-67.6698250236	53.6077677728	-0.00282048713416	-0.0023005020339	-0.00137859734241
7.29971237757	-69.7061065861	46.3353336209	0.00247353245504	-0.00400745822117	-0.00434301421046
7.32556958825	-69.6107104463	46.6760341203	0.00249671027996	-0.0039189485833	-0.0042155594565
-8.41936201802	-66.3757334779	58.2295232932	-0.00551160844043	-0.00115578842815	0.000416124297772
-8.87904638506	-66.4254415925	58.0519943123	-0.00570820085704	-0.00120772561058	0.000263279187493
-11.8457054081	-67.9662426964	52.5491332272	-0.00626761512831	-0.00274162390269	-0.00250036315992
7.74641457599	-68.0993087586	52.0738972907	0.00300299702212	-0.0025147809647	-0.00211891462095
7.38791380283	-68.0366640872	52.2976282600	0.00285488576628	-0.00245890137739	-0.00200184807181
-9.37285368321	-66.9933822390	56.0236348607	-0.00560226896778	-0.00174983765464	-0.000748426420614
-9.53034246562	-67.0708789708	55.7468608187	-0.00563472462818	-0.00182540516835	-0.000891326228157
8.56386017807	-65.3915552858	61.7444454079	0.00464907288551	8.15052262624e-05	0.00241142464802
-4.31275437477	-66.0448839159	59.4111288717	-0.00352524546906	-0.00089949805988	0.00150869996287
-4.22280247635	-66.1231396839	59.1316439862	-0.00343163614161	-0.000970824272372	0.00135370413773
11.4667606912	-65.9685494761	59.6837518711	0.00579752260819	-0.000482073781313	0.000863744469825
11.2434700322	-65.9563860654	59.7271926235	0.0056916042231	-0.000468933343654	0.000922308012377
6.83786162342	-67.6859698151	53.5501078032	0.00269808177836	-0.0021430386696	-0.00143729825504
-9.00395810060	-64.6619785355	64.3500766590	-0.0071766464971	0.000569586409256	0.00362570863217
0.29581380339	-63.5618624140	68.2790628072	-0.000558129337151	0.00209824391641	0.00821445696056
-6.12444239059	-65.1194806916	62.7161403870	-0.00513344164938	8.70279181981e-05	0.00333041511476
-6.3441064372	-65.1102746507	62.7490191046	-0.00526746688411	0.000101584017102	0.00330722122453
-5.63350958837	-65.8934058386	59.9521220049	-0.00435750372708	-0.000718007970136	0.00169881002512
1.62136888453	-69.4351572806	47.3030097120	9.86450904747e-05	-0.00380951515399	-0.00381337665021
9.93725670951	-64.9461312188	63.3352456473	0.00569381518289	0.000561952940188	0.00300933490507
-5.86600110790	-64.0377908514	66.5793183877	-0.00567211676389	0.00136328104418	0.00593978539109
-6.0296838696	-64.0657798353	66.4793577311	-0.00576838152483	0.00132563023362	0.00582430837676
11.3663538650	-68.2503506138	51.5344620935	0.00460215704516	-0.00267337402329	-0.00266133947298
11.2919356623	-68.3090597984	51.3247864344	0.00454707164317	-0.00272831856273	-0.00273681036197
-7.82929809602	-64.7884615552	63.8983515886	-0.00637214444578	0.000458606547909	0.00367705058306
-10.6159168380	-66.6528396132	57.2398585242	-0.00640464760363	-0.00145397742745	-0.00038121335092
1.48472850945	-67.4844356263	54.2698727631	6.92193571012e-05	-0.00206678151153	-0.000947951804847
-0.89543414625	-68.7618615188	49.7076374330	-0.00104504160117	-0.00322542269714	-0.00289191282354
-8.47598291193	-65.4922710821	61.3847461353	-0.00617778953165	-0.000292292388622	0.00206524902023
3.86512849822	-64.3776713202	65.3654595707	0.00231582508422	0.00105079845525	0.00562722003087
10.5858797004	-68.1065212003	52.0481385702	0.00430105114356	-0.00252745719627	-0.00237358477898
10.9654912542	-68.1048093636	52.0542522730	0.00447458401322	-0.0025296532549	-0.00241027399898
1.20866503111	-68.3916753989	51.0297307183	-9.16173521546e-05	-0.00285665644333	-0.00233288249001
1.20640323271	-68.5022266239	50.6349049147	-9.3037248007e-05	-0.00295566674322	-0.00249424087815
0.907117238499	-68.3475101174	51.1874638663	-0.000233261380345	-0.00282211299054	-0.00226878817193
0.616254698855	-68.5192829289	50.5739895396	-0.000366253952961	-0.00298035657033	-0.00252148299478
0.601913315613	-68.4168164829	50.9399411325	-0.000375392788555	-0.00288877100684	-0.00237211049534
2.11202742367	-63.5927112673	68.1688883312	0.00113401759882	0.00208039977588	0.00792109780014
4.09870373554	-66.9073970476	56.3307248299	0.00154767325148	-0.00151550909504	-3.53658397216e-05
3.88326135724	-66.9083481594	56.3273280022	0.00143189798109	-0.0015234897146	-2.97653987218e-05
-7.66741402929	-65.0138995872	63.0932157601	-0.00610048696399	0.000214122643229	0.00323024997488
-8.01502141210	-65.0744088181	62.8771113640	-0.00625148368999	0.000146584250615	0.00302033056505
2.78228791013	-64.8696431630	63.6084172750	0.00145579408854	0.00026095713838	0.00458310451359
2.43344869706	-64.9581352685	63.2923740412	0.00118836574256	9.16001445148e-05	0.00438972981647
2.26123456872	-64.7325424211	64.0980627820	0.00109422090463	0.000379999866709	0.00505079329014
-0.322804476267	-67.4530718948	54.3818860900	-0.000873341865372	-0.00207179225981	-0.000906803936232
1.52979682174	-64.8862992223	63.5489313488	0.000502539798617	4.89688354719e-05	0.00471382029355
2.98644174706	-66.5493264520	57.6095483859	0.00102945929393	-0.00126189761795	0.000638529192656
4.36680184487	-66.5535384006	57.5945057122	0.00180450326297	-0.00120347097982	0.000585810397752
1.20394978428	-65.2114043948	62.3878414473	0.00019430249813	-0.000391523324652	0.00376771762967
-1.99273961193	-68.3294055150	51.2521231607	-0.00160104397219	-0.00285299075767	-0.00229031546041
-2.37107956359	-68.2631212288	51.4888527543	-0.00178943062201	-0.00279990048148	-0.00220394902863
8.17080631210	-68.1133025108	52.0239196043	0.00319436611608	-0.00252632447518	-0.00217034178786
-4.16202715332	-66.4584719410	57.9340287823	-0.00323049584404	-0.00125908874907	0.000696964096278
-4.65303995705	-66.4228562827	58.0612275619	-0.00351902307011	-0.00121977808885	0.000732050975785
-2.3086747643	-68.9203234531	49.1417019532	-0.0016634571366	-0.00339740514755	-0.00315463589504
-2.64494441103	-68.9902573156	48.8919381584	-0.00180346588604	-0.00346915819682	-0.00326489075087
-3.60089093226	-68.9174199795	49.1520715019	-0.00224117701873	-0.00342092127539	-0.00319847883657
11.5992615277	-67.4604166860	54.3556546928	0.00503657851368	-0.00192320311908	-0.00153594976291
11.5498579711	-67.3377976529	54.7935798111	0.00507057784125	-0.00180574867409	-0.00134535832331
7.12095697186	-67.6285627654	53.7551329807	0.00285143614747	-0.0020874098409	-0.00136733753607
-4.61151849955	-64.4872328094	64.9741685379	-0.00454052351415	0.000798407010734	0.00520220212638
-4.80935223246	-64.3782716037	65.3633157012	-0.00472746696323	0.000942330691032	0.00542213395238
4.60492440080	-67.8660260276	52.9070499014	0.00157924962696	-0.00233675632626	-0.00160343328025
4.32504483930	-67.9708628286	52.5326327549	0.00142518337816	-0.00243428652175	-0.00175298342947
7.56835686508	-64.9963369555	63.1559394448	0.00433785049245	0.000480388407595	0.00339673389681
4.41929918828	-63.8685666719	67.1836904576	0.00292057706974	0.00175155350007	0.00666925124824
-4.63379146637	-70.1189843614	44.8607701378	-0.00247756042518	-0.00460710516199	-0.00490712607279
6.72057090439	-65.4738887363	61.4503973703	0.00359973637387	-6.48591812933e-05	0.00253643747419
4.06945831642	-64.9058203502	63.4792130350	0.00230458891019	0.000374263239792	0.00426366832107
-2.91776394251	-69.5563841493	46.8700566095	-0.00184065359645	-0.0040118121542	-0.00406480720267
-7.76952911267	-64.8973469519	63.5094751718	-0.00625031627715	0.000339969468769	0.0034568675328
-4.13293423613	-67.1297535150	55.5365945892	-0.00294159003533	-0.00183028972242	-0.000497682427522
-3.79562581475	-67.1342018018	55.5207078509	-0.00276443152688	-0.00183342956007	-0.000487603363581
-11.1680713486	-66.7502186170	56.8920763678	-0.00660568336025	-0.00155722047202	-0.000623691419605
-10.8062749151	-66.8150628953	56.6604896597	-0.00639093248174	-0.00161087245215	-0.000667333020829
-10.9210732797	-66.7310077280	56.9606866856	-0.00649977242574	-0.0015340995742	-0.00055385439191
-3.06789717639	-67.6487705519	53.6829623148	-0.00224768207408	-0.0022695614025	-0.0012916107662
-0.275758706522	-64.0557724955	66.5150982304	-0.00110293994658	0.00134263932705	0.00705305347219
-3.88287022190	-66.1278008906	59.1149968193	-0.00323296897113	-0.000986358500086	0.00136693147942
8.57416072877	-64.6112493883	64.5312521848	0.00515338033438	0.000923100742511	0.00397772947326
-5.61779887926	-66.5437709870	57.6293893321	-0.00397613225505	-0.00131373759359	0.000430114625487
-5.68587894096	-66.4371742978	58.0100917935	-0.00406884681433	-0.00121745467186	0.000621415267233
2.69624387750	-66.8633047892	56.4881971813	0.000794047082309	-0.00152600777801	7.79463152867e-05
0.146850927224	-64.0311118978	66.6031717935	-0.000715125410352	0.00138912536204	0.00711129792035
-3.09528832026	-66.9471254502	56.1888376777	-0.00245272135362	-0.00167629809584	-0.000135713300551
-3.18797591396	-67.0003165028	55.9988696327	-0.00248598097824	-0.00172029354144	-0.000231576690567
-7.38823118901	-69.7769711827	46.0822457761	-0.00370217091404	-0.00435357820243	-0.00460524111986
-2.71598915547	-64.5427262563	64.7759776561	-0.00316580967046	0.000629854446743	0.0054922727868
-3.06033624779	-64.5768747854	64.6540186236	-0.0034160236828	0.000604458327871	0.00532945757732
-3.61932650221	-65.1300212628	62.6784954900	-0.00360405119136	-6.10281531408e-05	0.00374014116824
-3.85615826025	-65.1394550338	62.6448034509	-0.00375079549849	-5.06745163875e-05	0.00368054839782
0.177371059701	-68.0975827959	52.0800614433	-0.000587187882047	-0.00261348066851	-0.00190215138718
-1.36514982136	-70.0667102219	45.0474634933	-0.00112262822222	-0.0044734957628	-0.00471598329023
1.36021513427	-68.7827933399	49.6328809289	-2.27410000662e-05	-0.00320743606426	-0.00289809633978
4.18072907406	-64.2722386413	65.7420048524	0.00256786262617	0.00121080409735	0.00579892517999
-6.72372126380	-66.4007578575	58.1401505090	-0.00463327206671	-0.00117588997819	0.000584529305343
-6.79316208535	-66.2981550948	58.5065889471	-0.00473066279665	-0.00108019832987	0.000767049961723
10.1622451918	-68.1264568074	51.9769399734	0.00410090619698	-0.00254292297177	-0.00236055580899
9.75049855852	-68.2305545815	51.6051622088	0.00387815176509	-0.00263847550377	-0.00247228052467
-0.964815156487	-67.0371309385	55.8673895054	-0.00126144813839	-0.00174200197216	-0.000227923548664
-1.33369997898	-67.0882717366	55.6847437977	-0.00145689118654	-0.00178596621845	-0.000322484178469
3.95524473046	-64.0453303833	66.5523914884	0.00248681730591	0.00150595710147	0.00639778329059
-11.1086009635	-66.6933128208	57.0953113541	-0.00661482941359	-0.00150248815771	-0.000525392882992
10.7542068186	-67.8028495757	53.1326800869	0.00449475692585	-0.00224115257151	-0.00194810621906
5.04337152226	-65.2632530496	62.2026676799	0.00275398837402	5.34403261554e-05	0.00323888077401
-1.81940767824	-64.9686606350	63.2547834464	-0.0023922638502	-7.81554481364e-05	0.00443418743089
-9.59023005669	-66.9324768605	56.2411540697	-0.00574031891301	-0.00169677927624	-0.000679369608406
-3.48878923336	-67.2350247942	55.1606257350	-0.00257254205644	-0.00191821425688	-0.000641442136839
8.89569735732	-66.3806394220	58.2120020643	0.00425444124267	-0.000899106438737	0.000524513307028
-7.94702670901	-66.3333945942	58.3807335921	-0.00530099309981	-0.00111261976417	0.000556910119485
3.02692574043	-66.9912600129	56.0312142397	0.000949954788666	-0.00162025843747	-0.000150088308146
7.91019931716	-65.0596675712	62.9297586745	0.00449234573171	0.000419927790063	0.00319902831689
-10.1908202924	-68.1491014364	51.8960662987	-0.00543832965195	-0.00286311190575	-0.00257510016672
6.84989511770	-66.3214686754	58.4233261592	0.0032332665287	-0.000893591088243	0.000848342315294
9.65860107002	-68.3477610640	51.1865676284	0.00379850715399	-0.00274832150899	-0.00263230968267
-2.89457741843	-68.5168552229	50.5826599181	-0.00199144217186	-0.00303762964904	-0.00259507051669
-2.44393178985	-68.5212170504	50.5670819630	-0.00178285094444	-0.00303354975767	-0.00258557498455
11.6585493652	-66.7721132743	56.8138811633	0.00541156157851	-0.00126503885258	-0.000484770047478
-0.708960070092	-64.3469324547	65.4752412333	-0.00149547948968	0.000844775873702	0.00631436286494
-0.691581545436	-64.3055376379	65.6230798646	-0.00148012873251	0.000917463446967	0.00642128428444
8.90548618776	-65.7606408568	60.4262826543	0.00460751866922	-0.000289629184408	0.00164691417012
-2.08098521155	-67.1892887354	55.3239688020	-0.00184203067329	-0.00187318469398	-0.000512079219334
-9.33570266738	-68.4428980816	50.8467925656	-0.00493988441303	-0.00311845820397	-0.00290993461385
0.919196823342	-68.5605277885	50.4266864697	-0.000225476498599	-0.00301264645532	-0.00257966597565
-6.96821429414	-66.2120853141	58.8139810212	-0.00487501220778	-0.000998503644951	0.000907770649064
1.90059323267	-67.1857611998	55.3365671437	0.000311728654196	-0.00181070959661	-0.000462727039121
0.252216455859	-64.5616748931	64.7083039533	-0.000613610318396	0.000462125550257	0.00576094537973
-7.87411906178	-66.2357000317	58.7296427438	-0.0053274165839	-0.0010196864605	0.000744575052522
7.10277603923	-65.2176260037	62.3656214153	0.00395117187873	0.000223498645937	0.00301625370048
-11.8687972687	-66.3483222837	58.3274204153	-0.00723515683785	-0.00119701470248	-0.000124131518533
1.25201197317	-70.0568917676	45.0825294013	-3.48307439708e-05	-0.00441199960187	-0.00466423062608
-9.65766858771	-67.8596079330	52.9299716679	-0.00531595852226	-0.00257102097385	-0.00210054474883
0.508676782339	-64.4849768730	64.9822254537	-0.000381789635867	0.000611343188211	0.00595939299092
7.91244003537	-69.5659022686	46.8360633263	0.00274719996378	-0.00387897132896	-0.00419179769233
7.60930651811	-69.5522782403	46.8847205705	0.00262307422236	-0.00386523664929	-0.0041537634097
0.852962094538	-63.5747375076	68.2330803299	-2.98198356177e-05	0.00208814046346	0.00814708322287
0.0405379411993	-68.1948276841	51.7327582711	-0.00064876297256	-0.00270097050816	-0.00204920046963
-1.85541618009	-64.3794370036	65.3591535584	-0.00249674171209	0.000831253302749	0.00608798861504
1.90014990361	-64.8099388138	63.8216470934	0.000806896947324	0.000213786086533	0.00488903187215
1.69362261131	-64.7933362242	63.8809420563	0.000643263803795	0.000208802477573	0.00496566109359
3.66577539236	-67.6196583383	53.7869345062	0.00116394972429	-0.00213742721826	-0.00119381549302
1.88696699375	-64.7518959233	64.0289431309	0.000801298825536	0.00029867090052	0.00505683152005
-4.43064468398	-64.1359798974	66.2286432236	-0.00456907087937	0.00125463411678	0.00611908035353
-4.73815657785	-64.1609307343	66.1395330916	-0.0047833584249	0.00122200639453	0.00597392208874
-1.54338263104	-66.1584126315	59.0056691734	-0.00178628845606	-0.00108684564475	0.00139665708411
-2.95814111744	-67.0064207292	55.9770688242	-0.00236035557464	-0.0017253914848	-0.000232590304222
-2.60118925222	-66.9658568754	56.1219397306	-0.00217822939157	-0.00169202685356	-0.000149129497004
-4.20716109855	-64.7403468960	64.0701896573	-0.00415908405557	0.000457252084743	0.00465347664431
-8.88916827445	-65.0907727792	62.8186686458	-0.00673005031422	0.0001166850343	0.00277901208028
4.89965283747	-65.3430329816	61.9177393514	0.00263303657994	-4.42630007456e-05	0.0030725679826
7.21138707646	-69.7947857474	46.0186223307	0.00242670904845	-0.00408990262076	-0.00445728423074
4.05873964107	-66.8138312455	56.6648884090	0.00155298120808	-0.00143742340151	0.000129361098516
3.84329726276	-66.8147823572	56.6614915813	0.0014359143097	-0.00144595804159	0.00013499186025
-0.873366224401	-64.3183740760	65.5772354429	-0.00164395349566	0.000898040190805	0.00637435354292
4.01576277170	-66.8668492341	56.4755384498	0.00151457602624	-0.00148387264926	3.79824305128e-05
-5.85635071796	-64.1035050310	66.3446248893	-0.00561897689477	0.00128304772079	0.00578853022307
8.85202918550	-67.4244783003	54.4840060705	0.00375217571855	-0.00188378873281	-0.00118798448239
1.84878048739	-67.9759218366	52.5145648692	0.000225908632274	-0.00247989525087	-0.0017149123596
0.59531522972	-68.3154276816	51.3020439944	-0.000380784767913	-0.00279861828312	-0.00222313567065
0.291513929368	-68.2734999088	51.4517860400	-0.000525867799297	-0.0027663607616	-0.00216354359873
-8.50105033518	-65.0978148095	62.7935185377	-0.00650670519099	0.000115958377137	0.00285757379606
1.21562798571	-68.6070824575	50.2604197947	-8.87956848601e-05	-0.0030500118155	-0.0026461109519
-4.22869403377	-67.2205144749	55.2124483038	-0.00295938597992	-0.00190868112259	-0.000654550269246
-11.4568817964	-66.3409412919	58.3537811003	-0.00703853787854	-0.00117914867587	-3.09274037136e-05
-6.20122504191	-64.1478499841	66.1862500567	-0.00582835823298	0.00122271757573	0.00558102224022
10.4592209754	-65.5654498687	61.1233933261	0.00554346479475	-7.74206564529e-05	0.00174841051921
-1.23795403199	-70.2606210059	44.3549249788	-0.00105027097743	-0.0046622552909	-0.00497560435906
-1.63999681774	-64.8441837042	63.6993439134	-0.0022734021768	7.25458521629e-05	0.004825131502
6.85745948681	-69.7912695925	46.0311800266	0.00228216685355	-0.00408708117902	-0.00443268241361
-2.61883604634	-67.6586671721	53.6476172425	-0.00202066474594	-0.00227321195416	-0.00129018269945
-7.20934644300	-64.4469676899	65.1179725360	-0.00626638066024	0.000852156837936	0.00459948694333
-10.4593124378	-65.3464154435	61.9056591304	-0.00736505445093	-0.000186459801625	0.00190513418056
-9.18317815102	-67.4772172125	54.2956528125	-0.00526666035876	-0.00219901348464	-0.00147954106797
-8.87045488382	-67.4362383264	54.4420059771	-0.00513900537044	-0.00215423759073	-0.00138298899401
-2.21384227597	-64.6269255421	64.4752659211	-0.00276465737261	0.000461219489807	0.00535929156467
-5.67959508198	-66.3461110573	58.3353176525	-0.00411558477208	-0.00113536696881	0.000793596322183
8.35772564434	-65.4950539642	61.3748072706	0.00447591766715	-3.03809829347e-05	0.00224258517846
-4.23288216802	-64.2366763228	65.8690131329	-0.0043796193786	0.00112029595766	0.00592371681705
9.19425979303	-65.7251891609	60.5528958541	0.00477979471907	-0.000249136181083	0.00166865577921
-2.92667244005	-64.6961024555	64.2282055160	-0.00328992889263	0.000423995428719	0.00503494311124
3.04412698608	-66.8908704408	56.3897484258	0.000980377662927	-0.00153697666246	2.30471068789e-05
2.71727121657	-66.4671953369	57.9028737968	0.000894402735867	-0.00120899558533	0.000798169639893
-3.74541381295	-66.4002789721	58.1418608139	-0.00302299321629	-0.00121840182692	0.000832585385069
-4.47306197953	-66.2477832765	58.6864882983	-0.00350828748196	-0.00107165263034	0.00108479557093
-4.16183029988	-66.2053710851	58.8379604105	-0.003354069544	-0.00104354682844	0.0011911286274
-1.76585330212	-64.7248060840	64.1256925572	-0.00239318981767	0.000266133341938	0.00515625579283
-2.51754511428	-64.7794239516	63.9306287443	-0.00296964589506	0.000265530950855	0.00487961200997
-4.86904863640	-64.2680845527	65.7568408833	-0.00482358271256	0.00108421081677	0.0056766634807
11.4831612017	-68.2874646036	51.4019121301	0.00464114826173	-0.0027105549816	-0.002726737177
4.95102005108	-68.0611224263	52.2102770490	0.00170672032982	-0.00250586518086	-0.00191032374278
4.62879095203	-68.1611659321	51.8529788138	0.00153653987218	-0.00260000582784	-0.00204737973399
4.26587345880	-63.9616264944	66.8513339484	0.00275444122963	0.00162621890195	0.00650236615911
-8.03153253554	-65.5106614098	61.3190663934	-0.00592403719202	-0.000308261893224	0.00211603357457
-7.57559705017	-65.5421147157	61.2067331581	-0.00565386377275	-0.00034014947596	0.00213759206235
-1.00797158450	-66.5130233902	57.7392021777	-0.00136854336597	-0.00134255189914	0.000708851788659
1.69745796286	-65.9867741199	59.6186638575	0.000378965458367	-0.000911832554266	0.00178074510768
3.37565162364	-67.7492870732	53.3239747386	0.000998919713311	-0.00225565070286	-0.00138888857327
3.11134209433	-67.8796660225	52.8583356340	0.000851268530823	-0.00237410259433	-0.0015839234693
4.47875121978	-64.1739569484	66.0930108984	0.00281178648584	0.00135340250563	0.00594765460119
4.02380473407	-67.7826804972	53.2047125101	0.00131232570857	-0.00227298680693	-0.00145706057083
-4.61325300780	-69.8189105344	45.9324623773	-0.00252025807276	-0.00430969428271	-0.00449763610959
-6.31919164920	-64.3529661474	65.4536923308	-0.00576166575775	0.000974736118224	0.00506887910888
0.585149983909	-63.5282725951	68.3990264460	-0.000278333463939	0.00214983779006	0.00827840063721
-4.47531089176	-70.0250246700	45.1963404643	-0.00242709647864	-0.00450925761834	-0.00477189943194
-4.15203823074	-69.9473453958	45.4737664434	-0.00230437261052	-0.00442359037697	-0.00465114274994
7.88745008080	-65.6230028036	60.9178471299	0.00414974754676	-0.000174381682882	0.0020637428388
8.15539587664	-65.6022093321	60.9921095284	0.00430472381413	-0.000145586629515	0.00206438521855
1.28397432505	-68.6971426291	49.9387763248	-5.74323094042e-05	-0.00313057866879	-0.00277561158873
-8.90182190644	-64.5724334024	64.6698807056	-0.00719990488142	0.000669451605063	0.0038401549682
5.74105467977	-64.8705362745	63.6052275912	0.00334509438835	0.000547474308405	0.00402887677774
-1.72961557967	-67.1409026903	55.4967761059	-0.00166293571237	-0.00183137424756	-0.000421020347858
11.3363051954	-68.3958044551	51.0149840889	0.00453584268689	-0.00281178276055	-0.00286433054134
-6.25151745180	-65.1713884162	62.5307556564	-0.00517303263769	3.3051288483e-05	0.00318668945692
7.89013052766	-65.8784514754	60.0055304449	0.00400759931654	-0.00043148570694	0.00156713451724
2.37639397010	-63.6592194327	67.9313591689	0.00134790479206	0.00199288316071	0.0077101145871
-4.88618693585	-66.2182294202	58.7920377849	-0.00375440600328	-0.00103545933962	0.00111143034883
9.33654255499	-66.4061360794	58.1209425734	0.00446307333186	-0.000917530094739	0.000426350103226
7.97984667944	-65.5649851243	61.1250531275	0.00423250859603	-0.000112268608063	0.0021644087974
7.03396251324	-65.7892335396	60.3241659298	0.00360101112165	-0.000372251786757	0.00185006472748
11.4566328598	-65.9138518322	59.8791005993	0.00582816870883	-0.000428019673564	0.00095877511194
-6.88860203622	-69.2206720490	48.0690283965	-0.00362189626321	-0.00379209523089	-0.00380626646802
6.98918304453	-65.8868432215	59.9755599233	0.00352534698322	-0.000470768951345	0.00166234304197
-3.72452030842	-65.1829681720	62.4893993857	-0.00364572554827	-0.000110779343231	0.00358657981269
12.7	-67.0	56.0	0.00579107366502	-0.00149687740486	-0.000987595762126
12.6910803909	-66.8678543516	56.4719487444	0.00585981458426	-0.00136955431663	-0.000783990893979
12.6645078450	-66.7361995979	56.9421442931	0.00592191657051	-0.00124225323088	-0.000576393562369
12.6201755625	-66.6042563337	57.4133702368	0.00597767205909	-0.00111415865831	-0.000363325583749
12.5583599699	-66.4729151467	57.8824459047	0.00602652598172	-0.000986109953374	-0.000145941608935
12.4791900755	-66.3422783685	58.3490058268	0.00606829160824	-0.000858166953549	7.58194219088e-05
12.3829366257	-66.2126745543	58.8118765919	0.00610270211473	-0.000730643223505	0.000301583611872
12.2685444664	-66.0829519366	59.2751716551	0.00612970534712	-0.000602392014116	0.000533721875399
12.1366446247	-65.9541929706	59.7350251049	0.006148673594	-0.000474419328384	0.000770650804043
11.9886278714	-65.8276835749	60.1868443755	0.00615919427946	-0.000347906374373	0.00101019698195
11.8240450592	-65.7029184492	60.6324341101	0.00616106577218	-0.0002224008349	0.00125342374668
11.6413702723	-65.5789623631	61.0751344174	0.00615371298045	-9.69038737821e-05	0.00150258385111
11.4433136154	-65.4577714440	61.5079591286	0.00613679271191	2.6649217034e-05	0.00175390276127
11.2287401808	-65.3386456814	61.9334082806	0.00610978947952	0.000149019615492	0.00200902624056
10.9962994375	-65.2210327390	62.3534545037	0.00607187207788	0.000270710763289	0.0022693274077
10.7503354702	-65.1070400176	62.7605713657	0.00602331850678	0.000389747030567	0.0025303310249
10.4839171358	-64.9935393310	63.1659309606	0.00596219580621	0.000509313191287	0.00279921479523
10.2045821450	-64.8838476343	63.5576870204	0.00588935427368	0.000625990622211	0.00306846387684
9.91040056344	-64.7770742467	63.9390205477	0.00580371217802	0.000740820891224	0.00334010343067
9.60026048611	-64.6728771211	64.3111531390	0.00570436054841	0.000854212674312	0.00361481471919
9.27495107762	-64.5716295906	64.6727514620	0.00559067446738	0.000965866493061	0.00389158632606
8.94111979682	-64.4752846593	65.0168405024	0.00546423904598	0.00107369851321	0.00416467897594
8.59096104945	-64.3815587904	65.3515757485	0.00532151199877	0.00118061539251	0.00443998770788
8.23006560054	-64.2920329474	65.6713109023	0.00516395224258	0.00128475518432	0.00471210572869
7.85503497585	-64.2059115021	65.9788874923	0.00498986151069	0.00138770462945	0.00498279789463
7.46777463507	-64.1237522704	66.2723133199	0.00480043888092	0.00148935383186	0.00524918967858
7.06712468452	-64.0454331311	66.5520245318	0.00459700496867	0.00158917810768	0.00551022216678
6.65852708441	-63.9720212305	66.8142098912	0.00438658380881	0.00168267730623	0.00576339988038
6.23645554413	-63.9024981255	67.0625066945	0.0041692876257	0.00176662881859	0.00601972034201
5.80949361293	-63.8382229412	67.2920609243	0.00394169613719	0.00183591956738	0.00628258474171
5.36745624461	-63.7776742887	67.5083061117	0.00368701620027	0.00189544993918	0.00655807089061
4.91614535920	-63.7217807542	67.7079258778	0.00340208760463	0.00195182894822	0.00683551002294
4.46088276577	-63.6711486347	67.8887548762	0.00309009826742	0.00200652633794	0.00710278423503
3.99924731470	-63.6254384362	68.0520055850	0.00275110080838	0.0020584310405	0.00735580408946
3.52862993388	-63.5844482819	68.1983989932	0.00238431384787	0.00210666982457	0.00759241217747
3.05028646921	-63.5483986632	68.3271476316	0.00199158769101	0.00214997911826	0.00780872581527
2.57082185551	-63.5177920525	68.4364569552	0.0015798183158	0.00218692654744	0.00799909699708
2.08918339348	-63.4925033570	68.5267737251	0.00115005171392	0.00221703341231	0.00816185120493
1.59732150055	-63.4722390604	68.5991462129	0.000697010662407	0.00224020006135	0.00829688925296
1.10275570733	-63.4574675663	68.6519015489	0.000229899087572	0.00225534662604	0.00839921925217
0.608573687335	-63.4482256848	68.6849082685	-0.000245220813667	0.00226233713329	0.0084670400247
0.113348261618	-63.4444129654	68.6985251235	-0.000726504367776	0.00226096692495	0.0084996400401
-0.382549527271	-63.4460097003	68.6928224988	-0.00120992038865	0.00225125462748	0.00849665608257
-0.876968524829	-63.4529781343	68.6679352346	-0.00169013091363	0.00223324028775	0.00845833681524
-1.37086459271	-63.4653143230	68.623877418	-0.0021645561792	0.0022069872357	0.008385470137
-1.86503876716	-63.4830828945	68.5604182340	-0.00263086543418	0.00217244913802	0.00827899761498
-2.35086378244	-63.5059224026	68.4788485621	-0.00307835498825	0.00213061505929	0.00814296584576
-2.83102098974	-63.5338409530	68.3791394534	-0.00350758014247	0.00208160979673	0.00797944515944
-3.31047888985	-63.5671696741	68.2601083066	-0.00392114929855	0.00202520843595	0.00778912706301
-3.78583534299	-63.6057765395	68.1222266448	-0.00431471923366	0.00196177791804	0.00757528329268
-4.25120077732	-63.6491598588	67.9672862187	-0.00468301214278	0.00189258751925	0.00734334997833
-4.70918716660	-63.6975113429	67.7946023469	-0.00502793071792	0.00181762210559	0.00709477206692
-5.16194931096	-63.7510803494	67.6032844665	-0.00535109313205	0.00173668481875	0.00683048320934
-5.61035086099	-63.8100305080	67.3927481856	-0.00565330777317	0.00164983631112	0.00655189855024
-6.04206222784	-63.8726042240	67.1692706286	-0.00592720508575	0.0015599001199	0.00626886589453
-6.46456016656	-63.9396780468	66.9297212614	-0.00617874599993	0.00146572862286	0.00597870256752
-6.88041813420	-64.0116906681	66.6725333282	-0.00641037989408	0.00136688665953	0.00568084232509
-7.28476491608	-64.0878149892	66.4006607529	-0.0066201412119	0.00126467435621	0.00538008846343
-7.67813468154	-64.1681066144	66.1139049485	-0.00680969562382	0.00115914084017	0.00507692433894
-8.05846540861	-64.2520951509	65.8139458895	-0.00697904406115	0.00105096190237	0.00477388221771
-8.42754906665	-64.3401555544	65.4994444485	-0.00713020982221	0.000939772988204	0.00447018491104
-8.78252752927	-64.4315913741	65.1728879496	-0.0072630206123	0.000826494710054	0.00416864175349
-9.12456966195	-64.5266800406	64.8332855695	-0.00737887527794	0.000710887950845	0.00386873120442
-9.45452243187	-64.6257405407	64.4794980689	-0.00747894030064	0.000592586933635	0.00356979249045
-9.77126006563	-64.7285539520	64.1123073143	-0.00756379542872	0.000471914885566	0.00327264727093
-10.0717859238	-64.8340719530	63.7354573106	-0.00763339689001	0.000350069924025	0.0029803912621
-10.3581077968	-64.9428799731	63.3468572391	-0.00768920686096	0.000226552074309	0.00269132759422
-10.6294593502	-65.0546522071	62.9476706888	-0.00773170311004	0.000101650934084	0.00240633776411
-10.8840241824	-65.1685155429	62.5410159182	-0.00776156457141	-2.36590549321e-05	0.00212729163468
-11.1221075907	-65.2844238979	62.1270575074	-0.00777963874862	-0.000149287530803	0.00185399258044
-11.3451376304	-65.4030229106	61.7034896050	-0.00778661668301	-0.000275881757261	0.00158477248624
-11.5508046691	-65.5230094090	61.2749663966	-0.0077830273658	-0.000401991215767	0.00132239412051
-11.7414873482	-65.6457662284	60.8365491844	-0.00776933273301	-0.000529013341293	0.00106360390782
-11.9152501367	-65.7701509009	60.3923182109	-0.00774608878419	-0.00065555475885	0.000810823286884
-12.0717931342	-65.8959035035	59.9432017732	-0.00771384313703	-0.000781299138907	0.000564366171602
-12.2113047141	-66.0231941182	59.4885924350	-0.00767304655164	-0.000906277447939	0.000323882442899
-12.3342306468	-66.1527165496	59.0260123229	-0.00762390950695	-0.00103096186649	8.82399472175e-05
-12.4386232671	-66.2824932393	58.5625241455	-0.00756780290976	-0.00115351099521	-0.000138791132485
-12.5249460723	-66.4125144619	58.0981626362	-0.00750567065552	-0.00127423414961	-0.000357188051566
-12.5940376616	-66.5437280371	57.6295427246	-0.00743800122291	-0.0013947217958	-0.000568423478398
-12.6456210721	-66.6755518414	57.1587434236	-0.00736580975354	-0.00151569931768	-0.000771985505708
-12.6796051299	-66.8072559348	56.6883716614	-0.00729009741917	-0.0016379392473	-0.00096775428392
-12.6962438863	-66.9390938525	56.2175219553	-0.00721091963351	-0.00176253751852	-0.0011579572456
-12.6955459368	-67.0715087522	55.7446115992	-0.00712781585753	-0.00188977958169	-0.00134486553725
-12.6773986903	-67.2039125293	55.2717409667	-0.00704060960561	-0.00201866216958	-0.00152893050108
-12.6419779823	-67.3354905909	54.8018193182	-0.00694964732975	-0.00214723008685	-0.00170964666177
-12.5892591429	-67.4665716868	54.3336725471	-0.00685405079275	-0.00227533048019	-0.0018876636168
-12.5190328378	-67.5973383847	53.8666486261	-0.00675342185423	-0.00240253773518	-0.00206334283575
-12.4308226689	-67.7280594203	53.3997877847	-0.00664718123153	-0.00252874917351	-0.00223691901192
-12.3239357885	-67.8589471577	52.9323315797	-0.00653491774574	-0.00265393429436	-0.00240843300708
-12.1986582017	-67.9890888173	52.4675399381	-0.00641706259921	-0.00277733895928	-0.00257651996799
-12.0577708652	-68.1160086892	52.0142546815	-0.00629599066451	-0.0028966658283	-0.00273811072111
-11.8998290274	-68.2414659517	51.5661930295	-0.00617014477029	-0.00301363086328	-0.00289557268843
-11.7243275943	-68.3658133697	51.1220951082	-0.00603911699727	-0.00312865013257	-0.00304944184609
-11.5316014351	-68.4886921865	50.6832421912	-0.00590322678909	-0.00324143352918	-0.00319931912236
-11.3245193387	-68.6084047765	50.2556972266	-0.00576436240226	-0.00335051561706	-0.00334329064935
-11.1002687208	-68.7266355044	49.8334446272	-0.00562056526542	-0.00345750432462	-0.00348351872526
-10.8594262979	-68.8429113486	49.4181737549	-0.00547227403149	-0.00356198428199	-0.00361955328844
-10.6021199800	-68.9570309088	49.0106038970	-0.00531957577914	-0.00366383651271	-0.00375127862208
-10.3304032114	-69.0680353865	48.6141593341	-0.00516366306692	-0.00376222631894	-0.003877698211
-10.0460385875	-69.1752992034	48.2310742734	-0.0050054108724	-0.00385665963404	-0.00399824790657
-9.7444345432	-69.2804722008	47.8554564258	-0.00484224408865	-0.00394859490916	-0.00411491515115
-9.42905484762	-69.3821840656	47.4921997657	-0.00467602629215	-0.00403686659411	-0.00422626174986
-9.09818048997	-69.4809194267	47.1395734762	-0.00450580287725	-0.00412191497162	-0.00433293916285
-8.75005426579	-69.5770673289	46.7961881112	-0.00433067139238	-0.00420409115031	-0.00443546846509
-8.39457912233	-69.6679904994	46.4714625021	-0.00415548169985	-0.0042811697349	-0.00453118886799
-8.0225661812	-69.7561153804	46.1567307842	-0.00397558882833	-0.00435523409396	-0.00462278071791
-7.64209787303	-69.8395184345	45.8588627338	-0.00379480468109	-0.00442469352856	-0.0047083646059
-7.24537880568	-69.9198773683	45.5718665417	-0.0036093541421	-0.00449095573276	-0.00478974962607
-6.84053015396	-69.9954854746	45.3018375908	-0.00342294806615	-0.00455262418836	-0.00486530456692
-6.42312855574	-70.0671644752	45.0458411599	-0.00323344161734	-0.00461038388312	-0.00493593933061
-5.99547622822	-70.1344321313	44.8055995312	-0.00304181803949	-0.00466383527964	-0.0050012501888
-5.56038520546	-70.1968374966	44.5827232264	-0.00284920725971	-0.00471263285726	-0.0050608785823
-5.11684557585	-70.2545200933	44.3767139525	-0.00265504675917	-0.00475688604638	-0.00511502893642
-4.66831144275	-70.3070391714	44.1891458163	-0.00246072094887	-0.00479626096785	-0.00516335014254
-4.20441316714	-70.3554591219	44.0162174218	-0.00226165750064	-0.00483153015375	-0.00520685547963
-3.73850064704	-70.3983223384	43.8631345058	-0.0020634890534	-0.00486161839217	-0.00524428859353
-3.26940868971	-70.4359029817	43.7289179226	-0.00186554936226	-0.00488676084206	-0.00527599593624
-2.79550113573	-70.4684093951	43.6128235890	-0.0016670137411	-0.00490711443126	-0.00530223269016
-2.31289958440	-70.4960566169	43.5140835111	-0.00146615202539	-0.00492279278114	-0.00532322051004
-1.82601895868	-70.5185191625	43.4338601338	-0.00126468995586	-0.00493357609957	-0.00533874798566
-1.33654155475	-70.5357174938	43.3724375221	-0.00106321007479	-0.00493941642344	-0.00534880161285
-0.845806366368	-70.5476197116	43.3299296014	-0.000862152606715	-0.00494029419497	-0.00535341724753
-0.354248182853	-70.5542267561	43.3063330140	-0.000661550671794	-0.00493620382622	-0.00535264518112
0.137840235942	-70.5555257691	43.3016936818	-0.000461434421595	-0.0049271248281	-0.00534650823101
0.629690843267	-70.5514909652	43.3161036956	-0.000261987588601	-0.00491303112358	-0.00533502362669
1.12086284827	-70.5420896714	43.3496797449	-6.32855226286e-05	-0.00489387847483	-0.00531820533797
1.61099028778	-70.5272731908	43.4025957471	0.000134622270707	-0.00486961891875	-0.00529604405165
2.09923568349	-70.5070241251	43.4749138390	0.000331507530063	-0.00484024453908	-0.00526858028024
2.58425057633	-70.4814249486	43.5663394694	0.000526918622199	-0.00480587640777	-0.00523597979918
3.06117705768	-70.4508423609	43.6755629967	0.000718991330359	-0.00476699043065	-0.00519875297323
3.53205870010	-70.4152730893	43.8025961095	0.000908663903829	-0.00472358940169	-0.00515693891793
3.99860808006	-70.3746210351	43.9477820174	0.0010966748232	-0.00467566540465	-0.00511048780754
4.46494550875	-70.3284242659	44.1127704789	0.00128485891037	-0.00462282728404	-0.00505894841626
4.91897357372	-70.2778869497	44.2932608940	0.00146840908565	-0.0045666852966	-0.00500371446833
5.36419655712	-70.2227504726	44.4901768837	0.00164893153124	-0.00450719054788	-0.00494446791708
5.80480868111	-70.1624500922	44.7055353849	0.00182838889305	-0.00444406084716	-0.00488051306456
6.23607516263	-70.0975617832	44.9372793457	0.00200526206754	-0.00437820702791	-0.00481237471104
6.65987004348	-70.0277475896	45.1866157514	0.00218074885197	-0.00430946378037	-0.00473952060565
7.06926994939	-69.9541646948	45.4494118045	0.00235249102116	-0.00423894170672	-0.00466295378283
7.46987812437	-69.8758190599	45.7292176433	0.00252320501022	-0.00416566431522	-0.00458131777123
7.85778118939	-69.7934819819	46.0232786362	0.00269168801606	-0.00409018760547	-0.00449507497251
8.23170088798	-69.7075765651	46.3300836962	0.00285765784793	-0.00401250366122	-0.00440441677347
8.59429580059	-69.6175815830	46.6514943463	0.00302246003412	-0.00393178313971	-0.00430852826685
8.94641773236	-69.5232416375	46.9884227230	0.00318665523082	-0.00384736689739	-0.00420698802918
9.28328395788	-69.4258713813	47.3361736381	0.00334797729738	-0.00376015854999	-0.00410105520859
9.60724864713	-69.3248613263	47.6969238347	0.00350752542727	-0.00366941001266	-0.00398989580572
9.91388538248	-69.2217084095	48.0653271091	0.00366296898574	-0.00357633735985	-0.00387506955303
10.2066230012	-69.1153818662	48.4450647635	0.00381592800841	-0.00347997178324	-0.00375522184186
10.4838742699	-69.0064781924	48.8340064558	0.0039655151777	-0.00338082294911	-0.00363085884601
10.7499764469	-68.8931194935	49.2388589518	0.00411408906803	-0.00327713205479	-0.00349967554212
10.9972892408	-68.7784882384	49.6482562916	0.00425740936771	-0.00317182112485	-0.00336511712521
11.2302238532	-68.6605680736	50.0693997370	0.00439796224236	-0.0030630454421	-0.00322467414662
11.4444701175	-68.5415547037	50.4944474867	0.00453310646117	-0.00295285438187	-0.00308076525107
11.6423575777	-68.4204018858	50.9271361222	0.00466416170821	-0.00284031033516	-0.00293198390864
11.8253772925	-68.2961264177	51.3709770795	0.00479217292741	-0.002724486636	-0.00277691660449
11.9899270959	-68.1712715374	51.8168873665	0.00491457758471	-0.00260776281357	-0.00261854287237
12.1374836119	-68.0450418904	52.2677075344	0.00503227720037	-0.00248942221515	-0.002455733018
12.2693600578	-67.9161915054	52.7278874806	0.00514638004825	-0.00236829090863	-0.00228663510643
12.3843851559	-67.7855386549	53.1945048038	0.00525602279231	-0.00224513327703	-0.00211205380037
12.4810023586	-67.6550279218	53.6606145651	0.00535962823778	-0.00212172605097	-0.00193438329734
12.5600044270	-67.5240205112	54.1284981743	0.0054577277042	-0.00199751020409	-0.00175262917764
12.6211952025	-67.3932073039	54.5956882002	0.00554981455207	-0.00187313975766	-0.00156754639465
12.6650199443	-67.2618883069	55.0646846180	0.00563636887819	-0.00174789619632	-0.00137794425245
12.6914088376	-67.1296874492	55.5368305385	0.00571749033406	-0.00162138382439	-0.00118299468886
-4.22270888201	-66.8274554627	56.6162304905	-0.00310313003138	-0.00157175143249	1.82107742148e-05
4.16864767932	-67.1757378653	55.3723647669	0.00151354353875	-0.00174285646062	-0.000492666673381
-1.00898322789	-65.1674594295	62.5447877516	-0.00168836174998	-0.000402868521633	0.00390334078111
0.927874225011	-68.8358972389	49.4432241468	-0.000217049324419	-0.00326273171231	-0.00297501101159
6.39414800211	-65.8310037844	60.1749864842	0.00323354196735	-0.00044200886623	0.00184107653331
-6.66044455692	-68.1541874293	51.8779020381	-0.00382340559736	-0.00277691008523	-0.00226834882051
6.88794801273	-68.2502995844	51.5346443416	0.00256748218089	-0.00265842466615	-0.00228427536786
-6.93641114388	-65.7753988689	60.3735754684	-0.00514437956735	-0.00057856075	0.00176793092396
1.51200047068	-66.1770326401	58.9391691424	0.000219354536966	-0.00105365482159	0.00138192495797
-1.57798951487	-67.8353261114	53.0166924593	-0.00147060898598	-0.00241239834577	-0.00153370923363
8.48202351739	-67.0357395590	55.8723587179	0.00373403634876	-0.00152474420611	-0.000536375911906
-8.42294777438	-67.0364518884	55.8698146842	-0.00512395100668	-0.00177439616527	-0.000703019031789
-2.37891414009	-69.5060832948	47.0497025184	-0.00161617633421	-0.00395143125206	-0.00397688383237
2.22875071137	-64.4748459180	65.0184074356	0.00108770036604	0.000773500534706	0.00575295789167
-4.01034215516	-64.5694195845	64.6806443409	-0.0040940400213	0.000669741362799	0.00513830920681
3.79264370893	-69.3908037955	47.4614150159	0.00102932273876	-0.00373846199363	-0.00377320079133
-2.64473586548	-65.9937174757	59.5938661582	-0.00254991371185	-0.000928785535507	0.00171332492027
-0.0501743194177	-66.9629812204	56.1322099270	-0.000757443835028	-0.00167272996623	-8.75447440194e-05
2.54826095217	-68.0058175521	52.4077944568	0.000563903187867	-0.00249412911944	-0.0017666539643
4.38882810692	-65.1351864617	62.6600483511	0.00241853040643	0.000136033049785	0.00363931851462
-4.47595515798	-68.8494132450	49.3949526966	-0.00264518382028	-0.00337628065608	-0.00314226164483
-1.21316149958	-64.3000525847	65.6426693403	-0.00194682274014	0.000938079203479	0.00638579390943
0.751094174753	-69.4642580389	47.1990784325	-0.000274076533969	-0.0038511226885	-0.00385686359368
9.34574792923	-65.8930767641	59.9532972710	0.00475772563368	-0.000415160146076	0.00133569340687
-9.43243690329	-68.0916638532	52.1012005244	-0.00511701637879	-0.0027855145745	-0.00241561280563
5.25023188578	-66.5147602808	57.7329989973	0.0022996913176	-0.00113185250666	0.000612112751696
-5.40346244658	-67.4955342619	54.2302347788	-0.00345126073807	-0.00215829722583	-0.00117284874432
3.14338443901	-68.7582678687	49.7204718976	0.000782052986324	-0.00315977912396	-0.00287618348375
1.57608194428	-65.1303339167	62.6773788689	0.00050592556363	-0.000253969745245	0.0039841956459
-1.72669702483	-68.8517723244	49.3865274127	-0.0014111927012	-0.00332293473184	-0.00303998845629
-3.24436006146	-65.2810456701	62.1391226067	-0.00328869186342	-0.000262233312242	0.00339054060169
7.87766875691	-65.2132923174	62.3810988665	0.0043829199858	0.000253470090684	0.00288949417882
-5.48528747139	-65.1819198101	62.4931435353	-0.00471923500299	-7.31421096134e-07	0.00330615672283
5.34091015608	-68.8410610052	49.4247821243	0.0017546294257	-0.00321294553578	-0.00305323977955
9.42667145552	-68.1443797219	51.9129295647	0.00375951570459	-0.00255595333874	-0.00231850426644
-6.83357420402	-69.0741509567	48.5923180116	-0.00363511475734	-0.00364916492254	-0.00359847629443
-9.60414461996	-65.9005993343	59.9264309491	-0.0064519518055	-0.000713679590262	0.00107263936661
4.04713516947	-65.9827988999	59.6328610717	0.0018431408098	-0.000730050378479	0.00172084802762
-4.20222982155	-67.9953072133	52.4453313812	-0.00271597946994	-0.00258908956312	-0.00187816726975
5.08105448126	-64.4926960259	64.9546570505	0.00309456279501	0.00096995558124	0.00504664657637
-5.24191274279	-69.4848548065	47.1255185481	-0.00285064266063	-0.00400091568008	-0.00407136837021
8.70672716113	-68.9826179112	48.9192217456	0.00320140854456	-0.00333926291205	-0.00344805768691
5.98151456826	-67.8921123447	52.8138844833	0.0022328060586	-0.00234033539891	-0.00170254881959
-7.53318379772	-66.1845280344	58.9123998772	-0.0051857791841	-0.000970618682913	0.000886101508513
-5.80134672319	-66.0942731944	59.2347385915	-0.00432704435661	-0.000902594823856	0.00127136637457
7.80367079639	-66.6424543727	57.2769486689	0.00357280136086	-0.00116846337914	0.000186499586562
10.9706880392	-66.4277086701	58.0438976067	0.00526684243232	-0.000929538335185	0.000170069688465
-7.95404552961	-65.4104295182	61.6770374350	-0.0059576346539	-0.000205401913263	0.0023348769173
9.72331788081	-67.2283049463	55.1846251919	0.00425125239417	-0.00169611920137	-0.000967376865447
-11.1979719803	-66.6037588905	57.4151468198	-0.00671913800761	-0.00142012233846	-0.000400231831009
-7.22362435306	-67.7663969544	53.2628680200	-0.00422344729304	-0.0024295845069	-0.00173141341656
-9.79579705129	-67.2246966112	55.1975121028	-0.00567874778062	-0.00197501038201	-0.0011640888406
-7.62139905047	-68.7587676686	49.7186868978	-0.00407025590539	-0.00336958211847	-0.00321231922135
-0.142424550003	-65.5115198094	61.3160006809	-0.000920481106732	-0.000714133318979	0.00292805186473
2.39851742160	-66.5210479167	57.7105431547	0.000694590329658	-0.00126544490922	0.000702035846189
1.68276148256	-67.6704675394	53.6054730737	0.000160248571774	-0.00221994495951	-0.0012433771044
-0.983573342509	-66.6743413991	57.1630664318	-0.0013263784349	-0.00146164710168	0.000410752109019
8.46525542988	-67.4494211332	54.3949245244	0.00355765782297	-0.0019095770549	-0.00119253108278
-3.23355633479	-67.1671810444	55.4029248416	-0.00245936051942	-0.00185992871411	-0.000516952713951
0.0952892903984	-68.5149493452	50.5894666242	-0.000607827096246	-0.00298488978297	-0.0025199004449
7.06554958927	-67.3603257997	54.7131221441	0.00291399704292	-0.00184364616871	-0.000943395192735
6.37285275213	-69.3665054321	47.5481948853	0.00213000318035	-0.00369447562844	-0.00382964522578
-6.58878560530	-64.6912859951	64.2454071603	-0.00569810997695	0.0005762501969	0.00421201530844
1.89999245369	-69.9624685968	45.4197550114	0.000230513294809	-0.0043089678511	-0.00453520892188
-6.40954283716	-66.9291581986	56.2530064336	-0.0041894428432	-0.00165796058718	-0.000319346931065
-0.0534994874093	-70.0108572727	45.2469383117	-0.000580766180065	-0.00439159478992	-0.00461430894211
2.06020511133	-67.0877526896	55.6865975372	0.000409005122492	-0.00172677263618	-0.00029967536102
-0.593326911212	-66.0818184818	59.2792197078	-0.00117729709018	-0.00104921066668	0.00157100881916
4.57629059703	-68.3054661669	51.3376208326	0.00148833333515	-0.0027306729462	-0.00225798133761
0.592222672538	-64.8164849815	63.7982679233	-0.000300727144349	4.62094394607e-05	0.00500442180783
1.37946037604	-63.9585260100	66.8624071073	0.000404088117648	0.00153729645535	0.00718063674867
-4.57921624356	-65.7277060526	60.5439069550	-0.00385993206874	-0.000600402825512	0.00216998625547
-9.32399413598	-66.4020676472	58.1354726886	-0.00594423618168	-0.00119167426601	0.000237059473875
2.83921183751	-65.5867240934	61.0474139520	0.00126312684733	-0.000501167261973	0.00267493934371
-2.96708444920	-68.4142596006	50.9490728548	-0.00204297993332	-0.00294579658657	-0.00244793621823
6.42001671757	-64.8479242796	63.6859847159	0.00375815341249	0.000607229652815	0.0039432849735
-3.50262119970	-69.8891583084	45.6815774699	-0.00204039062373	-0.00434940634295	-0.004543883726
3.29861890271	-64.0577968579	66.5078683645	0.00198509544134	0.00146492011845	0.00654636928812
-2.50232494408	-63.9592115469	66.8599587610	-0.00309139513411	0.00149380788207	0.00702060991898
6.47645536423	-65.3179713003	62.0072453559	0.00354704121128	8.77261554706e-05	0.00290433340706
2.32172874115	-69.1241449777	48.4137679369	0.000401700031944	-0.00350799784064	-0.00338317686692
6.21365765871	-66.9304751954	56.2483028737	0.00264414586127	-0.00147170480341	-0.000180560877197
-2.63048666852	-64.8951586202	63.5172906422	-0.00302286329679	0.000119363336125	0.00453427108005
1.73806758859	-68.4208573955	50.9255093018	0.000155312503921	-0.00287444260903	-0.00237620761618
0.867513357676	-68.0981696861	52.0779654067	-0.000253556325333	-0.0026028319262	-0.00189835939091
3.31227958092	-67.5798254696	53.9291947515	0.000993270659819	-0.00211019860581	-0.00112263998017
-3.38542099878	-66.4109257924	58.1038364557	-0.00281249638647	-0.0012347525917	0.000830610166304
-1.85574935721	-65.5768484822	61.0826839920	-0.00220662495121	-0.000669256667607	0.00271822349168
-0.847827392578	-67.4157219323	54.5152788130	-0.00115172041114	-0.00204796646722	-0.000854838814121
-1.77289139218	-69.9612802543	45.4239990919	-0.00130430865102	-0.00437903683633	-0.00458324560896
5.01497356482	-69.7646921594	46.1260994309	0.00152565143071	-0.00407560542226	-0.00431682029739
-0.520714831952	-69.1548410966	48.3041389408	-0.000845341070089	-0.0035821609199	-0.0034417740535
-5.21907531628	-64.2627567623	65.7758687061	-0.00507247075438	0.00109154405072	0.00559340277687
9.62081844338	-67.7048639157	53.4826288727	0.00400616507977	-0.00214402331039	-0.00168759468943
7.02086252887	-68.9038675345	49.2004730912	0.00248420261778	-0.00326268840581	-0.00322399986908
0.754886955153	-66.5841179538	57.4852930221	-0.000293629040243	-0.00137040833943	0.000593370001297
7.62821502433	-67.8286812478	53.0404241150	0.00302909314632	-0.00226598791778	-0.0017076098593
5.45374951936	-65.4863401523	61.4059280274	0.00288461544551	-0.000151193176862	0.00267832400277
-3.45349705138	-69.1849272255	48.1966884803	-0.00212990026921	-0.00366930873133	-0.00356929725967
-5.51754817018	-68.4971723454	50.6529559094	-0.0031981379725	-0.00307075516321	-0.00269399303943
-8.70767785184	-65.0092239555	63.1099144446	-0.00669706473127	0.000206101147342	0.00298960949294
-0.774186912832	-63.8752907863	67.1596757631	-0.00156351784244	0.00162332190666	0.00746115669608
9.67547384300	-66.7288300349	56.9684641612	0.004464100115	-0.00122344738338	-0.000159022631124
-8.47257431468	-67.4809976504	54.2821512487	-0.00493107456714	-0.00218823808245	-0.00141015031841
0.960626162408	-64.3864645419	65.3340552076	2.18690620386e-05	0.000812838203274	0.00618179654703
-10.9012056415	-67.8856739618	52.8368787077	-0.0058742146939	-0.00263167708181	-0.00227422756143
-9.52192556162	-65.3563057205	61.8703367126	-0.00685182539746	-0.000170512663317	0.00210632523522
5.07508112379	-67.5339251050	54.0931246251	0.00188307999633	-0.0020344350487	-0.0011070696637
-7.88460819008	-66.6027481700	57.4187565357	-0.00510304095224	-0.00136519188527	8.79870858626e-05
7.71899479834	-68.6360182171	50.1570777962	0.00285001145676	-0.00301266065799	-0.00289111584425
-10.1918172131	-68.4707444219	50.7473413504	-0.00531282555312	-0.00317353429273	-0.00303213042207
7.14147223313	-66.2318780135	58.7432928090	0.0034294698853	-0.000798970868345	0.000986249302514
3.40955903547	-69.8690956107	45.7532299617	0.000856812519487	-0.00419534603134	-0.00442057382315
11.1942578584	-66.8740975341	56.4496516641	0.00513136619702	-0.00136020465288	-0.000583078945056
-3.71594181422	-67.5629246707	53.9895547475	-0.00259358715266	-0.00220163003542	-0.00118411937729
-1.14278828231	-64.7363131327	64.0845959545	-0.00186757673509	0.000190306338482	0.00520121539012
9.07362127057	-68.5429090067	50.4896106902	0.00347753870301	-0.00292858714238	-0.00286029907875
9.47320991539	-66.3028717651	58.4897436962	0.0045879650861	-0.000816041021608	0.000587707210798
2.16131665389	-69.5651668965	46.8386896554	0.00033124780748	-0.0039243279025	-0.00399370584637
-7.01421473181	-67.5043091091	54.1988960389	-0.00422841124237	-0.0021855761297	-0.00130941194948
-7.20505083637	-65.0662472741	62.9062597355	-0.0057956664823	0.000158195747645	0.00322202104144
9.42744848884	-65.2159443211	62.3716274247	0.00522719835863	0.000277079263469	0.00259523070417
-5.07334905426	-66.4901843426	57.8207702051	-0.00371363642626	-0.00127218384296	0.000573819503188
1.37257705427	-65.5275572375	61.2587241519	0.000261381239397	-0.000631281931419	0.00287529174238
-10.3933000162	-66.2528822270	58.6682777608	-0.00658033648506	-0.00106954260264	0.000312673393637
-1.44882037101	-68.4577082718	50.7938990294	-0.00133008882403	-0.00295904302038	-0.00246414984576
-2.10799875373	-66.8809228320	56.4252756002	-0.00192822702229	-0.00162346253637	1.50942514665e-05
-11.1668812531	-67.4157884776	54.5150411513	-0.00622200593352	-0.00218720920384	-0.00162359443493
-0.798173177317	-69.4795033264	47.1446309772	-0.000939119257964	-0.00389360589907	-0.00389904063195
-8.54738733314	-68.4107421205	50.9616352839	-0.00459696166217	-0.00306418561377	-0.00279292347841
-9.51737742196	-66.8219622745	56.6358490197	-0.00576993450522	-0.00159164622892	-0.000491544604301
0.014137601144	-67.7507670867	53.3186889760	-0.000682809797581	-0.00231681903824	-0.00137371208984
3.38297713921	-66.8178821941	56.6504207355	0.00118351005949	-0.00146508472972	0.000142962817336
0.820440258173	-67.3415663058	54.7801203363	-0.000274330115644	-0.00196112226695	-0.000716797425412
-1.76285597684	-66.3332025598	58.3814194292	-0.00187356164679	-0.00120688625611	0.00103962619323
11.0768806339	-67.3504563742	54.7483700920	0.00484078889713	-0.00181409413926	-0.00130725372583
-2.28746564156	-67.4863246918	54.2631261007	-0.00188809912652	-0.00212269392796	-0.00100501347333
-6.47568920569	-66.5586362789	57.5762990039	-0.004415162839	-0.00132194755133	0.0003230466682
-2.53720359854	-64.454977875	65.0893647321	-0.00304207648151	0.000750522653107	0.00576198427007
-3.86070013018	-64.1109841546	66.3179137335	-0.00414877571166	0.00128638627939	0.00633132783696
8.68876044687	-65.5514606744	61.1733547342	0.00461863540113	-8.129140042e-05	0.0020789981354
-11.1685139841	-67.0455674356	55.8372591584	-0.00642407312989	-0.00183514936361	-0.00107449642383
3.66301583124	-66.5182643126	57.7204845980	0.00142394448631	-0.00120559951756	0.000677903473843
3.96737245638	-67.9481219378	52.6138502222	0.00125703797676	-0.00241978210397	-0.00170797936153
8.39964331298	-64.8154237728	63.8020579543	0.00491920625791	0.000695902446751	0.00360049935989
-9.32801896440	-68.8937769980	49.2365107214	-0.00478215375915	-0.00355389947072	-0.00354317668825
-4.03888375533	-66.0637912813	59.3436025668	-0.00335685140453	-0.000926043372601	0.00148911762517
-9.69485464467	-67.6832411990	53.5598528606	-0.00541051849723	-0.00240479735658	-0.00184461835306
7.06989195428	-64.4817766809	64.9936547111	0.00434151338413	0.00105336145498	0.00459398934618
10.9184768369	-67.9000974685	52.7853661839	0.00453185942024	-0.00233476515859	-0.00210835388862
10.8512784607	-65.9301651989	59.8208385752	0.00550819281489	-0.000442137214122	0.00103291054256
-7.22866319630	-69.4499215875	47.2502800445	-0.00371208623983	-0.00402576150373	-0.00414646370336
5.95832475257	-66.1630679540	58.9890430216	0.00283416244201	-0.000780777132604	0.00122571876273
4.72310430730	-66.8486203634	56.5406415594	0.00189796707127	-0.00144411728252	4.18944364355e-05
10.1229004629	-65.6019668015	60.9929757090	0.00534305954352	-0.000115383125376	0.00174183514901
0.389982943349	-65.8081612471	60.2565669745	-0.00050621520495	-0.000873766606674	0.00218418682925
-4.81289259312	-67.1514078145	55.4592578053	-0.00328364386223	-0.00185067113489	-0.00057383463718
-6.11470786440	-67.8030415301	53.1319945353	-0.0036858196836	-0.00244453107007	-0.0017014183104
3.29422278004	-64.4225243273	65.2052702598	0.00189876486547	0.000947755353991	0.00565563281998
-7.84716558537	-68.0904667252	52.1054759816	-0.00439228210598	-0.00274362089112	-0.00226823170669
-3.45304407483	-69.5314419143	46.9591360204	-0.00207398319617	-0.00400030380115	-0.00405092490837
3.04627659756	-65.1677580686	62.5437211834	0.00155626796186	-6.47054985166e-05	0.00373447453603
2.83796903774	-68.3466840142	51.1904142348	0.000673014728818	-0.00279144733213	-0.00227750092745
3.51271772035	-69.0623038157	48.6346292298	0.000926032662392	-0.003435397055	-0.00331145501696
-0.350833047793	-68.2768953177	51.4396595797	-0.000830574892461	-0.00277970312163	-0.00217630737461
-3.08041913192	-68.8198735642	49.5004515566	-0.00202490063384	-0.00331945577636	-0.0030386664439
-3.71795962691	-64.9417909935	63.3507464516	-0.00375250307843	0.000170423620148	0.00422252342105
7.41808836391	-69.1565135418	48.2981659223	0.00260887946934	-0.00349747412838	-0.00359938945621
-3.05644734467	-65.6362158852	60.8706575528	-0.00298539735377	-0.000614787626546	0.00250961771235
-4.72943896283	-64.8838774099	63.5575806790	-0.00442848820239	0.000307343085296	0.00417819106951
6.15375508803	-68.5799994483	50.3571448274	0.00216146721505	-0.0029663646128	-0.00271959253587
-6.26955482895	-65.4609651856	61.4965529084	-0.00499023636803	-0.000273186713457	0.00253646890633
4.63433107099	-69.1330418577	48.3819933655	0.00140998116694	-0.00348943192512	-0.00343720265664
-5.78338916185	-68.9694642871	48.9661989747	-0.00319918850437	-0.00352063751779	-0.00338415615261
8.17443594686	-68.2145059212	51.6624788528	0.00316624063998	-0.00262027792633	-0.00231843907386
-8.19387873024	-69.2454573420	47.9805094927	-0.0041817962192	-0.00385764008388	-0.00393598899245
-5.29557674666	-69.8375338357	45.8659505868	-0.00280504231341	-0.00434728106484	-0.00455820327625
-8.29243462475	-65.8563924411	60.0843127105	-0.00580640416592	-0.000654752540868	0.001390275429
5.17243838189	-64.1399303575	66.2145344375	0.00330388383009	0.00141905085184	0.00582410022616
0.154888673356	-65.1332646705	62.6669118912	-0.000689457345288	-0.000401926401537	0.00403619883582
4.12909181552	-65.5214409317	61.2805681010	0.00209516263567	-0.000298392260447	0.0027400655672
-4.21016514230	-68.4219456445	50.9216226982	-0.00261719571427	-0.00297521823086	-0.00251312344335
-2.04824683577	-69.1759773245	48.2286524125	-0.00151457369793	-0.00363108608872	-0.00350725930184
0.0568833195256	-64.1537726922	66.1650975279	-0.000798055261839	0.00118380237836	0.00681823957711
-5.40718774981	-68.0735596597	52.1658583582	-0.00326490472071	-0.00267904857174	-0.0020637488924
2.95703910466	-66.0963193289	59.2274309682	0.00114777742419	-0.000903758453205	0.00152698298916
-2.93873166754	-67.9256069947	52.6942607331	-0.00212317612022	-0.00250939303078	-0.00171592028346
5.29758438105	-65.9244317200	59.8413152856	0.0025836925488	-0.000592364871409	0.0017566413153
4.7168348715	-64.8199325068	63.7859553327	0.0027419324033	0.000538769818377	0.00435228319839
-4.86513143959	-69.1600660950	48.2854782320	-0.00275301095098	-0.00367887201719	-0.00360013870522
-7.16353434948	-68.4639945468	50.7714480471	-0.00395474489778	-0.00307776615955	-0.00275726127438
5.64436939125	-67.2322001502	55.1707137494	0.00225203041919	-0.00175530510023	-0.000649695168249
2.11155892500	-65.8046250917	60.2691961012	0.000704526435584	-0.000750800711103	0.00218202662654
-0.359148858705	-68.8328999575	49.4539287230	-0.000796938897111	-0.00328120379709	-0.00298388698138
-2.09201180981	-68.1861192937	51.7638596654	-0.00166904565413	-0.00272691296414	-0.00208050152287
6.65601631858	-66.5589796830	57.5750725608	0.0030232258141	-0.00112092681229	0.000433952052845
-7.44498243926	-64.8446477887	63.6976864690	-0.00610114540905	0.000400589226047	0.00365197681822
-0.183496804582	-64.5410343572	64.7820201529	-0.00101378303953	0.000490939710289	0.00582114886492
-10.8395373716	-65.8743399326	60.0202145265	-0.0071051097475	-0.000717667804565	0.000872173637617
-5.75809422661	-65.7326273521	60.5263308854	-0.00452738441527	-0.000559700536542	0.00202287128195
10.5458108829	-68.3576802184	51.1511420771	0.00419431459159	-0.0027651952114	-0.00272959214635
-6.51928379694	-68.6979771821	49.9357957784	-0.00359624112025	-0.00328219681978	-0.0030465866439
5.52637337323	-65.0084695695	63.1126086803	0.00315445405431	0.000374498195015	0.00375288166106
-10.1799470932	-65.6272786081	60.9025763996	-0.00697172153741	-0.000457923742943	0.00145237566903
4.77737206061	-69.4693542525	47.1808776698	0.00144381204154	-0.00380156142637	-0.00390633009374
7.20795839627	-65.6113941897	60.9593064655	0.00379106821492	-0.000185818324098	0.00218433490954
0.866596913978	-69.1566828770	48.2975611537	-0.000235895160586	-0.00356015376747	-0.00342822563834
8.34524816306	-66.2668069971	58.6185464391	0.0040343105793	-0.000799687521067	0.000791319122072
-4.90877450189	-64.5725583140	64.6694345929	-0.00469984626397	0.000697478011716	0.00491604581475
-8.91160865790	-67.8510781623	52.9604351345	-0.00497584696859	-0.00254405243322	-0.00201231730171
-6.29218198887	-69.6412061943	46.5671207345	-0.00326736783609	-0.00418388471007	-0.00434745987877
-0.695020553837	-70.2732873545	44.3096880196	-0.000825123104732	-0.00466302316636	-0.00498081604019
-8.81227934511	-66.1206848098	59.1404113936	-0.0058839446865	-0.000915821641684	0.000813213002402
-2.23428072673	-65.2221460131	62.3494785247	-0.00262464466505	-0.000318897480611	0.00365366507322
5.70834145175	-68.2882563393	51.3990845026	0.00201576692052	-0.00270258565433	-0.00227738940157
-5.90518467302	-67.2012232371	55.2813455816	-0.00381403416395	-0.00189978722483	-0.000732815649826
0.533681700757	-70.2764734691	44.2983090389	-0.000318968959618	-0.00464110495523	-0.00496631348506
6.81990336123	-69.6404252811	46.5699097103	0.00228332611732	-0.00394693063572	-0.00422688852996
-1.20132304117	-65.8288182793	60.1827918596	-0.00165307230782	-0.000879765953869	0.00212145713158
1.97942389526	-68.7641457216	49.6994795657	0.000257075735135	-0.00318114808761	-0.00287268310785
0.103995115005	-66.3324530151	58.3840963747	-0.000696171890013	-0.00120696169324	0.00106857018545
-2.76943143518	-66.6765194361	57.1552877283	-0.00235991482623	-0.00145772320684	0.000358717545168
4.73235134552	-66.2279475384	58.7573302199	0.00213221181184	-0.00090230704518	0.00118596060202
1.40754603324	-66.8359353217	56.5859452796	7.23228149582e-05	-0.00154362840112	0.000138985647936
-6.85816774543	-64.4121204579	65.2424269363	-0.00606941850856	0.000898172263987	0.00477870972827
-1.37306678498	-67.1905010862	55.3196389778	-0.00146156991832	-0.00186891690828	-0.000495398242492
-4.85020431829	-67.7583020954	53.2917782307	-0.00309423380531	-0.00238631595857	-0.00155046861619
2.74160154586	-67.3520059603	54.7428358562	0.000735887500923	-0.00192870432511	-0.000746655801777
6.46168850823	-67.6212339977	53.7813071510	0.00253664213233	-0.00208922056481	-0.00131436926313
-4.37122811171	-69.6833187305	46.4167188197	-0.00244126375765	-0.00417051510885	-0.00430029025301
7.32176085980	-66.9761356719	56.0852297434	0.00318538653664	-0.00148790795356	-0.00033749055001
-10.5855523370	-68.1879573550	51.7572951607	-0.00560095254332	-0.00291337328963	-0.00267214467749
-4.44731173982	-65.1942500557	62.4491069438	-0.00408996967599	-6.74054172123e-05	0.00345085095614
-6.16229666248	-69.3018744613	47.7790197809	-0.00328715750948	-0.00384945143014	-0.00387173751369
4.24417056715	-68.7947244637	49.5902697726	0.00127240153961	-0.00318029965274	-0.00295146671124
3.22666413878	-70.1429253936	44.7752664515	0.000782342627645	-0.0044619156979	-0.00478773098439
0.29682378679	-63.9568711573	66.8683172953	-0.000576207879931	0.00151088519488	0.00728290528059
6.14148365888	-64.2929849160	65.6679110142	0.00386543408968	0.0012559996685	0.00522203277797
5.87315210170	-69.0997505200	48.5008909998	0.00195159087889	-0.0034492101986	-0.00343732675537
-3.14389228559	-70.1900563101	44.6069417496	-0.00184738612734	-0.00463752495125	-0.00493897311389
2.85362489703	-63.7973351625	67.4380887054	0.00171068916097	0.00181224639528	0.00727559812367
-6.01380761792	-64.9416247004	63.3513403557	-0.00518299685791	0.00028340445715	0.00376648036763
-8.97785274166	-65.6086956786	60.9689440051	-0.00635445164517	-0.000415390881244	0.00173761125188
9.76777964572	-68.7786255133	49.6477660238	0.00371749093756	-0.00315579446033	-0.00325070042163
-5.06099289119	-65.4576763758	61.5082986577	-0.00430237920955	-0.000311651616357	0.00272774347104
-5.32443596477	-66.8840612664	56.4140669059	-0.00365776568651	-0.00161679403391	-0.000153439963469
-7.39321736590	-66.9686269194	56.1120467164	-0.00465841963887	-0.00169981829822	-0.000479996670038
1.36759882016	-69.7287444625	46.2544840626	-7.80677510193e-07	-0.0040928167291	-0.00421737181023
0.274491560229	-69.7374615398	46.2233516435	-0.000462128286017	-0.00412034103647	-0.00423720479012
-0.966888108287	-68.0517183036	52.2438632014	-0.00114492361899	-0.0025913415011	-0.00185018882621
4.17801987402	-70.0566739992	45.0833071458	0.00117218459491	-0.00436369283125	-0.00468808831647
8.54980418429	-67.9852997281	52.4810723995	0.00340900360607	-0.00240661995485	-0.0020113135688
7.87467229701	-69.4054889708	47.4089679613	0.00275823054835	-0.00372983841226	-0.00397103698924
4.97041820034	-68.5584796195	50.4340013590	0.00163015013095	-0.0029563291464	-0.00263793603517
1.70689762476	-70.2790991018	44.2889317794	0.00016286734899	-0.00462153973058	-0.00496276794001
8.52039108553	-66.4948941381	57.8039495069	0.00400612596422	-0.00101484940387	0.000368626817362
5.21374307150	-68.1043239798	52.0559857864	0.00182218162809	-0.00254133855924	-0.00198508240283
-4.23162478500	-70.0985539953	44.9337357311	-0.00231332797557	-0.00457547046244	-0.00486038252711
-11.4812571403	-66.2457169598	58.6938680007	-0.00712497578934	-0.00109035242349	0.000117730829515
4.04247564569	-63.8921651656	67.0994101230	0.00262237596326	0.00171217392199	0.00672964612022
-1.85253661609	-70.2449389250	44.4109324108	-0.00130578607786	-0.0046606217511	-0.00497048627585
3.79237828053	-68.4898601157	50.6790710154	0.00110135891009	-0.00290722446516	-0.00250400044024
-0.247749400929	-69.7445513731	46.1980308105	-0.000682556943502	-0.00413695489988	-0.0042540631257
-7.97545532853	-64.5931043001	64.5960560711	-0.00662119407207	0.000672141555697	0.00406059902161
1.76490356126	-64.2136763344	65.9511559487	0.000720097101294	0.00115429668222	0.00650336546823
5.65543288279	-69.5474249951	46.9020535889	0.00180767814163	-0.0038666985929	-0.00404471019283
-5.93856544512	-64.4745304594	65.0195340735	-0.0054311286658	0.000830909237266	0.0048888232559
8.56042274484	-67.7260924893	53.4068125384	0.00350143527612	-0.00216574710794	-0.00162468932103
-0.495418258135	-64.9340157544	63.3785151629	-0.0012788354652	-0.000152347085532	0.00464825192466
4.92978128003	-67.9050903126	52.7675345980	0.00172771338839	-0.00236649205908	-0.00167484139092
3.99769148818	-64.6294626566	64.4662047979	0.00234033190645	0.000721471034922	0.00497367652133
-5.33178143348	-65.9655757381	59.6943723639	-0.00414634589106	-0.000794190331362	0.00158200715668
-4.15621227556	-69.3519144466	47.6003055477	-0.00240735127591	-0.00384475034662	-0.00383274024352
-3.90777020681	-65.4771327248	61.4388116972	-0.00360355875455	-0.000401211815188	0.002822780516
-10.2453207866	-66.5078192553	57.7577883738	-0.00632359925658	-0.00130892777815	-8.62642045831e-05
-1.25472959049	-69.7350814673	46.2318519024	-0.00110994151328	-0.00414787372574	-0.00426087761298
2.27289117029	-65.3484815542	61.8982801635	0.000967735133599	-0.000365997519111	0.0033172161784
3.45041637367	-65.7859073073	60.3360453312	0.00156816863455	-0.000608205155004	0.00217903382145
-3.56050769595	-68.2035957454	51.7014437666	-0.00236226967536	-0.00276583479717	-0.00216085580178
10.4315327502	-67.0599282785	55.7859704338	0.00466942228377	-0.0015358341625	-0.000781612005085
0.326070508056	-66.0426107591	59.4192472888	-0.000555085658561	-0.00101454067044	0.00166140915826
-2.37366120244	-68.6249234559	50.1967019431	-0.00173492240719	-0.0031266938895	-0.00273366621695
0.597664492955	-69.9947277141	45.3045438783	-0.000310355477268	-0.00436340738088	-0.00458452804014
1.26570512492	-69.2860521118	47.8355281721	-5.81278218306e-05	-0.00367475231178	-0.00360709126107
2.25753532159	-64.0286313263	66.6120309776	0.00115308677778	0.00146398961078	0.00685995817184
2.94634302236	-67.1886278641	55.3263290568	0.00086956564337	-0.00178660603706	-0.000481663562823
1.19744528803	-66.9886954360	56.0403734430	-5.73080324102e-05	-0.00166877021547	-0.000126215047203
7.46459327958	-64.6021044379	64.5639127217	0.00450835097581	0.00092144269729	0.0042489496991
-3.01304511635	-66.8086736993	56.6833082168	-0.00245244149119	-0.00156288850121	0.000111015724542
-1.05422013554	-66.8490940846	56.5389496978	-0.00133935746271	-0.00159526534844	9.65637009358e-05
7.20987644326	-67.5151196651	54.1602869105	0.00293120718561	-0.00198280112818	-0.00119734520558
5.46379052489	-64.6419420604	64.4216354987	0.00327688432299	0.000805170217063	0.00461170542985
7.54447152280	-65.0987389575	62.7902180089	0.004265030846	0.000367587199435	0.00318706617691
10.6612564114	-67.4718172967	54.3149382261	0.00459000235423	-0.0019270129269	-0.00144372240175
11.1855119563	-67.5082054494	54.1849805380	0.00482052424923	-0.00196487712674	-0.00155823072419
8.04001056503	-69.3012793466	47.7811451909	0.00284715625457	-0.00363357295282	-0.00383953982964
10.8611239869	-66.2645834441	58.6264876997	0.00530751282349	-0.000770806276705	0.000458717491711
11.1759949289	-67.2071028944	55.2603468057	0.00495541281998	-0.00167824397795	-0.00110000430141
9.15850489003	-66.6708433676	57.1755594015	0.00423749303445	-0.001173042343	-2.92239883493e-06
5.62383133494	-69.8466311358	45.8334602292	0.00177203991916	-0.00414638593793	-0.00444951746613
-6.40910855144	-64.0637151528	66.4867315971	-0.006036890205	0.00131913204677	0.00571198016405
3.20289152819	-66.2450813562	58.6961380136	0.00124590576161	-0.00100654549897	0.00121796212625
3.67767674339	-68.0740855511	52.1639801745	0.00109937298112	-0.0025359664578	-0.00189004046842
4.74503079368	-67.6935753144	53.5229453056	0.00168312841561	-0.00218163453974	-0.00134351407178
1.20894380651	-67.3351051854	54.8031957664	-6.816797395e-05	-0.00194831797853	-0.000705912709236
1.99761927418	-66.8221763210	56.6350845679	0.000409337022575	-0.00151563691907	0.000159547023941
9.84897842416	-66.1925726654	58.8836690521	0.00483991671354	-0.000704813806806	0.000728824466933
-0.523748721953	-66.3313245062	58.3881267635	-0.00109605689067	-0.00121323135681	0.00106478796806
-6.91486340660	-65.1943876681	62.4486154709	-0.00553754810244	1.824404535e-05	0.00300275045447
0.581211251328	-63.7349187773	67.6610043669	-0.000302494241623	0.0018537332071	0.00779102230445
-5.20003324268	-64.0921978473	66.3850076882	-0.00515666604042	0.00130674208049	0.00600912002847
-4.11678403587	-67.4380887010	54.4353974963	-0.00283131096512	-0.00209651887417	-0.00100429425947
-2.66051315264	-69.6361244602	46.5852697850	-0.00171957234852	-0.00408282969147	-0.0041655995883
9.61767633931	-67.0873077126	55.6881867406	0.00426375912502	-0.00156359304674	-0.000733566994313
-5.22290610799	-66.0986146062	59.2192335495	-0.00400783214718	-0.000919588317629	0.00132090947591
-1.53794628734	-66.6635938506	57.2014505334	-0.00165399815887	-0.00145435787272	0.000419197487645
-3.84767176086	-63.9561727342	66.8708116636	-0.0041984654963	0.00149558822159	0.00671397102997
-2.35297884690	-63.7872641715	67.4740565304	-0.00299893436022	0.0017406194238	0.00746608199552
1.56906910182	-63.8041834735	67.4136304516	0.000592959404457	0.00177256960887	0.00751797202975
-2.77402603002	-67.1710379125	55.3891503124	-0.00221553770825	-0.00186154048424	-0.000504922063556
-3.37414235340	-65.7542455254	60.4491231236	-0.00312308804132	-0.000693602953106	0.00221083615907
-11.0598676640	-67.7322769658	53.3847251221	-0.00601732451469	-0.00248852767982	-0.00207130750641
7.55346667958	-67.2567541218	55.0830209936	0.00318998587318	-0.00174170092214	-0.000813901075162
-4.42757727644	-66.178490099	58.9339639321	-0.00351900630631	-0.0010126021225	0.00122650898993
-0.399888621119	-68.0265780460	52.3336498357	-0.000871328054927	-0.00256069027819	-0.00180220487528
-1.04109210147	-68.5811385211	50.3530767104	-0.00112829066347	-0.00306350295432	-0.00263450341299
-1.64665079181	-64.1948350335	66.0184463091	-0.00232948921621	0.00112368667033	0.00659168232232
-7.19292918501	-67.2400679020	55.1426146358	-0.00442944653332	-0.00194635766093	-0.000905461551156
6.08656410460	-65.5390105083	61.2178196133	0.00321443844587	-0.000165203746292	0.00248466292396
1.14160655833	-64.5143638830	64.8772718465	0.000183203344932	0.000602511398029	0.00582287600264
-8.00821553495	-69.0769354801	48.5823732854	-0.00414819503203	-0.00368752540089	-0.00368800153956
3.76647996822	-65.4039471277	61.7001888298	0.00192570325453	-0.000220130823436	0.00305493385531
1.00916809330	-65.4031132415	61.7031669947	6.79851837049e-06	-0.000579943007324	0.00322086061351
-2.62069898927	-64.0899629508	66.3929894613	-0.00316591490991	0.00130372657441	0.00667526526377
4.46353389147	-65.6576726255	60.7940263374	0.00223165284842	-0.000399752607336	0.00239880080335
5.48968227773	-65.1573434806	62.5809161406	0.0030639662873	0.000203760020668	0.00341646326706
-6.97400063071	-66.6774642340	57.1519134502	-0.00460381200537	-0.00143043324351	6.0729609686e-05
-4.67950166309	-68.3064347366	51.3341616550	-0.00286183087155	-0.0028783811722	-0.00236764550209
10.8043972854	-68.0136431224	52.3798459914	0.00443547498435	-0.00244142767042	-0.00226158625446
-3.89192528063	-68.5814747848	50.3518757685	-0.00243685417809	-0.00311543419957	-0.00273011694662
1.84465362525	-69.0499424208	48.6787770685	0.000192855426576	-0.0034459317103	-0.00327685382217
2.76772270818	-69.2300236734	48.0356297380	0.000593793054577	-0.00360061624087	-0.00353477615863
6.74671031896	-67.2249149874	55.1967321877	0.00280479271896	-0.00172594317701	-0.000704053905793
11.5766030426	-66.4595289134	57.9302538806	0.00554875144735	-0.000962635909673	2.87578004645e-05
5.95944519504	-66.7734029478	56.8092751863	0.00257309991866	-0.00133761367761	0.000105924606032
-9.78099797056	-67.5205778458	54.1407934080	-0.00552551401779	-0.00225316220894	-0.00161170586944
-2.07780849638	-64.5396138225	64.7870934912	-0.00266670342535	0.000586675363593	0.00562302302569
-3.54875421378	-64.6691647011	64.3244117817	-0.00373946828768	0.000509875128046	0.0049803792499
-1.57968039922	-65.0294778042	63.0375792707	-0.00218744995072	-0.000185174387298	0.00427832547575
6.46996908407	-65.0192336445	63.0741655554	0.00369936972857	0.000414782291045	0.00355631206185
-2.95971889745	-64.3519819690	65.4572072534	-0.00338825909421	0.000926391745452	0.00594087457284
7.39974858876	-64.7536102305	64.0228206053	0.00438201753423	0.000747237936594	0.00394286029041
-5.63082838176	-68.6408052112	50.1399813884	-0.00321226101369	-0.00320711475797	-0.00290789525025
-9.82706582326	-68.5915271618	50.3159744221	-0.00510583538562	-0.003277907148	-0.00316646369174
-8.44475112978	-67.3293257927	54.8238364545	-0.00498820235953	-0.00204671407118	-0.00117183802649
2.48555792636	-69.6503275422	46.5345444922	0.000469389255159	-0.00400036899373	-0.00411235168576
-3.87786235580	-64.4189671482	65.2179744706	-0.00405401550233	0.000866903632414	0.00555519992486
1.17307416849	-66.0671099523	59.3317501702	1.53235141624e-05	-0.000996719114482	0.00161114684306
-9.03202370686	-66.7382536010	56.9348085678	-0.00558577198535	-0.001504886779	-0.000288728828309
-10.1379867743	-66.8623951848	56.4914457686	-0.00604281807318	-0.00164165289607	-0.000642974337097
2.74027183255	-64.2928882979	65.6682560790	0.00150403811131	0.00109581078868	0.00610887818038
10.2508352219	-68.4903502442	50.6773205565	0.00401837099344	-0.00288788531907	-0.00288942526095
-5.72029702384	-66.7564776104	56.8697228202	-0.00392227852717	-0.00150285591371	3.8949696318e-05
-8.52665908399	-69.1169822291	48.4393491820	-0.00436285510659	-0.0037435637787	-0.00378482206725
-8.74933332449	-68.5494275094	50.4663303236	-0.00463987467811	-0.00320255476981	-0.00300821498968
2.00813204311	-68.2825107810	51.4196043535	0.000287191418465	-0.00274690240622	-0.0021744556725
0.296821385663	-68.3759417598	51.0859222863	-0.000519644410815	-0.00285722408444	-0.00231460202485
-9.71465200149	-65.2139554616	62.3787304943	-0.0070798844099	-3.00637966575e-05	0.0023356617894
1.51180003890	-68.5452334736	50.4813090227	4.78132278658e-05	-0.00298960716464	-0.00255659595132
-2.45095850716	-65.3638341969	61.8434492968	-0.00271762278862	-0.000431166758062	0.00324486405589
-1.32975835169	-65.2989358199	62.0752292146	-0.00191433599684	-0.000498445588164	0.0034974149894
-3.56493305503	-66.5578315733	57.5791729524	-0.00285306293517	-0.00135197222698	0.000543124740943
1.14498889076	-67.9473640072	52.6165571171	-0.000117588409921	-0.0024670206476	-0.00166970444843
2.60843234553	-69.0070421025	48.8319924909	0.000530807883479	-0.00339554157108	-0.00322127412073
1.2001652497	-66.3087859305	58.4686216770	1.51991434905e-06	-0.00115932477638	0.00111856195144
2.76876982035	-67.8599768024	52.9286542772	0.000685679668095	-0.00236300402321	-0.00154793262482
-0.614173580857	-67.2887959256	54.9685859800	-0.00104129023384	-0.00194067670964	-0.000643664214294
-1.04901305228	-67.5602311519	53.9991744575	-0.00123951327987	-0.00217108242214	-0.00109060294926
4.59284140271	-69.6406202125	46.5692135269	0.00135602545924	-0.00396377360448	-0.00413527432829
0.623723238095	-67.4769991567	54.2964315832	-0.000378202297725	-0.00207652896643	-0.000936630938668
2.58959933445	-68.5006653850	50.6404807677	0.000546691182535	-0.00293335667811	-0.00249870843254
0.486334258124	-66.7224437297	56.9912723941	-0.000455827190308	-0.00147916155402	0.000340152153512
-2.09072485848	-65.7330674546	60.5247590907	-0.00230341334827	-0.000765754200984	0.00232484424487
-3.17072687099	-66.2716301380	58.6013209356	-0.00274743395858	-0.00112744874787	0.00111395923886
-8.30071689956	-64.7215956437	64.1371584153	-0.00670665036887	0.000523612019606	0.00369569403119
3.59042209145	-67.4411532643	54.4244526276	0.00115818681661	-0.00198494549841	-0.000908609014004
-1.61392324948	-69.2687599106	47.8972860337	-0.00131348671857	-0.00370981055312	-0.0036249330733
-3.04616765712	-65.1508199115	62.6042146017	-0.00321840937249	-0.00014322064817	0.00376273342408
-1.36016045570	-63.9032727088	67.0597403258	-0.00209609325975	0.0015771498438	0.00734053691849
-0.940555873197	-69.0484231681	48.6842029710	-0.00103959906846	-0.00349055975676	-0.00330007402226
-0.696501859099	-70.0070541977	45.2605207226	-0.000849418283906	-0.0044007981196	-0.00462013715878
6.55466780500	-67.8785614550	52.8622805179	0.00250812084414	-0.0023213820532	-0.00171341979876
-0.100873790707	-69.2612590250	47.9240749107	-0.000653919065371	-0.00367436464876	-0.00358406780288
-2.34602202710	-69.9447545815	45.4830193520	-0.00154660560656	-0.0043758796528	-0.00457779737189
11.2862976652	-66.1611199229	58.9960002754	0.00558385113254	-0.000670456851367	0.000567493902054
9.16285167808	-65.0872223015	62.8313489233	0.00516826566309	0.00041045024409	0.00289780367166
9.97434345764	-65.4740199785	61.4499286484	0.00534884491935	1.39752519317e-05	0.00200416008011
8.67875357515	-66.1411553643	59.0673022705	0.00427267095074	-0.000670924840961	0.000977019197308
-6.19982058142	-65.9985240206	59.5766999264	-0.00460145669058	-0.000805320800282	0.00141726282891
5.35131516208	-67.1008605095	55.6397838946	0.00214453111403	-0.0016461313935	-0.00041773400153
9.74874239294	-67.3658912704	54.6932454627	0.00420366460457	-0.00182558677625	-0.00118408212438
9.54651786229	-67.8457527008	52.9794546401	0.00391877535731	-0.00227610487491	-0.00189090892673
11.6224502059	-67.1256832337	55.5511313082	0.0052086035721	-0.00160381314345	-0.00103118410334
5.93742362042	-67.3635397908	54.7016436042	0.00235784589313	-0.00186622841284	-0.000878126826137
6.43313622596	-69.1206860298	48.4261213221	0.00219086953439	-0.00346595770679	-0.0034934184514
7.23439733293	-68.5875513143	50.3301738775	0.0026449940633	-0.00296837859787	-0.00279091647826
7.61736896849	-68.4685983510	50.7550058893	0.00284519605339	-0.00285714468919	-0.00264585483819
7.07561330004	-66.8380336361	56.5784512998	0.00311850383878	-0.00136627547909	-8.55519610923e-05
2.24132576029	-67.6439042625	53.7003419197	0.000444671546575	-0.00218666880392	-0.00120607577264
-6.89098681742	-65.4550315313	61.5177445312	-0.00534070190042	-0.000256126397289	0.00244275503792
5.90089428034	-68.8619965149	49.3500124466	0.00199916562997	-0.00322844763286	-0.00310655706562
-0.732510097585	-65.5364151594	61.2270887166	-0.00138209376018	-0.00071852497058	0.00285407854244
1.31109491562	-66.5573514380	57.5808877214	4.24667559855e-05	-0.00133459840436	0.000643072417006
1.12655352209	-67.6972340552	53.5098783745	-0.000122120298329	-0.00225279829465	-0.00128397368826
-5.27143903947	-64.6818824247	64.2789913404	-0.00487866438925	0.000571561977267	0.00455882726237
-12.1223127664	-66.8655920659	56.4800283361	-0.00698633678257	-0.00168249197304	-0.000955312571023
8.18817166202	-68.9107422138	49.1759206651	0.0029927326832	-0.00326962769032	-0.00330978096463
8.78478709714	-68.6866944551	49.9760912316	0.00330984825268	-0.00306214904413	-0.00304038124159
7.10588620775	-68.1182855211	52.0061231391	0.00270171579905	-0.00253572873771	-0.0021041398868
5.57176524016	-69.2249132614	48.0538812092	0.0018054646207	-0.00356741482392	-0.00359789771028
-11.6487096137	-67.3165263889	54.8695486112	-0.00649842200801	-0.00210343301296	-0.00154194992501
-1.09356568529	-67.8047065961	53.1260478711	-0.00123360042926	-0.00237932940945	-0.00147507048678
4.62194378500	-65.2817387066	62.1366474765	0.00249666743912	-3.37039955411e-06	0.00325266318396
-8.39114280009	-65.1751232740	62.5174168786	-0.00638236431405	3.60827070836e-05	0.00272413739003
4.03607925568	-65.0174683312	63.0804702458	0.00224525947124	0.000235547864577	0.00398714700714
2.51739149903	-64.5818837136	64.6361295942	0.00130305194762	0.000638905505184	0.00541325565428
2.66812551254	-65.0579957522	62.9357294565	0.00133199652191	4.50276229458e-06	0.00407901918516
1.24831921918	-65.0345121515	63.0195994590	0.000255554448813	-0.000189074577065	0.00429592747241
0.929554638439	-65.8236156988	60.2013725043	-0.000118225747428	-0.000856876606122	0.00214882404543
-2.62511585812	-69.3926697436	47.4547509158	-0.00173756340519	-0.00384838925675	-0.00382791669108
-5.93641308341	-68.3812174141	51.0670806640	-0.00342112942599	-0.00297210807912	-0.00255162268877
-2.44986652364	-69.0811994410	48.5671448534	-0.00170399819035	-0.00355024915189	-0.00338665093295
-3.87508090756	-69.0657803346	48.6222130908	-0.00233603315428	-0.00356616568752	-0.00342001114041
-6.00720637205	-66.2567778862	58.6543646921	-0.00434145191684	-0.00104936328717	0.000932023918722
-0.940058740968	-64.0237676995	66.6294010733	-0.00170964794233	0.00139103573747	0.00709432084113
9.66747231268	-65.6164988406	60.9410755692	0.00509497430176	-0.000133370689582	0.00179356196895
-2.77295984849	-67.7724151905	53.2413743197	-0.00207365700044	-0.00237337453291	-0.00147359841503
-9.2961327387	-66.1576473872	59.0084021887	-0.00610223505646	-0.000957577431109	0.000667534128297
-0.621411105593	-63.7163333840	67.7273807715	-0.00142801809125	0.00186236947775	0.00784616917372
10.1287102020	-66.6302927510	57.3203830320	0.00473837647587	-0.00112652184907	-5.14801176905e-05
-8.10678052144	-67.5863138416	53.9060219943	-0.00471234554425	-0.00227922503836	-0.00153565895744
1.23984897150	-64.1011721873	66.3529564740	0.000270838383585	0.00130850367714	0.00685813650489
-8.40863296369	-67.8643366591	52.9130833605	-0.00473784049973	-0.00254473695531	-0.00198375899345
-3.39216520052	-63.8843636359	67.1272727290	-0.00385712273419	0.0015963355545	0.0070041064173
-10.3514009521	-67.9622725523	52.5633123132	-0.00558956805617	-0.00268860347569	-0.00232356158085
3.63315369064	-69.5824933478	46.7768094721	0.000954627990723	-0.00392046757042	-0.00403369776905
-2.62839400313	-67.3938620093	54.5933499668	-0.00208391831256	-0.00204752804711	-0.000867269176524
7.39373820285	-65.4511641877	61.5315564726	0.00398092111573	-1.33534022098e-05	0.002483260585
-7.21331936754	-66.3088670029	58.4683321324	-0.00494165578857	-0.00108858814929	0.000696654431522
-8.46085865371	-65.3902283202	61.7491845709	-0.00624942593277	-0.000187919780728	0.0022719334811
5.76037708196	-65.6606518054	60.7833864094	0.0029708261136	-0.00030784952105	0.00226433691569
-10.0247269491	-65.3219531164	61.9930245842	-0.00715296855196	-0.000148501916556	0.00205491483212
11.1725222405	-66.7150277226	57.0177581336	0.00520560285076	-0.00120742141735	-0.000326656358084
5.37722560528	-67.6533208515	53.6667112445	0.00200158264488	-0.00213493127376	-0.00130740425084
8.78384661115	-68.4248392709	50.9112883184	0.00338165066205	-0.00281679164618	-0.00266874232329
0.480348984802	-69.0459970468	48.6928676898	-0.00041019168566	-0.00346356956288	-0.00327561842278
6.28365904975	-68.0115080912	52.3874711027	0.00234584882855	-0.00244509754702	-0.00189773680177
-7.35556766238	-66.0580175081	59.3642231853	-0.00517675699666	-0.00085015228251	0.00114972342271
3.83520148080	-68.3558088306	51.1578256050	0.00113691622391	-0.00278558442369	-0.00231025950052
9.42938672842	-69.1937417575	48.1652080090	0.00346231134608	-0.00354381580837	-0.00379632040858
9.50292996759	-69.0541068402	48.6639041422	0.00352826528251	-0.00341309886426	-0.00361039233394
4.7729366423	-67.4145293584	54.5195380057	0.00176238990389	-0.00193551310804	-0.000904642685782
2.78749244724	-66.2345200746	58.7338568766	0.00100060075056	-0.00102322467137	0.00124953105114
6.52941772620	-68.6667345384	50.0473766485	0.0023130683694	-0.00304434006102	-0.00286244275048
7.46254634029	-66.3643546704	58.2701618916	0.00353111396544	-0.000914977979846	0.00071121630026
7.01019995794	-66.0755686217	59.3015406367	0.00343891070224	-0.000653811148368	0.00129427702632
6.16665589522	-66.2959884908	58.5143268186	0.00288427155465	-0.000895371311344	0.000955089286435
-9.90617621739	-68.3287292387	51.2545384333	-0.00523874675855	-0.00302683701739	-0.00280254450627
7.90933015060	-66.7652749867	56.8383036190	0.00356977945194	-0.00128120626323	-3.37181372743e-05
-0.108008351163	-64.4249543541	65.1965915924	-0.000946650106926	0.000701959594153	0.00613538781181
-8.06356937526	-66.7503118802	56.8917432850	-0.00510579766706	-0.00150412973017	-0.00018685273244
8.48595504979	-67.3090118940	54.8963860928	0.00362234655768	-0.00177907035686	-0.000974444672465
4.35004967198	-69.7640285052	46.1284696244	0.00124966853764	-0.00408278172836	-0.00429678987712
-0.183537934633	-66.4630680309	57.9176141755	-0.000869065173902	-0.00130165414885	0.000814241764601
2.50259136097	-69.9630843315	45.4175559590	0.000480948365293	-0.00429959781468	-0.00453828601167
10.3528858832	-66.9094876930	56.3232582392	0.00470499414951	-0.00139273435343	-0.000533331651241
-7.29513203870	-65.6833430959	60.7023460862	-0.00540124252439	-0.000483917800011	0.00189820653759
-2.11494593374	-66.4400271755	57.9999029447	-0.00205535092391	-0.00128087738995	0.000822801550385
-4.02232217962	-67.8544758682	52.9483004708	-0.00266595371068	-0.002461113967	-0.00165430712514
5.16236696615	-69.9629026662	45.4182047637	0.00157717091497	-0.0042609567754	-0.0045893099159
-0.140452384825	-65.8150469245	60.2319752696	-0.000893046148121	-0.000889300717972	0.00216539832763
-11.5114726214	-67.6887021102	53.5403496064	-0.00624548085034	-0.00245983619243	-0.00206295610406
-1.33687438259	-68.3088942499	51.3253776789	-0.00129454408307	-0.0028240007814	-0.00224264198914
2.66136847491	-69.5132621895	47.0240636089	0.000543756876141	-0.00386799080297	-0.00392562663183
11.6190413890	-66.6982741906	57.0775921763	0.00543307745829	-0.00119365414139	-0.00036196882138
-1.19347190456	-64.4538688954	65.0933253736	-0.00192587985657	0.000672530266456	0.00598766002804
0.574157960487	-65.6750230516	60.7320605299	-0.000362966122339	-0.000789469457231	0.00250508799218
-8.07628350416	-65.5994235283	61.0020588274	-0.00588157819584	-0.000398293079343	0.00192972051445
8.13209314656	-66.1258217418	59.1220652080	0.00399932451546	-0.00066804868402	0.00107284286059
-0.52996414407	-67.0546831030	55.8047032036	-0.00101842393633	-0.00175129424315	-0.000250639306614
-1.76945108291	-65.8512724934	60.1025982379	-0.00203798618168	-0.000868689909112	0.00205812905915
-10.7004600755	-65.6334410852	60.8805675529	-0.00723837222904	-0.00047890690621	0.00132647890132
2.24317655842	-69.4193167445	47.3595830555	0.000365269195754	-0.0037852996029	-0.00379310711287
-9.24010206756	-64.9390326901	63.3605975354	-0.00706015806645	0.000267954601441	0.00299711059779
-1.19862495612	-68.8290658774	49.4676218664	-0.00117580429651	-0.00329240574501	-0.00299448822625
8.44894434296	-64.5175579916	64.8658643157	0.00514272693545	0.00102750223596	0.00419803941622
8.91003537419	-67.2422130233	55.1349534883	0.00385417952202	-0.00171335600317	-0.000907846319024
-7.44335078665	-65.1902494870	62.4633946894	-0.00583973573521	2.54092374234e-05	0.0029014905449
-10.0656582611	-68.7257452942	49.8366239494	-0.00516401557252	-0.00341670308262	-0.00337747461163
-5.97671689842	-67.4779915247	54.2928874119	-0.00373797630891	-0.00214861426502	-0.0011852538446
11.0412599638	-65.8076691923	60.2583243132	0.00568498903885	-0.00032083078986	0.00121418968774
4.16802693911	-66.2366081952	58.7263993030	0.00181009457447	-0.000941826030612	0.00119842751883
-12.0190716893	-66.5036465118	57.7726910291	-0.00718955509365	-0.00134451081976	-0.000395381764974
-7.02838848523	-64.9260713094	63.4068881806	-0.00579527625814	0.000311531824991	0.00357229844667
-10.2591454553	-67.1425500365	55.4908927266	-0.00594062823802	-0.00190759869292	-0.00109671417158
-12.1343039513	-67.0335330229	55.8802392041	-0.0068869641982	-0.0018417724641	-0.00120141846128
-5.10539106174	-68.6007288659	50.2831111931	-0.00298466952518	-0.00315809203312	-0.00281964777969
8.90038840803	-65.2191971905	62.3600100340	0.00493887672201	0.000267935654847	0.00268964073621
10.4827356101	-65.2172892060	62.3668242641	0.00579701457173	0.000277947779978	0.00238276575692
-6.68754624275	-67.6074245395	53.8306266447	-0.00403078505769	-0.00227502407506	-0.00144321552943
2.32195390388	-70.2183177066	44.5060081908	0.000412855646573	-0.00455081928521	-0.00488179642707
9.28306639393	-66.8173295784	56.6523943627	0.0042273006402	-0.00131077435799	-0.000260341912508
-8.66727350224	-66.5219368179	57.7073685076	-0.00554086500779	-0.00129647203721	0.000126420083689
-4.49711393140	-66.7103710154	57.0343892306	-0.00329952850007	-0.00146971282084	0.000210441634408
2.78834636650	-66.9418871884	56.2075457556	0.000829656783026	-0.00158705248032	-6.04481283517e-05
-6.84757402727	-68.9592968988	49.0025110757	-0.00367132783867	-0.00353939295746	-0.00343857845291
-11.1176782662	-68.1650139774	51.8392357949	-0.00585073977709	-0.00290941540152	-0.002697607968
-9.03311917935	-69.1364212322	48.3699241707	-0.00457756221294	-0.00378020689823	-0.00385398184881
-10.6820984558	-67.3510827884	54.7461328987	-0.00602925568819	-0.002113947412	-0.00146633258555
-10.2006084884	-66.1099914788	59.1786018613	-0.00659272493795	-0.000928416266106	0.00059139332734
-9.34494239970	-67.1649709723	55.4108179560	-0.00549680739641	-0.00190992699936	-0.00101625709794
-1.89607016740	-69.5052760129	47.0525856683	-0.00140868732706	-0.00394031405449	-0.00396115146577
1.98285038472	-65.4955179794	61.3731500736	0.000714843627065	-0.00053341005696	0.00294166454114
-8.63151873964	-67.6267516205	53.7616013552	-0.00494097080082	-0.00232732808217	-0.00164874957409
-2.87974922850	-68.6104405656	50.2484265515	-0.00196879007854	-0.00312275229953	-0.0027302862145
-1.95490839707	-68.4432253814	50.8456236379	-0.00156750739552	-0.00295455683954	-0.00245653395541
-8.88047354241	-68.3021032238	51.3496313437	-0.00478609884158	-0.00297022867016	-0.00266679050401
-6.89237369717	-68.0160740054	52.3711642664	-0.00397734064609	-0.00265378761105	-0.00208078767173
6.58216483685	-64.2422322283	65.8491706131	0.0041730357334	0.00132964120712	0.00521934591234
-0.783704778998	-65.2862677048	62.1204724830	-0.00147654174361	-0.000531886471435	0.00355675234459
-7.42259482617	-68.3552496655	51.1598226231	-0.00410687131807	-0.00298187788576	-0.00262001529336
-11.1912858299	-68.3963707032	51.0129617743	-0.0057884324342	-0.00313757453114	-0.00303221005015
-0.289436362998	-69.5200775240	46.9997231285	-0.000717292947229	-0.00392262265086	-0.00394606031477
-8.25528516609	-68.5253533151	50.5523095888	-0.00442669307813	-0.00316502759233	-0.00293172430247
3.00522311748	-66.7277915594	56.9721730022	0.00099568720907	-0.00140513142105	0.00031223858241
4.40214414091	-66.7311325762	56.9602407992	0.00176409771666	-0.00135425908957	0.000262652902165
6.19215981913	-64.0383114988	66.5774589329	0.00404145475477	0.00157772970852	0.00575047452003
2.78829150931	-65.3898516060	61.7505299785	0.00130567117594	-0.000330356007908	0.00317277875729
3.55485258410	-66.9468559207	56.1898002833	0.00124527490698	-0.00156667106785	-8.6519321485e-05
2.25173095097	-67.8928049513	52.8114108882	0.000428621133324	-0.00240069208667	-0.00159158138558
-1.54491678607	-66.4510405522	57.9605694563	-0.00170821056236	-0.00129544723313	0.000816040555947
1.52398639997	-68.3106907114	51.3189617449	5.77093851462e-05	-0.00277956877835	-0.00221397029236
0.51247195646	-67.2318928314	55.1718113163	-0.000438878138084	-0.00187731301412	-0.000537742103916
-2.02617995752	-66.2212583997	58.7812200011	-0.00207236642018	-0.00112016126513	0.00125665054657
11.4679897971	-67.8450382339	52.9820063076	0.00480734882876	-0.00228829192929	-0.00208876398392
-6.43441848779	-69.7929358677	46.0252290440	-0.00329517154023	-0.00433786120266	-0.00456377863884
-0.579996312785	-66.7589640898	56.8608425365	-0.00107816176023	-0.00152256421279	0.000264426518697
-8.31481580318	-66.0981380368	59.2209355828	-0.00564594287425	-0.000889949384145	0.000932995579205
0.426892706683	-68.6079393181	50.2573595783	-0.000450968713267	-0.00306331855245	-0.00265141902491
-0.607111527911	-67.5312062276	54.1028349014	-0.00101476162672	-0.00214084703475	-0.00103626865894
0.588780930292	-67.9741305230	52.5209624179	-0.000390396278817	-0.00249940832146	-0.00171228137333
1.46353230621	-68.0636585468	52.2012194758	3.51314483851e-05	-0.00256286631338	-0.00184596597683
-3.86239406304	-66.9481658446	56.1851219837	-0.00286449142732	-0.00167558633257	-0.00017329234106
6.50637536209	-64.5265758228	64.8336577756	0.00397418439388	0.00098601274658	0.00462842313573
11.7569932316	-66.8595760345	56.5015141624	0.00541184749454	-0.00134992273524	-0.000636211305391
-8.93018660042	-68.0797624939	52.1437053789	-0.00489258440211	-0.00276046874933	-0.00234981323592
7.42725393401	-69.4545386597	47.2337905012	0.00256200577132	-0.00377427157946	-0.00400935858488
-4.28026435721	-63.8904867274	67.1054045451	-0.00457091769204	0.00157800514717	0.0067567396909
-10.7075413338	-67.5017405159	54.2080695862	-0.0059654074721	-0.00225787842646	-0.00169270508923
7.68189555240	-69.6568747004	46.5111617844	0.00263783917762	-0.00396250374615	-0.00429997779429
8.94226641340	-65.4510773664	61.5318665486	0.00481520267203	2.66084371106e-05	0.0022302926518
-11.6994864785	-66.6213556588	57.3523012187	-0.00694912858307	-0.00144692987669	-0.000516067026183
-11.2596655689	-66.1371849725	59.0814822411	-0.00710151577368	-0.000981522840448	0.000340126804076
-6.76630520472	-67.3534947092	54.7375188959	-0.00417227111757	-0.00204486981966	-0.00104963441845
-1.81825314620	-67.4696692297	54.3226098939	-0.00164947309531	-0.0021039894782	-0.000964165490586
8.97320886543	-64.8071327698	63.8316686794	0.0052504572086	0.000709657673724	0.00349261891097
-7.73220952481	-69.4992020611	47.0742783533	-0.00391585147008	-0.00409075850621	-0.00425021676347
9.98077395582	-66.3515153516	58.3160166013	0.00481623504311	-0.000858525803778	0.000436399102909
-1.31963450691	-70.1742123687	44.6635272546	-0.00109274184797	-0.00457847630605	-0.00486066425219
-2.74813673292	-67.5100768857	54.1782968366	-0.00211854255758	-0.00214720144868	-0.00105908175465
7.66043892017	-67.5780271561	53.9356172996	0.00312629598193	-0.00203534914181	-0.0013274498051
1.33468267408	-70.1520004705	44.7428554625	3.98680367653e-06	-0.00450345827267	-0.00479247514158
-9.48593614579	-66.6550743169	57.2318774397	-0.00585720036179	-0.00143393035978	-0.000213505976717
-0.235591604824	-64.6772486132	64.2955406672	-0.00105781271122	0.000249203731073	0.00543345417827
-7.04374105887	-66.5454218023	57.6234935632	-0.00471333321184	-0.00130895664915	0.000286805414362
-7.45005711888	-64.6468382365	64.4041491553	-0.00625774916261	0.000621255952865	0.00408702902496
-3.07855978439	-67.4089645818	54.5394122079	-0.00231205811724	-0.00206376775168	-0.000909020251129
-6.01918174710	-66.5185094977	57.7196089367	-0.00420028110966	-0.00128782133106	0.000440308242105
10.0714556157	-68.3234814644	51.2732804843	0.00399236194789	-0.0027283562813	-0.00263532204553
8.17660613798	-65.3306355648	61.9620158402	0.0044765509665	0.000136688380735	0.00259921420366
-11.5211781913	-66.8262773030	56.6204382035	-0.00672526471317	-0.00163537450135	-0.000797583954409
7.27006561885	-65.3140069710	62.0214036749	0.00399017659947	0.000126578699565	0.00278606475331
8.91977827481	-65.6660899259	60.7639645502	0.00467157829553	-0.000193852480152	0.00182291690726
-4.50916383767	-64.2199482179	65.9287563646	-0.0045886002481	0.00114474003203	0.00589189259335
-2.72025538511	-64.6373153736	64.4381593800	-0.00315105123445	0.000490553386044	0.00523582054302
3.19898625763	-66.4739150839	57.8788747003	0.00117265083827	-0.00119128846563	0.000774705025833
3.93757516497	-64.7847268815	63.9116897091	0.0022573499009	0.000513288134243	0.00459547666833
4.69932361308	-66.4988911122	57.7896745992	0.00200680270791	-0.00114155269694	0.00067134166602
-10.7634021611	-66.3609330718	58.2823818866	-0.0066824471578	-0.00118088512681	6.64177860017e-05
-0.480136835993	-64.2211370192	65.9245106458	-0.00128880550619	0.00106313882861	0.00664463592693
11.1816388567	-68.1729156276	51.8110156155	0.00454733148217	-0.00259703421034	-0.0025309806224
12.0702743371	-67.4397748131	54.4293756676	0.00526778167114	-0.00190913979895	-0.0015639878111
-1.98790463391	-69.7279386002	46.2573621422	-0.00142173597123	-0.00415658531711	-0.00427040504292
-3.96430202169	-67.1958575371	55.3005087959	-0.00283153890632	-0.001886542188	-0.000599459686782
-4.06219135206	-66.3571428619	58.2959183504	-0.0032224280294	-0.00117529043928	0.000897688965779
-1.96986936508	-64.8019057926	63.8503364551	-0.00254537491128	0.000171752282768	0.00490369740874
4.22493594168	-64.1009121404	66.3538852128	0.00266127334908	0.00144091143738	0.006190599408
3.66291338606	-67.7694498232	53.2519649170	0.00113746570423	-0.00226791040041	-0.00142685277388
-6.09782559741	-64.2623804165	65.7772127981	-0.00567655079067	0.00108609185554	0.00534424977377
-4.36439268786	-69.8877080320	45.6867570287	-0.00240349653177	-0.00437055807561	-0.00457964139059
-8.55334055616	-68.7802046102	49.6421263922	-0.0044769034721	-0.00341815850697	-0.00331724621356
10.6851488533	-67.6947687747	53.5186829474	0.00450663920492	-0.0021382891573	-0.00178075255826
-7.01719775078	-69.7512220230	46.1742070608	-0.00355099886656	-0.00431550340727	-0.00454469956458
-9.63804260600	-68.9837849133	48.9150538810	-0.00488899508491	-0.0036528443452	-0.00369619717821
4.20613788702	-68.1369875825	51.9393300624	0.00134121347219	-0.00258413981646	-0.00199804082513
-4.00058740362	-64.8271308882	63.7602468277	-0.00398626597598	0.000334637705237	0.00447106268257
5.54124228253	-64.7878316145	63.9006013766	0.00326182809658	0.00063364446396	0.00425918027759
-10.5175031608	-66.7536322956	56.8798846586	-0.00629160972312	-0.001546993386	-0.000526360818185
7.18908992384	-67.7378229595	53.3649180017	0.00284972344525	-0.00218646833673	-0.00153951125685
9.16730490612	-67.5447924123	54.0543128131	0.0038547962904	-0.00199465942569	-0.00140234176069
8.20759630209	-64.9795156456	63.2160155515	0.00470747426152	0.000513395236339	0.00330516183749
7.48317357901	-64.3847348781	65.3402325782	0.00464875577018	0.00117414281704	0.00470208609477
-6.69284621516	-66.1715905636	58.9586051301	-0.00475603109226	-0.000962376594543	0.00101855152752
2.04831199790	-66.2391427255	58.7173474091	0.000545907241758	-0.0010694504017	0.00125219812617
4.65986545756	-64.0201648529	66.6422683825	0.00300958310254	0.0015598020982	0.00624883174896
-4.30029397026	-65.8831685005	59.9886839268	-0.00360775296576	-0.000756478868425	0.0018533692928
2.00167678425	-63.6903495068	67.8201803327	0.00100489845499	0.00194366567302	0.00771232694387
-2.07524382782	-67.2748373931	55.0184378816	-0.00182093295734	-0.00194376637228	-0.000654045550618
-4.58279055112	-64.3270135511	65.5463801747	-0.0045928908512	0.00100556947291	0.00560821220279
1.30814579377	-69.4901134354	47.1067377307	-3.42362254742e-05	-0.00386642711237	-0.00388973206282
-4.83059967927	-69.9603538578	45.4273076509	-0.00258701248094	-0.00445521902293	-0.00470134383067
-1.97916284646	-68.0476991356	52.2582173728	-0.0016359037254	-0.00260299979709	-0.00186912727077
9.69721649075	-65.0252716576	63.0526012227	0.00550457369536	0.000478686095448	0.00290857767686
-6.6076394495	-67.0637362888	55.7723703971	-0.00422415742651	-0.00178062112536	-0.000563399866223
-1.97544167576	-67.6641596146	53.6280013765	-0.0016960108187	-0.00227053533308	-0.00127796339802
10.4986210045	-67.2087650688	55.2544104684	0.00463128276169	-0.00167719274759	-0.00102217250969
-7.18619568879	-69.2991840952	47.7886282313	-0.00373123632744	-0.00387733313255	-0.00393559364602
-5.04556038768	-66.2939930557	58.5214533725	-0.00380117213354	-0.00109926634468	0.000949684006628
-8.13495922452	-64.9639753815	63.2715164945	-0.00640822481364	0.000263595458819	0.00322476774454
9.88416842820	-65.9139592639	59.8787169146	0.00502265943214	-0.000429956184234	0.00121611414943
7.30772115167	-65.8518361034	60.1005853452	0.00371386995539	-0.000424052443122	0.00169272325002
8.70808490406	-65.8709608850	60.0322825536	0.0044399225153	-0.000403907499276	0.00146950851195
-11.5204346705	-67.8992950009	52.7882321396	-0.00615042587742	-0.00266487244517	-0.00236590928398
10.4218386150	-68.2164679281	51.6554716854	0.00418715970591	-0.00263011804782	-0.00251559331082
9.91740906023	-68.0353969184	52.3021538628	0.00402132375166	-0.00245557562448	-0.00220481632277
-2.94193044752	-68.1873207577	51.7595687224	-0.00207297876477	-0.00274132331833	-0.00211132178083
-9.15064745018	-65.1713412745	62.5309240197	-0.00680679641664	2.73853493127e-05	0.00255462620407
1.92496551606	-67.4992154506	54.2170876763	0.000295848207315	-0.00207037269138	-0.000974051363301
2.78402402807	-65.8083163171	60.2560131531	0.0011424687691	-0.000689917942509	0.00215620640665
5.00810087796	-66.0687339465	59.3259501909	0.00235533900559	-0.000743503333069	0.00148478266783
3.51623489567	-66.6758673388	57.1576166471	0.00129481358454	-0.00134249473922	0.000392948742956
4.93361695970	-66.6649972296	57.1964384658	0.00207282486372	-0.00127678026911	0.000356567208655
5.57381446333	-66.3586151609	58.2906601398	0.00253861024976	-0.000977974617854	0.000881808809936
6.19555415646	-65.9921741912	59.5993778886	0.00304472097196	-0.000608008005656	0.00153899076395
10.9021875404	-65.5017784769	61.3507911538	0.00581972999498	-1.36839989864e-05	0.00178108888213
4.39933333590	-67.0091846752	55.9671975886	0.00167838926427	-0.00159308430739	-0.000221101625357
8.01315208088	-68.0269379939	52.3323643075	0.0031476598233	-0.00244677998126	-0.00203144969419
-3.29844769112	-66.0122731161	59.5275960141	-0.00294430716895	-0.000913347408641	0.00164314371068
6.15030214568	-69.7543398236	46.1630720587	0.00199524010532	-0.00405588047579	-0.00434738025069
3.91918876395	-67.6549252347	53.6609813047	0.0012838075636	-0.00216309982352	-0.00125593633857
-0.619138994925	-68.4215257038	50.9231224863	-0.000946417800151	-0.00291281938553	-0.00239374418743
1.44552353499	-63.6280789982	68.0425750063	0.00051438837545	0.00202184333466	0.00795131549239
-5.58426200267	-67.0403541108	55.8558781759	-0.00372168701142	-0.00175506167579	-0.000440303207142
0.651423187529	-64.5762114915	64.6563875303	-0.000250567682087	0.000456189765828	0.00570012442768
-8.29910851583	-68.2409527440	51.5680259142	-0.00454458221793	-0.00289636058733	-0.00252674357034
-10.6307270646	-68.5722878086	50.3846863977	-0.00547024421394	-0.00328803481534	-0.00321931042708
-5.74629367883	-67.6566629418	53.6547752077	-0.00356065784581	-0.00230670091696	-0.00144965574145
-5.10247079045	-67.9077181639	52.7581494148	-0.00317009468563	-0.00252385810018	-0.00179477909114
-6.41471587736	-68.0284408992	52.3269967885	-0.00375064020045	-0.00265594082884	-0.00206368090585
-4.42902487236	-67.0034369468	55.9877251900	-0.0031424514018	-0.00172189297155	-0.000299993000226
-5.13685976010	-67.3249799502	54.8393573208	-0.00338169257157	-0.00200468720868	-0.000880874460563
3.25494443093	-64.6882815726	64.2561372406	0.0018218603218	0.00056917272741	0.00498228054494
-6.70875124266	-69.3903550693	47.4630176097	-0.00350270117633	-0.00395136093721	-0.0040291082114
-3.42479801883	-69.3597925795	47.5721693591	-0.00208893045783	-0.00383495190181	-0.00381203717552
-7.65161594118	-67.9454009541	52.6235680210	-0.00435548648238	-0.00260382285342	-0.00203689653426
-10.2702811742	-67.5833332730	53.9166668822	-0.00572319561616	-0.0023244926706	-0.00176125625148
-7.56093063633	-66.4550274670	57.9463304751	-0.005029279273	-0.00122567324433	0.000388099288102
-6.22554123082	-69.4771390532	47.1530748099	-0.00327484565787	-0.0040213894099	-0.00411790004
-3.48751005517	-69.7069069756	46.3324750870	-0.00206157099456	-0.0041710017249	-0.00429383479059
11.9373502684	-66.3295608220	58.3944256356	0.00580605398864	-0.000839199114125	0.000184793781955
2.74827231216	-68.1783973869	51.7914379039	0.000644852058031	-0.00264294166118	-0.00202788319439
-2.54735521336	-70.2118912842	44.5289596993	-0.00159722135868	-0.00464432640001	-0.00494727026671
-8.95736534629	-66.9259118008	56.2646007114	-0.00544091779739	-0.0016795253614	-0.000587351736613
0.87881185897	-66.1951618540	58.8744219498	-0.000193159823539	-0.00109413289465	0.00134582910687
3.65385477261	-69.2152198633	48.0885004882	0.000978530733846	-0.00357595575042	-0.00352734606713
-7.46540214454	-64.5258628810	64.8362039963	-0.00636369176209	0.000757627945859	0.00435085827485
3.67519299790	-65.1487703004	62.6115346413	0.00197028229013	4.10290413129e-05	0.00370586267672
3.32676804420	-68.8970705983	49.2247478632	0.000854623678606	-0.00328490301035	-0.00307593797334
4.41168980934	-68.9581911064	49.0064603344	0.00132966379169	-0.00332936318591	-0.00318645942025
2.53189968409	-64.8048595782	63.8397872208	0.00128731911536	0.000313799013384	0.00480391317979
-2.53081158839	-68.8388230561	49.4327747995	-0.00177468778566	-0.00332620600238	-0.00304592959583
-3.96152796511	-68.8394757768	49.4304436543	-0.00241696392186	-0.0033558185678	-0.00310356612317
1.19576803303	-64.8018532828	63.8505239899	0.000228628210607	0.000129859006847	0.00500049861148
0.43369138212	-68.1801620164	51.7851356556	-0.000461015646579	-0.00268175103702	-0.00202358327806
3.58869986757	-64.3106868908	65.6046896756	0.00213574571535	0.00112601544242	0.00586074776947
-3.45474275846	-67.8113800737	53.1022140225	-0.00240038521588	-0.00241580046713	-0.00156149012037
7.03298985723	-69.2471714031	47.9743878461	0.00242831581272	-0.00358191877604	-0.00370125705376
-6.14915324173	-68.5598393086	50.4291453265	-0.00346786156297	-0.00314331171103	-0.00282414932735
-0.0214237238939	-67.3938087234	54.5935402735	-0.00071875093272	-0.00201832409948	-0.000807396019809
0.903166568567	-68.4609563595	50.7822987162	-0.00023406589753	-0.00292343460023	-0.00243499013595
4.32110423451	-65.8429633962	60.1322735852	0.00206404947676	-0.000584496534429	0.00200205529109
-1.77658288224	-68.5876382072	50.3298635459	-0.00146610336378	-0.00308209843934	-0.00266180653125
-2.09034357505	-67.0834920814	55.7018139951	-0.00187039433513	-0.0017866633134	-0.000334113370627
-4.59798411951	-65.0404834931	62.9982732388	-0.00426521338522	0.000115675451525	0.00381020340137
-2.28882028044	-65.0577216721	62.9367083140	-0.00272386800498	-0.000129072126583	0.00411763228476
-7.54908207231	-66.7156653208	57.0154809973	-0.00487085198984	-0.00146795064211	-6.8113055022e-05
4.95415069191	-68.9887513604	48.8973165700	0.0015648821136	-0.00335272680968	-0.00324623007327
5.70447869992	-68.7139390347	49.8787891617	0.00193600251805	-0.00309288641438	-0.00288891070522
-8.55805023878	-69.4110744037	47.3890199868	-0.00429341476411	-0.00403283815831	-0.00419279234484
6.50441179470	-68.4134540453	50.9519498382	0.0023543254938	-0.00281082629226	-0.00249898666516
-4.77918037767	-67.4644550735	54.3412318803	-0.00315393949859	-0.00212493911386	-0.00108374899719
-5.84016245936	-65.3195258202	62.0016934993	-0.00483915116638	-0.000136851507705	0.00292469724081
-5.41514357452	-65.5936623606	61.0226344263	-0.00442203227431	-0.000433907320257	0.00237101083621
4.17289079711	-69.2625200829	47.9195711325	0.00119982147589	-0.00361444475129	-0.00360434246249
-6.73982992033	-65.6154338811	60.9448789960	-0.00514660961926	-0.000421739328885	0.00212883087806
7.32009626795	-68.7556784213	49.7297199239	0.00264604575932	-0.00312436395325	-0.00303421868011
5.34535984072	-68.4255732308	50.9086670328	0.00182292400859	-0.00283127604052	-0.00246108975261
-5.48271953856	-69.2284294215	48.0413234948	-0.00300829787739	-0.00376005819999	-0.00372925354168
-5.10736321711	-65.03289861	63.0253621071	-0.00458149937913	0.000150513500557	0.0037341224961
-0.278589909146	-70.4144065838	43.8056907722	-0.000642087252345	-0.00479458319023	-0.00516338087618
5.15265494643	-64.3139404766	65.5930697264	0.00321255298331	0.00119818060193	0.00543787283823
-4.19466388424	-66.5770980992	57.5103639316	-0.00319439824671	-0.00135919859167	0.000472558109323
-6.34111443331	-69.0403673628	48.7129737043	-0.00342762889341	-0.00360296689905	-0.00351853459142
-5.11395440408	-68.8762599842	49.2990714851	-0.00292396661825	-0.00341606140137	-0.00321385334246
-3.49690475356	-64.5322069155	64.8135467302	-0.00374475400895	0.000694519199897	0.00535219488665
8.07104267527	-66.3945669165	58.1622610124	0.00382849690504	-0.000928278430365	0.000593861856032
-3.19715872728	-64.1167694085	66.2972521126	-0.00362800643779	0.00127252179664	0.00648054201156
-5.32153097127	-69.6628504641	46.4898197712	-0.00284953042865	-0.00417648209259	-0.00432059494779
2.28750985679	-69.8153640715	45.9451283161	0.000388352171285	-0.0041609397158	-0.00433649728075
8.77791159822	-68.1818316021	51.7791728495	0.00345153990202	-0.00258962414227	-0.00231787632219
-2.84066259179	-63.6879929817	67.8285964940	-0.00345625472255	0.00187207746785	0.00760659947991
10.1027126939	-67.7527112499	53.3117455360	0.00421233661473	-0.00219008652493	-0.00180635787547
7.54413991264	-68.2246423752	51.6262772314	0.00287508987822	-0.0026314179413	-0.00228853384033
-4.42822185544	-68.1469651068	51.9036960471	-0.00278447708115	-0.00272906385362	-0.00211786129512
-2.67642346433	-66.4584259661	57.9341929782	-0.00238192896359	-0.00128623109777	0.000769320933614
-5.48076742824	-70.0188417791	45.2184222174	-0.00284890085459	-0.00453235674649	-0.00481517286971
9.11562576899	-67.0342232085	55.8777742555	0.00404420681298	-0.00151685962919	-0.000596032419708
2.24457652660	-63.8128422432	67.3827062742	0.00118654384278	0.00177640898619	0.00737589783967
-7.64877452137	-65.8086532915	60.2548096733	-0.00550192827359	-0.000606700545177	0.00158976367675
-7.36931763243	-69.0362960648	48.7275140544	-0.0038799145259	-0.00362844741903	-0.00358335464261
5.33434757520	-63.9568258614	66.8684790665	0.00352043146268	0.00165819842368	0.00618091085926
5.02377465002	-70.1142410243	44.8777106274	0.00151535088662	-0.00440708687529	-0.00478792423382
-6.54480096982	-68.4301791975	50.8922171517	-0.00368445366621	-0.00303119933233	-0.00266366661526
-0.00599721938806	-65.3790644741	61.7890554497	-0.000818504136987	-0.000623674422968	0.00329875061288
-9.25769483894	-65.7492015904	60.4671371773	-0.00639096647501	-0.000559211301152	0.00141687504947
-8.95235458710	-65.8699506533	60.0358905238	-0.00613954709843	-0.000673808797728	0.00124911637977
-11.3709695872	-67.1650495634	55.4105372735	-0.00645147776231	-0.00195243640337	-0.00128155283164
0.357795354691	-64.9847871099	63.1971888933	-0.000511124962941	-0.000214613362914	0.0044958172366
-11.6745761236	-67.5126121720	54.1692422427	-0.00640793936327	-0.00229366170242	-0.00182959006634
3.45324713889	-65.5305487009	61.2480403541	0.00167753943242	-0.000378968165023	0.0027734960895
4.80229205233	-65.5085375187	61.3266517191	0.0024989885278	-0.000224019546295	0.00270326016471
-7.10147469871	-68.7255808477	49.8372112581	-0.00384856434539	-0.00332353287376	-0.0031266247388
-0.273977475887	-63.5896505461	68.1798194783	-0.00110290048178	0.00205023377202	0.00815648026764
-3.55644087230	-68.4513444380	50.8166270070	-0.00230907998048	-0.00298997154459	-0.00252605276182
-10.7953502767	-65.3994512497	61.7162455369	-0.00749671459198	-0.000250926386798	0.00172654318158
-1.63343614939	-68.1821507957	51.7780328725	-0.00145078857895	-0.00271624093875	-0.00206162920222
1.64469658339	-65.3795636801	61.7872725710	0.000501623318996	-0.000484090618556	0.00326594384387
1.27183253543	-69.9601330045	45.4280964125	-3.11775183945e-05	-0.00431754766032	-0.00453296676278
7.46093507522	-65.9745170491	59.6624391102	0.00372949801385	-0.00053969246801	0.00143687298987
-0.672643806801	-64.5721252367	64.6709812976	-0.00145878479816	0.000442831136752	0.00571369519457
10.6240622101	-68.6344192987	50.1627882191	0.00413826340809	-0.00302902632393	-0.00312774744816
2.55219996099	-63.9214764976	66.9947267942	0.00142111454625	0.00163053628057	0.00705260876566
1.11954799840	-67.4523339203	54.3845217132	-0.000119355558127	-0.00204702955671	-0.000895817647688
5.06212590219	-67.2576949340	55.0796609502	0.00195020227693	-0.00179135648068	-0.000662973616272
5.64050442197	-66.9440260850	56.1999068391	0.00234530610032	-0.0014994435478	-0.000168821032275
-3.98108149611	-65.7426731174	60.4904531522	-0.00349852209911	-0.000646056549158	0.00219163950533
7.89019842525	-64.7040365300	64.1998695356	0.00469636591151	0.00081283855252	0.0039407433942
5.65186270428	-69.4351170276	47.3031534727	0.00181680871174	-0.00376228196546	-0.00389082496986
3.08708532515	-64.9517421049	63.3152067682	0.00164786120877	0.000197689849301	0.00431046029553
1.76978134142	-64.9823873434	63.2057594878	0.000683333084453	-4.57593305327e-05	0.00440314039588
2.02286815200	-64.6268215953	64.4756371597	0.000917013792787	0.000510401907377	0.00538401957601
7.89396452153	-68.7877092034	49.6153242734	0.00289203226566	-0.00315410480835	-0.00311696971767
-0.494201901252	-66.6024142379	57.4199491505	-0.00104516884312	-0.00140516611282	0.000549933814909
4.06076863726	-64.4847528623	64.9830254916	0.00242221308872	0.000919112702832	0.00531687494367
2.19242457430	-66.6609478619	57.2109004931	0.000546713592485	-0.00138251518365	0.000446491671028
-1.42361461436	-65.9756724393	59.6583127168	-0.00176206731703	-0.000966529594734	0.00178713130299
-1.33495826875	-66.9838136183	56.0578085062	-0.00147525744978	-0.00170261960011	-0.0001439480111
8.72462863923	-66.7780508825	56.7926754196	0.00397025886923	-0.00127996585798	-0.000135492839036
-11.3323648978	-65.7708293463	60.3898951917	-0.00744590163231	-0.000633735675365	0.000943552120589
-7.91256077520	-67.4199465704	54.5001908201	-0.0046934876591	-0.00212172884494	-0.00125954521354
-0.646630413203	-69.3093708856	47.7522468373	-0.000888067355845	-0.00372953806072	-0.00366000062786
-1.91424239573	-69.0057823179	48.8364917219	-0.00147644977551	-0.00346919009462	-0.00326380482875
-3.31677210230	-69.0237390748	48.7723604471	-0.0020964499563	-0.00351441837847	-0.00333720841445
-7.23844386441	-68.1219805219	51.9929267074	-0.00410093739629	-0.00275931111537	-0.00226477626711
-3.59111183018	-67.9570701109	52.5818924611	-0.00243211397901	-0.00254619424231	-0.00179102085531
0.520299308403	-64.2596804466	65.7868555478	-0.000375138246454	0.00101345777512	0.00654072267935
-0.471512579574	-63.9829449117	66.7751967440	-0.0012829832267	0.0014582084259	0.00722101889551
-5.29298479931	-68.3543673182	51.1629738637	-0.00313307996839	-0.00293406890705	-0.00247260043398
-6.03381615336	-68.1138735445	52.0218801982	-0.00354563444853	-0.00272728223354	-0.00216447841376
6.98181996102	-64.6441435092	64.4137731814	0.00419804221019	0.000861987704411	0.0042671142146
3.15794481819	-68.4950698894	50.6604646807	0.000809068034869	-0.00292031397112	-0.00249866466038
3.48315332377	-66.0232711023	59.4883174917	0.00149267492816	-0.000806323834695	0.00166206585709
7.67534610943	-67.4152379419	54.5170073505	0.00319068320096	-0.00188565533608	-0.00107486313209
-11.5865970470	-66.4251991805	58.0528600698	-0.00703783752397	-0.00126137200277	-0.000189938247786
5.86133088530	-65.8809733804	59.9965236415	0.00291713816114	-0.000518213317264	0.00179483112879
9.04888559586	-68.8998616064	49.2147799772	0.00337047409266	-0.00326385907829	-0.00335968635045
-4.29021671560	-69.5221094533	46.9924662383	-0.00243487558328	-0.00401190761477	-0.00407461170107
11.9304471554	-67.7336416214	53.3798513522	0.0050686285831	-0.00218811957166	-0.0019803866744
6.89676380408	-64.9339469433	63.3787609168	0.0039901859127	0.000528285396285	0.00366054358892
5.94660659767	-64.7242996709	64.1275011753	0.00353634846397	0.000730271625798	0.00431773532182
-4.50719923114	-68.5836546263	50.3440906202	-0.0027169121895	-0.00312972348183	-0.0027629849501
-10.2652590442	-67.7224991017	53.4196460654	-0.00565624330193	-0.00245682196692	-0.00196548365057
-2.54426701257	-69.2326573388	48.0262237901	-0.00172450300306	-0.00369474105537	-0.00360226631165
-5.26980122156	-64.8441351358	63.6995173723	-0.00478775519878	0.00037672102917	0.00416221097112
-1.27938911742	-64.8962617139	63.5133510217	-0.00196611345746	-4.1342133045e-05	0.0047097816132
-9.30193687321	-64.7942034220	63.8778449215	-0.00722791673616	0.000419127027271	0.00327278138138
10.1543610103	-67.5863303662	53.9059629779	0.00430312892422	-0.00203341571614	-0.0015623557847
-6.69483902536	-65.0591571976	62.9315814370	-0.00550607498735	0.000162663942319	0.00334929442033
10.7145349641	-66.0922015347	59.2421373759	0.00533751957119	-0.000602076936048	0.000774602172896
-9.54559607558	-65.6125412273	60.9552099026	-0.00665104435757	-0.00042875733925	0.00161445804406
8.55759425397	-69.1222984860	48.4203625499	0.00310498569161	-0.00346918380819	-0.00363018107601
2.43807445517	-65.2008332431	62.4255955604	0.00113052513916	-0.000193467334611	0.00370832788758
1.52306872313	-66.4205118081	58.0696006854	0.000187695201021	-0.0012264176039	0.000900628627278
11.2127492678	-67.0515325845	55.8159550554	0.00504940515384	-0.00153003900778	-0.000863927940372
1.3796996564	-70.4082893355	43.8275380874	3.50418231392e-05	-0.00475545180961	-0.00513731362298
-3.74053120003	-67.3001422299	54.9280634647	-0.00268272776157	-0.00197497778572	-0.000760854280088
5.16726671765	-65.6536232360	60.8084884428	0.002639984712	-0.000340414291713	0.00234243134037
4.89894467638	-64.6563142664	64.3703061916	0.00291663478129	0.000754447595682	0.00470589660108
4.57013216659	-64.9771878380	63.2243291499	0.00259184231982	0.000336622993927	0.00399711122736
3.48489462689	-66.3806627894	58.2119186094	0.00136632705107	-0.00110085494816	0.000944225990679
6.16259433879	-69.9298868791	45.5361182888	0.00198658625595	-0.00422018254176	-0.00458439998329
1.44428865584	-64.3683778801	65.3986504283	0.000443618017016	0.000877965590917	0.006166448351
3.22825710021	-68.2092025534	51.6814194523	0.000869408017024	-0.00266291573644	-0.00208149687387
1.98328246891	-67.3424776165	54.7768656552	0.000340176571626	-0.00193806004245	-0.000721629301552
-5.05352209119	-69.3224604508	47.7054983900	-0.00280201481655	-0.00383909372613	-0.00383641733788
0.826704623776	-66.8470699605	56.5461787126	-0.000260475673713	-0.00156666117255	0.0001197206293
-4.67674078799	-68.9976717393	48.8654580739	-0.00270358612761	-0.00352027430199	-0.00336232734844
4.33660867885	-67.8100563268	53.1069416899	0.00145997281652	-0.00229163723998	-0.00150877644774
3.26671583264	-67.3126003028	54.8835703472	0.00101543345954	-0.00188284181058	-0.000692691537552
1.33562989687	-67.1302851368	55.5346959401	1.03980801214e-05	-0.00177873775829	-0.000366966065485
5.98060926815	-65.2476432013	62.2584171382	0.00330300931819	0.000136262067826	0.00313507649116
10.9393639570	-65.6718321280	60.7434566857	0.00572276627645	-0.000184909746167	0.00147106323857
-5.18099116909	-63.9216389323	66.9941466703	-0.00524787371978	0.00152198411524	0.00642152410001
-3.33786033544	-66.6891195432	57.1102873459	-0.00267466180958	-0.00146269332618	0.000312075921101
-7.42343286804	-68.6129397266	50.2395009764	-0.00402588304132	-0.00322526064701	-0.00299026817083
-1.13394098046	-66.3514178641	58.3163647711	-0.00147773534991	-0.00122672016732	0.00101666967385
-0.721422344612	-66.4617973287	57.9221523977	-0.00120159331709	-0.0013050888665	0.000810198078398
-7.13820204130	-65.3199167557	62.0002973009	-0.00557386362925	-0.000112990637717	0.00268571916968
3.56733424078	-67.1861781521	55.3350780282	0.00119731435552	-0.00176795735024	-0.00049179623602
-11.6462274180	-66.0209234714	59.4967018878	-0.00739093264565	-0.000883564644028	0.000451808969956
5.92901352498	-67.0813376728	55.7095083116	0.00244523724541	-0.0016142053064	-0.000416617724113
-4.55736261109	-67.3058732486	54.9075955409	-0.00309723103419	-0.00198431592435	-0.000813854625449
0.542490037092	-66.9813875737	56.0664729511	-0.000423620949732	-0.00167698890436	-0.000114837188448
-7.81022663678	-65.9461732316	59.7636670300	-0.00549048511311	-0.000741229159757	0.0012969559757
6.21249359025	-66.4407765090	57.9972267534	0.00284337182529	-0.00102720235009	0.00068263488356
6.73106547140	-66.4210515567	58.0676730118	0.00312443496659	-0.000990760396235	0.000676353171002
6.05663159612	-66.6073112567	57.4024597974	0.00269019906409	-0.00118462240789	0.000392583373468
1.03019602448	-69.8517470392	45.8151891457	-0.000137382085086	-0.00421691732481	-0.00438673282042
1.80605056507	-65.6564350787	60.7984461474	0.00054053630447	-0.000674906244967	0.00253965216689
8.18049813416	-68.4479029620	50.8289179928	0.00310399709269	-0.00283743138425	-0.00265565677546
9.29978394638	-66.1606951193	58.9975174311	0.00457926187664	-0.000679769262206	0.000860487576574
2.45730454985	-65.9693658764	59.6808361559	0.000877954997122	-0.000842929352075	0.00180784845725
-9.67107452246	-67.0015982813	55.9942918525	-0.00573974521831	-0.00176317803562	-0.000799973495305
-3.04377396010	-69.7619890192	46.1357535030	-0.00186511722859	-0.00421382440254	-0.00435212161392
-6.06597131738	-64.7116705835	64.1726050588	-0.00536144571379	0.00054974789964	0.00429516751319
-4.77509950647	-65.9930629250	59.5962038393	-0.00381796783768	-0.000836955092382	0.00157860387117
9.29684172387	-67.4278802723	54.4718561704	0.00396280176938	-0.00188489176799	-0.00123490102123
-0.0519508216696	-68.6761545708	50.0137336758	-0.000667285756208	-0.00313296634704	-0.00275493855588
-0.4280443237	-68.9984067716	48.8628329585	-0.000816082640085	-0.00343496375717	-0.00321997143328
-2.51320418335	-68.0691367201	52.1816545709	-0.00188991031609	-0.00262978626415	-0.0019184720004
8.79886434369	-69.3495618152	47.6087078028	0.00315910112113	-0.00368358753622	-0.00396004319191
-2.16215564841	-66.6627702001	57.2043921425	-0.00201692222618	-0.00145135715138	0.000404307385907
-3.81079082504	-63.7741789296	67.5207895371	-0.00424827169627	0.0017389919376	0.00716436654329
11.9387323938	-67.3108914783	54.8896732918	0.00526759075001	-0.00178419752046	-0.0013539531501
-2.03773520904	-65.9804393612	59.6412879957	-0.00216707214713	-0.000946381769609	0.00176256068517
5.82846649211	-64.4601403265	65.0709274054	0.00358540634625	0.00104265136179	0.00493568088859
-0.446482044166	-65.1575753174	62.5800881523	-0.00121243542526	-0.000426873913966	0.00395538145676
-0.43525681804	-65.6698787392	60.7504330745	-0.00112927984446	-0.000806496769655	0.00251345592551
-2.02792904836	-63.6492326987	67.9670260760	-0.00273944437504	0.0019389570225	0.00785491708666
0.80838226853	-68.2408554243	51.5683734846	-0.000280930951703	-0.00272918259725	-0.00211161701009
-5.25200931213	-66.5800977973	57.4996507238	-0.00376395299099	-0.00134937954135	0.000393637601519
2.87356406729	-69.8455685532	45.8372551673	0.000633651914541	-0.00418082578108	-0.00438192905858
3.27271673695	-69.7233367838	46.2737972008	0.000800560694188	-0.00405848119408	-0.00422039441764
3.05313257878	-69.9964722085	45.2983135410	0.000709496147465	-0.00432299356908	-0.00458828220144
3.79301761384	-69.7459750997	46.1929460725	0.0010179579258	-0.00407288083807	-0.00425990996882
7.26887934346	-66.5976263329	57.4370488110	0.0033214930445	-0.00113925919868	0.000313714699587
7.97509257035	-67.1346393655	55.5191451234	0.0034441491589	-0.00162321480457	-0.000651480862871
1.80930805143	-69.1930934685	48.1675233268	0.000177187874215	-0.00357952038758	-0.00347730237991
-9.98976695671	-66.7172238095	57.0099149661	-0.00606128526852	-0.00150191376451	-0.000388634129195
-7.10831664930	-64.7630008446	63.9892826980	-0.00596232246608	0.000493592349812	0.0039174859412
3.52271396782	-63.8255887355	67.3371830874	0.0022483994253	0.00178874318954	0.0070342104882
-0.0806694265399	-70.2748804118	44.3039985292	-0.000571884389501	-0.00465179746971	-0.00497214216739
6.27126704400	-65.6760891376	60.7282530802	0.00324605451897	-0.000294259167276	0.00217283098027
0.125989981639	-67.1103249701	55.6059822497	-0.000652349437587	-0.00178623804823	-0.000337275327183
-10.2127818116	-65.8847624730	59.9829911678	-0.006776294671	-0.000711057859007	0.000982656492852
-2.72026172944	-65.7483137748	60.4703079472	-0.00271282484755	-0.000733060936909	0.00226244935766
-0.59290034637	-68.6920444800	49.9569840001	-0.000913222960662	-0.00315650948323	-0.00278600025922
-6.62993757501	-64.2383966117	65.8628692441	-0.00605210568756	0.00110614520963	0.00524287996814
-3.73437197229	-70.1565642835	44.7265561302	-0.00209737778641	-0.00461964216083	-0.00491720112041
-5.91108127462	-69.8911962376	45.6742991515	-0.00305411638692	-0.00441876193509	-0.00466600479558
6.61791533912	-65.5791968616	61.0742969230	0.00348713132553	-0.000178478992893	0.00233065197244
-7.83416118034	-68.9176598488	49.1512148257	-0.00411759223789	-0.00352822779678	-0.00345221604221
0.0408717523791	-63.7340594962	67.6640732280	-0.000807269767392	0.00184590532444	0.00781506393105
2.47532773691	-67.4915847308	54.2443402471	0.000579850748181	-0.0020524605643	-0.000967661442701
-9.80428087388	-68.8551583251	49.3744345533	-0.00500428583473	-0.00353330629878	-0.00353297265247
-0.974684555976	-65.6758636261	60.7290584783	-0.00153225939721	-0.000794674793724	0.00249157380313
-8.69977623212	-64.8510179717	63.6749358154	-0.0068283425644	0.000374801747967	0.00331791792996
-2.03099915116	-64.0725162318	66.4552991723	-0.00267119915225	0.0013221881818	0.00683167856187
-3.76349636433	-66.2348402525	58.7327133838	-0.00311066722497	-0.00108018156607	0.00115687563084
-4.72006453584	-63.9756062411	66.8014062819	-0.00486673461273	0.00146127142943	0.00642755161971
-5.31373992920	-66.3924465512	58.1698337458	-0.00389397097751	-0.00118223775644	0.000738229893614
5.44426656735	-65.3230271390	61.9891887892	0.00295875454322	1.96840828721e-05	0.00304541713558
-6.73336136520	-67.8009725668	53.1393836899	-0.0039794780314	-0.00245275627822	-0.00174445833545
-0.198363608231	-67.8907391806	52.8187886408	-0.000781270267908	-0.00243996689096	-0.0015924127074
-5.16630269985	-65.7221427564	60.5637758702	-0.0042009036988	-0.000569465802982	0.00211840006523
-1.01608417434	-63.6001013435	68.1424952019	-0.00180704367813	0.0020239809528	0.00809678249061
-6.33215025381	-65.7502808892	60.4632825385	-0.00483300024644	-0.000563123379834	0.00190791883506
-7.17733998888	-66.8291590107	56.6101463904	-0.00462404312566	-0.00157034036238	-0.00022265870939
-6.27178313087	-68.8946380275	49.2334356159	-0.00343377492391	-0.00346214999445	-0.00330911739729
5.97112631614	-65.0843301880	62.8416779001	0.00337861524895	0.000315931887599	0.00350151257589
-6.84691779724	-68.5869587466	50.3322901907	-0.00377482222393	-0.00318569061346	-0.00291074067354
5.65732461285	-67.5084303212	54.1841774243	0.00217710249126	-0.00200088741258	-0.00109390972648
10.8476527368	-68.5159524868	50.5858839759	0.00427607353777	-0.00291929603554	-0.00298339850269
-3.55575270387	-68.7286699523	49.8261787417	-0.00225536571816	-0.0032445313409	-0.00292735733092
-9.81304419494	-64.9492118103	63.3242435347	-0.00737530225888	0.000240092907916	0.00282625714317
2.30494676687	-65.5843439388	61.0559145042	0.000908760819584	-0.000563429726753	0.00270392070524
3.38212535115	-65.2771593704	62.1530022487	0.00173559144605	-0.000136650589411	0.00341108092107
-2.74495715635	-70.0674054458	45.0449805508	-0.00169787660707	-0.00450603058562	-0.00475804787129
5.96471779964	-64.9426520263	63.3476713346	0.00344366789795	0.000476338376757	0.00382168823853
1.39972807724	-68.9512784444	49.0311484128	-4.35742822447e-06	-0.003361413721	-0.00313737778924
8.71818809378	-64.6999179122	64.2145788851	0.00517725944519	0.00082564051263	0.00376498769037
-1.49440135448	-69.1122002463	48.4564276917	-0.00127820193302	-0.00356040732004	-0.0034025576897
3.22809341600	-69.3003369153	47.7845110169	0.000790708523709	-0.00366047164425	-0.00363824842498
-7.59312176851	-69.1880384692	48.1855768957	-0.00393665442243	-0.00378209492192	-0.00381090654992
-7.66478835629	-69.3436232627	47.6299169190	-0.00392669159919	-0.0039359498769	-0.00403131125495
6.49762163556	-67.0737587301	55.7365759638	0.00273494049907	-0.00159414880909	-0.000439526804257
9.30115694771	-64.9315949609	63.3871608540	0.00534986332059	0.00057703058701	0.00317484512925
-9.78123094121	-67.3717086962	54.6724689422	-0.00559753226116	-0.00211288500577	-0.00138713454362
2.35982393419	-64.2463796970	65.8343582250	0.00120902259368	0.00114049646072	0.00630773929879
2.86093665889	-64.1756426700	66.0869904642	0.00161660916638	0.00127632985823	0.00637007271871
-2.35881658845	-64.7086533589	64.1833808610	-0.00286424579099	0.000351568392944	0.00510607333854
12.0538116052	-66.5481254288	57.6138377544	0.00573228020221	-0.00105242733844	-0.000186317018233
6.46612221017	-65.1721727685	62.5279543983	0.00361769273877	0.000245021568844	0.00322215119377
9.60893903578	-66.0417336249	59.4223799109	0.00480531854555	-0.00055914564291	0.00102890504058
-7.54527231614	-64.2868690107	65.6897535332	-0.00661482894793	0.00102791411337	0.00485693803057
7.66965850702	-65.7464582053	60.4769349812	0.00396406278014	-0.000306294881739	0.00185197289102
-1.58890249478	-64.6386721142	64.4333138778	-0.00225603324361	0.000386516941944	0.00542728230357
-5.02837213252	-68.2005384410	51.7123627108	-0.00305172265507	-0.00278808525763	-0.00223044771701
-8.89960248648	-66.2469404033	58.6894985596	-0.00583937205374	-0.00103798299097	0.000573251803871
0.597554692995	-65.9393578358	59.7880077291	-0.000364065635949	-0.000942862650845	0.00188669736963
-3.13057270969	-64.7801296185	63.9281085053	-0.00341259641573	0.000326346751535	0.00476623233408
11.3020994805	-67.9830357705	52.4891579623	0.00467523746192	-0.00241771852598	-0.00227068830281
-9.85273063563	-66.3313200326	58.3881427407	-0.00625504879281	-0.00113328872249	0.000273424840998
0.455033769625	-68.7444575508	49.7697944615	-0.000433291104855	-0.00318677350879	-0.00284758023918
0.893772992796	-68.6692496109	50.0383942468	-0.000235552433878	-0.00311135780066	-0.00273670721799
-7.26595150426	-69.6155725006	46.6586696409	-0.00368812214583	-0.00418972456828	-0.00437634112313
1.54050863409	-68.7257046701	49.8367690352	5.90328600083e-05	-0.0031526312232	-0.0028164954856
-3.37585121585	-64.2397671723	65.8579743847	-0.00373522099108	0.00110144435894	0.00613066833466
3.39284893154	-67.9077964377	52.7578698654	0.000984860700555	-0.00239384383895	-0.00163254025392
2.69645647227	-70.3503656022	44.0344085636	0.000569295603782	-0.00467405142263	-0.00506114307791
-1.56799833029	-70.3878085623	43.9006837062	-0.00117309053894	-0.00479640625417	-0.00515562528744
8.47648257101	-65.6543974613	60.8057233525	0.00444467132911	-0.000190927181393	0.00191408349201
0.640452508394	-66.3205254123	58.4266949560	-0.000354343588697	-0.00118645769544	0.00109484861605
-11.2739628358	-68.0221366134	52.3495120951	-0.00598316034302	-0.00277598109096	-0.00251223472878
7.74543191537	-64.8741016851	63.5924939818	0.00451030256227	0.00062001531478	0.00361692975275
8.65293948090	-66.6264150644	57.3342319127	0.00400748709217	-0.00113764079288	0.000127926745336
0.131757456034	-66.5897185975	57.4652907231	-0.000669185479637	-0.00138774886727	0.000579773331992
10.9936894989	-68.3774939422	51.0803787778	0.00438861548901	-0.00278941099532	-0.00280268373899
3.95586985822	-65.7633241957	60.4166993012	0.00188369315583	-0.000542443885934	0.00220055854879
-6.49007022212	-65.3021753103	62.0636596061	-0.00522158015519	-0.000102547564893	0.00284777092747
-0.953718837221	-69.8612936410	45.7810941393	-0.000970536377281	-0.00426396355033	-0.00442681042477
-5.75625428292	-68.7963999727	49.5842858119	-0.00322930747643	-0.00335617223755	-0.00313767255284
0.755854475491	-69.3085912640	47.7550312000	-0.000278687890386	-0.00370415020734	-0.00364097207785
-9.44883728916	-68.7207829511	49.8543466031	-0.00489283632487	-0.00339013966732	-0.0033124499023
-11.8891407053	-67.1750057619	55.3749794217	-0.00668892357498	-0.00197255401872	-0.00136978644878
4.71218653050	-69.3048231730	47.7684886678	0.00142844545189	-0.00364864896983	-0.00367771298625
0.549498445416	-65.2750935520	62.1603801713	-0.000353622657713	-0.000517542066518	0.00359982252121
-8.47726246546	-67.1744985836	55.3767907730	-0.00507920049131	-0.00190344778821	-0.000930913724005
-9.86172167861	-68.1190762495	52.0032991089	-0.00530125573277	-0.00282418960705	-0.00249817036092
-3.83399588982	-64.2708352682	65.7470168992	-0.0040721851401	0.00106804119423	0.00594053184614
6.62322541315	-69.8760373018	45.7284382079	0.00217836629599	-0.00416701985523	-0.00453434418887
7.76256268400	-66.2455399622	58.6945001350	0.00374558498152	-0.000793362152763	0.000895857752766
8.90995119056	-66.2704474372	58.6055448671	0.00432041008025	-0.000792476464994	0.000716547307093
-10.5012021228	-66.9332197169	56.2385010111	-0.00617357483134	-0.00171575299464	-0.000806276861113
0.939395104313	-64.6731253939	64.3102664503	7.6641636042e-06	0.000311127951136	0.0054017631337
0.409903045672	-65.4460979291	61.5496502532	-0.000477756751934	-0.000656932941638	0.00310869025998
-1.65583533255	-67.3170917554	54.8675294449	-0.00159120757598	-0.00197525927797	-0.000711884407792
-8.57487370424	-64.6141072753	64.5210454452	-0.00696477619931	0.000634165073279	0.00384700740688
-4.85184805119	-64.7285972480	64.1121526858	-0.00458494294435	0.000501514819916	0.00454085320234
-5.13483993068	-64.4119266400	65.2431191429	-0.00493350997567	0.000903441978153	0.00525389844552
4.68895175286	-65.9532516206	59.7383870694	0.00222683115862	-0.000658323056996	0.00174334156327
-9.24117070854	-67.5881105301	53.8996052498	-0.00524272024632	-0.0023043656256	-0.00165361724794
-9.06732914710	-67.7195980978	53.4300067936	-0.00510361371562	-0.00242400821298	-0.00183249870315
-2.34939828066	-67.9109443521	52.7466273138	-0.00183851143811	-0.00248852348886	-0.00167250365485
-5.61951131947	-63.9614111595	66.8521030017	-0.00554748671129	0.00146273418795	0.00619450071827
9.6350784347	-68.5279028557	50.5432040869	0.00373213016428	-0.00291793723591	-0.00288663245738
-7.54670452608	-67.5388941841	54.0753779138	-0.00446783611551	-0.002225499833	-0.00141027173959
-5.21801206035	-68.7278660691	49.8290497531	-0.00300493696705	-0.00327916117385	-0.00300843059085
-4.75210725971	-68.0339713600	52.3072451428	-0.00296726962551	-0.00263228733093	-0.00196577864699
-3.76613419230	-68.3286267821	51.2549043498	-0.00243181851692	-0.00288218818605	-0.00235522701405
-2.14241080028	-70.0816554079	44.9940878290	-0.00144486734644	-0.00450574001297	-0.00475770840421
7.02080117332	-64.3228349493	65.5613037525	0.004401802551	0.00124099780805	0.00494245951995
-0.58916997642	-64.4485281530	65.1123994535	-0.00138593383599	0.000661317957565	0.00605632178485
5.35199531896	-66.8067144973	56.6903053667	0.0022438603919	-0.00138656084891	8.38651176309e-05
-6.73735070596	-69.5430140978	46.9178067934	-0.00347933825105	-0.00410135416314	-0.00424116058275
0.796499757222	-63.9938212010	66.7363528537	-0.000121304241475	0.00146456924267	0.00716356094927
0.584542875774	-63.6066662596	68.1190490729	-0.000287648057565	0.00203895429149	0.0080929575488
-0.374260020623	-70.1420723136	44.7783131656	-0.000703792145941	-0.00452668219805	-0.00479739438742
0.74092083788	-65.0832436319	62.8455584575	-0.000177867594175	-0.000307599460939	0.00417735939845
-4.53934494013	-66.3393205097	58.3595696081	-0.0034982773941	-0.00114954460878	0.000900623970665
-6.10248071978	-66.6499598336	57.2501434513	-0.00417362572625	-0.00140610896051	0.000194914508029
-9.89204585660	-65.7639389712	60.4145036743	-0.00670883385465	-0.000585674366448	0.00126394361723
3.58049348798	-70.0231630480	45.2029891142	0.00092714728089	-0.00434048566967	-0.00463153235614
-2.71224352599	-68.3021049510	51.3496251751	-0.00194366637152	-0.00284037832171	-0.00227339495905
-8.75254270125	-69.2738417852	47.8791364812	-0.00441562989727	-0.00390485068783	-0.00401999428868
6.50265349095	-66.8126126483	56.6692405417	0.00283750682138	-0.00135741219856	1.14792908334e-06
-8.91491963243	-68.9842264067	48.9134771188	-0.00457230303437	-0.00362756871618	-0.0036329429131
-5.84821198738	-69.7284477651	46.2555436961	-0.00306029990315	-0.00425616791472	-0.00444020004943
-4.36816806867	-69.0991842470	48.5029134035	-0.00254704151303	-0.00360904610716	-0.00348983518779
9.30519533650	-68.4146412826	50.9477097052	0.00361882476136	-0.00280925119296	-0.00269711320288
0.85766722619	-67.8356822891	53.0154203962	-0.000258629821474	-0.00237560248934	-0.00149923923891
1.41387518666	-67.8089157733	53.1110150954	1.88650046766e-05	-0.00234308000654	-0.00145765859634
-2.74721560959	-65.4997488056	61.3580399799	-0.00285359658301	-0.000522921036463	0.00286797899753
3.89858322479	-67.3140844797	54.8782697152	0.0013416785514	-0.00186858756933	-0.000711668690201
-1.59275385445	-65.4378921511	61.5789566033	-0.0020695081912	-0.000587972288486	0.00309503474273
4.20923275981	-69.5220726958	46.9925975150	0.00120030378457	-0.00385682960041	-0.00396304391325
0.245195631972	-66.8439310641	56.5573890566	-0.000594325712882	-0.00157589383889	0.000122513738461
0.241673509994	-67.5972347901	53.8670186067	-0.000573422643356	-0.0021833833307	-0.0011306864908
3.02402348070	-67.7174062420	53.4378348499	0.000828955555335	-0.00223464751616	-0.00133227894548
-10.8283793598	-67.1511651301	55.4601245355	-0.00620405888185	-0.00192789221182	-0.00118589249905
-5.66340047634	-68.2341204313	51.5924270309	-0.00333754951134	-0.00283069768921	-0.00231842999347
2.86483486898	-68.8773713804	49.2951022129	0.000650119094644	-0.00327260908671	-0.00304123945534
2.31953487993	-68.6390119995	50.1463857160	0.000415573216742	-0.00306235230528	-0.00269571086392
-3.73162087986	-65.3194895898	62.0018228935	-0.0035801930353	-0.000256444618572	0.00323463883251
-0.783627824001	-67.6703272549	53.6059740897	-0.0010919800261	-0.0022603974212	-0.00125949189533
-2.46433244844	-69.7799527658	46.0715972651	-0.00161726516671	-0.00421772710979	-0.00435645924881
-9.88236752092	-65.4725039794	61.4553429306	-0.00694601936266	-0.000296298210742	0.00180420721881
5.11207520144	-69.5993010021	46.7167821354	0.00157589092851	-0.00391971739009	-0.00409509567544
6.27024068445	-68.2737961324	51.4507280984	0.00227791909128	-0.00268439529464	-0.0022839109879
-3.91752376603	-66.6952682784	57.0883275770	-0.00299201020971	-0.00146215071436	0.000271898752544
-2.90773136823	-66.1326738069	59.0975935469	-0.00265085021965	-0.00102569081355	0.00140823679976
4.37245611865	-65.3888437231	61.7541295604	0.0023003006354	-0.000140556760016	0.00302827893756
4.20072770628	-67.4334802263	54.4518563346	0.00146954681259	-0.00196462823078	-0.000914194446523
2.25843834330	-68.1595982380	51.8585777214	0.000412862864323	-0.00263410527259	-0.0019941648934
-2.82046691562	-65.0280441393	63.0426995025	-0.00311395199969	-2.65798862529e-05	0.00413179583848
-1.07456031324	-69.2186181748	48.0763636616	-0.00108286261093	-0.00365214864723	-0.00354193896055
-1.19525028193	-69.3672813279	47.5454238291	-0.00112106022425	-0.00379472784698	-0.00375190377235
-1.93511038059	-63.9325837516	66.9550580301	-0.00260525825433	0.00153227685951	0.00718876626343
9.02628975499	-67.9256696589	52.6940369326	0.00364936166443	-0.00235054641962	-0.00196278700605
-5.61788084112	-64.2015351756	65.9945172301	-0.00538700213656	0.00116575544234	0.00562706962228
7.05839913039	-67.8758931728	52.8718100970	0.00274668983184	-0.00231394940056	-0.00174018577673
-1.26601136383	-69.9681844753	45.3993411597	-0.00109123950824	-0.00437473133206	-0.004579606466
-2.35859662663	-65.8693313849	60.0381021967	-0.00242199772038	-0.000849472009577	0.00199917214923
0.240091106674	-70.1436653709	44.7726236753	-0.000449115061201	-0.00451595149934	-0.00479035545141
0.290097718159	-69.3523682911	47.5986846745	-0.000478505913634	-0.00375325395726	-0.00370603404008
-2.43812112610	-64.3211315542	65.5673873066	-0.00298125646077	0.000950805319007	0.00613071396947
8.76421323992	-64.9582374223	63.2920092062	0.0050323465839	0.000544495997019	0.00323478900827
6.50463002501	-69.5181104074	47.0067485449	0.00216655712575	-0.00383452069946	-0.00404388969764
-8.00323596822	-67.1487399341	55.4687859496	-0.00486463075504	-0.0018725496484	-0.000838478794321
9.73282310907	-65.3446173992	61.9120807173	0.00530613446608	0.00014549017942	0.00229126797058
-7.70716353719	-68.4958507758	50.6576758008	-0.00418999465182	-0.00312186731026	-0.00284492736682
2.91693167104	-66.3629036564	58.2753440844	0.00104018417187	-0.00111675797962	0.000993840862066
5.95037884202	-67.6397699618	53.7151072791	0.00228392332792	-0.00211350340396	-0.00131453748327
5.14349650615	-68.3047774807	51.3400804260	0.00175148772541	-0.00272344355471	-0.00227745738812
0.82727229484	-70.4092815673	43.8239944025	-0.000190329068573	-0.00476706959307	-0.00514223985374
9.00476581501	-66.0137777666	59.5222222621	0.0045115291141	-0.000540015520528	0.0011647666106
-6.12265341122	-67.0470529168	55.8319538685	-0.00399012910202	-0.00176291260868	-0.000493954459671
1.35827408744	-69.0947675142	48.5186874494	-2.12751328945e-05	-0.00349479913712	-0.0033395618666
-6.70575608941	-64.5366171728	64.7977958116	-0.0058803842403	0.000754935666919	0.00453657610342
5.31739863810	-66.2082538727	58.8276647402	0.0024646949023	-0.000853599398397	0.0011871146271
5.63111159455	-66.0370830554	59.4389890878	0.00271521322429	-0.000679153599776	0.00150051782839
5.00740823766	-66.3702368489	58.2491541110	0.00222585094161	-0.00101433543023	0.000895911594853
1.94045896304	-63.9404630363	66.9269177274	0.000897560617886	0.00158292369451	0.00713252322748
1.08121649420	-66.7100266378	57.0356191509	-0.000106511601189	-0.00145573203918	0.000363945757272
1.65575023328	-66.6902719854	57.1061714806	0.000230824443861	-0.00142374122515	0.000397907104343
-1.52309901105	-65.7061026565	60.6210619412	-0.00192051101476	-0.00078464357648	0.00240624696016
6.21297750183	-67.2246212075	55.1977814017	0.00253953482024	-0.00173617945984	-0.000669459812343
-10.4744556721	-66.0063450160	59.5487677998	-0.0068119331263	-0.000835101644043	0.000718079914805
2.71662166507	-70.1064456771	44.9055511533	0.000572277524043	-0.00443490035832	-0.0047334828414
-0.289968250769	-66.2040292736	58.8427525943	-0.000959844735917	-0.00112675433047	0.00132124277297
0.429441035079	-66.4582854844	57.9346946984	-0.000489598722197	-0.00128758419305	0.000827875221148
4.11972181164	-70.2346845227	44.4475552759	0.00114656880032	-0.00453674886376	-0.00492567848414
-0.874109883158	-65.9548031778	59.7328457934	-0.00139278010465	-0.0009671075386	0.0018415634986
-6.55480791627	-65.8875521110	59.9730281751	-0.00486401887611	-0.000693187583238	0.00159526313655
-5.77353610105	-69.5699947586	46.8214472905	-0.00306113623083	-0.00409870641306	-0.00421855226159
5.05826093291	-66.9695208688	56.1088540399	0.00203514401801	-0.00153885502368	-0.000181910043466
-9.15490612042	-66.0194269493	59.5020466096	-0.00613191444427	-0.000822109403089	0.000939061166719
3.03389201464	-67.4650214539	54.3392090932	0.000869857671205	-0.00201778463088	-0.000934315554332
0.0129108827843	-64.9016626390	63.4940620036	-0.000822620349936	-0.000111557477794	0.00475873658434
6.23047784959	-67.4948794315	54.2325734589	0.00246212608181	-0.00197877711616	-0.00110339443199
12.1745638526	-67.0859432648	55.6930597687	0.00549311563373	-0.0015716542257	-0.00104402273428
-2.10389836344	-69.3541984292	47.5921484672	-0.00151668104809	-0.00380065804347	-0.00375773967244
0.804820047821	-70.1525775961	44.7407942997	-0.000214878877159	-0.0045138518326	-0.00479651149362
6.91599051641	-69.1386399917	48.3620000297	0.00239618774503	-0.00348124769516	-0.00354456552304
-5.12205464433	-67.6198720976	53.7861710801	-0.00327053992078	-0.00226613203995	-0.00135110912379
-5.42438223464	-67.7821905528	53.2064623113	-0.00336331641302	-0.00241543469019	-0.00162257230841
-5.88231869032	-67.9483787934	52.6129328807	-0.00352714932524	-0.00257310993038	-0.0019061982166
6.50148660485	-67.3619327952	54.7073828741	0.00263696257025	-0.00185433262959	-0.000908697256818
-0.0291415291856	-69.6305203593	46.6052844312	-0.000598106416874	-0.00402328744531	-0.00409435434267
6.01166512163	-68.1480814028	51.8997092759	0.00218633166514	-0.00257203029469	-0.00208623055369
-7.47710418448	-65.4291907630	61.6100329894	-0.00568241765723	-0.00022481236374	0.00238930317573
6.46087840461	-68.8829320247	49.2752427689	0.00224235304631	-0.00324498605914	-0.00316349137574
4.53816576326	-64.3874947869	65.3303757611	0.00277492939495	0.00107664521784	0.00543082226068
9.62134391044	-66.5773805843	57.5093550560	0.00451492052525	-0.00107914896216	9.97542301775e-05
1.86747098132	-66.5356221287	57.6584923974	0.000377802731236	-0.00129845051561	0.000680726428982
7.04536260852	-69.5334916205	46.9518156412	0.00239062774926	-0.00384741858579	-0.00409424118698
1.45663336742	-64.6448233051	64.4113453389	0.000453639309853	0.000412950554164	0.00542226061225
-11.6168049431	-66.9554494920	56.1591089571	-0.0066898339428	-0.00175857148133	-0.00100661115721
9.08115716524	-67.7844154069	53.1985164041	0.00372453220189	-0.00221862411126	-0.00175719533581
9.81797613857	-66.8634086357	56.4878263010	0.00446715252474	-0.00135062786285	-0.000395951094106
11.3981580313	-66.3084590064	58.4697892628	0.00554992584512	-0.000814849219751	0.000303965585772
7.58826062441	-68.9100331014	49.1784532093	0.00273110857233	-0.00326794851571	-0.00326782488264
4.76099822329	-64.2341003800	65.8782129286	0.00298236939125	0.00128549034707	0.00572850555182
-4.83306694922	-69.5885796332	46.7550727385	-0.0026553242933	-0.00409055873752	-0.00419278256595
-2.65562280626	-66.2370799398	58.7247145006	-0.00245375558734	-0.00111499673221	0.00120462081395
-3.88000245992	-69.6249212352	46.6252813030	-0.00224176351912	-0.00410111900419	-0.00419770600274
-4.86117525165	-69.7362846070	46.2275549749	-0.002639999846	-0.00423547485843	-0.00439697457477
-2.56450076370	-67.0732972909	55.7382239609	-0.00212931237184	-0.00177996221464	-0.000332224357408
-2.92261562980	-69.9236650245	45.5583391984	-0.00179148418829	-0.00436889193952	-0.00456869183108
-7.27894018722	-68.8677066002	49.3296192850	-0.00388685287908	-0.00346394651569	-0.00334039586596
11.3256884110	-67.6559283984	53.6573985770	0.00482132751495	-0.00210665701889	-0.00179457082413
-7.76018333114	-66.8546355554	56.5191587307	-0.00489865522832	-0.00159805791918	-0.000328212598106
9.45773397523	-65.4560872560	61.5139740857	0.00508658820763	2.83013760054e-05	0.00213057571091
5.41110636793	-70.0836416058	44.9869942651	0.00167328910902	-0.0043729795143	-0.00475998502225
7.87581246034	-66.9989659101	56.0036931782	0.00345127237961	-0.0014990932541	-0.00042140102596
-8.17720633256	-65.2944464318	62.0912627436	-0.00616924837232	-8.65207257448e-05	0.0025263808202
3.14045090572	-65.9275641997	59.8301278582	0.00132107862737	-0.000754368491471	0.0018794114003
-5.03257412632	-70.1055507380	44.9087473642	-0.00264602061361	-0.00460531050339	-0.00490893609822
-4.19013770851	-68.7083760842	49.8986568422	-0.0025461402256	-0.0032386824023	-0.00292687863111
-3.19746500689	-68.0734594880	52.1662161144	-0.00221734284423	-0.00264380918816	-0.00195057678502
0.908836701316	-64.9274601286	63.4019281121	-2.37889089476e-05	-8.95949779078e-05	0.0046469476074
5.02077908558	-65.0653633619	62.9094165647	0.00282884691842	0.000272405042779	0.00370770995505
4.84934690309	-63.8716588475	67.1726469734	0.0032360649202	0.00175724632572	0.00652540009469
4.05954761498	-65.2755580577	62.1587212224	0.00215983111411	-5.36011175427e-05	0.00333847012371
1.53512325505	-65.7995395391	60.2873587888	0.000313018128509	-0.000798167311586	0.00220168498345
-6.29842882016	-68.2677024217	51.4724913511	-0.00362070463598	-0.00287452875637	-0.00240975641645
-6.32553099398	-66.3922094352	58.1706805885	-0.0044310213998	-0.00117045245133	0.000643098901492
4.41613949398	-68.5427033320	50.4903452429	0.00138027698267	-0.00294776819646	-0.00259691826068
4.02493034518	-69.1058814616	48.4789947801	0.00114700873382	-0.0034701700788	-0.00338304694742
11.8346171007	-66.1868971927	58.9039385976	0.00584356114268	-0.000699123018421	0.000435875786934
-3.31553392740	-65.5093233524	61.3238451700	-0.00321706198156	-0.000479614827782	0.00280028139241
-1.02820574033	-64.1690347923	66.1105900276	-0.00178513594437	0.00115507328883	0.00673331413418
-0.498122921512	-67.7864900707	53.1911068904	-0.000937739387155	-0.00235510943457	-0.0014359485358
-4.93004137481	-65.1915072091	62.4589028246	-0.00438361335546	-3.60300327884e-05	0.00337958801538
-4.49318824236	-65.4716052687	61.4585526119	-0.00396007066593	-0.000356273667421	0.00276919757016
-5.91191698594	-69.1343983921	48.3771485995	-0.00321683241054	-0.00368136283942	-0.0036232797429
-6.53656096030	-69.1641986324	48.2707191701	-0.00348260533065	-0.00372729729861	-0.00370423775166
0.274341192847	-70.4118440755	43.8148425873	-0.000416102615418	-0.00478062080219	-0.00515165179968
6.56910097876	-66.1936704407	58.8797484262	0.00314655713737	-0.00078342523193	0.00111329660285
10.0850958429	-65.7623218233	60.4202792026	0.00522039970383	-0.000277122191619	0.00145678827539
-10.3978031472	-68.3186956594	51.2903726451	-0.00546371843666	-0.00303344754502	-0.00283814128488
-5.67111019017	-69.3908237772	47.4613436528	-0.00305497087538	-0.00392165454105	-0.00396550958976
5.35972525752	-67.3830626276	54.6319191873	0.00206464272924	-0.00189527263865	-0.000879809260368
-0.838601363897	-66.2192295044	58.7884660555	-0.00131579488516	-0.00113755301572	0.00128417729866
9.56183401651	-65.7727058356	60.3831934443	0.00494239246473	-0.000292114069453	0.00152268994134
-7.53196966615	-67.1256299973	55.5513214381	-0.00464804423973	-0.00184535875451	-0.000752661027946
4.78466181242	-68.8277487121	49.4723260281	0.00150947133079	-0.00320537015796	-0.00301436684094
-5.29432888696	-69.0660350657	48.6213033367	-0.00296139577404	-0.00360005628318	-0.00349155440927
4.76452654686	-67.1323272403	55.5274027131	0.00183358904906	-0.00168925011531	-0.000443113676738
-1.87983680717	-66.7702341100	56.8205924642	-0.00182667805348	-0.00153618154582	0.000217834880459
-1.50727330446	-64.0503954948	66.5343018042	-0.00221653934568	0.00135101063643	0.0069670942612
3.68928204092	-68.7720198948	49.6713575187	0.00102622644044	-0.00316565809771	-0.00290585402399
3.86922892677	-68.9276308523	49.1156040988	0.00109292531852	-0.00330677838065	-0.00312975584529
-3.63721285575	-66.8140775523	56.6640087420	-0.00279274582863	-0.00156382250134	7.32931657694e-05
-4.26304720998	-64.9131330171	63.4530963676	-0.00411821110174	0.00024570649839	0.00419647386298
-3.86889393682	-65.9821207266	59.6352831192	-0.00330057716928	-0.000862643762957	0.00167298584711
-10.3036966647	-65.1854685027	62.4804696331	-0.00742788193747	-1.89107340702e-05	0.00224465574138
10.5628480099	-66.5346429149	57.6619895896	0.00500446697697	-0.00103310588747	4.99638081237e-05
-8.87789051915	-67.2446918178	55.1261006505	-0.00523485755548	-0.00197563972324	-0.0010866029188
5.60703112889	-68.9704057626	48.9628365621	0.00185361062177	-0.00333078461699	-0.00324550666846
-4.56239648503	-67.8810970160	52.8532249428	-0.0029193253722	-0.00249214470387	-0.00172319600824
1.10023756695	-64.2438183646	65.8435058408	0.000144330508192	0.00106684223283	0.006526988931
0.49092508086	-68.8918077366	49.2435437977	-0.000411648943555	-0.00332105718553	-0.00305743585341
-10.4632733749	-65.5086501165	61.3262495840	-0.00722272135317	-0.000348422356183	0.00160572503228
-10.4607583490	-65.7664332501	60.4055955354	-0.00700079184026	-0.0006021084846	0.00114159088116
-7.89440418664	-64.4106371589	65.2477244323	-0.00672888802364	0.000878077931702	0.00448023667559
-7.72625412815	-67.7131521133	53.4530281668	-0.00448062550277	-0.00238967267796	-0.00169393466786
9.52567817651	-68.9131832902	49.1672025349	0.00357469194569	-0.00328044989146	-0.00341728725471
5.67876790695	-64.2186200825	65.9334997055	0.00360271171667	0.00133414124139	0.0055058398284
-10.2556297478	-67.4316686605	54.4583262124	-0.00578966876492	-0.00218029366806	-0.00153404951561
3.09017967322	-68.0553393709	52.2309308183	0.000820388435386	-0.0025286981836	-0.00184955238365
-2.96969677992	-70.3292328473	44.1098826884	-0.00175662362017	-0.00477189896628	-0.00512076728046
-10.7248659949	-68.4284052370	50.8985527251	-0.00556726101786	-0.00315139093436	-0.00302716880105
6.13486712254	-69.2357350492	48.0152319672	0.00204586866312	-0.00357415759936	-0.00363783794455
7.02684941800	-69.7270355277	46.2605874011	0.002358694328	-0.00402698898688	-0.0043554790318
-2.88369488265	-63.8390451989	67.2891242898	-0.00344547117129	0.00166313187219	0.00723245227709
12.1766797184	-66.8008805660	56.7111408356	0.00564766302705	-0.00129774562083	-0.000603975378908
6.76413355195	-65.7094698172	60.6090363671	0.00349779077806	-0.000303864333546	0.0020439971704
2.17800332107	-70.3613375526	43.9952230263	0.000358522345778	-0.00469414656982	-0.00507347984239
5.60647828971	-69.6896196290	46.3942156107	0.00177559256554	-0.00399958109483	-0.00423634937033
-0.7325055149	-67.9191041872	52.7174850459	-0.0010429477552	-0.00247257668525	-0.00164409598801
-3.31808779127	-70.0508797730	45.1040008109	-0.00193937541917	-0.00450398633257	-0.00475681014359
3.12191696459	-63.9319389785	66.9573607909	0.00188489712309	0.00163372105453	0.00689104292542
-5.68738740384	-65.0593965008	62.9307267830	-0.00491427443922	0.000142104996485	0.00355735211633
0.993120103366	-63.8485633307	67.2551309619	6.69636792736e-05	0.00169331603684	0.00748814176768
-4.91127074367	-68.4574489283	50.7948252561	-0.00293124304153	-0.00302141648717	-0.00260136136785
-1.11856637324	-67.2970811075	54.9389960447	-0.00130938948132	-0.00195342162624	-0.000666513456963
-9.48714704531	-65.0677354657	62.9009447654	-0.00708403484896	0.00012678928033	0.00267740758136
2.75452048255	-63.6558413569	67.9434237253	0.0016808914952	0.00200306926854	0.00763182574883
-6.02334823806	-65.8577793588	60.0793594329	-0.00459439028054	-0.000674316717777	0.001725706039
-8.56972292618	-66.7643923860	56.8414557644	-0.00534551730379	-0.00152292253915	-0.000272476463579
7.70124131469	-65.3219338223	61.9930934917	0.00422250246629	0.000132785964524	0.00269795581698
-6.39010571980	-64.4435118780	65.1303147214	-0.00574482372031	0.000866485002916	0.00483826408163
-9.27171449627	-65.4864156933	61.4056582383	-0.00660894066095	-0.000297164224321	0.00191144144628
-6.29662360614	-64.8228506599	63.7755333576	-0.00543057732284	0.000423337100074	0.00397943239659
10.2463867014	-65.3483611508	61.8987101758	0.0055781332776	0.000143502504216	0.00218651816249
-8.67794179704	-65.7261878674	60.5493290448	-0.00610526837409	-0.000529021956027	0.00157046702225
-0.0201829235751	-69.1004190717	48.4985033153	-0.000628621433862	-0.00352257792838	-0.00335773569532
7.02878202069	-68.4280096022	50.8999657063	0.00258912076242	-0.00282142870128	-0.00255010765977
7.44024196648	-66.7305340870	56.9623782609	0.00334908580408	-0.00125864334404	6.78840879118e-05
1.13749148433	-65.6719714792	60.7429590027	5.66533744859e-05	-0.00074930943083	0.00251042004675
-8.98853138242	-65.3802663669	61.7847629752	-0.00654359906912	-0.000184588338016	0.00217874767259
-4.32199268265	-64.4328461379	65.1684066503	-0.00436383718625	0.000861752021592	0.00541090453044
-2.93083234763	-69.1367486313	48.3687548884	-0.00190801802091	-0.0036124298349	-0.00348148331977
5.50623915496	-65.7824676581	60.3483297925	0.0027685854584	-0.000443667580839	0.00203322246671
9.39959494252	-68.6613772823	50.0665097061	0.00358854723163	-0.00304199149832	-0.00305475713685
9.17368816967	-65.5728695259	61.0968945504	0.00486241653562	-9.48972447077e-05	0.00195828056894
-2.01453820871	-70.3991512345	43.8601741625	-0.00135515478905	-0.0048182415776	-0.00518346624449
-1.28371920521	-65.5568778886	61.1540075408	-0.00179724290501	-0.000700683216564	0.00278815533966
1.60969641321	-69.8403751681	45.8558029712	0.000105116399936	-0.00419599702582	-0.0043692686595
-0.824265258656	-67.1758821052	55.3718496242	-0.00116665044334	-0.00185161305126	-0.000459871866042
-6.01710190438	-65.6113228855	60.9595611231	-0.00474984804168	-0.000432418106357	0.00224820384756
-5.26125339582	-65.3132804853	62.0239982667	-0.00450731581077	-0.000151800515596	0.00303480448201
-4.83226692087	-65.5902907639	61.0346758432	-0.00408898806199	-0.000455771485576	0.00245231646113
8.52813734025	-68.5564567898	50.4412257506	0.00323059898801	-0.00293926009908	-0.00283637992106
1.00294388536	-66.4384419151	58.0055645889	-0.000134163739858	-0.00125792808831	0.00086728669703
8.50247629403	-68.3183809126	51.2914967407	0.00328539661132	-0.00271683791652	-0.0024937831331
6.79903738679	-68.0082957535	52.3989437376	0.00258820108138	-0.00243727234192	-0.00192235969007
11.0693669937	-66.5749121041	57.5181710567	0.00523218046874	-0.00107211922295	-8.57714621816e-05
10.1395970737	-68.8941516804	49.2351725699	0.00384744908661	-0.00326935830526	-0.00344435148872
10.3818296419	-68.7642854895	49.6989803945	0.00399135006592	-0.0031492614653	-0.00328612420708
10.0303149407	-68.6440234072	50.1284878313	0.00387256219983	-0.00303114787675	-0.00308560486883
6.72267779329	-68.5465428218	50.4766327794	0.00242437166162	-0.00293231219985	-0.00270208856091
-4.75112696266	-66.8509840388	56.5321998614	-0.00337343756109	-0.00158948253375	-5.58078063477e-05
2.78185879906	-67.6103545270	53.8201624036	0.000721408170648	-0.00214726175182	-0.00116059137508
6.58580353124	-68.1309038378	51.9610577222	0.0024573742412	-0.00255114538595	-0.00209158635698
0.144577457389	-69.8766666750	45.7261904463	-0.000507580756675	-0.00425719795749	-0.00442897947505
-11.1605508768	-67.5796901884	53.9296778986	-0.00613691005856	-0.00234440877102	-0.00186213618144
-5.88553747366	-66.9078167709	56.3292258182	-0.00393464183435	-0.00163766357582	-0.000238092397922
9.57429547498	-67.5990478642	53.8605433421	0.00402549607679	-0.00204475037754	-0.00152351392899
-3.96676643485	-69.7904768681	46.0340111855	-0.00225166953169	-0.00426460243762	-0.00442866422236
-5.63917765010	-65.4623016854	61.4917796949	-0.00463263876736	-0.000292703189189	0.00263329222798
1.08746423178	-69.6075427791	46.6873472173	-0.000124189944472	-0.003981648013	-0.0040522813797
3.68998369308	-68.2281727251	51.6136688388	0.0010849427199	-0.00267304759473	-0.00211935862899
5.67937008677	-67.7727165981	53.2402978639	0.00211809785105	-0.00223692716099	-0.00150583009236
-10.0480338232	-65.0731396604	62.8816440699	-0.00739114824682	0.000104331833427	0.00252400478348
-1.49121376867	-63.6159252105	68.0859813911	-0.00225083949044	0.00199417630211	0.00801104214042
4.47079216081	-67.2951336118	54.9459513863	0.00163930014241	-0.00183826882858	-0.000699909229297
6.25252332351	-67.7591657084	53.2886938985	0.00239680847153	-0.0022167514544	-0.00151484704111
6.71871804738	-68.7844717879	49.6268864718	0.00237424694933	-0.0031526288949	-0.00303915608674
6.84837394884	-66.7025223497	57.0624201795	0.00306006846949	-0.00124745653011	0.000165642471984
8.26338542261	-66.8675416051	56.4730656960	0.0037003303878	-0.00137065956369	-0.000238912645727
-11.0227987898	-65.5182318817	61.2920289940	-0.00750933540985	-0.000376563781174	0.00145800621249
7.66748131769	-66.8660453733	56.4784093812	0.00340421823785	-0.00137959059794	-0.000182135874638
1.09841064190	-70.2853856943	44.2664796633	-8.6413230747e-05	-0.00463904766366	-0.0049735493958
6.69051113184	-65.9651869531	59.6957608816	0.00332491775043	-0.000559657230042	0.00154184026178
10.4279608215	-67.9531685330	52.5958266679	0.00428574951366	-0.00238104211167	-0.00213477923535
-7.89267736922	-67.0071684806	55.9743982835	-0.00488271564245	-0.00174036540557	-0.000596316589508
-5.05584392202	-67.0168255346	55.9399088049	-0.00346187548712	-0.00173348293174	-0.000362667226
-7.15843660392	-65.9155245507	59.8731266047	-0.00516824331135	-0.000713661022019	0.00145463063382
-0.0211901784972	-64.2968707636	65.6540329870	-0.000868566101417	0.000933530798648	0.00646547274664
4.51174564979	-64.5572950140	64.7239463785	0.00270145270042	0.000854598358274	0.00503223855048
-5.35738030781	-67.1895944400	55.3228769999	-0.00354467355646	-0.00188635976519	-0.000673483533319
5.17583455880	-67.7867189964	53.1902892986	0.001871884102	-0.00225710798986	-0.00150441867299
-8.92547827504	-68.8311648964	49.4601253702	-0.00462508853525	-0.0034794122912	-0.00342039670795
7.66973587514	-66.5000150623	57.7856604918	0.00357187259942	-0.00103770045098	0.000448248436442
5.16124481722	-68.6927889948	49.9543250186	0.0016960836947	-0.00307772960514	-0.00283665698953
5.53651473048	-68.5594719404	50.4304573557	0.00188656640239	-0.00295207486488	-0.00266169756651
-4.67186940340	-69.4222849520	47.3489823142	-0.00261737802066	-0.00392530253157	-0.00395513279364
3.8276885862	-66.1226854724	59.1332661699	0.0016580253141	-0.000865726149641	0.00144212914165
2.45794020297	-66.1533435961	59.0237728711	0.000822712725494	-0.000981386750937	0.00142046855763
10.2387095040	-66.7723816963	56.8129225133	0.00471856445074	-0.00126215454657	-0.000298214901704
-0.817606177546	-68.9122389694	49.1705751092	-0.000996821559966	-0.00336219347082	-0.00310487532988
-0.343674554984	-65.9479175004	59.7574374984	-0.00102457893081	-0.000967367959674	0.00186235271394
-0.62662349818	-68.1617392800	51.8509311428	-0.000970712106209	-0.00268247374333	-0.00200927210972
3.32397339837	-67.0598638316	55.7862006014	0.00109552580398	-0.00166841282044	-0.000273695535725
-9.64559054678	-68.2080213213	51.6856381382	-0.00516790291294	-0.002902837703	-0.00260431412607
-1.26726493931	-67.9307320938	52.6759568078	-0.00130487058777	-0.00249052722938	-0.00167275243439
4.48249252037	-66.3733497377	58.2380366510	0.00193456222769	-0.00104279816151	0.000918183941394
5.92327419464	-68.4117815852	50.9579229100	0.00208976771683	-0.00281350477599	-0.00246683578007
-0.37091071119	-68.5455136850	50.4803082678	-0.00082190806279	-0.00302006816491	-0.00257055810653
9.02471264599	-69.0928181834	48.5256493451	0.00331260357052	-0.00344494869933	-0.00362514820881
-1.34868796365	-68.9599138173	49.0003077955	-0.00122974545229	-0.00341590004973	-0.00318405102007
-3.30548946096	-63.7290072760	67.6821168713	-0.00384348072112	0.00180837372318	0.00740112084895
-12.0152524889	-67.6430203403	53.7034987846	-0.00649918010458	-0.00243088742718	-0.00206094444729
-2.44785825563	-66.5634919799	57.5589572148	-0.0022124981042	-0.00137152720708	0.000578780076467
8.10358964045	-67.9107264108	52.7474056756	0.00322577194311	-0.00233887229115	-0.00186566077173
-6.03701768855	-67.3376367259	54.7941545502	-0.00382282584906	-0.00202305358835	-0.000965193612501
-3.87065676336	-67.7052371546	53.4812958763	-0.00263151642866	-0.00232756929472	-0.00141567608807
-0.670887713	-65.8219326019	60.2073835646	-0.00127688015345	-0.000890643685125	0.00214460724965
-8.63358519514	-65.9840443451	59.6284130533	-0.00589065952227	-0.000781877315603	0.00109271157999
10.8442509525	-68.2492360604	51.5384426415	0.00436666375026	-0.00266553671099	-0.00260489061475
2.77235977662	-64.4185353452	65.2195166242	0.00151272455696	0.000910516828299	0.00578503683209
1.82117620067	-70.1157557788	44.8723007900	0.000203301402507	-0.00445930100977	-0.00474256137386
-5.14814955341	-66.7082777883	57.0418650419	-0.0036467469763	-0.00146298238542	0.000169424485648
3.48067480640	-64.8423294208	63.7059663542	0.00194046157412	0.000388952583307	0.00453438330442
2.74995404143	-69.3732214432	47.5242091313	0.00058310572058	-0.0037349187769	-0.00373325869441
6.73070995976	-67.4901469149	54.2494753039	0.00270740641281	-0.00196663988754	-0.00112629402429
4.79787961379	-68.4189053704	50.9324808199	0.00157291197684	-0.00283088069409	-0.00243064807728
-4.18866390390	-68.9666026397	48.9764191439	-0.00249352958053	-0.00347981462255	-0.00329447723925
2.11030591038	-65.1042352670	62.7705883320	0.000919719110243	-0.000139542040415	0.00401246082038
-7.66840167764	-67.2711968892	55.0314396813	-0.00464471802115	-0.00198089447804	-0.00100079947151
-8.35520787601	-66.6299801584	57.3214994344	-0.00531999161467	-0.00139466649853	-1.77742640517e-05
2.55596291188	-66.7639185464	56.8431480486	0.000734985398594	-0.00145075039472	0.000255969382124
-9.06189754106	-66.5941071353	57.4496173739	-0.00568921584636	-0.00136966805439	-5.14466410095e-05
7.61174887961	-66.1100285057	59.1784696226	0.00373726594262	-0.000666988140438	0.00116309022997
0.758332977625	-65.5418848561	61.2075540853	-0.000209374877159	-0.000697720854077	0.00284604984336
3.01206466438	-69.6074376933	46.6877225238	0.000691836816259	-0.00395218748599	-0.00405858363956
8.86786313322	-66.9149849496	56.3036251800	0.00397721026093	-0.00140715471935	-0.000376883312128
6.78661746780	-66.9558961831	56.1575136318	0.0029249927029	-0.00148071884178	-0.000262884685071
-2.12392910683	-64.9188120011	63.4328142819	-0.00264028459787	2.58765903709e-05	0.00454191816971
-8.13836914550	-65.7116455065	60.6012660482	-0.00583137338981	-0.000510925194249	0.00169687566813
-8.40933267322	-68.6720504087	50.0283913974	-0.00444755982608	-0.00330976815894	-0.00315279676579
8.43082552425	-66.0020994019	59.5639307075	0.00422155018896	-0.000539818487596	0.0012636113679
7.86231902340	-68.3362726686	51.2275976121	0.00299016549252	-0.00273387203924	-0.00247236806899
1.78142693571	-69.3316924933	47.6725268098	0.000166002675542	-0.00370966200717	-0.00367018277757
6.93890083806	-65.3791999849	61.7885714824	0.00377137539908	4.42493292212e-05	0.00270261638798
10.0357255298	-66.4913450077	57.8166249726	0.00476666586474	-0.000993382651359	0.000192130813957
7.00284108858	-67.0964303605	55.6556058553	0.0029791300185	-0.00160424713977	-0.000512186961714
8.57201603159	-65.0972530854	62.7955246950	0.00483645685017	0.000392525689676	0.00299469102174
5.64654105279	-68.0349857116	52.3036224587	0.00204058573581	-0.00247348356061	-0.00190077314619
4.62313751951	-68.0234555968	52.3448014401	0.00155820173677	-0.00247669871897	-0.00184199563228
-12.1284306241	-67.4017559105	54.5651574625	-0.00667568296194	-0.00219800742343	-0.00173041492235
11.9918302504	-67.5891653116	53.8958381728	0.00516162300482	-0.0020509052556	-0.00177564658225
-7.13291290635	-68.2375153059	51.5803024788	-0.00401342008263	-0.00286469631828	-0.00242624059319
8.70235359183	-68.8361402725	49.4423561695	0.00323518272489	-0.00320189632475	-0.00324368127622
-8.68113659829	-67.9702617000	52.5347796429	-0.00482138385996	-0.00265068165027	-0.00216604094021
-3.02913799174	-65.8719284715	60.0288268874	-0.00284811062738	-0.000812928250525	0.00196400680579
4.06483350117	-68.6460417875	50.1212793302	0.00120807776693	-0.00304601434618	-0.00273522804491
4.60729438374	-68.6766020416	50.0121355658	0.00144930859096	-0.00306810764596	-0.00279440172017
-0.891386710805	-70.1500579862	44.7497929064	-0.000917528057471	-0.00454534543678	-0.00481817079708
-0.537280025943	-66.9101014200	56.3210663571	-0.00103713176213	-0.00163796695415	-1.76442370048e-06
-1.94653683814	-69.8314491030	45.8876817749	-0.00139211595524	-0.00425615068525	-0.00441096769646
7.95676881127	-64.5598312148	64.7148885187	0.0048247394152	0.000976757379249	0.00422567361966
6.58351999759	-64.3816813173	65.3511381525	0.00409802841023	0.00116083491594	0.0049222544767
5.70820761536	-64.0867482131	66.4044706676	0.00369240809232	0.00150036963169	0.00578415067866
3.65683266182	-63.9676240347	66.8299141619	0.0022925385274	0.00160121137742	0.00666414387524
-7.69840438932	-65.3026585723	62.0619336705	-0.00589829264209	-9.30850364966e-05	0.00260991184041
-9.27417609467	-68.5713863357	50.3879059438	-0.00486668758094	-0.00324004609138	-0.00308626936749
-6.47161126031	-67.4912568331	54.2455113103	-0.00397277669981	-0.00216642324813	-0.00124414730817
2.28405979413	-69.2719612932	47.8858525243	0.000383389851777	-0.00364637910388	-0.00358909741044
-0.0702596692154	-66.7259258682	56.9788361850	-0.00078276428394	-0.00149156630505	0.000329792237608
4.92759658984	-68.2021277113	51.7066867453	0.00166946533136	-0.00263307266869	-0.00211857934482
-9.69592940509	-66.0692809150	59.3239967321	-0.00636940822005	-0.000879012222867	0.000754465523642
-6.21671831138	-66.7864247148	56.7627688758	-0.00416231667623	-0.00152890942991	-5.62747227377e-05
1.62476821053	-69.5995662138	46.7158349507	0.00010392448894	-0.00396527769044	-0.00403991527855
9.95776582880	-65.2252273001	62.3384739281	0.00550790131092	0.00027008089819	0.00247354782186
-11.9647110092	-66.2598780097	58.6432928225	-0.00735257938504	-0.00111772876699	-3.71481451111e-06
2.17192004085	-64.8959932397	63.5143098583	0.00100603932515	0.0001329947263	0.00460326205939
-3.13604053216	-66.4758239149	57.8720574468	-0.00264235911891	-0.00129208271392	0.000717734277714
8.17285314709	-66.5636038818	57.5585575650	0.00379676441662	-0.00108661444392	0.000286426424282
-11.8675793394	-66.7395121591	56.9303137176	-0.0069482466206	-0.00156025530305	-0.000725080026314
1.65989738665	-66.9335831475	56.2372030447	0.000205547446967	-0.00161352741998	-3.27644193021e-05
-2.93311846032	-68.9208436565	49.1398440839	-0.0019424938364	-0.00341028650291	-0.00317683303729
10.3939207728	-65.9331593880	59.8101450428	0.00527234049514	-0.000445874989964	0.00110190850683
-4.13014299232	-65.0485824375	62.9693484374	-0.00396880693734	7.53141212044e-05	0.00387166207656
-0.756533330905	-70.4255368436	43.7659398442	-0.000836756487843	-0.00481592770666	-0.00518735963851
2.45361821342	-67.2723868188	55.0271899328	0.000596078927629	-0.0018688919954	-0.000612099305727
5.96950322307	-65.3940620350	61.7354927323	0.0032228322234	-2.11978203879e-05	0.0028138672933
-0.60491765588	-69.6241376506	46.6280798194	-0.000843921094202	-0.00402807025239	-0.00409487169236
-3.84194669727	-70.0112712692	45.2454597527	-0.00216427957639	-0.00447843689471	-0.00472446810454
-4.77151898078	-66.5932865682	57.4525479708	-0.00350053841248	-0.0013659565011	0.000405124417739
2.47216316020	-67.0050945050	55.9818053392	0.000645398569759	-0.00164818041958	-0.000164044991834
-6.36288326904	-67.7121611340	53.4565673786	-0.00383630092256	-0.00236563454382	-0.00158008083235
-10.2287651260	-67.2914879567	54.9589715832	-0.00584773626179	-0.00204724119976	-0.00131984311156
-4.46612736358	-64.6450608487	64.4104969689	-0.00437209941447	0.000591115036514	0.00483950274065
-6.24105224095	-64.5719490412	64.6716105670	-0.00556221557781	0.000715074769687	0.00457890471444
-2.47544515898	-66.7711183136	56.8174345943	-0.00216420181096	-0.00153517583385	0.000198160516447
10.7258692170	-66.8155261459	56.6588351933	0.00493423547596	-0.00130289478693	-0.000429038744187
-1.35610286772	-69.4987028678	47.0760611865	-0.00117725250311	-0.0039229108952	-0.00393786327913
-5.62516009820	-64.3586005391	65.4335695032	-0.00529529154301	0.000971966132056	0.00525035196915
4.55268362643	-70.1621011161	44.7067817282	0.00132315419614	-0.00445976434276	-0.00483857933432
0.064954366343	-65.6720005002	60.7428553566	-0.000748929043766	-0.000806137104519	0.0025115988683
-1.58559311580	-67.7318842775	53.3861275803	-0.00148917071056	-0.0023236006964	-0.00137335737236
-8.90216228601	-67.0803123493	55.7131701811	-0.00533061334863	-0.00182277837303	-0.000829355092719
3.47258324065	-68.6278922373	50.1860991525	0.000941296108067	-0.00303661637008	-0.00269579747692
-2.42629858632	-68.4146906070	50.9475335466	-0.00179123796988	-0.00293686101213	-0.00242936657742
-3.38583725457	-68.5959576752	50.3001511600	-0.00220279488713	-0.00311898835935	-0.00272909319028
-0.205344404726	-65.0361482735	63.0137561659	-0.00101198384073	-0.000294293713523	0.00433747423813
4.39189960936	-67.5657195025	53.9795732055	0.00153659621719	-0.00207584747113	-0.00113083887845
6.05537686100	-69.4711285030	47.1745410608	0.00198332825676	-0.00379314669408	-0.00395780289546
-7.13113099211	-67.9011725048	52.7815267686	-0.00412955647334	-0.00255225482397	-0.00192756706383
7.60519982339	-67.9535944608	52.5943054972	0.00298017705791	-0.00238110171631	-0.00189323816448
-0.520073245045	-65.3934284966	61.7377553694	-0.00124008429702	-0.000629310612567	0.00325201358646
0.366233733845	-69.2081275427	48.1138302046	-0.000452957639936	-0.00361646991223	-0.00350422202609
-8.26057634041	-67.7294299775	53.3948929376	-0.00472404249012	-0.00241542374715	-0.0017677845899
-10.8849392055	-68.2951215915	51.3745657445	-0.0056920289062	-0.00302758952603	-0.00285626179539
8.58363384513	-67.8628288505	52.9184683912	0.00346517912112	-0.00229268800467	-0.00183207786176
8.60371355974	-67.5882383011	53.8991489246	0.0035715252161	-0.00203752540983	-0.00141857750714
-0.813641521581	-64.8410276361	63.7106155855	-0.00157021812629	1.13499879717e-06	0.00491672568023
7.01303933315	-64.1858146091	66.0506621102	0.00447630742565	0.0014084673021	0.0052328039892
-1.03890221124	-65.4109223964	61.6752771557	-0.00165296753403	-0.000614653865341	0.00319002266042
-6.85681698427	-66.9566868447	56.1546898402	-0.00439940206707	-0.00168500456493	-0.000407098210417
5.23332311257	-69.1027203431	48.4902844888	0.00167345418595	-0.00345624936745	-0.00341517850757
3.25946095509	-65.3907487278	61.7473259723	0.00161257095169	-0.000268267031061	0.00313356681727
2.67922662354	-66.6326502734	57.3119633092	0.000832765246741	-0.00134143896867	0.000491008919198
4.05477488628	-66.6308182020	57.3185064216	0.00160677952226	-0.0012826154707	0.000456901616417
-8.02254260234	-68.3761313160	51.0852453001	-0.00437191454694	-0.00301691773348	-0.00269853882492
0.838053698885	-67.5854507176	53.9091045801	-0.000267460360192	-0.00216343952343	-0.00110863673035
3.83255068874	-67.0522847679	55.8132686861	0.00136785255745	-0.00164694234263	-0.000274763355264
-10.3558501266	-68.8542124567	49.3778126547	-0.00524708954617	-0.00355309760198	-0.0035845390521
1.97126130576	-67.7822508769	53.2062468681	0.000298010825645	-0.00231021968648	-0.00141915259883
0.942944777774	-68.9906075751	48.8906872317	-0.000206886747037	-0.00340481405146	-0.00319428998046
11.6864240853	-67.0018149892	55.9935178958	0.00530252000317	-0.00148579012603	-0.0008483742713
6.43707551983	-69.6552776128	46.5168656687	0.00212307693437	-0.0039620809257	-0.00422703940421
3.58110482690	-64.5499271503	64.7502601775	0.0020767704118	0.000792845734395	0.00526775419712
4.05506402923	-63.7606614635	67.5690662019	0.00270678778179	0.00188459281344	0.00702886516228
-2.32041512932	-66.1063557952	59.1915864459	-0.00229884008877	-0.00102695578244	0.00148492027074
-0.850478208176	-68.2957804851	51.3722125532	-0.00106590206269	-0.0028044921346	-0.00221281102858
4.35726317984	-64.7246975817	64.1260800653	0.00254729087465	0.000628325855359	0.00465915119275
2.52982558349	-67.7556876000	53.3011157141	0.000578477804083	-0.00227704900317	-0.00138384813908
-1.82644611054	-66.5518105131	57.6006767391	-0.00185114238411	-0.00136838131584	0.000618847901933
-1.31540985364	-66.5593367170	57.5737974393	-0.00154489884153	-0.00137637741864	0.000616401026491
-7.87066746068	-66.0747234543	59.3045590919	-0.0054333768785	-0.000865689420607	0.00104381737765
-9.91632462773	-67.7947678189	53.1615435039	-0.00546311074868	-0.00251628435217	-0.00203298451379
0.301459265718	-67.8624488049	52.9198256969	-0.000534765422344	-0.00240773847327	-0.00154363969341
-0.27318406343	-67.6390853686	53.7175522550	-0.000834794947878	-0.0022266053129	-0.001202358515
-7.01883423758	-64.3067388940	65.6187896642	-0.00625566253439	0.00101797003299	0.00497109815478
-4.26915416679	-65.6029659439	60.9894073433	-0.0037502637133	-0.000498805136885	0.00248585874215
2.46920506885	-66.3019754426	58.4929448477	0.000789034122135	-0.00109350972343	0.00112160807475
-7.65833692460	-68.2371233517	51.5817023154	-0.00425389222801	-0.00287665519863	-0.00246721575968
-4.74400923968	-65.3292066192	61.9671192171	-0.00419250549749	-0.000194692722289	0.00307583855465
-5.45741496345	-64.5129360741	64.8823711641	-0.0050933281891	0.000781395006925	0.00492384145036
0.569756482301	-67.7239497612	53.4144651385	-0.000403551064664	-0.00228504417464	-0.00132736749947
8.38141101432	-65.2196141674	62.3585208306	0.00465552601963	0.000258632586338	0.00278535438702
1.7798102709	-68.1759326344	51.8002405913	0.000183365424164	-0.00265623629093	-0.00201515271328
11.7433812883	-66.0533426750	59.3809190178	0.00588296819478	-0.000567506824154	0.000673586328048
6.02987018562	-64.5684587929	64.6840757398	0.00366052356549	0.000919589656405	0.00464728474617
6.91381042034	-64.7914499494	63.8876787521	0.00407739868388	0.000690475280862	0.00396471051499
-4.93018600574	-65.8500305087	60.1070338976	-0.00398945994675	-0.000699881638866	0.00186668790411
-4.25448886789	-70.2192853700	44.5025522499	-0.00230363500305	-0.00469643203542	-0.00502507481724
0.410996879371	-64.3875840531	65.3300569531	-0.000472525687655	0.000782447983511	0.00622213445604
-3.51364499708	-67.0621045298	55.7781981078	-0.0026399018243	-0.001772017451	-0.000351923372364
6.50374774903	-64.6860655046	64.2640517694	0.00389043404721	0.000798218825366	0.00428143842146
-8.43082222697	-68.0878867542	52.1146901636	-0.00466103805229	-0.00275528547354	-0.00231553986669
0.530329172319	-69.6057595998	46.6937157151	-0.000361392536433	-0.0039895134978	-0.00405379850417
0.511528319884	-64.6846576790	64.2690797180	-0.000374739465769	0.000258037762251	0.0054000383243
-1.16487893505	-65.0430747238	62.9890188435	-0.00184438808355	-0.000247816875344	0.00427263602614
-9.84629008833	-66.4542730833	57.9490247025	-0.00616555241868	-0.00125023117289	6.68337379466e-05
-11.5754095208	-68.1401498199	51.9280363576	-0.00606790231541	-0.00290179043077	-0.00271456316113
-3.80175269355	-69.4478386224	47.2577192056	-0.0022375122644	-0.00392820779234	-0.00394992902875
-4.51067185758	-69.2559902708	47.9428918898	-0.00257916562259	-0.00376164913177	-0.00371614121832
0.124738541283	-67.9990468880	52.4319753999	-0.000616816803813	-0.00252849981189	-0.00175386911724
-10.7059841119	-66.5606950594	57.5689462164	-0.00651086028665	-0.00136880960781	-0.000248166645179
6.90106356661	-69.3839822806	47.4857775694	0.00235112430528	-0.00370906409808	-0.00388177926652
3.65090488253	-64.7002309291	64.2134609673	0.00208996864967	0.000595121644437	0.00486954953521
2.02880123426	-68.5299346975	50.5359475089	0.000286599475658	-0.00296797673218	-0.00253626704216
-4.71949397740	-63.8333795327	67.3093588117	-0.00494816945866	0.00164386397228	0.00676861405373
-0.175108048226	-63.8875821068	67.1157781902	-0.00101038592402	0.00161120248958	0.00745403626934
2.61026852560	-68.7480893015	49.7568239231	0.000542421068531	-0.00315755605698	-0.00285462639295
3.37365071214	-70.2706150312	44.3192320316	0.000843541289214	-0.00458400696516	-0.00496104825288
10.1989489970	-67.4338641546	54.4504851623	0.00438819266856	-0.00188967434224	-0.00133564439602
-4.26445655493	-64.0311455754	66.6030515163	-0.00449137669057	0.00139319524169	0.00642018439248
2.89656991375	-68.6271637997	50.1887007153	0.000679250108078	-0.00304352329113	-0.00268508959562
6.16701525315	-68.9913412724	48.8880668844	0.00209549372084	-0.00334695540369	-0.00330017297529
12.1843390755	-66.9349573787	56.2322950759	0.00557783292606	-0.00142681901343	-0.00081340118777
-12.1505770337	-66.6338294841	57.3077518427	-0.00715780630708	-0.00146732165013	-0.00061771646142
6.72699937742	-69.0122767821	48.8132972066	0.00233607180417	-0.0033642090857	-0.00335848820396
8.00313806480	-67.2782472383	55.0062598633	0.00340082193725	-0.00175560021307	-0.000884309003595
7.79287769821	-69.0383140383	48.7203070060	0.00279338960536	-0.00338777061552	-0.00345995137468
-11.0647649910	-66.0099427476	59.5359187585	-0.00710717542097	-0.000854646030348	0.000592961849179
9.18678698955	-65.3373529715	61.9380251018	0.00501803774387	0.000147978033056	0.00240633217618
7.24384651821	-69.0266074983	48.7621160775	0.00255793170072	-0.00337659567595	-0.00340851745568
-8.24492700537	-69.5294331047	46.9663103404	-0.00412754993886	-0.00413840124384	-0.00433029839769
2.34020407107	-68.8864359160	49.2627288715	0.000415678252466	-0.00328801735304	-0.00304875010625
10.3524231485	-66.2309319278	58.7466716864	0.00507179554552	-0.000739030831028	0.000590742158238
-1.33304026939	-67.4426955810	54.4189443535	-0.00140193430707	-0.00207617878914	-0.000908428046387
-3.77801249404	-69.2841790414	47.8422177093	-0.00225492753088	-0.00377099891193	-0.00372158526443
2.29886568878	-68.3915880830	51.0300425606	0.000418141222326	-0.00283967819996	-0.00233693886548
8.44041801885	-67.1811334802	55.3530947135	0.00365221919492	-0.00166065746453	-0.000767161720432
-2.98453251570	-69.2962249591	47.7991965746	-0.00190747529268	-0.00376446871087	-0.0037065281067
0.299978439624	-66.1787137714	58.9331651022	-0.000572532764636	-0.00110110640526	0.00137722981162
-6.48141872976	-66.2613504051	58.6380342674	-0.00458980211988	-0.0010482504731	0.000872080214322
8.69561691202	-69.4727192931	47.1688596675	0.00309102726169	-0.00379769573919	-0.00411997362971
-6.50101335860	-64.9436199716	63.3442143872	-0.00547193223611	0.000288701470708	0.0036538594868
10.5795288711	-67.3387467422	54.7901902065	0.00461037363857	-0.0018006117316	-0.00123186956625
10.4509287905	-66.3936896365	58.1653941554	0.00502758938819	-0.00089704542188	0.000300435407553
-2.41634943494	-65.6092976707	60.9667940331	-0.00257937214337	-0.00064556155121	0.00261229998432
-2.00573937387	-64.2891104820	65.6817482787	-0.00262921932153	0.00098355486989	0.00629476597533
-3.23291896830	-67.5368228223	54.0827756348	-0.0023578654509	-0.00217456975952	-0.00112099933904
-2.74856308214	-65.2573270542	62.2238319493	-0.00297020561993	-0.000292142969556	0.00350670982152
-2.15335393218	-65.4703413396	61.4630666444	-0.00246237986721	-0.000557375606149	0.0029807263054
-8.22474549552	-66.4915255524	57.8159801701	-0.00534029491246	-0.00126350449864	0.000238852691837
-3.34377223209	-65.0443127689	62.9845972541	-0.00346246291883	1.16134224299e-05	0.00400992622599
9.45278416013	-66.9533681042	56.1665424851	0.00424570962787	-0.00143809337169	-0.000500911148265
-1.91227472132	-65.3429647027	61.9179832048	-0.00234239082783	-0.000474331172882	0.00333950435743
5.28571509629	-69.3518974665	47.6003661910	0.0016694694059	-0.00368761341088	-0.0037620451767
3.89392282472	-64.2045009514	65.9839251735	0.0023855403997	0.00128851563204	0.00603763945401
2.52925324364	-65.4802075295	61.4278302520	0.00109830428846	-0.000447897939011	0.00295649422333
1.92018562612	-65.2380599488	62.2926430400	0.000745151715819	-0.00031391432276	0.003646671772
3.16723405317	-65.6717019243	60.7439216988	0.0014391632285	-0.000537662184797	0.0024553774856
6.97597593036	-65.0905568404	62.8194398559	0.00395001750439	0.000357062148396	0.00330885779113
-11.4679773752	-65.8964661195	59.9411924305	-0.00740651367232	-0.00075911130989	0.000698968127836
-8.74783525692	-65.2556070675	62.2299747590	-0.00651434576139	-5.26474068465e-05	0.00247974251397
8.13273443623	-67.6587406900	53.6473546784	0.00332321226597	-0.00210574665107	-0.0014876438072
9.25636070893	-67.1716851855	55.3868386233	0.00405146414414	-0.00164496456273	-0.000830064702313
8.90525298173	-69.2218237474	48.0649151878	0.00323177571408	-0.00356495031156	-0.00379333388992
-5.63989622958	-64.7391052164	64.0746242271	-0.00507902121171	0.000511011108756	0.00433253357187
6.60259957614	-64.1120630540	66.3140605216	0.00426016794518	0.00149360718206	0.00548876496032
-9.28085076143	-67.3355962657	54.8014419084	-0.00538033805788	-0.00206836033612	-0.00127369281836
-9.23108705377	-69.2593026135	47.9310620945	-0.00462679378688	-0.00390804326162	-0.00404039118439
-11.7857714496	-66.1485323463	59.0409559060	-0.00735456682742	-0.00100830884185	0.000212707716855
3.71076805431	-65.8822052663	59.9921240489	0.00168601959012	-0.000668684020638	0.00195320486091
-10.9636312212	-66.2468238465	58.6899148341	-0.00686776218936	-0.00107747560833	0.000217108419747
-3.55448396419	-67.4258953064	54.4789453345	-0.00255050789565	-0.00208177161403	-0.000957031094003
-9.83659326338	-68.0187328363	52.3616684419	-0.00533087644726	-0.00272750412114	-0.00235079601407
-6.76742935265	-66.0485778518	59.3979362435	-0.00487328879535	-0.000845173723064	0.00124719948508
0.831027387461	-69.7303789083	46.2486467560	-0.000227272743359	-0.00410356326029	-0.00422227662057
-2.09542404839	-68.7480661960	49.7569064430	-0.00159083656035	-0.00323433661833	-0.00290223746561
-3.85721931933	-68.0982638177	52.0776292225	-0.00252635660581	-0.00267603318207	-0.00201671873219
-3.26379607258	-68.3089276730	51.3252583107	-0.00220117345452	-0.00285573326983	-0.00230457726866
-1.63546178607	-64.4990764810	64.9318697105	-0.00230478541926	0.000620837032329	0.00580607028678
-3.42379730103	-64.3819404886	65.3502125408	-0.00373326707631	0.000901802268345	0.0057581034489
-11.1562630612	-65.6451203246	60.8388559836	-0.0074655325152	-0.000505585921928	0.0012022202136
5.56737169683	-66.6546341106	57.2334496049	0.00241391453892	-0.0012442212319	0.000339897698723
-9.55812817831	-69.1293929474	48.3950251878	-0.00480801099911	-0.00379257416353	-0.00389025895856
10.7375636273	-65.3435033179	61.9160595789	0.0058437208645	0.000147646394907	0.00209942576475
2.80586357274	-64.6912788402	64.2454327137	0.00150328618474	0.000512065540534	0.00506378430873
8.22592393942	-69.5085450346	47.0409105908	0.00288760638796	-0.0038274016697	-0.00413515232503
-3.44119652844	-70.2941893534	44.2350380235	-0.00195593014359	-0.00474912673235	-0.00509146787226
8.13069851166	-67.7887760824	53.1829425628	0.00327810668387	-0.00222594803199	-0.00168480817229
-2.94214975943	-67.2828859183	54.9896931489	-0.00227437750436	-0.00195604888722	-0.000697380339261
-1.15741101777	-68.1746975963	51.8046514417	-0.00122398987878	-0.00270222034305	-0.00203903228976
1.57720589542	-67.2590775300	55.0747231072	0.000132059707539	-0.00187816575635	-0.000582203851081
-1.12175134397	-70.3408820422	44.0682784206	-0.00099450640846	-0.00473948568106	-0.00508125359192
11.8044878456	-67.9585129599	52.5767394288	0.00491535058245	-0.00240114307962	-0.00229213899001
7.91469092209	-65.9957476523	59.5866155276	0.00395631464198	-0.000546637631487	0.00134145002812
8.01399262606	-64.4309803649	65.1750701254	0.00494046555832	0.00112450635061	0.0044795172289
0.777770232181	-67.1090690441	55.6104676997	-0.000294044759357	-0.00177350989543	-0.000331363786245
-1.64405831000	-69.6380852366	46.5782670122	-0.00128569849767	-0.00406245794147	-0.00413739774376
8.92848097025	-68.0610582112	52.2105063887	0.00355892255902	-0.00247695459984	-0.00215395959094
9.48029127253	-64.8005638593	63.8551290738	0.00554234255105	0.000717587885447	0.00339282210916
-9.39431188373	-68.3177676699	51.2936868931	-0.00501234363765	-0.00300029665232	-0.00273712794296
3.23342424555	-63.6891689995	67.8243964305	0.0020756283775	0.00196531252004	0.00743169151247
-8.11895758512	-67.9757864412	52.5150484242	-0.00456023402512	-0.00264250999317	-0.00212270230986
-6.41488238478	-69.9398689278	45.5004681151	-0.0032560902182	-0.0044830404222	-0.00476263929158
-10.7370614537	-68.0574114376	52.2235305799	-0.00572425825521	-0.00279223336838	-0.00250225909986
-8.41691459269	-68.9255384428	49.1230769901	-0.00437170267105	-0.00355408270843	-0.00350953708403
-2.38206028779	-67.5938880708	53.8789711757	-0.00191460747737	-0.00221509672701	-0.00117973063607
5.12471119105	-64.9030533833	63.4890950596	0.00296005606651	0.000469617021736	0.00407355837524
-1.48470690494	-68.7180444346	49.8641270192	-0.00131713517476	-0.00319575471804	-0.00284231523983
-4.78473653352	-66.1367010973	59.0832103668	-0.00374261150137	-0.00096560025122	0.00128284783568
-10.6634219280	-68.7109991147	49.8892888761	-0.0054334718734	-0.00342477113008	-0.00341630075127
7.68231311623	-67.7052744003	53.4811628559	0.00309412670322	-0.0021520848386	-0.00152439635713
-7.95491380607	-65.1873536644	62.4737369130	-0.00612919591367	2.71757980954e-05	0.00279666855931
4.32329132596	-69.3911661028	47.4601210613	0.00125591713004	-0.00373303680681	-0.00378590729088
-8.42528010889	-64.4936891099	64.9511103217	-0.00698377890512	0.000770479149651	0.00414482504129
10.1715527736	-65.0972958140	62.7953720929	0.00571398017928	0.000403065030696	0.00267162756063
-3.60760798410	-64.8000366387	63.8570120046	-0.00373479281552	0.000340571918059	0.00462046079338
9.04044190212	-66.5063452662	57.7630526206	0.00426185736433	-0.00101759494282	0.000289761985186
8.10952333593	-67.5220043288	54.1356988255	0.00336063187569	-0.00197961973026	-0.00127555651125
-11.8533649713	-67.7817285212	53.2081124243	-0.00635736295953	-0.00256134639494	-0.0022385912016
0.64245928738	-64.1348650415	66.2326248519	-0.000264459144091	0.00123074813746	0.00683821551502
-7.05308671807	-66.4221663974	58.0636914377	-0.00479030935094	-0.00119473866653	0.000508024299052
-4.68699415765	-68.7192456848	49.8598368400	-0.00276798941195	-0.00325933750719	-0.00296727358364
-1.16755249114	-64.6061550681	64.5494461853	-0.00189761281945	0.000408520223573	0.00557305989787
-7.41869031584	-66.5993406151	57.4309263748	-0.00487187458202	-0.00135958881583	0.000149052677443
0.175260631459	-69.4915039212	47.1017717100	-0.000519862689544	-0.0038869723212	-0.00390011677518
-6.35248956187	-67.1549046941	55.4467689498	-0.00405611470342	-0.00186122895684	-0.000692393805366
9.31848781605	-67.3060931059	54.9068103360	0.00402361201122	-0.00177071348298	-0.00104781799018
-11.0526235093	-68.5172112372	50.5813884384	-0.00567888608202	-0.00325031555258	-0.00318654952571
-1.54842262343	-67.5908283416	53.8898987800	-0.00149120157585	-0.00220308382995	-0.00115055881906
10.7673759273	-66.9726233045	56.0977739126	0.0048743118532	-0.00145306764171	-0.000684370752424
-7.90309209620	-69.6322770574	46.5990105094	-0.00395548017696	-0.00422800704837	-0.0044449865818
-7.56785042387	-67.8380151534	53.0070887378	-0.00435724342242	-0.00250233360566	-0.00186891842168
-9.90956745608	-66.5787014905	57.5046375338	-0.00611226866022	-0.0013694348745	-0.000150031526573
-1.13054963481	-66.0917738536	59.2436648087	-0.00153447571211	-0.00105003127828	0.00154294376262
11.3678800401	-65.6925491893	60.6694671811	0.00593129638582	-0.000207709977985	0.00135667843278
1.34078549482	-65.9324707727	59.8126043831	0.000150744366692	-0.00089934526477	0.00190165429376
1.87287232091	-68.9108270097	49.1756178225	0.00020661164308	-0.00331710791215	-0.00308071891777
-5.46590503593	-66.2074010699	58.8307104647	-0.0040786168538	-0.00101311656181	0.00108153920155
11.5145605273	-65.8165484781	60.2266125782	0.00592271750793	-0.000332094932673	0.00111541210208
12.0798798375	-66.6715461619	57.1730494217	0.00567349186167	-0.00117196887732	-0.000386471656384
-1.58023917316	-66.8771035295	56.4389159661	-0.00163280894049	-0.0016195793869	3.60065751011e-05
11.8982372617	-67.2025850612	55.2764819242	0.005301726982	-0.0016801180318	-0.00118471623864
1.13139758078	-63.7310454753	67.6748375883	0.000207037883229	0.00186951016076	0.00774961290881
8.28415796327	-65.7612463003	60.4241203562	0.00428103143349	-0.000303598091705	0.00173744047061
0.126940069006	-65.9436376681	59.7727226138	-0.000694332527928	-0.000959627504926	0.00187523337081
-1.07443031128	-69.6214632279	46.6376313289	-0.0010444157524	-0.00403476366773	-0.00410069338977
-10.3153584076	-66.3824521771	58.2055279389	-0.00644643511623	-0.00119131198153	0.000109458589577
-6.34229453136	-67.2701282561	55.0352562282	-0.00400090403855	-0.0019650363829	-0.000880009436514
-1.46397980266	-69.8429615646	45.8465658409	-0.00118730368558	-0.00425684731454	-0.00441364990547
-10.0934949219	-67.0035722644	55.9872419127	-0.00593927456066	-0.00177348742727	-0.000859290652443
-7.06861940641	-64.6093791042	64.5379317708	-0.0060529652983	0.00066804070957	0.00427313102409
-7.95559141103	-68.6414360845	50.1377282695	-0.00425505777821	-0.00326713779941	-0.00307230744511
5.11438953616	-65.3984141976	61.7199492943	0.0027322138194	-8.50651922519e-05	0.00291788275354
-2.66850761468	-68.7229751974	49.8465171520	-0.00185441062786	-0.00322200427763	-0.00288486480713
9.41280390271	-68.0035435541	52.4159158783	0.00380087061785	-0.00242380332202	-0.00211162492633
-10.7098064952	-67.6488797074	53.6825724737	-0.00589546887204	-0.00239852140658	-0.00190884654876
-11.0558036581	-67.2695225983	55.0374192919	-0.00624666223302	-0.00204501347616	-0.0013934308663
-0.731612089343	-64.7088404940	64.1827125213	-0.00150653184392	0.000208728277357	0.00531756831333
7.51338290323	-67.1156141669	55.5870922610	0.00322471139953	-0.00161265523639	-0.000582538777962
8.22512436648	-68.6722056988	50.0278367900	0.0030659341719	-0.00304677826352	-0.00297772721387
10.1117197665	-67.1424235915	55.4913443159	0.00447659008205	-0.00161422707606	-0.000874758174177
-2.77957377999	-64.2187304805	65.9331054267	-0.00327185564674	0.00111687066965	0.00631978595629
-8.35752302858	-66.2414951942	58.7089457349	-0.00556953856722	-0.00102765089832	0.000664932129439
-6.87518975851	-69.8661276890	45.7638296821	-0.00346544664353	-0.00442480621859	-0.00469181267545
5.83111483287	-63.9663824066	66.8343485478	0.00385224004276	0.00166137283668	0.00600623618811
7.52381209570	-69.2997126056	47.7867406942	0.00262837158516	-0.00363070773892	-0.00380339240655
-2.51293695736	-70.3486054988	44.0406946471	-0.00156601495109	-0.00477978028357	-0.00513096759096
0.172393339082	-67.4792481720	54.2883993856	-0.000613370852079	-0.00208594789729	-0.000943332677707
4.72245514601	-70.0323157898	45.1703007508	0.00139519269578	-0.00433263648301	-0.00466905254871
3.32074747061	-68.3662383361	51.1205773712	0.000896471610758	-0.00280201598071	-0.00231422460638
-3.04642221098	-69.4532376888	47.2384368259	-0.00191094202455	-0.00391567917541	-0.00392696401104
1.78805559293	-64.0653807523	66.4807830274	0.000750629988033	0.00138843164314	0.00686077913269
-0.144116461403	-68.3982923631	51.0060987034	-0.000725545396563	-0.00288429786451	-0.00235239462927
4.13313714505	-68.2668194460	51.4756448357	0.00128759036306	-0.00270153977908	-0.00218777079135
-3.36669235436	-66.1501494937	59.0351803795	-0.00291871186346	-0.00102312490344	0.00135054334532
2.23623625741	-70.0726454141	45.0262663783	0.000373318791389	-0.00441013276577	-0.00468512065709
5.30365000429	-69.4733991202	47.1664317137	0.00166608416475	-0.00380058144219	-0.00392970489338
-7.19969384621	-67.6389375383	53.7180802203	-0.00426209438592	-0.00231184717268	-0.00153433019295
-0.43068406838	-69.8734730870	45.7375961179	-0.000749470549636	-0.00426523666829	-0.00443331664428
-1.84260612545	-66.9822518131	56.0633863817	-0.00175715540536	-0.00170390564017	-0.000153725166456
0.75583318664	-66.0757969166	59.3007252979	-0.000264938309556	-0.00102109857835	0.00159260979854
-6.22445178858	-67.5929816059	53.8822085503	-0.00381421926431	-0.00225544394925	-0.00138475908898
9.96561762507	-69.0191100740	48.7888925928	0.00373743614182	-0.00338548445143	-0.00360161531717
7.35467336480	-68.336551765	51.2266008393	0.00275937141851	-0.00273558381014	-0.00243855337612
2.74741031536	-64.0378377880	66.5791507572	0.00155411870219	0.00147080712486	0.00673005403951
8.12542973298	-67.3961872833	54.5850454169	0.00341478572227	-0.00186324003153	-0.00108076946344
-3.48581548662	-64.0122452114	66.6705528166	-0.00388926477171	0.00142044003587	0.00666891317815
9.13519545887	-64.6849018322	64.2682077422	0.00542757799849	0.000842911249492	0.00369995995425
-8.70703139598	-68.1822157169	51.7778010109	-0.0047517279163	-0.00285156909376	-0.00247794622555
11.5879816980	-68.0894681537	52.1090423083	0.00476394966245	-0.00252302526496	-0.00245583499782
1.68488601943	-64.5056654482	64.9083376852	0.00064620107878	0.000668552762363	0.00576916290447
2.79084728818	-69.1121187547	48.4567187333	0.000607413239777	-0.00349052273668	-0.00337054417469
10.8299926009	-67.1278735511	55.5433087462	0.00482817646116	-0.00160116143525	-0.000935414107516
10.1752121859	-67.2920309404	54.9570323557	0.00443900981918	-0.0017556885723	-0.00111503107473
9.07546616334	-68.2900428639	51.3927040575	0.00355332181789	-0.00269140466116	-0.00249903323129
2.04804203042	-66.9624336649	56.1341654823	0.000418267474743	-0.00162583449855	-8.56416590977e-05
2.01347206667	-64.3462787085	65.4775760409	0.00092078227317	0.000958801654633	0.00612595397979
3.44175011111	-64.1860772135	66.0497242377	0.00205861707218	0.00129198830109	0.00620119366795
-2.06835309660	-67.7882134236	53.1849520586	-0.00172130262945	-0.00237825349905	-0.00147446303163
-0.210647147386	-66.8380834903	56.5782732490	-0.000856869213749	-0.00157848792151	0.000128608764498
1.63549490224	-67.0450410398	55.8391391436	0.000181186784175	-0.00170308444649	-0.000224011848331
3.98495838575	-69.8922901183	45.6703924348	0.00109512824565	-0.00420923903584	-0.00446227146313
3.04401746709	-69.0183596006	48.7915728549	0.000722478143871	-0.00340036209673	-0.00324231665581
-1.76281861298	-65.2321822472	62.3136348314	-0.0022713560611	-0.000387781183235	0.00366381974891
-12.1432485217	-67.5235659251	54.1301216962	-0.00661861617118	-0.00231772707775	-0.00190690520685
5.07951883203	-69.2209592756	48.0680025870	0.0015940022422	-0.00356738152914	-0.00357373198494
1.97110006164	-66.0817084706	59.2796126049	0.000534619553946	-0.000960073492024	0.0015758323716
-10.3412420335	-67.8442125023	52.9849553490	-0.00563647504896	-0.00257517839782	-0.0021514990367
-10.9953725444	-66.9187336386	56.2902370052	-0.00641709426418	-0.00171223387588	-0.000856396974996
-2.55977350670	-66.8784857191	56.4339795745	-0.0021801001858	-0.0016211415641	4.72558440379e-06
5.74618909272	-64.3413511176	65.4951745800	0.00358782615513	0.00118488864973	0.00521880900487
2.48255900317	-67.1302611005	55.5347817840	0.000631602597423	-0.0017504534917	-0.000376362237148
-0.702737578368	-65.0507260834	62.9616925592	-0.00144855561666	-0.000294628174743	0.00427650753409
5.40302156713	-67.8910848983	52.8175539347	0.00195733318105	-0.00234708562493	-0.00167332484853
9.98818767743	-67.9028186631	52.7756476317	0.00410207547247	-0.00233103940263	-0.00201727706008
-5.55382236833	-64.9509565851	63.3180121962	-0.00490007502958	0.000261124630924	0.00384277128614
6.15873392312	-68.7635362781	49.7016561495	0.00212989374995	-0.00313581037335	-0.0029802354984
-6.65706671192	-66.8060318615	56.6927433516	-0.00437553878874	-0.00154715788085	-0.000131155276904
7.15382648436	-66.4644983209	57.9125059967	0.00332376291044	-0.00101814931259	0.000560294196475
10.6245937750	-65.8002710053	60.2847464096	0.00547507358715	-0.000313111551804	0.00129864690825
-8.27784012833	-66.8927324048	56.3830985543	-0.00513088610023	-0.00163890910335	-0.000450772029581
8.00442049832	-69.1665418354	48.2623505878	0.00285836169496	-0.00350789399818	-0.00365175283514
0.0397219347906	-68.9447686933	49.0543975239	-0.000611032708548	-0.00337732513435	-0.00313731143251
6.91838457489	-68.6743423294	50.0202059664	0.00248500821181	-0.00304980250075	-0.00289505231194
-11.6521577795	-67.0685723576	55.7550987229	-0.00663891993463	-0.00186627276707	-0.00117951899301
7.27223721758	-64.8685163598	63.6124415720	0.0042425096035	0.000614184595179	0.003725604387
-10.0913386829	-68.9667744852	48.9758054099	-0.00509288907051	-0.00365324527957	-0.00371490675025
0.123257912654	-64.7622227024	63.9920617772	-0.000726571888663	0.000109315180453	0.00518380990252
1.29661327385	-68.2073880764	51.6878997271	-4.81988390675e-05	-0.00269177253358	-0.00206082221121
2.90159151937	-70.2389519078	44.4323146150	0.000650639936794	-0.0045610065572	-0.00491329235956
-12.2099948301	-67.2682736256	55.0418799086	-0.00678627286106	-0.00206981576048	-0.00155038910452
3.58857634692	-65.0000828021	63.1425614211	0.00196579331532	0.000204257303267	0.00410325126722
-9.28661155562	-67.9627196891	52.5617153960	-0.00510244024917	-0.00265900883824	-0.00221361522563
8.36894965183	-69.3848129506	47.4828108908	0.0029703557957	-0.0037131505087	-0.00397676229477
-7.72832104286	-65.6476444208	60.8298413542	-0.00565958954394	-0.000446425518021	0.0018963284092
3.96968261766	-66.3664386208	58.2627192115	0.00164869439323	-0.00106337387115	0.000954231480137
-2.35861772330	-66.3417552825	58.3508739909	-0.00223460514098	-0.00120225641876	0.00100627646316
2.07731616110	-66.3838227274	58.2006331163	0.000532139034476	-0.00117525144015	0.00096712767845
-6.72754644662	-68.8209636668	49.4965583328	-0.00365541619249	-0.0034041556064	-0.00323538389057
-9.42880466146	-66.5250215566	57.6963515835	-0.00591337494552	-0.00131002324633	1.21354696603e-05
-1.46858215546	-68.0476041204	52.2585567128	-0.00138873094693	-0.0025953266304	-0.00185520912055
6.40462410991	-66.6909657771	57.1036936531	0.00283665186726	-0.00124951405451	0.000219624082092
-4.54867420570	-67.5859031598	53.9074887151	-0.00300032249652	-0.00222984305583	-0.00126359367277
7.97159538582	-65.4458625098	61.5504910365	0.00429734680802	1.06943889477e-05	0.00240267184563
-4.22038378232	-65.3320470490	61.9569748249	-0.00387547537684	-0.000231146783335	0.00314159085974
-11.0777568499	-66.4769785230	57.8679338464	-0.006751046516	-0.00129800545983	-0.000178042973857
2.87510633801	-65.2639609705	62.2001393912	0.00140933156945	-0.000193054846022	0.00349607341923
-6.05661041042	-68.6952445682	49.9455551136	-0.00338963768445	-0.00326818879694	-0.003012270201
7.44419782853	-64.2552250131	65.8027678105	0.00470316270366	0.00132802024018	0.00498264748603
-6.75517781730	-64.1250435711	66.2677015318	-0.00622665788978	0.00123721337877	0.00546380085871
-9.33823379226	-66.2873781239	58.5450781290	-0.00603069923818	-0.00108256121166	0.000432976579759
-0.0660838468936	-67.2728879202	55.0254002849	-0.000748928345274	-0.00192007783335	-0.000610167742707
12.3004540329	-67.3255714212	54.8372449242	0.00543162925169	-0.00180308322888	-0.00142345065251
-6.70713843691	-67.1903605819	55.3201407789	-0.00421502161771	-0.00189613492694	-0.00078093277989
-1.18738606110	-63.7514662756	67.6019061585	-0.00195187912323	0.00180398323573	0.00772131280974
11.2466804613	-65.5773645250	61.0808409821	0.00594793446362	-9.16640638025e-05	0.00158128491603
3.66973722281	-66.2509524638	58.6751697722	0.00151787092909	-0.000983337988146	0.00119093735702
-1.87386001417	-65.1263903657	62.6914629796	-0.00239081471227	-0.000262437126366	0.00396251957864
-8.45528473321	-65.5990074159	61.0035449431	-0.00608441326767	-0.000400007178541	0.00185885454994
0.290840527078	-65.5659116415	61.1217441374	-0.000575813930482	-0.000738307193387	0.00278434250504
5.45837168212	-64.4243621228	65.1987067044	0.00336542981677	0.00107211584691	0.00510806730017
3.16050453528	-69.1542509523	48.3062465991	0.000767221674323	-0.00352501031011	-0.00343413255177
2.44840238505	-68.2742921238	51.4489567006	0.000495452666655	-0.00273274234496	-0.00216614082456
1.10154241871	-69.3911524680	47.4601697571	-0.000126141807414	-0.00377621967345	-0.00375362834893
3.72325624090	-70.1739988600	44.6642897858	0.000985572813079	-0.00448404951021	-0.0048367776908
1.77919041959	-68.6406372673	50.1405811884	0.000168896018295	-0.00307176378556	-0.00269491621293
-2.99856201258	-65.3912672716	61.7454740301	-0.00307345227338	-0.000397820316721	0.0031270890031
-2.61410270506	-65.1443566889	62.6272975397	-0.00292536290362	-0.000187401790754	0.00383299426176
-2.50869679362	-67.2788616557	55.0040655152	-0.00204848684371	-0.0019500835333	-0.00067470187787
-4.34250159530	-67.7340754043	53.3783021275	-0.00285470997915	-0.0023584892042	-0.00148456555326
7.21801076104	-69.6499035789	46.5360586467	0.00244695344009	-0.00395524920896	-0.00426224758849
-8.73307666448	-66.3756911362	58.2296745136	-0.00566852185875	-0.00115880183876	0.000371274742065
-0.77721228301	-69.7404153624	46.2128022770	-0.000907066569198	-0.00414331676438	-0.00425782520324
9.16686945697	-68.9829066982	48.9181903637	0.00340080959722	-0.00334285874851	-0.00348447798751
-11.7596638443	-68.0141663333	52.3779773809	-0.00620687194169	-0.00278540537693	-0.00255794706754
7.55480490675	-68.0712876845	52.1739725555	0.00292245787568	-0.00248982897028	-0.0020643256139
-9.3142364624	-67.0447370691	55.8402247533	-0.00554614886642	-0.00179683987517	-0.00082282256335
8.66006154275	-65.3371942958	61.9385918006	0.00473439693451	0.000140114410897	0.00250151567161
-1.64706296505	-69.3969004626	47.4396412050	-0.00131365982816	-0.00383182871155	-0.00380417983979
-6.85242256058	-67.7049010164	53.4824963699	-0.00407170737162	-0.0023666836787	-0.00160700583365
-3.86500542462	-70.2747182017	44.3045778512	-0.00213387189433	-0.0047410656698	-0.00508274277672
-4.37292398603	-66.0900077417	59.2499723511	-0.00353526230901	-0.000936970289331	0.00141072180122
-3.64199957324	-65.8744015763	60.0199943705	-0.00322265224531	-0.000781060021836	0.00192215747666
3.65960488159	-63.7067638973	67.7615575097	0.00242049037479	0.00194841448683	0.00727144628763
-6.32333694952	-67.3826266389	54.6334762895	-0.00394465588033	-0.0020663884934	-0.00105979922228
11.2535978636	-66.0110837093	59.5318438953	0.0056616528891	-0.000522934948094	0.000827058276627
-0.218699606497	-69.3953884882	47.4450411136	-0.000695923517924	-0.00380292534828	-0.00377239333466
6.73709799363	-67.7477660429	53.3294069895	0.00263159768656	-0.00220042467117	-0.00152570940554
-8.99466138196	-64.7136140464	64.1656641200	-0.00712324446067	0.000514425104484	0.00352200726047
0.155282699943	-63.5981584028	68.1494342756	-0.000694273330737	0.00204457924701	0.00813332106918
-6.21703137599	-65.0583669261	62.9344038353	-0.00522775622085	0.000156422509463	0.00345214782283
-2.18935492541	-67.3857401358	54.6223566580	-0.0018579311436	-0.00203710608184	-0.000839311513118
-5.48290922777	-65.8385395003	60.1480732133	-0.00430769706145	-0.000670115463436	0.00183126493357
1.78302193657	-69.4735657084	47.1658367558	0.000168636499438	-0.00384331308305	-0.00386651558802
9.78245189694	-64.9060491627	63.4783958474	0.00563649041578	0.000604671484325	0.00312040001154
-6.03933425954	-64.0000656558	66.7140512295	-0.00582417659461	0.00140525237657	0.00597442639992
11.1751283257	-68.2719458086	51.4573363979	0.0045078927651	-0.00269129383378	-0.00267167389393
-7.70544637537	-64.7351585606	64.0887194266	-0.00634143222123	0.000519181485288	0.0038251185324
3.03670350937	-64.5541778293	64.7350791810	0.00169034220744	0.000735623121727	0.00537805398926
-10.3702307814	-66.6315772946	57.3157953765	-0.00630024261773	-0.00142870109994	-0.000308011134621
4.94432753365	-65.8103398565	60.2487862267	0.00243822555058	-0.000507810444105	0.00202499399893
1.39452637136	-67.5581513984	54.0066021486	1.90495265997e-05	-0.002130351495	-0.00106521486305
-10.0057490004	-65.9969183339	59.5824345216	-0.00658189039677	-0.000815176812466	0.000824920192827
-1.01107194464	-68.7250216819	49.8392082789	-0.00110092980321	-0.00319377752021	-0.00284144701436
-8.71401369539	-65.4881811869	61.3993529038	-0.00630894722417	-0.000290601456072	0.00202491995879
3.70917551803	-64.4205389785	65.2123607910	0.00219549937174	0.000981556950137	0.00556071056053
10.7943584524	-68.1343654833	51.9486947025	0.00438573025167	-0.0025558876805	-0.0024350208696
-0.356682446408	-64.8041696398	63.8422512863	-0.00116290315054	3.90151508327e-05	0.00505240634084
-4.33449241940	-63.7678474760	67.5434018715	-0.00467998953536	0.00173676607665	0.00703627709299
1.32061707858	-68.4409068775	50.8539040090	-3.96544674004e-05	-0.00289888703264	-0.0024048066698
1.09671298364	-68.3424439203	51.2055574276	-0.000144025645568	-0.00281458208337	-0.00226077577099
6.55926116771	-69.2447969098	47.9828681793	0.00222629238851	-0.0035808137618	-0.00367168500088
0.48630513787	-68.4810566512	50.7105119601	-0.000427596416557	-0.00294812093489	-0.00246679363772
0.400695121912	-67.3552432232	54.7312742029	-0.000496894354001	-0.00197980506346	-0.000741071475204
1.90579801225	-63.5794515250	68.2162445537	0.000950397341512	0.00209598033689	0.00799129437655
3.96620232108	-66.9488959730	56.1825143823	0.00146547157783	-0.0015551034594	-0.000102493511804
-7.74891964992	-65.0748698204	62.8754649273	-0.00610006181523	0.000148015111336	0.00308074243367
2.60239236090	-64.9234568471	63.4162255462	0.00131715775933	0.000162886470207	0.00446254806593
2.42897485139	-64.6965863292	64.2264773959	0.00122492166702	0.0004560345551	0.00512036401778
-0.431849580853	-67.3955454261	54.5873377641	-0.000934995245188	-0.00202577491291	-0.000815337349195
1.35278812231	-64.9212193299	63.4242166788	0.000353687355528	-2.52640802501e-05	0.0046285353601
3.14793860281	-66.5895916389	57.4657441469	0.00111115258187	-0.00128727161791	0.000560243090149
4.47368354592	-66.6052545293	57.4098052524	0.00184510624968	-0.00124332017731	0.000486390170408
1.31050717162	-65.2646521194	62.1976710022	0.000270195334451	-0.000428607745562	0.00360628915951
-2.23554529847	-68.3189292583	51.2895383634	-0.0017167837359	-0.00284760026261	-0.00228223646991
8.40358837898	-68.0992751888	52.0740171827	0.00330562749878	-0.00251283915713	-0.00216756225564
-4.46244943485	-66.4552741899	57.9454493218	-0.0033983157482	-0.0012510844972	0.000683703867253
-3.11090988557	-68.6983056537	49.9346226654	-0.00205923523754	-0.00320776668377	-0.00286570796743
-2.46992876428	-68.9597984394	49.0007198592	-0.0017299404135	-0.00343726482242	-0.00321585778147
-3.76615726052	-68.9537768184	49.0222256484	-0.00230820616707	-0.00345847685821	-0.00325712282211
-6.02791854413	-70.0123847349	45.2414830897	-0.00307916617021	-0.0045428792946	-0.00483766943216
11.5513243727	-67.4072831804	54.5454172130	0.00503861531615	-0.00187203974929	-0.00145034654997
-6.31954314536	-66.1344961420	59.0910852073	-0.00458123208955	-0.000931665068492	0.00113439699635
6.93862525321	-67.6241735873	53.7708086169	0.00276537565514	-0.00208558398299	-0.00134851585608
-8.09394461475	-67.2726974873	55.0260804026	-0.00484802154824	-0.00198846799321	-0.00104600330815
-4.72347128117	-64.4364174966	65.1556517980	-0.00464054523036	0.000866304093506	0.00530054746196
-4.49956571794	-64.5380481222	64.7926852777	-0.00444168876857	0.000729685591068	0.00510217808187
-7.06456111834	-67.0911206982	55.6745689351	-0.00443652365357	-0.00180903577711	-0.000650669855531
4.47987309918	-67.9167559618	52.7258715650	0.00150929123629	-0.0023837951012	-0.00167621299624
7.35950802268	-64.9814985067	63.2089339047	0.00422816770151	0.000490740290843	0.00346860825084
-8.98195697031	-69.3671932439	47.5457384145	-0.00448800064623	-0.00400507356972	-0.00416738493368
4.72997570242	-67.8152960934	53.0882282377	0.00164992571808	-0.00228969939053	-0.00153049407527
4.42346045521	-63.8146597166	67.3762152979	0.00295806094073	0.00182168767788	0.00679077766836
-4.65143960319	-70.1733292009	44.6666814255	-0.00247582932934	-0.00466181850061	-0.00498165003955
9.98560776758	-66.9989901149	56.0036067323	0.00448313960806	-0.00147862057202	-0.000633405288681
4.09952194034	-69.6467427094	46.5473474665	0.00114895950537	-0.00397526565939	-0.00413108151406
6.50435438255	-65.4510311661	61.5320315496	0.00349241355434	-5.15018618898e-05	0.00261556869373
-6.70462554092	-64.8293657561	63.7522651567	-0.00567209208384	0.000418882176746	0.00386721175164
4.25944150221	-64.8987579562	63.5044358707	0.00242718425579	0.000402014615247	0.00424669962376
-3.07777901055	-69.5959543843	46.7287343416	-0.00190346257295	-0.00405366858467	-0.00412526912987
-7.58590840866	-64.9529293540	63.3109665929	-0.00610040267929	0.000280779786408	0.00338124111295
9.20484650826	-68.7959804033	49.5857842739	0.00346572231501	-0.00316729606129	-0.00322736357339
10.1824987912	-66.0707138488	59.3188791114	0.00508055882528	-0.000582821317948	0.000893179152627
-3.95501364251	-67.0898680892	55.6790425386	-0.0028628623113	-0.00179589213803	-0.000420882599428
-8.19767472883	-65.9823890140	59.6343249501	-0.00566672813147	-0.000777368666604	0.00116708164569
-10.5792754846	-67.0386297506	55.8620366049	-0.00614948198199	-0.0018165493384	-0.00098035892006
-10.9805436648	-66.7879135242	56.7574516993	-0.00649146130309	-0.00158888555598	-0.000652156188153
-3.31185921509	-67.6694744308	53.6090198900	-0.00236431742087	-0.00229013664648	-0.00133425858803
-0.396449032919	-67.1756570623	55.3726533488	-0.000934145529754	-0.00184618518688	-0.000452807784313
-0.487792570055	-64.0946003008	66.3764274971	-0.00129673397169	0.00127708166838	0.00695299031213
-3.69305947713	-66.0993301552	59.2166780172	-0.0031363631133	-0.000969226995949	0.0014374506427
-10.897876751	-65.7380327878	60.5070257580	-0.00725048640743	-0.00058733363403	0.00109733047429
8.34841891768	-64.6330359723	64.4534429562	0.00500749005005	0.000897594843991	0.00398500543088
-5.55860521753	-66.4877809178	57.8293538648	-0.00397420441732	-0.00126424990594	0.000538480759133
-8.62392281831	-67.7630978981	53.2746503638	-0.00487920921296	-0.00245473883115	-0.00185322819743
-4.25258476350	-65.9997600901	59.5722853923	-0.0035151746124	-0.000862115237396	0.00160784064792
1.92473540351	-69.7045323999	46.3409557146	0.000233526923694	-0.00406059250236	-0.00418402208015
2.47553368619	-66.8851767913	56.4100828882	0.000667400250677	-0.00155085558072	4.32082852058e-05
0.357426697436	-64.0452791055	66.5525746232	-0.000522456073668	0.00137050449848	0.00707035744563
1.00672514566	-67.2260733670	55.1925951180	-0.000172270956682	-0.00186323269736	-0.000526530609932
-3.45845641089	-65.4033657869	61.7022650468	-0.00336377881467	-0.000365487736417	0.00305231846869
8.85302107425	-67.1319691163	55.5286817276	0.00387343391776	-0.00161076686345	-0.000726998550817
-0.063724842989	-64.0169446901	66.6537689638	-0.000908311048988	0.0014085524017	0.00714771216735
-11.3692691137	-67.7975353120	53.1516596000	-0.00612856633961	-0.0025610444136	-0.0022021564655
-3.32512311677	-66.9410212239	56.2106384862	-0.00257900357246	-0.00167082122061	-0.000135025489726
9.23363000058	-69.3086014776	47.7549947230	0.00335232797079	-0.00364957912825	-0.00393765373155
-7.51606288197	-69.7339944440	46.2357341286	-0.00376637675799	-0.00431532366201	-0.00455567706376
-2.97590040120	-64.5063723437	64.9058130581	-0.00336906081066	0.000700886768755	0.0055346628651
-3.75096445404	-65.0865081246	62.8338995552	-0.00370920239948	6.61456624584e-07	0.00383475609124
-8.07917256175	-69.4009649939	47.4251250217	-0.00409020809457	-0.00400604540482	-0.0041413558647
0.383585129655	-68.0742309926	52.1634607407	-0.000488148856675	-0.00258977408521	-0.00186516658869
-1.59070239658	-70.0596619565	45.0726358695	-0.00121738272719	-0.00447153439745	-0.0047121620737
0.577120580413	-69.8479987718	45.8285758151	-0.00032777938759	-0.00422141095623	-0.00438506715
1.49154820301	-68.8219199664	49.4931429772	3.64465340681e-05	-0.00324120256118	-0.00295382691547
4.39509385710	-66.0935836233	59.2372013452	0.00199782685377	-0.000803566421382	0.00147307035513
4.0210814784	-64.3348036619	65.5185583505	0.00243689585477	0.00111843820196	0.00569128617644
-3.65986238957	-65.6214842250	60.9232706250	-0.00337128248066	-0.000556204875465	0.00249953847378
7.30328869051	-67.6329519435	53.7394573445	0.00293728103861	-0.00208938424475	-0.00138654501643
-6.74087892646	-66.3464796284	58.3340013271	-0.00467435037717	-0.0011254810961	0.000682990183122
-7.29949205049	-68.0063756935	52.4058010947	-0.00416981708258	-0.00265310402028	-0.00209845695645
9.94708943514	-68.1742366975	51.8062975090	0.00398638797924	-0.00258658500388	-0.00240918784402
-1.06222795667	-67.0868487299	55.6898259648	-0.00130822160281	-0.00178253056947	-0.00031437954749
5.95867243367	-65.7662371532	60.4062958816	0.00302792922594	-0.000400963064749	0.00202094204724
3.79388046466	-64.0898814048	66.3932806970	0.00235031964257	0.00144007988274	0.00633764499798
-11.3555990324	-66.7125237098	57.0267010364	-0.00672068027779	-0.00152550602797	-0.000596411002334
10.5217217240	-67.8263390225	53.0487892053	0.00437784055248	-0.00226174131967	-0.00195822236128
5.07722181481	-65.2099700842	62.3929639851	0.00279816356488	0.000114512040454	0.00335829588585
10.8361563275	-67.2517269312	55.1009752458	0.00477231759578	-0.0017189735081	-0.00112780963536
2.47547122049	-65.6894806616	60.6804262085	0.000985653256066	-0.000627135799732	0.00244234781712
7.59768405004	-64.4918855153	64.9575517310	0.00465317396447	0.00105055747554	0.0044504548423
-1.46818070469	-65.1522813964	62.5989950130	-0.00206656102091	-0.000340267812135	0.0039200913161
-1.91892168304	-65.0237951142	63.0578745923	-0.00245574582368	-0.000135704671266	0.00425976980478
-9.43147090401	-66.9420274090	56.2070449680	-0.00565904611722	-0.0017027866561	-0.000673809554428
5.14910470927	-64.7618147663	63.9935186919	0.00303258281201	0.000640841026325	0.00440197810531
-0.906242097517	-64.9543566169	63.3058692254	-0.00163862854242	-0.0001561504032	0.00456345872954
4.56880393479	-69.9121505396	45.5994623584	0.00133558898233	-0.00422020629048	-0.00450301496312
-3.34134047973	-67.2915140741	54.9588783068	-0.00247944169678	-0.00196551065892	-0.000728207698558
5.50551094376	-68.1883360657	51.7559426225	0.00194188486785	-0.00261387298815	-0.00212176539935
7.93802424522	-68.1273298327	51.9738220260	0.00308316922747	-0.0025399827864	-0.00217375159264
6.47091377368	-66.0810195404	59.2820730701	0.00314919929951	-0.000680500175804	0.00133842113428
8.66467822229	-66.3835395614	58.2016444237	0.00413600867614	-0.000905763008632	0.000546747643966
-6.81907823879	-68.3329397607	51.2395008548	-0.00383913819678	-0.00294664711691	-0.00254202168435
-8.10564737155	-66.3757758196	58.2293720729	-0.00535391503945	-0.00115351181012	0.000459394883364
-6.26629561355	-68.7810446835	49.6391261305	-0.00346081727184	-0.0033543119207	-0.00314795365557
3.19696360742	-69.4574126339	47.2235263075	0.000772714673076	-0.00380819733255	-0.00385486171581
2.88255157750	-67.0422119314	55.8492431023	0.00086191680748	-0.00166668195743	-0.000234208651818
-7.31261133814	-67.3957136429	54.5867369896	-0.00441760709509	-0.00209035607986	-0.001164904912
-3.06819481632	-66.5815034818	57.4946304223	-0.0025630146265	-0.00137820921373	0.000521860609297
-12.2998494514	-67.1522075708	55.4564015327	-0.00689430953935	-0.00195914437063	-0.00139743613545
7.77720570747	-65.0111754043	63.1029449848	0.00444677006453	0.000469578022603	0.0033250967972
10.3774009484	-68.0786769174	52.1475824378	0.00421612523496	-0.00249935127795	-0.00231240410358
-0.867402356302	-66.9874131471	56.0449530460	-0.00121392530855	-0.00170177186374	-0.00014092757192
-10.1388948472	-68.2082918562	51.6846719420	-0.00539092486724	-0.00291839870624	-0.00265437411144
-10.2531939835	-68.6046425938	50.2691335937	-0.0052905222401	-0.00330565799959	-0.00322645739652
6.66202300389	-66.2978430660	58.5077033357	0.00314581929706	-0.00087801850168	0.000909180904273
-5.82094769658	-64.5953591146	64.5880031621	-0.0052799936384	0.000685142818838	0.00463231932372
2.98732779314	-65.4763260049	61.4416928398	0.00140307180118	-0.000384719663998	0.00293888617307
-1.74993392539	-68.3398817717	51.2147079581	-0.00148542562965	-0.00285838288255	-0.00229890318587
-10.2427457376	-68.0899110165	52.1074606554	-0.00548620475456	-0.00280784047209	-0.00249568093568
-1.05836866028	-68.4218248542	50.9220540922	-0.00115177070256	-0.00292032375	-0.0024026632309
9.55390768190	-68.2868724656	51.4040269086	0.00377075350843	-0.00269040442072	-0.00253567029722
-3.11878201105	-68.5141189176	50.5924324373	-0.00209524063393	-0.00303919916041	-0.00259962584823
-2.67037282582	-68.5195915283	50.5728873990	-0.00188759621233	-0.00303609855473	-0.00259095150977
-2.21749075387	-68.5228425724	50.5612765271	-0.00167805503588	-0.00303103798069	-0.00258064293303
11.5035068695	-66.7808117315	56.7828152448	0.00533133745193	-0.00127232365776	-0.000476986373542
-0.527175391127	-64.3340960166	65.5210856550	-0.00133066810668	0.000865207868628	0.00635852385312
8.70856065728	-65.7473837883	60.4736293276	0.00451219640672	-0.000280050939182	0.00170156091917
8.35824520853	-68.7827055002	49.6331946420	0.00309742544778	-0.00315042142756	-0.00314298295416
-0.149953847983	-66.0755476037	59.3016157009	-0.000878171529621	-0.001043686294	0.00158833852038
-2.30791126507	-67.1864668336	55.3340470227	-0.00196383730508	-0.00187217292842	-0.0005144518218
-9.60927893814	-68.4522787130	50.8132903106	-0.00505908858031	-0.00313618173823	-0.00294907111675
0.746204259839	-68.5575092067	50.4374671190	-0.000305322377244	-0.00301267835312	-0.00257615162991
11.9365190744	-67.8514595166	52.9590731551	0.00502069480717	-0.00230082962662	-0.00215276097879
9.76549234551	-67.4972142130	54.2242349536	0.00415663514286	-0.00194906105753	-0.00138747435994
-7.09098334405	-66.1743400669	58.9487854754	-0.00496290670708	-0.000962201564107	0.000963673403021
10.9866919132	-67.7793601288	53.2165709686	0.00461193919182	-0.00222078803927	-0.0019386758795
-0.205978301606	-65.2724290443	62.1698962702	-0.000993799068965	-0.000540212960914	0.00361028616317
5.74130368345	-66.5183164785	57.7202982912	0.00256075547077	-0.00111551035661	0.000574757461436
2.07073714626	-67.2164655335	55.2269088090	0.00039963942254	-0.00183182104956	-0.000515275576618
-0.779796347856	-68.7987013556	49.5760665870	-0.000989479129203	-0.00325712934136	-0.00294236675836
0.201725010164	-64.6242922564	64.4846705129	-0.000658373930492	0.000348409899743	0.00558596849442
-12.2935789620	-66.7449348734	56.9109468808	-0.00714845908806	-0.00157269474585	-0.0008083966095
-7.78840604647	-66.2910133688	58.5320951114	-0.00524765439332	-0.00107194425073	0.000655151088722
5.92407468306	-69.3527769814	47.5972250666	0.00194116274361	-0.00368401408195	-0.00378942140378
6.90720540277	-65.2364822441	62.2982776995	0.00383165944368	0.000195249507669	0.00300939823501
9.08653615791	-67.6577043824	53.6510557773	0.00377357611433	-0.00210032518953	-0.00156681030057
-1.17530923660	-70.4409291804	43.7109672128	-0.00100673153065	-0.00484060076997	-0.00521735381335
-9.02501610565	-66.4751920489	57.8743141111	-0.00574769964442	-0.00125676160678	0.000156243055244
-4.15868401295	-68.2446352153	51.5548742311	-0.00263408897445	-0.00281288707629	-0.00224957591854
-12.0613736272	-66.3655331957	58.2659528723	-0.00731606734917	-0.00121824024245	-0.000190080303582
9.76329445813	-68.4086496625	50.9691083483	0.0038262559101	-0.00280640879646	-0.00272862520069
1.02682426057	-70.0655878758	45.0514718723	-0.000127818610054	-0.00442457478493	-0.00467721512541
-9.45030620712	-67.8189322402	53.0752419993	-0.00523793697357	-0.00252706371248	-0.00201921653934
-9.86503096829	-67.9002836258	52.7847013365	-0.00539373606443	-0.00261532817967	-0.00218173768371
0.302707901554	-64.4990575298	64.9319373937	-0.000569032272324	0.000576917023864	0.00593128148466
-9.63962582503	-64.8490147655	63.6820901233	-0.00737104332075	0.00035039379145	0.00307061523199
1.79496531470	-70.4166046612	43.7978404958	0.000204589989153	-0.00475592119619	-0.00514736492187
-4.04699132604	-69.1875275677	48.1874015441	-0.00238945079036	-0.00368532119319	-0.00359857827425
7.78548462076	-69.5330391668	46.9534315471	0.00269951205701	-0.00384793733247	-0.00413891347125
-8.89083861538	-68.6824599693	49.9912143953	-0.00465824780986	-0.00333472061902	-0.00320865097456
2.45385021502	-64.3585236708	65.4338440327	0.0012732812902	0.000975009170361	0.00600676285103
0.971969128095	-63.6184962502	68.0767991065	7.56364752306e-05	0.00202806782909	0.00803220644593
10.6606757374	-66.6755418579	57.1587790789	0.00497615570202	-0.00116865045857	-0.000194327396457
-0.0288430102531	-68.1209345991	51.9966621460	-0.000685728911776	-0.00263720634393	-0.00193946610671
1.73044931908	-67.1550568660	55.4462254785	0.000222926653805	-0.00178970221896	-0.000410232372815
-2.08626469572	-64.4101724833	65.2493839881	-0.00268584187143	0.000793918850832	0.00596703542396
2.96218345935	-64.8158294789	63.8006090039	0.00159296824131	0.000358410266927	0.00469891447574
1.70680552118	-64.8513791147	63.6736460188	0.000649188586976	0.000124812038848	0.00479526352137
3.82086693381	-67.5592029105	54.0028467481	0.00125253957231	-0.00208182935603	-0.00110276730265
2.09349428605	-64.7684985130	63.9696481680	0.000961924961302	0.00030298467027	0.00497783534229
-2.14742076432	-68.8808484668	49.2826840472	-0.00159656652249	-0.00335770845413	-0.00309350015596
-3.43562460401	-68.8810631405	49.2819173553	-0.00217379606329	-0.00338353542611	-0.00313993846066
-6.60027596892	-67.9227965424	52.7042980629	-0.00387335172854	-0.00256224535406	-0.00191878795158
3.22055946480	-65.0707583283	62.8901488275	0.00170307536609	7.13162080501e-05	0.00397122837603
-8.73233112434	-66.6491644705	57.2529840339	-0.00549368560314	-0.00141701335087	-9.95870359475e-05
-4.63344906665	-64.1058180741	66.3363640210	-0.00473390705884	0.0012936902931	0.0061370250769
-7.95433308693	-67.8618870431	52.9218319890	-0.00452803587541	-0.00253246817738	-0.00193858298007
-1.69290555342	-66.0935840292	59.2371998956	-0.00190277863294	-0.00103817228228	0.00152862176765
3.11298689231	-70.3452095983	44.0528228633	0.000738447997719	-0.00466169696301	-0.00505788158625
-9.74898920936	-66.9229263120	56.2752631713	-0.00582157354802	-0.00169084558729	-0.000685345381498
-4.12700911998	-67.6055746429	53.8372334182	-0.00278601003811	-0.00224287505262	-0.00127195648383
6.93678742622	-65.4967463065	61.3687631910	0.00370614277199	-7.89060286479e-05	0.00245766434819
-11.5164839048	-66.5233655649	57.7022658398	-0.00693082297221	-0.00135156570468	-0.00033098863787
-9.29444571210	-69.0255204995	48.7659982159	-0.00472549535334	-0.00368114095181	-0.00372319715098
-2.86545352374	-66.9532296766	56.1670368692	-0.0023260046728	-0.00168160675094	-0.000137065770105
-4.39553674049	-64.7775365425	63.9373694910	-0.00426627928391	0.000420496013248	0.0045176083222
-9.05735905282	-65.0598637552	62.9290580170	-0.00685069337487	0.000145565572893	0.00280023994856
-1.78504282023	-63.7840426186	67.4855620764	-0.00249320687726	0.00175058143213	0.00756957940757
5.00952122971	-65.3165360151	62.0123713746	0.00270961131901	-6.81358051224e-06	0.00311971153133
-7.95983207710	-66.1803866947	58.9271903761	-0.00540795084089	-0.000967221159954	0.000834178645164
-2.75774887448	-69.5168139143	47.0113788773	-0.00177755730692	-0.00397012662143	-0.00400445936248
7.38141399410	-69.7623095934	46.1346085951	0.0025001920294	-0.00405977247283	-0.00442362390459
2.21457973235	-69.0007114651	48.8546019102	0.000356901640771	-0.00339508568868	-0.00320923770778
-3.18560249884	-64.9145837875	63.4479150446	-0.00340659078211	0.000155110930791	0.00438856752589
-1.39385970867	-66.2232412337	58.7741384511	-0.00167242530733	-0.00113452062942	0.00126704084687
-9.79615584604	-66.2014166941	58.8520832354	-0.00632121786475	-0.00100798718631	0.000505874340888
3.88627413213	-66.7617643687	56.8508415405	0.00147441925947	-0.00139975221828	0.000227383789024
-0.890744749057	-64.3597688927	65.4293968117	-0.00165899097919	0.000825961644296	0.00626655947417
7.03776723151	-66.3450942848	58.3389489827	0.00332012213767	-0.0009095868445	0.000787445402239
4.23120515000	-66.8658981223	56.4789352775	0.00163051695563	-0.00147567631211	3.19198006764e-05
-5.69266795626	-64.0755160471	66.4445855459	-0.0055218571797	0.00132035836577	0.00590354530141
8.87547469502	-67.3698095232	54.6792517028	0.00378518155776	-0.00183268345427	-0.00110503553879
2.01775209644	-68.0406389498	52.2834323223	0.000304445391521	-0.00253351475112	-0.00181387888733
5.71468497563	-69.9983720619	45.2915283504	0.00180036504753	-0.00428861565888	-0.0046572079882
0.717521493356	-68.3525763146	51.1693703049	-0.000322439882439	-0.00282965647057	-0.00227712653577
0.473108966084	-68.2782790485	51.4347176839	-0.000439546303824	-0.00276766531169	-0.00216909963638
0.109918892652	-68.2687207691	51.4688543962	-0.000612285803072	-0.0027650562115	-0.00215827650391
-9.06212639662	-68.4335174502	50.8802948206	-0.00482047116384	-0.00310103665106	-0.00287135038525
3.77882741017	-70.2899833896	44.2500593229	0.00100814842153	-0.00459622172639	-0.00499320449308
1.67980887834	-67.9112047235	52.7456974160	0.000146328704432	-0.00242660776712	-0.00161555455998
-1.40716314914	-66.7668733948	56.8325950187	-0.00155636342242	-0.00153333344497	0.000235399682424
8.79990253985	-64.5894628043	64.6090614134	0.00529991602525	0.00094770808937	0.00396928843111
6.18040300011	-64.4236833063	65.2011310488	0.00382438255474	0.00109882967081	0.00492948852479
-8.72097749609	-65.1216818031	62.7082792746	-0.00661007175222	8.73652825248e-05	0.00275664101355
1.09218938684	-68.5635463703	50.4159058204	-0.000145702506416	-0.00301263877191	-0.00258344202302
-3.05082871114	-67.0596117818	55.7871007792	-0.0023943069391	-0.00176954211202	-0.000327410409227
-4.31085482976	-67.1696389409	55.3941466397	-0.00301944673993	-0.00186503329314	-0.000574393838178
-11.2375426826	-66.3507712122	58.3186742422	-0.00692317821085	-0.00118278816808	-4.64593813376e-06
-6.02003347966	-64.1314940149	66.2446642327	-0.00571424374357	0.0012459467398	0.00567374192178
-5.67699254100	-66.5997610562	57.4294247994	-0.003978271503	-0.00136328849476	0.000322919600876
7.22102269890	-68.0020404900	52.4212839644	0.00278697209433	-0.00242820195854	-0.00193945725914
-10.7007265402	-66.1243969737	59.1271536654	-0.00683230301365	-0.000954117451329	0.000472124811495
10.4062366146	-65.4918045250	61.3864124105	0.00556514132768	-2.81090137833e-06	0.00189217797015
-1.20037400967	-67.6822859943	53.5632643061	-0.00130180164706	-0.00227623595856	-0.00128660246264
-1.40664600154	-70.2792882453	44.2882562667	-0.00111798767466	-0.00468456326053	-0.00500497454777
-1.71989367344	-64.9135261559	63.4516923005	-0.00232530687936	-1.66489189724e-05	0.00460960064083
8.03939544998	-69.5987653705	46.7186951054	0.00279478472658	-0.00391014572233	-0.00424472521991
7.17278428089	-67.2138492137	55.2362528084	0.00301923044026	-0.00170833955053	-0.000716101902071
9.80368854094	-69.1208097895	48.4256793233	0.00364098069258	-0.00347955711186	-0.00372751685791
-9.74644846883	-67.0970208725	55.6534968840	-0.00572303496301	-0.00185417570174	-0.000959804630838
6.67355881479	-69.7552772837	46.1597239869	0.00221039587632	-0.00405409978703	-0.00437438534573
-2.82393513768	-67.6280666729	53.7569047395	-0.00213021389209	-0.00224909582175	-0.00124947412405
-4.01878545662	-64.7031572494	64.2030098237	-0.00404873630032	0.000494397303555	0.00479035545141
-7.09339883102	-64.4926694951	64.9547518033	-0.0061573786661	0.000801506626885	0.00452951015905
-7.32529405497	-64.4012658848	65.2811932687	-0.00637683924288	0.000902361993212	0.0046683140099
-7.15273323787	-64.2018860151	65.9932642319	-0.0064304145053	0.00113659072667	0.00516682351008
-11.3789269203	-68.2753160571	51.4452997960	-0.00592201389372	-0.0030264633242	-0.00288282241672
-0.63889313904	-63.5756904351	68.2296770177	-0.00145111314487	0.00206445669755	0.00817877892405
1.47719968577	-70.0481956595	45.1135869303	5.81812673772e-05	-0.00439950544387	-0.00465166289359
-9.24982938032	-65.2748203058	62.1613560508	-0.00677326600999	-8.14290469862e-05	0.0023270403035
-10.5712343760	-65.2935993288	62.0942881113	-0.00747350836173	-0.000137276758323	0.00197567534633
-2.46529968555	-63.6438669536	67.9861894513	-0.0031370066572	0.0019391279202	0.00778976315632
-8.92353569515	-67.4890297093	54.2534653240	-0.0051394556649	-0.00220464495942	-0.00146952131763
-2.00232867495	-67.5609739897	53.9965214654	-0.00172781490255	-0.00218299776316	-0.00111553026363
0.959360436276	-65.9676702353	59.6868920170	-0.000115894035844	-0.000943795603234	0.00182492693421
-7.95314981667	-64.8417645498	63.7079837507	-0.00640190159902	0.000398480682634	0.00353040755726
-9.94544635211	-69.0579323853	48.6502414812	-0.00499927485362	-0.00373712694272	-0.00382713018917
12.1208880973	-66.4305110945	58.0338889481	0.00583564350381	-0.000939195801038	-7.97945722297e-06
-2.81996005778	-69.0207161918	48.7831564577	-0.00187665282283	-0.00350118475035	-0.00331409904175
-2.41373695499	-67.6892676713	53.5383297454	-0.00191166938748	-0.00229721097276	-0.00133115553763
3.80032039340	-66.8678003458	56.4721416220	0.00139807222877	-0.00149209355004	4.33974928455e-05
-4.14653323778	-67.2713900090	55.0307499678	-0.00290004140697	-0.00195225991774	-0.000734233704861
-2.45607790974	-64.5790801688	64.6461422542	-0.00296053802595	0.000555360515136	0.00544558558613
-5.54603749957	-66.3056544368	58.4798055827	-0.00406650593504	-0.00110074749682	0.00088330701692
8.46765881340	-65.4459162758	61.5502990151	0.00456433976069	2.29652414419e-05	0.00232094386593
6.15110375055	-64.1571982594	66.1528633594	0.00394380325451	0.00142356241122	0.00551002519205
-6.70656360114	-66.4550360866	57.9462996908	-0.0045927404426	-0.00122609641403	0.000486889039166
-4.22784030132	-64.1661417207	66.1209224262	-0.0044049648568	0.00121416675393	0.00609934655949
11.1366240560	-68.0752532438	52.1598098435	0.00456375209615	-0.00250350963324	-0.00238587334752
9.10241171823	-65.7738979253	60.3789359810	0.00470247957855	-0.000299594452372	0.00159214390442
1.45971583249	-69.3967488529	47.4401826683	2.8331993235e-05	-0.00377579568885	-0.00376035342924
-10.6320061653	-66.8422122664	56.5635276201	-0.00629082601517	-0.00163282919675	-0.000683338264935
-3.14477209439	-64.6473772271	64.4022241891	-0.00345991621725	0.000510603189468	0.00512306392193
-6.38241660417	-64.1642059534	66.1278358808	-0.00594090949744	0.00119944568723	0.00548831606284
2.91695406881	-66.8414327872	56.5663114744	0.000920908001717	-0.00150078465231	0.000112223984615
2.28941771904	-64.1288243968	66.2541985828	0.00116507255007	0.00131541292649	0.00661125825718
2.82494489131	-66.5090612651	57.7533526248	0.000946565181948	-0.00123704329599	0.00071715679951
4.25992014381	-66.5018222718	57.7792061720	0.00176355766598	-0.00116401538253	0.000686182058416
-3.62922275411	-66.3388882522	58.3611133851	-0.00298443273641	-0.00117018085439	0.000958192627877
-4.25097963310	-66.2544705441	58.6626051996	-0.00337971071713	-0.00108318065759	0.00108709197957
5.57953012634	-64.5148757000	64.8754439285	0.00340370205231	0.000965852173977	0.00487390812486
-1.97160664219	-64.6747709153	64.3043895881	-0.00256592943333	0.00036435041693	0.00526698259637
-1.56009996205	-64.7748412526	63.9469955264	-0.00221772608347	0.000167714155396	0.00503947818652
-2.32651744284	-64.8140202192	63.8070706455	-0.00281854881905	0.000195161715965	0.00481364969164
-10.5928237890	-66.4556904448	57.9439626973	-0.00652978103608	-0.0012669058051	-5.87688700762e-05
-2.70857278571	-64.7448276840	64.0541868430	-0.00311899511144	0.000334535987349	0.00494222994894
-0.855987699745	-64.2769792592	65.7250740741	-0.00162877957337	0.000969631480984	0.00648070685565
-4.84286408905	-64.2160433946	65.9427021623	-0.00483123864979	0.00115096231457	0.0058108093217
2.79746561092	-69.7251413334	46.2673523806	0.000601143867243	-0.00406697485596	-0.00421721162274
11.5575794043	-68.2287554190	51.6115877892	0.0046966583468	-0.00265561230481	-0.00265145651065
5.12667304748	-68.0094531985	52.3948100054	0.00180020171683	-0.00245711347088	-0.00183996080887
4.17021657941	-68.0249696955	52.3393939447	0.00134196307044	-0.00248476816341	-0.00182966864668
-2.18891630104	-64.1903242849	66.0345561253	-0.00279194698669	0.00114416424185	0.00651092547923
11.6471986826	-67.5135501917	54.1658921725	0.00503475312144	-0.00197439757176	-0.00162116088904
-2.22451566254	-69.6372094698	46.5813947509	-0.00153340294492	-0.0040741097182	-0.00415286561474
-1.66007991045	-69.7529964257	46.1678699081	-0.00127986178268	-0.00417374400422	-0.00429561268538
4.77536705467	-68.1127916540	52.0257440927	0.00161408563145	-0.00255460827611	-0.00198075873777
-3.63623798699	-67.1785355143	55.3623731631	-0.00266680936329	-0.00187074427959	-0.000554216094315
4.11660899626	-64.0007793617	66.7115022797	0.00262529822066	0.00157043233048	0.00645562261343
7.43312841546	-69.5715173137	46.8160095939	0.00254689203575	-0.00388272362761	-0.00416892627254
-6.69401317515	-69.6780984124	46.4353628127	-0.00343026639894	-0.00423274468631	-0.00442346511409
4.78978444523	-65.3695299481	61.8231073281	0.00255635473877	-8.17424588604e-05	0.00302471453324
-3.86160487179	-66.4616696920	57.9226082428	-0.0030610517133	-0.00126724957954	0.000708552310243
11.5483915695	-67.2683121255	55.0417424091	0.00510311545804	-0.00173942709807	-0.00123978743795
-7.82511294261	-65.5249618424	61.2679934200	-0.00580170471221	-0.000322417443385	0.00212637963705
8.29051951741	-66.7174177305	57.0092223909	0.00378263113089	-0.0012294719927	1.07455662146e-05
-9.44282060690	-67.4654047157	54.3378403010	-0.00539376400411	-0.00219353986904	-0.00149035512004
-8.81737407249	-67.3834469435	54.6305466303	-0.00513884332031	-0.00210391869769	-0.00129590719007
-4.23792403473	-64.3072109249	65.6171038397	-0.00435480801389	0.00102645193692	0.00574701512232
-0.900041307796	-66.5555982966	57.5871489408	-0.00129591871519	-0.00137337343767	0.000630875991192
1.83011260172	-65.9373225700	59.7952765356	0.000479048932903	-0.000868280301802	0.00188750366215
4.2791979583	-68.3952663970	51.0169057252	0.00133743567858	-0.00281550385989	-0.00237970869057
3.24061939638	-67.8184603804	53.0769272128	0.000922572449781	-0.00231837527826	-0.0014927003067
4.61712576983	-64.1382402761	66.2205704425	0.00292326509953	0.00140484562144	0.00599061464891
4.34037666972	-64.2096736208	65.9654513544	0.00270125339739	0.00130106823053	0.00590305635706
-5.80665372682	-64.8350571468	63.7319387613	-0.00512429513037	0.00040164735401	0.0040643112734
3.86323032445	-67.8446407248	52.9834259830	0.0012233335292	-0.00233025988564	-0.00154764461331
2.26450503322	-64.9928136899	63.1685225362	0.00105783308391	2.03831841645e-05	0.00431390060112
3.83352673717	-65.6478723831	60.8290272031	0.00186080485582	-0.000448111066362	0.00247009610757
-4.76695453976	-69.8457503144	45.8366060201	-0.00258043501526	-0.00434032874182	-0.00454190932214
-4.45955147585	-69.7920707544	46.0283187344	-0.00245992769487	-0.00427917996421	-0.00445350119844
3.51068385090	-67.6801137660	53.5710222644	0.00107653508894	-0.002192951506	-0.00128453574143
4.18437914369	-67.7207202696	53.4259990373	0.00140247342642	-0.00221567321569	-0.00136622134596
3.40125409651	-66.1451298242	59.0531077708	0.00139824836515	-0.000912749383133	0.00141300051473
-6.52337660524	-64.3317730301	65.5293820354	-0.00591144664213	0.00099740200676	0.0050593316555
-7.26039949604	-69.8199479214	45.9287574236	-0.00363825401291	-0.00439190212637	-0.00465489784256
0.733955060982	-63.5309787651	68.3893615533	-0.000136528731673	0.00214807176962	0.00826094951481
-6.11500669315	-64.3741592646	65.3780026263	-0.00561228580773	0.000951164693106	0.00507711153477
-8.13479395749	-68.7872829038	49.6168467722	-0.00428937887773	-0.00341201922856	-0.00329281040467
10.7960872650	-67.5830514105	53.9176735340	0.00460529420525	-0.00203314982355	-0.00162617233582
-4.33447845397	-69.9854098180	45.3378220786	-0.00237468839623	-0.00446613878012	-0.00471137091517
8.06299927800	-65.6602270114	60.7849035307	0.00422199815512	-0.000207252000109	0.00196485128254
-5.81315266438	-66.3865676778	58.1908297222	-0.00416420539841	-0.00117029913235	0.000704526377376
-8.23795212847	-65.4963609773	61.3701393669	-0.006046354305	-0.000294663739624	0.00210453523323
-10.3473904995	-65.3992315582	61.7170301494	-0.00725774792954	-0.00023581381538	0.0018339586677
4.48221484939	-68.2095402102	51.6802135350	0.00145968887955	-0.00264541688375	-0.00211400026456
3.11880756435	-64.2996098211	65.6442506389	0.00179181387648	0.00111171556637	0.00600391579792
1.22888206553	-68.7436667135	49.7726188805	-8.22923684609e-05	-0.00317376456223	-0.00284236203879
-10.6102693707	-67.2383162319	55.1488706002	-0.00605447543785	-0.00200551445596	-0.00128820864484
7.78353275899	-64.3066544477	65.6190912582	0.00487992167473	0.00126833061222	0.00479299994186
-8.79038899365	-64.5345237802	64.8052722134	-0.00716846715659	0.000714253052138	0.00395161053166
-9.16500514544	-68.1969223798	51.7252772149	-0.00495433947071	-0.00287817325443	-0.00254183332436
11.8135918609	-66.7634148171	56.8449470818	0.00549184437841	-0.00125793053303	-0.000492912600748
9.68564828981	-65.1278559097	62.6862288938	0.00542713329196	0.000370812223991	0.00271356082521
5.58722356925	-64.8980749770	63.5068750823	0.00324065936729	0.000506240001414	0.00399595545605
8.04319292685	-65.1081597380	62.7565723641	0.00453719031066	0.000370542693418	0.00307410978712
-10.8616028946	-66.6741019319	57.1639216719	-0.00650880998001	-0.00147922942415	-0.000454677181551
-1.60517200130	-67.0896947434	55.6796616306	-0.00160506065004	-0.00178906705696	-0.000331313465722
12.2637127887	-67.2218222684	55.2077776128	0.00546599691734	-0.00170313310809	-0.00126252230257
2.60959754184	-66.4253294087	58.0523949688	0.000841549073812	-0.00118138687685	0.000879815954249
8.82858367597	-67.4791470773	54.2887604383	0.0037195943296	-0.00193485117052	-0.00127051980235
11.4087429990	-68.3461737881	51.1922364710	0.00458617694676	-0.0027654946316	-0.00280189467594
8.24327933052	-69.0438823558	48.7004201577	0.00298687722534	-0.00339426519349	-0.00349884736352
-6.03185340518	-65.1805944571	62.4978769388	-0.00503970915452	1.79329144885e-05	0.00320803932846
-6.47118149841	-65.1621823753	62.5636343739	-0.00530597055331	4.72053216072e-05	0.00316406204365
8.11252555371	-65.8762021994	60.0135635737	0.00412569986656	-0.000423045683419	0.00154198531527
-5.63610362908	-67.3378266900	54.7934761072	-0.00362504529767	-0.00201978976838	-0.000935861724429
5.89488579029	-64.8429975720	63.7035801001	0.00344968237914	0.00058805529261	0.00406064884737
0.425986772382	-63.8597584663	67.2151483345	-0.000453952292446	0.00166409683879	0.00750629696995
11.5467039237	-66.5872282342	57.4741848779	0.00546014355496	-0.00108603888657	-0.000173667314812
1.67942114568	-66.2990467088	58.5034046114	0.000303769047605	-0.00113169383258	0.00113611319102
-10.6698755062	-67.7698565400	53.2505123572	-0.00582077773288	-0.00251334439963	-0.0020804067608
4.41513792135	-63.9224736272	66.9911656172	0.00288565712981	0.00168119894806	0.00654723774642
-6.46245333238	-66.6970446786	57.0819832907	-0.0043336590752	-0.00144796795212	7.76580855018e-05
1.56480332399	-66.0362256698	59.4420511795	0.000280449079582	-0.000954107614234	0.00167534593493
-1.06926206244	-70.2419537666	44.4215936908	-0.000982448691502	-0.00464002974331	-0.00494644092396
-6.84544524424	-66.2498305612	58.6791765670	-0.00478749768808	-0.00103469728492	0.000851556542329
0.436344906837	-63.5255664252	68.4086913387	-0.000420550641138	0.00215154048055	0.00829384755343
-11.6762209102	-66.3311113717	58.3888879583	-0.00715401349589	-0.00117574608885	-5.83449836995e-05
2.43453110510	-63.7124678558	67.7411862293	0.001380832633	0.00192066247109	0.00757223321125
2.31825683509	-63.6059710096	68.1215321086	0.00131523492746	0.00206489535049	0.00784778315574
8.05402472154	-68.5562364037	50.4420128438	0.00301901483908	-0.00293834833428	-0.00280109001324
3.17129990336	-66.9403080944	56.2131853771	0.00103909440804	-0.00157358287834	-6.55497788102e-05
2.98206479227	-67.9408716645	52.6397440553	0.000780973292422	-0.00242988672107	-0.00167479633819
-1.85405915804	-67.1921106372	55.3138905813	-0.00171993579715	-0.00187401787844	-0.000510245852638
-3.02522103209	-63.9822257524	66.7777651702	-0.00352419121191	0.00146183988545	0.00685206055641
-1.13959724613	-70.0737584872	45.0222911170	-0.00102796428837	-0.00447553675622	-0.00472018169239
7.29834667569	-65.1987697633	62.4329651310	0.00407064752653	0.000251094228588	0.00302210240625
-5.78410994897	-65.9482721770	59.7561707964	-0.00440656580031	-0.000766176613979	0.00156816339586
0.116534071412	-68.8079848621	49.5429112068	-0.000583789485972	-0.00325035164133	-0.00294185499661
1.68043970144	-64.7352933337	64.0882380938	0.000636156008113	0.000295882869978	0.00513442885131
-4.89523318374	-64.3201257108	65.5709796044	-0.00481585646048	0.00101770274341	0.00554227875546
9.28610786783	-65.6764803964	60.7268557271	0.00485759787261	-0.000198603040189	0.00174496078398
-4.69514432597	-66.2410960089	58.7103713970	-0.00363597576506	-0.00106027151924	0.00108142104
8.49906302873	-69.2509509646	47.9608894123	0.00305230705999	-0.00358911044896	-0.0038029262796
-0.213759371681	-67.5105983635	54.1764344160	-0.000812622194644	-0.00211799703538	-0.000997703289613
-1.77924980970	-67.9200088121	52.7142542424	-0.00155767670367	-0.00248852884397	-0.0016692035133
-4.61614332955	-70.0646395220	45.0548588501	-0.00247932295315	-0.0045525347814	-0.00483251316473
-1.11590186120	-66.4704484839	57.8912554146	-0.00144230003934	-0.00131165969651	0.000787508499343
-10.9652723290	-68.6162168380	50.2277970073	-0.00560219585896	-0.00334377796389	-0.00331555120647
11.2638673918	-68.4454351221	50.8377317067	0.00448591075838	-0.00285806390457	-0.00292670191266
10.5122053361	-65.6390952123	60.8603742417	0.00552216544747	-0.00015169577091	0.00160584086552
9.54636861764	-66.4345328763	58.0195254419	0.00455310707912	-0.000942568178289	0.000351251772372
-4.84363047925	-66.3904383754	58.1770058021	-0.00363986101002	-0.00118816457689	0.000779834168497
-3.96959800751	-69.9092809737	45.6097108082	-0.00223380955867	-0.00438123336062	-0.00459109758958
1.09739239693	-65.1581566701	62.5780118924	0.000115246941277	-0.000350785296177	0.00393199827522
7.71190088360	-65.5857785959	61.0507907290	0.00407689949498	-0.000141703741974	0.00216345232911
8.24779247528	-65.5441916527	61.1993155260	0.00438799569383	-8.370289288e-05	0.00216374895535
-9.01325481923	-64.6103430246	64.5344891979	-0.00723079685122	0.000624839332886	0.00372945866548
10.0920615221	-64.9862132748	63.1920954472	0.00575056253001	0.000519324035849	0.00289908680134
7.16418117171	-65.7449131647	60.4824529832	0.00369473313913	-0.000322741747368	0.00192193465773
3.87947513064	-64.9128827442	63.4539901992	0.00218090321869	0.000345265347278	0.0042797322385
9.12671649234	-66.3777392826	58.2223597049	0.00437261303887	-0.000892872340046	0.000501503236592
-5.07722954573	-66.1953628316	58.8737041729	-0.00387260038406	-0.00101056217682	0.00114058959298
6.07105148945	-69.6049656083	46.6965513989	0.0019760474097	-0.00391732901335	-0.00414116680622
11.6799235188	-65.9260152429	59.8356598469	0.00593424029648	-0.000441676413175	0.000899215694517
-7.07330396681	-69.1705958250	48.2478720536	-0.003714985447	-0.00374918943271	-0.00374941411428
-8.28112317428	-65.0739478158	62.8787578008	-0.00640235329047	0.000144212026498	0.00295895431191
7.07462223429	-65.9401325284	59.7852409701	0.00354299717583	-0.000519773515407	0.00154825835489
11.2333422008	-65.9016884215	59.9225413517	0.00572193646803	-0.000414810550865	0.00101802998688
-7.32608115773	-65.5592675891	61.1454728962	-0.00550591154024	-0.000358720310032	0.00214703893289
-2.33692498069	-66.9784840743	56.0768425920	-0.00203019590117	-0.00170208571944	-0.00016196584329
-11.9317469719	-67.9183190594	52.7202890735	-0.00632873782888	-0.00269778678194	-0.00244287960231
7.04136015882	-69.8272619014	45.9026360664	0.0023536561057	-0.00412028515711	-0.00449123978615
6.90374385478	-65.8335539146	60.1658788765	0.00350757921115	-0.00042162463069	0.00177769223228
-4.07268096667	-66.1562716260	59.0133156213	-0.00332816666923	-0.0010042359354	0.00129636679776
7.66773550160	-65.8807007515	59.9974973160	0.0038891218137	-0.000440483330749	0.00159152108245
2.29823739477	-67.3970005120	54.5821410285	0.000499227782711	-0.0019766013138	-0.000813367019873
1.57493064754	-67.4107198543	54.5331433776	0.000120520737255	-0.0020034823101	-0.000829722441267
1.33906658458	-68.6506185447	50.1049337691	-3.22954729199e-05	-0.00308750476688	-0.00270870770328
-6.70390010563	-69.2707482730	47.8901847394	-0.00352933583781	-0.00383507483639	-0.00386333069764
0.714645663124	-64.4708962162	65.0325135137	-0.000196133667487	0.00064783898415	0.00598286045715
-3.48768855038	-65.1735344010	62.5230914249	-0.00349847367033	-0.000122307115817	0.00364384194836
-3.96135206646	-65.1924019429	62.4557073466	-0.003790441202	-0.000100989840575	0.00352855538949
-1.62456766446	-64.3487015239	65.4689231288	-0.00230287900195	0.000871154246852	0.00620493479073
-2.91567820109	-66.3605376544	58.2837940916	-0.00255983066745	-0.0012046052143	0.000949322653469
-2.50661382871	-68.2073131993	51.6881671453	-0.001862837933	-0.00275227520615	-0.00212546414696
12.6977668141	-66.9339146799	56.2360190003	0.00582624506205	-0.00143326655962	-0.000886356690899
12.6978492058	-67.0648540507	55.7683783905	0.00575502822176	-0.00155919569079	-0.00108584342524
12.4372819263	-67.0429716324	55.8465298843	0.00564167927951	-0.00153401377611	-0.00101511145476
12.4421695377	-66.9674786894	56.1161475380	0.00568457320333	-0.0014615431428	-0.000900313665625
12.6799909575	-66.8019924158	56.7071699437	0.00589168723673	-0.00130593241192	-0.000680742610712
12.4338800546	-66.8343674588	56.5915447900	0.00575386127457	-0.00133335660212	-0.000693838926964
12.4377097332	-66.9014058652	56.3521219102	0.00571851013228	-0.00139792985283	-0.000798036111519
12.6445406920	-66.6701706899	57.1779618218	0.00595064647496	-0.00117821409367	-0.000470411265269
12.4205937817	-66.7685400820	56.8266425644	0.00578448409215	-0.00126974098384	-0.00058955908753
12.3721938412	-66.7038728799	57.0575968574	0.0057978425175	-0.00120671663899	-0.000481188064441
12.5914450971	-66.5385061077	57.6481924726	0.00600298075005	-0.00105012359563	-0.000255178165389
12.3369935839	-66.5761908812	57.5136039956	0.00585509603843	-0.00108291965444	-0.000274563732091
12.3500277	-66.6379012478	57.2932098292	0.00582522619516	-0.00114273454528	-0.000374110939447
12.5209332531	-66.4074946890	58.1160903964	0.00604831008241	-0.000922113656998	-3.55968513759e-05
12.3060857875	-66.5105202877	57.7481418296	0.00587900541723	-0.00101897097193	-0.000165386649314
12.3396240336	-66.4517131206	57.9581674264	0.00593115156516	-0.000962428865023	-7.68182362663e-05
12.4331975506	-66.2773522371	58.5808848675	0.00608643004671	-0.000794361520093	0.000188180754776
12.2082701719	-66.3359195953	58.3717157312	0.00593716744334	-0.000848323863465	0.000130772314151
12.3000390864	-66.3863947315	58.1914473874	0.00595156894997	-0.000898524187505	3.4369288187e-05
12.3278947875	-66.1476638018	59.0440578508	0.00611719442531	-0.000666457111947	0.000417128961999
12.1601434471	-66.2711176882	58.6031511137	0.00595368770882	-0.000784672796726	0.000243917835178
12.1087768632	-66.1997858735	58.8579075948	0.00597317982465	-0.000714539317414	0.000369091751054
12.2047392435	-66.0183991246	59.5057174123	0.00614023441449	-0.000538317253813	0.000651665206533
12.0515807835	-66.1349245646	59.0895551264	0.00598602881655	-0.000650502857752	0.000485485012177
12.0059628774	-66.0681473058	59.3280453365	0.00600640289485	-0.000584636756685	0.000603921245784
12.0647347065	-65.8907442434	59.9616277022	0.00615499680862	-0.000411065411754	0.000889921793714
11.9400129565	-66.0037678228	59.5579720614	0.0060152746737	-0.000520735222381	0.000722710858099
11.9082840718	-65.9401041067	59.7853424759	0.00604150397703	-0.00045778779895	0.000835136510432
11.9084114102	-65.7650846098	60.4104121078	0.00616123620421	-0.00028503316571	0.00113133364357
11.7515941993	-65.8221160265	60.2067284768	0.00604093587026	-0.000339696242008	0.00106315920129
11.8342756951	-65.8768494089	60.0112521112	0.00604621646926	-0.000394632923417	0.000955174968112
11.7347967138	-65.6406972407	60.8546527118	0.00615857262164	-0.000159511051606	0.00137753318995
11.5959625497	-65.6977338192	60.6509506456	0.00604615081102	-0.000214771003812	0.0013053950388
11.6693027932	-65.7597334636	60.4295233442	0.00604124367237	-0.000277070968878	0.00118496885989
11.5443856561	-65.5181037527	61.2924865974	0.00614648265764	-3.49702604581e-05	0.0016277951654
11.5046251562	-65.6357557762	60.8723007993	0.00604188861325	-0.00015216578322	0.00143008271698
11.4440253668	-65.5781634441	61.0779876998	0.00605077715591	-9.40602840274e-05	0.00154221756384
11.3380548838	-65.3979219298	61.7217073935	0.00612458540127	8.80155203049e-05	0.00188104412518
11.1727505779	-65.4797749605	61.4293751412	0.00597785506397	6.9761508712e-06	0.00176838750485
11.3449970383	-65.5175679845	61.2944000553	0.0060417749919	-3.24246502714e-05	0.0016678860411
11.1145364825	-65.2795279309	62.1445431039	0.00609221495688	0.0002100723068	0.00213877810165
11.0654638606	-65.4202120792	61.6420997172	0.00596355041489	6.78848009557e-05	0.00189582281746
10.9831519041	-65.3410744997	61.9247339298	0.00597667042166	0.000148668463225	0.0020546594169
10.8752406512	-65.1637130725	62.5581675982	0.00604900065809	0.000330440350808	0.0023994690273
10.7395175238	-65.2191609725	62.3601393839	0.00593438884243	0.000274718331639	0.00232646777295
10.8669315324	-65.2822680284	62.1347570413	0.00595704605803	0.000209355552215	0.00218487414531
10.6190673118	-65.0499349186	62.9645181480	0.00599425984547	0.000449768063845	0.00266444403678
10.6165355401	-65.1621646118	62.5636978149	0.00590946292505	0.000334031821694	0.00245711114258
10.4609441219	-65.1021679158	62.7779717293	0.005868637003	0.00039687595563	0.00260142190382
10.3461008444	-64.9383261421	63.3631209211	0.00592731731012	0.000567886570934	0.00293355854228
10.3277349547	-65.0454175725	62.9806515267	0.00583728402853	0.000456458685221	0.00273616355844
10.2879893289	-64.9898763029	63.1790132039	0.00585635984316	0.000514532264788	0.002849370474
10.0592879119	-64.8300745927	63.7497335974	0.0058481739834	0.000683687336277	0.00320407375693
9.99351702096	-64.8949483985	63.5180414339	0.005762711633	0.000615643279161	0.00309490971267
10.1483218335	-64.9350304545	63.3748912338	0.00581947946921	0.000572702963836	0.00298399897292
9.75708904860	-64.7245662414	64.1265491378	0.00575575605035	0.000797780638095	0.00347730051726
9.69534591798	-64.7888190530	63.8970748107	0.00567278731614	0.000729533843696	0.00336694880389
9.84642623019	-64.8415617047	63.7087081975	0.00571946147829	0.000672783586197	0.00323050958104
9.43931897288	-64.6218217271	64.4934938317	0.00564931333065	0.000910325441509	0.00375313265249
9.54027587932	-64.7367204902	64.0831411064	0.00562264351174	0.000785930023994	0.00350415357389
9.36772797249	-64.6788894766	64.2896804406	0.00556580442935	0.000848922412843	0.00365784298629
9.10964232022	-64.5230195334	64.8463588094	0.00552926538512	0.00102006341331	0.004028161522
9.20507326825	-64.6282657114	64.4704796021	0.00550840934739	0.000904469983652	0.00379620026797
9.03742680874	-64.5805461974	64.6409064377	0.00544503517449	0.000957201234996	0.00393099803478
8.76762252558	-64.4279563152	65.1858703029	0.00539478287101	0.00112743338104	0.0043024988845
8.69503206989	-64.4964213255	64.9413524091	0.00530281662941	0.00105118658394	0.00418223347515
8.87051116834	-64.5323737318	64.8129509579	0.0053813108243	0.00101079139858	0.00406746193767
8.41202268513	-64.3363162324	65.5131563128	0.00524468068033	0.00123297050595	0.004576403182
8.51995269620	-64.4495583910	65.1087200321	0.00523107359186	0.00110408605542	0.00431967107579
8.30247683775	-64.4062695777	65.2633229370	0.00513012614101	0.00115339271724	0.00446087913588
8.04401891997	-64.2484680517	65.8268998155	0.00507885916159	0.0013365308987	0.00484796240926
8.12202911330	-64.3615066561	65.4231905138	0.00505087058991	0.00120479078032	0.00459678051993
8.00679917976	-64.2993436975	65.6452010802	0.00502172252163	0.00127700518351	0.00475303037092
7.66281929769	-64.1643070156	66.1274749444	0.00489703938365	0.00143886241131	0.0051167588681
7.64961640219	-64.2305682576	65.8908276514	0.0048456680961	0.0013585917186	0.00498356437311
7.81928386742	-64.2562829749	65.7989893753	0.00493434211239	0.00132792664226	0.00488824211061
7.26881917549	-64.0840429852	66.4141321957	0.00470005674288	0.00153985177167	0.00538061698899
7.24040698411	-64.1547834398	66.1614877151	0.00463759480044	0.00144986528903	0.00524180801585
7.45598623180	-64.1894886417	66.0375405652	0.00475105084479	0.00140810350422	0.00511659123003
6.86409778745	-64.0081739537	66.6850930224	0.00449268892407	0.00163701106794	0.00563736818731
7.04008200883	-64.1156238701	66.3013433210	0.00453559262678	0.0014976990642	0.00537230633199
6.83486213033	-64.0787480925	66.4330425267	0.00442845141515	0.00154199870303	0.00549965910614
6.44869953744	-63.9366878275	66.9404006160	0.00427895411849	0.00172630196903	0.0058907023631
6.42534345177	-64.0051663646	66.6958344120	0.00421404372901	0.00163028074894	0.00575702963397
6.63056333027	-64.0420421422	66.5641352064	0.0043216291815	0.00158627249766	0.00562720512971
6.02407453777	-63.8697913641	67.1793165569	0.00405696267262	0.00180263747461	0.00614931993186
6.21430768163	-63.9704048122	66.8199828137	0.00410207081586	0.001669878955	0.00588625948876
6.0337851885	-63.9344402661	66.9484276211	0.00401075277478	0.00171248300467	0.00601313123479
5.58952165931	-63.8073530172	67.4023106530	0.00381781929173	0.0018660168862	0.00641957903281
5.57192059407	-63.8975244013	67.0802699954	0.00372857041657	0.00174423982389	0.00623383559287
5.82030422290	-63.9023026739	67.0632047360	0.0038938971702	0.00174760282971	0.0061447750777
5.14276549160	-63.7491193290	67.6102881108	0.00354828103445	0.00192403269466	0.00669756671414
5.35090190991	-63.8672500751	67.1883925891	0.00359895383008	0.00177698174957	0.0063710664399
5.10840157385	-63.8246665681	67.3404765425	0.00345979398116	0.00182504870463	0.00654432736337
4.68937823641	-63.6958563008	67.8005132115	0.00324961636215	0.00197956012562	0.00697072269395
4.88274613114	-63.7967198008	67.4402864256	0.00331615959294	0.00185502611566	0.00668126996607
4.66980290720	-63.7682202354	67.5420705879	0.00317801954225	0.00188671075739	0.00681563373655
4.23084258069	-63.6476765448	67.9725837685	0.00292387302034	0.00203294097446	0.00723133562133
4.25797339750	-63.7159050491	67.7289105391	0.00289649656042	0.00194587174337	0.00706762308255
4.44217161049	-63.7429041756	67.6324850871	0.00302180461586	0.00191453564912	0.00694720773026
3.76463915736	-63.6043089326	68.1274680979	0.00257077603601	0.00208316906355	0.00747658312321
4.02715567196	-63.6930499498	67.8105358935	0.00272762728855	0.00197167810984	0.00719242915511
3.82942609814	-63.6661011667	67.9067815474	0.00258422689512	0.00200379220769	0.00731489202008
3.29007726144	-63.5657730588	68.2650962184	0.00219084881246	0.00212906789966	0.00770345749334
3.38102708972	-63.6368086407	68.0113977118	0.00222770124674	0.00203652400523	0.00751314172521
3.59411740774	-63.6456060896	67.9799782515	0.00240188348107	0.00202752533369	0.00743194669485
2.81107700346	-63.5324449649	68.3841251255	0.00178828695789	0.00216929265298	0.00790710933506
2.90240347588	-63.6021200100	68.1352856785	0.00183399091475	0.00207707285881	0.00772128067911
3.14185535738	-63.6187838313	68.0757720310	0.0020333013963	0.00205757957883	0.0076203532517
2.33043557058	-63.5044926026	68.4839549907	0.00136719562579	0.0022028752137	0.00808398239315
2.66267116903	-63.5868167047	68.1899403403	0.00163010938559	0.00209495378658	0.00781564041972
2.4445393453	-63.5618815311	68.2789945319	0.00144606083632	0.00212625181302	0.00792413391173
1.84360878273	-63.4816873398	68.5654023578	0.000925481552258	0.00222960696556	0.00823327898979
1.99749070286	-63.5359774410	68.3715091394	0.00104901369195	0.00215675448999	0.00807693507522
2.20372011428	-63.5492371833	68.3241529168	0.0012330490863	0.00214087823406	0.00800516270101
1.35030310769	-63.4641639849	68.6279857681	0.00046494952403	0.00224878056906	0.00835221353918
1.52142251777	-63.5501590293	68.3208606096	0.000603377178777	0.00213161087595	0.00812419131398
1.7515597564	-63.5258452927	68.4076953833	0.000824751856271	0.00216798251495	0.0081448815763
0.855832290523	-63.4521663534	68.6708344520	-6.64236085868e-06	0.0022599035874	0.00843744445592
1.27413962116	-63.5427732823	68.3472382776	0.000373400805984	0.00213872944005	0.0081761199981
1.03736241771	-63.5379819082	68.3643503277	0.000150831911014	0.00214233272709	0.00821562483907
0.918355384157	-63.4942231657	68.5206315511	4.56317138742e-05	0.0022019604221	0.00833156798035
0.361034115389	-63.4456420419	68.6941355647	-0.000485361175379	0.00226272386499	0.00848775636405
0.671264374158	-63.4896022249	68.5371349109	-0.000190662962268	0.0022052465938	0.00836405530572
0.522459297086	-63.4868960550	68.5467998036	-0.000333581236191	0.00220704800449	0.00838071387261
-0.134622091025	-63.4445359944	68.6980857344	-0.000968268257566	0.00225716060959	0.00850256066769
-0.0803146071344	-63.5170317558	68.4391723009	-0.000916848890483	0.00215602619573	0.00832959450781
0.134315480781	-63.5212856841	68.4239796995	-0.000710353197064	0.00215322035365	0.00831611547619
0.274846584228	-63.4849896953	68.5536082311	-0.000572480377741	0.00220632227138	0.00839778780937
-0.629874741195	-63.4488243139	68.6827703076	-0.0014505936997	0.00224329694174	0.00848184339702
-0.328263501579	-63.5178301232	68.4363209885	-0.00115570332855	0.00215110275894	0.00832632742822
-0.510721333156	-63.5108500677	68.4612497582	-0.00133162888233	0.00215809722431	0.0083383359015
-1.12412726342	-63.4584777159	68.6482938719	-0.0019283592701	0.00222113798372	0.00842612236738
-0.946526349585	-63.5265397389	68.4052152183	-0.00174872973002	0.00212889187969	0.00827755779028
-0.757930831935	-63.5143342847	68.4488061261	-0.00156916794367	0.00214918563142	0.00831889826804
-1.61826023413	-63.4735269510	68.5945466037	-0.00239922688343	0.00219073146582	0.00833625160158
-1.19347438352	-63.5327078332	68.3831863100	-0.00198348192498	0.00211604987271	0.00824213121086
-1.43103918069	-63.5406197667	68.3549294046	-0.00220743380487	0.00210084021091	0.00819829106331
-2.10834632978	-63.4938491571	68.5219672959	-0.00285648205318	0.00215249694884	0.00821462925524
-1.94648390776	-63.5661577966	68.2637221550	-0.00268474826589	0.00205593882129	0.00806718505919
-1.67812626791	-63.5495040525	68.3231998125	-0.00243828026578	0.00208399794064	0.00814612396061
-2.59142576829	-63.5192371051	68.4312960531	-0.00329514499754	0.00210703606717	0.00806452520192
-2.1893964154	-63.5775775507	68.2229373190	-0.00290594017133	0.00203555822372	0.00799971912056
-2.40808173399	-63.5748946781	68.2325190067	-0.00310708559118	0.00203498685732	0.00796653144062
-3.07133391269	-63.5498542543	68.3219490919	-0.00371681083925	0.0020542901475	0.00788733270019
-2.83584179076	-63.6109169674	68.1038679737	-0.00348012102768	0.00197711773217	0.00779317412525
-2.64816033764	-63.5888539533	68.1826644523	-0.00332005112432	0.00201100367121	0.00788574200124
-3.54883759774	-63.5858226340	68.1934905929	-0.00412062322721	0.00199432251975	0.00768490508199
-3.07557074082	-63.6275813279	68.0443524003	-0.00368588021956	0.00194956862833	0.00769963208586
-3.30798417541	-63.6480884751	67.9711125890	-0.00388013850898	0.00191706465557	0.00759541243315
-4.01927859538	-63.6268324367	68.0470270117	-0.00450163474306	0.00192796962801	0.00746163958684
-3.79831308402	-63.6899777345	67.8215080909	-0.0042794495821	0.00185059546493	0.00737022515386
-3.54566240198	-63.6673919077	67.9021717580	-0.00407606130466	0.00188613357022	0.0074900072068
-4.48104173875	-63.6727062360	67.8831920142	-0.00485831219703	0.00185584009159	0.00722106080502
-4.03099580118	-63.7116693942	67.7440378779	-0.0044625387527	0.00181680638343	0.00725548528135
-4.29284659836	-63.7085036674	67.7553440451	-0.00468076812103	0.00181466259528	0.00718999095261
-4.93650124111	-63.7236746908	67.7011618185	-0.00519240554422	0.00177786278073	0.0069643035531
-4.71434057200	-63.7654454378	67.5519805793	-0.00498664798215	0.00173081306275	0.00693202158436
-4.52183979300	-63.7326794094	67.6690021092	-0.00485281273723	0.00177767267451	0.00706650828943
-5.38717561964	-63.7799397127	67.5002153117	-0.00550511945039	0.001693922095	0.00669258320704
-5.17147024002	-63.8363596408	67.2987155684	-0.00529751367867	0.00162941776216	0.00662649795413
-4.94072164418	-63.7922299410	67.4563216391	-0.00514808297157	0.00169097422622	0.0068008727394
-5.82726867344	-63.8407389847	67.2830750547	-0.00579302990809	0.00160545483232	0.00641144765541
-5.39567101504	-63.8658347202	67.1934474279	-0.00544807454571	0.0015867925249	0.00648826407269
-5.61493109023	-63.8857208338	67.1224255937	-0.00559879653156	0.00155635084957	0.00637359917164
-6.25444502342	-63.9055781858	67.0515064793	-0.00605567265302	0.00151333340909	0.00612460961565
-5.83078677365	-63.9170076918	67.0106868152	-0.00573555240408	0.00151203735732	0.00623301742598
-6.04069824369	-63.9363349399	66.9416609290	-0.00587444845587	0.00148262188304	0.00612196326256
-6.67371320090	-63.9751283669	66.8031129753	-0.00629724608734	0.0014168031048	0.00583038991317
-6.436834359	-64.0016965998	66.7082264293	-0.00610652379692	0.00139253819361	0.00584573717788
-6.25194721305	-63.9698718513	66.8218862454	-0.00600056210533	0.00143601268064	0.00597756495699
-7.08388154351	-64.0492151890	66.5385171823	-0.00651781819761	0.00131623260677	0.00553087610751
-6.64476334282	-64.0377029105	66.5796324627	-0.00622288230807	0.00134359905496	0.00569747388363
-6.81779797575	-64.0683671196	66.47011743	-0.00631718663499	0.00130224542227	0.00557288201526
-7.48281174595	-64.1274385190	66.2591481463	-0.00671739829704	0.00121234031394	0.0052287587896
-7.01997136669	-64.1064292801	66.3341811423	-0.0064230686985	0.00125155097339	0.00542291020975
-7.21874907698	-64.1448505021	66.1969624924	-0.00652403337881	0.00120082637295	0.00527396518737
-7.86972203527	-64.2095978923	65.9657218132	-0.00689672119915	0.00110543251503	0.00492550712079
-7.61170349884	-64.2274878126	65.9018292409	-0.00671099964529	0.00109369505662	0.00496747298166
-7.41543395971	-64.1849963147	66.0535845902	-0.00661979848519	0.00114842690527	0.00512277288362
-8.24450594026	-64.2956353795	65.6584450732	-0.00705689983442	0.000995730864815	0.0046220314689
-7.80186886238	-64.2694820808	65.7518497114	-0.00679658539593	0.00104000442661	0.00481629185379
-7.97643479763	-64.3313661549	65.5308351609	-0.00685205124319	0.000964748614933	0.00462787318975
-8.60659395745	-64.3854025834	65.3378479163	-0.00719876214862	0.000883445900399	0.00431929016486
-8.16097662664	-64.3753963567	65.3735844404	-0.00692843552679	0.000909708905965	0.00447662081569
-8.42641458777	-64.4169223322	65.2252773851	-0.0070559065789	0.000855082413182	0.00430760066956
-8.95517458363	-64.4786793471	65.0047166175	-0.00732299312949	0.000768978148699	0.00401847762987
-8.60390381908	-64.4626402420	65.0619991357	-0.00712260603905	0.000798900553491	0.00415756506845
-8.78645826146	-64.4830575772	64.9890800815	-0.00721525773406	0.000770349754021	0.00406014360487
-9.29125711045	-64.5757645823	64.6579836347	-0.00743089336902	0.000651999784168	0.00371897523291
-8.95747932780	-64.5306019104	64.8192788914	-0.00727361626923	0.000712772365659	0.0039104456082
-9.06891224059	-64.5685115326	64.6838873837	-0.00730428891256	0.000667943211738	0.0037993635051
-9.61467297893	-64.6767163138	64.2974417366	-0.00752329081297	0.000532498583198	0.00342086772434
-9.37822965254	-64.7099719813	64.1786714952	-0.00735187530518	0.000505959847942	0.00342177390121
-9.22459190692	-64.6696772936	64.3225810945	-0.00729997130111	0.000554099155124	0.00354717695154
-9.23388862555	-64.6180417827	64.5069936334	-0.00735511025414	0.000608950736932	0.00364976050332
-9.92332412804	-64.7809090285	63.9253248983	-0.0076003735885	0.000411206798162	0.00312610599212
-9.53659846942	-64.7613786870	63.9950761179	-0.00739505840465	0.000446061749244	0.00327379931696
-9.70544294533	-64.7887843587	63.8971987188	-0.00746655277908	0.000411240325775	0.00317195872776
-10.2167936551	-64.8880927891	63.5425257533	-0.00766299944371	0.000288497394649	0.0028353955131
-9.94241505937	-64.8916418817	63.5298504227	-0.00750333303586	0.000295325560728	0.00290401140228
-9.85570587442	-64.8415433593	63.7087737170	-0.00750210089609	0.000350571557647	0.00302599463612
-10.4956708286	-64.998404836	63.1485541571	-0.0077120536007	0.000164259428857	0.00254832487553
-10.0855759959	-64.9460458917	63.3355503869	-0.00753218028694	0.000233808808844	0.00275944289751
-10.2030708100	-65.0080098167	63.1142506545	-0.00753887929022	0.000165756573551	0.00260860123672
-10.7586462035	-65.1112485346	62.7455409477	-0.0077481479384	3.91222856706e-05	0.00226627080701
-10.4665780075	-65.1200603549	62.7140701609	-0.00757855828851	4.16746588598e-05	0.00232639769092
-10.3387465867	-65.0638959338	62.9146573793	-0.00756122777238	0.000103565122117	0.00246603903361
-11.0049921933	-65.2261586932	62.3351475242	-0.00777203124017	-8.63778550411e-05	0.0019900680054
-10.5938604236	-65.1769920228	62.5107427756	-0.00759454304352	-2.07184566534e-05	0.0021868206095
-10.7276292792	-65.2310574359	62.3176520147	-0.00761646870524	-8.02046561148e-05	0.00205225357786
-11.2355980187	-65.3434321335	61.9163138090	-0.00778450490907	-0.000212511440623	0.00171878037509
-10.9587289337	-65.3419375738	61.9216515222	-0.00763725442812	-0.000199843489099	0.00179100397509
-10.8466709834	-65.2890116134	62.1106728093	-0.00762647343799	-0.000142797609442	0.00191554171033
-11.4499580489	-65.4627498784	61.4901790057	-0.00778610352427	-0.000338895508321	0.00145295774564
-11.0702439536	-65.4012370801	61.7098675710	-0.00764166144654	-0.0002629525261	0.00165625603404
-11.1839682101	-65.4606273961	61.4977592995	-0.00764709338546	-0.000325970177073	0.00152207328938
-11.6481959714	-65.5841395358	61.0566445151	-0.00777742825449	-0.000465494813398	0.0011923405109
-11.2868017295	-65.5206206453	61.2834976953	-0.00764619372785	-0.000388892454794	0.00139072909951
-11.3535338651	-65.5840648668	61.0569111901	-0.00762327760458	-0.000453456974356	0.00126316596288
-11.8304493055	-65.7077324490	60.6152412534	-0.00775889400393	-0.000592310680076	0.000936526397709
-11.5369261230	-65.7082977873	60.6132221880	-0.00760660599917	-0.000581014202908	0.00100443291012
-11.4488752047	-65.6454432765	60.8377025840	-0.00761742005125	-0.000516817206517	0.00113362201955
-11.9956297238	-65.8328232717	60.1684883155	-0.00773108424619	-0.000718493189197	0.000686872634105
-11.6238075172	-65.7704901236	60.3911067013	-0.00759598752484	-0.000644214800559	0.000877873506397
-11.6916137560	-65.8333085102	60.1667553207	-0.00757527770475	-0.000706928083673	0.000755781249609
-12.1436958294	-65.9593657940	59.7165507359	-0.00769449770451	-0.000843899324536	0.000443358992925
-11.8590102761	-65.9584134875	59.7199518305	-0.00755144841969	-0.00083205581177	0.000508803175762
-11.7698852547	-65.8961848115	59.9421971018	-0.00756018795073	-0.000769787409808	0.000632376817521
-12.2749827315	-66.0877911264	59.2578888341	-0.00764947431162	-0.000968752254266	0.000205231990549
-11.9287660661	-66.0220587948	59.4926471614	-0.00753202522174	-0.000894594646525	0.000388400338124
-11.9985380819	-66.0858632323	59.2647741705	-0.007512900047	-0.000956871954259	0.000268914795015
-12.3886279329	-66.2174654352	58.7947663029	-0.00759673770517	-0.00109237711877	-2.61665973085e-05
-12.1494708280	-66.2062972796	58.8346525727	-0.00748758018017	-0.00107400212437	4.26879087172e-05
-12.0600010482	-66.1506244480	59.0334841144	-0.00748929474503	-0.00101937621366	0.000150922918692
-12.4839596603	-66.3473892138	58.3307528080	-0.00753747811541	-0.00121399341151	-0.000248905649642
-12.2016671382	-66.2711856245	58.6029084840	-0.00746029987931	-0.00113551889081	-7.11054817657e-05
-12.2499984472	-66.3240132175	58.4142385089	-0.00744146015495	-0.00118552381173	-0.000164006909472
-12.5616790656	-66.4780292386	57.8641812906	-0.0074724406004	-0.0013345098123	-0.000463760690764
-12.2720088808	-66.4580804869	57.9354268327	-0.00734701799229	-0.0013087997213	-0.000375501724193
-12.2931598498	-66.3890238288	58.1820577542	-0.00741100450978	-0.00124628294725	-0.00027376160142
-12.6220154846	-66.6095712614	57.3943883521	-0.00740237766877	-0.00145510979928	-0.000671096378937
-12.3065546754	-66.5236872745	57.7011168769	-0.00731393834576	-0.00136958947405	-0.00048197247088
-12.3723073476	-66.5887787606	57.4686472836	-0.0072973058559	-0.00143054628279	-0.000592365046032
-12.6647802456	-66.7413588387	56.9237184332	-0.00732837663963	-0.00157657673117	-0.000870610412676
-12.3980990529	-66.6546906627	57.2332476331	-0.00726189045236	-0.00149142579176	-0.000694980379194
-12.4696000170	-66.7102433574	57.0348451522	-0.00725676538423	-0.0015439245617	-0.000789662241004
-12.6900872354	-66.8731528597	56.4530255009	-0.00725090550259	-0.00169999455102	-0.00106343848165
-12.4009589481	-66.8364240004	56.5841999987	-0.007137903478	-0.00165988318622	-0.000960367266089
-12.4865920459	-66.7760954041	56.7996592711	-0.0072192880325	-0.00160517997574	-0.000888346461579
-12.6980738148	-67.0053022301	55.9810634640	-0.00716981524602	-0.00182595534716	-0.00125186773948
-12.4092783264	-66.9023429592	56.3487751457	-0.0070987273939	-0.0017220719019	-0.00105678406544
-12.4152739188	-66.9863134377	56.0488805797	-0.00704836053774	-0.00180192268454	-0.00117816077545
-12.6886541507	-67.1377347783	55.5080900777	-0.00708472402766	-0.0019541173242	-0.00143726821989
-12.4149249440	-67.0525208875	55.8124254016	-0.00700748804957	-0.00186535529792	-0.00127275008708
-12.4976976941	-67.1118581615	55.6005065659	-0.00701069179922	-0.00192440894898	-0.0013703010045
-12.6618523552	-67.2697484801	55.0366125712	-0.00699569098651	-0.00208295206539	-0.00161961023696
-12.4436967602	-67.2360930775	55.1568104376	-0.00691320793703	-0.00204414967448	-0.00153879949357
-12.4886240709	-67.1780600501	55.3640712497	-0.00696750963107	-0.00198854738846	-0.00146301928908
-12.6177815931	-67.4011009568	54.5674965829	-0.00690246047452	-0.00221138074994	-0.00179900589865
-12.3852043032	-67.3686232507	54.6834883904	-0.00681245233864	-0.00217253318988	-0.00171906175092
-12.4259864062	-67.3018821082	54.9218496134	-0.00686804065481	-0.00210813712329	-0.00162988668308
-12.5563202066	-67.5320482798	54.0998275722	-0.00680435961112	-0.00233912467957	-0.0019758795388
-12.3588448835	-67.4341637987	54.4494150048	-0.00676498003304	-0.00223623914644	-0.00180873123463
-12.3662538323	-67.4950688059	54.2318971216	-0.00673619844019	-0.00229645823129	-0.00189661991317
-12.4771286792	-67.6628167421	53.6327973498	-0.00670093484223	-0.00246587907895	-0.00215056352317
-12.2671426634	-67.6201793625	53.7850737054	-0.00662622135133	-0.00241658929735	-0.0020614801906
-12.3311406798	-67.5604521549	53.9983851612	-0.00668608769774	-0.00235983054154	-0.00198497762904
-12.3796213759	-67.7936474094	53.1655449663	-0.00659169768915	-0.00259160203859	-0.00232317089103
-12.2230375789	-67.6855398803	53.5516432847	-0.00657326448709	-0.00247948756441	-0.00214880332351
-12.1420938201	-67.7548939707	53.3039501045	-0.00650216219947	-0.00254489481449	-0.00223703798838
-12.2635337722	-67.9241860753	52.6993354455	-0.00647662673146	-0.00271592498757	-0.00249300221913
-12.0886503799	-67.8203378394	53.0702220020	-0.00644625723362	-0.00260732322931	-0.00232331594452
-12.1278413802	-67.8886331085	52.8263103266	-0.00643170718104	-0.0026758313179	-0.00242530950345
-12.1303499438	-68.0527330849	52.2402389824	-0.00635712500662	-0.00283730123192	-0.00265783560462
-11.9791610230	-68.0016275753	52.4227586595	-0.00631195120513	-0.00278126378544	-0.00256686611101
-12.0652025868	-67.9537039384	52.5939145058	-0.00637292955071	-0.00273743434809	-0.00250966427848
-11.9808996174	-68.1789427414	51.7894902093	-0.00623364653438	-0.00295545510016	-0.00281738489866
-11.8165901930	-68.1280792545	51.9711455196	-0.00618193391711	-0.00289909751154	-0.00272594369017
-11.9087173548	-68.0650875113	52.1961160312	-0.00625144364312	-0.00284085632302	-0.00264804251492
-11.8141596161	-68.3038682282	51.3433277565	-0.00610519433394	-0.00307146483101	-0.00297306780703
-11.7376192741	-68.1908078858	51.7471146935	-0.00611905846745	-0.00295752286911	-0.00280506815761
-11.6393779738	-68.2583910044	51.5057464128	-0.00604603718966	-0.00301991519518	-0.00288876937702
-11.6300211135	-68.4275043466	50.9017701906	-0.0059717153199	-0.00318537466228	-0.00312495534308
-11.4578067121	-68.3810920365	51.0675284412	-0.00591373676434	-0.00313296518289	-0.00304040615447
-11.5516272573	-68.3205647134	51.2836974521	-0.00598062807694	-0.00307738105766	-0.00296608987264
-11.4300412802	-68.5488164698	50.4685126080	-0.00583430659026	-0.00329631287605	-0.00327188055962
-11.3614436325	-68.4425314448	50.8481019827	-0.00584588991478	-0.00318933837116	-0.00311574037187
-11.2921124722	-68.5029517119	50.6323153148	-0.00579101638868	-0.00324576720595	-0.0031926156953
-11.2143607790	-68.6678127054	50.0435260521	-0.00569295929745	-0.0034043667838	-0.00341399363242
-11.1885714240	-68.5628080069	50.4185428325	-0.00572165846825	-0.00330029334873	-0.00326492264867
-11.1448958338	-68.6123108073	50.2417471169	-0.00568328378722	-0.00334707624279	-0.00332924886607
-10.9817903027	-68.7850898172	49.6246792243	-0.00554690184072	-0.00351011590101	-0.00355213857256
-10.8818453244	-68.7188173095	49.8613667517	-0.0055270716548	-0.00344101525843	-0.00344968959689
-11.0327705249	-68.6714261712	50.0306208173	-0.00561132282019	-0.00340056279674	-0.00339961261488
-10.7326912645	-68.9003118030	49.2131721320	-0.00539639266208	-0.00361330015585	-0.00368603272364
-10.6076382122	-68.8485619027	49.3979932048	-0.00535968272015	-0.00355741404928	-0.00360174174421
-10.7614241130	-68.7769552317	49.6537313155	-0.0054528224282	-0.00349324918352	-0.00351802562363
-10.4681287164	-69.0128935236	48.8110945585	-0.00524206785485	-0.00371343293227	-0.00381511007436
-10.4789850533	-68.9056216828	49.1942082758	-0.00528335897252	-0.00360834877938	-0.00366793805733
-10.3467293314	-68.9619026970	48.9932046535	-0.00520623335615	-0.00365841435269	-0.00373279233463
-10.1900214069	-69.1220436285	48.4212727553	-0.00508496025577	-0.00380985508673	-0.00393859250471
-10.2108709472	-69.0174049358	48.7949823720	-0.0051283063367	-0.00370762567036	-0.00379632529803
-10.1379247818	-69.0629838859	48.6322004076	-0.00508150132373	-0.00374959548935	-0.00385225214995
-9.89703201414	-69.2282910447	48.0418176976	-0.00492424471304	-0.00390306254849	-0.00405722344294
-9.80208338290	-69.1523460754	48.3130497306	-0.00490681920201	-0.00382445589639	-0.00394403608516
-9.99574246980	-69.1166157944	48.4406578773	-0.00500228116289	-0.00379681377672	-0.00391276553273
-9.58849457836	-69.3317539751	47.6723072318	-0.00475953705609	-0.00399318058044	-0.00417123874649
-9.48776079849	-69.2698874072	47.8932592601	-0.00473458738998	-0.00392817892134	-0.004077387508
-9.65128136076	-69.2049325741	48.1252408068	-0.00482507701963	-0.00387043086812	-0.00400270149112
-9.26532145135	-69.4319981546	47.3142923050	-0.00459129689261	-0.00407985690981	-0.00428025890142
-9.33007095069	-69.3207433396	47.7116309301	-0.00465141609311	-0.00397233245894	-0.00413338281214
-9.20550590896	-69.3746886548	47.5189690901	-0.004582059104	-0.0040208697319	-0.00419662240893
-8.92578444476	-69.5294642874	46.9661989734	-0.00441860314459	-0.00416348874569	-0.00438487390056
-8.82811536438	-69.4459969152	47.2642967315	-0.00439977785572	-0.00407717237249	-0.00426262337714
-9.04006873014	-69.4240563353	47.3426559453	-0.00449687568471	-0.00406341068447	-0.00425022048876
-8.57386007667	-69.6229993684	46.6321451130	-0.00424340879545	-0.00424310844392	-0.00448397686705
-8.65405225229	-69.4940708663	47.0926040490	-0.00431201420724	-0.00411827303469	-0.00431424612179
-8.49749063558	-69.5532502168	46.8812492258	-0.00422922568396	-0.00417109578848	-0.00438265735283
-8.21007918272	-69.7125490657	46.3123247655	-0.00406585168093	-0.00431870156899	-0.00457764836028
-8.31975306385	-69.5987118021	46.7188864212	-0.00414149835706	-0.00420965487137	-0.00443081976846
-8.14883560927	-69.6501337784	46.5352365058	-0.00405556894839	-0.00425446219742	-0.00448786607012
-7.83374017671	-69.7983187657	46.0060044083	-0.00388548732735	-0.00439046369866	-0.00466622598469
-7.96282913870	-69.6941962189	46.3778706468	-0.00396551843733	-0.00429151998833	-0.00453394372016
-7.76931453158	-69.7450549122	46.1962324564	-0.00387104344554	-0.00433516316116	-0.00458898814395
-7.44510909007	-69.8802277088	45.7134724685	-0.00370235391892	-0.00445834873244	-0.00474972929806
-7.57908037750	-69.7867564393	46.0472984312	-0.00378059898503	-0.00436992943287	-0.00463205808774
-7.45124868454	-69.8297331780	45.8938100787	-0.00371656799689	-0.0044082319364	-0.00468149594963
-7.04423400420	-69.9582191261	45.4349316924	-0.00351640209556	-0.00452231569216	-0.00482819415629
-7.06028428209	-69.8930025287	45.6678481119	-0.00353748514317	-0.00445779319853	-0.00474067265168
-7.25288915086	-69.8699126448	45.7503119827	-0.00362374773249	-0.00444138003513	-0.00472236145288
-6.63304950112	-70.0318839662	45.1718429779	-0.00332842743956	-0.00458204653114	-0.00490130111575
-6.62770626937	-69.9676772012	45.4011528530	-0.00333962147124	-0.00451772613451	-0.00481382431462
-6.85785995623	-69.9308065818	45.5328336364	-0.00344410142861	-0.00448863161728	-0.00477861892432
-6.21045107301	-70.1013740283	44.9236641845	-0.00313784368336	-0.00463766651228	-0.00496927974746
-6.41900547026	-70.0035167015	45.2731546375	-0.00324470619671	-0.00454662367702	-0.00484935101122
-6.22552354993	-70.0397746051	45.1436621248	-0.0031563967932	-0.00457653868943	-0.00488667842001
-5.77899647303	-70.1662213386	44.6920666477	-0.00294570438564	-0.00468879844993	-0.00503174960613
-5.73812182823	-70.0766369552	45.0120108743	-0.00294559495524	-0.0045978766866	-0.00490803690627
-6.01169738618	-70.0734084331	45.0235413105	-0.00306041911244	-0.00460328068584	-0.00491951219738
-5.33960684602	-70.2262804734	44.4775697379	-0.0027522998862	-0.00473533710465	-0.00508864596486
-5.52057631685	-70.1078396379	44.9005727219	-0.00284901470877	-0.00462230481207	-0.00493814097717
-5.29647966589	-70.1511941173	44.7457352953	-0.00274781393819	-0.00465879170224	-0.00498469546437
-4.89348420727	-70.2813887174	44.2807545808	-0.00255803670734	-0.00477715441957	-0.00513988127932
-5.07470985109	-70.1800354157	44.6427306584	-0.00265052798204	-0.00468096090481	-0.0050120591186
-4.88414258952	-70.2139246471	44.5216976890	-0.00256559439003	-0.00470921536908	-0.00504817441106
-4.43722122379	-70.3318937138	44.1003795936	-0.00236132647842	-0.00481450883672	-0.00518582481891
-4.46140015532	-70.2631622707	44.3458490331	-0.002382325707	-0.00474622147158	-0.00509409001097
-4.65987552297	-70.2401841861	44.4279136209	-0.00246824044734	-0.00472893705592	-0.00507256342098
-3.97220796152	-70.3775266324	43.9374048842	-0.00216268515214	-0.00484717776999	-0.00522627355531
-4.22945101752	-70.2873722460	44.2593848359	-0.00228257314302	-0.00476388074458	-0.00511602638289
-4.03470929588	-70.3150886618	44.1603976365	-0.00219787587412	-0.00478620640934	-0.00514472043142
-3.50460741210	-70.4177450499	43.7937676790	-0.00196460774168	-0.00487478729337	-0.00526082934812
-3.58984858774	-70.3462558459	44.0490862647	-0.00200983136892	-0.0048052626662	-0.00516783678904
-3.80175303583	-70.3365202700	44.0838561785	-0.00209857872687	-0.00480126217008	-0.00516355177388
-3.03301725931	-70.4527915245	43.6686016982	-0.00176634732634	-0.00489753624424	-0.00528979534283
-3.11955273481	-70.3825679145	43.9194003055	-0.00181121448986	-0.00482921721414	-0.00519833760336
-3.35530260908	-70.3650461675	43.9819779731	-0.00191059429199	-0.0048178373836	-0.00518377218395
-2.55468100777	-70.4828836032	43.5611299884	-0.00156662671361	-0.00491556571797	-0.00531341554597
-2.88259895782	-70.3988211212	43.8613531387	-0.00171167962253	-0.00483940169215	-0.00521153816953
-2.65421904655	-70.4085074469	43.8267591180	-0.00161664944608	-0.00484331976622	-0.00521657289937
-2.06984825976	-70.5079438054	43.4716292665	-0.00136544264387	-0.00492880074307	-0.00533167086542
-2.16371889656	-70.4476039257	43.6871288368	-0.00141077151056	-0.00487042078748	-0.00525328982621
-2.41291827088	-70.4223310579	43.7773890791	-0.00151592004113	-0.00485116709024	-0.00522713363171
-1.58157576194	-70.5277770324	43.4007963128	-0.00116394739598	-0.00493711326271	-0.00534445839003
-1.69700864448	-70.4531638624	43.6672719200	-0.00121902767569	-0.00486485147849	-0.00524717476219
-1.92027858370	-70.4588351985	43.6470171482	-0.00130980473477	-0.00487582897767	-0.00526112597436
-1.09137568815	-70.5423285012	43.3488267813	-0.000962655351032	-0.00494047487155	-0.00535178603604
-1.45226994252	-70.4617630280	43.6365606142	-0.00111797417048	-0.00486778700724	-0.00525224488229
-1.25592539568	-70.4883233371	43.5417023674	-0.00103503395803	-0.00488993851468	-0.00528307817876
-0.600136027594	-70.5515851547	43.3157673048	-0.000761802424677	-0.00493886927143	-0.00535370456055
-0.801169848636	-70.4865782776	43.5479347228	-0.000849493488204	-0.00487801060081	-0.0052704247646
-1.01055780149	-70.4942744460	43.5204484071	-0.000934262061492	-0.00489037390798	-0.00528533384204
-0.108220134065	-70.5555414112	43.3016378171	-0.00056141987443	-0.00493228854612	-0.00535024702549
-0.316419046	-70.4843166699	43.5560118931	-0.000651858863421	-0.00486526405439	-0.00525806471705
-0.555390756879	-70.4898817999	43.5361364291	-0.000748890684918	-0.00487596075982	-0.0052699255757
0.383841989116	-70.5541766705	43.3065118911	-0.00036161459866	-0.00492070335895	-0.00534143578261
-0.0703748366019	-70.4849661765	43.5536922270	-0.000551456178073	-0.00486072897911	-0.00525486981496
0.206090714394	-70.4836849223	43.5582681345	-0.000438849907368	-0.00485372683033	-0.00524911750108
0.875446144032	-70.5474625999	43.3304907146	-0.000162515803822	-0.00490408577025	-0.00532728107646
0.728481569053	-70.4803862663	43.5700490490	-0.000226283125812	-0.00483989529312	-0.00523864058778
0.452016018057	-70.4816675204	43.5654731415	-0.00033878890099	-0.0048467060551	-0.00524330232292
1.36618942942	-70.5353587148	43.3737188758	3.58143515768e-05	-0.00488238409162	-0.0053077917546
1.25028125234	-70.4751895035	43.5886089162	-1.4271735381e-05	-0.00482451589778	-0.00522772688419
0.974067571557	-70.4756856194	43.5868370737	-0.000126601342345	-0.00483036506921	-0.00523021211848
1.85546633705	-70.5178224682	43.4363483279	0.000233234008192	-0.00485556339845	-0.00528296735138
1.49534497209	-70.4677812632	43.6150669173	8.49853167892e-05	-0.00481244502589	-0.00521668046713
1.70297780124	-70.4719389260	43.6002181215	0.000169518854818	-0.00481266807765	-0.00522169284523
2.34218445509	-70.4948888648	43.5182540543	0.000429406034527	-0.00482367770746	-0.00525291543454
2.13861950228	-70.4341808389	43.7350684326	0.000344966509147	-0.00476703187451	-0.00517107360065
1.94710049909	-70.4618143931	43.6363771674	0.000268212286755	-0.00479802954942	-0.00520791579038
2.82323355125	-70.4667772328	43.6186527399	0.000623169296887	-0.00478702178225	-0.00521797174588
2.64035352430	-70.4158952754	43.8003740165	0.000548043404706	-0.00473982375115	-0.00514858169481
2.38112694870	-70.4213812506	43.7807812479	0.000443018361693	-0.00474991928786	-0.00515461852774
3.29721924663	-70.4336880613	43.7368283526	0.000814062659629	-0.00474585453048	-0.00517842918634
2.87881676498	-70.4006039816	43.8549857801	0.000644382555038	-0.00472045363858	-0.0051298411563
3.08708197499	-70.3980259796	43.8641929300	0.000728700251784	-0.00471425056458	-0.00512833800167
3.76602216445	-70.3955705837	43.8729622012	0.00100292568095	-0.00470016803592	-0.00513427751139
3.45285470612	-70.3429440603	44.0609140705	0.000876239850186	-0.00465364335105	-0.00505902571604
3.32252279621	-70.3802413438	43.9277094864	0.00082377763465	-0.00469260616228	-0.00510722771287
3.65544305514	-70.3526282395	44.0263277162	0.000958262186032	-0.00465974071994	-0.00507501233369
4.23257066496	-70.3521523042	44.0280274851	0.00119105051272	-0.00464976578951	-0.00508528202772
4.05916494585	-70.3046527789	44.1976686467	0.00112153869122	-0.00460601970553	-0.00501809734851
3.88871774512	-70.3323022123	44.0989206702	0.00105253804941	-0.00463589234278	-0.0050518065691
4.69281987838	-70.3037607764	44.2008543700	0.00137692433782	-0.00459522707388	-0.00503186602145
4.29233366020	-70.2815543943	44.2801628774	0.0012159482576	-0.00457972148433	-0.0049921865575
4.50881456759	-70.2452626910	44.4097761035	0.00130390666891	-0.00454102316871	-0.00494880694896
5.14252383826	-70.2509105980	44.3896050072	0.00155896495562	-0.00453736307099	-0.00497461529449
4.97137411187	-70.1960639870	44.5854857607	0.00149174139369	-0.0044866213575	-0.00489585241303
4.73582860008	-70.2199940329	44.5000213111	0.00139607512392	-0.0045131216757	-0.00492100883275
5.58554147545	-70.1931919261	44.5957431210	0.00173895957414	-0.00447600893676	-0.00491301994771
5.19398560357	-70.1684957485	44.6839437555	0.001582390978	-0.0044570476748	-0.00486607057974
5.38765146253	-70.1531960392	44.7385855744	0.00166102393996	-0.0044399080798	-0.00485226139426
6.02156340288	-70.1305865552	44.8193337313	0.00191709736828	-0.00441148411483	-0.00484697613865
5.60795752452	-70.1230458490	44.8462648250	0.00175107119139	-0.00440843682736	-0.0048200446181
5.75974682837	-70.0804110771	44.9985318676	0.00181433965918	-0.0043661291711	-0.00476893410087
6.44919088008	-70.0632312369	45.0598884396	0.00209325924516	-0.0043441648595	-0.00477650482208
6.19933475071	-70.0137243312	45.2366988172	0.00199578329921	-0.00429900083691	-0.0046985023655
5.97538006913	-70.0479669226	45.1144038480	0.00190316489898	-0.00433324370533	-0.00473445141688
6.86584753276	-69.9915116245	45.3160299123	0.00226684403606	-0.00427452195436	-0.00470179831609
6.41123219113	-69.9788172344	45.3613670201	0.00208394927904	-0.00426465179771	-0.00466168252751
6.64154772832	-69.9518924457	45.4575269796	0.00217936001718	-0.00423811050132	-0.00463703554124
7.27094401996	-69.9155415498	45.5873516077	0.00243805674836	-0.00420260475948	-0.00462274160236
6.84624768127	-69.9151009983	45.5889250062	0.0022656051442	-0.00420284410939	-0.00459842896089
7.05531505411	-69.8907132981	45.6760239354	0.00235290359706	-0.00417954474688	-0.00457718363032
7.66524974476	-69.8351772098	45.8743671078	0.00260763103142	-0.00412824796513	-0.00453881407157
7.42564605923	-69.8190643266	45.9319131192	0.00251158326864	-0.00411268509924	-0.00450255256146
7.25561914159	-69.8515404806	45.8159268548	0.00243852124549	-0.00414282176644	-0.00453608110547
8.04620185729	-69.7510305380	46.1748909358	0.00277485209517	-0.00405169650912	-0.00445036916062
7.76983837089	-69.7251783411	46.2672202103	0.0026646333281	-0.00402629701421	-0.0043976623565
7.61959759175	-69.7778957876	46.0789436157	0.00259597948752	-0.00407478678972	-0.00445910776034
8.41452306862	-69.6630633346	46.4890595194	0.00294024706818	-0.00397252989933	-0.00435710232705
7.95679822019	-69.6822256327	46.4206227403	0.00274782441556	-0.0039872401394	-0.00435192324221
8.13554816898	-69.6531709678	46.5243894008	0.00282615423203	-0.00396128324792	-0.00432466343045
8.77195883449	-69.5708824415	46.8182769946	0.00310476915911	-0.00388999003917	-0.00425839656964
8.64495635631	-69.5451504381	46.9101770069	0.00305632594973	-0.00386477750726	-0.0042143939063
8.41010987001	-69.5630633088	46.8462024686	0.00295506487601	-0.0038794525899	-0.00422186870128
8.31684562529	-69.6081734768	46.6850947259	0.0029085946735	-0.00392070971429	-0.00427632918581
9.11649086847	-69.4750024211	47.1607056388	0.00326755363494	-0.00380418472923	-0.0041546523571
8.82101732219	-69.4979804653	47.0786411953	0.00313885998912	-0.00382247474045	-0.00416346359998
9.44697012892	-69.3757948294	47.5150184664	0.00342802726664	-0.00371520733461	-0.00404610997066
9.04107415078	-69.3877165983	47.4724407204	0.00325363082811	-0.00372165627778	-0.00403042137623
8.98945043495	-69.4492953372	47.2525166528	0.00321921566501	-0.0037787288893	-0.00411012209952
9.25845697923	-69.3672364295	47.5455841805	0.00334999966435	-0.00370487826876	-0.00401948252693
9.76228961807	-69.2736854145	47.8796949481	0.00358555070125	-0.00362327857874	-0.0039331051521
9.51831768777	-69.2593015419	47.9310659219	0.00348483189009	-0.00360656832345	-0.00389326200821
9.42043932385	-69.3167314019	47.7259592788	0.00342992902733	-0.00365938805044	-0.00396364042535
10.0620353159	-69.1689278812	48.2538289956	0.00373978586867	-0.00352855352685	-0.00381576968357
9.67163605545	-69.2077250835	48.1152675590	0.00356267136522	-0.00355989835225	-0.00383546296507
9.85878696171	-69.1712590995	48.2455032162	0.00365191372111	-0.00352793000638	-0.0038013854064
10.3470731922	-69.0612919800	48.6382429287	0.00389109225944	-0.00343078188598	-0.00369366118684
10.0861203131	-69.0672459701	48.6169786781	0.00377670419402	-0.0034326526802	-0.00367847108282
10.0051557710	-69.1180958278	48.4353720434	0.00372841628268	-0.00347966235131	-0.00374118122272
10.6188615424	-68.9501527397	49.0351687868	0.00404021842405	-0.00332935620099	-0.00356590817682
10.3117356718	-68.9503149364	49.0345895129	0.00390655221418	-0.00332494173199	-0.00353764020838
10.2247459475	-69.0127941332	48.8114495243	0.00385140464641	-0.00338299502619	-0.00361591367982
10.8755776061	-68.8361307594	49.4423901449	0.00418618973345	-0.00322482991032	-0.0034330226481
10.4447867603	-68.8936355870	49.2370157609	0.00398073485121	-0.00327300233766	-0.00347155774944
10.5659030444	-68.8287024915	49.4689196731	0.00405280897394	-0.0032130186446	-0.00339295808226
11.1157836204	-68.7198408945	49.8577110910	0.00432816566899	-0.00311777414754	-0.00329553103074
10.8106757254	-68.7064537685	49.9055222553	0.00419791927561	-0.00310021848418	-0.00324653694406
10.6895594414	-68.7713868639	49.6736183430	0.00412440858781	-0.00316027575172	-0.00332516338676
11.3393707944	-68.6013472735	50.2809025948	0.00446603167802	-0.00300826178864	-0.00315334228799
10.9271430316	-68.6474936861	50.1160939781	0.00426818709821	-0.0030457591638	-0.00317576830275
11.0389382950	-68.5882602802	50.3276418565	0.00433710869402	-0.00299095595255	-0.00310414517298
11.5454560006	-68.4812411074	50.7098531878	0.00459914607927	-0.00289687165059	-0.00300698867068
11.1460614272	-68.5287535952	50.5401657313	0.00440466636792	-0.00293580209836	-0.00303164334036
11.3541687547	-68.4934949129	50.6660895967	0.00450950535014	-0.00290539814159	-0.00300380960107
11.7359669740	-68.3585083732	51.1481843814	0.00472870701924	-0.00278266798705	-0.00285507016815
11.5255502884	-68.3832878370	51.0596862966	0.00462520495057	-0.00280282762833	-0.00286695663817
11.4531124848	-68.4329185039	50.8824339145	0.00457497220486	-0.00284910132177	-0.00292912498116
11.9097298252	-68.2339154611	51.5931590674	0.00485392473638	-0.00266636838205	-0.00269833183847
11.6914783484	-68.2624409184	51.4912824343	0.00474446779117	-0.00268995738588	-0.0027141708415
11.6170601458	-68.3211501029	51.2816067752	0.00468902243301	-0.00274489470758	-0.00278912787326
12.0657943174	-68.1083496900	52.0416082502	0.00497399410233	-0.00254881451838	-0.00253773294389
11.7889543970	-68.1303698455	51.9629648374	0.00483937282115	-0.0025652050972	-0.00253710988909
11.7737532501	-68.2000134782	51.7142375778	0.00480543402955	-0.00263158348389	-0.00263468688354
12.2055694178	-67.9807901037	52.4971782012	0.00508992746472	-0.00242906110361	-0.00237178523093
11.9709857287	-68.0017774251	52.4222234816	0.00497388606891	-0.00244514062069	-0.00237393355928
11.8627326550	-68.0672550220	52.1883749213	0.00489794882014	-0.00250602373853	-0.00245527178049
12.3290576591	-67.8510164096	52.9606556801	0.00520182820037	-0.00230689882301	-0.00219994643703
12.0369239517	-67.9373522327	52.6523134547	0.00503072747961	-0.00238457019441	-0.00228900182992
12.1029395661	-67.8838255110	52.8434803179	0.00508360704407	-0.00233443127945	-0.00221964600496
12.4348577081	-67.7204088329	53.4271113111	0.00530846510082	-0.00218359474093	-0.00202380865812
12.1574161557	-67.7595901382	53.2871780780	0.00516242487356	-0.002216411056	-0.00204600719735
12.1604521152	-67.8184990857	53.0767889795	0.0051381289959	-0.00227284897119	-0.00213201995939
12.5226737316	-67.5896263404	53.8941916413	0.00540933804587	-0.00205976050347	-0.00184408808127
12.2057247570	-67.6943347716	53.5202329586	0.00521378871053	-0.00215472117998	-0.00195678672753
12.2364163045	-67.6220966167	53.7782263689	0.00526074925438	-0.00208606035449	-0.00185481784865
12.5927596476	-67.4586924110	54.3618128179	0.00550444982946	-0.00193544419017	-0.00166065967642
12.3151393821	-67.4818976621	54.2789369210	0.00536288693547	-0.00195306050591	-0.00165820901748
12.2759173387	-67.5565929114	54.0121681735	0.00530938990414	-0.0020239634905	-0.00176349387038
12.6452858777	-67.3276041594	54.8299851450	0.00559379672632	-0.00181061925832	-0.00147331680637
12.3457347698	-67.4164910585	54.5125319339	0.00540860136971	-0.00189088052139	-0.00156516046263
12.4608246177	-67.3593893626	54.7164665622	0.00549077568576	-0.00183799059596	-0.00149550137576
12.6804296692	-67.1958223523	55.3006344562	0.00567767536268	-0.0016847247025	-0.00128104479518
12.4827369886	-67.2937298641	54.9509647711	0.00553378928453	-0.00177538080607	-0.00140038284007
12.4643663665	-67.2418552877	55.1362311154	0.00555124692619	-0.00172532733995	-0.00132004800253
12.4329863451	-67.1078153570	55.6149451536	0.00560539262369	-0.00159622216597	-0.00111320475116
12.4775608132	-67.1757548588	55.3723040757	0.00559136131778	-0.00166211184114	-0.00122230011038
-4.35991140671	-66.7689132391	56.8253098605	-0.00320073938929	-0.0015209284611	0.000114021371701
-4.04255147253	-66.8878106536	56.4006762371	-0.00298311375082	-0.00162389874458	-7.77658060542e-05
-4.32586687718	-66.9154462047	56.3019778402	-0.0031227231957	-0.00164650275838	-0.000142025965033
-4.07011632402	-66.7613618706	56.8522790337	-0.00304794986732	-0.00151659431867	0.000144423785969
-3.92996086888	-66.8207665075	56.6401196162	-0.00294865923934	-0.0015677078627	4.63616015622e-05
-4.48691792234	-66.8392197507	56.5742151759	-0.00323891500011	-0.00158046919387	-1.83305019164e-05
4.28399050761	-67.0924612702	55.6697811777	0.00159506732598	-0.00166808743961	-0.000357600772986
3.86799096005	-67.1809580087	55.3537213975	0.00135575491004	-0.00175541825593	-0.000491667306051
4.03361545206	-67.2449111725	55.1253172410	0.00142690585926	-0.00180581666064	-0.000602560234256
4.46658711309	-67.1540325528	55.4498837400	0.00167362310458	-0.00171610421967	-0.000467326433863
4.31971992006	-67.2354357386	55.1591580766	0.00157676986419	-0.00179033214226	-0.00059662212152
4.00059918403	-67.1140113166	55.5928167265	0.00144116813317	-0.00169460789766	-0.000384083774406
-1.16937078979	-65.2331976247	62.3100084831	-0.00180462002754	-0.000453440472484	0.00369804282673
-0.896344003447	-65.2268635672	62.3326301173	-0.00158212345559	-0.000470482598757	0.00372946914285
-0.72773263603	-65.1625173735	62.5624379519	-0.00145261338912	-0.000418125564465	0.00393112935126
-1.08693108147	-65.1052670767	62.7669032976	-0.00176662369631	-0.000328332273057	0.0040879053995
-0.855860403131	-65.1090927565	62.7532401554	-0.00157084339298	-0.00035195419332	0.00408903183416
-1.23858196629	-65.1598704130	62.5718913823	-0.00187928427476	-0.000373191462131	0.0039130221121
1.16380115113	-68.8935878417	49.2371862798	-0.000110223598313	-0.00331195839681	-0.00305611500517
0.691453997318	-68.7901773948	49.6065093041	-0.000324753927998	-0.00322467484511	-0.00291116512381
0.910823608903	-68.7525734249	49.7408091968	-0.000226342774113	-0.00318686361425	-0.00285615958273
0.709399652935	-68.8638524878	49.3433839722	-0.000314567907481	-0.00329184345901	-0.00301603786647
0.935409501393	-68.9132524070	49.1669556892	-0.000212036189623	-0.00333362724632	-0.00308488192968
1.20971121401	-68.8289086026	49.4681835620	-9.03353575268e-05	-0.0032519211527	-0.00296407216229
1.07837814527	-68.7897819762	49.6079215136	-0.000149962826981	-0.00321818306111	-0.00290866126306
6.29485107929	-65.9115889878	59.8871821864	0.00313870515674	-0.000525512034073	0.00168954918627
6.12773944371	-65.8559885824	60.0857550629	0.00307564414106	-0.000479796086438	0.00181893561967
6.33270752306	-65.7535464610	60.4516197822	0.00323981186375	-0.000368488603272	0.0020057009533
6.57914077703	-65.7702368008	60.3920114257	0.00336544215679	-0.000373103190213	0.00194306613412
6.54232956698	-65.8980953688	59.9353736829	0.00327948876657	-0.000500819121953	0.00169031752739
6.17641021789	-65.7986204688	60.2906411829	0.00313125364482	-0.000421094184276	0.00193076697178
6.64894592845	-65.8322788495	60.1704326804	0.00337097700685	-0.000431386812124	0.00180990807712
-6.77640912704	-68.0851307174	52.1245331522	-0.00389993283898	-0.0027153454721	-0.00217470503412
-6.53758021714	-68.0913141643	52.1024494133	-0.00378707796335	-0.00271626957692	-0.00216626096517
-6.94944421066	-68.1380839756	51.9354143728	-0.00396217778325	-0.0027680483181	-0.00226613832638
-6.34713035514	-68.1340304869	51.9498911182	-0.00368487066589	-0.00275191664696	-0.00221602758393
-6.47943668854	-68.2109449255	51.6751966946	-0.00372166512534	-0.00282572861761	-0.00233899033628
-6.89667873163	-68.1958513676	51.7291022585	-0.00391868920997	-0.00282061169855	-0.00234723021276
-6.73976139785	-68.2435635950	51.5587014464	-0.00383110227995	-0.00286157405935	-0.00240565487184
6.99691711024	-68.1842925527	51.7703837403	0.00263417279348	-0.00259707705118	-0.00219435896724
6.69617990371	-68.3318768148	51.2432970899	0.00246013584547	-0.00273461011238	-0.00239171553403
7.21604396268	-68.2374709798	51.5804607865	0.00272130407393	-0.00264475517906	-0.00228577572852
6.57909434859	-68.2620478584	51.4926862200	0.00242271926254	-0.00267127738334	-0.0022835326381
6.95836501671	-68.3391545933	51.2173050240	0.00257814838551	-0.00273979781196	-0.00241761957295
6.73687577199	-68.1906017111	51.7478510319	0.00251259887591	-0.00260463869199	-0.0021880636923
7.12131068876	-68.2934256747	51.3806225904	0.00266374205239	-0.00269681354985	-0.00236125616357
-7.11577159129	-65.7293709824	60.5379607773	-0.00527253886685	-0.000531196536031	0.00183369219303
-6.83812053211	-65.6954163750	60.6592272322	-0.00514564756304	-0.000500484951772	0.00194682285655
-7.29259283263	-65.7920260802	60.3141925708	-0.0053240545094	-0.000591839372646	0.0016795542324
-6.63428069885	-65.7628398790	60.4184290034	-0.00498942192644	-0.000570196425542	0.0018385356525
-6.74560953007	-65.8314754899	60.1733018217	-0.00500384764746	-0.00063595426036	0.00168221676722
-7.04742387390	-65.8454617098	60.1233510365	-0.00515644531697	-0.000646266853437	0.00161006499548
1.34253731958	-66.1220712962	59.1354596563	0.000118744253996	-0.00102471606806	0.00149569858331
1.35608286019	-66.2429092853	58.7038954097	0.000109037551738	-0.00110687105916	0.00124920369126
1.78015623429	-66.2080876828	58.8282582757	0.000384386308724	-0.00106151716318	0.00131719058845
1.19540616482	-66.1860972471	58.9067955461	1.36385242513e-05	-0.00107503018808	0.00136435905006
1.74155026616	-66.1293705554	59.1093908736	0.000376164331101	-0.00100786425173	0.00147858797573
1.59571080818	-66.2380396745	58.7212868769	0.000261967506958	-0.00109220889863	0.00125802285038
1.53840189734	-66.1066291549	59.1906101609	0.000249289500061	-0.00100372266024	0.00152707018424
-1.33577760008	-67.8200163537	53.0713701652	-0.00135238177609	-0.00239587016404	-0.00150413427036
-1.42262722709	-67.8830291026	52.8463246336	-0.00138731801417	-0.00245144264773	-0.00160329800565
-1.58179131533	-67.7836051945	53.2014100198	-0.00147981708869	-0.0023679183796	-0.00145375181455
-1.82317130574	-67.8117697675	53.1008222590	-0.00159571901895	-0.00239537842572	-0.00150384719018
-1.67861966229	-67.8776674617	52.8654733509	-0.00151434948202	-0.0024503855966	-0.00160154653713
8.79882464319	-67.0349813837	55.8750664867	0.00388935906813	-0.00152050319593	-0.000565554888453
8.22855804387	-67.0851894622	55.6957519206	0.00358875538222	-0.00157397228759	-0.000593475007918
8.17891798886	-67.0173527345	55.9380259481	0.00359306321479	-0.00151158787776	-0.000478438712889
8.37270447000	-66.9516405821	56.1727122070	0.00371702527627	-0.0014476524666	-0.000388484448195
8.67494332530	-66.9753622543	56.0879919490	0.00385516718961	-0.00146600499284	-0.00045644689817
8.46122076812	-67.1084365196	55.6127267157	0.00369275221601	-0.00159276579507	-0.000652222312056
8.66752229582	-67.0838543376	55.7005202228	0.00380392209627	-0.00156758353114	-0.000631875940599
-8.69015656034	-66.9811818446	56.0672076978	-0.00528201134875	-0.00172692688648	-0.000644522777293
-8.45010511992	-67.1054752360	55.6233027286	-0.00510119227692	-0.00183892063797	-0.000817485793959
-8.21309187130	-67.0925959113	55.6693003169	-0.00499387225136	-0.0018234992167	-0.000770434446167
-8.15781257180	-67.0218101845	55.9221064839	-0.0050036739558	-0.00175717333332	-0.000649347726721
-8.66255503020	-67.0583821189	55.7914924327	-0.00522753130645	-0.00179841788486	-0.000766050245147
-8.35039395136	-66.9645921466	56.1264566192	-0.00512707792223	-0.00170663092285	-0.00057757209288
-2.51971364636	-69.5711038775	46.8174861517	-0.00166807253845	-0.00401698006317	-0.00407127151266
-2.50201499910	-69.4493765192	47.2522267171	-0.00167666363996	-0.00389984389767	-0.00390242622234
-2.13749215375	-69.5056796539	47.0511440934	-0.0015124323545	-0.00394582515582	-0.00396879110485
-2.24140625176	-69.4301408620	47.3209254928	-0.0015666737454	-0.00387585023418	-0.00386739755049
-2.56833150728	-69.5114486046	47.0305406979	-0.00169689231552	-0.00396074494347	-0.00399053422734
-2.30171490131	-69.5716463823	46.8155486347	-0.0015746394638	-0.00401268014684	-0.00406495900825
2.37307110520	-64.5283648158	64.8272685149	0.00119705265388	0.000704888370819	0.00558382133022
2.12580943168	-64.5508337567	64.7470222977	0.00100236851722	0.000642536731903	0.00557136582211
2.50055524399	-64.4466906316	65.1189620299	0.00130198663101	0.000843438785523	0.00577123835683
1.95681836540	-64.4902556831	64.9633725604	0.000869509822223	0.000721477845218	0.00576354097575
2.12111138902	-64.4105623133	65.2479917383	0.00100522639696	0.000865217589308	0.00594087457284
2.34130046319	-64.4166847944	65.2261257342	0.00118014379404	0.000875259167515	0.00588145665824
-3.77954818447	-64.6192921428	64.5025280613	-0.00391646940261	0.000591276155319	0.0050613633357
-3.94410225548	-64.4941933664	64.9493094058	-0.00407504662871	0.000767499324866	0.00534708425403
-3.75362345436	-64.5508132500	64.7470955356	-0.00392151065171	0.000682360085193	0.00524549558759
-4.16616741891	-64.5011328612	64.9245254956	-0.0042279465124	0.000766643381212	0.00527627812698
-4.23823475937	-64.6072402166	64.5455706549	-0.00423521455377	0.000630197057035	0.00498852087185
-4.25495393655	-64.5537338534	64.7366648093	-0.00426835753024	0.000700700446032	0.00512114074081
-4.01456380589	-64.6362884170	64.4418270823	-0.0040718014352	0.000581530039199	0.00496470555663
3.71289869978	-69.4866485717	47.1191122440	0.000991411041468	-0.00382930226624	-0.00390364322811
3.72324924077	-69.3030118294	47.7749577521	0.00100382347591	-0.00365711585619	-0.00365047692321
3.98276725302	-69.3266619392	47.6904930742	0.00111405376811	-0.00367633788846	-0.00368865416385
3.51036856246	-69.3455703554	47.6229630164	0.000910386675969	-0.00369938649237	-0.00370541564189
4.00093823437	-69.4564382457	47.2270062655	0.0011150718201	-0.00379761005752	-0.00386804249138
4.05796751744	-69.3909849492	47.4607680386	0.00114267424215	-0.00373567640781	-0.00377917615697
3.49480365817	-69.4241082147	47.3424706617	0.000900755112525	-0.00377319520339	-0.00381358782761
-2.97159177830	-66.0029952959	59.5607310861	-0.00274910731241	-0.000920852762647	0.00167929206509
-2.34123553726	-65.9870784185	59.6175770769	-0.00236030621454	-0.000937783857808	0.00173880520742
-2.77623361685	-66.0631956413	59.3457298525	-0.00260097486898	-0.000976620009169	0.00155930907931
-2.50166624605	-65.9315244303	59.8159841774	-0.00248685106635	-0.000888488721102	0.00185489107389
-2.83693692861	-65.9328229736	59.8113465228	-0.00269844429567	-0.000871965894476	0.00183816300705
-2.48257549740	-66.0500366354	59.3927263020	-0.00242364569567	-0.000978644238785	0.0015984880738
-0.290069231744	-67.0088321617	55.9684565653	-0.000888960086741	-0.00171205506194	-0.000169087536051
0.246157858837	-66.9721843971	56.0993414391	-0.000590235169511	-0.00167515757494	-0.000100811725133
0.0379078311104	-67.0366530953	55.8690960883	-0.000704302685335	-0.00172923260834	-0.000213101302506
0.0975106562771	-66.9034561423	56.3447994918	-0.00067673868034	-0.00162420945708	1.70809835254e-05
-0.29372717268	-66.9365413202	56.2266381420	-0.000896723242477	-0.0016555552138	-4.45038494945e-05
-0.130410733402	-66.9005323554	56.3552415880	-0.000806648109574	-0.00162541947793	1.99753085326e-05
2.65851538626	-67.9328971772	52.6682243670	0.000624231703114	-0.00242849206552	-0.00165760575328
2.39999595157	-67.9493112517	52.6096026725	0.000496641499922	-0.0024472749792	-0.00167927227449
2.64826663216	-68.0921074695	52.0996161804	0.000604594941251	-0.00256829382852	-0.0018977529835
2.40334964773	-68.0827078951	52.1331860891	0.000487697543576	-0.00256402278319	-0.00188067229465
2.81922031269	-68.0305784615	52.3193626376	0.000692569359671	-0.0025113360025	-0.00180779502261
2.28300652430	-68.0232282509	52.3456133896	0.000434025918366	-0.00251383171417	-0.00178992480505
2.76516287222	-67.9733446083	52.5237692561	0.000672128342558	-0.00246202247217	-0.00172053882852
4.50538594596	-65.2084625841	62.3983479138	0.0024586818181	6.55489202472e-05	0.003444183385
4.21245368130	-65.0763273964	62.8702592985	0.00233347225003	0.000185347947991	0.00381154334173
4.03201055241	-65.1419783811	62.6357914962	0.00219650682993	9.05477063498e-05	0.0036741362419
4.47948013675	-65.0561871499	62.9421887505	0.00250546517782	0.000235505358432	0.0038189496845
4.70480359625	-65.1002749118	62.7847324579	0.002624389017	0.000205596763408	0.00367571110837
4.22418786095	-65.2053722597	62.4093847867	0.00228949752636	4.05687424063e-05	0.00349019677378
4.73302496086	-65.1725782729	62.5265061681	0.00261064735241	0.000126586586703	0.00349775049835
-4.21874156155	-68.8444445109	49.4126981755	-0.00253115990199	-0.00336598651484	-0.00312264217064
-4.79495478103	-68.8628366146	49.3470120909	-0.00278477114625	-0.00339604564942	-0.00317765353248
-4.57634797298	-68.9235424921	49.1302053853	-0.00267446879297	-0.00344810099341	-0.00325247878209
-4.33304643324	-68.7788946646	49.6468047694	-0.0025958607439	-0.00330728734843	-0.00303471996449
-4.33230953094	-68.9080079423	49.1856859203	-0.00256904005073	-0.00342800095677	-0.00321839097887
-4.58147465782	-68.7843294649	49.6273947683	-0.00270627299324	-0.00331775122322	-0.00305487238802
-1.42990614569	-64.2474438091	65.8305578247	-0.00213859556243	0.00103234825656	0.00649115210399
-1.20331670207	-64.3769607401	65.3679973569	-0.00193645688705	0.000805973424576	0.00618909671903
-1.12068361995	-64.2345436885	65.8766296839	-0.00186628091615	0.00104678713251	0.00656135985628
-1.05195312432	-64.3299107387	65.5360330760	-0.00180338404607	0.000882262305822	0.00632763514295
-1.03457459966	-64.2885159220	65.6838717072	-0.00178855564445	0.000953218957875	0.00643480150029
-1.41886458202	-64.3243770543	65.5557962345	-0.00212632468902	0.000903670676053	0.00629731826484
1.02961998426	-69.4771857372	47.1529080816	-0.000154016714077	-0.00385872018524	-0.0038729889784
0.753474325122	-69.3864246515	47.4770548162	-0.000276478618616	-0.00377749046311	-0.00374908978119
0.520595946456	-69.4083131650	47.3988815535	-0.000375937845092	-0.0038021018263	-0.00378133845516
0.919279203267	-69.5359004090	46.9432128249	-0.000198876063223	-0.00391627429053	-0.00395461171865
0.640711673536	-69.5350088193	46.9463970738	-0.000318003469147	-0.00392017001286	-0.00395540008321
0.463177403106	-69.4778809801	47.1504250712	-0.000397040013922	-0.0038689726498	-0.00387815269642
0.926318296733	-69.4277052535	47.3296240948	-0.000200295704417	-0.00381360156462	-0.00380514515564
9.61495817871	-65.9035180140	59.9160070928	0.00489041628316	-0.000422226527007	0.00127617816906
9.02691641665	-65.8820188246	59.9927899123	0.00459919171408	-0.000409031461459	0.00140303513035
9.47734348250	-65.9674051945	59.6878385909	0.00478154420853	-0.000487255485496	0.00118136801757
9.17525687212	-65.9534272654	59.7377597666	0.00463420292363	-0.000477587105706	0.00125061022118
9.45379097287	-65.8328912999	60.1682453576	0.00484968209639	-0.000353693874786	0.00142930122092
9.22407982373	-65.8334873447	60.1661166260	0.0047301845625	-0.0003574466391	0.0014632520033
-9.18131175186	-68.0857131735	52.1224529516	-0.00500490143895	-0.00277287350036	-0.00238247215748
-9.64707929095	-68.1053700513	52.0522498166	-0.00520923128352	-0.00280474149622	-0.00245675398037
-9.53901372504	-68.1498425872	51.8934193313	-0.00514242425561	-0.00284405751154	-0.00251014577225
-9.63451508334	-68.0551983447	52.2314344831	-0.00522377062589	-0.00275650247931	-0.00238297879696
-9.35952422946	-68.0271917711	52.3314579602	-0.00510960817337	-0.00272216112353	-0.00231485976838
-9.29872102436	-68.1442931165	51.9132388696	-0.00503541063517	-0.00283185089938	-0.0024786668364
4.97477774943	-66.5068256965	57.7613367982	0.00215392536484	-0.00113643764053	0.000642304948997
5.09192442274	-66.5898787552	57.4647187315	0.0021854985971	-0.00120469508693	0.000483878568048
5.41202317455	-66.4366877208	58.0118295686	0.00241842097603	-0.00105537322816	0.000746514066122
5.12882006172	-66.4424985648	57.9910765541	0.00226287054829	-0.00107289163861	0.000752988562454
5.40880179130	-66.5846971957	57.4832243011	0.00235707475804	-0.00118775083683	0.000475180102512
5.49576778462	-66.5165383796	57.7266486443	0.00243066740222	-0.00112349027768	0.000593923032284
-5.69008967250	-67.4867628933	54.2615610953	-0.00359482783824	-0.00215340196155	-0.00117854389828
-5.57487806270	-67.5760986019	53.9425049933	-0.00350615940988	-0.00223219906911	-0.00131181813776
-5.27016110334	-67.4102571061	54.5347960498	-0.00341651425697	-0.00208120327443	-0.00102761585731
-5.09132141212	-67.4799946677	54.2857333295	-0.00330316205509	-0.00214146263897	-0.00112779438496
-5.26275854545	-67.5577031798	54.0082029295	-0.0033603834454	-0.00221226597205	-0.00126214150805
-5.51978303783	-67.4166804760	54.5118554430	-0.00353742297739	-0.00208910251968	-0.00105479406193
3.23507624161	-68.8276692335	49.4726098804	0.000818427011836	-0.00322222430259	-0.00297623616643
3.00410965400	-68.8178196245	49.5077870552	0.000715681002475	-0.00321612227708	-0.00295872450806
3.41633323996	-68.7651438817	49.6959147082	0.00090427120449	-0.00316264363937	-0.0028906497173
3.30798383983	-68.6930800530	49.9532855251	0.000861146021634	-0.00309812091291	-0.00278599699959
2.87682648231	-68.7531785851	49.7386479104	0.000662345672026	-0.0031586070545	-0.00286506582052
3.01997717638	-68.6927158342	49.9545863065	0.000730853236746	-0.00310152443126	-0.00278078601696
1.41220058173	-65.0824230341	62.8484891640	0.000383270293241	-0.000223477371037	0.00413923803717
1.67293164285	-65.0563606301	62.9415691784	0.000595209829044	-0.000153167726239	0.00419448083267
1.84319392733	-65.1172845919	62.7239836005	0.000715662667062	-0.000197565284907	0.00400021346286
1.74813378520	-65.1841969328	62.4850109544	0.000628316716757	-0.000285505899228	0.00381367420778
1.44329455795	-65.1974930181	62.4375249355	0.000388261832995	-0.000344738509739	0.00379546033219
1.33673717060	-65.1442452934	62.6276953806	0.000312608142849	-0.000304021785269	0.00395968044177
-1.46266099047	-68.8404191009	49.4270746395	-0.0012936189305	-0.0033076221589	-0.00301695242524
-1.82046971028	-68.9287773212	49.1115095673	-0.00144402624574	-0.00339587708004	-0.00315209128894
-1.53769249424	-68.9058430709	49.1934176041	-0.0013201032998	-0.00336935650557	-0.00311198807321
-1.91106053661	-68.7999192602	49.5717169278	-0.00150065578055	-0.00327858654782	-0.0029710829258
-1.60570196488	-68.7849083795	49.6253272160	-0.0013644330902	-0.00325918826275	-0.00294128013775
-1.93705889458	-68.8663103956	49.3346057300	-0.00150399678387	-0.00334028084762	-0.00306657049805
-3.14526385929	-65.2159327908	62.3716686042	-0.00325491372496	-0.00020375965687	0.00357474037446
-3.48799047066	-65.3002676300	62.0704727501	-0.00343606225215	-0.000258371175732	0.00331265199929
-2.99646157180	-65.2691863622	62.1814772780	-0.00313140708022	-0.000276229286101	0.00344901229255
-3.12146103702	-65.3361564708	61.9422983184	-0.0031813501846	-0.000331075541908	0.00325906951912
-3.35140823618	-65.3422057285	61.9206938268	-0.0033272576984	-0.000314365024678	0.00321965804324
-3.36602430592	-65.2272900356	62.3311070158	-0.00339388218708	-0.000193024199689	0.00351772340946
7.71107013985	-65.1560156374	62.5856584377	0.00432451860979	0.000310371717205	0.00303741055541
8.02713744744	-65.2719639411	62.1715573533	0.00443013058975	0.00019492454885	0.00274351495318
7.78945503580	-65.2676130699	62.1870961791	0.00430247141048	0.00019306280592	0.00279393815435
8.12953988561	-65.2164532424	62.3698098485	0.00451948912814	0.000256451312453	0.00283766700886
7.96043084188	-65.1607260277	62.5688356153	0.00445980671793	0.000311972224154	0.00298201502301
7.58800771630	-65.2060310404	62.4070319988	0.00422724196687	0.000252865691436	0.0029560260009
-5.66272496537	-65.2507228152	62.2474185173	-0.00478035211563	-6.91146124154e-05	0.00311366142705
-5.29632534425	-65.1074092101	62.7592528212	-0.0046520633623	7.43174605304e-05	0.00351809244603
-5.20766442310	-65.1867135096	62.4760231800	-0.00455209845677	-1.74067372427e-05	0.00334383291192
-5.58633743761	-65.1206581554	62.7119351591	-0.00481654843315	7.048779662e-05	0.00343218166381
-5.37327043360	-65.2476001477	62.2585709010	-0.00461310055107	-7.66086741351e-05	0.00317084719427
-5.75857043829	-65.1812571336	62.4955102371	-0.00488006696105	9.40889094636e-06	0.00325782876462
5.62090221821	-68.8515287601	49.3873972855	0.00187706691213	-0.00322057679296	-0.00307944975793
5.14753042400	-68.9149061828	49.1610493472	0.00165907735936	-0.00328275887296	-0.00314965308644
5.522694428	-68.7775000200	49.6517856430	0.00184478983283	-0.00315286428668	-0.00297100050375
5.06278598425	-68.8344048587	49.4485540762	0.0016321814619	-0.00320905214176	-0.00303336442448
5.47397064248	-68.9057333839	49.1938093432	0.00180425366852	-0.00327178649604	-0.00314944353886
5.25107748665	-68.7669250000	49.6895535715	0.00172537472099	-0.00314523396082	-0.0029451509472
9.67204025788	-68.0898883201	52.1075417138	0.00388996396214	-0.00250571547076	-0.00226135971025
9.10229152687	-68.1631056620	51.8460512071	0.00360544328578	-0.00257259514183	-0.00231759250164
9.17757621288	-68.1027189665	52.0617179767	0.00365947885439	-0.00251622009091	-0.00223608477972
9.41973767911	-68.0739616380	52.1644227215	0.00377995707095	-0.00248985923827	-0.00221533537842
9.25106880943	-68.2172112929	51.6528168111	0.00365583761595	-0.00262368912809	-0.00240876665339
9.68688044533	-68.1593082097	51.8596135369	0.00387309095822	-0.00257107825018	-0.00236353487708
9.49028956871	-68.2156260937	51.6584782367	0.00376501353458	-0.00262312032282	-0.00242735468782
-6.84057411565	-69.0167239278	48.7974145436	-0.0036531065125	-0.0035942196846	-0.00351862888783
-6.58734431867	-69.0572591598	48.6526458580	-0.00353149417788	-0.0036259572953	-0.00355828995816
-7.10144591823	-69.0552235108	48.6599160330	-0.00375742488541	-0.00363873597234	-0.00359061383642
-6.68506758216	-69.1191747946	48.4315185909	-0.00355865550227	-0.00368820573203	-0.00365129834972
-6.95343908542	-69.1223733909	48.4200950326	-0.00367511599325	-0.00369907636195	-0.00367398187518
-9.43091972945	-65.8249004623	60.1967840632	-0.00642170105129	-0.000636579934508	0.00124346266966
-9.27824960353	-65.8852749938	59.9811607364	-0.00629621045664	-0.000693273264915	0.0011613847455
-9.90846321577	-65.8926809036	59.9547110584	-0.00661418121308	-0.000711943139322	0.00102855893783
-9.74809523828	-65.8322691527	60.1704673117	-0.00657965661958	-0.000649659254123	0.00116863416042
-9.37952537019	-65.9600131418	59.7142387793	-0.00629122229293	-0.000767730933148	0.00100675376598
-9.65003701252	-65.9849401246	59.6252138406	-0.0064102942124	-0.000796560896561	0.000912549963687
-9.80494681017	-65.9487588341	59.7544327354	-0.00651722541079	-0.00076437194366	0.000948231550865
4.18411970199	-65.9128811480	59.8825673284	0.00195319950581	-0.00065807410283	0.00186091929208
3.76514424662	-66.0030350011	59.5605892817	0.00166872958653	-0.0007683064905	0.00169243977871
4.36804346116	-65.9680252602	59.6856240706	0.0020360769704	-0.000693909300026	0.00173338816967
3.93741187784	-66.0527421862	59.3830636208	0.00175001646858	-0.000798535591457	0.00158066442236
3.87895161189	-65.9325020831	59.8124925603	0.00176522834226	-0.000698868010659	0.00183622422628
4.22111451329	-66.0381912616	59.4350312084	0.0019210842438	-0.000766339071561	0.00159610679839
-4.11227600059	-67.9248915407	52.6968159260	-0.00269103422761	-0.00252492213622	-0.00176659424324
-4.31522583850	-68.0711361600	52.1745137142	-0.00275035365485	-0.00265886425041	-0.00199837889522
-3.89667082587	-67.9761886621	52.5136119212	-0.0025744875893	-0.0025675422512	-0.001834185794
-4.47716854063	-68.0146392866	52.3762882620	-0.00284198345616	-0.00261058285832	-0.00192165432964
-4.38231315329	-67.9382021146	52.6492781620	-0.00281716603786	-0.00254064472392	-0.00180070777424
-4.02972457044	-68.0467855155	52.2614803018	-0.00262076151557	-0.00263257464394	-0.00194744754117
5.27242250308	-64.5673190431	64.6881462746	0.00318755302578	0.000886748253834	0.00482781184837
5.11685471385	-64.4033182512	65.2738633884	0.00315268617123	0.00108404620551	0.00524354213849
4.98999957882	-64.5745051461	64.6624816210	0.00300501054153	0.000862370827235	0.00487793423235
4.80961012226	-64.4400954064	65.1425164058	0.0029372011777	0.00102276564576	0.00523723801598
4.79640006553	-64.5249955200	64.8393017145	0.00289822812192	0.000913673196919	0.00504089891911
5.26971308169	-64.4585290743	65.0766818774	0.00322974356823	0.00102166458964	0.00507823098451
5.33029230380	-64.5037858629	64.9150504895	0.00325013464317	0.000968231004663	0.0049597909674
-5.28172185703	-69.5738526353	46.8076691596	-0.00285001215525	-0.00408850051463	-0.00419616280124
-5.14771741699	-69.4036576287	47.4155084691	-0.00282637332566	-0.00391980726272	-0.00395404687151
-5.50772442192	-69.5274247826	46.9734829193	-0.00295611470938	-0.0040496326983	-0.00414475798607
-5.03748984601	-69.5367172199	46.9402956433	-0.00275269988924	-0.00404567969963	-0.00413195649162
-5.45651146648	-69.4378392919	47.2934311005	-0.00295254029334	-0.00396123575047	-0.00401828857139
-4.95689107309	-69.4535698793	47.2372504311	-0.00273421686143	-0.00396295590326	-0.00401297863573
8.44744941157	-68.9466800625	49.0475712053	0.00309731136076	-0.00330422609113	-0.00337867205963
8.87780637850	-68.9412397588	49.0670008614	0.00328567437828	-0.00330153550021	-0.0034037551377
8.63216070755	-69.0524581986	48.6697921477	0.00315284403041	-0.00340425153263	-0.00353922415525
8.86571990356	-69.0377180473	48.7224355453	0.0032571235206	-0.0033919904381	-0.00353662553243
8.70454037648	-68.9093790919	49.1807889575	0.00321807526052	-0.00327058299445	-0.00334604806267
8.93679830905	-68.9827623047	48.9187060546	0.00330111104995	-0.00334092439152	-0.00346601940691
8.47500324583	-69.0132501335	48.8098209516	0.00309390970506	-0.00336666870862	-0.00347319478169
6.26809118663	-67.8853368998	52.8380825006	0.00237057451159	-0.00233074976131	-0.00170748669188
6.13258680900	-67.9518102179	52.6006777930	0.00228952732868	-0.00239255465567	-0.00180032209028
5.83044232751	-67.8324144714	53.0270911736	0.00217566895299	-0.0022884644568	-0.00160439149477
6.11701894589	-67.8256390265	53.0512891909	0.00231428514235	-0.00227857544087	-0.00160886440426
5.81402781052	-67.9635490281	52.5587534710	0.00213605351746	-0.00240693218075	-0.00180179101881
5.69226806769	-67.8915986215	52.8157192090	0.00209526717663	-0.00234359502792	-0.00168744206894
-7.37325158263	-66.2466975187	58.6903660048	-0.00506318733096	-0.00102974218316	0.000791558297351
-7.44437573005	-66.1212727712	59.1383115313	-0.00518123665825	-0.000910456466954	0.00101706886198
-7.7019256292	-66.1296257443	59.1084794845	-0.00530913937837	-0.000918211822864	0.00096532976022
-7.31208357089	-66.1794340506	58.9305926763	-0.00507464911789	-0.000966174528003	0.000925262807868
-7.66079492209	-66.2377707016	58.7222474943	-0.00521682715043	-0.00102124363184	0.000770012033172
-7.74650793741	-66.1824573645	58.9197951267	-0.00529706524685	-0.000968723848928	0.000860563712195
-5.56656407834	-66.0299244662	59.4645554777	-0.00423751957715	-0.000847898889333	0.0014256084105
-5.51212641559	-66.0964439003	59.2269860705	-0.00416816072538	-0.000910677132197	0.00129706051666
-6.00058365231	-66.0463986075	59.4057192590	-0.00446404423565	-0.000854073732626	0.00134482723661
-5.90427654762	-66.1755255403	58.9445516418	-0.0043341871351	-0.000976039213128	0.00110016949475
-5.63362587956	-66.1508371321	59.0327245281	-0.00420246087015	-0.000958137505222	0.00117656064685
-6.06044493428	-66.1143846682	59.1629118994	-0.00445482647046	-0.000916704302654	0.00120321381837
-5.79272833608	-66.0212726857	59.4954546940	-0.00436649564654	-0.000834682839923	0.00141867040657
7.85650047349	-66.7038646797	57.0576261440	0.00357115152292	-0.00122485961765	7.58842579671e-05
7.53627506992	-66.6200403528	57.3569987400	0.00344758667052	-0.00115352694411	0.000250384677202
7.62195638143	-66.6864942298	57.1196634649	0.00346071156673	-0.00121359562036	0.000127435938339
7.73670333576	-66.5712347175	57.5313045804	0.00357216759585	-0.00110312143806	0.000316639547236
7.98826197174	-66.6030291272	57.4177531170	0.0036846017465	-0.00112753862049	0.000236763284192
8.04709515690	-66.6799360516	57.1430855299	0.00367809110321	-0.00119868014008	9.85999213299e-05
10.9159060131	-66.3461460571	58.3351926532	0.00528687052429	-0.000850278651342	0.000313709228067
11.2736455409	-66.4436187918	57.9870757437	0.005407969933	-0.000945706095081	9.97520401143e-05
11.1844230352	-66.3680838383	58.2568434347	0.00540783489123	-0.00087207526667	0.000237530126469
10.7667680246	-66.4811757925	57.8529435982	0.00513522792608	-0.000981240766123	0.000110447726911
11.0200275164	-66.5013103871	57.7810343317	0.00524925626814	-0.00100090145133	4.16165748902e-05
10.7108084148	-66.4106991533	58.1046458810	0.00514738960192	-0.000913013936952	0.000235457657254
-8.20745209166	-65.4003289192	61.7131110029	-0.00610362133011	-0.000196246590349	0.00230412045494
-7.71557485704	-65.4198101406	61.6435352122	-0.00582014489919	-0.000214719490032	0.00236274953932
-8.06562593109	-65.3524379750	61.8841500893	-0.00606297003105	-0.00014599430142	0.00243094656616
-7.82622495946	-65.3565440452	61.8694855528	-0.00592830916867	-0.000149388113641	0.00247157132253
-7.88957923611	-65.4676956803	61.4725154275	-0.00587935652584	-0.000264039816102	0.00223059183918
-8.09599882904	-65.4533952477	61.5235884009	-0.00600230600685	-0.000250063749263	0.00221912609413
9.67049711006	-67.1578063295	55.4364059662	0.00425730086863	-0.0016298587434	-0.000850930053275
9.73603013687	-67.2970981083	54.9389353273	0.00422719540074	-0.001760872663	-0.00107609876432
9.48983929487	-67.1999950659	55.2857319076	0.00415158038959	-0.00167032855097	-0.000898596015759
9.52090284843	-67.2671990261	55.0457177640	0.00413720216602	-0.00173337839078	-0.00100730801933
9.91751882367	-67.1853642689	55.3379847539	0.00436365278438	-0.00165513996035	-0.000920799968299
9.94926503333	-67.2601679433	55.0708287738	0.00434532668442	-0.00172570312861	-0.0010411280673
-11.4487292294	-66.6125572746	57.3837240193	-0.00683420430869	-0.00143363222014	-0.000457767921034
-10.9519780461	-66.5822269749	57.4920465181	-0.00661510508507	-0.00139450398274	-0.000324051012285
-11.1378644151	-66.5403687067	57.6415403331	-0.0067346827127	-0.00135914096609	-0.00028968861443
-11.2767855064	-66.6581413001	57.2209239281	-0.00671961437911	-0.00147287757136	-0.000498791981954
-11.3572279426	-66.5635622277	57.5587063298	-0.00682456232607	-0.00138574931771	-0.000365099462215
-11.0297874374	-66.6389304112	57.2895342458	-0.00661362754181	-0.00144963047933	-0.000426949816756
-6.97849285913	-67.7836847606	53.2011258549	-0.00410147383809	-0.00244113407098	-0.00173758587334
-7.47493924061	-67.7397745339	53.3579480934	-0.00435196934268	-0.00240959972143	-0.00171229010448
-7.17737767259	-67.8337847296	53.0221973943	-0.00417615426704	-0.00249089766294	-0.00182975223288
-7.39573738846	-67.8022060539	53.1349783789	-0.00429049739614	-0.00246583553962	-0.00180019880645
-7.21165909963	-67.7026672464	53.4904741202	-0.00424253568053	-0.00237066810951	-0.0016331912484
-7.03802345682	-67.7356489854	53.3726821950	-0.00414776569232	-0.00239800964482	-0.0016691837227
-10.0274712533	-67.1836233239	55.3442024147	-0.00580942630768	-0.0019413070986	-0.00112989521585
-9.57036972549	-67.1948337918	55.3041650294	-0.00558790937066	-0.00194235739764	-0.00109022005927
-9.78851399625	-67.2982026537	54.9349905225	-0.00563768809661	-0.00204391870648	-0.0012759930687
-10.0122810886	-67.2580922839	55.0782418430	-0.00576333282515	-0.00201102276333	-0.00124209187925
-9.53832390636	-67.2801464384	54.9994770056	-0.00552913499996	-0.0020216840785	-0.00121831696015
-9.77112276006	-67.1608587418	55.4255044934	-0.00570054212585	-0.00191457965411	-0.00106233684346
-7.36143687459	-68.7421742582	49.7779490779	-0.00395955517888	-0.00334642920643	-0.00316923181526
-7.52241595926	-68.6858536976	49.9790939371	-0.00404803687707	-0.00329726538621	-0.00310150627047
-7.72778011541	-68.8382137587	49.4349508618	-0.00409388635308	-0.00344871706329	-0.00333248777315
-7.45016961885	-68.8132371344	49.5241530914	-0.00397825054824	-0.00341674196534	-0.00327627896331
-7.78849523075	-68.7001018766	49.9282075837	-0.00416231900454	-0.00331834121607	-0.00314225023612
-7.87809650398	-68.7730252862	49.667766835	-0.00417993590236	-0.00339067447931	-0.00325232744217
-0.437467323794	-65.5239674844	61.2715446987	-0.00115300598554	-0.000719340750948	0.00289171258919
-0.0742108846956	-65.4452921417	61.5525280653	-0.000870554300491	-0.000670857727528	0.00311075593345
-0.288840684021	-65.5906992743	61.0332168777	-0.00102758326102	-0.000761877105106	0.00271678669378
0.133739247834	-65.4788088692	61.4328254670	-0.000700894859619	-0.000689215376042	0.00301855849102
-0.0387350918301	-65.5917601548	61.0294280187	-0.000832848949358	-0.000761742936447	0.00271581648849
-0.331248897524	-65.4524741530	61.5268780251	-0.0010782625759	-0.000674814160448	0.00308840186335
0.0742079885372	-65.5387157255	61.2188724091	-0.000746735779103	-0.000728148384951	0.00285603734665
2.29547099795	-66.5909978893	57.4607218239	0.000619748898316	-0.00132407911588	0.000573417928535
2.13299420146	-66.5283350227	57.6845177760	0.000536567764357	-0.00128228007816	0.000691797351465
2.53887202257	-66.5768490951	57.5112532320	0.000764266063925	-0.00130306917708	0.000596025085542
2.23791679135	-66.4524353221	57.9555881355	0.000614293501712	-0.0012197640026	0.000833696103655
2.61173115646	-66.5150545909	57.7319478898	0.000820870161988	-0.00125140463933	0.000709892017767
2.50405748172	-66.4731886627	57.8814690618	0.000767549907323	-0.00122359150555	0.000790539255831
1.96204362142	-67.6571859009	53.6529074967	0.00030237264582	-0.00220337114297	-0.00122434226796
1.40465750232	-67.6838507973	53.5576757241	1.89288712136e-05	-0.00223644124344	-0.00126330845524
1.80386349931	-67.5848414950	53.9112803750	0.00022722146241	-0.00214501726441	-0.00110929936636
1.54831833461	-67.7396916563	53.3582440846	8.89219954843e-05	-0.00228141993284	-0.00135081354529
1.82701139416	-67.7263592082	53.4058599709	0.000229557670536	-0.00226494041272	-0.00133144727442
1.53864392696	-67.6143094689	53.8060376111	9.01176972548e-05	-0.00217501097359	-0.00115449749865
-1.01889673902	-66.7617177419	56.8510080648	-0.00133290328085	-0.00152793433517	0.000252410536632
-1.26075981492	-66.6689676249	57.1822584826	-0.00149040122051	-0.00145839259494	0.000415345712099
-0.781784827647	-66.7166527444	57.0119544842	-0.00120143394452	-0.0014923036797	0.000337439123541
-0.738887621881	-66.6383778185	57.2915077912	-0.00118690822273	-0.0014335376909	0.000480412127217
-1.14949159807	-66.6168390580	57.3684319355	-0.00143456878141	-0.00141914736014	0.000513044535182
-1.19536824583	-66.7206073969	56.9978307252	-0.00144247722346	-0.00149737868924	0.000322965875966
-0.941807325153	-66.6149698478	57.3751076863	-0.0013112986926	-0.00141724408604	0.000520172645338
8.47560523983	-67.3792165136	54.6456553086	0.00358968391083	-0.00184435129631	-0.00108387880027
8.53448449481	-67.5188297171	54.1470367245	0.00356445717625	-0.00197349861264	-0.00130596582312
8.28738938290	-67.4857127310	54.2653116750	0.00345894531347	-0.00194459420163	-0.00123386201449
8.29534258143	-67.4228042082	54.4899849707	0.00348637672141	-0.00188628875185	-0.0011366000399
8.67036506245	-67.4096153282	54.5370881136	0.00367118092254	-0.00187111354899	-0.00114851770923
8.64691955292	-67.4642841052	54.3418424814	0.00363875576295	-0.0019221046241	-0.00123138423078
-3.00379118241	-67.1691094784	55.3960375770	-0.00233766599558	-0.00186078634579	-0.000510632409714
-3.37360066593	-67.1146427871	55.5905614747	-0.00254909857176	-0.0018160691252	-0.000434651272371
-3.08785304711	-67.2250334813	55.1963089952	-0.00236624805257	-0.00190806528553	-0.00060743582435
-3.28744840726	-67.2293475592	55.1809015742	-0.0024693836458	-0.00191256206017	-0.000623039086349
-3.14219252297	-67.1133964131	55.5950128104	-0.00242700357921	-0.00181456806604	-0.000422516284743
-3.43489716089	-67.1728582793	55.3826490024	-0.00256335176528	-0.00186532922089	-0.000535347731784
0.196055338031	-68.4454455525	50.8376944552	-0.000564076530281	-0.00292091397569	-0.00241745170206
0.26109099854	-68.5614443317	50.4234131012	-0.000529078533873	-0.003024042584	-0.00258566020057
0.0216692343644	-68.5955519580	50.3016001500	-0.000637838151306	-0.00305874133483	-0.00263770064339
-0.137810710396	-68.5302315151	50.5348874460	-0.000715018832125	-0.00300245336257	-0.00254500028677
-0.0244135855025	-68.4566208541	50.7977826638	-0.000666386040393	-0.00293450453319	-0.00243627559394
0.290797214134	-68.4980029982	50.6499892921	-0.000517851207405	-0.00296648591757	-0.00249318848364
7.13771301627	-67.4377227324	54.4367045273	0.00292244064622	-0.00191313482355	-0.00107094610576
7.30950813443	-67.3085399607	54.8980715688	0.00305159483105	-0.00179271190427	-0.000878327933606
6.90612995411	-67.2926203936	54.9549271659	0.00285956053995	-0.00178459275048	-0.000824158953037
7.37044784935	-67.3877818708	54.6150647473	0.00305282953195	-0.00186433480121	-0.00100872397888
6.78351809706	-67.3611292975	54.7102525091	0.00277572590858	-0.0018488324713	-0.000925532891415
6.89812977451	-67.4252363573	54.4812987240	0.00281015806831	-0.00190522987396	-0.00103491835762
7.11916693508	-67.2870875067	54.9746874762	0.00296615506522	-0.00177605717909	-0.000830188801046
6.43874138857	-69.4423079198	47.2774717151	0.00214817002416	-0.00376450526528	-0.00393692636862
6.25385993733	-69.3011202407	47.7817134262	0.00208800449036	-0.00363431009464	-0.0037337935064
6.21411480656	-69.4188169675	47.3613679730	0.00205628294498	-0.00374373863451	-0.00389362173155
6.63695815937	-69.3752438563	47.5169862273	0.00224068807438	-0.00370161235332	-0.00385531620122
6.46605695992	-69.3056511710	47.7655315323	0.00217779516242	-0.00363763608038	-0.00375069817528
6.14846371759	-69.3596412067	47.5727099759	0.00203567394055	-0.00368915265426	-0.00380923366174
-6.32737846134	-64.7014782893	64.2090061096	-0.00553003419191	0.000563663954381	0.00425431039184
-6.84855112730	-64.7271434198	64.1173449292	-0.0058315503411	0.000535005528945	0.00406412826851
-6.64727084735	-64.6139515839	64.5216014860	-0.00578851811588	0.000665506289806	0.00437468243763
-6.44270460572	-64.7570683275	64.0104702590	-0.00556346215308	0.000500063528307	0.00409675948322
-6.41491892313	-64.6316175182	64.4585088637	-0.00563143519685	0.000645259337034	0.00439448747784
-6.82870250585	-64.6503325496	64.3916694656	-0.00587483961135	0.000622851715889	0.00424389820546
-6.64670557311	-64.7603258756	63.9988361585	-0.00568541372195	0.000497152796015	0.00403901329264
2.20129190733	-69.9627764641	45.4186554852	0.000355802330887	-0.00430423021317	-0.00453635398299
2.09375115524	-69.8889163341	45.6824416638	0.000309055641992	-0.00423473957926	-0.00443577440456
1.58591249456	-69.9613008007	45.4239257120	9.97397655738e-05	-0.00431319791824	-0.00453367922455
1.75484443345	-69.9014218824	45.6377789913	0.000167966994923	-0.00425241421908	-0.00445225136355
1.86058432718	-70.0391121878	45.1460279007	0.000216779182665	-0.00438396818936	-0.00463898433372
2.06811435555	-70.0175570054	45.2230106949	0.000302092084894	-0.00435949675739	-0.00461012916639
1.68859606973	-70.0053321282	45.2666709709	0.000144165402162	-0.00435412954539	-0.00459326338023
-6.50859114333	-66.9964472437	56.0126884153	-0.00420669279993	-0.00171917281114	-0.000442002667114
-6.26609812419	-66.9881055577	56.0424801511	-0.00408929446712	-0.00171055633109	-0.000406760285841
-6.14754015541	-66.9184874848	56.2911161259	-0.00406251754612	-0.0016476220917	-0.000278282823274
-6.31313057427	-66.8577914567	56.5078876547	-0.00417573936284	-0.00159332039766	-0.000188579404494
-6.63317991072	-66.9429225217	56.2038481369	-0.00429476751015	-0.00167132308707	-0.000362956518074
-6.53330477454	-66.8675950301	56.4728748926	-0.00428197253495	-0.00160268624313	-0.000225434967433
0.272082502773	-70.0027924934	45.2757410950	-0.000445571262389	-0.00437741633505	-0.00459900172427
-0.375000673254	-70.0089557352	45.2537295172	-0.000715043512173	-0.00439611915499	-0.00461682770401
-0.213879754016	-70.0764647932	45.0126257386	-0.000642500002868	-0.00445898203179	-0.00470581231639
0.0932958096322	-70.0772613218	45.0097809935	-0.000514751009177	-0.00445367628708	-0.00470234500244
0.0455389849898	-69.9437619739	45.4865643790	-0.000544339767657	-0.00432425737381	-0.00452168378979
-0.242091777895	-69.9421651799	45.4922672148	-0.000664844934363	-0.00432830769569	-0.00452378764749
2.26618413577	-67.0464235973	55.8342014382	0.000526649178937	-0.00168764730915	-0.000231846846873
2.05412357088	-67.0250931773	55.9103815098	0.00041348816012	-0.0016761434963	-0.000193190775462
1.84785000679	-67.0663968647	55.7628683404	0.000295592879411	-0.00171493168455	-0.000261680252152
2.27138205725	-67.1090068950	55.6106896606	0.000520788948052	-0.00173859135248	-0.000337845442118
2.06547112880	-67.1521091115	55.4567531731	0.000404175778385	-0.00177915440872	-0.00040798986447
1.89532721520	-67.1214047778	55.5664115078	0.000315585610224	-0.00175832852256	-0.000354950228939
-0.44164758099	-66.1429238777	59.0609861510	-0.00106707552914	-0.00108810153324	0.00144500180613
-0.733718397185	-66.0183108298	59.5060327506	-0.00128348183353	-0.00100849533919	0.00170481402893
-0.715964137554	-66.1505239931	59.0338428817	-0.00124776898883	-0.00109283835627	0.00142620899715
-0.468500733098	-66.0148679911	59.5183286031	-0.00110236636829	-0.00100785586983	0.00171506393235
-0.86193827301	-66.0867961677	59.2614422583	-0.00135670648888	-0.00105051742867	0.00155728298705
-0.371640379597	-66.0786830428	59.2904177044	-0.00102805288043	-0.00104716944043	0.00157986243721
4.85989355159	-68.3051218238	51.3388506293	0.0016200277023	-0.00272696791217	-0.00226726592518
4.68708510541	-68.3621857686	51.1350508263	0.00153075577691	-0.00278067192994	-0.0023444595281
4.75194359343	-68.2537969391	51.5221537890	0.00157848000526	-0.00268186023459	-0.00218822900206
4.35471387104	-68.2861428064	51.4066328342	0.00138819345739	-0.00271602417342	-0.0022226490546
4.42774427766	-68.3503662819	51.1772632789	0.00141257094219	-0.00277307233773	-0.00231880880892
4.52925272321	-68.2575031885	51.5089171838	0.00147401483264	-0.00268798763864	-0.00218612980098
0.893995352786	-64.8091691321	63.8243959566	-3.29865833919e-05	8.48800118547e-05	0.00500609958544
0.475009013614	-64.9006360457	63.4977284083	-0.000405996543122	-8.96358178579e-05	0.00475272489712
0.765808888425	-64.7448051877	64.0542671868	-0.000145834841533	0.000176061817911	0.00520746130496
0.302566777661	-64.8590738102	63.6461649635	-0.000561397522688	-3.77026699425e-05	0.0048861252144
0.750529686927	-64.8719725550	63.6000980177	-0.000160458672326	-2.51188121183e-05	0.00482667936012
0.551875496211	-64.7505713302	64.0336738207	-0.000337344012223	0.000149799816427	0.00520402099937
0.357740292596	-64.7893538419	63.8951648503	-0.000512462516781	7.4628245784e-05	0.0050966241397
1.47426473893	-63.8813547418	67.1380187794	0.000496989232488	0.00165654800367	0.00734995957464
1.30965467377	-64.0298490986	66.6076817906	0.000336450902978	0.00142442912329	0.00702021503821
1.08798006663	-63.9761736055	66.7993799805	0.000142485805554	0.00150088255759	0.00717588234693
1.65995966954	-63.9494945232	66.8946624173	0.000652291579172	0.00156015856192	0.00715963495895
1.18629023970	-63.9035446703	67.0587690346	0.000236689025769	0.00161528447643	0.00733632873744
1.58375798448	-64.0119533812	66.6715950673	0.000578836828936	0.00146242172923	0.00702283484861
-4.43975510691	-65.8054372766	60.2662954409	-0.00373339280486	-0.000679393822793	0.00201104464941
-4.28014886984	-65.7351895850	60.5171800536	-0.00368038774468	-0.000622637046035	0.00218213256449
-4.87275947170	-65.7249244045	60.5538414126	-0.00403137505054	-0.000584248278756	0.00214533810504
-4.70574158222	-65.6589984082	60.7892913991	-0.0039742202498	-0.000528782140464	0.00231091678143
-4.42418520517	-65.6653359982	60.7666571491	-0.00380578869954	-0.000549419317394	0.00232640258037
-4.75470112465	-65.7888682806	60.3254704263	-0.00392536772415	-0.000649837544188	0.00201704027131
-9.58836238580	-66.3666938399	58.2618077147	-0.00609932094812	-0.00116228277329	0.000256202823948
-9.58514211215	-66.4281703652	58.0422486955	-0.00605521956459	-0.0012207373511	0.000152045511641
-9.37639939872	-66.4635446019	57.9159121361	-0.00592853641137	-0.00125089823268	0.000124063153635
-9.33111396412	-66.3447228855	58.3402754088	-0.00598714035004	-0.00113718200009	0.000334690848831
-9.02853540023	-66.3888793917	58.1825736011	-0.00580677296966	-0.00117492373101	0.000304637884255
-9.17450512081	-66.4386298480	58.0048933998	-0.00584569852799	-0.00122418825049	0.000196969864191
3.14622948820	-65.5586363971	61.1477271531	0.00147209130228	-0.000440251402324	0.00272608478554
2.57207930219	-65.5855340161	61.0516642281	0.00108791806269	-0.000532084668521	0.0026903168764
2.68423254057	-65.5334658114	61.2376221020	0.00118204578757	-0.00047413163702	0.00281404191628
3.00322294534	-65.6292130089	60.8956678254	0.00135215464979	-0.00051890918985	0.00256425212137
2.65734152900	-65.6381023775	60.8639200803	0.00112447584979	-0.000565432885196	0.00255875964649
2.91326981532	-65.5315250492	61.2445533959	0.0013330593938	-0.000443880475359	0.00280629843473
-3.26176266075	-68.4328020193	50.8828499309	-0.00217633065768	-0.00296779931523	-0.00248663895763
-2.83966398760	-68.3581822758	51.1493490150	-0.00199355976656	-0.00289295986295	-0.00236078072339
-2.69669151776	-68.4144751038	50.9483032007	-0.00191718002316	-0.00294130365364	-0.00243832892738
-3.11544026089	-68.3615936368	51.1371655828	-0.00212171999738	-0.00290074315853	-0.00237630098127
-3.04293323012	-68.4641892591	50.7707526461	-0.00206920458004	-0.00299241021276	-0.00252389209345
-2.81872863751	-68.4669255645	50.7609801269	-0.00196494464763	-0.00299091497436	-0.00251948204823
6.44499290082	-64.9335789620	63.3800751356	0.00372902001254	0.000510391255375	0.00374948419631
6.65839026083	-64.8909356114	63.5323728163	0.00387525791302	0.000567823240999	0.00380101799965
6.18331165762	-64.7861119752	63.9067429456	0.00364890391938	0.000668472261168	0.0041290759109
6.19236725860	-64.8952881529	63.5168280253	0.00360061135143	0.000542413268704	0.00388376135379
6.66691356895	-64.8196871145	63.7868317340	0.00391770759597	0.000649498892017	0.0039547374472
6.46188223330	-64.7669948921	63.9750182426	0.00382408103906	0.000702429329976	0.00411288999021
6.15745125393	-64.8454609258	63.6947824080	0.00360452197492	0.000598249665927	0.00400197133422
-3.49506562744	-69.7980326420	46.0070262785	-0.00205091037787	-0.00426000263542	-0.00441902782768
-3.27319757990	-69.8255736638	45.9086654864	-0.0019530338468	-0.00428141513839	-0.00444789230824
-3.21261841475	-69.9064116664	45.6199583341	-0.00191582192201	-0.00435907533392	-0.00455597741529
-3.41035449549	-69.9700190407	45.3927891404	-0.00198966846801	-0.00442655803636	-0.00465042935684
-3.73469381728	-69.8398175882	45.8577943277	-0.00214575487189	-0.0043069338426	-0.00448611052707
-3.67228394849	-69.9502147888	45.4635186113	-0.00210251146927	-0.00441376585513	-0.004634141922
-3.73610960361	-69.8992196411	45.6456441391	-0.00213714595884	-0.0043652523309	-0.00456729065627
3.07977778080	-64.1167197640	66.2974294144	0.00179970893078	0.00137236458249	0.00646021729335
3.21026793365	-63.9948679182	66.7326145777	0.00193508213852	0.00154927209951	0.00671911472455
3.47772578226	-64.0127104463	66.6688912632	0.00213785492815	0.00153395789675	0.00660654436797
3.02301460903	-64.0478173230	66.5435095609	0.00177211815026	0.00146782409865	0.00663991831243
3.37018450691	-64.1219370357	66.2787963011	0.00202179094777	0.00137838360388	0.00637417798862
3.54624968369	-64.0738391314	66.4505745308	0.00216990103945	0.00145247054752	0.00644296221435
-2.42765189549	-63.8732378592	67.1670076457	-0.00304507045075	0.00161778286565	0.00724414968863
-2.56151196667	-64.0245872489	66.6264741112	-0.0031287681777	0.00139897572808	0.00684862723574
-2.26666204762	-64.0158638893	66.6576289667	-0.00288053136319	0.00140968535561	0.00692794471979
-2.21871766233	-63.9458976492	66.9075083956	-0.00285042845644	0.00151285354514	0.00710733840242
-2.69300991336	-63.8991283729	67.0745415254	-0.00326699321158	0.00157977826893	0.00712769571692
-2.76377298808	-63.9707186496	66.8188619656	-0.00330972927622	0.00147774978541	0.00693813804537
6.22853231619	-65.2828072508	62.1328312471	0.00342587335035	0.000112409827125	0.00301906769164
6.47128878720	-65.2450720344	62.2675998771	0.0035824473016	0.000165896970429	0.00306274415925
6.70767810115	-65.3485856426	61.8979084191	0.00365983555093	6.63154423819e-05	0.00280305906199
6.22297929365	-65.3560166676	61.8713690441	0.00338499736972	3.37611563737e-05	0.00286034331657
6.49040487339	-65.3845012332	61.7696384528	0.00351978139952	1.77219171746e-05	0.00275937793776
6.69183038350	-65.2772267722	62.1527615277	0.00368924066424	0.0001418296888	0.002957821358
2.0831911832	-69.0870436992	48.5462725027	0.000297580612823	-0.00347689166665	-0.00332983210683
2.54472572467	-69.1770843255	48.2246988374	0.000498083187267	-0.00355421472341	-0.00345886871219
2.46508054334	-69.0655935401	48.6228802139	0.000465879013063	-0.00345168169588	-0.00330221862532
2.06551839629	-69.1586192231	48.2906456318	0.000289164949208	-0.00354367261752	-0.00342996441759
2.30289426764	-69.1980531354	48.1498102306	0.00039234617725	-0.003577074036	-0.00348630081862
2.55628801466	-69.1181318662	48.4352433351	0.000504544819705	-0.00349921034649	-0.00337660266086
2.26815423675	-69.0624282214	48.6341849235	0.000379312841687	-0.00345145794563	-0.0032963315025
6.08655142688	-66.8519390716	56.5287890300	0.00260865618475	-0.0014044806594	-3.81935788027e-05
5.92708104034	-66.9372506402	56.2241048564	0.00249505252577	-0.00148543273099	-0.000174074011738
6.07133559185	-67.0059064341	55.9789055926	0.00254398863763	-0.00154314970132	-0.000298952742014
6.35563964714	-67.0021169627	55.9924394188	0.00268965796568	-0.00153273146134	-0.000310683739372
6.35815557483	-66.8715439218	56.4587717077	0.00274038105272	-0.00141470390372	-8.98168145795e-05
6.50013756326	-66.9431856892	56.2029082528	0.00278505845927	-0.00147594546434	-0.000221229100134
-2.45965347448	-64.9764401461	63.2269994781	-0.00287463632412	-6.86207931722e-06	0.00432867603377
-2.88052968911	-64.8376441193	63.7226995738	-0.00321880332194	0.000224090981646	0.00465349806473
-2.72547679207	-64.9616013798	63.2799950723	-0.0030703318771	4.45305158792e-05	0.00433207303286
-2.37720788768	-64.9069853106	63.4750524621	-0.00283392868005	7.31152031221e-05	0.00453969137743
-2.90804458368	-64.9048712038	63.4826028434	-0.00321752484888	0.000138171759318	0.00446201162413
-2.47850205568	-64.8545894197	63.6621806439	-0.00292266090401	0.000156304668053	0.00467362580821
-2.66952972712	-64.8199931521	63.7857387426	-0.00307182548568	0.000225466486881	0.00473945587873
1.87309981585	-68.3516840883	51.1725568276	0.000220735630137	-0.00281056924723	-0.0022754885722
1.62493381374	-68.4830454346	50.7034091623	0.000101188401459	-0.00293193245307	-0.00246652401984
1.63102699428	-68.3657740535	51.1222355233	0.000106732957647	-0.0028269069735	-0.00229522306472
1.88343441142	-68.4753960465	50.7307284053	0.000221254580538	-0.00292110745795	-0.00245631858706
2.01846663869	-68.4062227393	50.9777759312	0.000286606838927	-0.00285703409463	-0.0023561983835
1.52934233358	-68.4308821365	50.8897066554	5.77633581997e-05	-0.00288665201515	-0.00239030597731
1.00625112422	-68.0227668467	52.3472612619	-0.000186197677976	-0.00253477995284	-0.00178432057146
0.728147143984	-68.0361501046	52.2994639123	-0.000321543513564	-0.00255099684	-0.00180551665835
1.16552283194	-68.0809141164	52.1395924413	-0.000109423745016	-0.00258286576718	-0.00187175651081
0.650602369898	-68.1391658513	51.9315505312	-0.000357741431799	-0.00264225597493	-0.00196084799245
0.837947813103	-68.1695125552	51.8231694456	-0.000267406314379	-0.00266586360522	-0.00200530514121
1.08206331576	-68.1527788813	51.8829325669	-0.000150293344632	-0.00264719733968	-0.001979599474
0.625549243666	-68.0862003394	52.1207130737	-0.000370678753825	-0.0025963075459	-0.0018815115327
3.45135083618	-67.5104893669	54.1768236896	0.00107503333129	-0.00204759300686	-0.00101594999433
3.16815153081	-67.6486158558	53.6835148007	0.000910433940589	-0.00217241840437	-0.00122774241026
3.17308579778	-67.5224234617	54.1342019223	0.000931928341743	-0.00206381268799	-0.00102871889248
3.04706918999	-67.5950899983	53.8746785776	0.000857291335706	-0.00212877616286	-0.00114124326501
3.56657325736	-67.5695141901	53.9660207498	0.00112295534927	-0.00209603295662	-0.00111234351061
3.41148171591	-67.6299696178	53.7501085080	0.00103508401662	-0.00215145852417	-0.00120378425345
-3.47517702691	-66.4843786829	57.8415047041	-0.0028328364715	-0.00129303103313	0.00068575743353
-3.27807393488	-66.3412779652	58.3525786957	-0.00278019462712	-0.00118069676682	0.000971175380982
-3.26073076547	-66.4433748536	57.9879469513	-0.0027272014413	-0.00126359576825	0.00077410438098
-3.50732187645	-66.3749070223	58.2324749204	-0.0028982067015	-0.00120267120656	0.000894300581422
-3.62351293529	-66.4362977422	58.0132223493	-0.00293769012205	-0.00125072570518	0.000769870413933
-3.15054959994	-66.3857317234	58.1938152737	-0.00268716271967	-0.00121942826081	0.000890247290954
-1.97323710784	-65.6549579684	60.8037215413	-0.00225633545779	-0.00071723916335	0.00251823989674
-1.72425160583	-65.5073703167	61.3308202976	-0.00214004307054	-0.000629079586361	0.0029035769403
-1.68942418413	-65.6414755693	60.8518729666	-0.00206272536889	-0.000729138788301	0.00256097107194
-1.56973428121	-65.5668631854	61.1183457664	-0.00200484530069	-0.000685898121446	0.00275386334397
-2.13604939607	-65.5930730765	61.0247390126	-0.00239573116414	-0.000657225842588	0.00266581191681
-2.00455164470	-65.5235949109	61.2728753182	-0.00233434746042	-0.000615074881352	0.00284906593151
-0.731000486718	-67.3522589290	54.7419323965	-0.00109700264875	-0.0019941451028	-0.000749606871977
-0.94842022243	-67.4879765421	54.2572266353	-0.0011960354168	-0.00210929661989	-0.000973173358943
-0.727469460245	-67.4734640800	54.3090568572	-0.00108272547368	-0.00209433003329	-0.000945826934185
-0.983196882911	-67.3564015199	54.7271374289	-0.0012299263617	-0.00200063851662	-0.000760979135521
-1.09043383098	-67.4292087567	54.4671115833	-0.00127714907285	-0.00206213095225	-0.000881363695953
-0.639838486715	-67.4056336792	54.5513082886	-0.00104355323128	-0.00203692330979	-0.00083489267854
-2.05945670964	-69.9530174179	45.4535092219	-0.00142539199442	-0.00437738979235	-0.00458021555096
-1.95765109623	-70.0214678311	45.2090434605	-0.00137480092235	-0.00444223778322	-0.00467040762305
-1.51945137801	-69.9647323648	45.4116701258	-0.00119774066843	-0.00437683193013	-0.00458118505776
-1.85971411516	-69.8963646786	45.6558404334	-0.00134807487484	-0.00431750016287	-0.00449716346338
-1.61843559742	-69.9021209094	45.6352824664	-0.00124599575065	-0.00431780843064	-0.00449841981754
-1.68179689438	-70.0104711054	45.2483174807	-0.00126074429136	-0.00442523276433	-0.00464771920815
5.31940244988	-69.8056616476	45.9797798300	0.00164925155696	-0.0041108764708	-0.0043827178888
4.80390748377	-69.7026561859	46.3476564789	0.00144111248665	-0.00401966413483	-0.00422595068812
4.68251161840	-69.7643603323	46.1272845276	0.0013877999736	-0.00407906528562	-0.00430618599057
5.08867026549	-69.8637974128	45.7721520973	0.0015512771206	-0.00416807504371	-0.00445331586525
5.06352438313	-69.6819965807	46.4214407831	0.00155036849901	-0.00399753963575	-0.00420611863956
5.31072592727	-69.7271558942	46.2601575208	0.00165034027305	-0.00403735833243	-0.00427606841549
4.79188874981	-69.8384213495	45.8627808946	0.00143007212318	-0.00414759898558	-0.00440971879289
-0.730635352575	-69.1016321323	48.4941709559	-0.000942108221352	-0.00353628932498	-0.00337085174397
-0.310794311329	-69.2080500608	48.1141069258	-0.000749285623897	-0.00362818664871	-0.00351284444332
-0.583672622578	-69.2321059911	48.0281928891	-0.000866880407557	-0.0036556830164	-0.00355105404742
-0.474379577826	-69.0766239341	48.5834859497	-0.000830859993584	-0.00350839761086	-0.00333107588813
-0.797637572596	-69.1867296357	48.1902513012	-0.000964368344285	-0.00361705361865	-0.00349157466553
-0.270448877764	-69.1276300841	48.4013211281	-0.000737192167435	-0.00355229573324	-0.00339951692149
-5.20955427948	-64.1774773048	66.0804381971	-0.0051139080897	0.00119906896725	0.00580167211592
-5.17695762348	-64.3373417011	65.5094939245	-0.00500223832205	0.000997574534267	0.0054242531769
-5.41847807870	-64.2321459689	65.8851929681	-0.00522925378755	0.00112926354632	0.00561107974499
-5.42211770724	-64.3106786507	65.6047191046	-0.00518566463143	0.00103140459396	0.00542148202658
-5.03096970266	-64.2394000784	65.8592854342	-0.00495299650356	0.00112119258847	0.00570212863386
-5.05715425001	-64.2914412365	65.6734241552	-0.0049437712878	0.00105510954745	0.0055684694089
9.58366815283	-67.7753083082	53.2310417564	0.00396212935448	-0.00221008062363	-0.00178951467387
9.86176556862	-67.7287875828	53.3971872043	0.00410943059251	-0.00216686027125	-0.0017467684811
9.88758972686	-67.6455971409	53.6942959253	0.00415411731228	-0.00208866526373	-0.00162455660757
9.35098780431	-67.7446396613	53.3405726384	0.00386506645009	-0.00218123476952	-0.00172194500919
9.59755695918	-67.6519558899	53.6715861074	0.00401570508257	-0.00209437776357	-0.00160575320479
9.35367730064	-67.6812841490	53.5668423250	0.00389010738581	-0.0021219428163	-0.00162691960577
7.17047939841	-68.8297729779	49.4650965076	0.00256456248462	-0.00319350580685	-0.00312915304676
6.74087046674	-68.8933997796	49.2378579300	0.00236343895085	-0.00325368484482	-0.00319330208004
7.30456157664	-68.9069503179	49.1894631502	0.00260774581693	-0.00326514733024	-0.0032454689499
6.86979028813	-68.8441696612	49.4136797815	0.00242938473821	-0.00320756714791	-0.00313159800135
6.87393095315	-68.9580721583	49.0068851489	0.00240977643989	-0.00331342057325	-0.00329119595699
7.13235452354	-68.9652375164	48.9812945843	0.00252113398165	-0.00331959547475	-0.00331632560119
0.620610606638	-66.6532808417	57.2382827081	-0.000375836330932	-0.00142463517841	0.000465989112854
1.03299093539	-66.5707346959	57.5330903717	-0.000125686477986	-0.0013530155411	0.000618536956608
0.443322205594	-66.5869182757	57.4752918726	-0.000481337541714	-0.00137970421929	0.000586957903579
0.918051724675	-66.6470722958	57.2604560865	-0.0001989830198	-0.00141276419163	0.000478056026623
0.592163995116	-66.5212017191	57.7099938603	-0.000390385655919	-0.00132873258553	0.000709909945726
0.878915420255	-66.5112799345	57.7454288055	-0.000215117557673	-0.00131403515115	0.000729313585907
7.40865247408	-67.7832521036	53.2026710584	0.00293971807696	-0.00222601694986	-0.00162352016196
7.34330707736	-67.8522872103	52.9561171060	0.00288780615665	-0.00228987680748	-0.00172339903656
7.86590233239	-67.8697038293	52.8939148953	0.00312774372287	-0.00230220938101	-0.00178651232272
7.61670742386	-67.8911378543	52.8173648061	0.00300440564752	-0.00232353247702	-0.00180068367627
7.87945676799	-67.8087286651	53.1116833389	0.00315354252234	-0.00224588415585	-0.00169581617229
7.65526407028	-67.7669778241	53.2607934855	0.00306134787388	-0.00220903987065	-0.00161625817418
5.77015681198	-65.5126753303	61.3118738203	0.00305064558052	-0.000157209840836	0.00258146459237
5.60706330066	-65.5734959788	61.0946572184	0.00292838923633	-0.000229875789955	0.00246902834624
5.12802078584	-65.4974388355	61.3662898732	0.00269280164503	-0.000186544260941	0.0026921806857
5.31050811850	-65.5699816942	61.1072082351	0.00276211719029	-0.000246619485551	0.00251043774188
5.44900804335	-65.4046836457	61.6975584083	0.00292186345905	-6.6549910116e-05	0.00286085507832
5.71162637122	-65.4402010936	61.5707103798	0.00305386190303	-8.58533458086e-05	0.00274754338898
5.28406952776	-65.4423771750	61.5629386608	0.00280903372914	-0.000117977397167	0.00279724644497
-3.66428897947	-69.1253537800	48.4094507855	-0.00223256507888	-0.0036176785361	-0.00349457305856
-3.43914753511	-69.2723599025	47.8844289197	-0.00210927193984	-0.00375195080414	-0.00369089306332
-3.38513457684	-69.1043331502	48.4845244637	-0.00211323355325	-0.00359167833813	-0.00345346005633
-3.19216469951	-69.1608379284	48.2827216843	-0.00201915227808	-0.00364077324048	-0.00352514139377
-3.61575477271	-69.2345531335	48.0194530948	-0.00219260342419	-0.00372003600933	-0.0036454226356
-3.21901478354	-69.2405760923	47.9979425274	-0.00201829639263	-0.00371682574041	-0.00363777391613
-3.75024418871	-69.1862273966	48.1920450122	-0.00225971685722	-0.0036772377789	-0.00358358491212
-5.57418827597	-68.5689887783	50.3964686489	-0.00320513802581	-0.00313879549503	-0.00280119036324
-5.72698062679	-68.4391948797	50.8600182867	-0.003309200285	-0.00302142743021	-0.00262270634994
-5.31146961596	-68.5489506056	50.4680335512	-0.00309103587642	-0.00311441347003	-0.00275670923293
-5.83335070595	-68.5285058270	50.5410506180	-0.0033333695028	-0.00310682924464	-0.00275874114595
-5.40526648475	-68.4257698318	50.9079648866	-0.0031656792853	-0.0030022340361	-0.00258354726247
-5.21440945693	-68.4773106368	50.7238905827	-0.00306498561986	-0.00304594775662	-0.00264731817879
-8.97388995970	-64.9741283228	63.2352559900	-0.00687805190682	0.000237600732362	0.00299454038031
-8.42131853818	-64.9865996685	63.1907154695	-0.00655339518562	0.000235186031205	0.00310703134164
-8.70372704198	-64.9301209636	63.3924251300	-0.0067622512579	0.000290197320282	0.00315333902836
